solid table
   facet normal 0.000000e+00 1.000000e+00 0.000000e+00
      outer loop
         vertex -3.999297e+02 -7.500000e+00 -1.200000e+01
         vertex -3.999297e+02 -7.500000e+00 -8.344651e-07
         vertex -8.558109e+01 -7.500000e+00 -1.200000e+01
      endloop
   endfacet
   facet normal 0.000000e+00 1.000000e+00 -0.000000e+00
      outer loop
         vertex -8.558109e+01 -7.500000e+00 -1.200000e+01
         vertex -3.999297e+02 -7.500000e+00 -8.344651e-07
         vertex -8.558109e+01 -7.500000e+00 -8.344651e-07
      endloop
   endfacet
   facet normal -0.000000e+00 0.000000e+00 -1.000000e+00
      outer loop
         vertex 3.999297e+02 -7.500000e+00 -1.200000e+01
         vertex 3.998047e+02 -1.250000e+01 -1.200000e+01
         vertex 8.558109e+01 -7.500000e+00 -1.200000e+01
      endloop
   endfacet
   facet normal 0.000000e+00 -0.000000e+00 -1.000000e+00
      outer loop
         vertex 8.558109e+01 -7.500000e+00 -1.200000e+01
         vertex 3.998047e+02 -1.250000e+01 -1.200000e+01
         vertex 8.499484e+01 -1.250000e+01 -1.200000e+01
      endloop
   endfacet
   facet normal 0.000000e+00 1.000000e+00 0.000000e+00
      outer loop
         vertex -3.998047e+02 -1.250000e+01 -2.000000e+01
         vertex -3.998047e+02 -1.250000e+01 -1.200000e+01
         vertex -8.499484e+01 -1.250000e+01 -2.000000e+01
      endloop
   endfacet
   facet normal 0.000000e+00 1.000000e+00 -0.000000e+00
      outer loop
         vertex -8.499484e+01 -1.250000e+01 -2.000000e+01
         vertex -3.998047e+02 -1.250000e+01 -1.200000e+01
         vertex -8.499484e+01 -1.250000e+01 -1.200000e+01
      endloop
   endfacet
   facet normal 0.000000e+00 0.000000e+00 1.000000e+00
      outer loop
         vertex 8.499484e+01 -1.250000e+01 -2.000000e+01
         vertex 3.998047e+02 -1.250000e+01 -2.000000e+01
         vertex 8.590909e+01 -1.744948e-14 -2.000000e+01
      endloop
   endfacet
   facet normal -0.000000e+00 0.000000e+00 1.000000e+00
      outer loop
         vertex 8.590909e+01 -1.744948e-14 -2.000000e+01
         vertex 3.998047e+02 -1.250000e+01 -2.000000e+01
         vertex 4.000000e+02 -1.836970e-15 -2.000000e+01
      endloop
   endfacet
   facet normal 0.000000e+00 -0.000000e+00 1.000000e+00
      outer loop
         vertex 8.590909e+01 -1.744948e-14 -2.000000e+01
         vertex 4.000000e+02 -1.836970e-15 -2.000000e+01
         vertex 8.499484e+01 1.250000e+01 -2.000000e+01
      endloop
   endfacet
   facet normal -0.000000e+00 0.000000e+00 1.000000e+00
      outer loop
         vertex 8.499484e+01 1.250000e+01 -2.000000e+01
         vertex 4.000000e+02 -1.836970e-15 -2.000000e+01
         vertex 3.998047e+02 1.250000e+01 -2.000000e+01
      endloop
   endfacet
   facet normal 0.000000e+00 -1.000000e+00 0.000000e+00
      outer loop
         vertex 3.998047e+02 1.250000e+01 -2.000000e+01
         vertex 3.998047e+02 1.250000e+01 -1.200000e+01
         vertex 8.499484e+01 1.250000e+01 -2.000000e+01
      endloop
   endfacet
   facet normal 0.000000e+00 -1.000000e+00 0.000000e+00
      outer loop
         vertex 8.499484e+01 1.250000e+01 -2.000000e+01
         vertex 3.998047e+02 1.250000e+01 -1.200000e+01
         vertex 8.499484e+01 1.250000e+01 -1.200000e+01
      endloop
   endfacet
   facet normal 0.000000e+00 0.000000e+00 -1.000000e+00
      outer loop
         vertex -3.999297e+02 7.500000e+00 -1.200000e+01
         vertex -3.998047e+02 1.250000e+01 -1.200000e+01
         vertex -8.558109e+01 7.500000e+00 -1.200000e+01
      endloop
   endfacet
   facet normal 0.000000e+00 0.000000e+00 -1.000000e+00
      outer loop
         vertex -8.558109e+01 7.500000e+00 -1.200000e+01
         vertex -3.998047e+02 1.250000e+01 -1.200000e+01
         vertex -8.499484e+01 1.250000e+01 -1.200000e+01
      endloop
   endfacet
   facet normal 0.000000e+00 -1.000000e+00 0.000000e+00
      outer loop
         vertex 3.999297e+02 7.500000e+00 -1.200000e+01
         vertex 3.999297e+02 7.500000e+00 -8.344651e-07
         vertex 8.558109e+01 7.500000e+00 -1.200000e+01
      endloop
   endfacet
   facet normal 0.000000e+00 -1.000000e+00 0.000000e+00
      outer loop
         vertex 8.558109e+01 7.500000e+00 -1.200000e+01
         vertex 3.999297e+02 7.500000e+00 -8.344651e-07
         vertex 8.558109e+01 7.500000e+00 -8.344651e-07
      endloop
   endfacet
   facet normal 0.000000e+00 1.000000e+00 0.000000e+00
      outer loop
         vertex -3.968916e+02 4.977000e+01 -1.200000e+01
         vertex -3.968916e+02 4.977000e+01 -8.344651e-07
         vertex -7.002370e+01 4.977000e+01 -1.200000e+01
      endloop
   endfacet
   facet normal 0.000000e+00 1.000000e+00 -0.000000e+00
      outer loop
         vertex -7.002370e+01 4.977000e+01 -1.200000e+01
         vertex -3.968916e+02 4.977000e+01 -8.344651e-07
         vertex -7.002370e+01 4.977000e+01 -8.344651e-07
      endloop
   endfacet
   facet normal -0.000000e+00 -0.000000e+00 -1.000000e+00
      outer loop
         vertex 3.968916e+02 4.977000e+01 -1.200000e+01
         vertex 3.974867e+02 4.477000e+01 -1.200000e+01
         vertex 7.002370e+01 4.977000e+01 -1.200000e+01
      endloop
   endfacet
   facet normal 0.000000e+00 0.000000e+00 -1.000000e+00
      outer loop
         vertex 7.002370e+01 4.977000e+01 -1.200000e+01
         vertex 3.974867e+02 4.477000e+01 -1.200000e+01
         vertex 7.332134e+01 4.477000e+01 -1.200000e+01
      endloop
   endfacet
   facet normal 0.000000e+00 1.000000e+00 0.000000e+00
      outer loop
         vertex -3.974867e+02 4.477000e+01 -2.000000e+01
         vertex -3.974867e+02 4.477000e+01 -1.200000e+01
         vertex -7.332134e+01 4.477000e+01 -2.000000e+01
      endloop
   endfacet
   facet normal 0.000000e+00 1.000000e+00 -0.000000e+00
      outer loop
         vertex -7.332134e+01 4.477000e+01 -2.000000e+01
         vertex -3.974867e+02 4.477000e+01 -1.200000e+01
         vertex -7.332134e+01 4.477000e+01 -1.200000e+01
      endloop
   endfacet
   facet normal -0.000000e+00 0.000000e+00 1.000000e+00
      outer loop
         vertex 5.012503e+01 6.977000e+01 -2.000000e+01
         vertex 5.894754e+01 6.249447e+01 -2.000000e+01
         vertex 3.938682e+02 6.977000e+01 -2.000000e+01
      endloop
   endfacet
   facet normal 0.000000e+00 0.000000e+00 1.000000e+00
      outer loop
         vertex 3.938682e+02 6.977000e+01 -2.000000e+01
         vertex 5.894754e+01 6.249447e+01 -2.000000e+01
         vertex 6.672558e+01 5.411163e+01 -2.000000e+01
      endloop
   endfacet
   facet normal 0.000000e+00 0.000000e+00 1.000000e+00
      outer loop
         vertex 3.938682e+02 6.977000e+01 -2.000000e+01
         vertex 6.672558e+01 5.411163e+01 -2.000000e+01
         vertex 3.954410e+02 6.021964e+01 -2.000000e+01
      endloop
   endfacet
   facet normal 0.000000e+00 0.000000e+00 1.000000e+00
      outer loop
         vertex 3.954410e+02 6.021964e+01 -2.000000e+01
         vertex 6.672558e+01 5.411163e+01 -2.000000e+01
         vertex 7.332134e+01 4.477000e+01 -2.000000e+01
      endloop
   endfacet
   facet normal 0.000000e+00 0.000000e+00 1.000000e+00
      outer loop
         vertex 3.954410e+02 6.021964e+01 -2.000000e+01
         vertex 7.332134e+01 4.477000e+01 -2.000000e+01
         vertex 3.974867e+02 4.477000e+01 -2.000000e+01
      endloop
   endfacet
   facet normal 0.000000e+00 -1.000000e+00 0.000000e+00
      outer loop
         vertex 3.938682e+02 6.977000e+01 -2.000000e+01
         vertex 3.938682e+02 6.977000e+01 -1.200000e+01
         vertex 5.012503e+01 6.977000e+01 -2.000000e+01
      endloop
   endfacet
   facet normal 0.000000e+00 -1.000000e+00 0.000000e+00
      outer loop
         vertex 5.012503e+01 6.977000e+01 -2.000000e+01
         vertex 3.938682e+02 6.977000e+01 -1.200000e+01
         vertex 5.012503e+01 6.977000e+01 -1.200000e+01
      endloop
   endfacet
   facet normal 0.000000e+00 0.000000e+00 -1.000000e+00
      outer loop
         vertex -3.947212e+02 6.477000e+01 -1.200000e+01
         vertex -3.938682e+02 6.977000e+01 -1.200000e+01
         vertex -5.643775e+01 6.477000e+01 -1.200000e+01
      endloop
   endfacet
   facet normal 0.000000e+00 0.000000e+00 -1.000000e+00
      outer loop
         vertex -5.643775e+01 6.477000e+01 -1.200000e+01
         vertex -3.938682e+02 6.977000e+01 -1.200000e+01
         vertex -5.012503e+01 6.977000e+01 -1.200000e+01
      endloop
   endfacet
   facet normal 0.000000e+00 -1.000000e+00 0.000000e+00
      outer loop
         vertex 3.947212e+02 6.477000e+01 -1.200000e+01
         vertex 3.947212e+02 6.477000e+01 -8.344651e-07
         vertex 5.643775e+01 6.477000e+01 -1.200000e+01
      endloop
   endfacet
   facet normal 0.000000e+00 -1.000000e+00 0.000000e+00
      outer loop
         vertex 5.643775e+01 6.477000e+01 -1.200000e+01
         vertex 3.947212e+02 6.477000e+01 -8.344651e-07
         vertex 5.643775e+01 6.477000e+01 -8.344651e-07
      endloop
   endfacet
   facet normal 0.000000e+00 1.000000e+00 0.000000e+00
      outer loop
         vertex -3.947212e+02 -6.477000e+01 -1.200000e+01
         vertex -3.947212e+02 -6.477000e+01 -8.344651e-07
         vertex -5.643775e+01 -6.477000e+01 -1.200000e+01
      endloop
   endfacet
   facet normal 0.000000e+00 1.000000e+00 -0.000000e+00
      outer loop
         vertex -5.643775e+01 -6.477000e+01 -1.200000e+01
         vertex -3.947212e+02 -6.477000e+01 -8.344651e-07
         vertex -5.643775e+01 -6.477000e+01 -8.344651e-07
      endloop
   endfacet
   facet normal -0.000000e+00 0.000000e+00 -1.000000e+00
      outer loop
         vertex 3.947212e+02 -6.477000e+01 -1.200000e+01
         vertex 3.938682e+02 -6.977000e+01 -1.200000e+01
         vertex 5.643775e+01 -6.477000e+01 -1.200000e+01
      endloop
   endfacet
   facet normal 0.000000e+00 -0.000000e+00 -1.000000e+00
      outer loop
         vertex 5.643775e+01 -6.477000e+01 -1.200000e+01
         vertex 3.938682e+02 -6.977000e+01 -1.200000e+01
         vertex 5.012503e+01 -6.977000e+01 -1.200000e+01
      endloop
   endfacet
   facet normal 0.000000e+00 1.000000e+00 0.000000e+00
      outer loop
         vertex -3.938682e+02 -6.977000e+01 -2.000000e+01
         vertex -3.938682e+02 -6.977000e+01 -1.200000e+01
         vertex -5.012503e+01 -6.977000e+01 -2.000000e+01
      endloop
   endfacet
   facet normal 0.000000e+00 1.000000e+00 -0.000000e+00
      outer loop
         vertex -5.012503e+01 -6.977000e+01 -2.000000e+01
         vertex -3.938682e+02 -6.977000e+01 -1.200000e+01
         vertex -5.012503e+01 -6.977000e+01 -1.200000e+01
      endloop
   endfacet
   facet normal 0.000000e+00 0.000000e+00 1.000000e+00
      outer loop
         vertex 5.894754e+01 -6.249447e+01 -2.000000e+01
         vertex 5.012503e+01 -6.977000e+01 -2.000000e+01
         vertex 3.938682e+02 -6.977000e+01 -2.000000e+01
      endloop
   endfacet
   facet normal -0.000000e+00 0.000000e+00 1.000000e+00
      outer loop
         vertex 5.894754e+01 -6.249447e+01 -2.000000e+01
         vertex 3.938682e+02 -6.977000e+01 -2.000000e+01
         vertex 6.672558e+01 -5.411163e+01 -2.000000e+01
      endloop
   endfacet
   facet normal -0.000000e+00 0.000000e+00 1.000000e+00
      outer loop
         vertex 6.672558e+01 -5.411163e+01 -2.000000e+01
         vertex 3.938682e+02 -6.977000e+01 -2.000000e+01
         vertex 7.332134e+01 -4.477000e+01 -2.000000e+01
      endloop
   endfacet
   facet normal 0.000000e+00 0.000000e+00 1.000000e+00
      outer loop
         vertex 7.332134e+01 -4.477000e+01 -2.000000e+01
         vertex 3.938682e+02 -6.977000e+01 -2.000000e+01
         vertex 3.954410e+02 -6.021964e+01 -2.000000e+01
      endloop
   endfacet
   facet normal -0.000000e+00 0.000000e+00 1.000000e+00
      outer loop
         vertex 7.332134e+01 -4.477000e+01 -2.000000e+01
         vertex 3.954410e+02 -6.021964e+01 -2.000000e+01
         vertex 3.974867e+02 -4.477000e+01 -2.000000e+01
      endloop
   endfacet
   facet normal 0.000000e+00 -1.000000e+00 0.000000e+00
      outer loop
         vertex 3.974867e+02 -4.477000e+01 -2.000000e+01
         vertex 3.974867e+02 -4.477000e+01 -1.200000e+01
         vertex 7.332134e+01 -4.477000e+01 -2.000000e+01
      endloop
   endfacet
   facet normal 0.000000e+00 -1.000000e+00 0.000000e+00
      outer loop
         vertex 7.332134e+01 -4.477000e+01 -2.000000e+01
         vertex 3.974867e+02 -4.477000e+01 -1.200000e+01
         vertex 7.332134e+01 -4.477000e+01 -1.200000e+01
      endloop
   endfacet
   facet normal -0.000000e+00 0.000000e+00 -1.000000e+00
      outer loop
         vertex 3.974867e+02 -4.477000e+01 -1.200000e+01
         vertex 3.968916e+02 -4.977000e+01 -1.200000e+01
         vertex 7.332134e+01 -4.477000e+01 -1.200000e+01
      endloop
   endfacet
   facet normal 0.000000e+00 -0.000000e+00 -1.000000e+00
      outer loop
         vertex 7.332134e+01 -4.477000e+01 -1.200000e+01
         vertex 3.968916e+02 -4.977000e+01 -1.200000e+01
         vertex 7.002370e+01 -4.977000e+01 -1.200000e+01
      endloop
   endfacet
   facet normal 0.000000e+00 -1.000000e+00 0.000000e+00
      outer loop
         vertex 3.968916e+02 -4.977000e+01 -1.200000e+01
         vertex 3.968916e+02 -4.977000e+01 -8.344651e-07
         vertex 7.002370e+01 -4.977000e+01 -1.200000e+01
      endloop
   endfacet
   facet normal 0.000000e+00 -1.000000e+00 0.000000e+00
      outer loop
         vertex 7.002370e+01 -4.977000e+01 -1.200000e+01
         vertex 3.968916e+02 -4.977000e+01 -8.344651e-07
         vertex 7.002370e+01 -4.977000e+01 -8.344651e-07
      endloop
   endfacet
   facet normal -7.014270e-01 -7.127413e-01 0.000000e+00
      outer loop
         vertex -2.696018e+02 -2.954910e+02 -3.200001e+01
         vertex -2.696018e+02 -2.954910e+02 -2.000000e+01
         vertex -2.911391e+02 -2.742955e+02 -2.000000e+01
      endloop
   endfacet
   facet normal -7.014270e-01 7.127413e-01 0.000000e+00
      outer loop
         vertex -2.911391e+02 2.742955e+02 -3.200001e+01
         vertex -2.911391e+02 2.742955e+02 -2.000000e+01
         vertex -2.696018e+02 2.954910e+02 -2.000000e+01
      endloop
   endfacet
   facet normal -6.762478e-01 7.366742e-01 0.000000e+00
      outer loop
         vertex -2.713893e+02 2.938500e+02 -8.344651e-07
         vertex -2.696018e+02 2.954910e+02 -8.344651e-07
         vertex -2.713893e+02 2.938500e+02 -1.200000e+01
      endloop
   endfacet
   facet normal -6.762478e-01 7.366742e-01 0.000000e+00
      outer loop
         vertex -2.713893e+02 2.938500e+02 -1.200000e+01
         vertex -2.696018e+02 2.954910e+02 -8.344651e-07
         vertex -2.696018e+02 2.954910e+02 -1.200000e+01
      endloop
   endfacet
   facet normal -6.693557e-01 7.429421e-01 0.000000e+00
      outer loop
         vertex -2.696018e+02 2.954910e+02 -1.200000e+01
         vertex -2.696018e+02 2.954910e+02 -8.344651e-07
         vertex -2.658734e+02 2.988500e+02 -1.200000e+01
      endloop
   endfacet
   facet normal -6.455637e-01 7.635928e-01 1.317263e-02
      outer loop
         vertex -2.658734e+02 2.988500e+02 -1.200000e+01
         vertex -2.696018e+02 2.954910e+02 -8.344651e-07
         vertex -2.465259e+02 3.150000e+02 -8.344651e-07
      endloop
   endfacet
   facet normal -6.408168e-01 7.676938e-01 0.000000e+00
      outer loop
         vertex -2.658734e+02 2.988500e+02 -1.200000e+01
         vertex -2.465259e+02 3.150000e+02 -8.344651e-07
         vertex -2.658734e+02 2.988500e+02 -2.000000e+01
      endloop
   endfacet
   facet normal -6.408168e-01 7.676938e-01 0.000000e+00
      outer loop
         vertex -2.658734e+02 2.988500e+02 -2.000000e+01
         vertex -2.465259e+02 3.150000e+02 -8.344651e-07
         vertex -2.465259e+02 3.150000e+02 -3.200001e+01
      endloop
   endfacet
   facet normal -6.672597e-01 7.406156e-01 -7.907655e-02
      outer loop
         vertex -2.658734e+02 2.988500e+02 -2.000000e+01
         vertex -2.465259e+02 3.150000e+02 -3.200001e+01
         vertex -2.696018e+02 2.954910e+02 -2.000000e+01
      endloop
   endfacet
   facet normal -6.456197e-01 7.636591e-01 0.000000e+00
      outer loop
         vertex -2.696018e+02 2.954910e+02 -2.000000e+01
         vertex -2.465259e+02 3.150000e+02 -3.200001e+01
         vertex -2.696018e+02 2.954910e+02 -3.200001e+01
      endloop
   endfacet
   facet normal -7.014270e-01 7.127413e-01 0.000000e+00
      outer loop
         vertex -2.696018e+02 2.954910e+02 -2.000000e+01
         vertex -2.696018e+02 2.954910e+02 -3.200001e+01
         vertex -2.911391e+02 2.742955e+02 -3.200001e+01
      endloop
   endfacet
   facet normal -7.283845e-01 6.851686e-01 0.000000e+00
      outer loop
         vertex -2.911391e+02 2.742955e+02 -2.000000e+01
         vertex -2.911391e+02 2.742955e+02 -3.200001e+01
         vertex -2.915582e+02 2.738500e+02 -2.000000e+01
      endloop
   endfacet
   facet normal -7.532287e-01 6.577560e-01 -1.885500e-03
      outer loop
         vertex -2.915582e+02 2.738500e+02 -2.000000e+01
         vertex -2.911391e+02 2.742955e+02 -3.200001e+01
         vertex -3.110149e+02 2.515348e+02 -3.200001e+01
      endloop
   endfacet
   facet normal -7.537325e-01 6.571813e-01 0.000000e+00
      outer loop
         vertex -2.915582e+02 2.738500e+02 -2.000000e+01
         vertex -3.110149e+02 2.515348e+02 -3.200001e+01
         vertex -2.915582e+02 2.738500e+02 -1.200000e+01
      endloop
   endfacet
   facet normal -7.537325e-01 6.571813e-01 0.000000e+00
      outer loop
         vertex -2.915582e+02 2.738500e+02 -1.200000e+01
         vertex -3.110149e+02 2.515348e+02 -3.200001e+01
         vertex -3.110149e+02 2.515348e+02 -8.344651e-07
      endloop
   endfacet
   facet normal -7.252452e-01 6.822156e-01 9.274276e-02
      outer loop
         vertex -2.915582e+02 2.738500e+02 -1.200000e+01
         vertex -3.110149e+02 2.515348e+02 -8.344651e-07
         vertex -2.911391e+02 2.742955e+02 -1.200000e+01
      endloop
   endfacet
   facet normal -7.532300e-01 6.577572e-01 0.000000e+00
      outer loop
         vertex -3.110149e+02 2.515348e+02 -8.344651e-07
         vertex -2.911391e+02 2.742955e+02 -8.344651e-07
         vertex -2.911391e+02 2.742955e+02 -1.200000e+01
      endloop
   endfacet
   facet normal -7.224212e-01 6.914533e-01 0.000000e+00
      outer loop
         vertex -2.911391e+02 2.742955e+02 -1.200000e+01
         vertex -2.911391e+02 2.742955e+02 -8.344651e-07
         vertex -2.867799e+02 2.788500e+02 -8.344651e-07
      endloop
   endfacet
   facet normal -7.224212e-01 6.914533e-01 0.000000e+00
      outer loop
         vertex -2.911391e+02 2.742955e+02 -1.200000e+01
         vertex -2.867799e+02 2.788500e+02 -8.344651e-07
         vertex -2.867799e+02 2.788500e+02 -1.200000e+01
      endloop
   endfacet
   facet normal -8.017056e-01 5.977192e-01 0.000000e+00
      outer loop
         vertex -3.225367e+02 2.365800e+02 -1.200000e+01
         vertex -3.225367e+02 2.365800e+02 -8.344651e-07
         vertex -3.188089e+02 2.415800e+02 -1.200000e+01
      endloop
   endfacet
   facet normal -7.921329e-01 6.102934e-01 8.212998e-03
      outer loop
         vertex -3.188089e+02 2.415800e+02 -1.200000e+01
         vertex -3.225367e+02 2.365800e+02 -8.344651e-07
         vertex -3.110149e+02 2.515348e+02 -8.344651e-07
      endloop
   endfacet
   facet normal -7.873778e-01 6.164708e-01 0.000000e+00
      outer loop
         vertex -3.188089e+02 2.415800e+02 -1.200000e+01
         vertex -3.110149e+02 2.515348e+02 -8.344651e-07
         vertex -3.188089e+02 2.415800e+02 -2.000000e+01
      endloop
   endfacet
   facet normal -7.873778e-01 6.164708e-01 0.000000e+00
      outer loop
         vertex -3.188089e+02 2.415800e+02 -2.000000e+01
         vertex -3.110149e+02 2.515348e+02 -8.344651e-07
         vertex -3.110149e+02 2.515348e+02 -3.200001e+01
      endloop
   endfacet
   facet normal -8.094609e-01 5.858258e-01 -3.976502e-02
      outer loop
         vertex -3.188089e+02 2.415800e+02 -2.000000e+01
         vertex -3.110149e+02 2.515348e+02 -3.200001e+01
         vertex -3.291157e+02 2.273386e+02 -2.000000e+01
      endloop
   endfacet
   facet normal -8.007347e-01 5.990191e-01 0.000000e+00
      outer loop
         vertex -3.291157e+02 2.273386e+02 -2.000000e+01
         vertex -3.110149e+02 2.515348e+02 -3.200001e+01
         vertex -3.291157e+02 2.273386e+02 -3.200001e+01
      endloop
   endfacet
   facet normal -8.318691e-01 5.549719e-01 0.000000e+00
      outer loop
         vertex -3.291157e+02 2.273386e+02 -2.000000e+01
         vertex -3.291157e+02 2.273386e+02 -3.200001e+01
         vertex -3.362932e+02 2.165800e+02 -2.000000e+01
      endloop
   endfacet
   facet normal -8.434406e-01 5.367175e-01 -2.328709e-02
      outer loop
         vertex -3.362932e+02 2.165800e+02 -2.000000e+01
         vertex -3.291157e+02 2.273386e+02 -3.200001e+01
         vertex -3.453384e+02 2.018449e+02 -3.200001e+01
      endloop
   endfacet
   facet normal -8.522385e-01 5.231535e-01 0.000000e+00
      outer loop
         vertex -3.362932e+02 2.165800e+02 -2.000000e+01
         vertex -3.453384e+02 2.018449e+02 -3.200001e+01
         vertex -3.362932e+02 2.165800e+02 -1.200000e+01
      endloop
   endfacet
   facet normal -8.522385e-01 5.231535e-01 0.000000e+00
      outer loop
         vertex -3.362932e+02 2.165800e+02 -1.200000e+01
         vertex -3.453384e+02 2.018449e+02 -3.200001e+01
         vertex -3.453384e+02 2.018449e+02 -8.344651e-07
      endloop
   endfacet
   facet normal -8.359300e-01 5.472369e-01 4.186543e-02
      outer loop
         vertex -3.362932e+02 2.165800e+02 -1.200000e+01
         vertex -3.453384e+02 2.018449e+02 -8.344651e-07
         vertex -3.330200e+02 2.215800e+02 -1.200000e+01
      endloop
   endfacet
   facet normal -8.483064e-01 5.295057e-01 0.000000e+00
      outer loop
         vertex -3.330200e+02 2.215800e+02 -1.200000e+01
         vertex -3.453384e+02 2.018449e+02 -8.344651e-07
         vertex -3.330200e+02 2.215800e+02 -8.344651e-07
      endloop
   endfacet
   facet normal -8.907279e-01 4.545368e-01 0.000000e+00
      outer loop
         vertex -3.575583e+02 1.793100e+02 -1.200000e+01
         vertex -3.575583e+02 1.793100e+02 -8.344651e-07
         vertex -3.550068e+02 1.843100e+02 -1.200000e+01
      endloop
   endfacet
   facet normal -8.790124e-01 4.766552e-01 1.170704e-02
      outer loop
         vertex -3.550068e+02 1.843100e+02 -1.200000e+01
         vertex -3.575583e+02 1.793100e+02 -8.344651e-07
         vertex -3.453384e+02 2.018449e+02 -8.344651e-07
      endloop
   endfacet
   facet normal -8.757063e-01 4.828441e-01 0.000000e+00
      outer loop
         vertex -3.550068e+02 1.843100e+02 -1.200000e+01
         vertex -3.453384e+02 2.018449e+02 -8.344651e-07
         vertex -3.550068e+02 1.843100e+02 -2.000000e+01
      endloop
   endfacet
   facet normal -8.757063e-01 4.828441e-01 0.000000e+00
      outer loop
         vertex -3.550068e+02 1.843100e+02 -2.000000e+01
         vertex -3.453384e+02 2.018449e+02 -8.344651e-07
         vertex -3.453384e+02 2.018449e+02 -3.200001e+01
      endloop
   endfacet
   facet normal -8.915495e-01 4.485344e-01 -6.289954e-02
      outer loop
         vertex -3.550068e+02 1.843100e+02 -2.000000e+01
         vertex -3.453384e+02 2.018449e+02 -3.200001e+01
         vertex -3.595903e+02 1.751994e+02 -2.000000e+01
      endloop
   endfacet
   facet normal -8.817903e-01 4.716417e-01 0.000000e+00
      outer loop
         vertex -3.595903e+02 1.751994e+02 -2.000000e+01
         vertex -3.453384e+02 2.018449e+02 -3.200001e+01
         vertex -3.595903e+02 1.751994e+02 -3.200001e+01
      endloop
   endfacet
   facet normal -9.083380e-01 4.182369e-01 0.000000e+00
      outer loop
         vertex -3.595903e+02 1.751994e+02 -2.000000e+01
         vertex -3.595903e+02 1.751994e+02 -3.200001e+01
         vertex -3.669064e+02 1.593100e+02 -2.000000e+01
      endloop
   endfacet
   facet normal -9.146321e-01 4.036215e-01 -2.318983e-02
      outer loop
         vertex -3.669064e+02 1.593100e+02 -2.000000e+01
         vertex -3.595903e+02 1.751994e+02 -3.200001e+01
         vertex -3.717900e+02 1.475540e+02 -3.200001e+01
      endloop
   endfacet
   facet normal -9.234873e-01 3.836289e-01 0.000000e+00
      outer loop
         vertex -3.669064e+02 1.593100e+02 -2.000000e+01
         vertex -3.717900e+02 1.475540e+02 -3.200001e+01
         vertex -3.669064e+02 1.593100e+02 -1.200000e+01
      endloop
   endfacet
   facet normal -9.234873e-01 3.836289e-01 0.000000e+00
      outer loop
         vertex -3.669064e+02 1.593100e+02 -1.200000e+01
         vertex -3.717900e+02 1.475540e+02 -3.200001e+01
         vertex -3.717900e+02 1.475540e+02 -8.344651e-07
      endloop
   endfacet
   facet normal -9.142547e-01 4.044209e-01 2.412651e-02
      outer loop
         vertex -3.669064e+02 1.593100e+02 -1.200000e+01
         vertex -3.717900e+02 1.475540e+02 -8.344651e-07
         vertex -3.646947e+02 1.643100e+02 -1.200000e+01
      endloop
   endfacet
   facet normal -9.208435e-01 3.899324e-01 0.000000e+00
      outer loop
         vertex -3.646947e+02 1.643100e+02 -1.200000e+01
         vertex -3.717900e+02 1.475540e+02 -8.344651e-07
         vertex -3.646947e+02 1.643100e+02 -8.344651e-07
      endloop
   endfacet
   facet normal -9.502936e-01 3.113552e-01 0.000000e+00
      outer loop
         vertex -3.809281e+02 1.220400e+02 -1.200000e+01
         vertex -3.809281e+02 1.220400e+02 -8.344651e-07
         vertex -3.792899e+02 1.270400e+02 -1.200000e+01
      endloop
   endfacet
   facet normal -9.413707e-01 3.371615e-01 1.197074e-02
      outer loop
         vertex -3.792899e+02 1.270400e+02 -1.200000e+01
         vertex -3.809281e+02 1.220400e+02 -8.344651e-07
         vertex -3.717900e+02 1.475540e+02 -8.344651e-07
      endloop
   endfacet
   facet normal -9.392001e-01 3.433704e-01 0.000000e+00
      outer loop
         vertex -3.792899e+02 1.270400e+02 -1.200000e+01
         vertex -3.717900e+02 1.475540e+02 -8.344651e-07
         vertex -3.792899e+02 1.270400e+02 -2.000000e+01
      endloop
   endfacet
   facet normal -9.392001e-01 3.433704e-01 0.000000e+00
      outer loop
         vertex -3.792899e+02 1.270400e+02 -2.000000e+01
         vertex -3.717900e+02 1.475540e+02 -8.344651e-07
         vertex -3.717900e+02 1.475540e+02 -3.200001e+01
      endloop
   endfacet
   facet normal -9.492590e-01 3.069242e-01 -6.859160e-02
      outer loop
         vertex -3.792899e+02 1.270400e+02 -2.000000e+01
         vertex -3.717900e+02 1.475540e+02 -3.200001e+01
         vertex -3.818680e+02 1.190666e+02 -2.000000e+01
      endloop
   endfacet
   facet normal -9.427454e-01 3.335133e-01 0.000000e+00
      outer loop
         vertex -3.818680e+02 1.190666e+02 -2.000000e+01
         vertex -3.717900e+02 1.475540e+02 -3.200001e+01
         vertex -3.818680e+02 1.190666e+02 -3.200001e+01
      endloop
   endfacet
   facet normal -9.610280e-01 2.764509e-01 0.000000e+00
      outer loop
         vertex -3.818680e+02 1.190666e+02 -2.000000e+01
         vertex -3.818680e+02 1.190666e+02 -3.200001e+01
         vertex -3.867659e+02 1.020400e+02 -2.000000e+01
      endloop
   endfacet
   facet normal -9.649752e-01 2.613245e-01 -2.307359e-02
      outer loop
         vertex -3.867659e+02 1.020400e+02 -2.000000e+01
         vertex -3.818680e+02 1.190666e+02 -3.200001e+01
         vertex -3.897667e+02 8.989963e+01 -3.200001e+01
      endloop
   endfacet
   facet normal -9.707844e-01 2.399536e-01 0.000000e+00
      outer loop
         vertex -3.867659e+02 1.020400e+02 -2.000000e+01
         vertex -3.897667e+02 8.989963e+01 -3.200001e+01
         vertex -3.867659e+02 1.020400e+02 -1.200000e+01
      endloop
   endfacet
   facet normal -9.707844e-01 2.399536e-01 0.000000e+00
      outer loop
         vertex -3.867659e+02 1.020400e+02 -1.200000e+01
         vertex -3.897667e+02 8.989963e+01 -3.200001e+01
         vertex -3.897667e+02 8.989963e+01 -8.344651e-07
      endloop
   endfacet
   facet normal -9.649868e-01 2.612855e-01 2.303120e-02
      outer loop
         vertex -3.867659e+02 1.020400e+02 -1.200000e+01
         vertex -3.897667e+02 8.989963e+01 -8.344651e-07
         vertex -3.854120e+02 1.070400e+02 -1.200000e+01
      endloop
   endfacet
   facet normal -9.692103e-01 2.462343e-01 0.000000e+00
      outer loop
         vertex -3.854120e+02 1.070400e+02 -1.200000e+01
         vertex -3.897667e+02 8.989963e+01 -8.344651e-07
         vertex -3.854120e+02 1.070400e+02 -8.344651e-07
      endloop
   endfacet
   facet normal -9.857560e-01 1.681820e-01 0.000000e+00
      outer loop
         vertex -3.947212e+02 6.477000e+01 -1.200000e+01
         vertex -3.947212e+02 6.477000e+01 -8.344651e-07
         vertex -3.938682e+02 6.977000e+01 -1.200000e+01
      endloop
   endfacet
   facet normal -9.810549e-01 1.934255e-01 1.085231e-02
      outer loop
         vertex -3.938682e+02 6.977000e+01 -1.200000e+01
         vertex -3.947212e+02 6.477000e+01 -8.344651e-07
         vertex -3.897667e+02 8.989963e+01 -8.344651e-07
      endloop
   endfacet
   facet normal -9.798667e-01 1.996529e-01 0.000000e+00
      outer loop
         vertex -3.938682e+02 6.977000e+01 -1.200000e+01
         vertex -3.897667e+02 8.989963e+01 -8.344651e-07
         vertex -3.938682e+02 6.977000e+01 -2.000000e+01
      endloop
   endfacet
   facet normal -9.798667e-01 1.996529e-01 0.000000e+00
      outer loop
         vertex -3.938682e+02 6.977000e+01 -2.000000e+01
         vertex -3.897667e+02 8.989963e+01 -8.344651e-07
         vertex -3.897667e+02 8.989963e+01 -3.200001e+01
      endloop
   endfacet
   facet normal -9.846522e-01 1.621622e-01 -6.452505e-02
      outer loop
         vertex -3.938682e+02 6.977000e+01 -2.000000e+01
         vertex -3.897667e+02 8.989963e+01 -3.200001e+01
         vertex -3.954410e+02 6.021964e+01 -2.000000e+01
      endloop
   endfacet
   facet normal -9.822104e-01 1.877837e-01 0.000000e+00
      outer loop
         vertex -3.954410e+02 6.021964e+01 -2.000000e+01
         vertex -3.897667e+02 8.989963e+01 -3.200001e+01
         vertex -3.954410e+02 6.021964e+01 -3.200001e+01
      endloop
   endfacet
   facet normal -9.913479e-01 1.312608e-01 0.000000e+00
      outer loop
         vertex -3.954410e+02 6.021964e+01 -2.000000e+01
         vertex -3.954410e+02 6.021964e+01 -3.200001e+01
         vertex -3.974867e+02 4.477000e+01 -2.000000e+01
      endloop
   endfacet
   facet normal -9.933032e-01 1.130683e-01 -2.375562e-02
      outer loop
         vertex -3.974867e+02 4.477000e+01 -2.000000e+01
         vertex -3.954410e+02 6.021964e+01 -3.200001e+01
         vertex -3.988586e+02 3.019598e+01 -3.200001e+01
      endloop
   endfacet
   facet normal -9.955982e-01 9.372436e-02 0.000000e+00
      outer loop
         vertex -3.974867e+02 4.477000e+01 -2.000000e+01
         vertex -3.988586e+02 3.019598e+01 -3.200001e+01
         vertex -3.974867e+02 4.477000e+01 -1.200000e+01
      endloop
   endfacet
   facet normal -9.955982e-01 9.372436e-02 0.000000e+00
      outer loop
         vertex -3.974867e+02 4.477000e+01 -1.200000e+01
         vertex -3.988586e+02 3.019598e+01 -3.200001e+01
         vertex -3.988586e+02 3.019598e+01 -8.344651e-07
      endloop
   endfacet
   facet normal -9.925459e-01 1.181254e-01 2.998406e-02
      outer loop
         vertex -3.974867e+02 4.477000e+01 -1.200000e+01
         vertex -3.988586e+02 3.019598e+01 -8.344651e-07
         vertex -3.968916e+02 4.977000e+01 -1.200000e+01
      endloop
   endfacet
   facet normal -9.949886e-01 9.998891e-02 0.000000e+00
      outer loop
         vertex -3.968916e+02 4.977000e+01 -1.200000e+01
         vertex -3.988586e+02 3.019598e+01 -8.344651e-07
         vertex -3.968916e+02 4.977000e+01 -8.344651e-07
      endloop
   endfacet
   facet normal -9.996875e-01 2.499633e-02 0.000000e+00
      outer loop
         vertex -3.999297e+02 7.500000e+00 -1.200000e+01
         vertex -3.999297e+02 7.500000e+00 -8.344651e-07
         vertex -3.998047e+02 1.250000e+01 -1.200000e+01
      endloop
   endfacet
   facet normal -9.988458e-01 4.713608e-02 9.233664e-03
      outer loop
         vertex -3.998047e+02 1.250000e+01 -1.200000e+01
         vertex -3.999297e+02 7.500000e+00 -8.344651e-07
         vertex -3.988586e+02 3.019598e+01 -8.344651e-07
      endloop
   endfacet
   facet normal -9.985741e-01 5.338309e-02 0.000000e+00
      outer loop
         vertex -3.998047e+02 1.250000e+01 -1.200000e+01
         vertex -3.988586e+02 3.019598e+01 -8.344651e-07
         vertex -3.998047e+02 1.250000e+01 -2.000000e+01
      endloop
   endfacet
   facet normal -9.985741e-01 5.338309e-02 0.000000e+00
      outer loop
         vertex -3.998047e+02 1.250000e+01 -2.000000e+01
         vertex -3.988586e+02 3.019598e+01 -8.344651e-07
         vertex -3.988586e+02 3.019598e+01 -3.200001e+01
      endloop
   endfacet
   facet normal -9.983259e-01 1.560217e-02 -5.569459e-02
      outer loop
         vertex -3.998047e+02 1.250000e+01 -2.000000e+01
         vertex -3.988586e+02 3.019598e+01 -3.200001e+01
         vertex -4.000000e+02 4.522388e-13 -2.000000e+01
      endloop
   endfacet
   facet normal -9.992864e-01 3.777174e-02 -2.620999e-18
      outer loop
         vertex -4.000000e+02 4.522388e-13 -2.000000e+01
         vertex -3.988586e+02 3.019598e+01 -3.200001e+01
         vertex -4.000000e+02 4.514061e-13 -3.200001e+01
      endloop
   endfacet
   facet normal -9.998779e-01 -1.562643e-02 1.084325e-18
      outer loop
         vertex -4.000000e+02 4.522388e-13 -2.000000e+01
         vertex -4.000000e+02 4.514061e-13 -3.200001e+01
         vertex -3.998047e+02 -1.250000e+01 -2.000000e+01
      endloop
   endfacet
   facet normal -9.990204e-01 -3.776169e-02 -2.307150e-02
      outer loop
         vertex -3.998047e+02 -1.250000e+01 -2.000000e+01
         vertex -4.000000e+02 4.514061e-13 -3.200001e+01
         vertex -3.988586e+02 -3.019598e+01 -3.200001e+01
      endloop
   endfacet
   facet normal -9.985741e-01 -5.338309e-02 0.000000e+00
      outer loop
         vertex -3.998047e+02 -1.250000e+01 -2.000000e+01
         vertex -3.988586e+02 -3.019598e+01 -3.200001e+01
         vertex -3.998047e+02 -1.250000e+01 -1.200000e+01
      endloop
   endfacet
   facet normal -9.985741e-01 -5.338309e-02 0.000000e+00
      outer loop
         vertex -3.998047e+02 -1.250000e+01 -1.200000e+01
         vertex -3.988586e+02 -3.019598e+01 -3.200001e+01
         vertex -3.988586e+02 -3.019598e+01 -8.344651e-07
      endloop
   endfacet
   facet normal -9.988091e-01 -2.497437e-02 4.191187e-02
      outer loop
         vertex -3.998047e+02 -1.250000e+01 -1.200000e+01
         vertex -3.988586e+02 -3.019598e+01 -8.344651e-07
         vertex -3.999297e+02 -7.500000e+00 -1.200000e+01
      endloop
   endfacet
   facet normal -9.988884e-01 -4.713809e-02 0.000000e+00
      outer loop
         vertex -3.999297e+02 -7.500000e+00 -1.200000e+01
         vertex -3.988586e+02 -3.019598e+01 -8.344651e-07
         vertex -3.999297e+02 -7.500000e+00 -8.344651e-07
      endloop
   endfacet
   facet normal -9.929924e-01 -1.181785e-01 0.000000e+00
      outer loop
         vertex -3.968916e+02 -4.977000e+01 -1.200000e+01
         vertex -3.968916e+02 -4.977000e+01 -8.344651e-07
         vertex -3.974867e+02 -4.477000e+01 -1.200000e+01
      endloop
   endfacet
   facet normal -9.949592e-01 -9.998596e-02 7.677774e-03
      outer loop
         vertex -3.974867e+02 -4.477000e+01 -1.200000e+01
         vertex -3.968916e+02 -4.977000e+01 -8.344651e-07
         vertex -3.988586e+02 -3.019598e+01 -8.344651e-07
      endloop
   endfacet
   facet normal -9.955982e-01 -9.372436e-02 -0.000000e+00
      outer loop
         vertex -3.974867e+02 -4.477000e+01 -1.200000e+01
         vertex -3.988586e+02 -3.019598e+01 -8.344651e-07
         vertex -3.974867e+02 -4.477000e+01 -2.000000e+01
      endloop
   endfacet
   facet normal -9.955982e-01 -9.372436e-02 0.000000e+00
      outer loop
         vertex -3.974867e+02 -4.477000e+01 -2.000000e+01
         vertex -3.988586e+02 -3.019598e+01 -8.344651e-07
         vertex -3.988586e+02 -3.019598e+01 -3.200001e+01
      endloop
   endfacet
   facet normal -9.902973e-01 -1.311217e-01 -4.602516e-02
      outer loop
         vertex -3.974867e+02 -4.477000e+01 -2.000000e+01
         vertex -3.988586e+02 -3.019598e+01 -3.200001e+01
         vertex -3.954410e+02 -6.021964e+01 -2.000000e+01
      endloop
   endfacet
   facet normal -9.935836e-01 -1.131002e-01 -0.000000e+00
      outer loop
         vertex -3.954410e+02 -6.021964e+01 -2.000000e+01
         vertex -3.988586e+02 -3.019598e+01 -3.200001e+01
         vertex -3.954410e+02 -6.021964e+01 -3.200001e+01
      endloop
   endfacet
   facet normal -9.867084e-01 -1.625008e-01 -0.000000e+00
      outer loop
         vertex -3.954410e+02 -6.021964e+01 -2.000000e+01
         vertex -3.954410e+02 -6.021964e+01 -3.200001e+01
         vertex -3.938682e+02 -6.977000e+01 -2.000000e+01
      endloop
   endfacet
   facet normal -9.819998e-01 -1.877434e-01 -2.070680e-02
      outer loop
         vertex -3.938682e+02 -6.977000e+01 -2.000000e+01
         vertex -3.954410e+02 -6.021964e+01 -3.200001e+01
         vertex -3.897667e+02 -8.989963e+01 -3.200001e+01
      endloop
   endfacet
   facet normal -9.798667e-01 -1.996529e-01 0.000000e+00
      outer loop
         vertex -3.938682e+02 -6.977000e+01 -2.000000e+01
         vertex -3.897667e+02 -8.989963e+01 -3.200001e+01
         vertex -3.938682e+02 -6.977000e+01 -1.200000e+01
      endloop
   endfacet
   facet normal -9.798667e-01 -1.996529e-01 0.000000e+00
      outer loop
         vertex -3.938682e+02 -6.977000e+01 -1.200000e+01
         vertex -3.897667e+02 -8.989963e+01 -3.200001e+01
         vertex -3.897667e+02 -8.989963e+01 -8.344651e-07
      endloop
   endfacet
   facet normal -9.842789e-01 -1.679300e-01 5.472210e-02
      outer loop
         vertex -3.938682e+02 -6.977000e+01 -1.200000e+01
         vertex -3.897667e+02 -8.989963e+01 -8.344651e-07
         vertex -3.947212e+02 -6.477000e+01 -1.200000e+01
      endloop
   endfacet
   facet normal -9.811127e-01 -1.934369e-01 0.000000e+00
      outer loop
         vertex -3.947212e+02 -6.477000e+01 -1.200000e+01
         vertex -3.897667e+02 -8.989963e+01 -8.344651e-07
         vertex -3.947212e+02 -6.477000e+01 -8.344651e-07
      endloop
   endfacet
   facet normal -9.652428e-01 -2.613548e-01 0.000000e+00
      outer loop
         vertex -3.854120e+02 -1.070400e+02 -1.200000e+01
         vertex -3.854120e+02 -1.070400e+02 -8.344651e-07
         vertex -3.867659e+02 -1.020400e+02 -1.200000e+01
      endloop
   endfacet
   facet normal -9.691883e-01 -2.462287e-01 6.747662e-03
      outer loop
         vertex -3.867659e+02 -1.020400e+02 -1.200000e+01
         vertex -3.854120e+02 -1.070400e+02 -8.344651e-07
         vertex -3.897667e+02 -8.989963e+01 -8.344651e-07
      endloop
   endfacet
   facet normal -9.707844e-01 -2.399536e-01 -0.000000e+00
      outer loop
         vertex -3.867659e+02 -1.020400e+02 -1.200000e+01
         vertex -3.897667e+02 -8.989963e+01 -8.344651e-07
         vertex -3.867659e+02 -1.020400e+02 -2.000000e+01
      endloop
   endfacet
   facet normal -9.707844e-01 -2.399536e-01 0.000000e+00
      outer loop
         vertex -3.867659e+02 -1.020400e+02 -2.000000e+01
         vertex -3.897667e+02 -8.989963e+01 -8.344651e-07
         vertex -3.897667e+02 -8.989963e+01 -3.200001e+01
      endloop
   endfacet
   facet normal -9.602843e-01 -2.762370e-01 -3.933349e-02
      outer loop
         vertex -3.867659e+02 -1.020400e+02 -2.000000e+01
         vertex -3.897667e+02 -8.989963e+01 -3.200001e+01
         vertex -3.818680e+02 -1.190666e+02 -2.000000e+01
      endloop
   endfacet
   facet normal -9.652322e-01 -2.613941e-01 -0.000000e+00
      outer loop
         vertex -3.818680e+02 -1.190666e+02 -2.000000e+01
         vertex -3.897667e+02 -8.989963e+01 -3.200001e+01
         vertex -3.818680e+02 -1.190666e+02 -3.200001e+01
      endloop
   endfacet
   facet normal -9.515000e-01 -3.076488e-01 -0.000000e+00
      outer loop
         vertex -3.818680e+02 -1.190666e+02 -2.000000e+01
         vertex -3.818680e+02 -1.190666e+02 -3.200001e+01
         vertex -3.792899e+02 -1.270400e+02 -2.000000e+01
      endloop
   endfacet
   facet normal -9.425741e-01 -3.334527e-01 -1.906308e-02
      outer loop
         vertex -3.792899e+02 -1.270400e+02 -2.000000e+01
         vertex -3.818680e+02 -1.190666e+02 -3.200001e+01
         vertex -3.717900e+02 -1.475540e+02 -3.200001e+01
      endloop
   endfacet
   facet normal -9.392001e-01 -3.433704e-01 0.000000e+00
      outer loop
         vertex -3.792899e+02 -1.270400e+02 -2.000000e+01
         vertex -3.717900e+02 -1.475540e+02 -3.200001e+01
         vertex -3.792899e+02 -1.270400e+02 -1.200000e+01
      endloop
   endfacet
   facet normal -9.392001e-01 -3.433704e-01 0.000000e+00
      outer loop
         vertex -3.792899e+02 -1.270400e+02 -1.200000e+01
         vertex -3.717900e+02 -1.475540e+02 -3.200001e+01
         vertex -3.717900e+02 -1.475540e+02 -8.344651e-07
      endloop
   endfacet
   facet normal -9.484920e-01 -3.107650e-01 6.154650e-02
      outer loop
         vertex -3.792899e+02 -1.270400e+02 -1.200000e+01
         vertex -3.717900e+02 -1.475540e+02 -8.344651e-07
         vertex -3.809281e+02 -1.220400e+02 -1.200000e+01
      endloop
   endfacet
   facet normal -9.414382e-01 -3.371857e-01 0.000000e+00
      outer loop
         vertex -3.809281e+02 -1.220400e+02 -1.200000e+01
         vertex -3.717900e+02 -1.475540e+02 -8.344651e-07
         vertex -3.809281e+02 -1.220400e+02 -8.344651e-07
      endloop
   endfacet
   facet normal -9.145209e-01 -4.045386e-01 0.000000e+00
      outer loop
         vertex -3.646947e+02 -1.643100e+02 -1.200000e+01
         vertex -3.646947e+02 -1.643100e+02 -8.344651e-07
         vertex -3.669064e+02 -1.593100e+02 -1.200000e+01
      endloop
   endfacet
   facet normal -9.208193e-01 -3.899221e-01 7.251065e-03
      outer loop
         vertex -3.669064e+02 -1.593100e+02 -1.200000e+01
         vertex -3.646947e+02 -1.643100e+02 -8.344651e-07
         vertex -3.717900e+02 -1.475540e+02 -8.344651e-07
      endloop
   endfacet
   facet normal -9.234873e-01 -3.836289e-01 -0.000000e+00
      outer loop
         vertex -3.669064e+02 -1.593100e+02 -1.200000e+01
         vertex -3.717900e+02 -1.475540e+02 -8.344651e-07
         vertex -3.669064e+02 -1.593100e+02 -2.000000e+01
      endloop
   endfacet
   facet normal -9.234873e-01 -3.836289e-01 0.000000e+00
      outer loop
         vertex -3.669064e+02 -1.593100e+02 -2.000000e+01
         vertex -3.717900e+02 -1.475540e+02 -8.344651e-07
         vertex -3.717900e+02 -1.475540e+02 -3.200001e+01
      endloop
   endfacet
   facet normal -9.076097e-01 -4.179016e-01 -4.003734e-02
      outer loop
         vertex -3.669064e+02 -1.593100e+02 -2.000000e+01
         vertex -3.717900e+02 -1.475540e+02 -3.200001e+01
         vertex -3.595903e+02 -1.751994e+02 -2.000000e+01
      endloop
   endfacet
   facet normal -9.148781e-01 -4.037301e-01 -0.000000e+00
      outer loop
         vertex -3.595903e+02 -1.751994e+02 -2.000000e+01
         vertex -3.717900e+02 -1.475540e+02 -3.200001e+01
         vertex -3.595903e+02 -1.751994e+02 -3.200001e+01
      endloop
   endfacet
   facet normal -8.933184e-01 -4.494243e-01 -0.000000e+00
      outer loop
         vertex -3.595903e+02 -1.751994e+02 -2.000000e+01
         vertex -3.595903e+02 -1.751994e+02 -3.200001e+01
         vertex -3.550068e+02 -1.843100e+02 -2.000000e+01
      endloop
   endfacet
   facet normal -8.815908e-01 -4.715351e-01 -2.126631e-02
      outer loop
         vertex -3.550068e+02 -1.843100e+02 -2.000000e+01
         vertex -3.595903e+02 -1.751994e+02 -3.200001e+01
         vertex -3.453384e+02 -2.018449e+02 -3.200001e+01
      endloop
   endfacet
   facet normal -8.757063e-01 -4.828441e-01 0.000000e+00
      outer loop
         vertex -3.550068e+02 -1.843100e+02 -2.000000e+01
         vertex -3.453384e+02 -2.018449e+02 -3.200001e+01
         vertex -3.550068e+02 -1.843100e+02 -1.200000e+01
      endloop
   endfacet
   facet normal -8.757063e-01 -4.828441e-01 0.000000e+00
      outer loop
         vertex -3.550068e+02 -1.843100e+02 -1.200000e+01
         vertex -3.453384e+02 -2.018449e+02 -3.200001e+01
         vertex -3.453384e+02 -2.018449e+02 -8.344651e-07
      endloop
   endfacet
   facet normal -8.894575e-01 -4.538885e-01 5.339037e-02
      outer loop
         vertex -3.550068e+02 -1.843100e+02 -1.200000e+01
         vertex -3.453384e+02 -2.018449e+02 -8.344651e-07
         vertex -3.575583e+02 -1.793100e+02 -1.200000e+01
      endloop
   endfacet
   facet normal -8.790726e-01 -4.766879e-01 0.000000e+00
      outer loop
         vertex -3.575583e+02 -1.793100e+02 -1.200000e+01
         vertex -3.453384e+02 -2.018449e+02 -8.344651e-07
         vertex -3.575583e+02 -1.793100e+02 -8.344651e-07
      endloop
   endfacet
   facet normal -8.366636e-01 -5.477171e-01 0.000000e+00
      outer loop
         vertex -3.330200e+02 -2.215800e+02 -1.200000e+01
         vertex -3.330200e+02 -2.215800e+02 -8.344651e-07
         vertex -3.362932e+02 -2.165800e+02 -1.200000e+01
      endloop
   endfacet
   facet normal -8.482573e-01 -5.294750e-01 1.076327e-02
      outer loop
         vertex -3.362932e+02 -2.165800e+02 -1.200000e+01
         vertex -3.330200e+02 -2.215800e+02 -8.344651e-07
         vertex -3.453384e+02 -2.018449e+02 -8.344651e-07
      endloop
   endfacet
   facet normal -8.522385e-01 -5.231535e-01 -0.000000e+00
      outer loop
         vertex -3.362932e+02 -2.165800e+02 -1.200000e+01
         vertex -3.453384e+02 -2.018449e+02 -8.344651e-07
         vertex -3.362932e+02 -2.165800e+02 -2.000000e+01
      endloop
   endfacet
   facet normal -8.522385e-01 -5.231535e-01 0.000000e+00
      outer loop
         vertex -3.362932e+02 -2.165800e+02 -2.000000e+01
         vertex -3.453384e+02 -2.018449e+02 -8.344651e-07
         vertex -3.453384e+02 -2.018449e+02 -3.200001e+01
      endloop
   endfacet
   facet normal -8.306398e-01 -5.541518e-01 -5.434396e-02
      outer loop
         vertex -3.362932e+02 -2.165800e+02 -2.000000e+01
         vertex -3.453384e+02 -2.018449e+02 -3.200001e+01
         vertex -3.291157e+02 -2.273386e+02 -2.000000e+01
      endloop
   endfacet
   facet normal -8.436694e-01 -5.368630e-01 -0.000000e+00
      outer loop
         vertex -3.291157e+02 -2.273386e+02 -2.000000e+01
         vertex -3.453384e+02 -2.018449e+02 -3.200001e+01
         vertex -3.291157e+02 -2.273386e+02 -3.200001e+01
      endloop
   endfacet
   facet normal -8.101016e-01 -5.862895e-01 -0.000000e+00
      outer loop
         vertex -3.291157e+02 -2.273386e+02 -2.000000e+01
         vertex -3.291157e+02 -2.273386e+02 -3.200001e+01
         vertex -3.188089e+02 -2.415800e+02 -2.000000e+01
      endloop
   endfacet
   facet normal -8.005202e-01 -5.988586e-01 -2.314642e-02
      outer loop
         vertex -3.188089e+02 -2.415800e+02 -2.000000e+01
         vertex -3.291157e+02 -2.273386e+02 -3.200001e+01
         vertex -3.110149e+02 -2.515348e+02 -3.200001e+01
      endloop
   endfacet
   facet normal -7.873778e-01 -6.164708e-01 0.000000e+00
      outer loop
         vertex -3.188089e+02 -2.415800e+02 -2.000000e+01
         vertex -3.110149e+02 -2.515348e+02 -3.200001e+01
         vertex -3.188089e+02 -2.415800e+02 -1.200000e+01
      endloop
   endfacet
   facet normal -7.873778e-01 -6.164708e-01 0.000000e+00
      outer loop
         vertex -3.188089e+02 -2.415800e+02 -1.200000e+01
         vertex -3.110149e+02 -2.515348e+02 -3.200001e+01
         vertex -3.110149e+02 -2.515348e+02 -8.344651e-07
      endloop
   endfacet
   facet normal -8.014579e-01 -5.975345e-01 2.485393e-02
      outer loop
         vertex -3.188089e+02 -2.415800e+02 -1.200000e+01
         vertex -3.110149e+02 -2.515348e+02 -8.344651e-07
         vertex -3.225367e+02 -2.365800e+02 -1.200000e+01
      endloop
   endfacet
   facet normal -7.921596e-01 -6.103140e-01 0.000000e+00
      outer loop
         vertex -3.225367e+02 -2.365800e+02 -1.200000e+01
         vertex -3.110149e+02 -2.515348e+02 -8.344651e-07
         vertex -3.225367e+02 -2.365800e+02 -8.344651e-07
      endloop
   endfacet
   facet normal -7.224212e-01 -6.914533e-01 -0.000000e+00
      outer loop
         vertex -2.867799e+02 -2.788500e+02 -8.344651e-07
         vertex -2.911391e+02 -2.742955e+02 -8.344651e-07
         vertex -2.867799e+02 -2.788500e+02 -1.200000e+01
      endloop
   endfacet
   facet normal -7.224212e-01 -6.914533e-01 0.000000e+00
      outer loop
         vertex -2.867799e+02 -2.788500e+02 -1.200000e+01
         vertex -2.911391e+02 -2.742955e+02 -8.344651e-07
         vertex -2.911391e+02 -2.742955e+02 -1.200000e+01
      endloop
   endfacet
   facet normal -7.283845e-01 -6.851686e-01 0.000000e+00
      outer loop
         vertex -2.911391e+02 -2.742955e+02 -1.200000e+01
         vertex -2.911391e+02 -2.742955e+02 -8.344651e-07
         vertex -2.915582e+02 -2.738500e+02 -1.200000e+01
      endloop
   endfacet
   facet normal -7.532287e-01 -6.577560e-01 1.885501e-03
      outer loop
         vertex -2.915582e+02 -2.738500e+02 -1.200000e+01
         vertex -2.911391e+02 -2.742955e+02 -8.344651e-07
         vertex -3.110149e+02 -2.515348e+02 -8.344651e-07
      endloop
   endfacet
   facet normal -7.537325e-01 -6.571813e-01 -0.000000e+00
      outer loop
         vertex -2.915582e+02 -2.738500e+02 -1.200000e+01
         vertex -3.110149e+02 -2.515348e+02 -8.344651e-07
         vertex -2.915582e+02 -2.738500e+02 -2.000000e+01
      endloop
   endfacet
   facet normal -7.537325e-01 -6.571813e-01 0.000000e+00
      outer loop
         vertex -2.915582e+02 -2.738500e+02 -2.000000e+01
         vertex -3.110149e+02 -2.515348e+02 -8.344651e-07
         vertex -3.110149e+02 -2.515348e+02 -3.200001e+01
      endloop
   endfacet
   facet normal -7.252452e-01 -6.822156e-01 -9.274271e-02
      outer loop
         vertex -2.915582e+02 -2.738500e+02 -2.000000e+01
         vertex -3.110149e+02 -2.515348e+02 -3.200001e+01
         vertex -2.911391e+02 -2.742955e+02 -2.000000e+01
      endloop
   endfacet
   facet normal -7.532300e-01 -6.577572e-01 -0.000000e+00
      outer loop
         vertex -2.911391e+02 -2.742955e+02 -2.000000e+01
         vertex -3.110149e+02 -2.515348e+02 -3.200001e+01
         vertex -2.911391e+02 -2.742955e+02 -3.200001e+01
      endloop
   endfacet
   facet normal -7.014270e-01 -7.127413e-01 -0.000000e+00
      outer loop
         vertex -2.911391e+02 -2.742955e+02 -2.000000e+01
         vertex -2.911391e+02 -2.742955e+02 -3.200001e+01
         vertex -2.696018e+02 -2.954910e+02 -3.200001e+01
      endloop
   endfacet
   facet normal -6.693557e-01 -7.429421e-01 -0.000000e+00
      outer loop
         vertex -2.696018e+02 -2.954910e+02 -2.000000e+01
         vertex -2.696018e+02 -2.954910e+02 -3.200001e+01
         vertex -2.658734e+02 -2.988500e+02 -2.000000e+01
      endloop
   endfacet
   facet normal -6.455637e-01 -7.635928e-01 -1.317262e-02
      outer loop
         vertex -2.658734e+02 -2.988500e+02 -2.000000e+01
         vertex -2.696018e+02 -2.954910e+02 -3.200001e+01
         vertex -2.465259e+02 -3.150000e+02 -3.200001e+01
      endloop
   endfacet
   facet normal -6.408168e-01 -7.676938e-01 0.000000e+00
      outer loop
         vertex -2.658734e+02 -2.988500e+02 -2.000000e+01
         vertex -2.465259e+02 -3.150000e+02 -3.200001e+01
         vertex -2.658734e+02 -2.988500e+02 -1.200000e+01
      endloop
   endfacet
   facet normal -6.408168e-01 -7.676938e-01 0.000000e+00
      outer loop
         vertex -2.658734e+02 -2.988500e+02 -1.200000e+01
         vertex -2.465259e+02 -3.150000e+02 -3.200001e+01
         vertex -2.465259e+02 -3.150000e+02 -8.344651e-07
      endloop
   endfacet
   facet normal -6.672597e-01 -7.406156e-01 7.907659e-02
      outer loop
         vertex -2.658734e+02 -2.988500e+02 -1.200000e+01
         vertex -2.465259e+02 -3.150000e+02 -8.344651e-07
         vertex -2.696018e+02 -2.954910e+02 -1.200000e+01
      endloop
   endfacet
   facet normal -6.456197e-01 -7.636591e-01 0.000000e+00
      outer loop
         vertex -2.465259e+02 -3.150000e+02 -8.344651e-07
         vertex -2.696018e+02 -2.954910e+02 -8.344651e-07
         vertex -2.696018e+02 -2.954910e+02 -1.200000e+01
      endloop
   endfacet
   facet normal -6.762478e-01 -7.366742e-01 0.000000e+00
      outer loop
         vertex -2.696018e+02 -2.954910e+02 -1.200000e+01
         vertex -2.696018e+02 -2.954910e+02 -8.344651e-07
         vertex -2.713893e+02 -2.938500e+02 -8.344651e-07
      endloop
   endfacet
   facet normal -6.762478e-01 -7.366742e-01 0.000000e+00
      outer loop
         vertex -2.696018e+02 -2.954910e+02 -1.200000e+01
         vertex -2.713893e+02 -2.938500e+02 -8.344651e-07
         vertex -2.713893e+02 -2.938500e+02 -1.200000e+01
      endloop
   endfacet
   facet normal 6.762478e-01 -7.366742e-01 0.000000e+00
      outer loop
         vertex 2.713893e+02 -2.938500e+02 -1.200000e+01
         vertex 2.713893e+02 -2.938500e+02 -8.344651e-07
         vertex 2.696018e+02 -2.954910e+02 -8.344651e-07
      endloop
   endfacet
   facet normal 7.014270e-01 7.127413e-01 -0.000000e+00
      outer loop
         vertex 2.696018e+02 2.954910e+02 -3.200001e+01
         vertex 2.696018e+02 2.954910e+02 -2.000000e+01
         vertex 2.911391e+02 2.742955e+02 -2.000000e+01
      endloop
   endfacet
   facet normal 7.014270e-01 -7.127413e-01 0.000000e+00
      outer loop
         vertex 2.911391e+02 -2.742955e+02 -2.000000e+01
         vertex 2.696018e+02 -2.954910e+02 -2.000000e+01
         vertex 2.911391e+02 -2.742955e+02 -3.200001e+01
      endloop
   endfacet
   facet normal 7.014270e-01 -7.127413e-01 0.000000e+00
      outer loop
         vertex 2.911391e+02 -2.742955e+02 -3.200001e+01
         vertex 2.696018e+02 -2.954910e+02 -2.000000e+01
         vertex 2.696018e+02 -2.954910e+02 -3.200001e+01
      endloop
   endfacet
   facet normal 7.283845e-01 -6.851686e-01 0.000000e+00
      outer loop
         vertex 2.911391e+02 -2.742955e+02 -2.000000e+01
         vertex 2.911391e+02 -2.742955e+02 -3.200001e+01
         vertex 2.915582e+02 -2.738500e+02 -2.000000e+01
      endloop
   endfacet
   facet normal 7.532287e-01 -6.577560e-01 -1.885500e-03
      outer loop
         vertex 2.915582e+02 -2.738500e+02 -2.000000e+01
         vertex 2.911391e+02 -2.742955e+02 -3.200001e+01
         vertex 3.110149e+02 -2.515348e+02 -3.200001e+01
      endloop
   endfacet
   facet normal 7.537325e-01 -6.571813e-01 0.000000e+00
      outer loop
         vertex 2.915582e+02 -2.738500e+02 -2.000000e+01
         vertex 3.110149e+02 -2.515348e+02 -3.200001e+01
         vertex 2.915582e+02 -2.738500e+02 -1.200000e+01
      endloop
   endfacet
   facet normal 7.537325e-01 -6.571813e-01 0.000000e+00
      outer loop
         vertex 2.915582e+02 -2.738500e+02 -1.200000e+01
         vertex 3.110149e+02 -2.515348e+02 -3.200001e+01
         vertex 3.110149e+02 -2.515348e+02 -8.344651e-07
      endloop
   endfacet
   facet normal 7.252452e-01 -6.822156e-01 9.274276e-02
      outer loop
         vertex 2.915582e+02 -2.738500e+02 -1.200000e+01
         vertex 3.110149e+02 -2.515348e+02 -8.344651e-07
         vertex 2.911391e+02 -2.742955e+02 -1.200000e+01
      endloop
   endfacet
   facet normal 7.532300e-01 -6.577572e-01 0.000000e+00
      outer loop
         vertex 3.110149e+02 -2.515348e+02 -8.344651e-07
         vertex 2.911391e+02 -2.742955e+02 -8.344651e-07
         vertex 2.911391e+02 -2.742955e+02 -1.200000e+01
      endloop
   endfacet
   facet normal 7.224212e-01 -6.914533e-01 0.000000e+00
      outer loop
         vertex 2.911391e+02 -2.742955e+02 -1.200000e+01
         vertex 2.911391e+02 -2.742955e+02 -8.344651e-07
         vertex 2.867799e+02 -2.788500e+02 -8.344651e-07
      endloop
   endfacet
   facet normal 7.224212e-01 -6.914533e-01 0.000000e+00
      outer loop
         vertex 2.911391e+02 -2.742955e+02 -1.200000e+01
         vertex 2.867799e+02 -2.788500e+02 -8.344651e-07
         vertex 2.867799e+02 -2.788500e+02 -1.200000e+01
      endloop
   endfacet
   facet normal 8.017056e-01 -5.977192e-01 0.000000e+00
      outer loop
         vertex 3.225367e+02 -2.365800e+02 -1.200000e+01
         vertex 3.225367e+02 -2.365800e+02 -8.344651e-07
         vertex 3.188089e+02 -2.415800e+02 -1.200000e+01
      endloop
   endfacet
   facet normal 7.921329e-01 -6.102934e-01 8.212998e-03
      outer loop
         vertex 3.188089e+02 -2.415800e+02 -1.200000e+01
         vertex 3.225367e+02 -2.365800e+02 -8.344651e-07
         vertex 3.110149e+02 -2.515348e+02 -8.344651e-07
      endloop
   endfacet
   facet normal 7.873778e-01 -6.164708e-01 0.000000e+00
      outer loop
         vertex 3.188089e+02 -2.415800e+02 -1.200000e+01
         vertex 3.110149e+02 -2.515348e+02 -8.344651e-07
         vertex 3.188089e+02 -2.415800e+02 -2.000000e+01
      endloop
   endfacet
   facet normal 7.873778e-01 -6.164708e-01 0.000000e+00
      outer loop
         vertex 3.188089e+02 -2.415800e+02 -2.000000e+01
         vertex 3.110149e+02 -2.515348e+02 -8.344651e-07
         vertex 3.110149e+02 -2.515348e+02 -3.200001e+01
      endloop
   endfacet
   facet normal 8.094609e-01 -5.858258e-01 -3.976502e-02
      outer loop
         vertex 3.188089e+02 -2.415800e+02 -2.000000e+01
         vertex 3.110149e+02 -2.515348e+02 -3.200001e+01
         vertex 3.291157e+02 -2.273386e+02 -2.000000e+01
      endloop
   endfacet
   facet normal 8.007347e-01 -5.990191e-01 0.000000e+00
      outer loop
         vertex 3.291157e+02 -2.273386e+02 -2.000000e+01
         vertex 3.110149e+02 -2.515348e+02 -3.200001e+01
         vertex 3.291157e+02 -2.273386e+02 -3.200001e+01
      endloop
   endfacet
   facet normal 8.318691e-01 -5.549719e-01 0.000000e+00
      outer loop
         vertex 3.291157e+02 -2.273386e+02 -2.000000e+01
         vertex 3.291157e+02 -2.273386e+02 -3.200001e+01
         vertex 3.362932e+02 -2.165800e+02 -2.000000e+01
      endloop
   endfacet
   facet normal 8.434406e-01 -5.367175e-01 -2.328709e-02
      outer loop
         vertex 3.362932e+02 -2.165800e+02 -2.000000e+01
         vertex 3.291157e+02 -2.273386e+02 -3.200001e+01
         vertex 3.453384e+02 -2.018449e+02 -3.200001e+01
      endloop
   endfacet
   facet normal 8.522385e-01 -5.231535e-01 0.000000e+00
      outer loop
         vertex 3.362932e+02 -2.165800e+02 -2.000000e+01
         vertex 3.453384e+02 -2.018449e+02 -3.200001e+01
         vertex 3.362932e+02 -2.165800e+02 -1.200000e+01
      endloop
   endfacet
   facet normal 8.522385e-01 -5.231535e-01 0.000000e+00
      outer loop
         vertex 3.362932e+02 -2.165800e+02 -1.200000e+01
         vertex 3.453384e+02 -2.018449e+02 -3.200001e+01
         vertex 3.453384e+02 -2.018449e+02 -8.344651e-07
      endloop
   endfacet
   facet normal 8.359300e-01 -5.472369e-01 4.186543e-02
      outer loop
         vertex 3.362932e+02 -2.165800e+02 -1.200000e+01
         vertex 3.453384e+02 -2.018449e+02 -8.344651e-07
         vertex 3.330200e+02 -2.215800e+02 -1.200000e+01
      endloop
   endfacet
   facet normal 8.483064e-01 -5.295057e-01 0.000000e+00
      outer loop
         vertex 3.330200e+02 -2.215800e+02 -1.200000e+01
         vertex 3.453384e+02 -2.018449e+02 -8.344651e-07
         vertex 3.330200e+02 -2.215800e+02 -8.344651e-07
      endloop
   endfacet
   facet normal 8.907279e-01 -4.545368e-01 0.000000e+00
      outer loop
         vertex 3.575583e+02 -1.793100e+02 -1.200000e+01
         vertex 3.575583e+02 -1.793100e+02 -8.344651e-07
         vertex 3.550068e+02 -1.843100e+02 -1.200000e+01
      endloop
   endfacet
   facet normal 8.790124e-01 -4.766552e-01 1.170704e-02
      outer loop
         vertex 3.550068e+02 -1.843100e+02 -1.200000e+01
         vertex 3.575583e+02 -1.793100e+02 -8.344651e-07
         vertex 3.453384e+02 -2.018449e+02 -8.344651e-07
      endloop
   endfacet
   facet normal 8.757063e-01 -4.828441e-01 0.000000e+00
      outer loop
         vertex 3.550068e+02 -1.843100e+02 -1.200000e+01
         vertex 3.453384e+02 -2.018449e+02 -8.344651e-07
         vertex 3.550068e+02 -1.843100e+02 -2.000000e+01
      endloop
   endfacet
   facet normal 8.757063e-01 -4.828441e-01 0.000000e+00
      outer loop
         vertex 3.550068e+02 -1.843100e+02 -2.000000e+01
         vertex 3.453384e+02 -2.018449e+02 -8.344651e-07
         vertex 3.453384e+02 -2.018449e+02 -3.200001e+01
      endloop
   endfacet
   facet normal 8.915495e-01 -4.485344e-01 -6.289954e-02
      outer loop
         vertex 3.550068e+02 -1.843100e+02 -2.000000e+01
         vertex 3.453384e+02 -2.018449e+02 -3.200001e+01
         vertex 3.595903e+02 -1.751994e+02 -2.000000e+01
      endloop
   endfacet
   facet normal 8.817903e-01 -4.716417e-01 0.000000e+00
      outer loop
         vertex 3.595903e+02 -1.751994e+02 -2.000000e+01
         vertex 3.453384e+02 -2.018449e+02 -3.200001e+01
         vertex 3.595903e+02 -1.751994e+02 -3.200001e+01
      endloop
   endfacet
   facet normal 9.083380e-01 -4.182369e-01 0.000000e+00
      outer loop
         vertex 3.595903e+02 -1.751994e+02 -2.000000e+01
         vertex 3.595903e+02 -1.751994e+02 -3.200001e+01
         vertex 3.669064e+02 -1.593100e+02 -2.000000e+01
      endloop
   endfacet
   facet normal 9.146321e-01 -4.036215e-01 -2.318983e-02
      outer loop
         vertex 3.669064e+02 -1.593100e+02 -2.000000e+01
         vertex 3.595903e+02 -1.751994e+02 -3.200001e+01
         vertex 3.717900e+02 -1.475540e+02 -3.200001e+01
      endloop
   endfacet
   facet normal 9.234873e-01 -3.836289e-01 0.000000e+00
      outer loop
         vertex 3.669064e+02 -1.593100e+02 -2.000000e+01
         vertex 3.717900e+02 -1.475540e+02 -3.200001e+01
         vertex 3.669064e+02 -1.593100e+02 -1.200000e+01
      endloop
   endfacet
   facet normal 9.234873e-01 -3.836289e-01 0.000000e+00
      outer loop
         vertex 3.669064e+02 -1.593100e+02 -1.200000e+01
         vertex 3.717900e+02 -1.475540e+02 -3.200001e+01
         vertex 3.717900e+02 -1.475540e+02 -8.344651e-07
      endloop
   endfacet
   facet normal 9.142547e-01 -4.044209e-01 2.412651e-02
      outer loop
         vertex 3.669064e+02 -1.593100e+02 -1.200000e+01
         vertex 3.717900e+02 -1.475540e+02 -8.344651e-07
         vertex 3.646947e+02 -1.643100e+02 -1.200000e+01
      endloop
   endfacet
   facet normal 9.208435e-01 -3.899324e-01 0.000000e+00
      outer loop
         vertex 3.646947e+02 -1.643100e+02 -1.200000e+01
         vertex 3.717900e+02 -1.475540e+02 -8.344651e-07
         vertex 3.646947e+02 -1.643100e+02 -8.344651e-07
      endloop
   endfacet
   facet normal 9.502936e-01 -3.113552e-01 0.000000e+00
      outer loop
         vertex 3.809281e+02 -1.220400e+02 -1.200000e+01
         vertex 3.809281e+02 -1.220400e+02 -8.344651e-07
         vertex 3.792899e+02 -1.270400e+02 -1.200000e+01
      endloop
   endfacet
   facet normal 9.413707e-01 -3.371615e-01 1.197074e-02
      outer loop
         vertex 3.792899e+02 -1.270400e+02 -1.200000e+01
         vertex 3.809281e+02 -1.220400e+02 -8.344651e-07
         vertex 3.717900e+02 -1.475540e+02 -8.344651e-07
      endloop
   endfacet
   facet normal 9.392001e-01 -3.433704e-01 0.000000e+00
      outer loop
         vertex 3.792899e+02 -1.270400e+02 -1.200000e+01
         vertex 3.717900e+02 -1.475540e+02 -8.344651e-07
         vertex 3.792899e+02 -1.270400e+02 -2.000000e+01
      endloop
   endfacet
   facet normal 9.392001e-01 -3.433704e-01 0.000000e+00
      outer loop
         vertex 3.792899e+02 -1.270400e+02 -2.000000e+01
         vertex 3.717900e+02 -1.475540e+02 -8.344651e-07
         vertex 3.717900e+02 -1.475540e+02 -3.200001e+01
      endloop
   endfacet
   facet normal 9.492590e-01 -3.069242e-01 -6.859160e-02
      outer loop
         vertex 3.792899e+02 -1.270400e+02 -2.000000e+01
         vertex 3.717900e+02 -1.475540e+02 -3.200001e+01
         vertex 3.818680e+02 -1.190666e+02 -2.000000e+01
      endloop
   endfacet
   facet normal 9.427454e-01 -3.335133e-01 0.000000e+00
      outer loop
         vertex 3.818680e+02 -1.190666e+02 -2.000000e+01
         vertex 3.717900e+02 -1.475540e+02 -3.200001e+01
         vertex 3.818680e+02 -1.190666e+02 -3.200001e+01
      endloop
   endfacet
   facet normal 9.610280e-01 -2.764509e-01 0.000000e+00
      outer loop
         vertex 3.818680e+02 -1.190666e+02 -2.000000e+01
         vertex 3.818680e+02 -1.190666e+02 -3.200001e+01
         vertex 3.867659e+02 -1.020400e+02 -2.000000e+01
      endloop
   endfacet
   facet normal 9.649752e-01 -2.613245e-01 -2.307359e-02
      outer loop
         vertex 3.867659e+02 -1.020400e+02 -2.000000e+01
         vertex 3.818680e+02 -1.190666e+02 -3.200001e+01
         vertex 3.897667e+02 -8.989963e+01 -3.200001e+01
      endloop
   endfacet
   facet normal 9.707844e-01 -2.399536e-01 0.000000e+00
      outer loop
         vertex 3.867659e+02 -1.020400e+02 -2.000000e+01
         vertex 3.897667e+02 -8.989963e+01 -3.200001e+01
         vertex 3.867659e+02 -1.020400e+02 -1.200000e+01
      endloop
   endfacet
   facet normal 9.707844e-01 -2.399536e-01 0.000000e+00
      outer loop
         vertex 3.867659e+02 -1.020400e+02 -1.200000e+01
         vertex 3.897667e+02 -8.989963e+01 -3.200001e+01
         vertex 3.897667e+02 -8.989963e+01 -8.344651e-07
      endloop
   endfacet
   facet normal 9.649868e-01 -2.612855e-01 2.303120e-02
      outer loop
         vertex 3.867659e+02 -1.020400e+02 -1.200000e+01
         vertex 3.897667e+02 -8.989963e+01 -8.344651e-07
         vertex 3.854120e+02 -1.070400e+02 -1.200000e+01
      endloop
   endfacet
   facet normal 9.692103e-01 -2.462343e-01 0.000000e+00
      outer loop
         vertex 3.854120e+02 -1.070400e+02 -1.200000e+01
         vertex 3.897667e+02 -8.989963e+01 -8.344651e-07
         vertex 3.854120e+02 -1.070400e+02 -8.344651e-07
      endloop
   endfacet
   facet normal 9.857560e-01 -1.681820e-01 0.000000e+00
      outer loop
         vertex 3.947212e+02 -6.477000e+01 -1.200000e+01
         vertex 3.947212e+02 -6.477000e+01 -8.344651e-07
         vertex 3.938682e+02 -6.977000e+01 -1.200000e+01
      endloop
   endfacet
   facet normal 9.810549e-01 -1.934255e-01 1.085231e-02
      outer loop
         vertex 3.938682e+02 -6.977000e+01 -1.200000e+01
         vertex 3.947212e+02 -6.477000e+01 -8.344651e-07
         vertex 3.897667e+02 -8.989963e+01 -8.344651e-07
      endloop
   endfacet
   facet normal 9.798667e-01 -1.996529e-01 0.000000e+00
      outer loop
         vertex 3.938682e+02 -6.977000e+01 -1.200000e+01
         vertex 3.897667e+02 -8.989963e+01 -8.344651e-07
         vertex 3.938682e+02 -6.977000e+01 -2.000000e+01
      endloop
   endfacet
   facet normal 9.798667e-01 -1.996529e-01 0.000000e+00
      outer loop
         vertex 3.938682e+02 -6.977000e+01 -2.000000e+01
         vertex 3.897667e+02 -8.989963e+01 -8.344651e-07
         vertex 3.897667e+02 -8.989963e+01 -3.200001e+01
      endloop
   endfacet
   facet normal 9.846522e-01 -1.621622e-01 -6.452505e-02
      outer loop
         vertex 3.938682e+02 -6.977000e+01 -2.000000e+01
         vertex 3.897667e+02 -8.989963e+01 -3.200001e+01
         vertex 3.954410e+02 -6.021964e+01 -2.000000e+01
      endloop
   endfacet
   facet normal 9.822104e-01 -1.877837e-01 0.000000e+00
      outer loop
         vertex 3.954410e+02 -6.021964e+01 -2.000000e+01
         vertex 3.897667e+02 -8.989963e+01 -3.200001e+01
         vertex 3.954410e+02 -6.021964e+01 -3.200001e+01
      endloop
   endfacet
   facet normal 9.913479e-01 -1.312608e-01 0.000000e+00
      outer loop
         vertex 3.954410e+02 -6.021964e+01 -2.000000e+01
         vertex 3.954410e+02 -6.021964e+01 -3.200001e+01
         vertex 3.974867e+02 -4.477000e+01 -2.000000e+01
      endloop
   endfacet
   facet normal 9.933032e-01 -1.130683e-01 -2.375562e-02
      outer loop
         vertex 3.974867e+02 -4.477000e+01 -2.000000e+01
         vertex 3.954410e+02 -6.021964e+01 -3.200001e+01
         vertex 3.988586e+02 -3.019598e+01 -3.200001e+01
      endloop
   endfacet
   facet normal 9.955982e-01 -9.372436e-02 0.000000e+00
      outer loop
         vertex 3.974867e+02 -4.477000e+01 -2.000000e+01
         vertex 3.988586e+02 -3.019598e+01 -3.200001e+01
         vertex 3.974867e+02 -4.477000e+01 -1.200000e+01
      endloop
   endfacet
   facet normal 9.955982e-01 -9.372436e-02 0.000000e+00
      outer loop
         vertex 3.974867e+02 -4.477000e+01 -1.200000e+01
         vertex 3.988586e+02 -3.019598e+01 -3.200001e+01
         vertex 3.988586e+02 -3.019598e+01 -8.344651e-07
      endloop
   endfacet
   facet normal 9.925459e-01 -1.181254e-01 2.998406e-02
      outer loop
         vertex 3.974867e+02 -4.477000e+01 -1.200000e+01
         vertex 3.988586e+02 -3.019598e+01 -8.344651e-07
         vertex 3.968916e+02 -4.977000e+01 -1.200000e+01
      endloop
   endfacet
   facet normal 9.949886e-01 -9.998891e-02 0.000000e+00
      outer loop
         vertex 3.968916e+02 -4.977000e+01 -1.200000e+01
         vertex 3.988586e+02 -3.019598e+01 -8.344651e-07
         vertex 3.968916e+02 -4.977000e+01 -8.344651e-07
      endloop
   endfacet
   facet normal 9.996875e-01 -2.499633e-02 0.000000e+00
      outer loop
         vertex 3.999297e+02 -7.500000e+00 -1.200000e+01
         vertex 3.999297e+02 -7.500000e+00 -8.344651e-07
         vertex 3.998047e+02 -1.250000e+01 -1.200000e+01
      endloop
   endfacet
   facet normal 9.988458e-01 -4.713608e-02 9.233664e-03
      outer loop
         vertex 3.998047e+02 -1.250000e+01 -1.200000e+01
         vertex 3.999297e+02 -7.500000e+00 -8.344651e-07
         vertex 3.988586e+02 -3.019598e+01 -8.344651e-07
      endloop
   endfacet
   facet normal 9.985741e-01 -5.338309e-02 0.000000e+00
      outer loop
         vertex 3.998047e+02 -1.250000e+01 -1.200000e+01
         vertex 3.988586e+02 -3.019598e+01 -8.344651e-07
         vertex 3.998047e+02 -1.250000e+01 -2.000000e+01
      endloop
   endfacet
   facet normal 9.985741e-01 -5.338309e-02 0.000000e+00
      outer loop
         vertex 3.998047e+02 -1.250000e+01 -2.000000e+01
         vertex 3.988586e+02 -3.019598e+01 -8.344651e-07
         vertex 3.988586e+02 -3.019598e+01 -3.200001e+01
      endloop
   endfacet
   facet normal 9.983259e-01 -1.560217e-02 -5.569459e-02
      outer loop
         vertex 3.998047e+02 -1.250000e+01 -2.000000e+01
         vertex 3.988586e+02 -3.019598e+01 -3.200001e+01
         vertex 4.000000e+02 -1.004303e-15 -2.000000e+01
      endloop
   endfacet
   facet normal 9.992864e-01 -3.777174e-02 2.620939e-18
      outer loop
         vertex 4.000000e+02 -1.004303e-15 -2.000000e+01
         vertex 3.988586e+02 -3.019598e+01 -3.200001e+01
         vertex 4.000000e+02 -1.836970e-15 -3.200001e+01
      endloop
   endfacet
   facet normal 9.998779e-01 1.562643e-02 -1.084300e-18
      outer loop
         vertex 4.000000e+02 -1.004303e-15 -2.000000e+01
         vertex 4.000000e+02 -1.836970e-15 -3.200001e+01
         vertex 3.998047e+02 1.250000e+01 -2.000000e+01
      endloop
   endfacet
   facet normal 9.990204e-01 3.776169e-02 -2.307150e-02
      outer loop
         vertex 3.998047e+02 1.250000e+01 -2.000000e+01
         vertex 4.000000e+02 -1.836970e-15 -3.200001e+01
         vertex 3.988586e+02 3.019598e+01 -3.200001e+01
      endloop
   endfacet
   facet normal 9.985741e-01 5.338309e-02 -0.000000e+00
      outer loop
         vertex 3.998047e+02 1.250000e+01 -2.000000e+01
         vertex 3.988586e+02 3.019598e+01 -3.200001e+01
         vertex 3.998047e+02 1.250000e+01 -1.200000e+01
      endloop
   endfacet
   facet normal 9.985741e-01 5.338309e-02 0.000000e+00
      outer loop
         vertex 3.998047e+02 1.250000e+01 -1.200000e+01
         vertex 3.988586e+02 3.019598e+01 -3.200001e+01
         vertex 3.988586e+02 3.019598e+01 -8.344651e-07
      endloop
   endfacet
   facet normal 9.988091e-01 2.497437e-02 4.191187e-02
      outer loop
         vertex 3.998047e+02 1.250000e+01 -1.200000e+01
         vertex 3.988586e+02 3.019598e+01 -8.344651e-07
         vertex 3.999297e+02 7.500000e+00 -1.200000e+01
      endloop
   endfacet
   facet normal 9.988884e-01 4.713809e-02 -0.000000e+00
      outer loop
         vertex 3.999297e+02 7.500000e+00 -1.200000e+01
         vertex 3.988586e+02 3.019598e+01 -8.344651e-07
         vertex 3.999297e+02 7.500000e+00 -8.344651e-07
      endloop
   endfacet
   facet normal 9.929924e-01 1.181785e-01 -0.000000e+00
      outer loop
         vertex 3.968916e+02 4.977000e+01 -1.200000e+01
         vertex 3.968916e+02 4.977000e+01 -8.344651e-07
         vertex 3.974867e+02 4.477000e+01 -1.200000e+01
      endloop
   endfacet
   facet normal 9.949592e-01 9.998596e-02 7.677774e-03
      outer loop
         vertex 3.974867e+02 4.477000e+01 -1.200000e+01
         vertex 3.968916e+02 4.977000e+01 -8.344651e-07
         vertex 3.988586e+02 3.019598e+01 -8.344651e-07
      endloop
   endfacet
   facet normal 9.955982e-01 9.372436e-02 0.000000e+00
      outer loop
         vertex 3.974867e+02 4.477000e+01 -1.200000e+01
         vertex 3.988586e+02 3.019598e+01 -8.344651e-07
         vertex 3.974867e+02 4.477000e+01 -2.000000e+01
      endloop
   endfacet
   facet normal 9.955982e-01 9.372436e-02 0.000000e+00
      outer loop
         vertex 3.974867e+02 4.477000e+01 -2.000000e+01
         vertex 3.988586e+02 3.019598e+01 -8.344651e-07
         vertex 3.988586e+02 3.019598e+01 -3.200001e+01
      endloop
   endfacet
   facet normal 9.902973e-01 1.311217e-01 -4.602516e-02
      outer loop
         vertex 3.974867e+02 4.477000e+01 -2.000000e+01
         vertex 3.988586e+02 3.019598e+01 -3.200001e+01
         vertex 3.954410e+02 6.021964e+01 -2.000000e+01
      endloop
   endfacet
   facet normal 9.935836e-01 1.131002e-01 0.000000e+00
      outer loop
         vertex 3.954410e+02 6.021964e+01 -2.000000e+01
         vertex 3.988586e+02 3.019598e+01 -3.200001e+01
         vertex 3.954410e+02 6.021964e+01 -3.200001e+01
      endloop
   endfacet
   facet normal 9.867084e-01 1.625008e-01 0.000000e+00
      outer loop
         vertex 3.954410e+02 6.021964e+01 -2.000000e+01
         vertex 3.954410e+02 6.021964e+01 -3.200001e+01
         vertex 3.938682e+02 6.977000e+01 -2.000000e+01
      endloop
   endfacet
   facet normal 9.819998e-01 1.877434e-01 -2.070680e-02
      outer loop
         vertex 3.938682e+02 6.977000e+01 -2.000000e+01
         vertex 3.954410e+02 6.021964e+01 -3.200001e+01
         vertex 3.897667e+02 8.989963e+01 -3.200001e+01
      endloop
   endfacet
   facet normal 9.798667e-01 1.996529e-01 -0.000000e+00
      outer loop
         vertex 3.938682e+02 6.977000e+01 -2.000000e+01
         vertex 3.897667e+02 8.989963e+01 -3.200001e+01
         vertex 3.938682e+02 6.977000e+01 -1.200000e+01
      endloop
   endfacet
   facet normal 9.798667e-01 1.996529e-01 0.000000e+00
      outer loop
         vertex 3.938682e+02 6.977000e+01 -1.200000e+01
         vertex 3.897667e+02 8.989963e+01 -3.200001e+01
         vertex 3.897667e+02 8.989963e+01 -8.344651e-07
      endloop
   endfacet
   facet normal 9.842789e-01 1.679300e-01 5.472210e-02
      outer loop
         vertex 3.938682e+02 6.977000e+01 -1.200000e+01
         vertex 3.897667e+02 8.989963e+01 -8.344651e-07
         vertex 3.947212e+02 6.477000e+01 -1.200000e+01
      endloop
   endfacet
   facet normal 9.811127e-01 1.934369e-01 -0.000000e+00
      outer loop
         vertex 3.947212e+02 6.477000e+01 -1.200000e+01
         vertex 3.897667e+02 8.989963e+01 -8.344651e-07
         vertex 3.947212e+02 6.477000e+01 -8.344651e-07
      endloop
   endfacet
   facet normal 9.652428e-01 2.613548e-01 -0.000000e+00
      outer loop
         vertex 3.854120e+02 1.070400e+02 -1.200000e+01
         vertex 3.854120e+02 1.070400e+02 -8.344651e-07
         vertex 3.867659e+02 1.020400e+02 -1.200000e+01
      endloop
   endfacet
   facet normal 9.691883e-01 2.462287e-01 6.747662e-03
      outer loop
         vertex 3.867659e+02 1.020400e+02 -1.200000e+01
         vertex 3.854120e+02 1.070400e+02 -8.344651e-07
         vertex 3.897667e+02 8.989963e+01 -8.344651e-07
      endloop
   endfacet
   facet normal 9.707844e-01 2.399536e-01 0.000000e+00
      outer loop
         vertex 3.867659e+02 1.020400e+02 -1.200000e+01
         vertex 3.897667e+02 8.989963e+01 -8.344651e-07
         vertex 3.867659e+02 1.020400e+02 -2.000000e+01
      endloop
   endfacet
   facet normal 9.707844e-01 2.399536e-01 0.000000e+00
      outer loop
         vertex 3.867659e+02 1.020400e+02 -2.000000e+01
         vertex 3.897667e+02 8.989963e+01 -8.344651e-07
         vertex 3.897667e+02 8.989963e+01 -3.200001e+01
      endloop
   endfacet
   facet normal 9.602843e-01 2.762370e-01 -3.933349e-02
      outer loop
         vertex 3.867659e+02 1.020400e+02 -2.000000e+01
         vertex 3.897667e+02 8.989963e+01 -3.200001e+01
         vertex 3.818680e+02 1.190666e+02 -2.000000e+01
      endloop
   endfacet
   facet normal 9.652322e-01 2.613941e-01 0.000000e+00
      outer loop
         vertex 3.818680e+02 1.190666e+02 -2.000000e+01
         vertex 3.897667e+02 8.989963e+01 -3.200001e+01
         vertex 3.818680e+02 1.190666e+02 -3.200001e+01
      endloop
   endfacet
   facet normal 9.515000e-01 3.076488e-01 0.000000e+00
      outer loop
         vertex 3.818680e+02 1.190666e+02 -2.000000e+01
         vertex 3.818680e+02 1.190666e+02 -3.200001e+01
         vertex 3.792899e+02 1.270400e+02 -2.000000e+01
      endloop
   endfacet
   facet normal 9.425741e-01 3.334527e-01 -1.906308e-02
      outer loop
         vertex 3.792899e+02 1.270400e+02 -2.000000e+01
         vertex 3.818680e+02 1.190666e+02 -3.200001e+01
         vertex 3.717900e+02 1.475540e+02 -3.200001e+01
      endloop
   endfacet
   facet normal 9.392001e-01 3.433704e-01 -0.000000e+00
      outer loop
         vertex 3.792899e+02 1.270400e+02 -2.000000e+01
         vertex 3.717900e+02 1.475540e+02 -3.200001e+01
         vertex 3.792899e+02 1.270400e+02 -1.200000e+01
      endloop
   endfacet
   facet normal 9.392001e-01 3.433704e-01 0.000000e+00
      outer loop
         vertex 3.792899e+02 1.270400e+02 -1.200000e+01
         vertex 3.717900e+02 1.475540e+02 -3.200001e+01
         vertex 3.717900e+02 1.475540e+02 -8.344651e-07
      endloop
   endfacet
   facet normal 9.484920e-01 3.107650e-01 6.154650e-02
      outer loop
         vertex 3.792899e+02 1.270400e+02 -1.200000e+01
         vertex 3.717900e+02 1.475540e+02 -8.344651e-07
         vertex 3.809281e+02 1.220400e+02 -1.200000e+01
      endloop
   endfacet
   facet normal 9.414382e-01 3.371857e-01 -0.000000e+00
      outer loop
         vertex 3.809281e+02 1.220400e+02 -1.200000e+01
         vertex 3.717900e+02 1.475540e+02 -8.344651e-07
         vertex 3.809281e+02 1.220400e+02 -8.344651e-07
      endloop
   endfacet
   facet normal 9.145209e-01 4.045386e-01 -0.000000e+00
      outer loop
         vertex 3.646947e+02 1.643100e+02 -1.200000e+01
         vertex 3.646947e+02 1.643100e+02 -8.344651e-07
         vertex 3.669064e+02 1.593100e+02 -1.200000e+01
      endloop
   endfacet
   facet normal 9.208193e-01 3.899221e-01 7.251065e-03
      outer loop
         vertex 3.669064e+02 1.593100e+02 -1.200000e+01
         vertex 3.646947e+02 1.643100e+02 -8.344651e-07
         vertex 3.717900e+02 1.475540e+02 -8.344651e-07
      endloop
   endfacet
   facet normal 9.234873e-01 3.836289e-01 0.000000e+00
      outer loop
         vertex 3.669064e+02 1.593100e+02 -1.200000e+01
         vertex 3.717900e+02 1.475540e+02 -8.344651e-07
         vertex 3.669064e+02 1.593100e+02 -2.000000e+01
      endloop
   endfacet
   facet normal 9.234873e-01 3.836289e-01 0.000000e+00
      outer loop
         vertex 3.669064e+02 1.593100e+02 -2.000000e+01
         vertex 3.717900e+02 1.475540e+02 -8.344651e-07
         vertex 3.717900e+02 1.475540e+02 -3.200001e+01
      endloop
   endfacet
   facet normal 9.076097e-01 4.179016e-01 -4.003734e-02
      outer loop
         vertex 3.669064e+02 1.593100e+02 -2.000000e+01
         vertex 3.717900e+02 1.475540e+02 -3.200001e+01
         vertex 3.595903e+02 1.751994e+02 -2.000000e+01
      endloop
   endfacet
   facet normal 9.148781e-01 4.037301e-01 0.000000e+00
      outer loop
         vertex 3.595903e+02 1.751994e+02 -2.000000e+01
         vertex 3.717900e+02 1.475540e+02 -3.200001e+01
         vertex 3.595903e+02 1.751994e+02 -3.200001e+01
      endloop
   endfacet
   facet normal 8.933184e-01 4.494243e-01 0.000000e+00
      outer loop
         vertex 3.595903e+02 1.751994e+02 -2.000000e+01
         vertex 3.595903e+02 1.751994e+02 -3.200001e+01
         vertex 3.550068e+02 1.843100e+02 -2.000000e+01
      endloop
   endfacet
   facet normal 8.815908e-01 4.715351e-01 -2.126631e-02
      outer loop
         vertex 3.550068e+02 1.843100e+02 -2.000000e+01
         vertex 3.595903e+02 1.751994e+02 -3.200001e+01
         vertex 3.453384e+02 2.018449e+02 -3.200001e+01
      endloop
   endfacet
   facet normal 8.757063e-01 4.828441e-01 -0.000000e+00
      outer loop
         vertex 3.550068e+02 1.843100e+02 -2.000000e+01
         vertex 3.453384e+02 2.018449e+02 -3.200001e+01
         vertex 3.550068e+02 1.843100e+02 -1.200000e+01
      endloop
   endfacet
   facet normal 8.757063e-01 4.828441e-01 0.000000e+00
      outer loop
         vertex 3.550068e+02 1.843100e+02 -1.200000e+01
         vertex 3.453384e+02 2.018449e+02 -3.200001e+01
         vertex 3.453384e+02 2.018449e+02 -8.344651e-07
      endloop
   endfacet
   facet normal 8.894575e-01 4.538885e-01 5.339037e-02
      outer loop
         vertex 3.550068e+02 1.843100e+02 -1.200000e+01
         vertex 3.453384e+02 2.018449e+02 -8.344651e-07
         vertex 3.575583e+02 1.793100e+02 -1.200000e+01
      endloop
   endfacet
   facet normal 8.790726e-01 4.766879e-01 -0.000000e+00
      outer loop
         vertex 3.575583e+02 1.793100e+02 -1.200000e+01
         vertex 3.453384e+02 2.018449e+02 -8.344651e-07
         vertex 3.575583e+02 1.793100e+02 -8.344651e-07
      endloop
   endfacet
   facet normal 8.366636e-01 5.477171e-01 -0.000000e+00
      outer loop
         vertex 3.330200e+02 2.215800e+02 -1.200000e+01
         vertex 3.330200e+02 2.215800e+02 -8.344651e-07
         vertex 3.362932e+02 2.165800e+02 -1.200000e+01
      endloop
   endfacet
   facet normal 8.482573e-01 5.294750e-01 1.076327e-02
      outer loop
         vertex 3.362932e+02 2.165800e+02 -1.200000e+01
         vertex 3.330200e+02 2.215800e+02 -8.344651e-07
         vertex 3.453384e+02 2.018449e+02 -8.344651e-07
      endloop
   endfacet
   facet normal 8.522385e-01 5.231535e-01 0.000000e+00
      outer loop
         vertex 3.362932e+02 2.165800e+02 -1.200000e+01
         vertex 3.453384e+02 2.018449e+02 -8.344651e-07
         vertex 3.362932e+02 2.165800e+02 -2.000000e+01
      endloop
   endfacet
   facet normal 8.522385e-01 5.231535e-01 0.000000e+00
      outer loop
         vertex 3.362932e+02 2.165800e+02 -2.000000e+01
         vertex 3.453384e+02 2.018449e+02 -8.344651e-07
         vertex 3.453384e+02 2.018449e+02 -3.200001e+01
      endloop
   endfacet
   facet normal 8.306398e-01 5.541518e-01 -5.434396e-02
      outer loop
         vertex 3.362932e+02 2.165800e+02 -2.000000e+01
         vertex 3.453384e+02 2.018449e+02 -3.200001e+01
         vertex 3.291157e+02 2.273386e+02 -2.000000e+01
      endloop
   endfacet
   facet normal 8.436694e-01 5.368630e-01 0.000000e+00
      outer loop
         vertex 3.291157e+02 2.273386e+02 -2.000000e+01
         vertex 3.453384e+02 2.018449e+02 -3.200001e+01
         vertex 3.291157e+02 2.273386e+02 -3.200001e+01
      endloop
   endfacet
   facet normal 8.101016e-01 5.862895e-01 0.000000e+00
      outer loop
         vertex 3.291157e+02 2.273386e+02 -2.000000e+01
         vertex 3.291157e+02 2.273386e+02 -3.200001e+01
         vertex 3.188089e+02 2.415800e+02 -2.000000e+01
      endloop
   endfacet
   facet normal 8.005202e-01 5.988586e-01 -2.314642e-02
      outer loop
         vertex 3.188089e+02 2.415800e+02 -2.000000e+01
         vertex 3.291157e+02 2.273386e+02 -3.200001e+01
         vertex 3.110149e+02 2.515348e+02 -3.200001e+01
      endloop
   endfacet
   facet normal 7.873778e-01 6.164708e-01 -0.000000e+00
      outer loop
         vertex 3.188089e+02 2.415800e+02 -2.000000e+01
         vertex 3.110149e+02 2.515348e+02 -3.200001e+01
         vertex 3.188089e+02 2.415800e+02 -1.200000e+01
      endloop
   endfacet
   facet normal 7.873778e-01 6.164708e-01 0.000000e+00
      outer loop
         vertex 3.188089e+02 2.415800e+02 -1.200000e+01
         vertex 3.110149e+02 2.515348e+02 -3.200001e+01
         vertex 3.110149e+02 2.515348e+02 -8.344651e-07
      endloop
   endfacet
   facet normal 8.014579e-01 5.975345e-01 2.485393e-02
      outer loop
         vertex 3.188089e+02 2.415800e+02 -1.200000e+01
         vertex 3.110149e+02 2.515348e+02 -8.344651e-07
         vertex 3.225367e+02 2.365800e+02 -1.200000e+01
      endloop
   endfacet
   facet normal 7.921596e-01 6.103140e-01 -0.000000e+00
      outer loop
         vertex 3.225367e+02 2.365800e+02 -1.200000e+01
         vertex 3.110149e+02 2.515348e+02 -8.344651e-07
         vertex 3.225367e+02 2.365800e+02 -8.344651e-07
      endloop
   endfacet
   facet normal 7.224212e-01 6.914533e-01 0.000000e+00
      outer loop
         vertex 2.867799e+02 2.788500e+02 -8.344651e-07
         vertex 2.911391e+02 2.742955e+02 -8.344651e-07
         vertex 2.867799e+02 2.788500e+02 -1.200000e+01
      endloop
   endfacet
   facet normal 7.224212e-01 6.914533e-01 0.000000e+00
      outer loop
         vertex 2.867799e+02 2.788500e+02 -1.200000e+01
         vertex 2.911391e+02 2.742955e+02 -8.344651e-07
         vertex 2.911391e+02 2.742955e+02 -1.200000e+01
      endloop
   endfacet
   facet normal 7.283845e-01 6.851686e-01 -0.000000e+00
      outer loop
         vertex 2.911391e+02 2.742955e+02 -1.200000e+01
         vertex 2.911391e+02 2.742955e+02 -8.344651e-07
         vertex 2.915582e+02 2.738500e+02 -1.200000e+01
      endloop
   endfacet
   facet normal 7.532287e-01 6.577560e-01 1.885501e-03
      outer loop
         vertex 2.915582e+02 2.738500e+02 -1.200000e+01
         vertex 2.911391e+02 2.742955e+02 -8.344651e-07
         vertex 3.110149e+02 2.515348e+02 -8.344651e-07
      endloop
   endfacet
   facet normal 7.537325e-01 6.571813e-01 0.000000e+00
      outer loop
         vertex 2.915582e+02 2.738500e+02 -1.200000e+01
         vertex 3.110149e+02 2.515348e+02 -8.344651e-07
         vertex 2.915582e+02 2.738500e+02 -2.000000e+01
      endloop
   endfacet
   facet normal 7.537325e-01 6.571813e-01 0.000000e+00
      outer loop
         vertex 2.915582e+02 2.738500e+02 -2.000000e+01
         vertex 3.110149e+02 2.515348e+02 -8.344651e-07
         vertex 3.110149e+02 2.515348e+02 -3.200001e+01
      endloop
   endfacet
   facet normal 7.252452e-01 6.822156e-01 -9.274271e-02
      outer loop
         vertex 2.915582e+02 2.738500e+02 -2.000000e+01
         vertex 3.110149e+02 2.515348e+02 -3.200001e+01
         vertex 2.911391e+02 2.742955e+02 -2.000000e+01
      endloop
   endfacet
   facet normal 7.532300e-01 6.577572e-01 0.000000e+00
      outer loop
         vertex 2.911391e+02 2.742955e+02 -2.000000e+01
         vertex 3.110149e+02 2.515348e+02 -3.200001e+01
         vertex 2.911391e+02 2.742955e+02 -3.200001e+01
      endloop
   endfacet
   facet normal 7.014270e-01 7.127413e-01 0.000000e+00
      outer loop
         vertex 2.911391e+02 2.742955e+02 -2.000000e+01
         vertex 2.911391e+02 2.742955e+02 -3.200001e+01
         vertex 2.696018e+02 2.954910e+02 -3.200001e+01
      endloop
   endfacet
   facet normal 6.693557e-01 7.429421e-01 0.000000e+00
      outer loop
         vertex 2.696018e+02 2.954910e+02 -2.000000e+01
         vertex 2.696018e+02 2.954910e+02 -3.200001e+01
         vertex 2.658734e+02 2.988500e+02 -2.000000e+01
      endloop
   endfacet
   facet normal 6.455637e-01 7.635928e-01 -1.317262e-02
      outer loop
         vertex 2.658734e+02 2.988500e+02 -2.000000e+01
         vertex 2.696018e+02 2.954910e+02 -3.200001e+01
         vertex 2.465259e+02 3.150000e+02 -3.200001e+01
      endloop
   endfacet
   facet normal 6.408168e-01 7.676938e-01 -0.000000e+00
      outer loop
         vertex 2.658734e+02 2.988500e+02 -2.000000e+01
         vertex 2.465259e+02 3.150000e+02 -3.200001e+01
         vertex 2.658734e+02 2.988500e+02 -1.200000e+01
      endloop
   endfacet
   facet normal 6.408168e-01 7.676938e-01 0.000000e+00
      outer loop
         vertex 2.658734e+02 2.988500e+02 -1.200000e+01
         vertex 2.465259e+02 3.150000e+02 -3.200001e+01
         vertex 2.465259e+02 3.150000e+02 -8.344651e-07
      endloop
   endfacet
   facet normal 6.672597e-01 7.406156e-01 7.907659e-02
      outer loop
         vertex 2.658734e+02 2.988500e+02 -1.200000e+01
         vertex 2.465259e+02 3.150000e+02 -8.344651e-07
         vertex 2.696018e+02 2.954910e+02 -1.200000e+01
      endloop
   endfacet
   facet normal 6.456197e-01 7.636591e-01 0.000000e+00
      outer loop
         vertex 2.465259e+02 3.150000e+02 -8.344651e-07
         vertex 2.696018e+02 2.954910e+02 -8.344651e-07
         vertex 2.696018e+02 2.954910e+02 -1.200000e+01
      endloop
   endfacet
   facet normal 6.762478e-01 7.366742e-01 -0.000000e+00
      outer loop
         vertex 2.696018e+02 2.954910e+02 -1.200000e+01
         vertex 2.696018e+02 2.954910e+02 -8.344651e-07
         vertex 2.713893e+02 2.938500e+02 -8.344651e-07
      endloop
   endfacet
   facet normal 6.762478e-01 7.366742e-01 0.000000e+00
      outer loop
         vertex 2.696018e+02 2.954910e+02 -1.200000e+01
         vertex 2.713893e+02 2.938500e+02 -8.344651e-07
         vertex 2.713893e+02 2.938500e+02 -1.200000e+01
      endloop
   endfacet
   facet normal 6.456197e-01 -7.636591e-01 0.000000e+00
      outer loop
         vertex 2.696018e+02 -2.954910e+02 -3.200001e+01
         vertex 2.696018e+02 -2.954910e+02 -2.000000e+01
         vertex 2.465259e+02 -3.150000e+02 -3.200001e+01
      endloop
   endfacet
   facet normal 6.672597e-01 -7.406156e-01 -7.907655e-02
      outer loop
         vertex 2.465259e+02 -3.150000e+02 -3.200001e+01
         vertex 2.696018e+02 -2.954910e+02 -2.000000e+01
         vertex 2.658734e+02 -2.988500e+02 -2.000000e+01
      endloop
   endfacet
   facet normal 6.408168e-01 -7.676938e-01 0.000000e+00
      outer loop
         vertex 2.465259e+02 -3.150000e+02 -3.200001e+01
         vertex 2.658734e+02 -2.988500e+02 -2.000000e+01
         vertex 2.465259e+02 -3.150000e+02 -8.344651e-07
      endloop
   endfacet
   facet normal 6.408168e-01 -7.676938e-01 0.000000e+00
      outer loop
         vertex 2.465259e+02 -3.150000e+02 -8.344651e-07
         vertex 2.658734e+02 -2.988500e+02 -2.000000e+01
         vertex 2.658734e+02 -2.988500e+02 -1.200000e+01
      endloop
   endfacet
   facet normal 6.455637e-01 -7.635928e-01 1.317263e-02
      outer loop
         vertex 2.465259e+02 -3.150000e+02 -8.344651e-07
         vertex 2.658734e+02 -2.988500e+02 -1.200000e+01
         vertex 2.696018e+02 -2.954910e+02 -8.344651e-07
      endloop
   endfacet
   facet normal 6.693557e-01 -7.429421e-01 0.000000e+00
      outer loop
         vertex 2.696018e+02 -2.954910e+02 -8.344651e-07
         vertex 2.658734e+02 -2.988500e+02 -1.200000e+01
         vertex 2.696018e+02 -2.954910e+02 -1.200000e+01
      endloop
   endfacet
   facet normal 6.762478e-01 -7.366742e-01 0.000000e+00
      outer loop
         vertex 2.696018e+02 -2.954910e+02 -8.344651e-07
         vertex 2.696018e+02 -2.954910e+02 -1.200000e+01
         vertex 2.713893e+02 -2.938500e+02 -1.200000e+01
      endloop
   endfacet
   facet normal 0.000000e+00 -0.000000e+00 1.000000e+00
      outer loop
         vertex -2.465259e+02 -3.150000e+02 -8.344651e-07
         vertex 2.465259e+02 -3.150000e+02 -8.344651e-07
         vertex -2.696018e+02 -2.954910e+02 -8.344651e-07
      endloop
   endfacet
   facet normal -0.000000e+00 0.000000e+00 1.000000e+00
      outer loop
         vertex -2.696018e+02 -2.954910e+02 -8.344651e-07
         vertex 2.465259e+02 -3.150000e+02 -8.344651e-07
         vertex 2.696018e+02 -2.954910e+02 -8.344651e-07
      endloop
   endfacet
   facet normal 0.000000e+00 -0.000000e+00 1.000000e+00
      outer loop
         vertex -2.696018e+02 -2.954910e+02 -8.344651e-07
         vertex 2.696018e+02 -2.954910e+02 -8.344651e-07
         vertex -2.713893e+02 -2.938500e+02 -8.344651e-07
      endloop
   endfacet
   facet normal -0.000000e+00 0.000000e+00 1.000000e+00
      outer loop
         vertex -2.713893e+02 -2.938500e+02 -8.344651e-07
         vertex 2.696018e+02 -2.954910e+02 -8.344651e-07
         vertex 2.713893e+02 -2.938500e+02 -8.344651e-07
      endloop
   endfacet
   facet normal 0.000000e+00 -0.000000e+00 1.000000e+00
      outer loop
         vertex -2.867799e+02 -2.788500e+02 -8.344651e-07
         vertex 2.867799e+02 -2.788500e+02 -8.344651e-07
         vertex -2.911391e+02 -2.742955e+02 -8.344651e-07
      endloop
   endfacet
   facet normal -0.000000e+00 0.000000e+00 1.000000e+00
      outer loop
         vertex -2.911391e+02 -2.742955e+02 -8.344651e-07
         vertex 2.867799e+02 -2.788500e+02 -8.344651e-07
         vertex 2.911391e+02 -2.742955e+02 -8.344651e-07
      endloop
   endfacet
   facet normal -0.000000e+00 0.000000e+00 1.000000e+00
      outer loop
         vertex -3.225367e+02 -2.365800e+02 -8.344651e-07
         vertex -3.110149e+02 -2.515348e+02 -8.344651e-07
         vertex 3.225367e+02 -2.365800e+02 -8.344651e-07
      endloop
   endfacet
   facet normal 0.000000e+00 0.000000e+00 1.000000e+00
      outer loop
         vertex 3.225367e+02 -2.365800e+02 -8.344651e-07
         vertex -3.110149e+02 -2.515348e+02 -8.344651e-07
         vertex -2.911391e+02 -2.742955e+02 -8.344651e-07
      endloop
   endfacet
   facet normal 0.000000e+00 0.000000e+00 1.000000e+00
      outer loop
         vertex 3.225367e+02 -2.365800e+02 -8.344651e-07
         vertex -2.911391e+02 -2.742955e+02 -8.344651e-07
         vertex 3.110149e+02 -2.515348e+02 -8.344651e-07
      endloop
   endfacet
   facet normal 0.000000e+00 0.000000e+00 1.000000e+00
      outer loop
         vertex 3.110149e+02 -2.515348e+02 -8.344651e-07
         vertex -2.911391e+02 -2.742955e+02 -8.344651e-07
         vertex 2.911391e+02 -2.742955e+02 -8.344651e-07
      endloop
   endfacet
   facet normal 0.000000e+00 0.000000e+00 1.000000e+00
      outer loop
         vertex 3.575583e+02 -1.793100e+02 -8.344651e-07
         vertex -3.575583e+02 -1.793100e+02 -8.344651e-07
         vertex -3.453384e+02 -2.018449e+02 -8.344651e-07
      endloop
   endfacet
   facet normal 0.000000e+00 -0.000000e+00 1.000000e+00
      outer loop
         vertex -3.330200e+02 -2.215800e+02 -8.344651e-07
         vertex 3.330200e+02 -2.215800e+02 -8.344651e-07
         vertex -3.453384e+02 -2.018449e+02 -8.344651e-07
      endloop
   endfacet
   facet normal -0.000000e+00 0.000000e+00 1.000000e+00
      outer loop
         vertex -3.453384e+02 -2.018449e+02 -8.344651e-07
         vertex 3.330200e+02 -2.215800e+02 -8.344651e-07
         vertex 3.453384e+02 -2.018449e+02 -8.344651e-07
      endloop
   endfacet
   facet normal 0.000000e+00 0.000000e+00 1.000000e+00
      outer loop
         vertex -3.453384e+02 -2.018449e+02 -8.344651e-07
         vertex 3.453384e+02 -2.018449e+02 -8.344651e-07
         vertex 3.575583e+02 -1.793100e+02 -8.344651e-07
      endloop
   endfacet
   facet normal 0.000000e+00 -0.000000e+00 1.000000e+00
      outer loop
         vertex -3.646947e+02 -1.643100e+02 -8.344651e-07
         vertex 3.646947e+02 -1.643100e+02 -8.344651e-07
         vertex -3.717900e+02 -1.475540e+02 -8.344651e-07
      endloop
   endfacet
   facet normal -0.000000e+00 0.000000e+00 1.000000e+00
      outer loop
         vertex -3.717900e+02 -1.475540e+02 -8.344651e-07
         vertex 3.646947e+02 -1.643100e+02 -8.344651e-07
         vertex 3.717900e+02 -1.475540e+02 -8.344651e-07
      endloop
   endfacet
   facet normal 0.000000e+00 -0.000000e+00 1.000000e+00
      outer loop
         vertex -3.717900e+02 -1.475540e+02 -8.344651e-07
         vertex 3.717900e+02 -1.475540e+02 -8.344651e-07
         vertex -3.809281e+02 -1.220400e+02 -8.344651e-07
      endloop
   endfacet
   facet normal -0.000000e+00 0.000000e+00 1.000000e+00
      outer loop
         vertex -3.809281e+02 -1.220400e+02 -8.344651e-07
         vertex 3.717900e+02 -1.475540e+02 -8.344651e-07
         vertex 3.809281e+02 -1.220400e+02 -8.344651e-07
      endloop
   endfacet
   facet normal 0.000000e+00 0.000000e+00 1.000000e+00
      outer loop
         vertex 2.867799e+02 2.788500e+02 -8.344651e-07
         vertex -2.867799e+02 2.788500e+02 -8.344651e-07
         vertex 2.911391e+02 2.742955e+02 -8.344651e-07
      endloop
   endfacet
   facet normal 0.000000e+00 0.000000e+00 1.000000e+00
      outer loop
         vertex 2.911391e+02 2.742955e+02 -8.344651e-07
         vertex -2.867799e+02 2.788500e+02 -8.344651e-07
         vertex -2.911391e+02 2.742955e+02 -8.344651e-07
      endloop
   endfacet
   facet normal 0.000000e+00 0.000000e+00 1.000000e+00
      outer loop
         vertex 3.225367e+02 2.365800e+02 -8.344651e-07
         vertex 3.110149e+02 2.515348e+02 -8.344651e-07
         vertex -3.225367e+02 2.365800e+02 -8.344651e-07
      endloop
   endfacet
   facet normal 0.000000e+00 0.000000e+00 1.000000e+00
      outer loop
         vertex -3.225367e+02 2.365800e+02 -8.344651e-07
         vertex 3.110149e+02 2.515348e+02 -8.344651e-07
         vertex 2.911391e+02 2.742955e+02 -8.344651e-07
      endloop
   endfacet
   facet normal 0.000000e+00 0.000000e+00 1.000000e+00
      outer loop
         vertex -3.225367e+02 2.365800e+02 -8.344651e-07
         vertex 2.911391e+02 2.742955e+02 -8.344651e-07
         vertex -3.110149e+02 2.515348e+02 -8.344651e-07
      endloop
   endfacet
   facet normal 0.000000e+00 0.000000e+00 1.000000e+00
      outer loop
         vertex -3.110149e+02 2.515348e+02 -8.344651e-07
         vertex 2.911391e+02 2.742955e+02 -8.344651e-07
         vertex -2.911391e+02 2.742955e+02 -8.344651e-07
      endloop
   endfacet
   facet normal 0.000000e+00 0.000000e+00 1.000000e+00
      outer loop
         vertex 2.465259e+02 3.150000e+02 -8.344651e-07
         vertex -2.465259e+02 3.150000e+02 -8.344651e-07
         vertex 2.696018e+02 2.954910e+02 -8.344651e-07
      endloop
   endfacet
   facet normal 0.000000e+00 0.000000e+00 1.000000e+00
      outer loop
         vertex 2.696018e+02 2.954910e+02 -8.344651e-07
         vertex -2.465259e+02 3.150000e+02 -8.344651e-07
         vertex -2.696018e+02 2.954910e+02 -8.344651e-07
      endloop
   endfacet
   facet normal 0.000000e+00 0.000000e+00 1.000000e+00
      outer loop
         vertex 2.696018e+02 2.954910e+02 -8.344651e-07
         vertex -2.696018e+02 2.954910e+02 -8.344651e-07
         vertex 2.713893e+02 2.938500e+02 -8.344651e-07
      endloop
   endfacet
   facet normal 0.000000e+00 0.000000e+00 1.000000e+00
      outer loop
         vertex 2.713893e+02 2.938500e+02 -8.344651e-07
         vertex -2.696018e+02 2.954910e+02 -8.344651e-07
         vertex -2.713893e+02 2.938500e+02 -8.344651e-07
      endloop
   endfacet
   facet normal 0.000000e+00 0.000000e+00 1.000000e+00
      outer loop
         vertex -3.575583e+02 1.793100e+02 -8.344651e-07
         vertex 3.575583e+02 1.793100e+02 -8.344651e-07
         vertex 3.453384e+02 2.018449e+02 -8.344651e-07
      endloop
   endfacet
   facet normal 0.000000e+00 0.000000e+00 1.000000e+00
      outer loop
         vertex 3.330200e+02 2.215800e+02 -8.344651e-07
         vertex -3.330200e+02 2.215800e+02 -8.344651e-07
         vertex 3.453384e+02 2.018449e+02 -8.344651e-07
      endloop
   endfacet
   facet normal 0.000000e+00 0.000000e+00 1.000000e+00
      outer loop
         vertex 3.453384e+02 2.018449e+02 -8.344651e-07
         vertex -3.330200e+02 2.215800e+02 -8.344651e-07
         vertex -3.453384e+02 2.018449e+02 -8.344651e-07
      endloop
   endfacet
   facet normal 0.000000e+00 0.000000e+00 1.000000e+00
      outer loop
         vertex 3.453384e+02 2.018449e+02 -8.344651e-07
         vertex -3.453384e+02 2.018449e+02 -8.344651e-07
         vertex -3.575583e+02 1.793100e+02 -8.344651e-07
      endloop
   endfacet
   facet normal 0.000000e+00 0.000000e+00 1.000000e+00
      outer loop
         vertex -3.809281e+02 1.220400e+02 -8.344651e-07
         vertex 3.809281e+02 1.220400e+02 -8.344651e-07
         vertex 3.717900e+02 1.475540e+02 -8.344651e-07
      endloop
   endfacet
   facet normal 0.000000e+00 0.000000e+00 1.000000e+00
      outer loop
         vertex -3.809281e+02 1.220400e+02 -8.344651e-07
         vertex 3.717900e+02 1.475540e+02 -8.344651e-07
         vertex -3.717900e+02 1.475540e+02 -8.344651e-07
      endloop
   endfacet
   facet normal 0.000000e+00 0.000000e+00 1.000000e+00
      outer loop
         vertex -3.717900e+02 1.475540e+02 -8.344651e-07
         vertex 3.717900e+02 1.475540e+02 -8.344651e-07
         vertex 3.646947e+02 1.643100e+02 -8.344651e-07
      endloop
   endfacet
   facet normal 0.000000e+00 0.000000e+00 1.000000e+00
      outer loop
         vertex -3.717900e+02 1.475540e+02 -8.344651e-07
         vertex 3.646947e+02 1.643100e+02 -8.344651e-07
         vertex -3.646947e+02 1.643100e+02 -8.344651e-07
      endloop
   endfacet
   facet normal 0.000000e+00 -0.000000e+00 1.000000e+00
      outer loop
         vertex 3.897667e+02 -8.989963e+01 -8.344651e-07
         vertex 3.947212e+02 -6.477000e+01 -8.344651e-07
         vertex 5.643775e+01 -6.477000e+01 -8.344651e-07
      endloop
   endfacet
   facet normal 0.000000e+00 0.000000e+00 1.000000e+00
      outer loop
         vertex 5.643775e+01 6.477000e+01 -8.344651e-07
         vertex 3.947212e+02 6.477000e+01 -8.344651e-07
         vertex 3.897667e+02 8.989963e+01 -8.344651e-07
      endloop
   endfacet
   facet normal 0.000000e+00 0.000000e+00 1.000000e+00
      outer loop
         vertex 3.897667e+02 8.989963e+01 -8.344651e-07
         vertex 3.854120e+02 1.070400e+02 -8.344651e-07
         vertex 5.643775e+01 6.477000e+01 -8.344651e-07
      endloop
   endfacet
   facet normal 0.000000e+00 -0.000000e+00 1.000000e+00
      outer loop
         vertex 5.643775e+01 6.477000e+01 -8.344651e-07
         vertex 3.854120e+02 1.070400e+02 -8.344651e-07
         vertex -3.854120e+02 1.070400e+02 -8.344651e-07
      endloop
   endfacet
   facet normal 0.000000e+00 0.000000e+00 1.000000e+00
      outer loop
         vertex 5.643775e+01 6.477000e+01 -8.344651e-07
         vertex -3.854120e+02 1.070400e+02 -8.344651e-07
         vertex -5.643775e+01 6.477000e+01 -8.344651e-07
      endloop
   endfacet
   facet normal 0.000000e+00 0.000000e+00 1.000000e+00
      outer loop
         vertex -5.643775e+01 6.477000e+01 -8.344651e-07
         vertex -3.854120e+02 1.070400e+02 -8.344651e-07
         vertex -3.897667e+02 8.989963e+01 -8.344651e-07
      endloop
   endfacet
   facet normal 0.000000e+00 0.000000e+00 1.000000e+00
      outer loop
         vertex -5.643775e+01 6.477000e+01 -8.344651e-07
         vertex -3.897667e+02 8.989963e+01 -8.344651e-07
         vertex -3.947212e+02 6.477000e+01 -8.344651e-07
      endloop
   endfacet
   facet normal 0.000000e+00 -0.000000e+00 1.000000e+00
      outer loop
         vertex 3.988586e+02 -3.019598e+01 -8.344651e-07
         vertex 3.999297e+02 -7.500000e+00 -8.344651e-07
         vertex 8.558109e+01 -7.500000e+00 -8.344651e-07
      endloop
   endfacet
   facet normal -0.000000e+00 0.000000e+00 1.000000e+00
      outer loop
         vertex -3.947212e+02 -6.477000e+01 -8.344651e-07
         vertex -3.897667e+02 -8.989963e+01 -8.344651e-07
         vertex -5.643775e+01 -6.477000e+01 -8.344651e-07
      endloop
   endfacet
   facet normal 0.000000e+00 0.000000e+00 1.000000e+00
      outer loop
         vertex -5.643775e+01 -6.477000e+01 -8.344651e-07
         vertex -3.897667e+02 -8.989963e+01 -8.344651e-07
         vertex -3.854120e+02 -1.070400e+02 -8.344651e-07
      endloop
   endfacet
   facet normal -0.000000e+00 0.000000e+00 1.000000e+00
      outer loop
         vertex -5.643775e+01 -6.477000e+01 -8.344651e-07
         vertex -3.854120e+02 -1.070400e+02 -8.344651e-07
         vertex 5.643775e+01 -6.477000e+01 -8.344651e-07
      endloop
   endfacet
   facet normal 0.000000e+00 0.000000e+00 1.000000e+00
      outer loop
         vertex 5.643775e+01 -6.477000e+01 -8.344651e-07
         vertex -3.854120e+02 -1.070400e+02 -8.344651e-07
         vertex 3.854120e+02 -1.070400e+02 -8.344651e-07
      endloop
   endfacet
   facet normal 0.000000e+00 0.000000e+00 1.000000e+00
      outer loop
         vertex 5.643775e+01 -6.477000e+01 -8.344651e-07
         vertex 3.854120e+02 -1.070400e+02 -8.344651e-07
         vertex 3.897667e+02 -8.989963e+01 -8.344651e-07
      endloop
   endfacet
   facet normal 0.000000e+00 -0.000000e+00 1.000000e+00
      outer loop
         vertex 3.968916e+02 -4.977000e+01 -8.344651e-07
         vertex 3.988586e+02 -3.019598e+01 -8.344651e-07
         vertex 7.002370e+01 -4.977000e+01 -8.344651e-07
      endloop
   endfacet
   facet normal 0.000000e+00 0.000000e+00 1.000000e+00
      outer loop
         vertex 7.002370e+01 -4.977000e+01 -8.344651e-07
         vertex 3.988586e+02 -3.019598e+01 -8.344651e-07
         vertex 8.558109e+01 -7.500000e+00 -8.344651e-07
      endloop
   endfacet
   facet normal 0.000000e+00 -0.000000e+00 1.000000e+00
      outer loop
         vertex 7.002370e+01 -4.977000e+01 -8.344651e-07
         vertex 8.558109e+01 -7.500000e+00 -8.344651e-07
         vertex 6.672558e+01 -5.411163e+01 -8.344651e-07
      endloop
   endfacet
   facet normal 0.000000e+00 0.000000e+00 1.000000e+00
      outer loop
         vertex -3.988586e+02 3.019598e+01 -8.344651e-07
         vertex -3.999297e+02 7.500000e+00 -8.344651e-07
         vertex -8.558109e+01 7.500000e+00 -8.344651e-07
      endloop
   endfacet
   facet normal 0.000000e+00 0.000000e+00 1.000000e+00
      outer loop
         vertex 8.558109e+01 7.500000e+00 -8.344651e-07
         vertex 3.999297e+02 7.500000e+00 -8.344651e-07
         vertex 3.988586e+02 3.019598e+01 -8.344651e-07
      endloop
   endfacet
   facet normal 0.000000e+00 0.000000e+00 1.000000e+00
      outer loop
         vertex -8.558109e+01 7.500000e+00 -8.344651e-07
         vertex -5.643775e+01 6.477000e+01 -8.344651e-07
         vertex -5.894754e+01 6.249447e+01 -8.344651e-07
      endloop
   endfacet
   facet normal 0.000000e+00 0.000000e+00 1.000000e+00
      outer loop
         vertex 5.209445e+00 -2.954423e+01 -8.344651e-07
         vertex 0.000000e+00 -3.000000e+01 -8.344651e-07
         vertex 5.643775e+01 -6.477000e+01 -8.344651e-07
      endloop
   endfacet
   facet normal 0.000000e+00 0.000000e+00 1.000000e+00
      outer loop
         vertex 6.672558e+01 5.411163e+01 -8.344651e-07
         vertex 8.558109e+01 7.500000e+00 -8.344651e-07
         vertex 7.002370e+01 4.977000e+01 -8.344651e-07
      endloop
   endfacet
   facet normal 0.000000e+00 0.000000e+00 1.000000e+00
      outer loop
         vertex 7.002370e+01 4.977000e+01 -8.344651e-07
         vertex 8.558109e+01 7.500000e+00 -8.344651e-07
         vertex 3.988586e+02 3.019598e+01 -8.344651e-07
      endloop
   endfacet
   facet normal -0.000000e+00 0.000000e+00 1.000000e+00
      outer loop
         vertex 7.002370e+01 4.977000e+01 -8.344651e-07
         vertex 3.988586e+02 3.019598e+01 -8.344651e-07
         vertex 3.968916e+02 4.977000e+01 -8.344651e-07
      endloop
   endfacet
   facet normal -0.000000e+00 0.000000e+00 1.000000e+00
      outer loop
         vertex -3.968916e+02 4.977000e+01 -8.344651e-07
         vertex -3.988586e+02 3.019598e+01 -8.344651e-07
         vertex -7.002370e+01 4.977000e+01 -8.344651e-07
      endloop
   endfacet
   facet normal 0.000000e+00 0.000000e+00 1.000000e+00
      outer loop
         vertex -7.002370e+01 4.977000e+01 -8.344651e-07
         vertex -3.988586e+02 3.019598e+01 -8.344651e-07
         vertex -8.558109e+01 7.500000e+00 -8.344651e-07
      endloop
   endfacet
   facet normal -0.000000e+00 0.000000e+00 1.000000e+00
      outer loop
         vertex -7.002370e+01 4.977000e+01 -8.344651e-07
         vertex -8.558109e+01 7.500000e+00 -8.344651e-07
         vertex -6.672558e+01 5.411163e+01 -8.344651e-07
      endloop
   endfacet
   facet normal -0.000000e+00 0.000000e+00 1.000000e+00
      outer loop
         vertex -6.672558e+01 5.411163e+01 -8.344651e-07
         vertex -8.558109e+01 7.500000e+00 -8.344651e-07
         vertex -5.894754e+01 6.249447e+01 -8.344651e-07
      endloop
   endfacet
   facet normal 0.000000e+00 0.000000e+00 1.000000e+00
      outer loop
         vertex -8.558109e+01 -7.500000e+00 -8.344651e-07
         vertex -3.999297e+02 -7.500000e+00 -8.344651e-07
         vertex -3.988586e+02 -3.019598e+01 -8.344651e-07
      endloop
   endfacet
   facet normal 0.000000e+00 0.000000e+00 1.000000e+00
      outer loop
         vertex -6.672558e+01 -5.411163e+01 -8.344651e-07
         vertex -8.558109e+01 -7.500000e+00 -8.344651e-07
         vertex -7.002370e+01 -4.977000e+01 -8.344651e-07
      endloop
   endfacet
   facet normal 0.000000e+00 0.000000e+00 1.000000e+00
      outer loop
         vertex -7.002370e+01 -4.977000e+01 -8.344651e-07
         vertex -8.558109e+01 -7.500000e+00 -8.344651e-07
         vertex -3.988586e+02 -3.019598e+01 -8.344651e-07
      endloop
   endfacet
   facet normal 0.000000e+00 0.000000e+00 1.000000e+00
      outer loop
         vertex -7.002370e+01 -4.977000e+01 -8.344651e-07
         vertex -3.988586e+02 -3.019598e+01 -8.344651e-07
         vertex -3.968916e+02 -4.977000e+01 -8.344651e-07
      endloop
   endfacet
   facet normal -0.000000e+00 0.000000e+00 1.000000e+00
      outer loop
         vertex 2.819078e+01 -1.026060e+01 -8.344651e-07
         vertex 5.643775e+01 -6.477000e+01 -8.344651e-07
         vertex 8.558109e+01 -7.500000e+00 -8.344651e-07
      endloop
   endfacet
   facet normal 0.000000e+00 0.000000e+00 1.000000e+00
      outer loop
         vertex 8.558109e+01 -7.500000e+00 -8.344651e-07
         vertex 5.643775e+01 -6.477000e+01 -8.344651e-07
         vertex 5.894754e+01 -6.249447e+01 -8.344651e-07
      endloop
   endfacet
   facet normal 0.000000e+00 0.000000e+00 1.000000e+00
      outer loop
         vertex 8.558109e+01 -7.500000e+00 -8.344651e-07
         vertex 5.894754e+01 -6.249447e+01 -8.344651e-07
         vertex 6.672558e+01 -5.411163e+01 -8.344651e-07
      endloop
   endfacet
   facet normal 0.000000e+00 0.000000e+00 1.000000e+00
      outer loop
         vertex 2.819078e+01 -1.026060e+01 -8.344651e-07
         vertex 2.598076e+01 -1.500000e+01 -8.344651e-07
         vertex 5.643775e+01 -6.477000e+01 -8.344651e-07
      endloop
   endfacet
   facet normal 0.000000e+00 0.000000e+00 1.000000e+00
      outer loop
         vertex 5.643775e+01 -6.477000e+01 -8.344651e-07
         vertex 2.598076e+01 -1.500000e+01 -8.344651e-07
         vertex 2.298133e+01 -1.928363e+01 -8.344651e-07
      endloop
   endfacet
   facet normal 0.000000e+00 0.000000e+00 1.000000e+00
      outer loop
         vertex 5.643775e+01 -6.477000e+01 -8.344651e-07
         vertex 2.298133e+01 -1.928363e+01 -8.344651e-07
         vertex 1.928363e+01 -2.298133e+01 -8.344651e-07
      endloop
   endfacet
   facet normal 0.000000e+00 0.000000e+00 1.000000e+00
      outer loop
         vertex 5.643775e+01 -6.477000e+01 -8.344651e-07
         vertex 0.000000e+00 -3.000000e+01 -8.344651e-07
         vertex -5.643775e+01 -6.477000e+01 -8.344651e-07
      endloop
   endfacet
   facet normal 0.000000e+00 0.000000e+00 1.000000e+00
      outer loop
         vertex -5.643775e+01 -6.477000e+01 -8.344651e-07
         vertex 0.000000e+00 -3.000000e+01 -8.344651e-07
         vertex -5.209445e+00 -2.954423e+01 -8.344651e-07
      endloop
   endfacet
   facet normal 0.000000e+00 0.000000e+00 1.000000e+00
      outer loop
         vertex -5.643775e+01 -6.477000e+01 -8.344651e-07
         vertex -5.209445e+00 -2.954423e+01 -8.344651e-07
         vertex -1.026060e+01 -2.819078e+01 -8.344651e-07
      endloop
   endfacet
   facet normal 0.000000e+00 0.000000e+00 1.000000e+00
      outer loop
         vertex 1.928363e+01 -2.298133e+01 -8.344651e-07
         vertex 1.500000e+01 -2.598076e+01 -8.344651e-07
         vertex 5.643775e+01 -6.477000e+01 -8.344651e-07
      endloop
   endfacet
   facet normal 0.000000e+00 0.000000e+00 1.000000e+00
      outer loop
         vertex 5.643775e+01 -6.477000e+01 -8.344651e-07
         vertex 1.500000e+01 -2.598076e+01 -8.344651e-07
         vertex 1.026060e+01 -2.819078e+01 -8.344651e-07
      endloop
   endfacet
   facet normal 0.000000e+00 0.000000e+00 1.000000e+00
      outer loop
         vertex 5.643775e+01 -6.477000e+01 -8.344651e-07
         vertex 1.026060e+01 -2.819078e+01 -8.344651e-07
         vertex 5.209445e+00 -2.954423e+01 -8.344651e-07
      endloop
   endfacet
   facet normal 0.000000e+00 0.000000e+00 1.000000e+00
      outer loop
         vertex -1.026060e+01 -2.819078e+01 -8.344651e-07
         vertex -1.500000e+01 -2.598076e+01 -8.344651e-07
         vertex -5.643775e+01 -6.477000e+01 -8.344651e-07
      endloop
   endfacet
   facet normal 0.000000e+00 0.000000e+00 1.000000e+00
      outer loop
         vertex -5.643775e+01 -6.477000e+01 -8.344651e-07
         vertex -1.500000e+01 -2.598076e+01 -8.344651e-07
         vertex -1.928363e+01 -2.298133e+01 -8.344651e-07
      endloop
   endfacet
   facet normal 0.000000e+00 0.000000e+00 1.000000e+00
      outer loop
         vertex -5.643775e+01 -6.477000e+01 -8.344651e-07
         vertex -1.928363e+01 -2.298133e+01 -8.344651e-07
         vertex -2.298133e+01 -1.928363e+01 -8.344651e-07
      endloop
   endfacet
   facet normal 0.000000e+00 0.000000e+00 1.000000e+00
      outer loop
         vertex -8.558109e+01 7.500000e+00 -8.344651e-07
         vertex -2.819078e+01 1.026060e+01 -8.344651e-07
         vertex -5.643775e+01 6.477000e+01 -8.344651e-07
      endloop
   endfacet
   facet normal 0.000000e+00 0.000000e+00 1.000000e+00
      outer loop
         vertex -5.643775e+01 6.477000e+01 -8.344651e-07
         vertex -2.819078e+01 1.026060e+01 -8.344651e-07
         vertex -2.598076e+01 1.500000e+01 -8.344651e-07
      endloop
   endfacet
   facet normal 0.000000e+00 0.000000e+00 1.000000e+00
      outer loop
         vertex -5.643775e+01 6.477000e+01 -8.344651e-07
         vertex -2.598076e+01 1.500000e+01 -8.344651e-07
         vertex -2.298133e+01 1.928363e+01 -8.344651e-07
      endloop
   endfacet
   facet normal 0.000000e+00 -0.000000e+00 1.000000e+00
      outer loop
         vertex -2.298133e+01 1.928363e+01 -8.344651e-07
         vertex -1.928363e+01 2.298133e+01 -8.344651e-07
         vertex -5.643775e+01 6.477000e+01 -8.344651e-07
      endloop
   endfacet
   facet normal 0.000000e+00 0.000000e+00 1.000000e+00
      outer loop
         vertex -5.643775e+01 6.477000e+01 -8.344651e-07
         vertex -1.928363e+01 2.298133e+01 -8.344651e-07
         vertex -1.500000e+01 2.598076e+01 -8.344651e-07
      endloop
   endfacet
   facet normal 0.000000e+00 0.000000e+00 1.000000e+00
      outer loop
         vertex -5.643775e+01 6.477000e+01 -8.344651e-07
         vertex -1.500000e+01 2.598076e+01 -8.344651e-07
         vertex -1.026060e+01 2.819078e+01 -8.344651e-07
      endloop
   endfacet
   facet normal -0.000000e+00 0.000000e+00 1.000000e+00
      outer loop
         vertex 1.026060e+01 2.819078e+01 -8.344651e-07
         vertex 1.500000e+01 2.598076e+01 -8.344651e-07
         vertex 5.643775e+01 6.477000e+01 -8.344651e-07
      endloop
   endfacet
   facet normal 0.000000e+00 0.000000e+00 1.000000e+00
      outer loop
         vertex 5.643775e+01 6.477000e+01 -8.344651e-07
         vertex 1.500000e+01 2.598076e+01 -8.344651e-07
         vertex 1.928363e+01 2.298133e+01 -8.344651e-07
      endloop
   endfacet
   facet normal 0.000000e+00 0.000000e+00 1.000000e+00
      outer loop
         vertex 5.643775e+01 6.477000e+01 -8.344651e-07
         vertex 1.928363e+01 2.298133e+01 -8.344651e-07
         vertex 2.298133e+01 1.928363e+01 -8.344651e-07
      endloop
   endfacet
   facet normal 0.000000e+00 0.000000e+00 1.000000e+00
      outer loop
         vertex -2.298133e+01 -1.928363e+01 -8.344651e-07
         vertex -2.598076e+01 -1.500000e+01 -8.344651e-07
         vertex -5.643775e+01 -6.477000e+01 -8.344651e-07
      endloop
   endfacet
   facet normal 0.000000e+00 -0.000000e+00 1.000000e+00
      outer loop
         vertex -5.643775e+01 -6.477000e+01 -8.344651e-07
         vertex -2.598076e+01 -1.500000e+01 -8.344651e-07
         vertex -8.558109e+01 -7.500000e+00 -8.344651e-07
      endloop
   endfacet
   facet normal 0.000000e+00 0.000000e+00 1.000000e+00
      outer loop
         vertex -5.643775e+01 -6.477000e+01 -8.344651e-07
         vertex -8.558109e+01 -7.500000e+00 -8.344651e-07
         vertex -5.894754e+01 -6.249447e+01 -8.344651e-07
      endloop
   endfacet
   facet normal 0.000000e+00 0.000000e+00 1.000000e+00
      outer loop
         vertex -5.894754e+01 -6.249447e+01 -8.344651e-07
         vertex -8.558109e+01 -7.500000e+00 -8.344651e-07
         vertex -6.672558e+01 -5.411163e+01 -8.344651e-07
      endloop
   endfacet
   facet normal 0.000000e+00 0.000000e+00 1.000000e+00
      outer loop
         vertex -2.598076e+01 -1.500000e+01 -8.344651e-07
         vertex -2.819078e+01 -1.026060e+01 -8.344651e-07
         vertex -8.558109e+01 -7.500000e+00 -8.344651e-07
      endloop
   endfacet
   facet normal -0.000000e+00 0.000000e+00 1.000000e+00
      outer loop
         vertex -8.558109e+01 -7.500000e+00 -8.344651e-07
         vertex -2.819078e+01 -1.026060e+01 -8.344651e-07
         vertex -2.954423e+01 -5.209445e+00 -8.344651e-07
      endloop
   endfacet
   facet normal 0.000000e+00 -0.000000e+00 1.000000e+00
      outer loop
         vertex -8.558109e+01 -7.500000e+00 -8.344651e-07
         vertex -2.954423e+01 -5.209445e+00 -8.344651e-07
         vertex -8.590909e+01 2.954327e-14 -8.344651e-07
      endloop
   endfacet
   facet normal -0.000000e+00 0.000000e+00 1.000000e+00
      outer loop
         vertex -8.590909e+01 2.954327e-14 -8.344651e-07
         vertex -2.954423e+01 -5.209445e+00 -8.344651e-07
         vertex -3.000000e+01 3.511686e-14 -8.344651e-07
      endloop
   endfacet
   facet normal 0.000000e+00 0.000000e+00 1.000000e+00
      outer loop
         vertex -8.590909e+01 2.954327e-14 -8.344651e-07
         vertex -3.000000e+01 3.511686e-14 -8.344651e-07
         vertex -8.558109e+01 7.500000e+00 -8.344651e-07
      endloop
   endfacet
   facet normal 0.000000e+00 0.000000e+00 1.000000e+00
      outer loop
         vertex -8.558109e+01 7.500000e+00 -8.344651e-07
         vertex -3.000000e+01 3.511686e-14 -8.344651e-07
         vertex -2.954423e+01 5.209445e+00 -8.344651e-07
      endloop
   endfacet
   facet normal -0.000000e+00 0.000000e+00 1.000000e+00
      outer loop
         vertex -8.558109e+01 7.500000e+00 -8.344651e-07
         vertex -2.954423e+01 5.209445e+00 -8.344651e-07
         vertex -2.819078e+01 1.026060e+01 -8.344651e-07
      endloop
   endfacet
   facet normal -0.000000e+00 0.000000e+00 1.000000e+00
      outer loop
         vertex 2.298133e+01 1.928363e+01 -8.344651e-07
         vertex 2.598076e+01 1.500000e+01 -8.344651e-07
         vertex 5.643775e+01 6.477000e+01 -8.344651e-07
      endloop
   endfacet
   facet normal 0.000000e+00 0.000000e+00 1.000000e+00
      outer loop
         vertex 5.643775e+01 6.477000e+01 -8.344651e-07
         vertex 2.598076e+01 1.500000e+01 -8.344651e-07
         vertex 8.558109e+01 7.500000e+00 -8.344651e-07
      endloop
   endfacet
   facet normal 0.000000e+00 0.000000e+00 1.000000e+00
      outer loop
         vertex 5.643775e+01 6.477000e+01 -8.344651e-07
         vertex 8.558109e+01 7.500000e+00 -8.344651e-07
         vertex 5.894754e+01 6.249447e+01 -8.344651e-07
      endloop
   endfacet
   facet normal 0.000000e+00 0.000000e+00 1.000000e+00
      outer loop
         vertex 5.894754e+01 6.249447e+01 -8.344651e-07
         vertex 8.558109e+01 7.500000e+00 -8.344651e-07
         vertex 6.672558e+01 5.411163e+01 -8.344651e-07
      endloop
   endfacet
   facet normal 0.000000e+00 0.000000e+00 1.000000e+00
      outer loop
         vertex 2.598076e+01 1.500000e+01 -8.344651e-07
         vertex 2.819078e+01 1.026060e+01 -8.344651e-07
         vertex 8.558109e+01 7.500000e+00 -8.344651e-07
      endloop
   endfacet
   facet normal 0.000000e+00 0.000000e+00 1.000000e+00
      outer loop
         vertex 8.558109e+01 7.500000e+00 -8.344651e-07
         vertex 2.819078e+01 1.026060e+01 -8.344651e-07
         vertex 2.954423e+01 5.209445e+00 -8.344651e-07
      endloop
   endfacet
   facet normal 0.000000e+00 0.000000e+00 1.000000e+00
      outer loop
         vertex 8.558109e+01 7.500000e+00 -8.344651e-07
         vertex 2.954423e+01 5.209445e+00 -8.344651e-07
         vertex 8.590909e+01 -1.057404e-14 -8.344651e-07
      endloop
   endfacet
   facet normal 0.000000e+00 0.000000e+00 1.000000e+00
      outer loop
         vertex 8.590909e+01 -1.057404e-14 -8.344651e-07
         vertex 2.954423e+01 5.209445e+00 -8.344651e-07
         vertex 3.000000e+01 2.776898e-14 -8.344651e-07
      endloop
   endfacet
   facet normal 0.000000e+00 0.000000e+00 1.000000e+00
      outer loop
         vertex 8.590909e+01 -1.057404e-14 -8.344651e-07
         vertex 3.000000e+01 2.776898e-14 -8.344651e-07
         vertex 8.558109e+01 -7.500000e+00 -8.344651e-07
      endloop
   endfacet
   facet normal 0.000000e+00 0.000000e+00 1.000000e+00
      outer loop
         vertex 8.558109e+01 -7.500000e+00 -8.344651e-07
         vertex 3.000000e+01 2.776898e-14 -8.344651e-07
         vertex 2.954423e+01 -5.209445e+00 -8.344651e-07
      endloop
   endfacet
   facet normal 0.000000e+00 0.000000e+00 1.000000e+00
      outer loop
         vertex 8.558109e+01 -7.500000e+00 -8.344651e-07
         vertex 2.954423e+01 -5.209445e+00 -8.344651e-07
         vertex 2.819078e+01 -1.026060e+01 -8.344651e-07
      endloop
   endfacet
   facet normal 0.000000e+00 -0.000000e+00 1.000000e+00
      outer loop
         vertex -1.026060e+01 2.819078e+01 -8.344651e-07
         vertex -5.209445e+00 2.954423e+01 -8.344651e-07
         vertex -5.643775e+01 6.477000e+01 -8.344651e-07
      endloop
   endfacet
   facet normal 0.000000e+00 0.000000e+00 1.000000e+00
      outer loop
         vertex -5.643775e+01 6.477000e+01 -8.344651e-07
         vertex -5.209445e+00 2.954423e+01 -8.344651e-07
         vertex 3.673940e-15 3.000000e+01 -8.344651e-07
      endloop
   endfacet
   facet normal -0.000000e+00 0.000000e+00 1.000000e+00
      outer loop
         vertex -5.643775e+01 6.477000e+01 -8.344651e-07
         vertex 3.673940e-15 3.000000e+01 -8.344651e-07
         vertex 5.643775e+01 6.477000e+01 -8.344651e-07
      endloop
   endfacet
   facet normal 0.000000e+00 0.000000e+00 1.000000e+00
      outer loop
         vertex 5.643775e+01 6.477000e+01 -8.344651e-07
         vertex 3.673940e-15 3.000000e+01 -8.344651e-07
         vertex 5.209445e+00 2.954423e+01 -8.344651e-07
      endloop
   endfacet
   facet normal 0.000000e+00 0.000000e+00 1.000000e+00
      outer loop
         vertex 5.643775e+01 6.477000e+01 -8.344651e-07
         vertex 5.209445e+00 2.954423e+01 -8.344651e-07
         vertex 1.026060e+01 2.819078e+01 -8.344651e-07
      endloop
   endfacet
   facet normal 5.981105e-01 -8.014137e-01 0.000000e+00
      outer loop
         vertex 1.568345e+02 -1.946867e+02 -7.201539e+01
         vertex 1.568345e+02 -1.946867e+02 -3.200001e+01
         vertex 1.420162e+02 -2.057460e+02 -3.200001e+01
      endloop
   endfacet
   facet normal -6.695781e-01 -7.427417e-01 0.000000e+00
      outer loop
         vertex -1.644950e+02 -1.882589e+02 -7.201539e+01
         vertex -1.644950e+02 -1.882589e+02 -3.200001e+01
         vertex -1.702540e+02 -1.830672e+02 -3.200001e+01
      endloop
   endfacet
   facet normal -8.542373e-01 -5.198833e-01 0.000000e+00
      outer loop
         vertex -2.115777e+02 -1.331723e+02 -7.201539e+01
         vertex -2.115777e+02 -1.331723e+02 -3.200001e+01
         vertex -2.154924e+02 -1.267400e+02 -3.200001e+01
      endloop
   endfacet
   facet normal -9.673408e-01 -2.534793e-01 0.000000e+00
      outer loop
         vertex -2.408835e+02 -6.689652e+01 -7.201539e+01
         vertex -2.408835e+02 -6.689652e+01 -3.200001e+01
         vertex -2.427355e+02 -5.982891e+01 -3.200001e+01
      endloop
   endfacet
   facet normal -6.173009e-01 7.867271e-01 0.000000e+00
      outer loop
         vertex -1.568345e+02 1.946867e+02 -7.201539e+01
         vertex -1.568345e+02 1.946867e+02 -3.200001e+01
         vertex -1.517906e+02 1.986444e+02 -3.200001e+01
      endloop
   endfacet
   facet normal -6.493221e-01 7.588506e-01 -5.026497e-02
      outer loop
         vertex -1.545397e+02 1.965133e+02 -7.600001e+01
         vertex -1.702540e+02 1.830672e+02 -7.600001e+01
         vertex -1.644950e+02 1.882589e+02 -7.201539e+01
      endloop
   endfacet
   facet normal -8.378544e-01 5.432367e-01 -5.379480e-02
      outer loop
         vertex -2.154924e+02 1.267400e+02 -7.600001e+01
         vertex -2.115777e+02 1.331723e+02 -7.201539e+01
         vertex -2.036440e+02 1.450142e+02 -7.600001e+01
      endloop
   endfacet
   facet normal -8.390346e-01 5.401391e-01 -6.535039e-02
      outer loop
         vertex -2.036440e+02 1.450142e+02 -7.600001e+01
         vertex -2.115777e+02 1.331723e+02 -7.201539e+01
         vertex -2.088719e+02 1.373772e+02 -7.200000e+01
      endloop
   endfacet
   facet normal -8.298219e-01 5.576760e-01 -1.982739e-02
      outer loop
         vertex -2.036440e+02 1.450142e+02 -7.600001e+01
         vertex -2.088719e+02 1.373772e+02 -7.200000e+01
         vertex -2.060826e+02 1.415272e+02 -7.201539e+01
      endloop
   endfacet
   facet normal -8.194836e-01 5.731027e-01 0.000000e+00
      outer loop
         vertex -2.060826e+02 1.415272e+02 -7.201539e+01
         vertex -2.060826e+02 1.415272e+02 -3.200001e+01
         vertex -2.036440e+02 1.450142e+02 -7.600001e+01
      endloop
   endfacet
   facet normal -8.167458e-01 5.769975e-01 4.604047e-04
      outer loop
         vertex -2.036440e+02 1.450142e+02 -7.600001e+01
         vertex -2.060826e+02 1.415272e+02 -3.200001e+01
         vertex -2.022543e+02 1.469463e+02 -3.200001e+01
      endloop
   endfacet
   facet normal -8.118050e-01 5.839286e-01 0.000000e+00
      outer loop
         vertex -2.036440e+02 1.450142e+02 -7.600001e+01
         vertex -2.022543e+02 1.469463e+02 -3.200001e+01
         vertex -2.022543e+02 1.469463e+02 -7.600001e+01
      endloop
   endfacet
   facet normal -9.574151e-01 2.830275e-01 -5.702363e-02
      outer loop
         vertex -2.427355e+02 5.982891e+01 -7.600001e+01
         vertex -2.408835e+02 6.689652e+01 -7.201539e+01
         vertex -2.362502e+02 8.176699e+01 -7.600001e+01
      endloop
   endfacet
   facet normal -9.575492e-01 2.765274e-01 -8.143763e-02
      outer loop
         vertex -2.362502e+02 8.176699e+01 -7.600001e+01
         vertex -2.408835e+02 6.689652e+01 -7.201539e+01
         vertex -2.394974e+02 7.170081e+01 -7.200000e+01
      endloop
   endfacet
   facet normal -9.546785e-01 2.961509e-01 -2.972399e-02
      outer loop
         vertex -2.362502e+02 8.176699e+01 -7.600001e+01
         vertex -2.394974e+02 7.170081e+01 -7.200000e+01
         vertex -2.380155e+02 7.647642e+01 -7.201539e+01
      endloop
   endfacet
   facet normal -9.485904e-01 3.165063e-01 0.000000e+00
      outer loop
         vertex -2.380155e+02 7.647642e+01 -7.201539e+01
         vertex -2.380155e+02 7.647642e+01 -3.200001e+01
         vertex -2.362502e+02 8.176699e+01 -7.600001e+01
      endloop
   endfacet
   facet normal -9.477758e-01 3.189372e-01 3.249749e-04
      outer loop
         vertex -2.362502e+02 8.176699e+01 -7.600001e+01
         vertex -2.380155e+02 7.647642e+01 -3.200001e+01
         vertex -2.358280e+02 8.297696e+01 -3.200001e+01
      endloop
   endfacet
   facet normal -9.441583e-01 3.294923e-01 0.000000e+00
      outer loop
         vertex -2.362502e+02 8.176699e+01 -7.600001e+01
         vertex -2.358280e+02 8.297696e+01 -3.200001e+01
         vertex -2.358280e+02 8.297696e+01 -7.600001e+01
      endloop
   endfacet
   facet normal -9.990944e-01 9.865180e-03 -4.138974e-02
      outer loop
         vertex -2.499500e+02 5.000000e+00 -7.201539e+01
         vertex -2.497168e+02 1.189548e+01 -7.600001e+01
         vertex -2.500000e+02 4.408728e-14 -7.200000e+01
      endloop
   endfacet
   facet normal -9.975037e-01 0.000000e+00 -7.061483e-02
      outer loop
         vertex -2.500000e+02 4.408728e-14 -7.200000e+01
         vertex -2.497168e+02 1.189548e+01 -7.600001e+01
         vertex -2.497168e+02 -1.189548e+01 -7.600001e+01
      endloop
   endfacet
   facet normal -9.990944e-01 -9.865180e-03 -4.138974e-02
      outer loop
         vertex -2.500000e+02 4.408728e-14 -7.200000e+01
         vertex -2.497168e+02 -1.189548e+01 -7.600001e+01
         vertex -2.499500e+02 -5.000000e+00 -7.201539e+01
      endloop
   endfacet
   facet normal -9.994277e-01 -3.382785e-02 5.876804e-05
      outer loop
         vertex -2.499500e+02 -5.000000e+00 -7.201539e+01
         vertex -2.497168e+02 -1.189548e+01 -7.600001e+01
         vertex -2.497081e+02 -1.207834e+01 -3.200001e+01
      endloop
   endfacet
   facet normal -9.994164e-01 -3.415969e-02 0.000000e+00
      outer loop
         vertex -2.499500e+02 -5.000000e+00 -7.201539e+01
         vertex -2.497081e+02 -1.207834e+01 -3.200001e+01
         vertex -2.499500e+02 -5.000000e+00 -3.200001e+01
      endloop
   endfacet
   facet normal -9.994288e-01 3.379393e-02 0.000000e+00
      outer loop
         vertex -2.499500e+02 5.000000e+00 -7.201539e+01
         vertex -2.499500e+02 5.000000e+00 -3.200001e+01
         vertex -2.497168e+02 1.189548e+01 -7.600001e+01
      endloop
   endfacet
   facet normal -9.994164e-01 3.415969e-02 5.738664e-05
      outer loop
         vertex -2.497168e+02 1.189548e+01 -7.600001e+01
         vertex -2.499500e+02 5.000000e+00 -3.200001e+01
         vertex -2.497081e+02 1.207834e+01 -3.200001e+01
      endloop
   endfacet
   facet normal -9.988502e-01 4.794050e-02 0.000000e+00
      outer loop
         vertex -2.497168e+02 1.189548e+01 -7.600001e+01
         vertex -2.497081e+02 1.207834e+01 -3.200001e+01
         vertex -2.497081e+02 1.207834e+01 -7.600001e+01
      endloop
   endfacet
   facet normal -9.477758e-01 -3.189372e-01 0.000000e+00
      outer loop
         vertex -2.358280e+02 -8.297696e+01 -3.200001e+01
         vertex -2.380155e+02 -7.647642e+01 -3.200001e+01
         vertex -2.380155e+02 -7.647642e+01 -7.201539e+01
      endloop
   endfacet
   facet normal -9.485018e-01 -3.167716e-01 3.914949e-04
      outer loop
         vertex -2.358280e+02 -8.297696e+01 -3.200001e+01
         vertex -2.380155e+02 -7.647642e+01 -7.201539e+01
         vertex -2.362502e+02 -8.176699e+01 -7.600001e+01
      endloop
   endfacet
   facet normal -9.546785e-01 -2.961509e-01 -2.972399e-02
      outer loop
         vertex -2.362502e+02 -8.176699e+01 -7.600001e+01
         vertex -2.380155e+02 -7.647642e+01 -7.201539e+01
         vertex -2.394974e+02 -7.170081e+01 -7.200000e+01
      endloop
   endfacet
   facet normal -9.569513e-01 -2.828904e-01 -6.493961e-02
      outer loop
         vertex -2.362502e+02 -8.176699e+01 -7.600001e+01
         vertex -2.394974e+02 -7.170081e+01 -7.200000e+01
         vertex -2.427355e+02 -5.982891e+01 -7.600001e+01
      endloop
   endfacet
   facet normal -8.167459e-01 -5.769976e-01 0.000000e+00
      outer loop
         vertex -2.022543e+02 -1.469463e+02 -3.200001e+01
         vertex -2.060826e+02 -1.415272e+02 -3.200001e+01
         vertex -2.060826e+02 -1.415272e+02 -7.201539e+01
      endloop
   endfacet
   facet normal -8.191165e-01 -5.736268e-01 6.832963e-04
      outer loop
         vertex -2.022543e+02 -1.469463e+02 -3.200001e+01
         vertex -2.060826e+02 -1.415272e+02 -7.201539e+01
         vertex -2.036440e+02 -1.450142e+02 -7.600001e+01
      endloop
   endfacet
   facet normal -8.298219e-01 -5.576760e-01 -1.982739e-02
      outer loop
         vertex -2.036440e+02 -1.450142e+02 -7.600001e+01
         vertex -2.060826e+02 -1.415272e+02 -7.201539e+01
         vertex -2.088719e+02 -1.373772e+02 -7.200000e+01
      endloop
   endfacet
   facet normal -8.376627e-01 -5.431124e-01 -5.788061e-02
      outer loop
         vertex -2.036440e+02 -1.450142e+02 -7.600001e+01
         vertex -2.088719e+02 -1.373772e+02 -7.200000e+01
         vertex -2.154924e+02 -1.267400e+02 -7.600001e+01
      endloop
   endfacet
   facet normal -6.126467e-01 -7.903005e-01 9.440634e-03
      outer loop
         vertex -1.517906e+02 -1.986444e+02 -7.600001e+01
         vertex -1.568345e+02 -1.946867e+02 -7.201539e+01
         vertex -1.545397e+02 -1.965133e+02 -7.600001e+01
      endloop
   endfacet
   facet normal -6.350788e-01 -7.723587e-01 -1.170273e-02
      outer loop
         vertex -1.545397e+02 -1.965133e+02 -7.600001e+01
         vertex -1.568345e+02 -1.946867e+02 -7.201539e+01
         vertex -1.606969e+02 -1.915111e+02 -7.200000e+01
      endloop
   endfacet
   facet normal -6.493138e-01 -7.588408e-01 -5.051923e-02
      outer loop
         vertex -1.545397e+02 -1.965133e+02 -7.600001e+01
         vertex -1.606969e+02 -1.915111e+02 -7.200000e+01
         vertex -1.702540e+02 -1.830672e+02 -7.600001e+01
      endloop
   endfacet
   facet normal 6.873237e-01 -7.263377e-01 4.430295e-03
      outer loop
         vertex 1.788997e+02 -1.746278e+02 -3.200001e+01
         vertex 1.644950e+02 -1.882589e+02 -3.200001e+01
         vertex 1.725198e+02 -1.809335e+02 -7.600001e+01
      endloop
   endfacet
   facet normal 6.741886e-01 -7.385592e-01 0.000000e+00
      outer loop
         vertex 1.725198e+02 -1.809335e+02 -7.600001e+01
         vertex 1.644950e+02 -1.882589e+02 -3.200001e+01
         vertex 1.644950e+02 -1.882589e+02 -7.201539e+01
      endloop
   endfacet
   facet normal 6.675829e-01 -7.441613e-01 -2.360241e-02
      outer loop
         vertex 1.725198e+02 -1.809335e+02 -7.600001e+01
         vertex 1.644950e+02 -1.882589e+02 -7.201539e+01
         vertex 1.612106e+02 -1.910789e+02 -7.600001e+01
      endloop
   endfacet
   facet normal 8.256772e-01 -5.641391e-01 -2.070718e-03
      outer loop
         vertex 2.036440e+02 -1.450142e+02 -7.600001e+01
         vertex 2.091175e+02 -1.370031e+02 -7.600001e+01
         vertex 2.088719e+02 -1.373772e+02 -7.200000e+01
      endloop
   endfacet
   facet normal 8.298219e-01 -5.576760e-01 -1.982739e-02
      outer loop
         vertex 2.088719e+02 -1.373772e+02 -7.200000e+01
         vertex 2.060826e+02 -1.415272e+02 -7.201539e+01
         vertex 2.036440e+02 -1.450142e+02 -7.600001e+01
      endloop
   endfacet
   facet normal 8.194836e-01 -5.731027e-01 0.000000e+00
      outer loop
         vertex 2.036440e+02 -1.450142e+02 -7.600001e+01
         vertex 2.060826e+02 -1.415272e+02 -7.201539e+01
         vertex 2.060826e+02 -1.415272e+02 -3.200001e+01
      endloop
   endfacet
   facet normal 8.025616e-01 -5.965627e-01 2.797096e-03
      outer loop
         vertex 2.036440e+02 -1.450142e+02 -7.600001e+01
         vertex 2.060826e+02 -1.415272e+02 -3.200001e+01
         vertex 1.949186e+02 -1.565463e+02 -3.200001e+01
      endloop
   endfacet
   facet normal 8.665417e-01 -4.990855e-01 4.367588e-03
      outer loop
         vertex 2.213640e+02 -1.161808e+02 -3.200001e+01
         vertex 2.115777e+02 -1.331723e+02 -3.200001e+01
         vertex 2.165063e+02 -1.250000e+02 -7.600001e+01
      endloop
   endfacet
   facet normal 8.563242e-01 -5.164386e-01 0.000000e+00
      outer loop
         vertex 2.165063e+02 -1.250000e+02 -7.600001e+01
         vertex 2.115777e+02 -1.331723e+02 -3.200001e+01
         vertex 2.115777e+02 -1.331723e+02 -7.201539e+01
      endloop
   endfacet
   facet normal 8.513837e-01 -5.240900e-01 -2.180378e-02
      outer loop
         vertex 2.165063e+02 -1.250000e+02 -7.600001e+01
         vertex 2.115777e+02 -1.331723e+02 -7.201539e+01
         vertex 2.091175e+02 -1.370031e+02 -7.600001e+01
      endloop
   endfacet
   facet normal 8.414251e-01 -5.403738e-01 0.000000e+00
      outer loop
         vertex 2.091175e+02 -1.370031e+02 -7.600001e+01
         vertex 2.115777e+02 -1.331723e+02 -7.201539e+01
         vertex 2.091175e+02 -1.370031e+02 -7.200012e+01
      endloop
   endfacet
   facet normal 8.359787e-01 -5.487619e-01 0.000000e+00
      outer loop
         vertex 2.091175e+02 -1.370031e+02 -7.600001e+01
         vertex 2.091175e+02 -1.370031e+02 -7.200012e+01
         vertex 2.088719e+02 -1.373772e+02 -7.200000e+01
      endloop
   endfacet
   facet normal 9.518449e-01 -3.065776e-01 -1.184463e-03
      outer loop
         vertex 2.362502e+02 -8.176699e+01 -7.600001e+01
         vertex 2.395615e+02 -7.148642e+01 -7.600001e+01
         vertex 2.394974e+02 -7.170081e+01 -7.200000e+01
      endloop
   endfacet
   facet normal 9.546785e-01 -2.961509e-01 -2.972399e-02
      outer loop
         vertex 2.394974e+02 -7.170081e+01 -7.200000e+01
         vertex 2.380155e+02 -7.647642e+01 -7.201539e+01
         vertex 2.362502e+02 -8.176699e+01 -7.600001e+01
      endloop
   endfacet
   facet normal 9.485904e-01 -3.165063e-01 0.000000e+00
      outer loop
         vertex 2.362502e+02 -8.176699e+01 -7.600001e+01
         vertex 2.380155e+02 -7.647642e+01 -7.201539e+01
         vertex 2.380155e+02 -7.647642e+01 -3.200001e+01
      endloop
   endfacet
   facet normal 9.397871e-01 -3.417437e-01 3.387739e-03
      outer loop
         vertex 2.362502e+02 -8.176699e+01 -7.600001e+01
         vertex 2.380155e+02 -7.647642e+01 -3.200001e+01
         vertex 2.315437e+02 -9.427371e+01 -3.200001e+01
      endloop
   endfacet
   facet normal 9.731751e-01 -2.300279e-01 4.173150e-03
      outer loop
         vertex 2.453425e+02 -4.803168e+01 -3.200001e+01
         vertex 2.408835e+02 -6.689652e+01 -3.200001e+01
         vertex 2.429529e+02 -5.893973e+01 -7.600001e+01
      endloop
   endfacet
   facet normal 9.678033e-01 -2.517078e-01 0.000000e+00
      outer loop
         vertex 2.429529e+02 -5.893973e+01 -7.600001e+01
         vertex 2.408835e+02 -6.689652e+01 -3.200001e+01
         vertex 2.408835e+02 -6.689652e+01 -7.201539e+01
      endloop
   endfacet
   facet normal 9.651673e-01 -2.608905e-01 -1.970574e-02
      outer loop
         vertex 2.429529e+02 -5.893973e+01 -7.600001e+01
         vertex 2.408835e+02 -6.689652e+01 -7.201539e+01
         vertex 2.395615e+02 -7.148642e+01 -7.600001e+01
      endloop
   endfacet
   facet normal 9.609338e-01 -2.767782e-01 0.000000e+00
      outer loop
         vertex 2.395615e+02 -7.148642e+01 -7.600001e+01
         vertex 2.408835e+02 -6.689652e+01 -7.201539e+01
         vertex 2.395615e+02 -7.148642e+01 -7.200003e+01
      endloop
   endfacet
   facet normal 9.581236e-01 -2.863549e-01 0.000000e+00
      outer loop
         vertex 2.395615e+02 -7.148642e+01 -7.600001e+01
         vertex 2.395615e+02 -7.148642e+01 -7.200003e+01
         vertex 2.394974e+02 -7.170081e+01 -7.200000e+01
      endloop
   endfacet
   facet normal 9.994288e-01 -3.379393e-02 0.000000e+00
      outer loop
         vertex 2.499500e+02 -5.000000e+00 -7.201539e+01
         vertex 2.499500e+02 -5.000000e+00 -3.200001e+01
         vertex 2.497168e+02 -1.189548e+01 -7.600001e+01
      endloop
   endfacet
   facet normal 9.982918e-01 -5.829905e-02 3.846356e-03
      outer loop
         vertex 2.497168e+02 -1.189548e+01 -7.600001e+01
         vertex 2.499500e+02 -5.000000e+00 -3.200001e+01
         vertex 2.488329e+02 -2.412848e+01 -3.200001e+01
      endloop
   endfacet
   facet normal 9.982991e-01 5.829948e-02 0.000000e+00
      outer loop
         vertex 2.488329e+02 2.412848e+01 -3.200001e+01
         vertex 2.499500e+02 5.000000e+00 -3.200001e+01
         vertex 2.499500e+02 5.000000e+00 -7.201539e+01
      endloop
   endfacet
   facet normal 9.990944e-01 -9.865180e-03 -4.138974e-02
      outer loop
         vertex 2.499500e+02 -5.000000e+00 -7.201539e+01
         vertex 2.497168e+02 -1.189548e+01 -7.600001e+01
         vertex 2.500000e+02 1.347112e-14 -7.200000e+01
      endloop
   endfacet
   facet normal 9.997168e-01 -2.379783e-02 -1.811164e-18
      outer loop
         vertex 2.500000e+02 1.347112e-14 -7.200000e+01
         vertex 2.497168e+02 -1.189548e+01 -7.600001e+01
         vertex 2.500000e+02 1.377554e-14 -7.600001e+01
      endloop
   endfacet
   facet normal 9.999500e-01 1.000116e-02 7.611508e-19
      outer loop
         vertex 2.500000e+02 1.347112e-14 -7.200000e+01
         vertex 2.500000e+02 1.377554e-14 -7.600001e+01
         vertex 2.499500e+02 5.000000e+00 -7.201539e+01
      endloop
   endfacet
   facet normal 9.995670e-01 2.379426e-02 -1.731276e-02
      outer loop
         vertex 2.499500e+02 5.000000e+00 -7.201539e+01
         vertex 2.500000e+02 1.377554e-14 -7.600001e+01
         vertex 2.497168e+02 1.189548e+01 -7.600001e+01
      endloop
   endfacet
   facet normal 9.991928e-01 3.910305e-02 9.201383e-03
      outer loop
         vertex 2.499500e+02 5.000000e+00 -7.201539e+01
         vertex 2.497168e+02 1.189548e+01 -7.600001e+01
         vertex 2.488329e+02 2.412848e+01 -3.200001e+01
      endloop
   endfacet
   facet normal 9.731751e-01 2.300279e-01 4.173150e-03
      outer loop
         vertex 2.408835e+02 6.689652e+01 -3.200001e+01
         vertex 2.453425e+02 4.803168e+01 -3.200001e+01
         vertex 2.429529e+02 5.893973e+01 -7.600001e+01
      endloop
   endfacet
   facet normal 9.517438e-01 3.065451e-01 -1.462303e-02
      outer loop
         vertex 2.395615e+02 7.148642e+01 -7.600001e+01
         vertex 2.362502e+02 8.176699e+01 -7.600001e+01
         vertex 2.380155e+02 7.647642e+01 -7.201539e+01
      endloop
   endfacet
   facet normal 9.463889e-01 3.228910e-01 9.452662e-03
      outer loop
         vertex 2.380155e+02 7.647642e+01 -7.201539e+01
         vertex 2.362502e+02 8.176699e+01 -7.600001e+01
         vertex 2.315437e+02 9.427371e+01 -3.200001e+01
      endloop
   endfacet
   facet normal 9.397925e-01 3.417457e-01 -0.000000e+00
      outer loop
         vertex 2.380155e+02 7.647642e+01 -7.201539e+01
         vertex 2.315437e+02 9.427371e+01 -3.200001e+01
         vertex 2.380155e+02 7.647642e+01 -3.200001e+01
      endloop
   endfacet
   facet normal 9.550738e-01 2.963675e-01 -5.855026e-04
      outer loop
         vertex 2.380155e+02 7.647642e+01 -7.201539e+01
         vertex 2.394974e+02 7.170081e+01 -7.200000e+01
         vertex 2.395615e+02 7.148642e+01 -7.600001e+01
      endloop
   endfacet
   facet normal 9.581236e-01 2.863549e-01 -0.000000e+00
      outer loop
         vertex 2.395615e+02 7.148642e+01 -7.600001e+01
         vertex 2.394974e+02 7.170081e+01 -7.200000e+01
         vertex 2.395615e+02 7.148642e+01 -7.200003e+01
      endloop
   endfacet
   facet normal 9.653547e-01 2.609411e-01 -0.000000e+00
      outer loop
         vertex 2.395615e+02 7.148642e+01 -7.600001e+01
         vertex 2.395615e+02 7.148642e+01 -7.200003e+01
         vertex 2.429529e+02 5.893973e+01 -7.600001e+01
      endloop
   endfacet
   facet normal 9.594884e-01 2.765423e-01 -5.390988e-02
      outer loop
         vertex 2.429529e+02 5.893973e+01 -7.600001e+01
         vertex 2.395615e+02 7.148642e+01 -7.200003e+01
         vertex 2.408835e+02 6.689652e+01 -7.201539e+01
      endloop
   endfacet
   facet normal 9.678033e-01 2.517078e-01 0.000000e+00
      outer loop
         vertex 2.429529e+02 5.893973e+01 -7.600001e+01
         vertex 2.408835e+02 6.689652e+01 -7.201539e+01
         vertex 2.408835e+02 6.689652e+01 -3.200001e+01
      endloop
   endfacet
   facet normal 8.665417e-01 4.990855e-01 4.367588e-03
      outer loop
         vertex 2.115777e+02 1.331723e+02 -3.200001e+01
         vertex 2.213640e+02 1.161808e+02 -3.200001e+01
         vertex 2.165063e+02 1.250000e+02 -7.600001e+01
      endloop
   endfacet
   facet normal 8.256231e-01 5.641021e-01 -1.163402e-02
      outer loop
         vertex 2.091175e+02 1.370031e+02 -7.600001e+01
         vertex 2.036440e+02 1.450142e+02 -7.600001e+01
         vertex 2.060826e+02 1.415272e+02 -7.201539e+01
      endloop
   endfacet
   facet normal 8.143669e-01 5.802741e-01 9.407285e-03
      outer loop
         vertex 2.060826e+02 1.415272e+02 -7.201539e+01
         vertex 2.036440e+02 1.450142e+02 -7.600001e+01
         vertex 1.949186e+02 1.565463e+02 -3.200001e+01
      endloop
   endfacet
   facet normal 8.025647e-01 5.965651e-01 -0.000000e+00
      outer loop
         vertex 2.060826e+02 1.415272e+02 -7.201539e+01
         vertex 1.949186e+02 1.565463e+02 -3.200001e+01
         vertex 2.060826e+02 1.415272e+02 -3.200001e+01
      endloop
   endfacet
   facet normal 8.299524e-01 5.578328e-01 -1.218399e-03
      outer loop
         vertex 2.060826e+02 1.415272e+02 -7.201539e+01
         vertex 2.088719e+02 1.373772e+02 -7.200000e+01
         vertex 2.091175e+02 1.370031e+02 -7.600001e+01
      endloop
   endfacet
   facet normal 8.359787e-01 5.487619e-01 -0.000000e+00
      outer loop
         vertex 2.091175e+02 1.370031e+02 -7.600001e+01
         vertex 2.088719e+02 1.373772e+02 -7.200000e+01
         vertex 2.091175e+02 1.370031e+02 -7.200012e+01
      endloop
   endfacet
   facet normal 8.515862e-01 5.242146e-01 -0.000000e+00
      outer loop
         vertex 2.091175e+02 1.370031e+02 -7.600001e+01
         vertex 2.091175e+02 1.370031e+02 -7.200012e+01
         vertex 2.165063e+02 1.250000e+02 -7.600001e+01
      endloop
   endfacet
   facet normal 8.393596e-01 5.393180e-01 -6.790886e-02
      outer loop
         vertex 2.165063e+02 1.250000e+02 -7.600001e+01
         vertex 2.091175e+02 1.370031e+02 -7.200012e+01
         vertex 2.115777e+02 1.331723e+02 -7.201539e+01
      endloop
   endfacet
   facet normal 8.563242e-01 5.164386e-01 0.000000e+00
      outer loop
         vertex 2.165063e+02 1.250000e+02 -7.600001e+01
         vertex 2.115777e+02 1.331723e+02 -7.201539e+01
         vertex 2.115777e+02 1.331723e+02 -3.200001e+01
      endloop
   endfacet
   facet normal 6.873237e-01 7.263377e-01 4.430295e-03
      outer loop
         vertex 1.644950e+02 1.882589e+02 -3.200001e+01
         vertex 1.788997e+02 1.746278e+02 -3.200001e+01
         vertex 1.725198e+02 1.809335e+02 -7.600001e+01
      endloop
   endfacet
   facet normal 5.981105e-01 8.014137e-01 0.000000e+00
      outer loop
         vertex 1.420162e+02 2.057460e+02 -3.200001e+01
         vertex 1.568345e+02 1.946867e+02 -3.200001e+01
         vertex 1.568345e+02 1.946867e+02 -7.201539e+01
      endloop
   endfacet
   facet normal 6.350978e-01 7.724294e-01 -1.903429e-03
      outer loop
         vertex 1.568345e+02 1.946867e+02 -7.201539e+01
         vertex 1.606969e+02 1.915111e+02 -7.200000e+01
         vertex 1.612106e+02 1.910789e+02 -7.600001e+01
      endloop
   endfacet
   facet normal 6.438192e-01 7.651777e-01 -0.000000e+00
      outer loop
         vertex 1.612106e+02 1.910789e+02 -7.600001e+01
         vertex 1.606969e+02 1.915111e+02 -7.200000e+01
         vertex 1.612106e+02 1.910789e+02 -7.200028e+01
      endloop
   endfacet
   facet normal 6.677689e-01 7.443686e-01 -0.000000e+00
      outer loop
         vertex 1.612106e+02 1.910789e+02 -7.600001e+01
         vertex 1.612106e+02 1.910789e+02 -7.200028e+01
         vertex 1.725198e+02 1.809335e+02 -7.600001e+01
      endloop
   endfacet
   facet normal 6.489472e-01 7.562527e-01 -8.336265e-02
      outer loop
         vertex 1.725198e+02 1.809335e+02 -7.600001e+01
         vertex 1.612106e+02 1.910789e+02 -7.200028e+01
         vertex 1.644950e+02 1.882589e+02 -7.201539e+01
      endloop
   endfacet
   facet normal 6.741886e-01 7.385592e-01 0.000000e+00
      outer loop
         vertex 1.725198e+02 1.809335e+02 -7.600001e+01
         vertex 1.644950e+02 1.882589e+02 -7.201539e+01
         vertex 1.644950e+02 1.882589e+02 -3.200001e+01
      endloop
   endfacet
   facet normal 9.768345e-01 -2.139963e-01 0.000000e+00
      outer loop
         vertex 2.429529e+02 -5.893973e+01 -7.600001e+01
         vertex 2.453425e+02 -4.803168e+01 -7.600001e+01
         vertex 2.453425e+02 -4.803168e+01 -3.200001e+01
      endloop
   endfacet
   facet normal 9.859105e-01 -1.672735e-01 0.000000e+00
      outer loop
         vertex 2.453425e+02 -4.803168e+01 -3.200001e+01
         vertex 2.453425e+02 -4.803168e+01 -7.600001e+01
         vertex 2.474554e+02 -3.557871e+01 -7.600001e+01
      endloop
   endfacet
   facet normal 9.894847e-01 -1.444857e-01 6.621075e-03
      outer loop
         vertex 2.453425e+02 -4.803168e+01 -3.200001e+01
         vertex 2.474554e+02 -3.557871e+01 -7.600001e+01
         vertex 2.488329e+02 -2.412848e+01 -3.200001e+01
      endloop
   endfacet
   facet normal 9.928406e-01 -1.194465e-01 0.000000e+00
      outer loop
         vertex 2.488329e+02 -2.412848e+01 -3.200001e+01
         vertex 2.474554e+02 -3.557871e+01 -7.600001e+01
         vertex 2.488329e+02 -2.412848e+01 -7.600001e+01
      endloop
   endfacet
   facet normal 9.973996e-01 -7.206927e-02 0.000000e+00
      outer loop
         vertex 2.488329e+02 -2.412848e+01 -3.200001e+01
         vertex 2.488329e+02 -2.412848e+01 -7.600001e+01
         vertex 2.497168e+02 -1.189548e+01 -7.600001e+01
      endloop
   endfacet
   facet normal 8.759182e-01 -4.824597e-01 0.000000e+00
      outer loop
         vertex 2.165063e+02 -1.250000e+02 -7.600001e+01
         vertex 2.213640e+02 -1.161808e+02 -7.600001e+01
         vertex 2.213640e+02 -1.161808e+02 -3.200001e+01
      endloop
   endfacet
   facet normal 8.978827e-01 -4.402347e-01 0.000000e+00
      outer loop
         vertex 2.213640e+02 -1.161808e+02 -3.200001e+01
         vertex 2.213640e+02 -1.161808e+02 -7.600001e+01
         vertex 2.274080e+02 -1.038538e+02 -7.600001e+01
      endloop
   endfacet
   facet normal 9.068552e-01 -4.213921e-01 6.511440e-03
      outer loop
         vertex 2.213640e+02 -1.161808e+02 -3.200001e+01
         vertex 2.274080e+02 -1.038538e+02 -7.600001e+01
         vertex 2.315437e+02 -9.427371e+01 -3.200001e+01
      endloop
   endfacet
   facet normal 9.181031e-01 -3.963415e-01 0.000000e+00
      outer loop
         vertex 2.315437e+02 -9.427371e+01 -3.200001e+01
         vertex 2.274080e+02 -1.038538e+02 -7.600001e+01
         vertex 2.315437e+02 -9.427371e+01 -7.600001e+01
      endloop
   endfacet
   facet normal 9.359219e-01 -3.522076e-01 0.000000e+00
      outer loop
         vertex 2.315437e+02 -9.427371e+01 -3.200001e+01
         vertex 2.315437e+02 -9.427371e+01 -7.600001e+01
         vertex 2.362502e+02 -8.176699e+01 -7.600001e+01
      endloop
   endfacet
   facet normal 7.029525e-01 -7.112368e-01 0.000000e+00
      outer loop
         vertex 1.725198e+02 -1.809335e+02 -7.600001e+01
         vertex 1.788997e+02 -1.746278e+02 -7.600001e+01
         vertex 1.788997e+02 -1.746278e+02 -3.200001e+01
      endloop
   endfacet
   facet normal 7.359977e-01 -6.769841e-01 0.000000e+00
      outer loop
         vertex 1.788997e+02 -1.746278e+02 -3.200001e+01
         vertex 1.788997e+02 -1.746278e+02 -7.600001e+01
         vertex 1.889374e+02 -1.637152e+02 -7.600001e+01
      endloop
   endfacet
   facet normal 7.484959e-01 -6.631095e-01 6.292296e-03
      outer loop
         vertex 1.788997e+02 -1.746278e+02 -3.200001e+01
         vertex 1.889374e+02 -1.637152e+02 -7.600001e+01
         vertex 1.949186e+02 -1.565463e+02 -3.200001e+01
      endloop
   endfacet
   facet normal 7.678462e-01 -6.406342e-01 0.000000e+00
      outer loop
         vertex 1.949186e+02 -1.565463e+02 -3.200001e+01
         vertex 1.889374e+02 -1.637152e+02 -7.600001e+01
         vertex 1.949186e+02 -1.565463e+02 -7.600001e+01
      endloop
   endfacet
   facet normal 7.974585e-01 -6.033738e-01 0.000000e+00
      outer loop
         vertex 1.949186e+02 -1.565463e+02 -3.200001e+01
         vertex 1.949186e+02 -1.565463e+02 -7.600001e+01
         vertex 2.036440e+02 -1.450142e+02 -7.600001e+01
      endloop
   endfacet
   facet normal 6.514355e-01 -7.587040e-01 0.000000e+00
      outer loop
         vertex 1.644950e+02 -1.882589e+02 -7.201539e+01
         vertex 1.612106e+02 -1.910789e+02 -7.200028e+01
         vertex 1.612106e+02 -1.910789e+02 -7.600001e+01
      endloop
   endfacet
   facet normal 6.438192e-01 -7.651777e-01 0.000000e+00
      outer loop
         vertex 1.612106e+02 -1.910789e+02 -7.600001e+01
         vertex 1.612106e+02 -1.910789e+02 -7.200028e+01
         vertex 1.606969e+02 -1.915111e+02 -7.200000e+01
      endloop
   endfacet
   facet normal 6.315925e-01 -7.752960e-01 -2.663263e-03
      outer loop
         vertex 1.612106e+02 -1.910789e+02 -7.600001e+01
         vertex 1.606969e+02 -1.915111e+02 -7.200000e+01
         vertex 1.545397e+02 -1.965133e+02 -7.600001e+01
      endloop
   endfacet
   facet normal 6.350788e-01 -7.723587e-01 -1.170273e-02
      outer loop
         vertex 1.545397e+02 -1.965133e+02 -7.600001e+01
         vertex 1.606969e+02 -1.915111e+02 -7.200000e+01
         vertex 1.568345e+02 -1.946867e+02 -7.201539e+01
      endloop
   endfacet
   facet normal 5.931791e-01 -8.046105e-01 2.721198e-02
      outer loop
         vertex 1.545397e+02 -1.965133e+02 -7.600001e+01
         vertex 1.568345e+02 -1.946867e+02 -7.201539e+01
         vertex 1.420162e+02 -2.057460e+02 -7.600001e+01
      endloop
   endfacet
   facet normal 5.981105e-01 -8.014137e-01 0.000000e+00
      outer loop
         vertex 1.420162e+02 -2.057460e+02 -7.600001e+01
         vertex 1.568345e+02 -1.946867e+02 -7.201539e+01
         vertex 1.420162e+02 -2.057460e+02 -3.200001e+01
      endloop
   endfacet
   facet normal 5.544280e-01 -8.322317e-01 0.000000e+00
      outer loop
         vertex 1.420162e+02 -2.057460e+02 -7.600001e+01
         vertex 1.420162e+02 -2.057460e+02 -3.200001e+01
         vertex 1.351602e+02 -2.103134e+02 -7.600001e+01
      endloop
   endfacet
   facet normal 5.276306e-01 -8.494530e-01 5.963160e-03
      outer loop
         vertex 1.351602e+02 -2.103134e+02 -7.600001e+01
         vertex 1.420162e+02 -2.057460e+02 -3.200001e+01
         vertex 1.214959e+02 -2.184920e+02 -3.200001e+01
      endloop
   endfacet
   facet normal 5.135723e-01 -8.580463e-01 0.000000e+00
      outer loop
         vertex 1.351602e+02 -2.103134e+02 -7.600001e+01
         vertex 1.214959e+02 -2.184920e+02 -3.200001e+01
         vertex 1.214959e+02 -2.184920e+02 -7.600001e+01
      endloop
   endfacet
   facet normal 4.721640e-01 -8.815107e-01 0.000000e+00
      outer loop
         vertex 1.214959e+02 -2.184920e+02 -7.600001e+01
         vertex 1.214959e+02 -2.184920e+02 -3.200001e+01
         vertex 1.145566e+02 -2.222089e+02 -7.600001e+01
      endloop
   endfacet
   facet normal 4.431845e-01 -8.964115e-01 5.829072e-03
      outer loop
         vertex 1.145566e+02 -2.222089e+02 -7.600001e+01
         vertex 1.214959e+02 -2.184920e+02 -3.200001e+01
         vertex 9.984115e+01 -2.291981e+02 -3.200001e+01
      endloop
   endfacet
   facet normal 4.290238e-01 -9.032932e-01 0.000000e+00
      outer loop
         vertex 1.145566e+02 -2.222089e+02 -7.600001e+01
         vertex 9.984115e+01 -2.291981e+02 -3.200001e+01
         vertex 9.984115e+01 -2.291981e+02 -7.600001e+01
      endloop
   endfacet
   facet normal 3.855559e-01 -9.226845e-01 0.000000e+00
      outer loop
         vertex 9.984115e+01 -2.291981e+02 -7.600001e+01
         vertex 9.984115e+01 -2.291981e+02 -3.200001e+01
         vertex 9.291562e+01 -2.320920e+02 -7.600001e+01
      endloop
   endfacet
   facet normal 3.545992e-01 -9.350011e-01 5.682617e-03
      outer loop
         vertex 9.291562e+01 -2.320920e+02 -7.600001e+01
         vertex 9.984115e+01 -2.291981e+02 -3.200001e+01
         vertex 7.725425e+01 -2.377641e+02 -3.200001e+01
      endloop
   endfacet
   facet normal 3.405293e-01 -9.402339e-01 0.000000e+00
      outer loop
         vertex 9.291562e+01 -2.320920e+02 -7.600001e+01
         vertex 7.725425e+01 -2.377641e+02 -3.200001e+01
         vertex 7.725425e+01 -2.377641e+02 -7.600001e+01
      endloop
   endfacet
   facet normal 2.954043e-01 -9.553723e-01 0.000000e+00
      outer loop
         vertex 7.725425e+01 -2.377641e+02 -7.600001e+01
         vertex 7.725425e+01 -2.377641e+02 -3.200001e+01
         vertex 7.043314e+01 -2.398732e+02 -7.600001e+01
      endloop
   endfacet
   facet normal 2.627032e-01 -9.648609e-01 5.524333e-03
      outer loop
         vertex 7.043314e+01 -2.398732e+02 -7.600001e+01
         vertex 7.725425e+01 -2.377641e+02 -3.200001e+01
         vertex 5.394605e+01 -2.441103e+02 -3.200001e+01
      endloop
   endfacet
   facet normal 2.489026e-01 -9.685285e-01 0.000000e+00
      outer loop
         vertex 7.043314e+01 -2.398732e+02 -7.600001e+01
         vertex 5.394605e+01 -2.441103e+02 -3.200001e+01
         vertex 5.394605e+01 -2.441103e+02 -7.600001e+01
      endloop
   endfacet
   facet normal 2.025364e-01 -9.792747e-01 0.000000e+00
      outer loop
         vertex 5.394605e+01 -2.441103e+02 -7.600001e+01
         vertex 5.394605e+01 -2.441103e+02 -3.200001e+01
         vertex 4.731281e+01 -2.454822e+02 -7.600001e+01
      endloop
   endfacet
   facet normal 1.683544e-01 -9.857120e-01 5.353829e-03
      outer loop
         vertex 4.731281e+01 -2.454822e+02 -7.600001e+01
         vertex 5.394605e+01 -2.441103e+02 -3.200001e+01
         vertex 3.013417e+01 -2.481772e+02 -3.200001e+01
      endloop
   endfacet
   facet normal 1.549874e-01 -9.879164e-01 0.000000e+00
      outer loop
         vertex 4.731281e+01 -2.454822e+02 -7.600001e+01
         vertex 3.013417e+01 -2.481772e+02 -3.200001e+01
         vertex 3.013417e+01 -2.481772e+02 -7.600001e+01
      endloop
   endfacet
   facet normal 1.078046e-01 -9.941721e-01 0.000000e+00
      outer loop
         vertex 3.013417e+01 -2.481772e+02 -7.600001e+01
         vertex 3.013417e+01 -2.481772e+02 -3.200001e+01
         vertex 2.376401e+01 -2.488680e+02 -7.600001e+01
      endloop
   endfacet
   facet normal 7.243378e-02 -9.973598e-01 5.170905e-03
      outer loop
         vertex 2.376401e+01 -2.488680e+02 -7.600001e+01
         vertex 3.013417e+01 -2.481772e+02 -3.200001e+01
         vertex 6.040936e+00 -2.499270e+02 -3.200001e+01
      endloop
   endfacet
   facet normal 5.964766e-02 -9.982195e-01 0.000000e+00
      outer loop
         vertex 2.376401e+01 -2.488680e+02 -7.600001e+01
         vertex 6.040936e+00 -2.499270e+02 -3.200001e+01
         vertex 6.040936e+00 -2.499270e+02 -7.600001e+01
      endloop
   endfacet
   facet normal 1.208347e-02 -9.999270e-01 0.000000e+00
      outer loop
         vertex 6.040936e+00 -2.499270e+02 -7.600001e+01
         vertex 6.040936e+00 -2.499270e+02 -3.200001e+01
         vertex -4.592425e-14 -2.500000e+02 -7.600001e+01
      endloop
   endfacet
   facet normal -2.416312e-02 -9.996956e-01 4.976056e-03
      outer loop
         vertex -4.592425e-14 -2.500000e+02 -7.600001e+01
         vertex 6.040936e+00 -2.499270e+02 -3.200001e+01
         vertex -1.810870e+01 -2.493433e+02 -3.200001e+01
      endloop
   endfacet
   facet normal -3.624102e-02 -9.993431e-01 0.000000e+00
      outer loop
         vertex -4.592425e-14 -2.500000e+02 -7.600001e+01
         vertex -1.810870e+01 -2.493433e+02 -3.200001e+01
         vertex -1.810870e+01 -2.493433e+02 -7.600001e+01
      endloop
   endfacet
   facet normal -8.375264e-02 -9.964866e-01 0.000000e+00
      outer loop
         vertex -1.810870e+01 -2.493433e+02 -7.600001e+01
         vertex -1.810870e+01 -2.493433e+02 -3.200001e+01
         vertex -2.376401e+01 -2.488680e+02 -7.600001e+01
      endloop
   endfacet
   facet normal -1.205357e-01 -9.926975e-01 4.768647e-03
      outer loop
         vertex -2.376401e+01 -2.488680e+02 -7.600001e+01
         vertex -1.810870e+01 -2.493433e+02 -3.200001e+01
         vertex -4.208926e+01 -2.464315e+02 -3.200001e+01
      endloop
   endfacet
   facet normal -1.317966e-01 -9.912768e-01 0.000000e+00
      outer loop
         vertex -2.376401e+01 -2.488680e+02 -7.600001e+01
         vertex -4.208926e+01 -2.464315e+02 -3.200001e+01
         vertex -4.208926e+01 -2.464315e+02 -7.600001e+01
      endloop
   endfacet
   facet normal -1.788128e-01 -9.838831e-01 0.000000e+00
      outer loop
         vertex -4.208926e+01 -2.464315e+02 -7.600001e+01
         vertex -4.208926e+01 -2.464315e+02 -3.200001e+01
         vertex -4.731281e+01 -2.454822e+02 -7.600001e+01
      endloop
   endfacet
   facet normal -2.157815e-01 -9.764311e-01 4.549595e-03
      outer loop
         vertex -4.731281e+01 -2.454822e+02 -7.600001e+01
         vertex -4.208926e+01 -2.464315e+02 -3.200001e+01
         vertex -6.567685e+01 -2.412189e+02 -3.200001e+01
      endloop
   endfacet
   facet normal -2.261399e-01 -9.740948e-01 0.000000e+00
      outer loop
         vertex -4.731281e+01 -2.454822e+02 -7.600001e+01
         vertex -6.567685e+01 -2.412189e+02 -3.200001e+01
         vertex -6.567685e+01 -2.412189e+02 -7.600001e+01
      endloop
   endfacet
   facet normal -2.722341e-01 -9.622310e-01 0.000000e+00
      outer loop
         vertex -6.567685e+01 -2.412189e+02 -7.600001e+01
         vertex -6.567685e+01 -2.412189e+02 -3.200001e+01
         vertex -7.043314e+01 -2.398732e+02 -7.600001e+01
      endloop
   endfacet
   facet normal -3.090146e-01 -9.510475e-01 4.317905e-03
      outer loop
         vertex -7.043314e+01 -2.398732e+02 -7.600001e+01
         vertex -6.567685e+01 -2.412189e+02 -3.200001e+01
         vertex -8.865122e+01 -2.337541e+02 -3.200001e+01
      endloop
   endfacet
   facet normal -3.184044e-01 -9.479550e-01 0.000000e+00
      outer loop
         vertex -7.043314e+01 -2.398732e+02 -7.600001e+01
         vertex -8.865122e+01 -2.337541e+02 -3.200001e+01
         vertex -8.865122e+01 -2.337541e+02 -7.600001e+01
      endloop
   endfacet
   facet normal -3.631485e-01 -9.317313e-01 0.000000e+00
      outer loop
         vertex -8.865122e+01 -2.337541e+02 -7.600001e+01
         vertex -8.865122e+01 -2.337541e+02 -3.200001e+01
         vertex -9.291562e+01 -2.320920e+02 -7.600001e+01
      endloop
   endfacet
   facet normal -3.993612e-01 -9.167846e-01 4.074261e-03
      outer loop
         vertex -9.291562e+01 -2.320920e+02 -7.600001e+01
         vertex -8.865122e+01 -2.337541e+02 -3.200001e+01
         vertex -1.107979e+02 -2.241067e+02 -3.200001e+01
      endloop
   endfacet
   facet normal -4.077399e-01 -9.130981e-01 0.000000e+00
      outer loop
         vertex -9.291562e+01 -2.320920e+02 -7.600001e+01
         vertex -1.107979e+02 -2.241067e+02 -3.200001e+01
         vertex -1.107979e+02 -2.241067e+02 -7.600001e+01
      endloop
   endfacet
   facet normal -4.507250e-01 -8.926629e-01 0.000000e+00
      outer loop
         vertex -1.107979e+02 -2.241067e+02 -7.600001e+01
         vertex -1.107979e+02 -2.241067e+02 -3.200001e+01
         vertex -1.145566e+02 -2.222089e+02 -7.600001e+01
      endloop
   endfacet
   facet normal -4.859799e-01 -8.739617e-01 3.818334e-03
      outer loop
         vertex -1.145566e+02 -2.222089e+02 -7.600001e+01
         vertex -1.107979e+02 -2.241067e+02 -3.200001e+01
         vertex -1.319101e+02 -2.123670e+02 -3.200001e+01
      endloop
   endfacet
   facet normal -4.933262e-01 -8.698444e-01 0.000000e+00
      outer loop
         vertex -1.145566e+02 -2.222089e+02 -7.600001e+01
         vertex -1.319101e+02 -2.123670e+02 -3.200001e+01
         vertex -1.319101e+02 -2.123670e+02 -7.600001e+01
      endloop
   endfacet
   facet normal -5.341559e-01 -8.453860e-01 0.000000e+00
      outer loop
         vertex -1.319101e+02 -2.123670e+02 -7.600001e+01
         vertex -1.319101e+02 -2.123670e+02 -3.200001e+01
         vertex -1.351602e+02 -2.103134e+02 -7.600001e+01
      endloop
   endfacet
   facet normal -5.680611e-01 -8.229787e-01 3.550289e-03
      outer loop
         vertex -1.351602e+02 -2.103134e+02 -7.600001e+01
         vertex -1.319101e+02 -2.123670e+02 -3.200001e+01
         vertex -1.517906e+02 -1.986444e+02 -3.200001e+01
      endloop
   endfacet
   facet normal -5.743760e-01 -8.185916e-01 0.000000e+00
      outer loop
         vertex -1.351602e+02 -2.103134e+02 -7.600001e+01
         vertex -1.517906e+02 -1.986444e+02 -3.200001e+01
         vertex -1.517906e+02 -1.986444e+02 -7.600001e+01
      endloop
   endfacet
   facet normal -6.173009e-01 -7.867271e-01 0.000000e+00
      outer loop
         vertex -1.517906e+02 -1.986444e+02 -7.600001e+01
         vertex -1.517906e+02 -1.986444e+02 -3.200001e+01
         vertex -1.568345e+02 -1.946867e+02 -3.200001e+01
      endloop
   endfacet
   facet normal -6.173009e-01 -7.867271e-01 0.000000e+00
      outer loop
         vertex -1.517906e+02 -1.986444e+02 -7.600001e+01
         vertex -1.568345e+02 -1.946867e+02 -3.200001e+01
         vertex -1.568345e+02 -1.946867e+02 -7.201539e+01
      endloop
   endfacet
   facet normal -6.494910e-01 -7.587323e-01 -4.986689e-02
      outer loop
         vertex -1.606969e+02 -1.915111e+02 -7.200000e+01
         vertex -1.644950e+02 -1.882589e+02 -7.201539e+01
         vertex -1.702540e+02 -1.830672e+02 -7.600001e+01
      endloop
   endfacet
   facet normal -6.695781e-01 -7.427417e-01 0.000000e+00
      outer loop
         vertex -1.702540e+02 -1.830672e+02 -7.600001e+01
         vertex -1.644950e+02 -1.882589e+02 -7.201539e+01
         vertex -1.702540e+02 -1.830672e+02 -3.200001e+01
      endloop
   endfacet
   facet normal -6.855612e-01 -7.280150e-01 0.000000e+00
      outer loop
         vertex -1.702540e+02 -1.830672e+02 -7.600001e+01
         vertex -1.702540e+02 -1.830672e+02 -3.200001e+01
         vertex -1.725198e+02 -1.809335e+02 -7.600001e+01
      endloop
   endfacet
   facet normal -7.155957e-01 -6.985083e-01 2.977488e-03
      outer loop
         vertex -1.725198e+02 -1.809335e+02 -7.600001e+01
         vertex -1.702540e+02 -1.830672e+02 -3.200001e+01
         vertex -1.871277e+02 -1.657807e+02 -3.200001e+01
      endloop
   endfacet
   facet normal -8.118050e-01 -5.839286e-01 0.000000e+00
      outer loop
         vertex -2.036440e+02 -1.450142e+02 -7.600001e+01
         vertex -2.022543e+02 -1.469463e+02 -7.600001e+01
         vertex -2.022543e+02 -1.469463e+02 -3.200001e+01
      endloop
   endfacet
   facet normal -7.831018e-01 -6.218935e-01 -0.000000e+00
      outer loop
         vertex -2.022543e+02 -1.469463e+02 -3.200001e+01
         vertex -2.022543e+02 -1.469463e+02 -7.600001e+01
         vertex -1.889374e+02 -1.637152e+02 -7.600001e+01
      endloop
   endfacet
   facet normal -7.796717e-01 -6.261828e-01 2.672841e-03
      outer loop
         vertex -2.022543e+02 -1.469463e+02 -3.200001e+01
         vertex -1.889374e+02 -1.637152e+02 -7.600001e+01
         vertex -1.871277e+02 -1.657807e+02 -3.200001e+01
      endloop
   endfacet
   facet normal -7.521422e-01 -6.590008e-01 -0.000000e+00
      outer loop
         vertex -1.871277e+02 -1.657807e+02 -3.200001e+01
         vertex -1.889374e+02 -1.637152e+02 -7.600001e+01
         vertex -1.871277e+02 -1.657807e+02 -7.600001e+01
      endloop
   endfacet
   facet normal -7.199329e-01 -6.940437e-01 -0.000000e+00
      outer loop
         vertex -1.871277e+02 -1.657807e+02 -3.200001e+01
         vertex -1.871277e+02 -1.657807e+02 -7.600001e+01
         vertex -1.725198e+02 -1.809335e+02 -7.600001e+01
      endloop
   endfacet
   facet normal -8.399094e-01 -5.406370e-01 -4.757913e-02
      outer loop
         vertex -2.088719e+02 -1.373772e+02 -7.200000e+01
         vertex -2.115777e+02 -1.331723e+02 -7.201539e+01
         vertex -2.154924e+02 -1.267400e+02 -7.600001e+01
      endloop
   endfacet
   facet normal -8.542373e-01 -5.198833e-01 0.000000e+00
      outer loop
         vertex -2.154924e+02 -1.267400e+02 -7.600001e+01
         vertex -2.115777e+02 -1.331723e+02 -7.201539e+01
         vertex -2.154924e+02 -1.267400e+02 -3.200001e+01
      endloop
   endfacet
   facet normal -8.640045e-01 -5.034841e-01 0.000000e+00
      outer loop
         vertex -2.154924e+02 -1.267400e+02 -7.600001e+01
         vertex -2.154924e+02 -1.267400e+02 -3.200001e+01
         vertex -2.165063e+02 -1.250000e+02 -7.600001e+01
      endloop
   endfacet
   facet normal -8.854541e-01 -4.647224e-01 2.027102e-03
      outer loop
         vertex -2.165063e+02 -1.250000e+02 -7.600001e+01
         vertex -2.154924e+02 -1.267400e+02 -3.200001e+01
         vertex -2.267186e+02 -1.053503e+02 -3.200001e+01
      endloop
   endfacet
   facet normal -9.441583e-01 -3.294923e-01 0.000000e+00
      outer loop
         vertex -2.362502e+02 -8.176699e+01 -7.600001e+01
         vertex -2.358280e+02 -8.297696e+01 -7.600001e+01
         vertex -2.358280e+02 -8.297696e+01 -3.200001e+01
      endloop
   endfacet
   facet normal -9.274122e-01 -3.740409e-01 -0.000000e+00
      outer loop
         vertex -2.358280e+02 -8.297696e+01 -3.200001e+01
         vertex -2.358280e+02 -8.297696e+01 -7.600001e+01
         vertex -2.274080e+02 -1.038538e+02 -7.600001e+01
      endloop
   endfacet
   facet normal -9.261734e-01 -3.770942e-01 1.685808e-03
      outer loop
         vertex -2.358280e+02 -8.297696e+01 -3.200001e+01
         vertex -2.274080e+02 -1.038538e+02 -7.600001e+01
         vertex -2.267186e+02 -1.053503e+02 -3.200001e+01
      endloop
   endfacet
   facet normal -9.082596e-01 -4.184071e-01 -0.000000e+00
      outer loop
         vertex -2.267186e+02 -1.053503e+02 -3.200001e+01
         vertex -2.274080e+02 -1.038538e+02 -7.600001e+01
         vertex -2.267186e+02 -1.053503e+02 -7.600001e+01
      endloop
   endfacet
   facet normal -8.873205e-01 -4.611532e-01 -0.000000e+00
      outer loop
         vertex -2.267186e+02 -1.053503e+02 -3.200001e+01
         vertex -2.267186e+02 -1.053503e+02 -7.600001e+01
         vertex -2.165063e+02 -1.250000e+02 -7.600001e+01
      endloop
   endfacet
   facet normal -9.597837e-01 -2.770564e-01 -4.533172e-02
      outer loop
         vertex -2.394974e+02 -7.170081e+01 -7.200000e+01
         vertex -2.408835e+02 -6.689652e+01 -7.201539e+01
         vertex -2.427355e+02 -5.982891e+01 -7.600001e+01
      endloop
   endfacet
   facet normal -9.673408e-01 -2.534793e-01 0.000000e+00
      outer loop
         vertex -2.427355e+02 -5.982891e+01 -7.600001e+01
         vertex -2.408835e+02 -6.689652e+01 -7.201539e+01
         vertex -2.427355e+02 -5.982891e+01 -3.200001e+01
      endloop
   endfacet
   facet normal -9.713783e-01 -2.375377e-01 0.000000e+00
      outer loop
         vertex -2.427355e+02 -5.982891e+01 -7.600001e+01
         vertex -2.427355e+02 -5.982891e+01 -3.200001e+01
         vertex -2.429529e+02 -5.893973e+01 -7.600001e+01
      endloop
   endfacet
   facet normal -9.813697e-01 -1.921266e-01 9.670737e-04
      outer loop
         vertex -2.429529e+02 -5.893973e+01 -7.600001e+01
         vertex -2.427355e+02 -5.982891e+01 -3.200001e+01
         vertex -2.473766e+02 -3.612226e+01 -3.200001e+01
      endloop
   endfacet
   facet normal -9.988502e-01 -4.794050e-02 0.000000e+00
      outer loop
         vertex -2.497168e+02 -1.189548e+01 -7.600001e+01
         vertex -2.497081e+02 -1.207834e+01 -7.600001e+01
         vertex -2.497081e+02 -1.207834e+01 -3.200001e+01
      endloop
   endfacet
   facet normal -9.954370e-01 -9.542061e-02 -0.000000e+00
      outer loop
         vertex -2.497081e+02 -1.207834e+01 -3.200001e+01
         vertex -2.497081e+02 -1.207834e+01 -7.600001e+01
         vertex -2.474554e+02 -3.557871e+01 -7.600001e+01
      endloop
   endfacet
   facet normal -9.953315e-01 -9.651365e-02 5.891968e-04
      outer loop
         vertex -2.497081e+02 -1.207834e+01 -3.200001e+01
         vertex -2.474554e+02 -3.557871e+01 -7.600001e+01
         vertex -2.473766e+02 -3.612226e+01 -3.200001e+01
      endloop
   endfacet
   facet normal -9.896666e-01 -1.433877e-01 -0.000000e+00
      outer loop
         vertex -2.473766e+02 -3.612226e+01 -3.200001e+01
         vertex -2.474554e+02 -3.557871e+01 -7.600001e+01
         vertex -2.473766e+02 -3.612226e+01 -7.600001e+01
      endloop
   endfacet
   facet normal -9.817202e-01 -1.903297e-01 -0.000000e+00
      outer loop
         vertex -2.473766e+02 -3.612226e+01 -3.200001e+01
         vertex -2.473766e+02 -3.612226e+01 -7.600001e+01
         vertex -2.429529e+02 -5.893973e+01 -7.600001e+01
      endloop
   endfacet
   facet normal -9.954370e-01 9.542061e-02 0.000000e+00
      outer loop
         vertex -2.497081e+02 1.207834e+01 -7.600001e+01
         vertex -2.497081e+02 1.207834e+01 -3.200001e+01
         vertex -2.474554e+02 3.557871e+01 -7.600001e+01
      endloop
   endfacet
   facet normal -9.953315e-01 9.651365e-02 5.891968e-04
      outer loop
         vertex -2.474554e+02 3.557871e+01 -7.600001e+01
         vertex -2.497081e+02 1.207834e+01 -3.200001e+01
         vertex -2.473766e+02 3.612226e+01 -3.200001e+01
      endloop
   endfacet
   facet normal -9.896666e-01 1.433877e-01 0.000000e+00
      outer loop
         vertex -2.474554e+02 3.557871e+01 -7.600001e+01
         vertex -2.473766e+02 3.612226e+01 -3.200001e+01
         vertex -2.473766e+02 3.612226e+01 -7.600001e+01
      endloop
   endfacet
   facet normal -9.817202e-01 1.903297e-01 0.000000e+00
      outer loop
         vertex -2.473766e+02 3.612226e+01 -7.600001e+01
         vertex -2.473766e+02 3.612226e+01 -3.200001e+01
         vertex -2.429529e+02 5.893973e+01 -7.600001e+01
      endloop
   endfacet
   facet normal -9.813697e-01 1.921266e-01 9.670737e-04
      outer loop
         vertex -2.429529e+02 5.893973e+01 -7.600001e+01
         vertex -2.473766e+02 3.612226e+01 -3.200001e+01
         vertex -2.427355e+02 5.982891e+01 -3.200001e+01
      endloop
   endfacet
   facet normal -9.713783e-01 2.375377e-01 0.000000e+00
      outer loop
         vertex -2.429529e+02 5.893973e+01 -7.600001e+01
         vertex -2.427355e+02 5.982891e+01 -3.200001e+01
         vertex -2.427355e+02 5.982891e+01 -7.600001e+01
      endloop
   endfacet
   facet normal -9.673408e-01 2.534793e-01 0.000000e+00
      outer loop
         vertex -2.427355e+02 5.982891e+01 -7.600001e+01
         vertex -2.427355e+02 5.982891e+01 -3.200001e+01
         vertex -2.408835e+02 6.689652e+01 -3.200001e+01
      endloop
   endfacet
   facet normal -9.673408e-01 2.534793e-01 0.000000e+00
      outer loop
         vertex -2.427355e+02 5.982891e+01 -7.600001e+01
         vertex -2.408835e+02 6.689652e+01 -3.200001e+01
         vertex -2.408835e+02 6.689652e+01 -7.201539e+01
      endloop
   endfacet
   facet normal -9.274122e-01 3.740409e-01 0.000000e+00
      outer loop
         vertex -2.358280e+02 8.297696e+01 -7.600001e+01
         vertex -2.358280e+02 8.297696e+01 -3.200001e+01
         vertex -2.274080e+02 1.038538e+02 -7.600001e+01
      endloop
   endfacet
   facet normal -9.261734e-01 3.770942e-01 1.685808e-03
      outer loop
         vertex -2.274080e+02 1.038538e+02 -7.600001e+01
         vertex -2.358280e+02 8.297696e+01 -3.200001e+01
         vertex -2.267186e+02 1.053503e+02 -3.200001e+01
      endloop
   endfacet
   facet normal -9.082596e-01 4.184071e-01 0.000000e+00
      outer loop
         vertex -2.274080e+02 1.038538e+02 -7.600001e+01
         vertex -2.267186e+02 1.053503e+02 -3.200001e+01
         vertex -2.267186e+02 1.053503e+02 -7.600001e+01
      endloop
   endfacet
   facet normal -8.873205e-01 4.611532e-01 0.000000e+00
      outer loop
         vertex -2.267186e+02 1.053503e+02 -7.600001e+01
         vertex -2.267186e+02 1.053503e+02 -3.200001e+01
         vertex -2.165063e+02 1.250000e+02 -7.600001e+01
      endloop
   endfacet
   facet normal -8.854541e-01 4.647224e-01 2.027102e-03
      outer loop
         vertex -2.165063e+02 1.250000e+02 -7.600001e+01
         vertex -2.267186e+02 1.053503e+02 -3.200001e+01
         vertex -2.154924e+02 1.267400e+02 -3.200001e+01
      endloop
   endfacet
   facet normal -8.640045e-01 5.034841e-01 0.000000e+00
      outer loop
         vertex -2.165063e+02 1.250000e+02 -7.600001e+01
         vertex -2.154924e+02 1.267400e+02 -3.200001e+01
         vertex -2.154924e+02 1.267400e+02 -7.600001e+01
      endloop
   endfacet
   facet normal -8.542373e-01 5.198833e-01 0.000000e+00
      outer loop
         vertex -2.154924e+02 1.267400e+02 -7.600001e+01
         vertex -2.154924e+02 1.267400e+02 -3.200001e+01
         vertex -2.115777e+02 1.331723e+02 -3.200001e+01
      endloop
   endfacet
   facet normal -8.542373e-01 5.198833e-01 0.000000e+00
      outer loop
         vertex -2.154924e+02 1.267400e+02 -7.600001e+01
         vertex -2.115777e+02 1.331723e+02 -3.200001e+01
         vertex -2.115777e+02 1.331723e+02 -7.201539e+01
      endloop
   endfacet
   facet normal -7.831018e-01 6.218935e-01 0.000000e+00
      outer loop
         vertex -2.022543e+02 1.469463e+02 -7.600001e+01
         vertex -2.022543e+02 1.469463e+02 -3.200001e+01
         vertex -1.889374e+02 1.637152e+02 -7.600001e+01
      endloop
   endfacet
   facet normal -7.796717e-01 6.261828e-01 2.672841e-03
      outer loop
         vertex -1.889374e+02 1.637152e+02 -7.600001e+01
         vertex -2.022543e+02 1.469463e+02 -3.200001e+01
         vertex -1.871277e+02 1.657807e+02 -3.200001e+01
      endloop
   endfacet
   facet normal -7.521422e-01 6.590008e-01 0.000000e+00
      outer loop
         vertex -1.889374e+02 1.637152e+02 -7.600001e+01
         vertex -1.871277e+02 1.657807e+02 -3.200001e+01
         vertex -1.871277e+02 1.657807e+02 -7.600001e+01
      endloop
   endfacet
   facet normal -7.199329e-01 6.940437e-01 0.000000e+00
      outer loop
         vertex -1.871277e+02 1.657807e+02 -7.600001e+01
         vertex -1.871277e+02 1.657807e+02 -3.200001e+01
         vertex -1.725198e+02 1.809335e+02 -7.600001e+01
      endloop
   endfacet
   facet normal -7.155957e-01 6.985083e-01 2.977488e-03
      outer loop
         vertex -1.725198e+02 1.809335e+02 -7.600001e+01
         vertex -1.871277e+02 1.657807e+02 -3.200001e+01
         vertex -1.702540e+02 1.830672e+02 -3.200001e+01
      endloop
   endfacet
   facet normal -6.855612e-01 7.280150e-01 0.000000e+00
      outer loop
         vertex -1.725198e+02 1.809335e+02 -7.600001e+01
         vertex -1.702540e+02 1.830672e+02 -3.200001e+01
         vertex -1.702540e+02 1.830672e+02 -7.600001e+01
      endloop
   endfacet
   facet normal -6.695781e-01 7.427417e-01 0.000000e+00
      outer loop
         vertex -1.702540e+02 1.830672e+02 -7.600001e+01
         vertex -1.702540e+02 1.830672e+02 -3.200001e+01
         vertex -1.644950e+02 1.882589e+02 -3.200001e+01
      endloop
   endfacet
   facet normal -6.695781e-01 7.427417e-01 0.000000e+00
      outer loop
         vertex -1.702540e+02 1.830672e+02 -7.600001e+01
         vertex -1.644950e+02 1.882589e+02 -3.200001e+01
         vertex -1.644950e+02 1.882589e+02 -7.201539e+01
      endloop
   endfacet
   facet normal -6.494540e-01 7.586941e-01 -5.091849e-02
      outer loop
         vertex -1.644950e+02 1.882589e+02 -7.201539e+01
         vertex -1.606969e+02 1.915111e+02 -7.200000e+01
         vertex -1.545397e+02 1.965133e+02 -7.600001e+01
      endloop
   endfacet
   facet normal -6.350788e-01 7.723587e-01 -1.170273e-02
      outer loop
         vertex -1.545397e+02 1.965133e+02 -7.600001e+01
         vertex -1.606969e+02 1.915111e+02 -7.200000e+01
         vertex -1.568345e+02 1.946867e+02 -7.201539e+01
      endloop
   endfacet
   facet normal -6.126467e-01 7.903005e-01 9.440634e-03
      outer loop
         vertex -1.545397e+02 1.965133e+02 -7.600001e+01
         vertex -1.568345e+02 1.946867e+02 -7.201539e+01
         vertex -1.517906e+02 1.986444e+02 -7.600001e+01
      endloop
   endfacet
   facet normal -6.173009e-01 7.867271e-01 0.000000e+00
      outer loop
         vertex -1.517906e+02 1.986444e+02 -7.600001e+01
         vertex -1.568345e+02 1.946867e+02 -7.201539e+01
         vertex -1.517906e+02 1.986444e+02 -3.200001e+01
      endloop
   endfacet
   facet normal -5.743760e-01 8.185916e-01 0.000000e+00
      outer loop
         vertex -1.517906e+02 1.986444e+02 -7.600001e+01
         vertex -1.517906e+02 1.986444e+02 -3.200001e+01
         vertex -1.351602e+02 2.103134e+02 -7.600001e+01
      endloop
   endfacet
   facet normal -5.680611e-01 8.229787e-01 3.550289e-03
      outer loop
         vertex -1.351602e+02 2.103134e+02 -7.600001e+01
         vertex -1.517906e+02 1.986444e+02 -3.200001e+01
         vertex -1.319101e+02 2.123670e+02 -3.200001e+01
      endloop
   endfacet
   facet normal -4.859799e-01 8.739617e-01 3.818334e-03
      outer loop
         vertex -1.107979e+02 2.241067e+02 -3.200001e+01
         vertex -1.145566e+02 2.222089e+02 -7.600001e+01
         vertex -1.319101e+02 2.123670e+02 -3.200001e+01
      endloop
   endfacet
   facet normal -4.933262e-01 8.698444e-01 0.000000e+00
      outer loop
         vertex -1.319101e+02 2.123670e+02 -3.200001e+01
         vertex -1.145566e+02 2.222089e+02 -7.600001e+01
         vertex -1.319101e+02 2.123670e+02 -7.600001e+01
      endloop
   endfacet
   facet normal -5.341559e-01 8.453860e-01 0.000000e+00
      outer loop
         vertex -1.319101e+02 2.123670e+02 -3.200001e+01
         vertex -1.319101e+02 2.123670e+02 -7.600001e+01
         vertex -1.351602e+02 2.103134e+02 -7.600001e+01
      endloop
   endfacet
   facet normal -3.993612e-01 9.167846e-01 4.074261e-03
      outer loop
         vertex -8.865122e+01 2.337541e+02 -3.200001e+01
         vertex -9.291562e+01 2.320920e+02 -7.600001e+01
         vertex -1.107979e+02 2.241067e+02 -3.200001e+01
      endloop
   endfacet
   facet normal -4.077399e-01 9.130981e-01 0.000000e+00
      outer loop
         vertex -1.107979e+02 2.241067e+02 -3.200001e+01
         vertex -9.291562e+01 2.320920e+02 -7.600001e+01
         vertex -1.107979e+02 2.241067e+02 -7.600001e+01
      endloop
   endfacet
   facet normal -4.507250e-01 8.926629e-01 0.000000e+00
      outer loop
         vertex -1.107979e+02 2.241067e+02 -3.200001e+01
         vertex -1.107979e+02 2.241067e+02 -7.600001e+01
         vertex -1.145566e+02 2.222089e+02 -7.600001e+01
      endloop
   endfacet
   facet normal -3.090146e-01 9.510475e-01 4.317905e-03
      outer loop
         vertex -6.567685e+01 2.412189e+02 -3.200001e+01
         vertex -7.043314e+01 2.398732e+02 -7.600001e+01
         vertex -8.865122e+01 2.337541e+02 -3.200001e+01
      endloop
   endfacet
   facet normal -3.184044e-01 9.479550e-01 0.000000e+00
      outer loop
         vertex -8.865122e+01 2.337541e+02 -3.200001e+01
         vertex -7.043314e+01 2.398732e+02 -7.600001e+01
         vertex -8.865122e+01 2.337541e+02 -7.600001e+01
      endloop
   endfacet
   facet normal -3.631485e-01 9.317313e-01 0.000000e+00
      outer loop
         vertex -8.865122e+01 2.337541e+02 -3.200001e+01
         vertex -8.865122e+01 2.337541e+02 -7.600001e+01
         vertex -9.291562e+01 2.320920e+02 -7.600001e+01
      endloop
   endfacet
   facet normal -2.157815e-01 9.764311e-01 4.549595e-03
      outer loop
         vertex -4.208926e+01 2.464315e+02 -3.200001e+01
         vertex -4.731281e+01 2.454822e+02 -7.600001e+01
         vertex -6.567685e+01 2.412189e+02 -3.200001e+01
      endloop
   endfacet
   facet normal -2.261399e-01 9.740948e-01 0.000000e+00
      outer loop
         vertex -6.567685e+01 2.412189e+02 -3.200001e+01
         vertex -4.731281e+01 2.454822e+02 -7.600001e+01
         vertex -6.567685e+01 2.412189e+02 -7.600001e+01
      endloop
   endfacet
   facet normal -2.722341e-01 9.622310e-01 0.000000e+00
      outer loop
         vertex -6.567685e+01 2.412189e+02 -3.200001e+01
         vertex -6.567685e+01 2.412189e+02 -7.600001e+01
         vertex -7.043314e+01 2.398732e+02 -7.600001e+01
      endloop
   endfacet
   facet normal -1.205357e-01 9.926975e-01 4.768647e-03
      outer loop
         vertex -1.810870e+01 2.493433e+02 -3.200001e+01
         vertex -2.376401e+01 2.488680e+02 -7.600001e+01
         vertex -4.208926e+01 2.464315e+02 -3.200001e+01
      endloop
   endfacet
   facet normal -1.317966e-01 9.912768e-01 0.000000e+00
      outer loop
         vertex -4.208926e+01 2.464315e+02 -3.200001e+01
         vertex -2.376401e+01 2.488680e+02 -7.600001e+01
         vertex -4.208926e+01 2.464315e+02 -7.600001e+01
      endloop
   endfacet
   facet normal -1.788128e-01 9.838831e-01 0.000000e+00
      outer loop
         vertex -4.208926e+01 2.464315e+02 -3.200001e+01
         vertex -4.208926e+01 2.464315e+02 -7.600001e+01
         vertex -4.731281e+01 2.454822e+02 -7.600001e+01
      endloop
   endfacet
   facet normal -2.416312e-02 9.996956e-01 4.976056e-03
      outer loop
         vertex 6.040936e+00 2.499270e+02 -3.200001e+01
         vertex 1.530809e-14 2.500000e+02 -7.600001e+01
         vertex -1.810870e+01 2.493433e+02 -3.200001e+01
      endloop
   endfacet
   facet normal -3.624102e-02 9.993431e-01 0.000000e+00
      outer loop
         vertex -1.810870e+01 2.493433e+02 -3.200001e+01
         vertex 1.530809e-14 2.500000e+02 -7.600001e+01
         vertex -1.810870e+01 2.493433e+02 -7.600001e+01
      endloop
   endfacet
   facet normal -8.375264e-02 9.964866e-01 0.000000e+00
      outer loop
         vertex -1.810870e+01 2.493433e+02 -3.200001e+01
         vertex -1.810870e+01 2.493433e+02 -7.600001e+01
         vertex -2.376401e+01 2.488680e+02 -7.600001e+01
      endloop
   endfacet
   facet normal 7.243378e-02 9.973598e-01 5.170905e-03
      outer loop
         vertex 3.013417e+01 2.481772e+02 -3.200001e+01
         vertex 2.376401e+01 2.488680e+02 -7.600001e+01
         vertex 6.040936e+00 2.499270e+02 -3.200001e+01
      endloop
   endfacet
   facet normal 5.964766e-02 9.982195e-01 0.000000e+00
      outer loop
         vertex 6.040936e+00 2.499270e+02 -3.200001e+01
         vertex 2.376401e+01 2.488680e+02 -7.600001e+01
         vertex 6.040936e+00 2.499270e+02 -7.600001e+01
      endloop
   endfacet
   facet normal 1.208347e-02 9.999270e-01 0.000000e+00
      outer loop
         vertex 6.040936e+00 2.499270e+02 -3.200001e+01
         vertex 6.040936e+00 2.499270e+02 -7.600001e+01
         vertex 1.530809e-14 2.500000e+02 -7.600001e+01
      endloop
   endfacet
   facet normal 1.683544e-01 9.857120e-01 5.353829e-03
      outer loop
         vertex 5.394605e+01 2.441103e+02 -3.200001e+01
         vertex 4.731281e+01 2.454822e+02 -7.600001e+01
         vertex 3.013417e+01 2.481772e+02 -3.200001e+01
      endloop
   endfacet
   facet normal 1.549874e-01 9.879164e-01 0.000000e+00
      outer loop
         vertex 3.013417e+01 2.481772e+02 -3.200001e+01
         vertex 4.731281e+01 2.454822e+02 -7.600001e+01
         vertex 3.013417e+01 2.481772e+02 -7.600001e+01
      endloop
   endfacet
   facet normal 1.078046e-01 9.941721e-01 0.000000e+00
      outer loop
         vertex 3.013417e+01 2.481772e+02 -3.200001e+01
         vertex 3.013417e+01 2.481772e+02 -7.600001e+01
         vertex 2.376401e+01 2.488680e+02 -7.600001e+01
      endloop
   endfacet
   facet normal 2.627032e-01 9.648609e-01 5.524333e-03
      outer loop
         vertex 7.725425e+01 2.377641e+02 -3.200001e+01
         vertex 7.043314e+01 2.398732e+02 -7.600001e+01
         vertex 5.394605e+01 2.441103e+02 -3.200001e+01
      endloop
   endfacet
   facet normal 2.489026e-01 9.685285e-01 0.000000e+00
      outer loop
         vertex 5.394605e+01 2.441103e+02 -3.200001e+01
         vertex 7.043314e+01 2.398732e+02 -7.600001e+01
         vertex 5.394605e+01 2.441103e+02 -7.600001e+01
      endloop
   endfacet
   facet normal 2.025364e-01 9.792747e-01 0.000000e+00
      outer loop
         vertex 5.394605e+01 2.441103e+02 -3.200001e+01
         vertex 5.394605e+01 2.441103e+02 -7.600001e+01
         vertex 4.731281e+01 2.454822e+02 -7.600001e+01
      endloop
   endfacet
   facet normal 3.545992e-01 9.350011e-01 5.682617e-03
      outer loop
         vertex 9.984115e+01 2.291981e+02 -3.200001e+01
         vertex 9.291562e+01 2.320920e+02 -7.600001e+01
         vertex 7.725425e+01 2.377641e+02 -3.200001e+01
      endloop
   endfacet
   facet normal 3.405293e-01 9.402339e-01 0.000000e+00
      outer loop
         vertex 7.725425e+01 2.377641e+02 -3.200001e+01
         vertex 9.291562e+01 2.320920e+02 -7.600001e+01
         vertex 7.725425e+01 2.377641e+02 -7.600001e+01
      endloop
   endfacet
   facet normal 2.954043e-01 9.553723e-01 0.000000e+00
      outer loop
         vertex 7.725425e+01 2.377641e+02 -3.200001e+01
         vertex 7.725425e+01 2.377641e+02 -7.600001e+01
         vertex 7.043314e+01 2.398732e+02 -7.600001e+01
      endloop
   endfacet
   facet normal 4.431845e-01 8.964115e-01 5.829072e-03
      outer loop
         vertex 1.214959e+02 2.184920e+02 -3.200001e+01
         vertex 1.145566e+02 2.222089e+02 -7.600001e+01
         vertex 9.984115e+01 2.291981e+02 -3.200001e+01
      endloop
   endfacet
   facet normal 4.290238e-01 9.032932e-01 0.000000e+00
      outer loop
         vertex 9.984115e+01 2.291981e+02 -3.200001e+01
         vertex 1.145566e+02 2.222089e+02 -7.600001e+01
         vertex 9.984115e+01 2.291981e+02 -7.600001e+01
      endloop
   endfacet
   facet normal 3.855559e-01 9.226845e-01 0.000000e+00
      outer loop
         vertex 9.984115e+01 2.291981e+02 -3.200001e+01
         vertex 9.984115e+01 2.291981e+02 -7.600001e+01
         vertex 9.291562e+01 2.320920e+02 -7.600001e+01
      endloop
   endfacet
   facet normal 6.315727e-01 7.752717e-01 -8.348269e-03
      outer loop
         vertex 1.612106e+02 1.910789e+02 -7.600001e+01
         vertex 1.545397e+02 1.965133e+02 -7.600001e+01
         vertex 1.568345e+02 1.946867e+02 -7.201539e+01
      endloop
   endfacet
   facet normal 5.931791e-01 8.046105e-01 2.721198e-02
      outer loop
         vertex 1.568345e+02 1.946867e+02 -7.201539e+01
         vertex 1.545397e+02 1.965133e+02 -7.600001e+01
         vertex 1.420162e+02 2.057460e+02 -7.600001e+01
      endloop
   endfacet
   facet normal 5.981105e-01 8.014137e-01 0.000000e+00
      outer loop
         vertex 1.568345e+02 1.946867e+02 -7.201539e+01
         vertex 1.420162e+02 2.057460e+02 -7.600001e+01
         vertex 1.420162e+02 2.057460e+02 -3.200001e+01
      endloop
   endfacet
   facet normal 5.544280e-01 8.322317e-01 0.000000e+00
      outer loop
         vertex 1.420162e+02 2.057460e+02 -3.200001e+01
         vertex 1.420162e+02 2.057460e+02 -7.600001e+01
         vertex 1.351602e+02 2.103134e+02 -7.600001e+01
      endloop
   endfacet
   facet normal 5.276306e-01 8.494530e-01 5.963160e-03
      outer loop
         vertex 1.420162e+02 2.057460e+02 -3.200001e+01
         vertex 1.351602e+02 2.103134e+02 -7.600001e+01
         vertex 1.214959e+02 2.184920e+02 -3.200001e+01
      endloop
   endfacet
   facet normal 5.135723e-01 8.580463e-01 0.000000e+00
      outer loop
         vertex 1.214959e+02 2.184920e+02 -3.200001e+01
         vertex 1.351602e+02 2.103134e+02 -7.600001e+01
         vertex 1.214959e+02 2.184920e+02 -7.600001e+01
      endloop
   endfacet
   facet normal 4.721640e-01 8.815107e-01 0.000000e+00
      outer loop
         vertex 1.214959e+02 2.184920e+02 -3.200001e+01
         vertex 1.214959e+02 2.184920e+02 -7.600001e+01
         vertex 1.145566e+02 2.222089e+02 -7.600001e+01
      endloop
   endfacet
   facet normal 7.974585e-01 6.033738e-01 0.000000e+00
      outer loop
         vertex 2.036440e+02 1.450142e+02 -7.600001e+01
         vertex 1.949186e+02 1.565463e+02 -7.600001e+01
         vertex 1.949186e+02 1.565463e+02 -3.200001e+01
      endloop
   endfacet
   facet normal 7.678462e-01 6.406342e-01 0.000000e+00
      outer loop
         vertex 1.949186e+02 1.565463e+02 -3.200001e+01
         vertex 1.949186e+02 1.565463e+02 -7.600001e+01
         vertex 1.889374e+02 1.637152e+02 -7.600001e+01
      endloop
   endfacet
   facet normal 7.484959e-01 6.631095e-01 6.292296e-03
      outer loop
         vertex 1.949186e+02 1.565463e+02 -3.200001e+01
         vertex 1.889374e+02 1.637152e+02 -7.600001e+01
         vertex 1.788997e+02 1.746278e+02 -3.200001e+01
      endloop
   endfacet
   facet normal 7.359977e-01 6.769841e-01 0.000000e+00
      outer loop
         vertex 1.788997e+02 1.746278e+02 -3.200001e+01
         vertex 1.889374e+02 1.637152e+02 -7.600001e+01
         vertex 1.788997e+02 1.746278e+02 -7.600001e+01
      endloop
   endfacet
   facet normal 7.029525e-01 7.112368e-01 0.000000e+00
      outer loop
         vertex 1.788997e+02 1.746278e+02 -3.200001e+01
         vertex 1.788997e+02 1.746278e+02 -7.600001e+01
         vertex 1.725198e+02 1.809335e+02 -7.600001e+01
      endloop
   endfacet
   facet normal 9.359219e-01 3.522076e-01 0.000000e+00
      outer loop
         vertex 2.362502e+02 8.176699e+01 -7.600001e+01
         vertex 2.315437e+02 9.427371e+01 -7.600001e+01
         vertex 2.315437e+02 9.427371e+01 -3.200001e+01
      endloop
   endfacet
   facet normal 9.181031e-01 3.963415e-01 0.000000e+00
      outer loop
         vertex 2.315437e+02 9.427371e+01 -3.200001e+01
         vertex 2.315437e+02 9.427371e+01 -7.600001e+01
         vertex 2.274080e+02 1.038538e+02 -7.600001e+01
      endloop
   endfacet
   facet normal 9.068552e-01 4.213921e-01 6.511440e-03
      outer loop
         vertex 2.315437e+02 9.427371e+01 -3.200001e+01
         vertex 2.274080e+02 1.038538e+02 -7.600001e+01
         vertex 2.213640e+02 1.161808e+02 -3.200001e+01
      endloop
   endfacet
   facet normal 8.978827e-01 4.402347e-01 0.000000e+00
      outer loop
         vertex 2.213640e+02 1.161808e+02 -3.200001e+01
         vertex 2.274080e+02 1.038538e+02 -7.600001e+01
         vertex 2.213640e+02 1.161808e+02 -7.600001e+01
      endloop
   endfacet
   facet normal 8.759182e-01 4.824597e-01 0.000000e+00
      outer loop
         vertex 2.213640e+02 1.161808e+02 -3.200001e+01
         vertex 2.213640e+02 1.161808e+02 -7.600001e+01
         vertex 2.165063e+02 1.250000e+02 -7.600001e+01
      endloop
   endfacet
   facet normal 9.973996e-01 7.206927e-02 0.000000e+00
      outer loop
         vertex 2.497168e+02 1.189548e+01 -7.600001e+01
         vertex 2.488329e+02 2.412848e+01 -7.600001e+01
         vertex 2.488329e+02 2.412848e+01 -3.200001e+01
      endloop
   endfacet
   facet normal 9.928406e-01 1.194465e-01 0.000000e+00
      outer loop
         vertex 2.488329e+02 2.412848e+01 -3.200001e+01
         vertex 2.488329e+02 2.412848e+01 -7.600001e+01
         vertex 2.474554e+02 3.557871e+01 -7.600001e+01
      endloop
   endfacet
   facet normal 9.894847e-01 1.444857e-01 6.621075e-03
      outer loop
         vertex 2.488329e+02 2.412848e+01 -3.200001e+01
         vertex 2.474554e+02 3.557871e+01 -7.600001e+01
         vertex 2.453425e+02 4.803168e+01 -3.200001e+01
      endloop
   endfacet
   facet normal 9.859105e-01 1.672735e-01 0.000000e+00
      outer loop
         vertex 2.453425e+02 4.803168e+01 -3.200001e+01
         vertex 2.474554e+02 3.557871e+01 -7.600001e+01
         vertex 2.453425e+02 4.803168e+01 -7.600001e+01
      endloop
   endfacet
   facet normal 9.768345e-01 2.139963e-01 0.000000e+00
      outer loop
         vertex 2.453425e+02 4.803168e+01 -3.200001e+01
         vertex 2.453425e+02 4.803168e+01 -7.600001e+01
         vertex 2.429529e+02 5.893973e+01 -7.600001e+01
      endloop
   endfacet
   facet normal 0.000000e+00 0.000000e+00 -1.000000e+00
      outer loop
         vertex -3.453384e+02 2.018449e+02 -3.200001e+01
         vertex -3.291157e+02 2.273386e+02 -3.200001e+01
         vertex -2.465259e+02 3.050000e+02 -3.200001e+01
      endloop
   endfacet
   facet normal 0.000000e+00 0.000000e+00 -1.000000e+00
      outer loop
         vertex -2.465259e+02 3.050000e+02 -3.200001e+01
         vertex -3.291157e+02 2.273386e+02 -3.200001e+01
         vertex -3.110149e+02 2.515348e+02 -3.200001e+01
      endloop
   endfacet
   facet normal 0.000000e+00 0.000000e+00 -1.000000e+00
      outer loop
         vertex -3.110149e+02 2.515348e+02 -3.200001e+01
         vertex -2.911391e+02 2.742955e+02 -3.200001e+01
         vertex -2.465259e+02 3.050000e+02 -3.200001e+01
      endloop
   endfacet
   facet normal 0.000000e+00 0.000000e+00 -1.000000e+00
      outer loop
         vertex -2.465259e+02 3.050000e+02 -3.200001e+01
         vertex -2.911391e+02 2.742955e+02 -3.200001e+01
         vertex -2.696018e+02 2.954910e+02 -3.200001e+01
      endloop
   endfacet
   facet normal -0.000000e+00 0.000000e+00 -1.000000e+00
      outer loop
         vertex -2.465259e+02 3.050000e+02 -3.200001e+01
         vertex -2.696018e+02 2.954910e+02 -3.200001e+01
         vertex -2.465259e+02 3.150000e+02 -3.200001e+01
      endloop
   endfacet
   facet normal 0.000000e+00 0.000000e+00 -1.000000e+00
      outer loop
         vertex -2.911391e+02 -2.742955e+02 -3.200001e+01
         vertex -2.465259e+02 -3.050000e+02 -3.200001e+01
         vertex -2.696018e+02 -2.954910e+02 -3.200001e+01
      endloop
   endfacet
   facet normal 0.000000e+00 0.000000e+00 -1.000000e+00
      outer loop
         vertex -2.696018e+02 -2.954910e+02 -3.200001e+01
         vertex -2.465259e+02 -3.050000e+02 -3.200001e+01
         vertex -2.465259e+02 -3.150000e+02 -3.200001e+01
      endloop
   endfacet
   facet normal 0.000000e+00 0.000000e+00 -1.000000e+00
      outer loop
         vertex 2.480895e+02 -2.878830e+02 -3.200001e+01
         vertex 1.644950e+02 -1.882589e+02 -3.200001e+01
         vertex 1.788997e+02 -1.746278e+02 -3.200001e+01
      endloop
   endfacet
   facet normal 0.000000e+00 0.000000e+00 -1.000000e+00
      outer loop
         vertex -2.911391e+02 -2.742955e+02 -3.200001e+01
         vertex -3.110149e+02 -2.515348e+02 -3.200001e+01
         vertex -2.465259e+02 -3.050000e+02 -3.200001e+01
      endloop
   endfacet
   facet normal 0.000000e+00 0.000000e+00 -1.000000e+00
      outer loop
         vertex -2.465259e+02 -3.050000e+02 -3.200001e+01
         vertex -3.110149e+02 -2.515348e+02 -3.200001e+01
         vertex -3.291157e+02 -2.273386e+02 -3.200001e+01
      endloop
   endfacet
   facet normal 0.000000e+00 0.000000e+00 -1.000000e+00
      outer loop
         vertex -2.465259e+02 -3.050000e+02 -3.200001e+01
         vertex -3.291157e+02 -2.273386e+02 -3.200001e+01
         vertex -3.453384e+02 -2.018449e+02 -3.200001e+01
      endloop
   endfacet
   facet normal 0.000000e+00 0.000000e+00 -1.000000e+00
      outer loop
         vertex 2.696018e+02 -2.954910e+02 -3.200001e+01
         vertex 2.465259e+02 -3.150000e+02 -3.200001e+01
         vertex 2.465259e+02 -3.050000e+02 -3.200001e+01
      endloop
   endfacet
   facet normal 0.000000e+00 -0.000000e+00 -1.000000e+00
      outer loop
         vertex 2.060826e+02 -1.415272e+02 -3.200001e+01
         vertex 3.147378e+02 -2.129909e+02 -3.200001e+01
         vertex 1.949186e+02 -1.565463e+02 -3.200001e+01
      endloop
   endfacet
   facet normal 0.000000e+00 0.000000e+00 -1.000000e+00
      outer loop
         vertex 1.949186e+02 -1.565463e+02 -3.200001e+01
         vertex 3.147378e+02 -2.129909e+02 -3.200001e+01
         vertex 3.110149e+02 -2.515348e+02 -3.200001e+01
      endloop
   endfacet
   facet normal 0.000000e+00 -0.000000e+00 -1.000000e+00
      outer loop
         vertex 1.949186e+02 -1.565463e+02 -3.200001e+01
         vertex 3.110149e+02 -2.515348e+02 -3.200001e+01
         vertex 1.788997e+02 -1.746278e+02 -3.200001e+01
      endloop
   endfacet
   facet normal 0.000000e+00 0.000000e+00 -1.000000e+00
      outer loop
         vertex 1.788997e+02 -1.746278e+02 -3.200001e+01
         vertex 3.110149e+02 -2.515348e+02 -3.200001e+01
         vertex 2.911391e+02 -2.742955e+02 -3.200001e+01
      endloop
   endfacet
   facet normal 0.000000e+00 0.000000e+00 -1.000000e+00
      outer loop
         vertex 1.788997e+02 -1.746278e+02 -3.200001e+01
         vertex 2.911391e+02 -2.742955e+02 -3.200001e+01
         vertex 2.480895e+02 -2.878830e+02 -3.200001e+01
      endloop
   endfacet
   facet normal 0.000000e+00 0.000000e+00 -1.000000e+00
      outer loop
         vertex 2.488329e+02 -2.412848e+01 -3.200001e+01
         vertex 2.499500e+02 -5.000000e+00 -3.200001e+01
         vertex 3.800000e+02 -5.000000e+00 -3.200001e+01
      endloop
   endfacet
   facet normal 0.000000e+00 0.000000e+00 -1.000000e+00
      outer loop
         vertex 3.202329e+02 2.046360e+02 -3.200001e+01
         vertex 3.453384e+02 2.018449e+02 -3.200001e+01
         vertex 3.595903e+02 1.751994e+02 -3.200001e+01
      endloop
   endfacet
   facet normal 0.000000e+00 -0.000000e+00 -1.000000e+00
      outer loop
         vertex -2.060826e+02 -1.415272e+02 -3.200001e+01
         vertex -2.022543e+02 -1.469463e+02 -3.200001e+01
         vertex -3.147378e+02 -2.129909e+02 -3.200001e+01
      endloop
   endfacet
   facet normal 0.000000e+00 0.000000e+00 -1.000000e+00
      outer loop
         vertex -3.147378e+02 -2.129909e+02 -3.200001e+01
         vertex -2.022543e+02 -1.469463e+02 -3.200001e+01
         vertex -1.871277e+02 -1.657807e+02 -3.200001e+01
      endloop
   endfacet
   facet normal 0.000000e+00 0.000000e+00 -1.000000e+00
      outer loop
         vertex -3.147378e+02 -2.129909e+02 -3.200001e+01
         vertex -1.871277e+02 -1.657807e+02 -3.200001e+01
         vertex -2.480895e+02 -2.878830e+02 -3.200001e+01
      endloop
   endfacet
   facet normal 0.000000e+00 0.000000e+00 -1.000000e+00
      outer loop
         vertex -2.480895e+02 -2.878830e+02 -3.200001e+01
         vertex -1.871277e+02 -1.657807e+02 -3.200001e+01
         vertex -1.702540e+02 -1.830672e+02 -3.200001e+01
      endloop
   endfacet
   facet normal 0.000000e+00 0.000000e+00 -1.000000e+00
      outer loop
         vertex -2.480895e+02 -2.878830e+02 -3.200001e+01
         vertex -1.702540e+02 -1.830672e+02 -3.200001e+01
         vertex -1.644950e+02 -1.882589e+02 -3.200001e+01
      endloop
   endfacet
   facet normal 0.000000e+00 -0.000000e+00 -1.000000e+00
      outer loop
         vertex -1.319101e+02 -2.123670e+02 -3.200001e+01
         vertex -1.107979e+02 -2.241067e+02 -3.200001e+01
         vertex -2.465259e+02 -3.050000e+02 -3.200001e+01
      endloop
   endfacet
   facet normal 0.000000e+00 0.000000e+00 -1.000000e+00
      outer loop
         vertex 3.202329e+02 -2.046360e+02 -3.200001e+01
         vertex 2.115777e+02 -1.331723e+02 -3.200001e+01
         vertex 2.213640e+02 -1.161808e+02 -3.200001e+01
      endloop
   endfacet
   facet normal 0.000000e+00 -0.000000e+00 -1.000000e+00
      outer loop
         vertex 3.654700e+02 -1.041953e+02 -3.200001e+01
         vertex 3.897667e+02 -8.989963e+01 -3.200001e+01
         vertex 3.626020e+02 -1.137752e+02 -3.200001e+01
      endloop
   endfacet
   facet normal 0.000000e+00 0.000000e+00 -1.000000e+00
      outer loop
         vertex 3.626020e+02 -1.137752e+02 -3.200001e+01
         vertex 3.897667e+02 -8.989963e+01 -3.200001e+01
         vertex 3.818680e+02 -1.190666e+02 -3.200001e+01
      endloop
   endfacet
   facet normal 0.000000e+00 0.000000e+00 -1.000000e+00
      outer loop
         vertex 3.626020e+02 -1.137752e+02 -3.200001e+01
         vertex 3.818680e+02 -1.190666e+02 -3.200001e+01
         vertex 3.717900e+02 -1.475540e+02 -3.200001e+01
      endloop
   endfacet
   facet normal 0.000000e+00 0.000000e+00 -1.000000e+00
      outer loop
         vertex -3.147378e+02 2.129909e+02 -3.200001e+01
         vertex -3.202329e+02 2.046360e+02 -3.200001e+01
         vertex -3.453384e+02 2.018449e+02 -3.200001e+01
      endloop
   endfacet
   facet normal -0.000000e+00 0.000000e+00 -1.000000e+00
      outer loop
         vertex -3.800000e+02 -5.000000e+00 -3.200001e+01
         vertex -3.988586e+02 -3.019598e+01 -3.200001e+01
         vertex -3.800000e+02 5.000000e+00 -3.200001e+01
      endloop
   endfacet
   facet normal 0.000000e+00 0.000000e+00 -1.000000e+00
      outer loop
         vertex -3.800000e+02 5.000000e+00 -3.200001e+01
         vertex -3.988586e+02 -3.019598e+01 -3.200001e+01
         vertex -4.000000e+02 4.514061e-13 -3.200001e+01
      endloop
   endfacet
   facet normal -0.000000e+00 0.000000e+00 -1.000000e+00
      outer loop
         vertex -3.800000e+02 5.000000e+00 -3.200001e+01
         vertex -4.000000e+02 4.514061e-13 -3.200001e+01
         vertex -3.988586e+02 3.019598e+01 -3.200001e+01
      endloop
   endfacet
   facet normal 0.000000e+00 0.000000e+00 -1.000000e+00
      outer loop
         vertex -3.897667e+02 -8.989963e+01 -3.200001e+01
         vertex -3.654700e+02 -1.041953e+02 -3.200001e+01
         vertex -3.818680e+02 -1.190666e+02 -3.200001e+01
      endloop
   endfacet
   facet normal 0.000000e+00 0.000000e+00 -1.000000e+00
      outer loop
         vertex -3.818680e+02 -1.190666e+02 -3.200001e+01
         vertex -3.654700e+02 -1.041953e+02 -3.200001e+01
         vertex -3.626020e+02 -1.137752e+02 -3.200001e+01
      endloop
   endfacet
   facet normal 0.000000e+00 0.000000e+00 -1.000000e+00
      outer loop
         vertex -3.818680e+02 -1.190666e+02 -3.200001e+01
         vertex -3.626020e+02 -1.137752e+02 -3.200001e+01
         vertex -3.717900e+02 -1.475540e+02 -3.200001e+01
      endloop
   endfacet
   facet normal -0.000000e+00 0.000000e+00 -1.000000e+00
      outer loop
         vertex -1.319101e+02 -2.123670e+02 -3.200001e+01
         vertex -2.465259e+02 -3.050000e+02 -3.200001e+01
         vertex -1.517906e+02 -1.986444e+02 -3.200001e+01
      endloop
   endfacet
   facet normal 0.000000e+00 0.000000e+00 -1.000000e+00
      outer loop
         vertex 2.465259e+02 -3.050000e+02 -3.200001e+01
         vertex 1.214959e+02 -2.184920e+02 -3.200001e+01
         vertex 1.420162e+02 -2.057460e+02 -3.200001e+01
      endloop
   endfacet
   facet normal 0.000000e+00 0.000000e+00 -1.000000e+00
      outer loop
         vertex 2.453425e+02 4.803168e+01 -3.200001e+01
         vertex 2.408835e+02 6.689652e+01 -3.200001e+01
         vertex 3.654700e+02 1.041953e+02 -3.200001e+01
      endloop
   endfacet
   facet normal -0.000000e+00 0.000000e+00 -1.000000e+00
      outer loop
         vertex -2.358280e+02 8.297696e+01 -3.200001e+01
         vertex -2.380155e+02 7.647642e+01 -3.200001e+01
         vertex -3.626020e+02 1.137752e+02 -3.200001e+01
      endloop
   endfacet
   facet normal -0.000000e+00 0.000000e+00 -1.000000e+00
      outer loop
         vertex -2.408835e+02 -6.689652e+01 -3.200001e+01
         vertex -3.654700e+02 -1.041953e+02 -3.200001e+01
         vertex -2.427355e+02 -5.982891e+01 -3.200001e+01
      endloop
   endfacet
   facet normal 0.000000e+00 0.000000e+00 -1.000000e+00
      outer loop
         vertex -2.427355e+02 -5.982891e+01 -3.200001e+01
         vertex -3.654700e+02 -1.041953e+02 -3.200001e+01
         vertex -3.897667e+02 -8.989963e+01 -3.200001e+01
      endloop
   endfacet
   facet normal -0.000000e+00 0.000000e+00 -1.000000e+00
      outer loop
         vertex -2.427355e+02 -5.982891e+01 -3.200001e+01
         vertex -3.897667e+02 -8.989963e+01 -3.200001e+01
         vertex -2.473766e+02 -3.612226e+01 -3.200001e+01
      endloop
   endfacet
   facet normal 0.000000e+00 0.000000e+00 -1.000000e+00
      outer loop
         vertex -2.473766e+02 -3.612226e+01 -3.200001e+01
         vertex -3.897667e+02 -8.989963e+01 -3.200001e+01
         vertex -3.954410e+02 -6.021964e+01 -3.200001e+01
      endloop
   endfacet
   facet normal -0.000000e+00 0.000000e+00 -1.000000e+00
      outer loop
         vertex -2.473766e+02 -3.612226e+01 -3.200001e+01
         vertex -3.954410e+02 -6.021964e+01 -3.200001e+01
         vertex -2.497081e+02 -1.207834e+01 -3.200001e+01
      endloop
   endfacet
   facet normal 0.000000e+00 0.000000e+00 -1.000000e+00
      outer loop
         vertex -2.497081e+02 -1.207834e+01 -3.200001e+01
         vertex -3.954410e+02 -6.021964e+01 -3.200001e+01
         vertex -3.988586e+02 -3.019598e+01 -3.200001e+01
      endloop
   endfacet
   facet normal -0.000000e+00 0.000000e+00 -1.000000e+00
      outer loop
         vertex -2.497081e+02 -1.207834e+01 -3.200001e+01
         vertex -3.988586e+02 -3.019598e+01 -3.200001e+01
         vertex -2.499500e+02 -5.000000e+00 -3.200001e+01
      endloop
   endfacet
   facet normal -0.000000e+00 0.000000e+00 -1.000000e+00
      outer loop
         vertex -2.499500e+02 -5.000000e+00 -3.200001e+01
         vertex -3.988586e+02 -3.019598e+01 -3.200001e+01
         vertex -3.800000e+02 -5.000000e+00 -3.200001e+01
      endloop
   endfacet
   facet normal 0.000000e+00 0.000000e+00 -1.000000e+00
      outer loop
         vertex 5.394605e+01 -2.441103e+02 -3.200001e+01
         vertex 7.725425e+01 -2.377641e+02 -3.200001e+01
         vertex 2.465259e+02 -3.050000e+02 -3.200001e+01
      endloop
   endfacet
   facet normal 0.000000e+00 0.000000e+00 -1.000000e+00
      outer loop
         vertex 2.465259e+02 -3.050000e+02 -3.200001e+01
         vertex 7.725425e+01 -2.377641e+02 -3.200001e+01
         vertex 9.984115e+01 -2.291981e+02 -3.200001e+01
      endloop
   endfacet
   facet normal 0.000000e+00 0.000000e+00 -1.000000e+00
      outer loop
         vertex 2.465259e+02 -3.050000e+02 -3.200001e+01
         vertex 9.984115e+01 -2.291981e+02 -3.200001e+01
         vertex 1.214959e+02 -2.184920e+02 -3.200001e+01
      endloop
   endfacet
   facet normal 0.000000e+00 0.000000e+00 -1.000000e+00
      outer loop
         vertex 2.911391e+02 -2.742955e+02 -3.200001e+01
         vertex 2.696018e+02 -2.954910e+02 -3.200001e+01
         vertex 2.480895e+02 -2.878830e+02 -3.200001e+01
      endloop
   endfacet
   facet normal 0.000000e+00 -0.000000e+00 -1.000000e+00
      outer loop
         vertex 2.480895e+02 -2.878830e+02 -3.200001e+01
         vertex 2.696018e+02 -2.954910e+02 -3.200001e+01
         vertex 2.465259e+02 -3.050000e+02 -3.200001e+01
      endloop
   endfacet
   facet normal 0.000000e+00 0.000000e+00 -1.000000e+00
      outer loop
         vertex 2.480895e+02 -2.878830e+02 -3.200001e+01
         vertex 2.465259e+02 -3.050000e+02 -3.200001e+01
         vertex 2.404291e+02 -2.943108e+02 -3.200001e+01
      endloop
   endfacet
   facet normal -0.000000e+00 -0.000000e+00 -1.000000e+00
      outer loop
         vertex 2.404291e+02 -2.943108e+02 -3.200001e+01
         vertex 2.465259e+02 -3.050000e+02 -3.200001e+01
         vertex 1.420162e+02 -2.057460e+02 -3.200001e+01
      endloop
   endfacet
   facet normal 0.000000e+00 0.000000e+00 -1.000000e+00
      outer loop
         vertex 2.404291e+02 -2.943108e+02 -3.200001e+01
         vertex 1.420162e+02 -2.057460e+02 -3.200001e+01
         vertex 1.568345e+02 -1.946867e+02 -3.200001e+01
      endloop
   endfacet
   facet normal 0.000000e+00 -0.000000e+00 -1.000000e+00
      outer loop
         vertex 2.380155e+02 -7.647642e+01 -3.200001e+01
         vertex 3.626020e+02 -1.137752e+02 -3.200001e+01
         vertex 2.315437e+02 -9.427371e+01 -3.200001e+01
      endloop
   endfacet
   facet normal 0.000000e+00 0.000000e+00 -1.000000e+00
      outer loop
         vertex 2.315437e+02 -9.427371e+01 -3.200001e+01
         vertex 3.626020e+02 -1.137752e+02 -3.200001e+01
         vertex 3.717900e+02 -1.475540e+02 -3.200001e+01
      endloop
   endfacet
   facet normal 0.000000e+00 -0.000000e+00 -1.000000e+00
      outer loop
         vertex 2.315437e+02 -9.427371e+01 -3.200001e+01
         vertex 3.717900e+02 -1.475540e+02 -3.200001e+01
         vertex 2.213640e+02 -1.161808e+02 -3.200001e+01
      endloop
   endfacet
   facet normal 0.000000e+00 0.000000e+00 -1.000000e+00
      outer loop
         vertex 2.213640e+02 -1.161808e+02 -3.200001e+01
         vertex 3.717900e+02 -1.475540e+02 -3.200001e+01
         vertex 3.595903e+02 -1.751994e+02 -3.200001e+01
      endloop
   endfacet
   facet normal 0.000000e+00 0.000000e+00 -1.000000e+00
      outer loop
         vertex 2.213640e+02 -1.161808e+02 -3.200001e+01
         vertex 3.595903e+02 -1.751994e+02 -3.200001e+01
         vertex 3.202329e+02 -2.046360e+02 -3.200001e+01
      endloop
   endfacet
   facet normal 0.000000e+00 0.000000e+00 -1.000000e+00
      outer loop
         vertex 3.202329e+02 -2.046360e+02 -3.200001e+01
         vertex 3.595903e+02 -1.751994e+02 -3.200001e+01
         vertex 3.453384e+02 -2.018449e+02 -3.200001e+01
      endloop
   endfacet
   facet normal 0.000000e+00 -0.000000e+00 -1.000000e+00
      outer loop
         vertex 3.202329e+02 -2.046360e+02 -3.200001e+01
         vertex 3.453384e+02 -2.018449e+02 -3.200001e+01
         vertex 3.147378e+02 -2.129909e+02 -3.200001e+01
      endloop
   endfacet
   facet normal 0.000000e+00 0.000000e+00 -1.000000e+00
      outer loop
         vertex 3.147378e+02 -2.129909e+02 -3.200001e+01
         vertex 3.453384e+02 -2.018449e+02 -3.200001e+01
         vertex 3.291157e+02 -2.273386e+02 -3.200001e+01
      endloop
   endfacet
   facet normal 0.000000e+00 -0.000000e+00 -1.000000e+00
      outer loop
         vertex 3.147378e+02 -2.129909e+02 -3.200001e+01
         vertex 3.291157e+02 -2.273386e+02 -3.200001e+01
         vertex 3.110149e+02 -2.515348e+02 -3.200001e+01
      endloop
   endfacet
   facet normal 0.000000e+00 0.000000e+00 -1.000000e+00
      outer loop
         vertex 3.654700e+02 -1.041953e+02 -3.200001e+01
         vertex 2.408835e+02 -6.689652e+01 -3.200001e+01
         vertex 3.897667e+02 -8.989963e+01 -3.200001e+01
      endloop
   endfacet
   facet normal 0.000000e+00 0.000000e+00 -1.000000e+00
      outer loop
         vertex 3.897667e+02 -8.989963e+01 -3.200001e+01
         vertex 2.408835e+02 -6.689652e+01 -3.200001e+01
         vertex 2.453425e+02 -4.803168e+01 -3.200001e+01
      endloop
   endfacet
   facet normal 0.000000e+00 0.000000e+00 -1.000000e+00
      outer loop
         vertex 3.897667e+02 -8.989963e+01 -3.200001e+01
         vertex 2.453425e+02 -4.803168e+01 -3.200001e+01
         vertex 3.954410e+02 -6.021964e+01 -3.200001e+01
      endloop
   endfacet
   facet normal 0.000000e+00 0.000000e+00 -1.000000e+00
      outer loop
         vertex 3.954410e+02 -6.021964e+01 -3.200001e+01
         vertex 2.453425e+02 -4.803168e+01 -3.200001e+01
         vertex 2.488329e+02 -2.412848e+01 -3.200001e+01
      endloop
   endfacet
   facet normal 0.000000e+00 0.000000e+00 -1.000000e+00
      outer loop
         vertex 3.954410e+02 -6.021964e+01 -3.200001e+01
         vertex 2.488329e+02 -2.412848e+01 -3.200001e+01
         vertex 3.988586e+02 -3.019598e+01 -3.200001e+01
      endloop
   endfacet
   facet normal 0.000000e+00 0.000000e+00 -1.000000e+00
      outer loop
         vertex 3.988586e+02 -3.019598e+01 -3.200001e+01
         vertex 2.488329e+02 -2.412848e+01 -3.200001e+01
         vertex 3.800000e+02 -5.000000e+00 -3.200001e+01
      endloop
   endfacet
   facet normal 0.000000e+00 0.000000e+00 -1.000000e+00
      outer loop
         vertex 3.988586e+02 -3.019598e+01 -3.200001e+01
         vertex 3.800000e+02 -5.000000e+00 -3.200001e+01
         vertex 4.000000e+02 -1.836970e-15 -3.200001e+01
      endloop
   endfacet
   facet normal -0.000000e+00 0.000000e+00 -1.000000e+00
      outer loop
         vertex 4.000000e+02 -1.836970e-15 -3.200001e+01
         vertex 3.800000e+02 -5.000000e+00 -3.200001e+01
         vertex 3.800000e+02 5.000000e+00 -3.200001e+01
      endloop
   endfacet
   facet normal 0.000000e+00 0.000000e+00 -1.000000e+00
      outer loop
         vertex 4.000000e+02 -1.836970e-15 -3.200001e+01
         vertex 3.800000e+02 5.000000e+00 -3.200001e+01
         vertex 3.988586e+02 3.019598e+01 -3.200001e+01
      endloop
   endfacet
   facet normal 0.000000e+00 0.000000e+00 -1.000000e+00
      outer loop
         vertex 2.115777e+02 1.331723e+02 -3.200001e+01
         vertex 3.202329e+02 2.046360e+02 -3.200001e+01
         vertex 2.213640e+02 1.161808e+02 -3.200001e+01
      endloop
   endfacet
   facet normal 0.000000e+00 0.000000e+00 -1.000000e+00
      outer loop
         vertex 2.213640e+02 1.161808e+02 -3.200001e+01
         vertex 3.202329e+02 2.046360e+02 -3.200001e+01
         vertex 3.595903e+02 1.751994e+02 -3.200001e+01
      endloop
   endfacet
   facet normal 0.000000e+00 0.000000e+00 -1.000000e+00
      outer loop
         vertex 2.213640e+02 1.161808e+02 -3.200001e+01
         vertex 3.595903e+02 1.751994e+02 -3.200001e+01
         vertex 2.315437e+02 9.427371e+01 -3.200001e+01
      endloop
   endfacet
   facet normal 0.000000e+00 0.000000e+00 -1.000000e+00
      outer loop
         vertex 2.315437e+02 9.427371e+01 -3.200001e+01
         vertex 3.595903e+02 1.751994e+02 -3.200001e+01
         vertex 3.717900e+02 1.475540e+02 -3.200001e+01
      endloop
   endfacet
   facet normal -0.000000e+00 0.000000e+00 -1.000000e+00
      outer loop
         vertex -2.115777e+02 -1.331723e+02 -3.200001e+01
         vertex -3.202329e+02 -2.046360e+02 -3.200001e+01
         vertex -2.154924e+02 -1.267400e+02 -3.200001e+01
      endloop
   endfacet
   facet normal 0.000000e+00 0.000000e+00 -1.000000e+00
      outer loop
         vertex -2.154924e+02 -1.267400e+02 -3.200001e+01
         vertex -3.202329e+02 -2.046360e+02 -3.200001e+01
         vertex -3.453384e+02 -2.018449e+02 -3.200001e+01
      endloop
   endfacet
   facet normal -0.000000e+00 0.000000e+00 -1.000000e+00
      outer loop
         vertex -2.154924e+02 -1.267400e+02 -3.200001e+01
         vertex -3.453384e+02 -2.018449e+02 -3.200001e+01
         vertex -2.267186e+02 -1.053503e+02 -3.200001e+01
      endloop
   endfacet
   facet normal 0.000000e+00 0.000000e+00 -1.000000e+00
      outer loop
         vertex -2.267186e+02 -1.053503e+02 -3.200001e+01
         vertex -3.453384e+02 -2.018449e+02 -3.200001e+01
         vertex -3.595903e+02 -1.751994e+02 -3.200001e+01
      endloop
   endfacet
   facet normal -0.000000e+00 0.000000e+00 -1.000000e+00
      outer loop
         vertex -2.267186e+02 -1.053503e+02 -3.200001e+01
         vertex -3.595903e+02 -1.751994e+02 -3.200001e+01
         vertex -2.358280e+02 -8.297696e+01 -3.200001e+01
      endloop
   endfacet
   facet normal 0.000000e+00 0.000000e+00 -1.000000e+00
      outer loop
         vertex -2.358280e+02 -8.297696e+01 -3.200001e+01
         vertex -3.595903e+02 -1.751994e+02 -3.200001e+01
         vertex -3.717900e+02 -1.475540e+02 -3.200001e+01
      endloop
   endfacet
   facet normal -0.000000e+00 0.000000e+00 -1.000000e+00
      outer loop
         vertex -2.358280e+02 -8.297696e+01 -3.200001e+01
         vertex -3.717900e+02 -1.475540e+02 -3.200001e+01
         vertex -2.380155e+02 -7.647642e+01 -3.200001e+01
      endloop
   endfacet
   facet normal 0.000000e+00 0.000000e+00 -1.000000e+00
      outer loop
         vertex -2.380155e+02 -7.647642e+01 -3.200001e+01
         vertex -3.717900e+02 -1.475540e+02 -3.200001e+01
         vertex -3.626020e+02 -1.137752e+02 -3.200001e+01
      endloop
   endfacet
   facet normal 0.000000e+00 -0.000000e+00 -1.000000e+00
      outer loop
         vertex -1.568345e+02 -1.946867e+02 -3.200001e+01
         vertex -1.517906e+02 -1.986444e+02 -3.200001e+01
         vertex -2.404291e+02 -2.943108e+02 -3.200001e+01
      endloop
   endfacet
   facet normal 0.000000e+00 -0.000000e+00 -1.000000e+00
      outer loop
         vertex -2.404291e+02 -2.943108e+02 -3.200001e+01
         vertex -1.517906e+02 -1.986444e+02 -3.200001e+01
         vertex -2.465259e+02 -3.050000e+02 -3.200001e+01
      endloop
   endfacet
   facet normal -0.000000e+00 0.000000e+00 -1.000000e+00
      outer loop
         vertex -2.404291e+02 -2.943108e+02 -3.200001e+01
         vertex -2.465259e+02 -3.050000e+02 -3.200001e+01
         vertex -2.480895e+02 -2.878830e+02 -3.200001e+01
      endloop
   endfacet
   facet normal -0.000000e+00 -0.000000e+00 -1.000000e+00
      outer loop
         vertex -2.480895e+02 -2.878830e+02 -3.200001e+01
         vertex -2.465259e+02 -3.050000e+02 -3.200001e+01
         vertex -3.453384e+02 -2.018449e+02 -3.200001e+01
      endloop
   endfacet
   facet normal 0.000000e+00 0.000000e+00 -1.000000e+00
      outer loop
         vertex -2.480895e+02 -2.878830e+02 -3.200001e+01
         vertex -3.453384e+02 -2.018449e+02 -3.200001e+01
         vertex -3.147378e+02 -2.129909e+02 -3.200001e+01
      endloop
   endfacet
   facet normal 0.000000e+00 0.000000e+00 -1.000000e+00
      outer loop
         vertex -3.147378e+02 -2.129909e+02 -3.200001e+01
         vertex -3.453384e+02 -2.018449e+02 -3.200001e+01
         vertex -3.202329e+02 -2.046360e+02 -3.200001e+01
      endloop
   endfacet
   facet normal 0.000000e+00 -0.000000e+00 -1.000000e+00
      outer loop
         vertex -1.107979e+02 -2.241067e+02 -3.200001e+01
         vertex -8.865122e+01 -2.337541e+02 -3.200001e+01
         vertex -2.465259e+02 -3.050000e+02 -3.200001e+01
      endloop
   endfacet
   facet normal 0.000000e+00 0.000000e+00 -1.000000e+00
      outer loop
         vertex -2.465259e+02 -3.050000e+02 -3.200001e+01
         vertex -8.865122e+01 -2.337541e+02 -3.200001e+01
         vertex -6.567685e+01 -2.412189e+02 -3.200001e+01
      endloop
   endfacet
   facet normal 0.000000e+00 0.000000e+00 -1.000000e+00
      outer loop
         vertex -2.465259e+02 -3.050000e+02 -3.200001e+01
         vertex -6.567685e+01 -2.412189e+02 -3.200001e+01
         vertex -4.208926e+01 -2.464315e+02 -3.200001e+01
      endloop
   endfacet
   facet normal 0.000000e+00 0.000000e+00 -1.000000e+00
      outer loop
         vertex -3.626020e+02 1.137752e+02 -3.200001e+01
         vertex -3.654700e+02 1.041953e+02 -3.200001e+01
         vertex -3.897667e+02 8.989963e+01 -3.200001e+01
      endloop
   endfacet
   facet normal 0.000000e+00 0.000000e+00 -1.000000e+00
      outer loop
         vertex 3.453384e+02 2.018449e+02 -3.200001e+01
         vertex 3.202329e+02 2.046360e+02 -3.200001e+01
         vertex 3.291157e+02 2.273386e+02 -3.200001e+01
      endloop
   endfacet
   facet normal 0.000000e+00 0.000000e+00 -1.000000e+00
      outer loop
         vertex 3.291157e+02 2.273386e+02 -3.200001e+01
         vertex 3.202329e+02 2.046360e+02 -3.200001e+01
         vertex 3.147378e+02 2.129909e+02 -3.200001e+01
      endloop
   endfacet
   facet normal -0.000000e+00 0.000000e+00 -1.000000e+00
      outer loop
         vertex 3.291157e+02 2.273386e+02 -3.200001e+01
         vertex 3.147378e+02 2.129909e+02 -3.200001e+01
         vertex 3.110149e+02 2.515348e+02 -3.200001e+01
      endloop
   endfacet
   facet normal 0.000000e+00 0.000000e+00 -1.000000e+00
      outer loop
         vertex 1.788997e+02 1.746278e+02 -3.200001e+01
         vertex 1.644950e+02 1.882589e+02 -3.200001e+01
         vertex 2.480895e+02 2.878830e+02 -3.200001e+01
      endloop
   endfacet
   facet normal 0.000000e+00 0.000000e+00 -1.000000e+00
      outer loop
         vertex 2.465259e+02 3.050000e+02 -3.200001e+01
         vertex 2.465259e+02 3.150000e+02 -3.200001e+01
         vertex 2.696018e+02 2.954910e+02 -3.200001e+01
      endloop
   endfacet
   facet normal 0.000000e+00 -0.000000e+00 -1.000000e+00
      outer loop
         vertex -3.202329e+02 2.046360e+02 -3.200001e+01
         vertex -2.115777e+02 1.331723e+02 -3.200001e+01
         vertex -3.453384e+02 2.018449e+02 -3.200001e+01
      endloop
   endfacet
   facet normal 0.000000e+00 0.000000e+00 -1.000000e+00
      outer loop
         vertex -3.453384e+02 2.018449e+02 -3.200001e+01
         vertex -2.115777e+02 1.331723e+02 -3.200001e+01
         vertex -2.154924e+02 1.267400e+02 -3.200001e+01
      endloop
   endfacet
   facet normal 0.000000e+00 -0.000000e+00 -1.000000e+00
      outer loop
         vertex -3.453384e+02 2.018449e+02 -3.200001e+01
         vertex -2.154924e+02 1.267400e+02 -3.200001e+01
         vertex -3.595903e+02 1.751994e+02 -3.200001e+01
      endloop
   endfacet
   facet normal 0.000000e+00 0.000000e+00 -1.000000e+00
      outer loop
         vertex -3.595903e+02 1.751994e+02 -3.200001e+01
         vertex -2.154924e+02 1.267400e+02 -3.200001e+01
         vertex -2.267186e+02 1.053503e+02 -3.200001e+01
      endloop
   endfacet
   facet normal 0.000000e+00 -0.000000e+00 -1.000000e+00
      outer loop
         vertex -3.595903e+02 1.751994e+02 -3.200001e+01
         vertex -2.267186e+02 1.053503e+02 -3.200001e+01
         vertex -3.717900e+02 1.475540e+02 -3.200001e+01
      endloop
   endfacet
   facet normal -0.000000e+00 0.000000e+00 -1.000000e+00
      outer loop
         vertex -2.267186e+02 1.053503e+02 -3.200001e+01
         vertex -2.358280e+02 8.297696e+01 -3.200001e+01
         vertex -3.717900e+02 1.475540e+02 -3.200001e+01
      endloop
   endfacet
   facet normal 0.000000e+00 0.000000e+00 -1.000000e+00
      outer loop
         vertex -3.717900e+02 1.475540e+02 -3.200001e+01
         vertex -2.358280e+02 8.297696e+01 -3.200001e+01
         vertex -3.626020e+02 1.137752e+02 -3.200001e+01
      endloop
   endfacet
   facet normal 0.000000e+00 -0.000000e+00 -1.000000e+00
      outer loop
         vertex -3.717900e+02 1.475540e+02 -3.200001e+01
         vertex -3.626020e+02 1.137752e+02 -3.200001e+01
         vertex -3.818680e+02 1.190666e+02 -3.200001e+01
      endloop
   endfacet
   facet normal 0.000000e+00 -0.000000e+00 -1.000000e+00
      outer loop
         vertex -3.818680e+02 1.190666e+02 -3.200001e+01
         vertex -3.626020e+02 1.137752e+02 -3.200001e+01
         vertex -3.897667e+02 8.989963e+01 -3.200001e+01
      endloop
   endfacet
   facet normal 0.000000e+00 -0.000000e+00 -1.000000e+00
      outer loop
         vertex -4.208926e+01 -2.464315e+02 -3.200001e+01
         vertex -1.810870e+01 -2.493433e+02 -3.200001e+01
         vertex -2.465259e+02 -3.050000e+02 -3.200001e+01
      endloop
   endfacet
   facet normal 0.000000e+00 0.000000e+00 -1.000000e+00
      outer loop
         vertex -2.465259e+02 -3.050000e+02 -3.200001e+01
         vertex -1.810870e+01 -2.493433e+02 -3.200001e+01
         vertex 6.040936e+00 -2.499270e+02 -3.200001e+01
      endloop
   endfacet
   facet normal 0.000000e+00 0.000000e+00 -1.000000e+00
      outer loop
         vertex -2.465259e+02 -3.050000e+02 -3.200001e+01
         vertex 6.040936e+00 -2.499270e+02 -3.200001e+01
         vertex 2.465259e+02 -3.050000e+02 -3.200001e+01
      endloop
   endfacet
   facet normal 0.000000e+00 0.000000e+00 -1.000000e+00
      outer loop
         vertex 2.465259e+02 -3.050000e+02 -3.200001e+01
         vertex 6.040936e+00 -2.499270e+02 -3.200001e+01
         vertex 3.013417e+01 -2.481772e+02 -3.200001e+01
      endloop
   endfacet
   facet normal 0.000000e+00 0.000000e+00 -1.000000e+00
      outer loop
         vertex 2.465259e+02 -3.050000e+02 -3.200001e+01
         vertex 3.013417e+01 -2.481772e+02 -3.200001e+01
         vertex 5.394605e+01 -2.441103e+02 -3.200001e+01
      endloop
   endfacet
   facet normal 0.000000e+00 0.000000e+00 -1.000000e+00
      outer loop
         vertex 3.800000e+02 5.000000e+00 -3.200001e+01
         vertex 2.499500e+02 5.000000e+00 -3.200001e+01
         vertex 3.988586e+02 3.019598e+01 -3.200001e+01
      endloop
   endfacet
   facet normal 0.000000e+00 0.000000e+00 -1.000000e+00
      outer loop
         vertex 3.988586e+02 3.019598e+01 -3.200001e+01
         vertex 2.499500e+02 5.000000e+00 -3.200001e+01
         vertex 2.488329e+02 2.412848e+01 -3.200001e+01
      endloop
   endfacet
   facet normal -0.000000e+00 0.000000e+00 -1.000000e+00
      outer loop
         vertex 3.988586e+02 3.019598e+01 -3.200001e+01
         vertex 2.488329e+02 2.412848e+01 -3.200001e+01
         vertex 3.954410e+02 6.021964e+01 -3.200001e+01
      endloop
   endfacet
   facet normal 0.000000e+00 0.000000e+00 -1.000000e+00
      outer loop
         vertex 3.954410e+02 6.021964e+01 -3.200001e+01
         vertex 2.488329e+02 2.412848e+01 -3.200001e+01
         vertex 2.453425e+02 4.803168e+01 -3.200001e+01
      endloop
   endfacet
   facet normal -0.000000e+00 0.000000e+00 -1.000000e+00
      outer loop
         vertex 3.954410e+02 6.021964e+01 -3.200001e+01
         vertex 2.453425e+02 4.803168e+01 -3.200001e+01
         vertex 3.897667e+02 8.989963e+01 -3.200001e+01
      endloop
   endfacet
   facet normal -0.000000e+00 0.000000e+00 -1.000000e+00
      outer loop
         vertex 3.897667e+02 8.989963e+01 -3.200001e+01
         vertex 2.453425e+02 4.803168e+01 -3.200001e+01
         vertex 3.654700e+02 1.041953e+02 -3.200001e+01
      endloop
   endfacet
   facet normal 0.000000e+00 0.000000e+00 -1.000000e+00
      outer loop
         vertex 3.897667e+02 8.989963e+01 -3.200001e+01
         vertex 3.654700e+02 1.041953e+02 -3.200001e+01
         vertex 3.818680e+02 1.190666e+02 -3.200001e+01
      endloop
   endfacet
   facet normal 0.000000e+00 0.000000e+00 -1.000000e+00
      outer loop
         vertex 3.818680e+02 1.190666e+02 -3.200001e+01
         vertex 3.654700e+02 1.041953e+02 -3.200001e+01
         vertex 3.626020e+02 1.137752e+02 -3.200001e+01
      endloop
   endfacet
   facet normal -0.000000e+00 0.000000e+00 -1.000000e+00
      outer loop
         vertex 3.818680e+02 1.190666e+02 -3.200001e+01
         vertex 3.626020e+02 1.137752e+02 -3.200001e+01
         vertex 3.717900e+02 1.475540e+02 -3.200001e+01
      endloop
   endfacet
   facet normal 0.000000e+00 0.000000e+00 -1.000000e+00
      outer loop
         vertex 3.717900e+02 1.475540e+02 -3.200001e+01
         vertex 3.626020e+02 1.137752e+02 -3.200001e+01
         vertex 2.380155e+02 7.647642e+01 -3.200001e+01
      endloop
   endfacet
   facet normal 0.000000e+00 0.000000e+00 -1.000000e+00
      outer loop
         vertex 3.717900e+02 1.475540e+02 -3.200001e+01
         vertex 2.380155e+02 7.647642e+01 -3.200001e+01
         vertex 2.315437e+02 9.427371e+01 -3.200001e+01
      endloop
   endfacet
   facet normal -0.000000e+00 0.000000e+00 -1.000000e+00
      outer loop
         vertex 3.147378e+02 2.129909e+02 -3.200001e+01
         vertex 2.060826e+02 1.415272e+02 -3.200001e+01
         vertex 3.110149e+02 2.515348e+02 -3.200001e+01
      endloop
   endfacet
   facet normal 0.000000e+00 0.000000e+00 -1.000000e+00
      outer loop
         vertex 3.110149e+02 2.515348e+02 -3.200001e+01
         vertex 2.060826e+02 1.415272e+02 -3.200001e+01
         vertex 1.949186e+02 1.565463e+02 -3.200001e+01
      endloop
   endfacet
   facet normal -0.000000e+00 0.000000e+00 -1.000000e+00
      outer loop
         vertex 3.110149e+02 2.515348e+02 -3.200001e+01
         vertex 1.949186e+02 1.565463e+02 -3.200001e+01
         vertex 2.911391e+02 2.742955e+02 -3.200001e+01
      endloop
   endfacet
   facet normal 0.000000e+00 0.000000e+00 -1.000000e+00
      outer loop
         vertex -2.060826e+02 1.415272e+02 -3.200001e+01
         vertex -3.147378e+02 2.129909e+02 -3.200001e+01
         vertex -2.022543e+02 1.469463e+02 -3.200001e+01
      endloop
   endfacet
   facet normal 0.000000e+00 0.000000e+00 -1.000000e+00
      outer loop
         vertex -2.022543e+02 1.469463e+02 -3.200001e+01
         vertex -3.147378e+02 2.129909e+02 -3.200001e+01
         vertex -1.871277e+02 1.657807e+02 -3.200001e+01
      endloop
   endfacet
   facet normal 0.000000e+00 0.000000e+00 -1.000000e+00
      outer loop
         vertex -2.499500e+02 5.000000e+00 -3.200001e+01
         vertex -3.800000e+02 5.000000e+00 -3.200001e+01
         vertex -2.497081e+02 1.207834e+01 -3.200001e+01
      endloop
   endfacet
   facet normal -0.000000e+00 0.000000e+00 -1.000000e+00
      outer loop
         vertex -2.497081e+02 1.207834e+01 -3.200001e+01
         vertex -3.800000e+02 5.000000e+00 -3.200001e+01
         vertex -3.988586e+02 3.019598e+01 -3.200001e+01
      endloop
   endfacet
   facet normal 0.000000e+00 0.000000e+00 -1.000000e+00
      outer loop
         vertex -2.497081e+02 1.207834e+01 -3.200001e+01
         vertex -3.988586e+02 3.019598e+01 -3.200001e+01
         vertex -2.473766e+02 3.612226e+01 -3.200001e+01
      endloop
   endfacet
   facet normal -0.000000e+00 0.000000e+00 -1.000000e+00
      outer loop
         vertex -2.473766e+02 3.612226e+01 -3.200001e+01
         vertex -3.988586e+02 3.019598e+01 -3.200001e+01
         vertex -3.954410e+02 6.021964e+01 -3.200001e+01
      endloop
   endfacet
   facet normal 0.000000e+00 0.000000e+00 -1.000000e+00
      outer loop
         vertex -2.473766e+02 3.612226e+01 -3.200001e+01
         vertex -3.954410e+02 6.021964e+01 -3.200001e+01
         vertex -2.427355e+02 5.982891e+01 -3.200001e+01
      endloop
   endfacet
   facet normal 0.000000e+00 0.000000e+00 -1.000000e+00
      outer loop
         vertex -2.427355e+02 5.982891e+01 -3.200001e+01
         vertex -3.954410e+02 6.021964e+01 -3.200001e+01
         vertex -3.897667e+02 8.989963e+01 -3.200001e+01
      endloop
   endfacet
   facet normal 0.000000e+00 0.000000e+00 -1.000000e+00
      outer loop
         vertex -2.427355e+02 5.982891e+01 -3.200001e+01
         vertex -3.897667e+02 8.989963e+01 -3.200001e+01
         vertex -2.408835e+02 6.689652e+01 -3.200001e+01
      endloop
   endfacet
   facet normal 0.000000e+00 0.000000e+00 -1.000000e+00
      outer loop
         vertex -2.408835e+02 6.689652e+01 -3.200001e+01
         vertex -3.897667e+02 8.989963e+01 -3.200001e+01
         vertex -3.654700e+02 1.041953e+02 -3.200001e+01
      endloop
   endfacet
   facet normal 0.000000e+00 0.000000e+00 -1.000000e+00
      outer loop
         vertex -1.871277e+02 1.657807e+02 -3.200001e+01
         vertex -3.147378e+02 2.129909e+02 -3.200001e+01
         vertex -1.702540e+02 1.830672e+02 -3.200001e+01
      endloop
   endfacet
   facet normal 0.000000e+00 0.000000e+00 -1.000000e+00
      outer loop
         vertex -1.702540e+02 1.830672e+02 -3.200001e+01
         vertex -3.147378e+02 2.129909e+02 -3.200001e+01
         vertex -2.480895e+02 2.878830e+02 -3.200001e+01
      endloop
   endfacet
   facet normal 0.000000e+00 0.000000e+00 -1.000000e+00
      outer loop
         vertex -1.702540e+02 1.830672e+02 -3.200001e+01
         vertex -2.480895e+02 2.878830e+02 -3.200001e+01
         vertex -1.644950e+02 1.882589e+02 -3.200001e+01
      endloop
   endfacet
   facet normal 0.000000e+00 0.000000e+00 -1.000000e+00
      outer loop
         vertex 1.214959e+02 2.184920e+02 -3.200001e+01
         vertex 9.984115e+01 2.291981e+02 -3.200001e+01
         vertex 2.465259e+02 3.050000e+02 -3.200001e+01
      endloop
   endfacet
   facet normal 0.000000e+00 0.000000e+00 -1.000000e+00
      outer loop
         vertex 2.465259e+02 3.050000e+02 -3.200001e+01
         vertex 9.984115e+01 2.291981e+02 -3.200001e+01
         vertex 7.725425e+01 2.377641e+02 -3.200001e+01
      endloop
   endfacet
   facet normal 0.000000e+00 0.000000e+00 -1.000000e+00
      outer loop
         vertex 2.465259e+02 3.050000e+02 -3.200001e+01
         vertex 7.725425e+01 2.377641e+02 -3.200001e+01
         vertex 5.394605e+01 2.441103e+02 -3.200001e+01
      endloop
   endfacet
   facet normal 0.000000e+00 0.000000e+00 -1.000000e+00
      outer loop
         vertex 2.404291e+02 2.943108e+02 -3.200001e+01
         vertex 1.568345e+02 1.946867e+02 -3.200001e+01
         vertex 1.420162e+02 2.057460e+02 -3.200001e+01
      endloop
   endfacet
   facet normal 0.000000e+00 0.000000e+00 -1.000000e+00
      outer loop
         vertex 1.949186e+02 1.565463e+02 -3.200001e+01
         vertex 1.788997e+02 1.746278e+02 -3.200001e+01
         vertex 2.911391e+02 2.742955e+02 -3.200001e+01
      endloop
   endfacet
   facet normal -0.000000e+00 0.000000e+00 -1.000000e+00
      outer loop
         vertex 2.911391e+02 2.742955e+02 -3.200001e+01
         vertex 1.788997e+02 1.746278e+02 -3.200001e+01
         vertex 2.480895e+02 2.878830e+02 -3.200001e+01
      endloop
   endfacet
   facet normal 0.000000e+00 0.000000e+00 -1.000000e+00
      outer loop
         vertex 2.911391e+02 2.742955e+02 -3.200001e+01
         vertex 2.480895e+02 2.878830e+02 -3.200001e+01
         vertex 2.696018e+02 2.954910e+02 -3.200001e+01
      endloop
   endfacet
   facet normal 0.000000e+00 0.000000e+00 -1.000000e+00
      outer loop
         vertex 2.696018e+02 2.954910e+02 -3.200001e+01
         vertex 2.480895e+02 2.878830e+02 -3.200001e+01
         vertex 2.404291e+02 2.943108e+02 -3.200001e+01
      endloop
   endfacet
   facet normal -0.000000e+00 0.000000e+00 -1.000000e+00
      outer loop
         vertex 2.696018e+02 2.954910e+02 -3.200001e+01
         vertex 2.404291e+02 2.943108e+02 -3.200001e+01
         vertex 2.465259e+02 3.050000e+02 -3.200001e+01
      endloop
   endfacet
   facet normal 0.000000e+00 0.000000e+00 -1.000000e+00
      outer loop
         vertex 2.465259e+02 3.050000e+02 -3.200001e+01
         vertex 2.404291e+02 2.943108e+02 -3.200001e+01
         vertex 1.420162e+02 2.057460e+02 -3.200001e+01
      endloop
   endfacet
   facet normal 0.000000e+00 0.000000e+00 -1.000000e+00
      outer loop
         vertex 2.465259e+02 3.050000e+02 -3.200001e+01
         vertex 1.420162e+02 2.057460e+02 -3.200001e+01
         vertex 1.214959e+02 2.184920e+02 -3.200001e+01
      endloop
   endfacet
   facet normal 0.000000e+00 0.000000e+00 -1.000000e+00
      outer loop
         vertex -1.810870e+01 2.493433e+02 -3.200001e+01
         vertex -2.465259e+02 3.050000e+02 -3.200001e+01
         vertex 6.040936e+00 2.499270e+02 -3.200001e+01
      endloop
   endfacet
   facet normal 0.000000e+00 0.000000e+00 -1.000000e+00
      outer loop
         vertex 6.040936e+00 2.499270e+02 -3.200001e+01
         vertex -2.465259e+02 3.050000e+02 -3.200001e+01
         vertex 2.465259e+02 3.050000e+02 -3.200001e+01
      endloop
   endfacet
   facet normal 0.000000e+00 0.000000e+00 -1.000000e+00
      outer loop
         vertex 6.040936e+00 2.499270e+02 -3.200001e+01
         vertex 2.465259e+02 3.050000e+02 -3.200001e+01
         vertex 3.013417e+01 2.481772e+02 -3.200001e+01
      endloop
   endfacet
   facet normal 0.000000e+00 0.000000e+00 -1.000000e+00
      outer loop
         vertex 3.013417e+01 2.481772e+02 -3.200001e+01
         vertex 2.465259e+02 3.050000e+02 -3.200001e+01
         vertex 5.394605e+01 2.441103e+02 -3.200001e+01
      endloop
   endfacet
   facet normal -0.000000e+00 0.000000e+00 -1.000000e+00
      outer loop
         vertex -1.810870e+01 2.493433e+02 -3.200001e+01
         vertex -4.208926e+01 2.464315e+02 -3.200001e+01
         vertex -2.465259e+02 3.050000e+02 -3.200001e+01
      endloop
   endfacet
   facet normal 0.000000e+00 0.000000e+00 -1.000000e+00
      outer loop
         vertex -2.465259e+02 3.050000e+02 -3.200001e+01
         vertex -4.208926e+01 2.464315e+02 -3.200001e+01
         vertex -6.567685e+01 2.412189e+02 -3.200001e+01
      endloop
   endfacet
   facet normal 0.000000e+00 0.000000e+00 -1.000000e+00
      outer loop
         vertex -2.465259e+02 3.050000e+02 -3.200001e+01
         vertex -6.567685e+01 2.412189e+02 -3.200001e+01
         vertex -8.865122e+01 2.337541e+02 -3.200001e+01
      endloop
   endfacet
   facet normal -0.000000e+00 0.000000e+00 -1.000000e+00
      outer loop
         vertex -3.147378e+02 2.129909e+02 -3.200001e+01
         vertex -3.453384e+02 2.018449e+02 -3.200001e+01
         vertex -2.480895e+02 2.878830e+02 -3.200001e+01
      endloop
   endfacet
   facet normal -0.000000e+00 0.000000e+00 -1.000000e+00
      outer loop
         vertex -2.480895e+02 2.878830e+02 -3.200001e+01
         vertex -3.453384e+02 2.018449e+02 -3.200001e+01
         vertex -2.465259e+02 3.050000e+02 -3.200001e+01
      endloop
   endfacet
   facet normal 0.000000e+00 0.000000e+00 -1.000000e+00
      outer loop
         vertex -2.480895e+02 2.878830e+02 -3.200001e+01
         vertex -2.465259e+02 3.050000e+02 -3.200001e+01
         vertex -2.404291e+02 2.943108e+02 -3.200001e+01
      endloop
   endfacet
   facet normal 0.000000e+00 0.000000e+00 -1.000000e+00
      outer loop
         vertex -2.404291e+02 2.943108e+02 -3.200001e+01
         vertex -2.465259e+02 3.050000e+02 -3.200001e+01
         vertex -1.517906e+02 1.986444e+02 -3.200001e+01
      endloop
   endfacet
   facet normal 0.000000e+00 0.000000e+00 -1.000000e+00
      outer loop
         vertex -2.404291e+02 2.943108e+02 -3.200001e+01
         vertex -1.517906e+02 1.986444e+02 -3.200001e+01
         vertex -1.568345e+02 1.946867e+02 -3.200001e+01
      endloop
   endfacet
   facet normal -0.000000e+00 0.000000e+00 -1.000000e+00
      outer loop
         vertex -8.865122e+01 2.337541e+02 -3.200001e+01
         vertex -1.107979e+02 2.241067e+02 -3.200001e+01
         vertex -2.465259e+02 3.050000e+02 -3.200001e+01
      endloop
   endfacet
   facet normal 0.000000e+00 0.000000e+00 -1.000000e+00
      outer loop
         vertex -2.465259e+02 3.050000e+02 -3.200001e+01
         vertex -1.107979e+02 2.241067e+02 -3.200001e+01
         vertex -1.319101e+02 2.123670e+02 -3.200001e+01
      endloop
   endfacet
   facet normal 0.000000e+00 0.000000e+00 -1.000000e+00
      outer loop
         vertex -2.465259e+02 3.050000e+02 -3.200001e+01
         vertex -1.319101e+02 2.123670e+02 -3.200001e+01
         vertex -1.517906e+02 1.986444e+02 -3.200001e+01
      endloop
   endfacet
   facet normal 0.000000e+00 1.000000e+00 -0.000000e+00
      outer loop
         vertex 1.354106e+02 3.150000e+02 -5.391070e+01
         vertex 9.805455e+01 3.150000e+02 -5.831979e+01
         vertex 2.465259e+02 3.150000e+02 -8.344651e-07
      endloop
   endfacet
   facet normal 0.000000e+00 1.000000e+00 -0.000000e+00
      outer loop
         vertex 9.805455e+01 3.150000e+02 -5.831979e+01
         vertex 6.051596e+01 3.150000e+02 -6.131162e+01
         vertex 2.465259e+02 3.150000e+02 -8.344651e-07
      endloop
   endfacet
   facet normal 0.000000e+00 1.000000e+00 0.000000e+00
      outer loop
         vertex 2.465259e+02 3.150000e+02 -8.344651e-07
         vertex 6.051596e+01 3.150000e+02 -6.131162e+01
         vertex 2.289636e+01 3.150000e+02 -6.288317e+01
      endloop
   endfacet
   facet normal 0.000000e+00 1.000000e+00 0.000000e+00
      outer loop
         vertex 2.465259e+02 3.150000e+02 -8.344651e-07
         vertex 2.289636e+01 3.150000e+02 -6.288317e+01
         vertex -2.465259e+02 3.150000e+02 -8.344651e-07
      endloop
   endfacet
   facet normal 0.000000e+00 1.000000e+00 0.000000e+00
      outer loop
         vertex -2.465259e+02 3.150000e+02 -8.344651e-07
         vertex 2.289636e+01 3.150000e+02 -6.288317e+01
         vertex -1.656690e+01 3.150000e+02 -6.300809e+01
      endloop
   endfacet
   facet normal 0.000000e+00 1.000000e+00 -0.000000e+00
      outer loop
         vertex 2.465259e+02 3.150000e+02 -3.200001e+01
         vertex 2.091430e+02 3.150000e+02 -4.088792e+01
         vertex 2.465259e+02 3.150000e+02 -8.344651e-07
      endloop
   endfacet
   facet normal 0.000000e+00 1.000000e+00 0.000000e+00
      outer loop
         vertex 2.465259e+02 3.150000e+02 -8.344651e-07
         vertex 2.091430e+02 3.150000e+02 -4.088792e+01
         vertex 1.724843e+02 3.150000e+02 -4.809290e+01
      endloop
   endfacet
   facet normal 0.000000e+00 1.000000e+00 0.000000e+00
      outer loop
         vertex 2.465259e+02 3.150000e+02 -8.344651e-07
         vertex 1.724843e+02 3.150000e+02 -4.809290e+01
         vertex 1.354106e+02 3.150000e+02 -5.391070e+01
      endloop
   endfacet
   facet normal 0.000000e+00 1.000000e+00 0.000000e+00
      outer loop
         vertex -1.656690e+01 3.150000e+02 -6.300809e+01
         vertex -5.732330e+01 3.150000e+02 -6.150024e+01
         vertex -2.465259e+02 3.150000e+02 -8.344651e-07
      endloop
   endfacet
   facet normal 0.000000e+00 1.000000e+00 0.000000e+00
      outer loop
         vertex -2.465259e+02 3.150000e+02 -8.344651e-07
         vertex -5.732330e+01 3.150000e+02 -6.150024e+01
         vertex -9.837189e+01 3.150000e+02 -5.828840e+01
      endloop
   endfacet
   facet normal 0.000000e+00 1.000000e+00 0.000000e+00
      outer loop
         vertex -2.465259e+02 3.150000e+02 -8.344651e-07
         vertex -9.837189e+01 3.150000e+02 -5.828840e+01
         vertex -1.390623e+02 3.150000e+02 -5.340201e+01
      endloop
   endfacet
   facet normal 0.000000e+00 1.000000e+00 0.000000e+00
      outer loop
         vertex -1.390623e+02 3.150000e+02 -5.340201e+01
         vertex -1.792671e+02 3.150000e+02 -4.687005e+01
         vertex -2.465259e+02 3.150000e+02 -8.344651e-07
      endloop
   endfacet
   facet normal 0.000000e+00 1.000000e+00 0.000000e+00
      outer loop
         vertex -2.465259e+02 3.150000e+02 -8.344651e-07
         vertex -1.792671e+02 3.150000e+02 -4.687005e+01
         vertex -2.188690e+02 3.150000e+02 -3.872772e+01
      endloop
   endfacet
   facet normal 0.000000e+00 1.000000e+00 0.000000e+00
      outer loop
         vertex -2.465259e+02 3.150000e+02 -8.344651e-07
         vertex -2.188690e+02 3.150000e+02 -3.872772e+01
         vertex -2.465259e+02 3.150000e+02 -3.200001e+01
      endloop
   endfacet
   facet normal 0.000000e+00 -1.000000e+00 0.000000e+00
      outer loop
         vertex -1.354106e+02 -3.150000e+02 -5.391070e+01
         vertex -9.805455e+01 -3.150000e+02 -5.831979e+01
         vertex -2.465259e+02 -3.150000e+02 -8.344651e-07
      endloop
   endfacet
   facet normal 0.000000e+00 -1.000000e+00 0.000000e+00
      outer loop
         vertex -9.805455e+01 -3.150000e+02 -5.831979e+01
         vertex -6.051596e+01 -3.150000e+02 -6.131162e+01
         vertex -2.465259e+02 -3.150000e+02 -8.344651e-07
      endloop
   endfacet
   facet normal 0.000000e+00 -1.000000e+00 0.000000e+00
      outer loop
         vertex -2.465259e+02 -3.150000e+02 -8.344651e-07
         vertex -6.051596e+01 -3.150000e+02 -6.131162e+01
         vertex -2.289636e+01 -3.150000e+02 -6.288317e+01
      endloop
   endfacet
   facet normal 0.000000e+00 -1.000000e+00 0.000000e+00
      outer loop
         vertex -2.465259e+02 -3.150000e+02 -8.344651e-07
         vertex -2.289636e+01 -3.150000e+02 -6.288317e+01
         vertex 2.465259e+02 -3.150000e+02 -8.344651e-07
      endloop
   endfacet
   facet normal 0.000000e+00 -1.000000e+00 0.000000e+00
      outer loop
         vertex 2.465259e+02 -3.150000e+02 -8.344651e-07
         vertex -2.289636e+01 -3.150000e+02 -6.288317e+01
         vertex 1.656690e+01 -3.150000e+02 -6.300809e+01
      endloop
   endfacet
   facet normal 0.000000e+00 -1.000000e+00 0.000000e+00
      outer loop
         vertex -2.465259e+02 -3.150000e+02 -3.200001e+01
         vertex -2.091430e+02 -3.150000e+02 -4.088792e+01
         vertex -2.465259e+02 -3.150000e+02 -8.344651e-07
      endloop
   endfacet
   facet normal 0.000000e+00 -1.000000e+00 0.000000e+00
      outer loop
         vertex -2.465259e+02 -3.150000e+02 -8.344651e-07
         vertex -2.091430e+02 -3.150000e+02 -4.088792e+01
         vertex -1.724843e+02 -3.150000e+02 -4.809290e+01
      endloop
   endfacet
   facet normal 0.000000e+00 -1.000000e+00 0.000000e+00
      outer loop
         vertex -2.465259e+02 -3.150000e+02 -8.344651e-07
         vertex -1.724843e+02 -3.150000e+02 -4.809290e+01
         vertex -1.354106e+02 -3.150000e+02 -5.391070e+01
      endloop
   endfacet
   facet normal 0.000000e+00 -1.000000e+00 0.000000e+00
      outer loop
         vertex 1.656690e+01 -3.150000e+02 -6.300809e+01
         vertex 5.732330e+01 -3.150000e+02 -6.150024e+01
         vertex 2.465259e+02 -3.150000e+02 -8.344651e-07
      endloop
   endfacet
   facet normal 0.000000e+00 -1.000000e+00 0.000000e+00
      outer loop
         vertex 2.465259e+02 -3.150000e+02 -8.344651e-07
         vertex 5.732330e+01 -3.150000e+02 -6.150024e+01
         vertex 9.837189e+01 -3.150000e+02 -5.828840e+01
      endloop
   endfacet
   facet normal 0.000000e+00 -1.000000e+00 0.000000e+00
      outer loop
         vertex 2.465259e+02 -3.150000e+02 -8.344651e-07
         vertex 9.837189e+01 -3.150000e+02 -5.828840e+01
         vertex 1.390623e+02 -3.150000e+02 -5.340201e+01
      endloop
   endfacet
   facet normal 0.000000e+00 -1.000000e+00 0.000000e+00
      outer loop
         vertex 1.390623e+02 -3.150000e+02 -5.340201e+01
         vertex 1.792671e+02 -3.150000e+02 -4.687005e+01
         vertex 2.465259e+02 -3.150000e+02 -8.344651e-07
      endloop
   endfacet
   facet normal 0.000000e+00 -1.000000e+00 0.000000e+00
      outer loop
         vertex 2.465259e+02 -3.150000e+02 -8.344651e-07
         vertex 1.792671e+02 -3.150000e+02 -4.687005e+01
         vertex 2.188690e+02 -3.150000e+02 -3.872772e+01
      endloop
   endfacet
   facet normal 0.000000e+00 -1.000000e+00 -0.000000e+00
      outer loop
         vertex 2.465259e+02 -3.150000e+02 -8.344651e-07
         vertex 2.188690e+02 -3.150000e+02 -3.872772e+01
         vertex 2.465259e+02 -3.150000e+02 -3.200001e+01
      endloop
   endfacet
   facet normal 2.363640e-01 0.000000e+00 -9.716646e-01
      outer loop
         vertex 2.465259e+02 -3.050000e+02 -3.200001e+01
         vertex 2.465259e+02 -3.150000e+02 -3.200001e+01
         vertex 2.188690e+02 -3.150000e+02 -3.872772e+01
      endloop
   endfacet
   facet normal 2.363640e-01 0.000000e+00 -9.716646e-01
      outer loop
         vertex 2.465259e+02 -3.050000e+02 -3.200001e+01
         vertex 2.188690e+02 -3.150000e+02 -3.872772e+01
         vertex 2.188690e+02 -3.050000e+02 -3.872772e+01
      endloop
   endfacet
   facet normal 2.013917e-01 0.000000e+00 -9.795108e-01
      outer loop
         vertex 2.188690e+02 -3.050000e+02 -3.872772e+01
         vertex 2.188690e+02 -3.150000e+02 -3.872772e+01
         vertex 1.792671e+02 -3.150000e+02 -4.687005e+01
      endloop
   endfacet
   facet normal 2.013917e-01 0.000000e+00 -9.795108e-01
      outer loop
         vertex 2.188690e+02 -3.050000e+02 -3.872772e+01
         vertex 1.792671e+02 -3.150000e+02 -4.687005e+01
         vertex 1.792671e+02 -3.050000e+02 -4.687005e+01
      endloop
   endfacet
   facet normal 1.603646e-01 0.000000e+00 -9.870578e-01
      outer loop
         vertex 1.792671e+02 -3.050000e+02 -4.687005e+01
         vertex 1.792671e+02 -3.150000e+02 -4.687005e+01
         vertex 1.390623e+02 -3.150000e+02 -5.340201e+01
      endloop
   endfacet
   facet normal 1.603646e-01 0.000000e+00 -9.870578e-01
      outer loop
         vertex 1.792671e+02 -3.050000e+02 -4.687005e+01
         vertex 1.390623e+02 -3.150000e+02 -5.340201e+01
         vertex 1.390623e+02 -3.050000e+02 -5.340201e+01
      endloop
   endfacet
   facet normal 1.192303e-01 0.000000e+00 -9.928666e-01
      outer loop
         vertex 1.390623e+02 -3.050000e+02 -5.340201e+01
         vertex 1.390623e+02 -3.150000e+02 -5.340201e+01
         vertex 9.837189e+01 -3.150000e+02 -5.828840e+01
      endloop
   endfacet
   facet normal 1.192303e-01 0.000000e+00 -9.928666e-01
      outer loop
         vertex 1.390623e+02 -3.050000e+02 -5.340201e+01
         vertex 9.837189e+01 -3.150000e+02 -5.828840e+01
         vertex 9.837189e+01 -3.050000e+02 -5.828840e+01
      endloop
   endfacet
   facet normal 7.800644e-02 0.000000e+00 -9.969529e-01
      outer loop
         vertex 9.837189e+01 -3.050000e+02 -5.828840e+01
         vertex 9.837189e+01 -3.150000e+02 -5.828840e+01
         vertex 5.732330e+01 -3.150000e+02 -6.150024e+01
      endloop
   endfacet
   facet normal 7.800644e-02 0.000000e+00 -9.969529e-01
      outer loop
         vertex 9.837189e+01 -3.050000e+02 -5.828840e+01
         vertex 5.732330e+01 -3.150000e+02 -6.150024e+01
         vertex 5.732330e+01 -3.050000e+02 -6.150024e+01
      endloop
   endfacet
   facet normal 3.697132e-02 0.000000e+00 -9.993163e-01
      outer loop
         vertex 5.732330e+01 -3.050000e+02 -6.150024e+01
         vertex 5.732330e+01 -3.150000e+02 -6.150024e+01
         vertex 1.656690e+01 -3.150000e+02 -6.300809e+01
      endloop
   endfacet
   facet normal 3.697132e-02 0.000000e+00 -9.993163e-01
      outer loop
         vertex 5.732330e+01 -3.050000e+02 -6.150024e+01
         vertex 1.656690e+01 -3.150000e+02 -6.300809e+01
         vertex 1.656690e+01 -3.050000e+02 -6.300809e+01
      endloop
   endfacet
   facet normal -3.165369e-03 -0.000000e+00 -9.999950e-01
      outer loop
         vertex 1.656690e+01 -3.050000e+02 -6.300809e+01
         vertex 1.656690e+01 -3.150000e+02 -6.300809e+01
         vertex -2.289636e+01 -3.150000e+02 -6.288317e+01
      endloop
   endfacet
   facet normal -3.165369e-03 0.000000e+00 -9.999950e-01
      outer loop
         vertex 1.656690e+01 -3.050000e+02 -6.300809e+01
         vertex -2.289636e+01 -3.150000e+02 -6.288317e+01
         vertex -2.289636e+01 -3.050000e+02 -6.288317e+01
      endloop
   endfacet
   facet normal -4.173839e-02 -0.000000e+00 -9.991286e-01
      outer loop
         vertex -2.289636e+01 -3.050000e+02 -6.288317e+01
         vertex -2.289636e+01 -3.150000e+02 -6.288317e+01
         vertex -6.051596e+01 -3.150000e+02 -6.131162e+01
      endloop
   endfacet
   facet normal -4.173839e-02 0.000000e+00 -9.991286e-01
      outer loop
         vertex -2.289636e+01 -3.050000e+02 -6.288317e+01
         vertex -6.051596e+01 -3.150000e+02 -6.131162e+01
         vertex -6.051596e+01 -3.050000e+02 -6.131162e+01
      endloop
   endfacet
   facet normal -7.944806e-02 -0.000000e+00 -9.968390e-01
      outer loop
         vertex -6.051596e+01 -3.050000e+02 -6.131162e+01
         vertex -6.051596e+01 -3.150000e+02 -6.131162e+01
         vertex -9.805455e+01 -3.150000e+02 -5.831979e+01
      endloop
   endfacet
   facet normal -7.944806e-02 0.000000e+00 -9.968390e-01
      outer loop
         vertex -6.051596e+01 -3.050000e+02 -6.131162e+01
         vertex -9.805455e+01 -3.150000e+02 -5.831979e+01
         vertex -9.805455e+01 -3.050000e+02 -5.831979e+01
      endloop
   endfacet
   facet normal -1.172151e-01 -0.000000e+00 -9.931065e-01
      outer loop
         vertex -9.805455e+01 -3.050000e+02 -5.831979e+01
         vertex -9.805455e+01 -3.150000e+02 -5.831979e+01
         vertex -1.354106e+02 -3.150000e+02 -5.391070e+01
      endloop
   endfacet
   facet normal -1.172151e-01 0.000000e+00 -9.931065e-01
      outer loop
         vertex -9.805455e+01 -3.050000e+02 -5.831979e+01
         vertex -1.354106e+02 -3.150000e+02 -5.391070e+01
         vertex -1.354106e+02 -3.050000e+02 -5.391070e+01
      endloop
   endfacet
   facet normal -1.550281e-01 -0.000000e+00 -9.879101e-01
      outer loop
         vertex -1.354106e+02 -3.050000e+02 -5.391070e+01
         vertex -1.354106e+02 -3.150000e+02 -5.391070e+01
         vertex -1.724843e+02 -3.150000e+02 -4.809290e+01
      endloop
   endfacet
   facet normal -1.550281e-01 0.000000e+00 -9.879101e-01
      outer loop
         vertex -1.354106e+02 -3.050000e+02 -5.391070e+01
         vertex -1.724843e+02 -3.150000e+02 -4.809290e+01
         vertex -1.724843e+02 -3.050000e+02 -4.809290e+01
      endloop
   endfacet
   facet normal -1.928529e-01 -0.000000e+00 -9.812277e-01
      outer loop
         vertex -1.724843e+02 -3.050000e+02 -4.809290e+01
         vertex -1.724843e+02 -3.150000e+02 -4.809290e+01
         vertex -2.091430e+02 -3.150000e+02 -4.088792e+01
      endloop
   endfacet
   facet normal -1.928529e-01 0.000000e+00 -9.812277e-01
      outer loop
         vertex -1.724843e+02 -3.050000e+02 -4.809290e+01
         vertex -2.091430e+02 -3.150000e+02 -4.088792e+01
         vertex -2.091430e+02 -3.050000e+02 -4.088792e+01
      endloop
   endfacet
   facet normal -2.313059e-01 -0.000000e+00 -9.728811e-01
      outer loop
         vertex -2.091430e+02 -3.050000e+02 -4.088792e+01
         vertex -2.091430e+02 -3.150000e+02 -4.088792e+01
         vertex -2.465259e+02 -3.150000e+02 -3.200001e+01
      endloop
   endfacet
   facet normal -2.313059e-01 0.000000e+00 -9.728811e-01
      outer loop
         vertex -2.091430e+02 -3.050000e+02 -4.088792e+01
         vertex -2.465259e+02 -3.150000e+02 -3.200001e+01
         vertex -2.465259e+02 -3.050000e+02 -3.200001e+01
      endloop
   endfacet
   facet normal 0.000000e+00 1.000000e+00 -0.000000e+00
      outer loop
         vertex 5.732330e+01 -3.050000e+02 -6.150024e+01
         vertex 1.656690e+01 -3.050000e+02 -6.300809e+01
         vertex 2.188690e+02 -3.050000e+02 -3.872772e+01
      endloop
   endfacet
   facet normal 0.000000e+00 1.000000e+00 0.000000e+00
      outer loop
         vertex 2.188690e+02 -3.050000e+02 -3.872772e+01
         vertex 1.656690e+01 -3.050000e+02 -6.300809e+01
         vertex -2.289636e+01 -3.050000e+02 -6.288317e+01
      endloop
   endfacet
   facet normal 0.000000e+00 1.000000e+00 0.000000e+00
      outer loop
         vertex 2.188690e+02 -3.050000e+02 -3.872772e+01
         vertex -2.289636e+01 -3.050000e+02 -6.288317e+01
         vertex -6.051596e+01 -3.050000e+02 -6.131162e+01
      endloop
   endfacet
   facet normal 0.000000e+00 1.000000e+00 -0.000000e+00
      outer loop
         vertex -6.051596e+01 -3.050000e+02 -6.131162e+01
         vertex -9.805455e+01 -3.050000e+02 -5.831979e+01
         vertex 2.188690e+02 -3.050000e+02 -3.872772e+01
      endloop
   endfacet
   facet normal 0.000000e+00 1.000000e+00 0.000000e+00
      outer loop
         vertex 2.188690e+02 -3.050000e+02 -3.872772e+01
         vertex -9.805455e+01 -3.050000e+02 -5.831979e+01
         vertex -1.354106e+02 -3.050000e+02 -5.391070e+01
      endloop
   endfacet
   facet normal 0.000000e+00 1.000000e+00 0.000000e+00
      outer loop
         vertex 2.188690e+02 -3.050000e+02 -3.872772e+01
         vertex -1.354106e+02 -3.050000e+02 -5.391070e+01
         vertex -1.724843e+02 -3.050000e+02 -4.809290e+01
      endloop
   endfacet
   facet normal 0.000000e+00 1.000000e+00 -0.000000e+00
      outer loop
         vertex -1.724843e+02 -3.050000e+02 -4.809290e+01
         vertex -2.091430e+02 -3.050000e+02 -4.088792e+01
         vertex 2.188690e+02 -3.050000e+02 -3.872772e+01
      endloop
   endfacet
   facet normal 0.000000e+00 1.000000e+00 0.000000e+00
      outer loop
         vertex 2.188690e+02 -3.050000e+02 -3.872772e+01
         vertex -2.091430e+02 -3.050000e+02 -4.088792e+01
         vertex -2.465259e+02 -3.050000e+02 -3.200001e+01
      endloop
   endfacet
   facet normal 0.000000e+00 1.000000e+00 -0.000000e+00
      outer loop
         vertex 2.188690e+02 -3.050000e+02 -3.872772e+01
         vertex -2.465259e+02 -3.050000e+02 -3.200001e+01
         vertex 2.465259e+02 -3.050000e+02 -3.200001e+01
      endloop
   endfacet
   facet normal 0.000000e+00 1.000000e+00 -0.000000e+00
      outer loop
         vertex 1.792671e+02 -3.050000e+02 -4.687005e+01
         vertex 1.390623e+02 -3.050000e+02 -5.340201e+01
         vertex 2.188690e+02 -3.050000e+02 -3.872772e+01
      endloop
   endfacet
   facet normal 0.000000e+00 1.000000e+00 0.000000e+00
      outer loop
         vertex 2.188690e+02 -3.050000e+02 -3.872772e+01
         vertex 1.390623e+02 -3.050000e+02 -5.340201e+01
         vertex 9.837189e+01 -3.050000e+02 -5.828840e+01
      endloop
   endfacet
   facet normal 0.000000e+00 1.000000e+00 0.000000e+00
      outer loop
         vertex 2.188690e+02 -3.050000e+02 -3.872772e+01
         vertex 9.837189e+01 -3.050000e+02 -5.828840e+01
         vertex 5.732330e+01 -3.050000e+02 -6.150024e+01
      endloop
   endfacet
   facet normal -2.363640e-01 0.000000e+00 -9.716646e-01
      outer loop
         vertex -2.465259e+02 3.050000e+02 -3.200001e+01
         vertex -2.465259e+02 3.150000e+02 -3.200001e+01
         vertex -2.188690e+02 3.150000e+02 -3.872772e+01
      endloop
   endfacet
   facet normal -2.363640e-01 0.000000e+00 -9.716646e-01
      outer loop
         vertex -2.465259e+02 3.050000e+02 -3.200001e+01
         vertex -2.188690e+02 3.150000e+02 -3.872772e+01
         vertex -2.188690e+02 3.050000e+02 -3.872772e+01
      endloop
   endfacet
   facet normal -2.013917e-01 0.000000e+00 -9.795108e-01
      outer loop
         vertex -2.188690e+02 3.050000e+02 -3.872772e+01
         vertex -2.188690e+02 3.150000e+02 -3.872772e+01
         vertex -1.792671e+02 3.150000e+02 -4.687005e+01
      endloop
   endfacet
   facet normal -2.013917e-01 0.000000e+00 -9.795108e-01
      outer loop
         vertex -2.188690e+02 3.050000e+02 -3.872772e+01
         vertex -1.792671e+02 3.150000e+02 -4.687005e+01
         vertex -1.792671e+02 3.050000e+02 -4.687005e+01
      endloop
   endfacet
   facet normal -1.603646e-01 0.000000e+00 -9.870578e-01
      outer loop
         vertex -1.792671e+02 3.050000e+02 -4.687005e+01
         vertex -1.792671e+02 3.150000e+02 -4.687005e+01
         vertex -1.390623e+02 3.150000e+02 -5.340201e+01
      endloop
   endfacet
   facet normal -1.603646e-01 0.000000e+00 -9.870578e-01
      outer loop
         vertex -1.792671e+02 3.050000e+02 -4.687005e+01
         vertex -1.390623e+02 3.150000e+02 -5.340201e+01
         vertex -1.390623e+02 3.050000e+02 -5.340201e+01
      endloop
   endfacet
   facet normal -1.192303e-01 0.000000e+00 -9.928666e-01
      outer loop
         vertex -1.390623e+02 3.050000e+02 -5.340201e+01
         vertex -1.390623e+02 3.150000e+02 -5.340201e+01
         vertex -9.837189e+01 3.150000e+02 -5.828840e+01
      endloop
   endfacet
   facet normal -1.192303e-01 0.000000e+00 -9.928666e-01
      outer loop
         vertex -1.390623e+02 3.050000e+02 -5.340201e+01
         vertex -9.837189e+01 3.150000e+02 -5.828840e+01
         vertex -9.837189e+01 3.050000e+02 -5.828840e+01
      endloop
   endfacet
   facet normal -7.800644e-02 0.000000e+00 -9.969529e-01
      outer loop
         vertex -9.837189e+01 3.050000e+02 -5.828840e+01
         vertex -9.837189e+01 3.150000e+02 -5.828840e+01
         vertex -5.732330e+01 3.150000e+02 -6.150024e+01
      endloop
   endfacet
   facet normal -7.800644e-02 0.000000e+00 -9.969529e-01
      outer loop
         vertex -9.837189e+01 3.050000e+02 -5.828840e+01
         vertex -5.732330e+01 3.150000e+02 -6.150024e+01
         vertex -5.732330e+01 3.050000e+02 -6.150024e+01
      endloop
   endfacet
   facet normal -3.697132e-02 0.000000e+00 -9.993163e-01
      outer loop
         vertex -5.732330e+01 3.050000e+02 -6.150024e+01
         vertex -5.732330e+01 3.150000e+02 -6.150024e+01
         vertex -1.656690e+01 3.150000e+02 -6.300809e+01
      endloop
   endfacet
   facet normal -3.697132e-02 0.000000e+00 -9.993163e-01
      outer loop
         vertex -5.732330e+01 3.050000e+02 -6.150024e+01
         vertex -1.656690e+01 3.150000e+02 -6.300809e+01
         vertex -1.656690e+01 3.050000e+02 -6.300809e+01
      endloop
   endfacet
   facet normal 3.165369e-03 0.000000e+00 -9.999950e-01
      outer loop
         vertex -1.656690e+01 3.050000e+02 -6.300809e+01
         vertex -1.656690e+01 3.150000e+02 -6.300809e+01
         vertex 2.289636e+01 3.150000e+02 -6.288317e+01
      endloop
   endfacet
   facet normal 3.165369e-03 0.000000e+00 -9.999950e-01
      outer loop
         vertex -1.656690e+01 3.050000e+02 -6.300809e+01
         vertex 2.289636e+01 3.150000e+02 -6.288317e+01
         vertex 2.289636e+01 3.050000e+02 -6.288317e+01
      endloop
   endfacet
   facet normal 4.173839e-02 0.000000e+00 -9.991286e-01
      outer loop
         vertex 2.289636e+01 3.050000e+02 -6.288317e+01
         vertex 2.289636e+01 3.150000e+02 -6.288317e+01
         vertex 6.051596e+01 3.150000e+02 -6.131162e+01
      endloop
   endfacet
   facet normal 4.173839e-02 0.000000e+00 -9.991286e-01
      outer loop
         vertex 2.289636e+01 3.050000e+02 -6.288317e+01
         vertex 6.051596e+01 3.150000e+02 -6.131162e+01
         vertex 6.051596e+01 3.050000e+02 -6.131162e+01
      endloop
   endfacet
   facet normal 7.944806e-02 0.000000e+00 -9.968390e-01
      outer loop
         vertex 6.051596e+01 3.050000e+02 -6.131162e+01
         vertex 6.051596e+01 3.150000e+02 -6.131162e+01
         vertex 9.805455e+01 3.150000e+02 -5.831979e+01
      endloop
   endfacet
   facet normal 7.944806e-02 0.000000e+00 -9.968390e-01
      outer loop
         vertex 6.051596e+01 3.050000e+02 -6.131162e+01
         vertex 9.805455e+01 3.150000e+02 -5.831979e+01
         vertex 9.805455e+01 3.050000e+02 -5.831979e+01
      endloop
   endfacet
   facet normal 1.172151e-01 0.000000e+00 -9.931065e-01
      outer loop
         vertex 9.805455e+01 3.050000e+02 -5.831979e+01
         vertex 9.805455e+01 3.150000e+02 -5.831979e+01
         vertex 1.354106e+02 3.150000e+02 -5.391070e+01
      endloop
   endfacet
   facet normal 1.172151e-01 0.000000e+00 -9.931065e-01
      outer loop
         vertex 9.805455e+01 3.050000e+02 -5.831979e+01
         vertex 1.354106e+02 3.150000e+02 -5.391070e+01
         vertex 1.354106e+02 3.050000e+02 -5.391070e+01
      endloop
   endfacet
   facet normal 1.550281e-01 0.000000e+00 -9.879101e-01
      outer loop
         vertex 1.354106e+02 3.050000e+02 -5.391070e+01
         vertex 1.354106e+02 3.150000e+02 -5.391070e+01
         vertex 1.724843e+02 3.150000e+02 -4.809290e+01
      endloop
   endfacet
   facet normal 1.550281e-01 0.000000e+00 -9.879101e-01
      outer loop
         vertex 1.354106e+02 3.050000e+02 -5.391070e+01
         vertex 1.724843e+02 3.150000e+02 -4.809290e+01
         vertex 1.724843e+02 3.050000e+02 -4.809290e+01
      endloop
   endfacet
   facet normal 1.928529e-01 0.000000e+00 -9.812277e-01
      outer loop
         vertex 1.724843e+02 3.050000e+02 -4.809290e+01
         vertex 1.724843e+02 3.150000e+02 -4.809290e+01
         vertex 2.091430e+02 3.150000e+02 -4.088792e+01
      endloop
   endfacet
   facet normal 1.928529e-01 0.000000e+00 -9.812277e-01
      outer loop
         vertex 1.724843e+02 3.050000e+02 -4.809290e+01
         vertex 2.091430e+02 3.150000e+02 -4.088792e+01
         vertex 2.091430e+02 3.050000e+02 -4.088792e+01
      endloop
   endfacet
   facet normal 2.313059e-01 0.000000e+00 -9.728811e-01
      outer loop
         vertex 2.091430e+02 3.050000e+02 -4.088792e+01
         vertex 2.091430e+02 3.150000e+02 -4.088792e+01
         vertex 2.465259e+02 3.150000e+02 -3.200001e+01
      endloop
   endfacet
   facet normal 2.313059e-01 0.000000e+00 -9.728811e-01
      outer loop
         vertex 2.091430e+02 3.050000e+02 -4.088792e+01
         vertex 2.465259e+02 3.150000e+02 -3.200001e+01
         vertex 2.465259e+02 3.050000e+02 -3.200001e+01
      endloop
   endfacet
   facet normal 0.000000e+00 -1.000000e+00 0.000000e+00
      outer loop
         vertex -5.732330e+01 3.050000e+02 -6.150024e+01
         vertex -1.656690e+01 3.050000e+02 -6.300809e+01
         vertex -2.188690e+02 3.050000e+02 -3.872772e+01
      endloop
   endfacet
   facet normal 0.000000e+00 -1.000000e+00 0.000000e+00
      outer loop
         vertex -2.188690e+02 3.050000e+02 -3.872772e+01
         vertex -1.656690e+01 3.050000e+02 -6.300809e+01
         vertex 2.289636e+01 3.050000e+02 -6.288317e+01
      endloop
   endfacet
   facet normal 0.000000e+00 -1.000000e+00 0.000000e+00
      outer loop
         vertex -2.188690e+02 3.050000e+02 -3.872772e+01
         vertex 2.289636e+01 3.050000e+02 -6.288317e+01
         vertex 6.051596e+01 3.050000e+02 -6.131162e+01
      endloop
   endfacet
   facet normal 0.000000e+00 -1.000000e+00 0.000000e+00
      outer loop
         vertex 6.051596e+01 3.050000e+02 -6.131162e+01
         vertex 9.805455e+01 3.050000e+02 -5.831979e+01
         vertex -2.188690e+02 3.050000e+02 -3.872772e+01
      endloop
   endfacet
   facet normal 0.000000e+00 -1.000000e+00 0.000000e+00
      outer loop
         vertex -2.188690e+02 3.050000e+02 -3.872772e+01
         vertex 9.805455e+01 3.050000e+02 -5.831979e+01
         vertex 1.354106e+02 3.050000e+02 -5.391070e+01
      endloop
   endfacet
   facet normal 0.000000e+00 -1.000000e+00 0.000000e+00
      outer loop
         vertex -2.188690e+02 3.050000e+02 -3.872772e+01
         vertex 1.354106e+02 3.050000e+02 -5.391070e+01
         vertex 1.724843e+02 3.050000e+02 -4.809290e+01
      endloop
   endfacet
   facet normal 0.000000e+00 -1.000000e+00 0.000000e+00
      outer loop
         vertex 1.724843e+02 3.050000e+02 -4.809290e+01
         vertex 2.091430e+02 3.050000e+02 -4.088792e+01
         vertex -2.188690e+02 3.050000e+02 -3.872772e+01
      endloop
   endfacet
   facet normal 0.000000e+00 -1.000000e+00 0.000000e+00
      outer loop
         vertex -2.188690e+02 3.050000e+02 -3.872772e+01
         vertex 2.091430e+02 3.050000e+02 -4.088792e+01
         vertex 2.465259e+02 3.050000e+02 -3.200001e+01
      endloop
   endfacet
   facet normal 0.000000e+00 -1.000000e+00 0.000000e+00
      outer loop
         vertex -2.188690e+02 3.050000e+02 -3.872772e+01
         vertex 2.465259e+02 3.050000e+02 -3.200001e+01
         vertex -2.465259e+02 3.050000e+02 -3.200001e+01
      endloop
   endfacet
   facet normal 0.000000e+00 -1.000000e+00 0.000000e+00
      outer loop
         vertex -1.792671e+02 3.050000e+02 -4.687005e+01
         vertex -1.390623e+02 3.050000e+02 -5.340201e+01
         vertex -2.188690e+02 3.050000e+02 -3.872772e+01
      endloop
   endfacet
   facet normal 0.000000e+00 -1.000000e+00 0.000000e+00
      outer loop
         vertex -2.188690e+02 3.050000e+02 -3.872772e+01
         vertex -1.390623e+02 3.050000e+02 -5.340201e+01
         vertex -9.837189e+01 3.050000e+02 -5.828840e+01
      endloop
   endfacet
   facet normal 0.000000e+00 -1.000000e+00 0.000000e+00
      outer loop
         vertex -2.188690e+02 3.050000e+02 -3.872772e+01
         vertex -9.837189e+01 3.050000e+02 -5.828840e+01
         vertex -5.732330e+01 3.050000e+02 -6.150024e+01
      endloop
   endfacet
   facet normal -9.997168e-01 -2.379653e-02 0.000000e+00
      outer loop
         vertex -2.550000e+02 -3.654852e-14 -1.120000e+02
         vertex -2.547112e+02 -1.213339e+01 -1.120000e+02
         vertex -2.547112e+02 -1.213339e+01 -8.000000e+01
      endloop
   endfacet
   facet normal -9.954719e-01 -9.505588e-02 -0.000000e+00
      outer loop
         vertex -2.547112e+02 -1.213339e+01 -8.000000e+01
         vertex -2.547112e+02 -1.213339e+01 -1.120000e+02
         vertex -2.524045e+02 -3.629028e+01 -1.120000e+02
      endloop
   endfacet
   facet normal -9.954719e-01 -9.505588e-02 0.000000e+00
      outer loop
         vertex -2.547112e+02 -1.213339e+01 -8.000000e+01
         vertex -2.524045e+02 -3.629028e+01 -1.120000e+02
         vertex -2.524045e+02 -3.629028e+01 -8.000000e+01
      endloop
   endfacet
   facet normal -9.819285e-01 -1.892520e-01 -0.000000e+00
      outer loop
         vertex -2.524045e+02 -3.629028e+01 -8.000000e+01
         vertex -2.524045e+02 -3.629028e+01 -1.120000e+02
         vertex -2.478119e+02 -6.011853e+01 -1.120000e+02
      endloop
   endfacet
   facet normal -9.819285e-01 -1.892520e-01 0.000000e+00
      outer loop
         vertex -2.524045e+02 -3.629028e+01 -8.000000e+01
         vertex -2.478119e+02 -6.011853e+01 -1.120000e+02
         vertex -2.478119e+02 -6.011853e+01 -8.000000e+01
      endloop
   endfacet
   facet normal -9.594931e-01 -2.817321e-01 -0.000000e+00
      outer loop
         vertex -2.478119e+02 -6.011853e+01 -8.000000e+01
         vertex -2.478119e+02 -6.011853e+01 -1.120000e+02
         vertex -2.409752e+02 -8.340233e+01 -1.120000e+02
      endloop
   endfacet
   facet normal -9.594931e-01 -2.817321e-01 0.000000e+00
      outer loop
         vertex -2.478119e+02 -6.011853e+01 -8.000000e+01
         vertex -2.409752e+02 -8.340233e+01 -1.120000e+02
         vertex -2.409752e+02 -8.340233e+01 -8.000000e+01
      endloop
   endfacet
   facet normal -9.283678e-01 -3.716629e-01 -0.000000e+00
      outer loop
         vertex -2.409752e+02 -8.340233e+01 -8.000000e+01
         vertex -2.409752e+02 -8.340233e+01 -1.120000e+02
         vertex -2.319562e+02 -1.059308e+02 -1.120000e+02
      endloop
   endfacet
   facet normal -9.283678e-01 -3.716629e-01 0.000000e+00
      outer loop
         vertex -2.409752e+02 -8.340233e+01 -8.000000e+01
         vertex -2.319562e+02 -1.059308e+02 -1.120000e+02
         vertex -2.319562e+02 -1.059308e+02 -8.000000e+01
      endloop
   endfacet
   facet normal -8.888355e-01 -4.582265e-01 -0.000000e+00
      outer loop
         vertex -2.319562e+02 -1.059308e+02 -8.000000e+01
         vertex -2.319562e+02 -1.059308e+02 -1.120000e+02
         vertex -2.208365e+02 -1.275000e+02 -1.120000e+02
      endloop
   endfacet
   facet normal -8.888355e-01 -4.582265e-01 0.000000e+00
      outer loop
         vertex -2.319562e+02 -1.059308e+02 -8.000000e+01
         vertex -2.208365e+02 -1.275000e+02 -1.120000e+02
         vertex -2.208365e+02 -1.275000e+02 -8.000000e+01
      endloop
   endfacet
   facet normal -8.412536e-01 -5.406407e-01 -0.000000e+00
      outer loop
         vertex -2.208365e+02 -1.275000e+02 -8.000000e+01
         vertex -2.208365e+02 -1.275000e+02 -1.120000e+02
         vertex -2.077169e+02 -1.479145e+02 -1.120000e+02
      endloop
   endfacet
   facet normal -8.412536e-01 -5.406407e-01 0.000000e+00
      outer loop
         vertex -2.208365e+02 -1.275000e+02 -8.000000e+01
         vertex -2.077169e+02 -1.479145e+02 -1.120000e+02
         vertex -2.077169e+02 -1.479145e+02 -8.000000e+01
      endloop
   endfacet
   facet normal -7.860530e-01 -6.181591e-01 -0.000000e+00
      outer loop
         vertex -2.077169e+02 -1.479145e+02 -8.000000e+01
         vertex -2.077169e+02 -1.479145e+02 -1.120000e+02
         vertex -1.927161e+02 -1.669895e+02 -1.120000e+02
      endloop
   endfacet
   facet normal -7.860530e-01 -6.181591e-01 0.000000e+00
      outer loop
         vertex -2.077169e+02 -1.479145e+02 -8.000000e+01
         vertex -1.927161e+02 -1.669895e+02 -1.120000e+02
         vertex -1.927161e+02 -1.669895e+02 -8.000000e+01
      endloop
   endfacet
   facet normal -7.237341e-01 -6.900789e-01 -0.000000e+00
      outer loop
         vertex -1.927161e+02 -1.669895e+02 -8.000000e+01
         vertex -1.927161e+02 -1.669895e+02 -1.120000e+02
         vertex -1.759702e+02 -1.845522e+02 -1.120000e+02
      endloop
   endfacet
   facet normal -7.237341e-01 -6.900789e-01 0.000000e+00
      outer loop
         vertex -1.927161e+02 -1.669895e+02 -8.000000e+01
         vertex -1.759702e+02 -1.845522e+02 -1.120000e+02
         vertex -1.759702e+02 -1.845522e+02 -8.000000e+01
      endloop
   endfacet
   facet normal -6.548608e-01 -7.557496e-01 -0.000000e+00
      outer loop
         vertex -1.759702e+02 -1.845522e+02 -8.000000e+01
         vertex -1.759702e+02 -1.845522e+02 -1.120000e+02
         vertex -1.576305e+02 -2.004435e+02 -1.120000e+02
      endloop
   endfacet
   facet normal -6.548608e-01 -7.557496e-01 0.000000e+00
      outer loop
         vertex -1.759702e+02 -1.845522e+02 -8.000000e+01
         vertex -1.576305e+02 -2.004435e+02 -1.120000e+02
         vertex -1.576305e+02 -2.004435e+02 -8.000000e+01
      endloop
   endfacet
   facet normal -5.800569e-01 -8.145759e-01 -0.000000e+00
      outer loop
         vertex -1.576305e+02 -2.004435e+02 -8.000000e+01
         vertex -1.576305e+02 -2.004435e+02 -1.120000e+02
         vertex -1.378634e+02 -2.145196e+02 -1.120000e+02
      endloop
   endfacet
   facet normal -5.800569e-01 -8.145759e-01 0.000000e+00
      outer loop
         vertex -1.576305e+02 -2.004435e+02 -8.000000e+01
         vertex -1.378634e+02 -2.145196e+02 -1.120000e+02
         vertex -1.378634e+02 -2.145196e+02 -8.000000e+01
      endloop
   endfacet
   facet normal -4.999999e-01 -8.660254e-01 -0.000000e+00
      outer loop
         vertex -1.378634e+02 -2.145196e+02 -8.000000e+01
         vertex -1.378634e+02 -2.145196e+02 -1.120000e+02
         vertex -1.168478e+02 -2.266530e+02 -1.120000e+02
      endloop
   endfacet
   facet normal -4.999999e-01 -8.660254e-01 0.000000e+00
      outer loop
         vertex -1.378634e+02 -2.145196e+02 -8.000000e+01
         vertex -1.168478e+02 -2.266530e+02 -1.120000e+02
         vertex -1.168478e+02 -2.266530e+02 -8.000000e+01
      endloop
   endfacet
   facet normal -4.154151e-01 -9.096320e-01 -0.000000e+00
      outer loop
         vertex -1.168478e+02 -2.266530e+02 -8.000000e+01
         vertex -1.168478e+02 -2.266530e+02 -1.120000e+02
         vertex -9.477393e+01 -2.367338e+02 -1.120000e+02
      endloop
   endfacet
   facet normal -4.154151e-01 -9.096320e-01 0.000000e+00
      outer loop
         vertex -1.168478e+02 -2.266530e+02 -8.000000e+01
         vertex -9.477393e+01 -2.367338e+02 -1.120000e+02
         vertex -9.477393e+01 -2.367338e+02 -8.000000e+01
      endloop
   endfacet
   facet normal -3.270677e-01 -9.450009e-01 -0.000000e+00
      outer loop
         vertex -9.477393e+01 -2.367338e+02 -8.000000e+01
         vertex -9.477393e+01 -2.367338e+02 -1.120000e+02
         vertex -7.184180e+01 -2.446707e+02 -1.120000e+02
      endloop
   endfacet
   facet normal -3.270677e-01 -9.450009e-01 0.000000e+00
      outer loop
         vertex -9.477393e+01 -2.367338e+02 -8.000000e+01
         vertex -7.184180e+01 -2.446707e+02 -1.120000e+02
         vertex -7.184180e+01 -2.446707e+02 -8.000000e+01
      endloop
   endfacet
   facet normal -2.357589e-01 -9.718116e-01 -0.000000e+00
      outer loop
         vertex -7.184180e+01 -2.446707e+02 -8.000000e+01
         vertex -7.184180e+01 -2.446707e+02 -1.120000e+02
         vertex -4.825907e+01 -2.503918e+02 -1.120000e+02
      endloop
   endfacet
   facet normal -2.357589e-01 -9.718116e-01 0.000000e+00
      outer loop
         vertex -7.184180e+01 -2.446707e+02 -8.000000e+01
         vertex -4.825907e+01 -2.503918e+02 -1.120000e+02
         vertex -4.825907e+01 -2.503918e+02 -8.000000e+01
      endloop
   endfacet
   facet normal -1.423148e-01 -9.898214e-01 -0.000000e+00
      outer loop
         vertex -4.825907e+01 -2.503918e+02 -8.000000e+01
         vertex -4.825907e+01 -2.503918e+02 -1.120000e+02
         vertex -2.423929e+01 -2.538453e+02 -1.120000e+02
      endloop
   endfacet
   facet normal -1.423148e-01 -9.898214e-01 0.000000e+00
      outer loop
         vertex -4.825907e+01 -2.503918e+02 -8.000000e+01
         vertex -2.423929e+01 -2.538453e+02 -1.120000e+02
         vertex -2.423929e+01 -2.538453e+02 -8.000000e+01
      endloop
   endfacet
   facet normal -4.758198e-02 -9.988673e-01 -0.000000e+00
      outer loop
         vertex -2.423929e+01 -2.538453e+02 -8.000000e+01
         vertex -2.423929e+01 -2.538453e+02 -1.120000e+02
         vertex 3.122849e-14 -2.550000e+02 -1.120000e+02
      endloop
   endfacet
   facet normal -4.758198e-02 -9.988673e-01 0.000000e+00
      outer loop
         vertex -2.423929e+01 -2.538453e+02 -8.000000e+01
         vertex 3.122849e-14 -2.550000e+02 -1.120000e+02
         vertex 3.122849e-14 -2.550000e+02 -8.000000e+01
      endloop
   endfacet
   facet normal 4.758198e-02 -9.988673e-01 0.000000e+00
      outer loop
         vertex 3.122849e-14 -2.550000e+02 -8.000000e+01
         vertex 3.122849e-14 -2.550000e+02 -1.120000e+02
         vertex 2.423929e+01 -2.538453e+02 -1.120000e+02
      endloop
   endfacet
   facet normal 4.758198e-02 -9.988673e-01 0.000000e+00
      outer loop
         vertex 3.122849e-14 -2.550000e+02 -8.000000e+01
         vertex 2.423929e+01 -2.538453e+02 -1.120000e+02
         vertex 2.423929e+01 -2.538453e+02 -8.000000e+01
      endloop
   endfacet
   facet normal 1.423148e-01 -9.898214e-01 0.000000e+00
      outer loop
         vertex 2.423929e+01 -2.538453e+02 -8.000000e+01
         vertex 2.423929e+01 -2.538453e+02 -1.120000e+02
         vertex 4.825907e+01 -2.503918e+02 -1.120000e+02
      endloop
   endfacet
   facet normal 1.423148e-01 -9.898214e-01 0.000000e+00
      outer loop
         vertex 2.423929e+01 -2.538453e+02 -8.000000e+01
         vertex 4.825907e+01 -2.503918e+02 -1.120000e+02
         vertex 4.825907e+01 -2.503918e+02 -8.000000e+01
      endloop
   endfacet
   facet normal 2.357589e-01 -9.718116e-01 0.000000e+00
      outer loop
         vertex 4.825907e+01 -2.503918e+02 -8.000000e+01
         vertex 4.825907e+01 -2.503918e+02 -1.120000e+02
         vertex 7.184180e+01 -2.446707e+02 -1.120000e+02
      endloop
   endfacet
   facet normal 2.357589e-01 -9.718116e-01 0.000000e+00
      outer loop
         vertex 4.825907e+01 -2.503918e+02 -8.000000e+01
         vertex 7.184180e+01 -2.446707e+02 -1.120000e+02
         vertex 7.184180e+01 -2.446707e+02 -8.000000e+01
      endloop
   endfacet
   facet normal 3.270677e-01 -9.450009e-01 0.000000e+00
      outer loop
         vertex 7.184180e+01 -2.446707e+02 -8.000000e+01
         vertex 7.184180e+01 -2.446707e+02 -1.120000e+02
         vertex 9.477393e+01 -2.367338e+02 -1.120000e+02
      endloop
   endfacet
   facet normal 3.270677e-01 -9.450009e-01 0.000000e+00
      outer loop
         vertex 7.184180e+01 -2.446707e+02 -8.000000e+01
         vertex 9.477393e+01 -2.367338e+02 -1.120000e+02
         vertex 9.477393e+01 -2.367338e+02 -8.000000e+01
      endloop
   endfacet
   facet normal 4.154151e-01 -9.096320e-01 0.000000e+00
      outer loop
         vertex 9.477393e+01 -2.367338e+02 -8.000000e+01
         vertex 9.477393e+01 -2.367338e+02 -1.120000e+02
         vertex 1.168478e+02 -2.266530e+02 -1.120000e+02
      endloop
   endfacet
   facet normal 4.154151e-01 -9.096320e-01 0.000000e+00
      outer loop
         vertex 9.477393e+01 -2.367338e+02 -8.000000e+01
         vertex 1.168478e+02 -2.266530e+02 -1.120000e+02
         vertex 1.168478e+02 -2.266530e+02 -8.000000e+01
      endloop
   endfacet
   facet normal 4.999999e-01 -8.660254e-01 0.000000e+00
      outer loop
         vertex 1.168478e+02 -2.266530e+02 -8.000000e+01
         vertex 1.168478e+02 -2.266530e+02 -1.120000e+02
         vertex 1.378634e+02 -2.145196e+02 -1.120000e+02
      endloop
   endfacet
   facet normal 4.999999e-01 -8.660254e-01 0.000000e+00
      outer loop
         vertex 1.168478e+02 -2.266530e+02 -8.000000e+01
         vertex 1.378634e+02 -2.145196e+02 -1.120000e+02
         vertex 1.378634e+02 -2.145196e+02 -8.000000e+01
      endloop
   endfacet
   facet normal 5.800569e-01 -8.145759e-01 0.000000e+00
      outer loop
         vertex 1.378634e+02 -2.145196e+02 -8.000000e+01
         vertex 1.378634e+02 -2.145196e+02 -1.120000e+02
         vertex 1.576305e+02 -2.004435e+02 -1.120000e+02
      endloop
   endfacet
   facet normal 5.800569e-01 -8.145759e-01 0.000000e+00
      outer loop
         vertex 1.378634e+02 -2.145196e+02 -8.000000e+01
         vertex 1.576305e+02 -2.004435e+02 -1.120000e+02
         vertex 1.576305e+02 -2.004435e+02 -8.000000e+01
      endloop
   endfacet
   facet normal 6.548608e-01 -7.557496e-01 0.000000e+00
      outer loop
         vertex 1.576305e+02 -2.004435e+02 -8.000000e+01
         vertex 1.576305e+02 -2.004435e+02 -1.120000e+02
         vertex 1.759702e+02 -1.845522e+02 -1.120000e+02
      endloop
   endfacet
   facet normal 6.548608e-01 -7.557496e-01 0.000000e+00
      outer loop
         vertex 1.576305e+02 -2.004435e+02 -8.000000e+01
         vertex 1.759702e+02 -1.845522e+02 -1.120000e+02
         vertex 1.759702e+02 -1.845522e+02 -8.000000e+01
      endloop
   endfacet
   facet normal 7.237341e-01 -6.900789e-01 0.000000e+00
      outer loop
         vertex 1.759702e+02 -1.845522e+02 -8.000000e+01
         vertex 1.759702e+02 -1.845522e+02 -1.120000e+02
         vertex 1.927161e+02 -1.669895e+02 -1.120000e+02
      endloop
   endfacet
   facet normal 7.237341e-01 -6.900789e-01 0.000000e+00
      outer loop
         vertex 1.759702e+02 -1.845522e+02 -8.000000e+01
         vertex 1.927161e+02 -1.669895e+02 -1.120000e+02
         vertex 1.927161e+02 -1.669895e+02 -8.000000e+01
      endloop
   endfacet
   facet normal 7.860530e-01 -6.181591e-01 0.000000e+00
      outer loop
         vertex 1.927161e+02 -1.669895e+02 -8.000000e+01
         vertex 1.927161e+02 -1.669895e+02 -1.120000e+02
         vertex 2.077169e+02 -1.479145e+02 -1.120000e+02
      endloop
   endfacet
   facet normal 7.860530e-01 -6.181591e-01 0.000000e+00
      outer loop
         vertex 1.927161e+02 -1.669895e+02 -8.000000e+01
         vertex 2.077169e+02 -1.479145e+02 -1.120000e+02
         vertex 2.077169e+02 -1.479145e+02 -8.000000e+01
      endloop
   endfacet
   facet normal 8.412536e-01 -5.406407e-01 0.000000e+00
      outer loop
         vertex 2.077169e+02 -1.479145e+02 -8.000000e+01
         vertex 2.077169e+02 -1.479145e+02 -1.120000e+02
         vertex 2.208365e+02 -1.275000e+02 -1.120000e+02
      endloop
   endfacet
   facet normal 8.412536e-01 -5.406407e-01 0.000000e+00
      outer loop
         vertex 2.077169e+02 -1.479145e+02 -8.000000e+01
         vertex 2.208365e+02 -1.275000e+02 -1.120000e+02
         vertex 2.208365e+02 -1.275000e+02 -8.000000e+01
      endloop
   endfacet
   facet normal 8.888355e-01 -4.582265e-01 0.000000e+00
      outer loop
         vertex 2.208365e+02 -1.275000e+02 -8.000000e+01
         vertex 2.208365e+02 -1.275000e+02 -1.120000e+02
         vertex 2.319562e+02 -1.059308e+02 -1.120000e+02
      endloop
   endfacet
   facet normal 8.888355e-01 -4.582265e-01 0.000000e+00
      outer loop
         vertex 2.208365e+02 -1.275000e+02 -8.000000e+01
         vertex 2.319562e+02 -1.059308e+02 -1.120000e+02
         vertex 2.319562e+02 -1.059308e+02 -8.000000e+01
      endloop
   endfacet
   facet normal 9.283678e-01 -3.716629e-01 0.000000e+00
      outer loop
         vertex 2.319562e+02 -1.059308e+02 -8.000000e+01
         vertex 2.319562e+02 -1.059308e+02 -1.120000e+02
         vertex 2.409752e+02 -8.340233e+01 -1.120000e+02
      endloop
   endfacet
   facet normal 9.283678e-01 -3.716629e-01 0.000000e+00
      outer loop
         vertex 2.319562e+02 -1.059308e+02 -8.000000e+01
         vertex 2.409752e+02 -8.340233e+01 -1.120000e+02
         vertex 2.409752e+02 -8.340233e+01 -8.000000e+01
      endloop
   endfacet
   facet normal 9.594931e-01 -2.817321e-01 0.000000e+00
      outer loop
         vertex 2.409752e+02 -8.340233e+01 -8.000000e+01
         vertex 2.409752e+02 -8.340233e+01 -1.120000e+02
         vertex 2.478119e+02 -6.011853e+01 -1.120000e+02
      endloop
   endfacet
   facet normal 9.594931e-01 -2.817321e-01 0.000000e+00
      outer loop
         vertex 2.409752e+02 -8.340233e+01 -8.000000e+01
         vertex 2.478119e+02 -6.011853e+01 -1.120000e+02
         vertex 2.478119e+02 -6.011853e+01 -8.000000e+01
      endloop
   endfacet
   facet normal 9.819285e-01 -1.892520e-01 0.000000e+00
      outer loop
         vertex 2.478119e+02 -6.011853e+01 -8.000000e+01
         vertex 2.478119e+02 -6.011853e+01 -1.120000e+02
         vertex 2.524045e+02 -3.629028e+01 -1.120000e+02
      endloop
   endfacet
   facet normal 9.819285e-01 -1.892520e-01 0.000000e+00
      outer loop
         vertex 2.478119e+02 -6.011853e+01 -8.000000e+01
         vertex 2.524045e+02 -3.629028e+01 -1.120000e+02
         vertex 2.524045e+02 -3.629028e+01 -8.000000e+01
      endloop
   endfacet
   facet normal 9.954719e-01 -9.505588e-02 0.000000e+00
      outer loop
         vertex 2.524045e+02 -3.629028e+01 -8.000000e+01
         vertex 2.524045e+02 -3.629028e+01 -1.120000e+02
         vertex 2.547112e+02 -1.213339e+01 -1.120000e+02
      endloop
   endfacet
   facet normal 9.954719e-01 -9.505588e-02 0.000000e+00
      outer loop
         vertex 2.524045e+02 -3.629028e+01 -8.000000e+01
         vertex 2.547112e+02 -1.213339e+01 -1.120000e+02
         vertex 2.547112e+02 -1.213339e+01 -8.000000e+01
      endloop
   endfacet
   facet normal 1.000000e+00 0.000000e+00 0.000000e+00
      outer loop
         vertex 2.547112e+02 -1.213339e+01 -8.000000e+01
         vertex 2.547112e+02 -1.213339e+01 -1.120000e+02
         vertex 2.547112e+02 1.213339e+01 -1.120000e+02
      endloop
   endfacet
   facet normal 1.000000e+00 -0.000000e+00 0.000000e+00
      outer loop
         vertex 2.547112e+02 -1.213339e+01 -8.000000e+01
         vertex 2.547112e+02 1.213339e+01 -1.120000e+02
         vertex 2.547112e+02 1.213339e+01 -8.000000e+01
      endloop
   endfacet
   facet normal 9.954719e-01 9.505588e-02 0.000000e+00
      outer loop
         vertex 2.547112e+02 1.213339e+01 -8.000000e+01
         vertex 2.547112e+02 1.213339e+01 -1.120000e+02
         vertex 2.524045e+02 3.629028e+01 -1.120000e+02
      endloop
   endfacet
   facet normal 9.954719e-01 9.505588e-02 0.000000e+00
      outer loop
         vertex 2.547112e+02 1.213339e+01 -8.000000e+01
         vertex 2.524045e+02 3.629028e+01 -1.120000e+02
         vertex 2.524045e+02 3.629028e+01 -8.000000e+01
      endloop
   endfacet
   facet normal 9.819285e-01 1.892520e-01 0.000000e+00
      outer loop
         vertex 2.524045e+02 3.629028e+01 -8.000000e+01
         vertex 2.524045e+02 3.629028e+01 -1.120000e+02
         vertex 2.478119e+02 6.011853e+01 -1.120000e+02
      endloop
   endfacet
   facet normal 9.819285e-01 1.892520e-01 0.000000e+00
      outer loop
         vertex 2.524045e+02 3.629028e+01 -8.000000e+01
         vertex 2.478119e+02 6.011853e+01 -1.120000e+02
         vertex 2.478119e+02 6.011853e+01 -8.000000e+01
      endloop
   endfacet
   facet normal 9.594931e-01 2.817321e-01 0.000000e+00
      outer loop
         vertex 2.478119e+02 6.011853e+01 -8.000000e+01
         vertex 2.478119e+02 6.011853e+01 -1.120000e+02
         vertex 2.409752e+02 8.340233e+01 -1.120000e+02
      endloop
   endfacet
   facet normal 9.594931e-01 2.817321e-01 0.000000e+00
      outer loop
         vertex 2.478119e+02 6.011853e+01 -8.000000e+01
         vertex 2.409752e+02 8.340233e+01 -1.120000e+02
         vertex 2.409752e+02 8.340233e+01 -8.000000e+01
      endloop
   endfacet
   facet normal 9.283678e-01 3.716629e-01 0.000000e+00
      outer loop
         vertex 2.409752e+02 8.340233e+01 -8.000000e+01
         vertex 2.409752e+02 8.340233e+01 -1.120000e+02
         vertex 2.319562e+02 1.059308e+02 -1.120000e+02
      endloop
   endfacet
   facet normal 9.283678e-01 3.716629e-01 0.000000e+00
      outer loop
         vertex 2.409752e+02 8.340233e+01 -8.000000e+01
         vertex 2.319562e+02 1.059308e+02 -1.120000e+02
         vertex 2.319562e+02 1.059308e+02 -8.000000e+01
      endloop
   endfacet
   facet normal 8.888355e-01 4.582265e-01 0.000000e+00
      outer loop
         vertex 2.319562e+02 1.059308e+02 -8.000000e+01
         vertex 2.319562e+02 1.059308e+02 -1.120000e+02
         vertex 2.208365e+02 1.275000e+02 -1.120000e+02
      endloop
   endfacet
   facet normal 8.888355e-01 4.582265e-01 0.000000e+00
      outer loop
         vertex 2.319562e+02 1.059308e+02 -8.000000e+01
         vertex 2.208365e+02 1.275000e+02 -1.120000e+02
         vertex 2.208365e+02 1.275000e+02 -8.000000e+01
      endloop
   endfacet
   facet normal 8.412536e-01 5.406407e-01 0.000000e+00
      outer loop
         vertex 2.208365e+02 1.275000e+02 -8.000000e+01
         vertex 2.208365e+02 1.275000e+02 -1.120000e+02
         vertex 2.077169e+02 1.479145e+02 -1.120000e+02
      endloop
   endfacet
   facet normal 8.412536e-01 5.406407e-01 0.000000e+00
      outer loop
         vertex 2.208365e+02 1.275000e+02 -8.000000e+01
         vertex 2.077169e+02 1.479145e+02 -1.120000e+02
         vertex 2.077169e+02 1.479145e+02 -8.000000e+01
      endloop
   endfacet
   facet normal 7.860530e-01 6.181591e-01 0.000000e+00
      outer loop
         vertex 2.077169e+02 1.479145e+02 -8.000000e+01
         vertex 2.077169e+02 1.479145e+02 -1.120000e+02
         vertex 1.927161e+02 1.669895e+02 -1.120000e+02
      endloop
   endfacet
   facet normal 7.860530e-01 6.181591e-01 0.000000e+00
      outer loop
         vertex 2.077169e+02 1.479145e+02 -8.000000e+01
         vertex 1.927161e+02 1.669895e+02 -1.120000e+02
         vertex 1.927161e+02 1.669895e+02 -8.000000e+01
      endloop
   endfacet
   facet normal 7.237341e-01 6.900789e-01 0.000000e+00
      outer loop
         vertex 1.927161e+02 1.669895e+02 -8.000000e+01
         vertex 1.927161e+02 1.669895e+02 -1.120000e+02
         vertex 1.759702e+02 1.845522e+02 -1.120000e+02
      endloop
   endfacet
   facet normal 7.237341e-01 6.900789e-01 0.000000e+00
      outer loop
         vertex 1.927161e+02 1.669895e+02 -8.000000e+01
         vertex 1.759702e+02 1.845522e+02 -1.120000e+02
         vertex 1.759702e+02 1.845522e+02 -8.000000e+01
      endloop
   endfacet
   facet normal 6.548608e-01 7.557496e-01 0.000000e+00
      outer loop
         vertex 1.759702e+02 1.845522e+02 -8.000000e+01
         vertex 1.759702e+02 1.845522e+02 -1.120000e+02
         vertex 1.576305e+02 2.004435e+02 -1.120000e+02
      endloop
   endfacet
   facet normal 6.548608e-01 7.557496e-01 0.000000e+00
      outer loop
         vertex 1.759702e+02 1.845522e+02 -8.000000e+01
         vertex 1.576305e+02 2.004435e+02 -1.120000e+02
         vertex 1.576305e+02 2.004435e+02 -8.000000e+01
      endloop
   endfacet
   facet normal 5.800569e-01 8.145759e-01 0.000000e+00
      outer loop
         vertex 1.576305e+02 2.004435e+02 -8.000000e+01
         vertex 1.576305e+02 2.004435e+02 -1.120000e+02
         vertex 1.378634e+02 2.145196e+02 -1.120000e+02
      endloop
   endfacet
   facet normal 5.800569e-01 8.145759e-01 0.000000e+00
      outer loop
         vertex 1.576305e+02 2.004435e+02 -8.000000e+01
         vertex 1.378634e+02 2.145196e+02 -1.120000e+02
         vertex 1.378634e+02 2.145196e+02 -8.000000e+01
      endloop
   endfacet
   facet normal 4.999999e-01 8.660254e-01 0.000000e+00
      outer loop
         vertex 1.378634e+02 2.145196e+02 -8.000000e+01
         vertex 1.378634e+02 2.145196e+02 -1.120000e+02
         vertex 1.168478e+02 2.266530e+02 -1.120000e+02
      endloop
   endfacet
   facet normal 4.999999e-01 8.660254e-01 0.000000e+00
      outer loop
         vertex 1.378634e+02 2.145196e+02 -8.000000e+01
         vertex 1.168478e+02 2.266530e+02 -1.120000e+02
         vertex 1.168478e+02 2.266530e+02 -8.000000e+01
      endloop
   endfacet
   facet normal 4.154151e-01 9.096320e-01 0.000000e+00
      outer loop
         vertex 1.168478e+02 2.266530e+02 -8.000000e+01
         vertex 1.168478e+02 2.266530e+02 -1.120000e+02
         vertex 9.477393e+01 2.367338e+02 -1.120000e+02
      endloop
   endfacet
   facet normal 4.154151e-01 9.096320e-01 0.000000e+00
      outer loop
         vertex 1.168478e+02 2.266530e+02 -8.000000e+01
         vertex 9.477393e+01 2.367338e+02 -1.120000e+02
         vertex 9.477393e+01 2.367338e+02 -8.000000e+01
      endloop
   endfacet
   facet normal 3.270677e-01 9.450009e-01 0.000000e+00
      outer loop
         vertex 9.477393e+01 2.367338e+02 -8.000000e+01
         vertex 9.477393e+01 2.367338e+02 -1.120000e+02
         vertex 7.184180e+01 2.446707e+02 -1.120000e+02
      endloop
   endfacet
   facet normal 3.270677e-01 9.450009e-01 0.000000e+00
      outer loop
         vertex 9.477393e+01 2.367338e+02 -8.000000e+01
         vertex 7.184180e+01 2.446707e+02 -1.120000e+02
         vertex 7.184180e+01 2.446707e+02 -8.000000e+01
      endloop
   endfacet
   facet normal 2.357589e-01 9.718116e-01 0.000000e+00
      outer loop
         vertex 7.184180e+01 2.446707e+02 -8.000000e+01
         vertex 7.184180e+01 2.446707e+02 -1.120000e+02
         vertex 4.825907e+01 2.503918e+02 -1.120000e+02
      endloop
   endfacet
   facet normal 2.357589e-01 9.718116e-01 0.000000e+00
      outer loop
         vertex 7.184180e+01 2.446707e+02 -8.000000e+01
         vertex 4.825907e+01 2.503918e+02 -1.120000e+02
         vertex 4.825907e+01 2.503918e+02 -8.000000e+01
      endloop
   endfacet
   facet normal 1.423148e-01 9.898214e-01 0.000000e+00
      outer loop
         vertex 4.825907e+01 2.503918e+02 -8.000000e+01
         vertex 4.825907e+01 2.503918e+02 -1.120000e+02
         vertex 2.423929e+01 2.538453e+02 -1.120000e+02
      endloop
   endfacet
   facet normal 1.423148e-01 9.898214e-01 0.000000e+00
      outer loop
         vertex 4.825907e+01 2.503918e+02 -8.000000e+01
         vertex 2.423929e+01 2.538453e+02 -1.120000e+02
         vertex 2.423929e+01 2.538453e+02 -8.000000e+01
      endloop
   endfacet
   facet normal 4.758198e-02 9.988673e-01 0.000000e+00
      outer loop
         vertex 2.423929e+01 2.538453e+02 -8.000000e+01
         vertex 2.423929e+01 2.538453e+02 -1.120000e+02
         vertex 0.000000e+00 2.550000e+02 -1.120000e+02
      endloop
   endfacet
   facet normal 4.758198e-02 9.988673e-01 0.000000e+00
      outer loop
         vertex 2.423929e+01 2.538453e+02 -8.000000e+01
         vertex 0.000000e+00 2.550000e+02 -1.120000e+02
         vertex 0.000000e+00 2.550000e+02 -8.000000e+01
      endloop
   endfacet
   facet normal -4.758198e-02 9.988673e-01 0.000000e+00
      outer loop
         vertex 0.000000e+00 2.550000e+02 -8.000000e+01
         vertex 0.000000e+00 2.550000e+02 -1.120000e+02
         vertex -2.423929e+01 2.538453e+02 -1.120000e+02
      endloop
   endfacet
   facet normal -4.758198e-02 9.988673e-01 0.000000e+00
      outer loop
         vertex 0.000000e+00 2.550000e+02 -8.000000e+01
         vertex -2.423929e+01 2.538453e+02 -1.120000e+02
         vertex -2.423929e+01 2.538453e+02 -8.000000e+01
      endloop
   endfacet
   facet normal -1.423148e-01 9.898214e-01 0.000000e+00
      outer loop
         vertex -2.423929e+01 2.538453e+02 -8.000000e+01
         vertex -2.423929e+01 2.538453e+02 -1.120000e+02
         vertex -4.825907e+01 2.503918e+02 -1.120000e+02
      endloop
   endfacet
   facet normal -1.423148e-01 9.898214e-01 0.000000e+00
      outer loop
         vertex -2.423929e+01 2.538453e+02 -8.000000e+01
         vertex -4.825907e+01 2.503918e+02 -1.120000e+02
         vertex -4.825907e+01 2.503918e+02 -8.000000e+01
      endloop
   endfacet
   facet normal -2.357589e-01 9.718116e-01 0.000000e+00
      outer loop
         vertex -4.825907e+01 2.503918e+02 -8.000000e+01
         vertex -4.825907e+01 2.503918e+02 -1.120000e+02
         vertex -7.184180e+01 2.446707e+02 -1.120000e+02
      endloop
   endfacet
   facet normal -2.357589e-01 9.718116e-01 0.000000e+00
      outer loop
         vertex -4.825907e+01 2.503918e+02 -8.000000e+01
         vertex -7.184180e+01 2.446707e+02 -1.120000e+02
         vertex -7.184180e+01 2.446707e+02 -8.000000e+01
      endloop
   endfacet
   facet normal -3.270677e-01 9.450009e-01 0.000000e+00
      outer loop
         vertex -7.184180e+01 2.446707e+02 -8.000000e+01
         vertex -7.184180e+01 2.446707e+02 -1.120000e+02
         vertex -9.477393e+01 2.367338e+02 -1.120000e+02
      endloop
   endfacet
   facet normal -3.270677e-01 9.450009e-01 0.000000e+00
      outer loop
         vertex -7.184180e+01 2.446707e+02 -8.000000e+01
         vertex -9.477393e+01 2.367338e+02 -1.120000e+02
         vertex -9.477393e+01 2.367338e+02 -8.000000e+01
      endloop
   endfacet
   facet normal -4.154151e-01 9.096320e-01 0.000000e+00
      outer loop
         vertex -9.477393e+01 2.367338e+02 -8.000000e+01
         vertex -9.477393e+01 2.367338e+02 -1.120000e+02
         vertex -1.168478e+02 2.266530e+02 -1.120000e+02
      endloop
   endfacet
   facet normal -4.154151e-01 9.096320e-01 0.000000e+00
      outer loop
         vertex -9.477393e+01 2.367338e+02 -8.000000e+01
         vertex -1.168478e+02 2.266530e+02 -1.120000e+02
         vertex -1.168478e+02 2.266530e+02 -8.000000e+01
      endloop
   endfacet
   facet normal -4.999999e-01 8.660254e-01 0.000000e+00
      outer loop
         vertex -1.168478e+02 2.266530e+02 -8.000000e+01
         vertex -1.168478e+02 2.266530e+02 -1.120000e+02
         vertex -1.378634e+02 2.145196e+02 -1.120000e+02
      endloop
   endfacet
   facet normal -4.999999e-01 8.660254e-01 0.000000e+00
      outer loop
         vertex -1.168478e+02 2.266530e+02 -8.000000e+01
         vertex -1.378634e+02 2.145196e+02 -1.120000e+02
         vertex -1.378634e+02 2.145196e+02 -8.000000e+01
      endloop
   endfacet
   facet normal -5.800569e-01 8.145759e-01 0.000000e+00
      outer loop
         vertex -1.378634e+02 2.145196e+02 -8.000000e+01
         vertex -1.378634e+02 2.145196e+02 -1.120000e+02
         vertex -1.576305e+02 2.004435e+02 -1.120000e+02
      endloop
   endfacet
   facet normal -5.800569e-01 8.145759e-01 0.000000e+00
      outer loop
         vertex -1.378634e+02 2.145196e+02 -8.000000e+01
         vertex -1.576305e+02 2.004435e+02 -1.120000e+02
         vertex -1.576305e+02 2.004435e+02 -8.000000e+01
      endloop
   endfacet
   facet normal -6.548608e-01 7.557496e-01 0.000000e+00
      outer loop
         vertex -1.576305e+02 2.004435e+02 -8.000000e+01
         vertex -1.576305e+02 2.004435e+02 -1.120000e+02
         vertex -1.759702e+02 1.845522e+02 -1.120000e+02
      endloop
   endfacet
   facet normal -6.548608e-01 7.557496e-01 0.000000e+00
      outer loop
         vertex -1.576305e+02 2.004435e+02 -8.000000e+01
         vertex -1.759702e+02 1.845522e+02 -1.120000e+02
         vertex -1.759702e+02 1.845522e+02 -8.000000e+01
      endloop
   endfacet
   facet normal -7.237341e-01 6.900789e-01 0.000000e+00
      outer loop
         vertex -1.759702e+02 1.845522e+02 -8.000000e+01
         vertex -1.759702e+02 1.845522e+02 -1.120000e+02
         vertex -1.927161e+02 1.669895e+02 -1.120000e+02
      endloop
   endfacet
   facet normal -7.237341e-01 6.900789e-01 0.000000e+00
      outer loop
         vertex -1.759702e+02 1.845522e+02 -8.000000e+01
         vertex -1.927161e+02 1.669895e+02 -1.120000e+02
         vertex -1.927161e+02 1.669895e+02 -8.000000e+01
      endloop
   endfacet
   facet normal -7.860530e-01 6.181591e-01 0.000000e+00
      outer loop
         vertex -1.927161e+02 1.669895e+02 -8.000000e+01
         vertex -1.927161e+02 1.669895e+02 -1.120000e+02
         vertex -2.077169e+02 1.479145e+02 -1.120000e+02
      endloop
   endfacet
   facet normal -7.860530e-01 6.181591e-01 0.000000e+00
      outer loop
         vertex -1.927161e+02 1.669895e+02 -8.000000e+01
         vertex -2.077169e+02 1.479145e+02 -1.120000e+02
         vertex -2.077169e+02 1.479145e+02 -8.000000e+01
      endloop
   endfacet
   facet normal -8.412536e-01 5.406407e-01 0.000000e+00
      outer loop
         vertex -2.077169e+02 1.479145e+02 -8.000000e+01
         vertex -2.077169e+02 1.479145e+02 -1.120000e+02
         vertex -2.208365e+02 1.275000e+02 -1.120000e+02
      endloop
   endfacet
   facet normal -8.412536e-01 5.406407e-01 0.000000e+00
      outer loop
         vertex -2.077169e+02 1.479145e+02 -8.000000e+01
         vertex -2.208365e+02 1.275000e+02 -1.120000e+02
         vertex -2.208365e+02 1.275000e+02 -8.000000e+01
      endloop
   endfacet
   facet normal -8.888355e-01 4.582265e-01 0.000000e+00
      outer loop
         vertex -2.208365e+02 1.275000e+02 -8.000000e+01
         vertex -2.208365e+02 1.275000e+02 -1.120000e+02
         vertex -2.319562e+02 1.059308e+02 -1.120000e+02
      endloop
   endfacet
   facet normal -8.888355e-01 4.582265e-01 0.000000e+00
      outer loop
         vertex -2.208365e+02 1.275000e+02 -8.000000e+01
         vertex -2.319562e+02 1.059308e+02 -1.120000e+02
         vertex -2.319562e+02 1.059308e+02 -8.000000e+01
      endloop
   endfacet
   facet normal -9.283678e-01 3.716629e-01 0.000000e+00
      outer loop
         vertex -2.319562e+02 1.059308e+02 -8.000000e+01
         vertex -2.319562e+02 1.059308e+02 -1.120000e+02
         vertex -2.409752e+02 8.340233e+01 -1.120000e+02
      endloop
   endfacet
   facet normal -9.283678e-01 3.716629e-01 0.000000e+00
      outer loop
         vertex -2.319562e+02 1.059308e+02 -8.000000e+01
         vertex -2.409752e+02 8.340233e+01 -1.120000e+02
         vertex -2.409752e+02 8.340233e+01 -8.000000e+01
      endloop
   endfacet
   facet normal -9.594931e-01 2.817321e-01 0.000000e+00
      outer loop
         vertex -2.409752e+02 8.340233e+01 -8.000000e+01
         vertex -2.409752e+02 8.340233e+01 -1.120000e+02
         vertex -2.478119e+02 6.011853e+01 -1.120000e+02
      endloop
   endfacet
   facet normal -9.594931e-01 2.817321e-01 0.000000e+00
      outer loop
         vertex -2.409752e+02 8.340233e+01 -8.000000e+01
         vertex -2.478119e+02 6.011853e+01 -1.120000e+02
         vertex -2.478119e+02 6.011853e+01 -8.000000e+01
      endloop
   endfacet
   facet normal -9.819285e-01 1.892520e-01 0.000000e+00
      outer loop
         vertex -2.478119e+02 6.011853e+01 -8.000000e+01
         vertex -2.478119e+02 6.011853e+01 -1.120000e+02
         vertex -2.524045e+02 3.629028e+01 -1.120000e+02
      endloop
   endfacet
   facet normal -9.819285e-01 1.892520e-01 0.000000e+00
      outer loop
         vertex -2.478119e+02 6.011853e+01 -8.000000e+01
         vertex -2.524045e+02 3.629028e+01 -1.120000e+02
         vertex -2.524045e+02 3.629028e+01 -8.000000e+01
      endloop
   endfacet
   facet normal -9.954719e-01 9.505588e-02 0.000000e+00
      outer loop
         vertex -2.524045e+02 3.629028e+01 -8.000000e+01
         vertex -2.524045e+02 3.629028e+01 -1.120000e+02
         vertex -2.547112e+02 1.213339e+01 -1.120000e+02
      endloop
   endfacet
   facet normal -9.954719e-01 9.505588e-02 0.000000e+00
      outer loop
         vertex -2.524045e+02 3.629028e+01 -8.000000e+01
         vertex -2.547112e+02 1.213339e+01 -1.120000e+02
         vertex -2.547112e+02 1.213339e+01 -8.000000e+01
      endloop
   endfacet
   facet normal -9.997168e-01 2.379653e-02 0.000000e+00
      outer loop
         vertex -2.547112e+02 1.213339e+01 -8.000000e+01
         vertex -2.547112e+02 1.213339e+01 -1.120000e+02
         vertex -2.550000e+02 -3.654852e-14 -1.120000e+02
      endloop
   endfacet
   facet normal -9.999593e-01 0.000000e+00 9.025078e-03
      outer loop
         vertex -2.547112e+02 1.213339e+01 -8.000000e+01
         vertex -2.550000e+02 -3.654852e-14 -1.120000e+02
         vertex -2.547112e+02 -1.213339e+01 -8.000000e+01
      endloop
   endfacet
   facet normal 0.000000e+00 0.000000e+00 -1.000000e+00
      outer loop
         vertex -2.550000e+02 -9.900551e-14 -1.120000e+02
         vertex -2.547112e+02 1.213339e+01 -1.120000e+02
         vertex 0.000000e+00 1.377728e-14 -1.120000e+02
      endloop
   endfacet
   facet normal 0.000000e+00 0.000000e+00 -1.000000e+00
      outer loop
         vertex -2.478119e+02 -6.011853e+01 -1.120000e+02
         vertex -2.524045e+02 -3.629028e+01 -1.120000e+02
         vertex 0.000000e+00 1.377728e-14 -1.120000e+02
      endloop
   endfacet
   facet normal 0.000000e+00 0.000000e+00 -1.000000e+00
      outer loop
         vertex 0.000000e+00 1.377728e-14 -1.120000e+02
         vertex -2.524045e+02 -3.629028e+01 -1.120000e+02
         vertex -2.547112e+02 -1.213339e+01 -1.120000e+02
      endloop
   endfacet
   facet normal 0.000000e+00 0.000000e+00 -1.000000e+00
      outer loop
         vertex 0.000000e+00 1.377728e-14 -1.120000e+02
         vertex -2.547112e+02 -1.213339e+01 -1.120000e+02
         vertex -2.550000e+02 -9.900551e-14 -1.120000e+02
      endloop
   endfacet
   facet normal 0.000000e+00 0.000000e+00 -1.000000e+00
      outer loop
         vertex -2.208365e+02 -1.275000e+02 -1.120000e+02
         vertex -2.319562e+02 -1.059308e+02 -1.120000e+02
         vertex 0.000000e+00 1.377728e-14 -1.120000e+02
      endloop
   endfacet
   facet normal 0.000000e+00 0.000000e+00 -1.000000e+00
      outer loop
         vertex 0.000000e+00 1.377728e-14 -1.120000e+02
         vertex -2.319562e+02 -1.059308e+02 -1.120000e+02
         vertex -2.409752e+02 -8.340233e+01 -1.120000e+02
      endloop
   endfacet
   facet normal 0.000000e+00 0.000000e+00 -1.000000e+00
      outer loop
         vertex 0.000000e+00 1.377728e-14 -1.120000e+02
         vertex -2.409752e+02 -8.340233e+01 -1.120000e+02
         vertex -2.478119e+02 -6.011853e+01 -1.120000e+02
      endloop
   endfacet
   facet normal 0.000000e+00 0.000000e+00 -1.000000e+00
      outer loop
         vertex -1.759702e+02 -1.845522e+02 -1.120000e+02
         vertex -1.927161e+02 -1.669895e+02 -1.120000e+02
         vertex 0.000000e+00 1.377728e-14 -1.120000e+02
      endloop
   endfacet
   facet normal 0.000000e+00 0.000000e+00 -1.000000e+00
      outer loop
         vertex 0.000000e+00 1.377728e-14 -1.120000e+02
         vertex -1.927161e+02 -1.669895e+02 -1.120000e+02
         vertex -2.077169e+02 -1.479145e+02 -1.120000e+02
      endloop
   endfacet
   facet normal 0.000000e+00 0.000000e+00 -1.000000e+00
      outer loop
         vertex 0.000000e+00 1.377728e-14 -1.120000e+02
         vertex -2.077169e+02 -1.479145e+02 -1.120000e+02
         vertex -2.208365e+02 -1.275000e+02 -1.120000e+02
      endloop
   endfacet
   facet normal 0.000000e+00 0.000000e+00 -1.000000e+00
      outer loop
         vertex -1.168478e+02 -2.266530e+02 -1.120000e+02
         vertex -1.378634e+02 -2.145196e+02 -1.120000e+02
         vertex 0.000000e+00 1.377728e-14 -1.120000e+02
      endloop
   endfacet
   facet normal 0.000000e+00 0.000000e+00 -1.000000e+00
      outer loop
         vertex 0.000000e+00 1.377728e-14 -1.120000e+02
         vertex -1.378634e+02 -2.145196e+02 -1.120000e+02
         vertex -1.576305e+02 -2.004435e+02 -1.120000e+02
      endloop
   endfacet
   facet normal 0.000000e+00 0.000000e+00 -1.000000e+00
      outer loop
         vertex 0.000000e+00 1.377728e-14 -1.120000e+02
         vertex -1.576305e+02 -2.004435e+02 -1.120000e+02
         vertex -1.759702e+02 -1.845522e+02 -1.120000e+02
      endloop
   endfacet
   facet normal 0.000000e+00 0.000000e+00 -1.000000e+00
      outer loop
         vertex -4.825907e+01 -2.503918e+02 -1.120000e+02
         vertex -7.184180e+01 -2.446707e+02 -1.120000e+02
         vertex 0.000000e+00 1.377728e-14 -1.120000e+02
      endloop
   endfacet
   facet normal 0.000000e+00 0.000000e+00 -1.000000e+00
      outer loop
         vertex 0.000000e+00 1.377728e-14 -1.120000e+02
         vertex -7.184180e+01 -2.446707e+02 -1.120000e+02
         vertex -9.477393e+01 -2.367338e+02 -1.120000e+02
      endloop
   endfacet
   facet normal 0.000000e+00 0.000000e+00 -1.000000e+00
      outer loop
         vertex 0.000000e+00 1.377728e-14 -1.120000e+02
         vertex -9.477393e+01 -2.367338e+02 -1.120000e+02
         vertex -1.168478e+02 -2.266530e+02 -1.120000e+02
      endloop
   endfacet
   facet normal -0.000000e+00 0.000000e+00 -1.000000e+00
      outer loop
         vertex 2.423929e+01 -2.538453e+02 -1.120000e+02
         vertex 3.122849e-14 -2.550000e+02 -1.120000e+02
         vertex 0.000000e+00 1.377728e-14 -1.120000e+02
      endloop
   endfacet
   facet normal 0.000000e+00 -0.000000e+00 -1.000000e+00
      outer loop
         vertex 0.000000e+00 1.377728e-14 -1.120000e+02
         vertex 3.122849e-14 -2.550000e+02 -1.120000e+02
         vertex -2.423929e+01 -2.538453e+02 -1.120000e+02
      endloop
   endfacet
   facet normal 0.000000e+00 0.000000e+00 -1.000000e+00
      outer loop
         vertex 0.000000e+00 1.377728e-14 -1.120000e+02
         vertex -2.423929e+01 -2.538453e+02 -1.120000e+02
         vertex -4.825907e+01 -2.503918e+02 -1.120000e+02
      endloop
   endfacet
   facet normal -0.000000e+00 0.000000e+00 -1.000000e+00
      outer loop
         vertex 9.477393e+01 -2.367338e+02 -1.120000e+02
         vertex 7.184180e+01 -2.446707e+02 -1.120000e+02
         vertex 0.000000e+00 1.377728e-14 -1.120000e+02
      endloop
   endfacet
   facet normal 0.000000e+00 0.000000e+00 -1.000000e+00
      outer loop
         vertex 0.000000e+00 1.377728e-14 -1.120000e+02
         vertex 7.184180e+01 -2.446707e+02 -1.120000e+02
         vertex 4.825907e+01 -2.503918e+02 -1.120000e+02
      endloop
   endfacet
   facet normal 0.000000e+00 0.000000e+00 -1.000000e+00
      outer loop
         vertex 0.000000e+00 1.377728e-14 -1.120000e+02
         vertex 4.825907e+01 -2.503918e+02 -1.120000e+02
         vertex 2.423929e+01 -2.538453e+02 -1.120000e+02
      endloop
   endfacet
   facet normal -0.000000e+00 0.000000e+00 -1.000000e+00
      outer loop
         vertex 1.576305e+02 -2.004435e+02 -1.120000e+02
         vertex 1.378634e+02 -2.145196e+02 -1.120000e+02
         vertex 0.000000e+00 1.377728e-14 -1.120000e+02
      endloop
   endfacet
   facet normal 0.000000e+00 0.000000e+00 -1.000000e+00
      outer loop
         vertex 0.000000e+00 1.377728e-14 -1.120000e+02
         vertex 1.378634e+02 -2.145196e+02 -1.120000e+02
         vertex 1.168478e+02 -2.266530e+02 -1.120000e+02
      endloop
   endfacet
   facet normal 0.000000e+00 0.000000e+00 -1.000000e+00
      outer loop
         vertex 0.000000e+00 1.377728e-14 -1.120000e+02
         vertex 1.168478e+02 -2.266530e+02 -1.120000e+02
         vertex 9.477393e+01 -2.367338e+02 -1.120000e+02
      endloop
   endfacet
   facet normal -0.000000e+00 0.000000e+00 -1.000000e+00
      outer loop
         vertex 2.077169e+02 -1.479145e+02 -1.120000e+02
         vertex 1.927161e+02 -1.669895e+02 -1.120000e+02
         vertex 0.000000e+00 1.377728e-14 -1.120000e+02
      endloop
   endfacet
   facet normal 0.000000e+00 0.000000e+00 -1.000000e+00
      outer loop
         vertex 0.000000e+00 1.377728e-14 -1.120000e+02
         vertex 1.927161e+02 -1.669895e+02 -1.120000e+02
         vertex 1.759702e+02 -1.845522e+02 -1.120000e+02
      endloop
   endfacet
   facet normal 0.000000e+00 0.000000e+00 -1.000000e+00
      outer loop
         vertex 0.000000e+00 1.377728e-14 -1.120000e+02
         vertex 1.759702e+02 -1.845522e+02 -1.120000e+02
         vertex 1.576305e+02 -2.004435e+02 -1.120000e+02
      endloop
   endfacet
   facet normal -0.000000e+00 0.000000e+00 -1.000000e+00
      outer loop
         vertex 2.409752e+02 -8.340233e+01 -1.120000e+02
         vertex 2.319562e+02 -1.059308e+02 -1.120000e+02
         vertex 0.000000e+00 1.377728e-14 -1.120000e+02
      endloop
   endfacet
   facet normal 0.000000e+00 0.000000e+00 -1.000000e+00
      outer loop
         vertex 0.000000e+00 1.377728e-14 -1.120000e+02
         vertex 2.319562e+02 -1.059308e+02 -1.120000e+02
         vertex 2.208365e+02 -1.275000e+02 -1.120000e+02
      endloop
   endfacet
   facet normal 0.000000e+00 0.000000e+00 -1.000000e+00
      outer loop
         vertex 0.000000e+00 1.377728e-14 -1.120000e+02
         vertex 2.208365e+02 -1.275000e+02 -1.120000e+02
         vertex 2.077169e+02 -1.479145e+02 -1.120000e+02
      endloop
   endfacet
   facet normal -0.000000e+00 0.000000e+00 -1.000000e+00
      outer loop
         vertex 2.547112e+02 -1.213339e+01 -1.120000e+02
         vertex 2.524045e+02 -3.629028e+01 -1.120000e+02
         vertex 0.000000e+00 1.377728e-14 -1.120000e+02
      endloop
   endfacet
   facet normal 0.000000e+00 0.000000e+00 -1.000000e+00
      outer loop
         vertex 0.000000e+00 1.377728e-14 -1.120000e+02
         vertex 2.524045e+02 -3.629028e+01 -1.120000e+02
         vertex 2.478119e+02 -6.011853e+01 -1.120000e+02
      endloop
   endfacet
   facet normal 0.000000e+00 0.000000e+00 -1.000000e+00
      outer loop
         vertex 0.000000e+00 1.377728e-14 -1.120000e+02
         vertex 2.478119e+02 -6.011853e+01 -1.120000e+02
         vertex 2.409752e+02 -8.340233e+01 -1.120000e+02
      endloop
   endfacet
   facet normal 0.000000e+00 -0.000000e+00 -1.000000e+00
      outer loop
         vertex 2.478119e+02 6.011853e+01 -1.120000e+02
         vertex 2.524045e+02 3.629028e+01 -1.120000e+02
         vertex 0.000000e+00 1.377728e-14 -1.120000e+02
      endloop
   endfacet
   facet normal 0.000000e+00 0.000000e+00 -1.000000e+00
      outer loop
         vertex 0.000000e+00 1.377728e-14 -1.120000e+02
         vertex 2.524045e+02 3.629028e+01 -1.120000e+02
         vertex 2.547112e+02 1.213339e+01 -1.120000e+02
      endloop
   endfacet
   facet normal 0.000000e+00 0.000000e+00 -1.000000e+00
      outer loop
         vertex 0.000000e+00 1.377728e-14 -1.120000e+02
         vertex 2.547112e+02 1.213339e+01 -1.120000e+02
         vertex 2.547112e+02 -1.213339e+01 -1.120000e+02
      endloop
   endfacet
   facet normal 0.000000e+00 -0.000000e+00 -1.000000e+00
      outer loop
         vertex 2.208365e+02 1.275000e+02 -1.120000e+02
         vertex 2.319562e+02 1.059308e+02 -1.120000e+02
         vertex 0.000000e+00 1.377728e-14 -1.120000e+02
      endloop
   endfacet
   facet normal 0.000000e+00 0.000000e+00 -1.000000e+00
      outer loop
         vertex 0.000000e+00 1.377728e-14 -1.120000e+02
         vertex 2.319562e+02 1.059308e+02 -1.120000e+02
         vertex 2.409752e+02 8.340233e+01 -1.120000e+02
      endloop
   endfacet
   facet normal 0.000000e+00 0.000000e+00 -1.000000e+00
      outer loop
         vertex 0.000000e+00 1.377728e-14 -1.120000e+02
         vertex 2.409752e+02 8.340233e+01 -1.120000e+02
         vertex 2.478119e+02 6.011853e+01 -1.120000e+02
      endloop
   endfacet
   facet normal 0.000000e+00 -0.000000e+00 -1.000000e+00
      outer loop
         vertex 1.759702e+02 1.845522e+02 -1.120000e+02
         vertex 1.927161e+02 1.669895e+02 -1.120000e+02
         vertex 0.000000e+00 1.377728e-14 -1.120000e+02
      endloop
   endfacet
   facet normal 0.000000e+00 0.000000e+00 -1.000000e+00
      outer loop
         vertex 0.000000e+00 1.377728e-14 -1.120000e+02
         vertex 1.927161e+02 1.669895e+02 -1.120000e+02
         vertex 2.077169e+02 1.479145e+02 -1.120000e+02
      endloop
   endfacet
   facet normal 0.000000e+00 0.000000e+00 -1.000000e+00
      outer loop
         vertex 0.000000e+00 1.377728e-14 -1.120000e+02
         vertex 2.077169e+02 1.479145e+02 -1.120000e+02
         vertex 2.208365e+02 1.275000e+02 -1.120000e+02
      endloop
   endfacet
   facet normal 0.000000e+00 -0.000000e+00 -1.000000e+00
      outer loop
         vertex 1.168478e+02 2.266530e+02 -1.120000e+02
         vertex 1.378634e+02 2.145196e+02 -1.120000e+02
         vertex 0.000000e+00 1.377728e-14 -1.120000e+02
      endloop
   endfacet
   facet normal 0.000000e+00 0.000000e+00 -1.000000e+00
      outer loop
         vertex 0.000000e+00 1.377728e-14 -1.120000e+02
         vertex 1.378634e+02 2.145196e+02 -1.120000e+02
         vertex 1.576305e+02 2.004435e+02 -1.120000e+02
      endloop
   endfacet
   facet normal 0.000000e+00 0.000000e+00 -1.000000e+00
      outer loop
         vertex 0.000000e+00 1.377728e-14 -1.120000e+02
         vertex 1.576305e+02 2.004435e+02 -1.120000e+02
         vertex 1.759702e+02 1.845522e+02 -1.120000e+02
      endloop
   endfacet
   facet normal 0.000000e+00 -0.000000e+00 -1.000000e+00
      outer loop
         vertex 4.825907e+01 2.503918e+02 -1.120000e+02
         vertex 7.184180e+01 2.446707e+02 -1.120000e+02
         vertex 0.000000e+00 1.377728e-14 -1.120000e+02
      endloop
   endfacet
   facet normal 0.000000e+00 0.000000e+00 -1.000000e+00
      outer loop
         vertex 0.000000e+00 1.377728e-14 -1.120000e+02
         vertex 7.184180e+01 2.446707e+02 -1.120000e+02
         vertex 9.477393e+01 2.367338e+02 -1.120000e+02
      endloop
   endfacet
   facet normal 0.000000e+00 0.000000e+00 -1.000000e+00
      outer loop
         vertex 0.000000e+00 1.377728e-14 -1.120000e+02
         vertex 9.477393e+01 2.367338e+02 -1.120000e+02
         vertex 1.168478e+02 2.266530e+02 -1.120000e+02
      endloop
   endfacet
   facet normal 0.000000e+00 0.000000e+00 -1.000000e+00
      outer loop
         vertex -2.423929e+01 2.538453e+02 -1.120000e+02
         vertex -6.245699e-14 2.550000e+02 -1.120000e+02
         vertex 0.000000e+00 1.377728e-14 -1.120000e+02
      endloop
   endfacet
   facet normal 0.000000e+00 0.000000e+00 -1.000000e+00
      outer loop
         vertex 0.000000e+00 1.377728e-14 -1.120000e+02
         vertex -6.245699e-14 2.550000e+02 -1.120000e+02
         vertex 2.423929e+01 2.538453e+02 -1.120000e+02
      endloop
   endfacet
   facet normal 0.000000e+00 0.000000e+00 -1.000000e+00
      outer loop
         vertex 0.000000e+00 1.377728e-14 -1.120000e+02
         vertex 2.423929e+01 2.538453e+02 -1.120000e+02
         vertex 4.825907e+01 2.503918e+02 -1.120000e+02
      endloop
   endfacet
   facet normal 0.000000e+00 0.000000e+00 -1.000000e+00
      outer loop
         vertex -9.477393e+01 2.367338e+02 -1.120000e+02
         vertex -7.184180e+01 2.446707e+02 -1.120000e+02
         vertex 0.000000e+00 1.377728e-14 -1.120000e+02
      endloop
   endfacet
   facet normal 0.000000e+00 0.000000e+00 -1.000000e+00
      outer loop
         vertex 0.000000e+00 1.377728e-14 -1.120000e+02
         vertex -7.184180e+01 2.446707e+02 -1.120000e+02
         vertex -4.825907e+01 2.503918e+02 -1.120000e+02
      endloop
   endfacet
   facet normal 0.000000e+00 0.000000e+00 -1.000000e+00
      outer loop
         vertex 0.000000e+00 1.377728e-14 -1.120000e+02
         vertex -4.825907e+01 2.503918e+02 -1.120000e+02
         vertex -2.423929e+01 2.538453e+02 -1.120000e+02
      endloop
   endfacet
   facet normal 0.000000e+00 0.000000e+00 -1.000000e+00
      outer loop
         vertex -1.576305e+02 2.004435e+02 -1.120000e+02
         vertex -1.378634e+02 2.145196e+02 -1.120000e+02
         vertex 0.000000e+00 1.377728e-14 -1.120000e+02
      endloop
   endfacet
   facet normal 0.000000e+00 0.000000e+00 -1.000000e+00
      outer loop
         vertex 0.000000e+00 1.377728e-14 -1.120000e+02
         vertex -1.378634e+02 2.145196e+02 -1.120000e+02
         vertex -1.168478e+02 2.266530e+02 -1.120000e+02
      endloop
   endfacet
   facet normal 0.000000e+00 0.000000e+00 -1.000000e+00
      outer loop
         vertex 0.000000e+00 1.377728e-14 -1.120000e+02
         vertex -1.168478e+02 2.266530e+02 -1.120000e+02
         vertex -9.477393e+01 2.367338e+02 -1.120000e+02
      endloop
   endfacet
   facet normal 0.000000e+00 0.000000e+00 -1.000000e+00
      outer loop
         vertex -2.077169e+02 1.479145e+02 -1.120000e+02
         vertex -1.927161e+02 1.669895e+02 -1.120000e+02
         vertex 0.000000e+00 1.377728e-14 -1.120000e+02
      endloop
   endfacet
   facet normal 0.000000e+00 0.000000e+00 -1.000000e+00
      outer loop
         vertex 0.000000e+00 1.377728e-14 -1.120000e+02
         vertex -1.927161e+02 1.669895e+02 -1.120000e+02
         vertex -1.759702e+02 1.845522e+02 -1.120000e+02
      endloop
   endfacet
   facet normal 0.000000e+00 0.000000e+00 -1.000000e+00
      outer loop
         vertex 0.000000e+00 1.377728e-14 -1.120000e+02
         vertex -1.759702e+02 1.845522e+02 -1.120000e+02
         vertex -1.576305e+02 2.004435e+02 -1.120000e+02
      endloop
   endfacet
   facet normal 0.000000e+00 0.000000e+00 -1.000000e+00
      outer loop
         vertex -2.409752e+02 8.340233e+01 -1.120000e+02
         vertex -2.319562e+02 1.059308e+02 -1.120000e+02
         vertex 0.000000e+00 1.377728e-14 -1.120000e+02
      endloop
   endfacet
   facet normal 0.000000e+00 0.000000e+00 -1.000000e+00
      outer loop
         vertex 0.000000e+00 1.377728e-14 -1.120000e+02
         vertex -2.319562e+02 1.059308e+02 -1.120000e+02
         vertex -2.208365e+02 1.275000e+02 -1.120000e+02
      endloop
   endfacet
   facet normal 0.000000e+00 0.000000e+00 -1.000000e+00
      outer loop
         vertex 0.000000e+00 1.377728e-14 -1.120000e+02
         vertex -2.208365e+02 1.275000e+02 -1.120000e+02
         vertex -2.077169e+02 1.479145e+02 -1.120000e+02
      endloop
   endfacet
   facet normal 0.000000e+00 0.000000e+00 -1.000000e+00
      outer loop
         vertex -2.547112e+02 1.213339e+01 -1.120000e+02
         vertex -2.524045e+02 3.629028e+01 -1.120000e+02
         vertex 0.000000e+00 1.377728e-14 -1.120000e+02
      endloop
   endfacet
   facet normal 0.000000e+00 0.000000e+00 -1.000000e+00
      outer loop
         vertex 0.000000e+00 1.377728e-14 -1.120000e+02
         vertex -2.524045e+02 3.629028e+01 -1.120000e+02
         vertex -2.478119e+02 6.011853e+01 -1.120000e+02
      endloop
   endfacet
   facet normal 0.000000e+00 0.000000e+00 -1.000000e+00
      outer loop
         vertex 0.000000e+00 1.377728e-14 -1.120000e+02
         vertex -2.478119e+02 6.011853e+01 -1.120000e+02
         vertex -2.409752e+02 8.340233e+01 -1.120000e+02
      endloop
   endfacet
   facet normal 2.940858e-01 -1.095639e-06 -9.557790e-01
      outer loop
         vertex 2.499500e+02 5.000000e+00 -7.201539e+01
         vertex 3.800000e+02 5.000000e+00 -3.200001e+01
         vertex 2.500000e+02 -3.219767e-14 -7.200000e+01
      endloop
   endfacet
   facet normal 2.940858e-01 0.000000e+00 -9.557790e-01
      outer loop
         vertex 2.500000e+02 -3.219767e-14 -7.200000e+01
         vertex 3.800000e+02 5.000000e+00 -3.200001e+01
         vertex 3.800000e+02 -5.000000e+00 -3.200001e+01
      endloop
   endfacet
   facet normal 2.940858e-01 1.095639e-06 -9.557790e-01
      outer loop
         vertex 2.500000e+02 -3.219767e-14 -7.200000e+01
         vertex 3.800000e+02 -5.000000e+00 -3.200001e+01
         vertex 2.499500e+02 -5.000000e+00 -7.201539e+01
      endloop
   endfacet
   facet normal -0.000000e+00 1.000000e+00 0.000000e+00
      outer loop
         vertex 2.499500e+02 5.000000e+00 -3.200001e+01
         vertex 3.800000e+02 5.000000e+00 -3.200001e+01
         vertex 2.499500e+02 5.000000e+00 -7.201539e+01
      endloop
   endfacet
   facet normal 0.000000e+00 -1.000000e+00 0.000000e+00
      outer loop
         vertex 2.499500e+02 -5.000000e+00 -3.200001e+01
         vertex 2.499500e+02 -5.000000e+00 -7.201539e+01
         vertex 3.800000e+02 -5.000000e+00 -3.200001e+01
      endloop
   endfacet
   facet normal 2.817315e-01 8.434354e-02 -9.557790e-01
      outer loop
         vertex 2.394974e+02 7.170081e+01 -7.200000e+01
         vertex 2.380155e+02 7.647642e+01 -7.201539e+01
         vertex 3.626020e+02 1.137752e+02 -3.200001e+01
      endloop
   endfacet
   facet normal 2.817344e-01 8.433498e-02 -9.557789e-01
      outer loop
         vertex 2.394974e+02 7.170081e+01 -7.200000e+01
         vertex 3.626020e+02 1.137752e+02 -3.200001e+01
         vertex 2.395615e+02 7.148642e+01 -7.200003e+01
      endloop
   endfacet
   facet normal 2.817312e-01 8.434458e-02 -9.557790e-01
      outer loop
         vertex 2.395615e+02 7.148642e+01 -7.200003e+01
         vertex 3.626020e+02 1.137752e+02 -3.200001e+01
         vertex 3.654700e+02 1.041953e+02 -3.200001e+01
      endloop
   endfacet
   facet normal 2.817307e-01 8.434617e-02 -9.557790e-01
      outer loop
         vertex 2.395615e+02 7.148642e+01 -7.200003e+01
         vertex 3.654700e+02 1.041953e+02 -3.200001e+01
         vertex 2.408835e+02 6.689652e+01 -7.201539e+01
      endloop
   endfacet
   facet normal -2.868032e-01 9.579895e-01 0.000000e+00
      outer loop
         vertex 2.380155e+02 7.647642e+01 -3.200001e+01
         vertex 3.626020e+02 1.137752e+02 -3.200001e+01
         vertex 2.380155e+02 7.647642e+01 -7.201539e+01
      endloop
   endfacet
   facet normal 2.868032e-01 -9.579895e-01 0.000000e+00
      outer loop
         vertex 2.408835e+02 6.689652e+01 -3.200001e+01
         vertex 2.408835e+02 6.689652e+01 -7.201539e+01
         vertex 3.654700e+02 1.041953e+02 -3.200001e+01
      endloop
   endfacet
   facet normal 2.457059e-01 1.616016e-01 -9.557790e-01
      outer loop
         vertex 2.088719e+02 1.373772e+02 -7.200000e+01
         vertex 2.060826e+02 1.415272e+02 -7.201539e+01
         vertex 3.147378e+02 2.129909e+02 -3.200001e+01
      endloop
   endfacet
   facet normal 2.457099e-01 1.615960e-01 -9.557789e-01
      outer loop
         vertex 2.088719e+02 1.373772e+02 -7.200000e+01
         vertex 3.147378e+02 2.129909e+02 -3.200001e+01
         vertex 2.091175e+02 1.370031e+02 -7.200012e+01
      endloop
   endfacet
   facet normal 2.457048e-01 1.616031e-01 -9.557790e-01
      outer loop
         vertex 2.091175e+02 1.370031e+02 -7.200012e+01
         vertex 3.147378e+02 2.129909e+02 -3.200001e+01
         vertex 3.202329e+02 2.046360e+02 -3.200001e+01
      endloop
   endfacet
   facet normal 2.457038e-01 1.616048e-01 -9.557790e-01
      outer loop
         vertex 2.091175e+02 1.370031e+02 -7.200012e+01
         vertex 3.202329e+02 2.046360e+02 -3.200001e+01
         vertex 2.115777e+02 1.331723e+02 -7.201539e+01
      endloop
   endfacet
   facet normal -5.495090e-01 8.354878e-01 0.000000e+00
      outer loop
         vertex 2.060826e+02 1.415272e+02 -3.200001e+01
         vertex 3.147378e+02 2.129909e+02 -3.200001e+01
         vertex 2.060826e+02 1.415272e+02 -7.201539e+01
      endloop
   endfacet
   facet normal 5.495089e-01 -8.354879e-01 0.000000e+00
      outer loop
         vertex 2.115777e+02 1.331723e+02 -3.200001e+01
         vertex 2.115777e+02 1.331723e+02 -7.201539e+01
         vertex 3.202329e+02 2.046360e+02 -3.200001e+01
      endloop
   endfacet
   facet normal 1.890356e-01 2.252820e-01 -9.557790e-01
      outer loop
         vertex 1.606969e+02 1.915111e+02 -7.200000e+01
         vertex 1.568345e+02 1.946867e+02 -7.201539e+01
         vertex 2.404291e+02 2.943108e+02 -3.200001e+01
      endloop
   endfacet
   facet normal 1.890293e-01 2.252870e-01 -9.557791e-01
      outer loop
         vertex 1.606969e+02 1.915111e+02 -7.200000e+01
         vertex 2.404291e+02 2.943108e+02 -3.200001e+01
         vertex 1.612106e+02 1.910789e+02 -7.200028e+01
      endloop
   endfacet
   facet normal 1.890350e-01 2.252826e-01 -9.557790e-01
      outer loop
         vertex 1.612106e+02 1.910789e+02 -7.200028e+01
         vertex 2.404291e+02 2.943108e+02 -3.200001e+01
         vertex 2.480895e+02 2.878830e+02 -3.200001e+01
      endloop
   endfacet
   facet normal 1.890346e-01 2.252830e-01 -9.557790e-01
      outer loop
         vertex 1.612106e+02 1.910789e+02 -7.200028e+01
         vertex 2.480895e+02 2.878830e+02 -3.200001e+01
         vertex 1.644950e+02 1.882589e+02 -7.201539e+01
      endloop
   endfacet
   facet normal -7.660445e-01 6.427876e-01 0.000000e+00
      outer loop
         vertex 1.568345e+02 1.946867e+02 -3.200001e+01
         vertex 2.404291e+02 2.943108e+02 -3.200001e+01
         vertex 1.568345e+02 1.946867e+02 -7.201539e+01
      endloop
   endfacet
   facet normal 7.660444e-01 -6.427876e-01 0.000000e+00
      outer loop
         vertex 1.644950e+02 1.882589e+02 -3.200001e+01
         vertex 1.644950e+02 1.882589e+02 -7.201539e+01
         vertex 2.480895e+02 2.878830e+02 -3.200001e+01
      endloop
   endfacet
   facet normal 2.817315e-01 -8.434354e-02 -9.557790e-01
      outer loop
         vertex 3.626020e+02 -1.137752e+02 -3.200001e+01
         vertex 2.380155e+02 -7.647642e+01 -7.201539e+01
         vertex 2.394974e+02 -7.170081e+01 -7.200000e+01
      endloop
   endfacet
   facet normal 2.817312e-01 -8.434459e-02 -9.557790e-01
      outer loop
         vertex 3.626020e+02 -1.137752e+02 -3.200001e+01
         vertex 2.394974e+02 -7.170081e+01 -7.200000e+01
         vertex 3.654700e+02 -1.041953e+02 -3.200001e+01
      endloop
   endfacet
   facet normal 2.817337e-01 -8.433478e-02 -9.557791e-01
      outer loop
         vertex 3.654700e+02 -1.041953e+02 -3.200001e+01
         vertex 2.394974e+02 -7.170081e+01 -7.200000e+01
         vertex 2.395615e+02 -7.148642e+01 -7.200003e+01
      endloop
   endfacet
   facet normal 2.817307e-01 -8.434617e-02 -9.557790e-01
      outer loop
         vertex 3.654700e+02 -1.041953e+02 -3.200001e+01
         vertex 2.395615e+02 -7.148642e+01 -7.200003e+01
         vertex 2.408835e+02 -6.689652e+01 -7.201539e+01
      endloop
   endfacet
   facet normal 2.868032e-01 9.579895e-01 0.000000e+00
      outer loop
         vertex 2.408835e+02 -6.689652e+01 -3.200001e+01
         vertex 3.654700e+02 -1.041953e+02 -3.200001e+01
         vertex 2.408835e+02 -6.689652e+01 -7.201539e+01
      endloop
   endfacet
   facet normal -2.868032e-01 -9.579895e-01 -0.000000e+00
      outer loop
         vertex 2.380155e+02 -7.647642e+01 -3.200001e+01
         vertex 2.380155e+02 -7.647642e+01 -7.201539e+01
         vertex 3.626020e+02 -1.137752e+02 -3.200001e+01
      endloop
   endfacet
   facet normal 2.457059e-01 -1.616016e-01 -9.557790e-01
      outer loop
         vertex 3.147378e+02 -2.129909e+02 -3.200001e+01
         vertex 2.060826e+02 -1.415272e+02 -7.201539e+01
         vertex 2.088719e+02 -1.373772e+02 -7.200000e+01
      endloop
   endfacet
   facet normal 2.457049e-01 -1.616031e-01 -9.557790e-01
      outer loop
         vertex 3.147378e+02 -2.129909e+02 -3.200001e+01
         vertex 2.088719e+02 -1.373772e+02 -7.200000e+01
         vertex 3.202329e+02 -2.046360e+02 -3.200001e+01
      endloop
   endfacet
   facet normal 2.457094e-01 -1.615957e-01 -9.557791e-01
      outer loop
         vertex 3.202329e+02 -2.046360e+02 -3.200001e+01
         vertex 2.088719e+02 -1.373772e+02 -7.200000e+01
         vertex 2.091175e+02 -1.370031e+02 -7.200012e+01
      endloop
   endfacet
   facet normal 2.457038e-01 -1.616048e-01 -9.557790e-01
      outer loop
         vertex 3.202329e+02 -2.046360e+02 -3.200001e+01
         vertex 2.091175e+02 -1.370031e+02 -7.200012e+01
         vertex 2.115777e+02 -1.331723e+02 -7.201539e+01
      endloop
   endfacet
   facet normal 5.495089e-01 8.354879e-01 0.000000e+00
      outer loop
         vertex 2.115777e+02 -1.331723e+02 -3.200001e+01
         vertex 3.202329e+02 -2.046360e+02 -3.200001e+01
         vertex 2.115777e+02 -1.331723e+02 -7.201539e+01
      endloop
   endfacet
   facet normal -5.495090e-01 -8.354878e-01 -0.000000e+00
      outer loop
         vertex 2.060826e+02 -1.415272e+02 -3.200001e+01
         vertex 2.060826e+02 -1.415272e+02 -7.201539e+01
         vertex 3.147378e+02 -2.129909e+02 -3.200001e+01
      endloop
   endfacet
   facet normal 1.890356e-01 -2.252820e-01 -9.557790e-01
      outer loop
         vertex 2.404291e+02 -2.943108e+02 -3.200001e+01
         vertex 1.568345e+02 -1.946867e+02 -7.201539e+01
         vertex 1.606969e+02 -1.915111e+02 -7.200000e+01
      endloop
   endfacet
   facet normal 1.890350e-01 -2.252825e-01 -9.557790e-01
      outer loop
         vertex 2.404291e+02 -2.943108e+02 -3.200001e+01
         vertex 1.606969e+02 -1.915111e+02 -7.200000e+01
         vertex 2.480895e+02 -2.878830e+02 -3.200001e+01
      endloop
   endfacet
   facet normal 1.890296e-01 -2.252874e-01 -9.557789e-01
      outer loop
         vertex 2.480895e+02 -2.878830e+02 -3.200001e+01
         vertex 1.606969e+02 -1.915111e+02 -7.200000e+01
         vertex 1.612106e+02 -1.910789e+02 -7.200028e+01
      endloop
   endfacet
   facet normal 1.890346e-01 -2.252830e-01 -9.557790e-01
      outer loop
         vertex 2.480895e+02 -2.878830e+02 -3.200001e+01
         vertex 1.612106e+02 -1.910789e+02 -7.200028e+01
         vertex 1.644950e+02 -1.882589e+02 -7.201539e+01
      endloop
   endfacet
   facet normal 7.660444e-01 6.427876e-01 0.000000e+00
      outer loop
         vertex 1.644950e+02 -1.882589e+02 -3.200001e+01
         vertex 2.480895e+02 -2.878830e+02 -3.200001e+01
         vertex 1.644950e+02 -1.882589e+02 -7.201539e+01
      endloop
   endfacet
   facet normal -7.660445e-01 -6.427876e-01 -0.000000e+00
      outer loop
         vertex 1.568345e+02 -1.946867e+02 -3.200001e+01
         vertex 1.568345e+02 -1.946867e+02 -7.201539e+01
         vertex 2.404291e+02 -2.943108e+02 -3.200001e+01
      endloop
   endfacet
   facet normal -2.940858e-01 -0.000000e+00 -9.557790e-01
      outer loop
         vertex -3.800000e+02 5.000000e+00 -3.200001e+01
         vertex -2.499500e+02 5.000000e+00 -7.201539e+01
         vertex -3.800000e+02 -5.000000e+00 -3.200001e+01
      endloop
   endfacet
   facet normal -2.940858e-01 -1.096483e-06 -9.557790e-01
      outer loop
         vertex -3.800000e+02 -5.000000e+00 -3.200001e+01
         vertex -2.499500e+02 5.000000e+00 -7.201539e+01
         vertex -2.500000e+02 -3.219767e-14 -7.200000e+01
      endloop
   endfacet
   facet normal -2.940858e-01 1.095639e-06 -9.557790e-01
      outer loop
         vertex -3.800000e+02 -5.000000e+00 -3.200001e+01
         vertex -2.500000e+02 -3.219767e-14 -7.200000e+01
         vertex -2.499500e+02 -5.000000e+00 -7.201539e+01
      endloop
   endfacet
   facet normal 0.000000e+00 1.000000e+00 -0.000000e+00
      outer loop
         vertex -2.499500e+02 5.000000e+00 -7.201539e+01
         vertex -3.800000e+02 5.000000e+00 -3.200001e+01
         vertex -2.499500e+02 5.000000e+00 -3.200001e+01
      endloop
   endfacet
   facet normal 0.000000e+00 -1.000000e+00 0.000000e+00
      outer loop
         vertex -2.499500e+02 -5.000000e+00 -7.201539e+01
         vertex -2.499500e+02 -5.000000e+00 -3.200001e+01
         vertex -3.800000e+02 -5.000000e+00 -3.200001e+01
      endloop
   endfacet
   facet normal -2.817312e-01 8.434460e-02 -9.557790e-01
      outer loop
         vertex -3.626020e+02 1.137752e+02 -3.200001e+01
         vertex -2.380155e+02 7.647642e+01 -7.201539e+01
         vertex -3.654700e+02 1.041953e+02 -3.200001e+01
      endloop
   endfacet
   facet normal -2.817315e-01 8.434351e-02 -9.557790e-01
      outer loop
         vertex -3.654700e+02 1.041953e+02 -3.200001e+01
         vertex -2.380155e+02 7.647642e+01 -7.201539e+01
         vertex -2.394974e+02 7.170081e+01 -7.200000e+01
      endloop
   endfacet
   facet normal -2.817309e-01 8.434566e-02 -9.557790e-01
      outer loop
         vertex -3.654700e+02 1.041953e+02 -3.200001e+01
         vertex -2.394974e+02 7.170081e+01 -7.200000e+01
         vertex -2.408835e+02 6.689652e+01 -7.201539e+01
      endloop
   endfacet
   facet normal 2.868032e-01 9.579895e-01 -0.000000e+00
      outer loop
         vertex -2.380155e+02 7.647642e+01 -7.201539e+01
         vertex -3.626020e+02 1.137752e+02 -3.200001e+01
         vertex -2.380155e+02 7.647642e+01 -3.200001e+01
      endloop
   endfacet
   facet normal -2.868032e-01 -9.579895e-01 0.000000e+00
      outer loop
         vertex -2.408835e+02 6.689652e+01 -7.201539e+01
         vertex -2.408835e+02 6.689652e+01 -3.200001e+01
         vertex -3.654700e+02 1.041953e+02 -3.200001e+01
      endloop
   endfacet
   facet normal -2.457049e-01 1.616031e-01 -9.557790e-01
      outer loop
         vertex -3.147378e+02 2.129909e+02 -3.200001e+01
         vertex -2.060826e+02 1.415272e+02 -7.201539e+01
         vertex -3.202329e+02 2.046360e+02 -3.200001e+01
      endloop
   endfacet
   facet normal -2.457058e-01 1.616015e-01 -9.557791e-01
      outer loop
         vertex -3.202329e+02 2.046360e+02 -3.200001e+01
         vertex -2.060826e+02 1.415272e+02 -7.201539e+01
         vertex -2.088719e+02 1.373772e+02 -7.200000e+01
      endloop
   endfacet
   facet normal -2.457043e-01 1.616040e-01 -9.557790e-01
      outer loop
         vertex -3.202329e+02 2.046360e+02 -3.200001e+01
         vertex -2.088719e+02 1.373772e+02 -7.200000e+01
         vertex -2.115777e+02 1.331723e+02 -7.201539e+01
      endloop
   endfacet
   facet normal 5.495090e-01 8.354878e-01 -0.000000e+00
      outer loop
         vertex -2.060826e+02 1.415272e+02 -7.201539e+01
         vertex -3.147378e+02 2.129909e+02 -3.200001e+01
         vertex -2.060826e+02 1.415272e+02 -3.200001e+01
      endloop
   endfacet
   facet normal -5.495089e-01 -8.354879e-01 0.000000e+00
      outer loop
         vertex -2.115777e+02 1.331723e+02 -7.201539e+01
         vertex -2.115777e+02 1.331723e+02 -3.200001e+01
         vertex -3.202329e+02 2.046360e+02 -3.200001e+01
      endloop
   endfacet
   facet normal -1.890339e-01 2.252835e-01 -9.557790e-01
      outer loop
         vertex -1.644950e+02 1.882589e+02 -7.201539e+01
         vertex -2.480895e+02 2.878830e+02 -3.200001e+01
         vertex -1.606969e+02 1.915111e+02 -7.200000e+01
      endloop
   endfacet
   facet normal -1.890350e-01 2.252825e-01 -9.557790e-01
      outer loop
         vertex -1.606969e+02 1.915111e+02 -7.200000e+01
         vertex -2.480895e+02 2.878830e+02 -3.200001e+01
         vertex -2.404291e+02 2.943108e+02 -3.200001e+01
      endloop
   endfacet
   facet normal -1.890356e-01 2.252820e-01 -9.557790e-01
      outer loop
         vertex -1.606969e+02 1.915111e+02 -7.200000e+01
         vertex -2.404291e+02 2.943108e+02 -3.200001e+01
         vertex -1.568345e+02 1.946867e+02 -7.201539e+01
      endloop
   endfacet
   facet normal 7.660445e-01 6.427876e-01 -0.000000e+00
      outer loop
         vertex -1.568345e+02 1.946867e+02 -7.201539e+01
         vertex -2.404291e+02 2.943108e+02 -3.200001e+01
         vertex -1.568345e+02 1.946867e+02 -3.200001e+01
      endloop
   endfacet
   facet normal -7.660444e-01 -6.427876e-01 0.000000e+00
      outer loop
         vertex -1.644950e+02 1.882589e+02 -7.201539e+01
         vertex -1.644950e+02 1.882589e+02 -3.200001e+01
         vertex -2.480895e+02 2.878830e+02 -3.200001e+01
      endloop
   endfacet
   facet normal -2.817312e-01 -8.434460e-02 -9.557790e-01
      outer loop
         vertex -3.654700e+02 -1.041953e+02 -3.200001e+01
         vertex -2.408835e+02 -6.689652e+01 -7.201539e+01
         vertex -3.626020e+02 -1.137752e+02 -3.200001e+01
      endloop
   endfacet
   facet normal -2.817308e-01 -8.434564e-02 -9.557790e-01
      outer loop
         vertex -3.626020e+02 -1.137752e+02 -3.200001e+01
         vertex -2.408835e+02 -6.689652e+01 -7.201539e+01
         vertex -2.394974e+02 -7.170081e+01 -7.200000e+01
      endloop
   endfacet
   facet normal -2.817315e-01 -8.434354e-02 -9.557790e-01
      outer loop
         vertex -3.626020e+02 -1.137752e+02 -3.200001e+01
         vertex -2.394974e+02 -7.170081e+01 -7.200000e+01
         vertex -2.380155e+02 -7.647642e+01 -7.201539e+01
      endloop
   endfacet
   facet normal -2.868032e-01 9.579895e-01 0.000000e+00
      outer loop
         vertex -2.408835e+02 -6.689652e+01 -7.201539e+01
         vertex -3.654700e+02 -1.041953e+02 -3.200001e+01
         vertex -2.408835e+02 -6.689652e+01 -3.200001e+01
      endloop
   endfacet
   facet normal 2.868032e-01 -9.579895e-01 0.000000e+00
      outer loop
         vertex -2.380155e+02 -7.647642e+01 -7.201539e+01
         vertex -2.380155e+02 -7.647642e+01 -3.200001e+01
         vertex -3.626020e+02 -1.137752e+02 -3.200001e+01
      endloop
   endfacet
   facet normal -2.457049e-01 -1.616031e-01 -9.557790e-01
      outer loop
         vertex -3.202329e+02 -2.046360e+02 -3.200001e+01
         vertex -2.115777e+02 -1.331723e+02 -7.201539e+01
         vertex -3.147378e+02 -2.129909e+02 -3.200001e+01
      endloop
   endfacet
   facet normal -2.457042e-01 -1.616040e-01 -9.557790e-01
      outer loop
         vertex -3.147378e+02 -2.129909e+02 -3.200001e+01
         vertex -2.115777e+02 -1.331723e+02 -7.201539e+01
         vertex -2.088719e+02 -1.373772e+02 -7.200000e+01
      endloop
   endfacet
   facet normal -2.457059e-01 -1.616016e-01 -9.557790e-01
      outer loop
         vertex -3.147378e+02 -2.129909e+02 -3.200001e+01
         vertex -2.088719e+02 -1.373772e+02 -7.200000e+01
         vertex -2.060826e+02 -1.415272e+02 -7.201539e+01
      endloop
   endfacet
   facet normal -5.495089e-01 8.354879e-01 0.000000e+00
      outer loop
         vertex -2.115777e+02 -1.331723e+02 -7.201539e+01
         vertex -3.202329e+02 -2.046360e+02 -3.200001e+01
         vertex -2.115777e+02 -1.331723e+02 -3.200001e+01
      endloop
   endfacet
   facet normal 5.495090e-01 -8.354878e-01 0.000000e+00
      outer loop
         vertex -2.060826e+02 -1.415272e+02 -7.201539e+01
         vertex -2.060826e+02 -1.415272e+02 -3.200001e+01
         vertex -3.147378e+02 -2.129909e+02 -3.200001e+01
      endloop
   endfacet
   facet normal -1.890356e-01 -2.252820e-01 -9.557790e-01
      outer loop
         vertex -1.568345e+02 -1.946867e+02 -7.201539e+01
         vertex -2.404291e+02 -2.943108e+02 -3.200001e+01
         vertex -1.606969e+02 -1.915111e+02 -7.200000e+01
      endloop
   endfacet
   facet normal -1.890350e-01 -2.252825e-01 -9.557790e-01
      outer loop
         vertex -1.606969e+02 -1.915111e+02 -7.200000e+01
         vertex -2.404291e+02 -2.943108e+02 -3.200001e+01
         vertex -2.480895e+02 -2.878830e+02 -3.200001e+01
      endloop
   endfacet
   facet normal -1.890339e-01 -2.252835e-01 -9.557790e-01
      outer loop
         vertex -1.606969e+02 -1.915111e+02 -7.200000e+01
         vertex -2.480895e+02 -2.878830e+02 -3.200001e+01
         vertex -1.644950e+02 -1.882589e+02 -7.201539e+01
      endloop
   endfacet
   facet normal -7.660444e-01 6.427876e-01 0.000000e+00
      outer loop
         vertex -1.644950e+02 -1.882589e+02 -7.201539e+01
         vertex -2.480895e+02 -2.878830e+02 -3.200001e+01
         vertex -1.644950e+02 -1.882589e+02 -3.200001e+01
      endloop
   endfacet
   facet normal 7.660445e-01 -6.427876e-01 0.000000e+00
      outer loop
         vertex -1.568345e+02 -1.946867e+02 -7.201539e+01
         vertex -1.568345e+02 -1.946867e+02 -3.200001e+01
         vertex -2.404291e+02 -2.943108e+02 -3.200001e+01
      endloop
   endfacet
   facet normal 0.000000e+00 1.000000e+00 0.000000e+00
      outer loop
         vertex 3.999297e+02 -7.500000e+00 -8.344651e-07
         vertex 3.999297e+02 -7.500000e+00 -1.200000e+01
         vertex 8.558109e+01 -7.500000e+00 -8.344651e-07
      endloop
   endfacet
   facet normal 0.000000e+00 1.000000e+00 0.000000e+00
      outer loop
         vertex 8.558109e+01 -7.500000e+00 -8.344651e-07
         vertex 3.999297e+02 -7.500000e+00 -1.200000e+01
         vertex 8.558109e+01 -7.500000e+00 -1.200000e+01
      endloop
   endfacet
   facet normal 0.000000e+00 0.000000e+00 -1.000000e+00
      outer loop
         vertex -3.998047e+02 -1.250000e+01 -1.200000e+01
         vertex -3.999297e+02 -7.500000e+00 -1.200000e+01
         vertex -8.499484e+01 -1.250000e+01 -1.200000e+01
      endloop
   endfacet
   facet normal 0.000000e+00 0.000000e+00 -1.000000e+00
      outer loop
         vertex -8.499484e+01 -1.250000e+01 -1.200000e+01
         vertex -3.999297e+02 -7.500000e+00 -1.200000e+01
         vertex -8.558109e+01 -7.500000e+00 -1.200000e+01
      endloop
   endfacet
   facet normal 0.000000e+00 1.000000e+00 0.000000e+00
      outer loop
         vertex 3.998047e+02 -1.250000e+01 -1.200000e+01
         vertex 3.998047e+02 -1.250000e+01 -2.000000e+01
         vertex 8.499484e+01 -1.250000e+01 -1.200000e+01
      endloop
   endfacet
   facet normal 0.000000e+00 1.000000e+00 0.000000e+00
      outer loop
         vertex 8.499484e+01 -1.250000e+01 -1.200000e+01
         vertex 3.998047e+02 -1.250000e+01 -2.000000e+01
         vertex 8.499484e+01 -1.250000e+01 -2.000000e+01
      endloop
   endfacet
   facet normal 0.000000e+00 0.000000e+00 1.000000e+00
      outer loop
         vertex -8.499484e+01 1.250000e+01 -2.000000e+01
         vertex -3.998047e+02 1.250000e+01 -2.000000e+01
         vertex -8.590909e+01 2.244916e-14 -2.000000e+01
      endloop
   endfacet
   facet normal 0.000000e+00 0.000000e+00 1.000000e+00
      outer loop
         vertex -8.590909e+01 2.244916e-14 -2.000000e+01
         vertex -3.998047e+02 1.250000e+01 -2.000000e+01
         vertex -4.000000e+02 4.526606e-13 -2.000000e+01
      endloop
   endfacet
   facet normal 0.000000e+00 0.000000e+00 1.000000e+00
      outer loop
         vertex -8.590909e+01 2.244916e-14 -2.000000e+01
         vertex -4.000000e+02 4.526606e-13 -2.000000e+01
         vertex -8.499484e+01 -1.250000e+01 -2.000000e+01
      endloop
   endfacet
   facet normal 0.000000e+00 0.000000e+00 1.000000e+00
      outer loop
         vertex -8.499484e+01 -1.250000e+01 -2.000000e+01
         vertex -4.000000e+02 4.526606e-13 -2.000000e+01
         vertex -3.998047e+02 -1.250000e+01 -2.000000e+01
      endloop
   endfacet
   facet normal 0.000000e+00 -1.000000e+00 0.000000e+00
      outer loop
         vertex -3.998047e+02 1.250000e+01 -1.200000e+01
         vertex -3.998047e+02 1.250000e+01 -2.000000e+01
         vertex -8.499484e+01 1.250000e+01 -1.200000e+01
      endloop
   endfacet
   facet normal 0.000000e+00 -1.000000e+00 -0.000000e+00
      outer loop
         vertex -8.499484e+01 1.250000e+01 -1.200000e+01
         vertex -3.998047e+02 1.250000e+01 -2.000000e+01
         vertex -8.499484e+01 1.250000e+01 -2.000000e+01
      endloop
   endfacet
   facet normal -0.000000e+00 -0.000000e+00 -1.000000e+00
      outer loop
         vertex 3.998047e+02 1.250000e+01 -1.200000e+01
         vertex 3.999297e+02 7.500000e+00 -1.200000e+01
         vertex 8.499484e+01 1.250000e+01 -1.200000e+01
      endloop
   endfacet
   facet normal 0.000000e+00 0.000000e+00 -1.000000e+00
      outer loop
         vertex 8.499484e+01 1.250000e+01 -1.200000e+01
         vertex 3.999297e+02 7.500000e+00 -1.200000e+01
         vertex 8.558109e+01 7.500000e+00 -1.200000e+01
      endloop
   endfacet
   facet normal 0.000000e+00 -1.000000e+00 0.000000e+00
      outer loop
         vertex -3.999297e+02 7.500000e+00 -8.344651e-07
         vertex -3.999297e+02 7.500000e+00 -1.200000e+01
         vertex -8.558109e+01 7.500000e+00 -8.344651e-07
      endloop
   endfacet
   facet normal 0.000000e+00 -1.000000e+00 -0.000000e+00
      outer loop
         vertex -8.558109e+01 7.500000e+00 -8.344651e-07
         vertex -3.999297e+02 7.500000e+00 -1.200000e+01
         vertex -8.558109e+01 7.500000e+00 -1.200000e+01
      endloop
   endfacet
   facet normal 0.000000e+00 1.000000e+00 0.000000e+00
      outer loop
         vertex 3.968916e+02 4.977000e+01 -8.344651e-07
         vertex 3.968916e+02 4.977000e+01 -1.200000e+01
         vertex 7.002370e+01 4.977000e+01 -8.344651e-07
      endloop
   endfacet
   facet normal 0.000000e+00 1.000000e+00 0.000000e+00
      outer loop
         vertex 7.002370e+01 4.977000e+01 -8.344651e-07
         vertex 3.968916e+02 4.977000e+01 -1.200000e+01
         vertex 7.002370e+01 4.977000e+01 -1.200000e+01
      endloop
   endfacet
   facet normal 0.000000e+00 0.000000e+00 -1.000000e+00
      outer loop
         vertex -3.974867e+02 4.477000e+01 -1.200000e+01
         vertex -3.968916e+02 4.977000e+01 -1.200000e+01
         vertex -7.332134e+01 4.477000e+01 -1.200000e+01
      endloop
   endfacet
   facet normal 0.000000e+00 0.000000e+00 -1.000000e+00
      outer loop
         vertex -7.332134e+01 4.477000e+01 -1.200000e+01
         vertex -3.968916e+02 4.977000e+01 -1.200000e+01
         vertex -7.002370e+01 4.977000e+01 -1.200000e+01
      endloop
   endfacet
   facet normal 0.000000e+00 1.000000e+00 0.000000e+00
      outer loop
         vertex 3.974867e+02 4.477000e+01 -1.200000e+01
         vertex 3.974867e+02 4.477000e+01 -2.000000e+01
         vertex 7.332134e+01 4.477000e+01 -1.200000e+01
      endloop
   endfacet
   facet normal 0.000000e+00 1.000000e+00 0.000000e+00
      outer loop
         vertex 7.332134e+01 4.477000e+01 -1.200000e+01
         vertex 3.974867e+02 4.477000e+01 -2.000000e+01
         vertex 7.332134e+01 4.477000e+01 -2.000000e+01
      endloop
   endfacet
   facet normal 0.000000e+00 0.000000e+00 1.000000e+00
      outer loop
         vertex -5.012503e+01 6.977000e+01 -2.000000e+01
         vertex -3.938682e+02 6.977000e+01 -2.000000e+01
         vertex -5.894754e+01 6.249447e+01 -2.000000e+01
      endloop
   endfacet
   facet normal 0.000000e+00 0.000000e+00 1.000000e+00
      outer loop
         vertex -5.894754e+01 6.249447e+01 -2.000000e+01
         vertex -3.938682e+02 6.977000e+01 -2.000000e+01
         vertex -6.672558e+01 5.411163e+01 -2.000000e+01
      endloop
   endfacet
   facet normal 0.000000e+00 0.000000e+00 1.000000e+00
      outer loop
         vertex -6.672558e+01 5.411163e+01 -2.000000e+01
         vertex -3.938682e+02 6.977000e+01 -2.000000e+01
         vertex -7.332134e+01 4.477000e+01 -2.000000e+01
      endloop
   endfacet
   facet normal 0.000000e+00 0.000000e+00 1.000000e+00
      outer loop
         vertex -7.332134e+01 4.477000e+01 -2.000000e+01
         vertex -3.938682e+02 6.977000e+01 -2.000000e+01
         vertex -3.954410e+02 6.021964e+01 -2.000000e+01
      endloop
   endfacet
   facet normal 0.000000e+00 0.000000e+00 1.000000e+00
      outer loop
         vertex -7.332134e+01 4.477000e+01 -2.000000e+01
         vertex -3.954410e+02 6.021964e+01 -2.000000e+01
         vertex -3.974867e+02 4.477000e+01 -2.000000e+01
      endloop
   endfacet
   facet normal 0.000000e+00 -1.000000e+00 0.000000e+00
      outer loop
         vertex -3.938682e+02 6.977000e+01 -1.200000e+01
         vertex -3.938682e+02 6.977000e+01 -2.000000e+01
         vertex -5.012503e+01 6.977000e+01 -1.200000e+01
      endloop
   endfacet
   facet normal 0.000000e+00 -1.000000e+00 -0.000000e+00
      outer loop
         vertex -5.012503e+01 6.977000e+01 -1.200000e+01
         vertex -3.938682e+02 6.977000e+01 -2.000000e+01
         vertex -5.012503e+01 6.977000e+01 -2.000000e+01
      endloop
   endfacet
   facet normal -0.000000e+00 -0.000000e+00 -1.000000e+00
      outer loop
         vertex 3.938682e+02 6.977000e+01 -1.200000e+01
         vertex 3.947212e+02 6.477000e+01 -1.200000e+01
         vertex 5.012503e+01 6.977000e+01 -1.200000e+01
      endloop
   endfacet
   facet normal 0.000000e+00 0.000000e+00 -1.000000e+00
      outer loop
         vertex 5.012503e+01 6.977000e+01 -1.200000e+01
         vertex 3.947212e+02 6.477000e+01 -1.200000e+01
         vertex 5.643775e+01 6.477000e+01 -1.200000e+01
      endloop
   endfacet
   facet normal 0.000000e+00 -1.000000e+00 0.000000e+00
      outer loop
         vertex -3.947212e+02 6.477000e+01 -8.344651e-07
         vertex -3.947212e+02 6.477000e+01 -1.200000e+01
         vertex -5.643775e+01 6.477000e+01 -8.344651e-07
      endloop
   endfacet
   facet normal 0.000000e+00 -1.000000e+00 -0.000000e+00
      outer loop
         vertex -5.643775e+01 6.477000e+01 -8.344651e-07
         vertex -3.947212e+02 6.477000e+01 -1.200000e+01
         vertex -5.643775e+01 6.477000e+01 -1.200000e+01
      endloop
   endfacet
   facet normal 0.000000e+00 1.000000e+00 -0.000000e+00
      outer loop
         vertex 3.854120e+02 1.070400e+02 -1.200000e+01
         vertex -3.854120e+02 1.070400e+02 -1.200000e+01
         vertex 3.854120e+02 1.070400e+02 -8.344651e-07
      endloop
   endfacet
   facet normal 0.000000e+00 1.000000e+00 0.000000e+00
      outer loop
         vertex 3.854120e+02 1.070400e+02 -8.344651e-07
         vertex -3.854120e+02 1.070400e+02 -1.200000e+01
         vertex -3.854120e+02 1.070400e+02 -8.344651e-07
      endloop
   endfacet
   facet normal 0.000000e+00 0.000000e+00 -1.000000e+00
      outer loop
         vertex 3.867659e+02 1.020400e+02 -1.200000e+01
         vertex -3.867659e+02 1.020400e+02 -1.200000e+01
         vertex 3.854120e+02 1.070400e+02 -1.200000e+01
      endloop
   endfacet
   facet normal -0.000000e+00 0.000000e+00 -1.000000e+00
      outer loop
         vertex 3.854120e+02 1.070400e+02 -1.200000e+01
         vertex -3.867659e+02 1.020400e+02 -1.200000e+01
         vertex -3.854120e+02 1.070400e+02 -1.200000e+01
      endloop
   endfacet
   facet normal 0.000000e+00 1.000000e+00 -0.000000e+00
      outer loop
         vertex 3.867659e+02 1.020400e+02 -2.000000e+01
         vertex -3.867659e+02 1.020400e+02 -2.000000e+01
         vertex 3.867659e+02 1.020400e+02 -1.200000e+01
      endloop
   endfacet
   facet normal 0.000000e+00 1.000000e+00 0.000000e+00
      outer loop
         vertex 3.867659e+02 1.020400e+02 -1.200000e+01
         vertex -3.867659e+02 1.020400e+02 -2.000000e+01
         vertex -3.867659e+02 1.020400e+02 -1.200000e+01
      endloop
   endfacet
   facet normal 0.000000e+00 0.000000e+00 1.000000e+00
      outer loop
         vertex -3.867659e+02 1.020400e+02 -2.000000e+01
         vertex 3.867659e+02 1.020400e+02 -2.000000e+01
         vertex 3.818680e+02 1.190666e+02 -2.000000e+01
      endloop
   endfacet
   facet normal 0.000000e+00 0.000000e+00 1.000000e+00
      outer loop
         vertex -3.867659e+02 1.020400e+02 -2.000000e+01
         vertex 3.818680e+02 1.190666e+02 -2.000000e+01
         vertex -3.818680e+02 1.190666e+02 -2.000000e+01
      endloop
   endfacet
   facet normal 0.000000e+00 0.000000e+00 1.000000e+00
      outer loop
         vertex -3.818680e+02 1.190666e+02 -2.000000e+01
         vertex 3.818680e+02 1.190666e+02 -2.000000e+01
         vertex 3.792899e+02 1.270400e+02 -2.000000e+01
      endloop
   endfacet
   facet normal 0.000000e+00 0.000000e+00 1.000000e+00
      outer loop
         vertex -3.818680e+02 1.190666e+02 -2.000000e+01
         vertex 3.792899e+02 1.270400e+02 -2.000000e+01
         vertex -3.792899e+02 1.270400e+02 -2.000000e+01
      endloop
   endfacet
   facet normal -0.000000e+00 -1.000000e+00 -0.000000e+00
      outer loop
         vertex 3.792899e+02 1.270400e+02 -1.200000e+01
         vertex -3.792899e+02 1.270400e+02 -1.200000e+01
         vertex 3.792899e+02 1.270400e+02 -2.000000e+01
      endloop
   endfacet
   facet normal 0.000000e+00 -1.000000e+00 0.000000e+00
      outer loop
         vertex 3.792899e+02 1.270400e+02 -2.000000e+01
         vertex -3.792899e+02 1.270400e+02 -1.200000e+01
         vertex -3.792899e+02 1.270400e+02 -2.000000e+01
      endloop
   endfacet
   facet normal 0.000000e+00 0.000000e+00 -1.000000e+00
      outer loop
         vertex 3.809281e+02 1.220400e+02 -1.200000e+01
         vertex -3.809281e+02 1.220400e+02 -1.200000e+01
         vertex 3.792899e+02 1.270400e+02 -1.200000e+01
      endloop
   endfacet
   facet normal -0.000000e+00 0.000000e+00 -1.000000e+00
      outer loop
         vertex 3.792899e+02 1.270400e+02 -1.200000e+01
         vertex -3.809281e+02 1.220400e+02 -1.200000e+01
         vertex -3.792899e+02 1.270400e+02 -1.200000e+01
      endloop
   endfacet
   facet normal -0.000000e+00 -1.000000e+00 -0.000000e+00
      outer loop
         vertex 3.809281e+02 1.220400e+02 -8.344651e-07
         vertex -3.809281e+02 1.220400e+02 -8.344651e-07
         vertex 3.809281e+02 1.220400e+02 -1.200000e+01
      endloop
   endfacet
   facet normal 0.000000e+00 -1.000000e+00 0.000000e+00
      outer loop
         vertex 3.809281e+02 1.220400e+02 -1.200000e+01
         vertex -3.809281e+02 1.220400e+02 -8.344651e-07
         vertex -3.809281e+02 1.220400e+02 -1.200000e+01
      endloop
   endfacet
   facet normal 0.000000e+00 1.000000e+00 -0.000000e+00
      outer loop
         vertex 3.646947e+02 1.643100e+02 -1.200000e+01
         vertex -3.646947e+02 1.643100e+02 -1.200000e+01
         vertex 3.646947e+02 1.643100e+02 -8.344651e-07
      endloop
   endfacet
   facet normal 0.000000e+00 1.000000e+00 0.000000e+00
      outer loop
         vertex 3.646947e+02 1.643100e+02 -8.344651e-07
         vertex -3.646947e+02 1.643100e+02 -1.200000e+01
         vertex -3.646947e+02 1.643100e+02 -8.344651e-07
      endloop
   endfacet
   facet normal 0.000000e+00 0.000000e+00 -1.000000e+00
      outer loop
         vertex 3.669064e+02 1.593100e+02 -1.200000e+01
         vertex -3.669064e+02 1.593100e+02 -1.200000e+01
         vertex 3.646947e+02 1.643100e+02 -1.200000e+01
      endloop
   endfacet
   facet normal -0.000000e+00 0.000000e+00 -1.000000e+00
      outer loop
         vertex 3.646947e+02 1.643100e+02 -1.200000e+01
         vertex -3.669064e+02 1.593100e+02 -1.200000e+01
         vertex -3.646947e+02 1.643100e+02 -1.200000e+01
      endloop
   endfacet
   facet normal 0.000000e+00 1.000000e+00 -0.000000e+00
      outer loop
         vertex 3.669064e+02 1.593100e+02 -2.000000e+01
         vertex -3.669064e+02 1.593100e+02 -2.000000e+01
         vertex 3.669064e+02 1.593100e+02 -1.200000e+01
      endloop
   endfacet
   facet normal 0.000000e+00 1.000000e+00 0.000000e+00
      outer loop
         vertex 3.669064e+02 1.593100e+02 -1.200000e+01
         vertex -3.669064e+02 1.593100e+02 -2.000000e+01
         vertex -3.669064e+02 1.593100e+02 -1.200000e+01
      endloop
   endfacet
   facet normal 0.000000e+00 0.000000e+00 1.000000e+00
      outer loop
         vertex 3.550068e+02 1.843100e+02 -2.000000e+01
         vertex -3.550068e+02 1.843100e+02 -2.000000e+01
         vertex 3.595903e+02 1.751994e+02 -2.000000e+01
      endloop
   endfacet
   facet normal 0.000000e+00 0.000000e+00 1.000000e+00
      outer loop
         vertex 3.595903e+02 1.751994e+02 -2.000000e+01
         vertex -3.550068e+02 1.843100e+02 -2.000000e+01
         vertex -3.595903e+02 1.751994e+02 -2.000000e+01
      endloop
   endfacet
   facet normal 0.000000e+00 0.000000e+00 1.000000e+00
      outer loop
         vertex 3.595903e+02 1.751994e+02 -2.000000e+01
         vertex -3.595903e+02 1.751994e+02 -2.000000e+01
         vertex 3.669064e+02 1.593100e+02 -2.000000e+01
      endloop
   endfacet
   facet normal 0.000000e+00 0.000000e+00 1.000000e+00
      outer loop
         vertex 3.669064e+02 1.593100e+02 -2.000000e+01
         vertex -3.595903e+02 1.751994e+02 -2.000000e+01
         vertex -3.669064e+02 1.593100e+02 -2.000000e+01
      endloop
   endfacet
   facet normal -0.000000e+00 -1.000000e+00 -0.000000e+00
      outer loop
         vertex 3.550068e+02 1.843100e+02 -1.200000e+01
         vertex -3.550068e+02 1.843100e+02 -1.200000e+01
         vertex 3.550068e+02 1.843100e+02 -2.000000e+01
      endloop
   endfacet
   facet normal 0.000000e+00 -1.000000e+00 0.000000e+00
      outer loop
         vertex 3.550068e+02 1.843100e+02 -2.000000e+01
         vertex -3.550068e+02 1.843100e+02 -1.200000e+01
         vertex -3.550068e+02 1.843100e+02 -2.000000e+01
      endloop
   endfacet
   facet normal 0.000000e+00 0.000000e+00 -1.000000e+00
      outer loop
         vertex 3.575583e+02 1.793100e+02 -1.200000e+01
         vertex -3.575583e+02 1.793100e+02 -1.200000e+01
         vertex 3.550068e+02 1.843100e+02 -1.200000e+01
      endloop
   endfacet
   facet normal -0.000000e+00 0.000000e+00 -1.000000e+00
      outer loop
         vertex 3.550068e+02 1.843100e+02 -1.200000e+01
         vertex -3.575583e+02 1.793100e+02 -1.200000e+01
         vertex -3.550068e+02 1.843100e+02 -1.200000e+01
      endloop
   endfacet
   facet normal -0.000000e+00 -1.000000e+00 -0.000000e+00
      outer loop
         vertex 3.575583e+02 1.793100e+02 -8.344651e-07
         vertex -3.575583e+02 1.793100e+02 -8.344651e-07
         vertex 3.575583e+02 1.793100e+02 -1.200000e+01
      endloop
   endfacet
   facet normal 0.000000e+00 -1.000000e+00 0.000000e+00
      outer loop
         vertex 3.575583e+02 1.793100e+02 -1.200000e+01
         vertex -3.575583e+02 1.793100e+02 -8.344651e-07
         vertex -3.575583e+02 1.793100e+02 -1.200000e+01
      endloop
   endfacet
   facet normal 0.000000e+00 1.000000e+00 -0.000000e+00
      outer loop
         vertex 3.330200e+02 2.215800e+02 -1.200000e+01
         vertex -3.330200e+02 2.215800e+02 -1.200000e+01
         vertex 3.330200e+02 2.215800e+02 -8.344651e-07
      endloop
   endfacet
   facet normal 0.000000e+00 1.000000e+00 0.000000e+00
      outer loop
         vertex 3.330200e+02 2.215800e+02 -8.344651e-07
         vertex -3.330200e+02 2.215800e+02 -1.200000e+01
         vertex -3.330200e+02 2.215800e+02 -8.344651e-07
      endloop
   endfacet
   facet normal 0.000000e+00 0.000000e+00 -1.000000e+00
      outer loop
         vertex 3.362932e+02 2.165800e+02 -1.200000e+01
         vertex -3.362932e+02 2.165800e+02 -1.200000e+01
         vertex 3.330200e+02 2.215800e+02 -1.200000e+01
      endloop
   endfacet
   facet normal -0.000000e+00 0.000000e+00 -1.000000e+00
      outer loop
         vertex 3.330200e+02 2.215800e+02 -1.200000e+01
         vertex -3.362932e+02 2.165800e+02 -1.200000e+01
         vertex -3.330200e+02 2.215800e+02 -1.200000e+01
      endloop
   endfacet
   facet normal 0.000000e+00 1.000000e+00 -0.000000e+00
      outer loop
         vertex 3.362932e+02 2.165800e+02 -2.000000e+01
         vertex -3.362932e+02 2.165800e+02 -2.000000e+01
         vertex 3.362932e+02 2.165800e+02 -1.200000e+01
      endloop
   endfacet
   facet normal 0.000000e+00 1.000000e+00 0.000000e+00
      outer loop
         vertex 3.362932e+02 2.165800e+02 -1.200000e+01
         vertex -3.362932e+02 2.165800e+02 -2.000000e+01
         vertex -3.362932e+02 2.165800e+02 -1.200000e+01
      endloop
   endfacet
   facet normal 0.000000e+00 0.000000e+00 1.000000e+00
      outer loop
         vertex 3.188089e+02 2.415800e+02 -2.000000e+01
         vertex -3.188089e+02 2.415800e+02 -2.000000e+01
         vertex 3.291157e+02 2.273386e+02 -2.000000e+01
      endloop
   endfacet
   facet normal 0.000000e+00 0.000000e+00 1.000000e+00
      outer loop
         vertex 3.291157e+02 2.273386e+02 -2.000000e+01
         vertex -3.188089e+02 2.415800e+02 -2.000000e+01
         vertex -3.291157e+02 2.273386e+02 -2.000000e+01
      endloop
   endfacet
   facet normal 0.000000e+00 0.000000e+00 1.000000e+00
      outer loop
         vertex 3.291157e+02 2.273386e+02 -2.000000e+01
         vertex -3.291157e+02 2.273386e+02 -2.000000e+01
         vertex 3.362932e+02 2.165800e+02 -2.000000e+01
      endloop
   endfacet
   facet normal 0.000000e+00 0.000000e+00 1.000000e+00
      outer loop
         vertex 3.362932e+02 2.165800e+02 -2.000000e+01
         vertex -3.291157e+02 2.273386e+02 -2.000000e+01
         vertex -3.362932e+02 2.165800e+02 -2.000000e+01
      endloop
   endfacet
   facet normal -0.000000e+00 -1.000000e+00 -0.000000e+00
      outer loop
         vertex 3.188089e+02 2.415800e+02 -1.200000e+01
         vertex -3.188089e+02 2.415800e+02 -1.200000e+01
         vertex 3.188089e+02 2.415800e+02 -2.000000e+01
      endloop
   endfacet
   facet normal 0.000000e+00 -1.000000e+00 0.000000e+00
      outer loop
         vertex 3.188089e+02 2.415800e+02 -2.000000e+01
         vertex -3.188089e+02 2.415800e+02 -1.200000e+01
         vertex -3.188089e+02 2.415800e+02 -2.000000e+01
      endloop
   endfacet
   facet normal 0.000000e+00 0.000000e+00 -1.000000e+00
      outer loop
         vertex 3.225367e+02 2.365800e+02 -1.200000e+01
         vertex -3.225367e+02 2.365800e+02 -1.200000e+01
         vertex 3.188089e+02 2.415800e+02 -1.200000e+01
      endloop
   endfacet
   facet normal -0.000000e+00 0.000000e+00 -1.000000e+00
      outer loop
         vertex 3.188089e+02 2.415800e+02 -1.200000e+01
         vertex -3.225367e+02 2.365800e+02 -1.200000e+01
         vertex -3.188089e+02 2.415800e+02 -1.200000e+01
      endloop
   endfacet
   facet normal -0.000000e+00 -1.000000e+00 -0.000000e+00
      outer loop
         vertex 3.225367e+02 2.365800e+02 -8.344651e-07
         vertex -3.225367e+02 2.365800e+02 -8.344651e-07
         vertex 3.225367e+02 2.365800e+02 -1.200000e+01
      endloop
   endfacet
   facet normal 0.000000e+00 -1.000000e+00 0.000000e+00
      outer loop
         vertex 3.225367e+02 2.365800e+02 -1.200000e+01
         vertex -3.225367e+02 2.365800e+02 -8.344651e-07
         vertex -3.225367e+02 2.365800e+02 -1.200000e+01
      endloop
   endfacet
   facet normal 0.000000e+00 1.000000e+00 -0.000000e+00
      outer loop
         vertex 2.867799e+02 2.788500e+02 -1.200000e+01
         vertex -2.867799e+02 2.788500e+02 -1.200000e+01
         vertex 2.867799e+02 2.788500e+02 -8.344651e-07
      endloop
   endfacet
   facet normal 0.000000e+00 1.000000e+00 0.000000e+00
      outer loop
         vertex 2.867799e+02 2.788500e+02 -8.344651e-07
         vertex -2.867799e+02 2.788500e+02 -1.200000e+01
         vertex -2.867799e+02 2.788500e+02 -8.344651e-07
      endloop
   endfacet
   facet normal 0.000000e+00 -0.000000e+00 -1.000000e+00
      outer loop
         vertex -2.867799e+02 2.788500e+02 -1.200000e+01
         vertex 2.867799e+02 2.788500e+02 -1.200000e+01
         vertex -2.911391e+02 2.742955e+02 -1.200000e+01
      endloop
   endfacet
   facet normal 0.000000e+00 0.000000e+00 -1.000000e+00
      outer loop
         vertex -2.911391e+02 2.742955e+02 -1.200000e+01
         vertex 2.867799e+02 2.788500e+02 -1.200000e+01
         vertex 2.911391e+02 2.742955e+02 -1.200000e+01
      endloop
   endfacet
   facet normal 0.000000e+00 -0.000000e+00 -1.000000e+00
      outer loop
         vertex -2.911391e+02 2.742955e+02 -1.200000e+01
         vertex 2.911391e+02 2.742955e+02 -1.200000e+01
         vertex -2.915582e+02 2.738500e+02 -1.200000e+01
      endloop
   endfacet
   facet normal 0.000000e+00 0.000000e+00 -1.000000e+00
      outer loop
         vertex -2.915582e+02 2.738500e+02 -1.200000e+01
         vertex 2.911391e+02 2.742955e+02 -1.200000e+01
         vertex 2.915582e+02 2.738500e+02 -1.200000e+01
      endloop
   endfacet
   facet normal 0.000000e+00 1.000000e+00 -0.000000e+00
      outer loop
         vertex 2.915582e+02 2.738500e+02 -2.000000e+01
         vertex -2.915582e+02 2.738500e+02 -2.000000e+01
         vertex 2.915582e+02 2.738500e+02 -1.200000e+01
      endloop
   endfacet
   facet normal 0.000000e+00 1.000000e+00 0.000000e+00
      outer loop
         vertex 2.915582e+02 2.738500e+02 -1.200000e+01
         vertex -2.915582e+02 2.738500e+02 -2.000000e+01
         vertex -2.915582e+02 2.738500e+02 -1.200000e+01
      endloop
   endfacet
   facet normal 0.000000e+00 0.000000e+00 1.000000e+00
      outer loop
         vertex 2.696018e+02 2.954910e+02 -2.000000e+01
         vertex 2.658734e+02 2.988500e+02 -2.000000e+01
         vertex -2.658734e+02 2.988500e+02 -2.000000e+01
      endloop
   endfacet
   facet normal 0.000000e+00 0.000000e+00 1.000000e+00
      outer loop
         vertex -2.658734e+02 2.988500e+02 -2.000000e+01
         vertex -2.696018e+02 2.954910e+02 -2.000000e+01
         vertex 2.696018e+02 2.954910e+02 -2.000000e+01
      endloop
   endfacet
   facet normal 0.000000e+00 0.000000e+00 1.000000e+00
      outer loop
         vertex 2.696018e+02 2.954910e+02 -2.000000e+01
         vertex -2.696018e+02 2.954910e+02 -2.000000e+01
         vertex -2.911391e+02 2.742955e+02 -2.000000e+01
      endloop
   endfacet
   facet normal 0.000000e+00 0.000000e+00 1.000000e+00
      outer loop
         vertex 2.696018e+02 2.954910e+02 -2.000000e+01
         vertex -2.911391e+02 2.742955e+02 -2.000000e+01
         vertex 2.911391e+02 2.742955e+02 -2.000000e+01
      endloop
   endfacet
   facet normal 0.000000e+00 0.000000e+00 1.000000e+00
      outer loop
         vertex 2.911391e+02 2.742955e+02 -2.000000e+01
         vertex -2.911391e+02 2.742955e+02 -2.000000e+01
         vertex -2.915582e+02 2.738500e+02 -2.000000e+01
      endloop
   endfacet
   facet normal 0.000000e+00 0.000000e+00 1.000000e+00
      outer loop
         vertex 2.911391e+02 2.742955e+02 -2.000000e+01
         vertex -2.915582e+02 2.738500e+02 -2.000000e+01
         vertex 2.915582e+02 2.738500e+02 -2.000000e+01
      endloop
   endfacet
   facet normal -0.000000e+00 -1.000000e+00 -0.000000e+00
      outer loop
         vertex 2.658734e+02 2.988500e+02 -1.200000e+01
         vertex -2.658734e+02 2.988500e+02 -1.200000e+01
         vertex 2.658734e+02 2.988500e+02 -2.000000e+01
      endloop
   endfacet
   facet normal 0.000000e+00 -1.000000e+00 0.000000e+00
      outer loop
         vertex 2.658734e+02 2.988500e+02 -2.000000e+01
         vertex -2.658734e+02 2.988500e+02 -1.200000e+01
         vertex -2.658734e+02 2.988500e+02 -2.000000e+01
      endloop
   endfacet
   facet normal 0.000000e+00 -0.000000e+00 -1.000000e+00
      outer loop
         vertex -2.658734e+02 2.988500e+02 -1.200000e+01
         vertex 2.658734e+02 2.988500e+02 -1.200000e+01
         vertex -2.696018e+02 2.954910e+02 -1.200000e+01
      endloop
   endfacet
   facet normal 0.000000e+00 0.000000e+00 -1.000000e+00
      outer loop
         vertex -2.696018e+02 2.954910e+02 -1.200000e+01
         vertex 2.658734e+02 2.988500e+02 -1.200000e+01
         vertex 2.696018e+02 2.954910e+02 -1.200000e+01
      endloop
   endfacet
   facet normal 0.000000e+00 -0.000000e+00 -1.000000e+00
      outer loop
         vertex -2.696018e+02 2.954910e+02 -1.200000e+01
         vertex 2.696018e+02 2.954910e+02 -1.200000e+01
         vertex -2.713893e+02 2.938500e+02 -1.200000e+01
      endloop
   endfacet
   facet normal 0.000000e+00 0.000000e+00 -1.000000e+00
      outer loop
         vertex -2.713893e+02 2.938500e+02 -1.200000e+01
         vertex 2.696018e+02 2.954910e+02 -1.200000e+01
         vertex 2.713893e+02 2.938500e+02 -1.200000e+01
      endloop
   endfacet
   facet normal -0.000000e+00 -1.000000e+00 -0.000000e+00
      outer loop
         vertex 2.713893e+02 2.938500e+02 -8.344651e-07
         vertex -2.713893e+02 2.938500e+02 -8.344651e-07
         vertex 2.713893e+02 2.938500e+02 -1.200000e+01
      endloop
   endfacet
   facet normal 0.000000e+00 -1.000000e+00 0.000000e+00
      outer loop
         vertex 2.713893e+02 2.938500e+02 -1.200000e+01
         vertex -2.713893e+02 2.938500e+02 -8.344651e-07
         vertex -2.713893e+02 2.938500e+02 -1.200000e+01
      endloop
   endfacet
   facet normal 0.000000e+00 1.000000e+00 0.000000e+00
      outer loop
         vertex 3.947212e+02 -6.477000e+01 -8.344651e-07
         vertex 3.947212e+02 -6.477000e+01 -1.200000e+01
         vertex 5.643775e+01 -6.477000e+01 -8.344651e-07
      endloop
   endfacet
   facet normal 0.000000e+00 1.000000e+00 0.000000e+00
      outer loop
         vertex 5.643775e+01 -6.477000e+01 -8.344651e-07
         vertex 3.947212e+02 -6.477000e+01 -1.200000e+01
         vertex 5.643775e+01 -6.477000e+01 -1.200000e+01
      endloop
   endfacet
   facet normal 0.000000e+00 0.000000e+00 -1.000000e+00
      outer loop
         vertex -3.938682e+02 -6.977000e+01 -1.200000e+01
         vertex -3.947212e+02 -6.477000e+01 -1.200000e+01
         vertex -5.012503e+01 -6.977000e+01 -1.200000e+01
      endloop
   endfacet
   facet normal 0.000000e+00 0.000000e+00 -1.000000e+00
      outer loop
         vertex -5.012503e+01 -6.977000e+01 -1.200000e+01
         vertex -3.947212e+02 -6.477000e+01 -1.200000e+01
         vertex -5.643775e+01 -6.477000e+01 -1.200000e+01
      endloop
   endfacet
   facet normal 0.000000e+00 1.000000e+00 0.000000e+00
      outer loop
         vertex 3.938682e+02 -6.977000e+01 -1.200000e+01
         vertex 3.938682e+02 -6.977000e+01 -2.000000e+01
         vertex 5.012503e+01 -6.977000e+01 -1.200000e+01
      endloop
   endfacet
   facet normal 0.000000e+00 1.000000e+00 0.000000e+00
      outer loop
         vertex 5.012503e+01 -6.977000e+01 -1.200000e+01
         vertex 3.938682e+02 -6.977000e+01 -2.000000e+01
         vertex 5.012503e+01 -6.977000e+01 -2.000000e+01
      endloop
   endfacet
   facet normal 0.000000e+00 0.000000e+00 1.000000e+00
      outer loop
         vertex -5.012503e+01 -6.977000e+01 -2.000000e+01
         vertex -5.894754e+01 -6.249447e+01 -2.000000e+01
         vertex -3.938682e+02 -6.977000e+01 -2.000000e+01
      endloop
   endfacet
   facet normal 0.000000e+00 0.000000e+00 1.000000e+00
      outer loop
         vertex -3.938682e+02 -6.977000e+01 -2.000000e+01
         vertex -5.894754e+01 -6.249447e+01 -2.000000e+01
         vertex -6.672558e+01 -5.411163e+01 -2.000000e+01
      endloop
   endfacet
   facet normal 0.000000e+00 -0.000000e+00 1.000000e+00
      outer loop
         vertex -3.938682e+02 -6.977000e+01 -2.000000e+01
         vertex -6.672558e+01 -5.411163e+01 -2.000000e+01
         vertex -3.954410e+02 -6.021964e+01 -2.000000e+01
      endloop
   endfacet
   facet normal 0.000000e+00 0.000000e+00 1.000000e+00
      outer loop
         vertex -3.954410e+02 -6.021964e+01 -2.000000e+01
         vertex -6.672558e+01 -5.411163e+01 -2.000000e+01
         vertex -7.332134e+01 -4.477000e+01 -2.000000e+01
      endloop
   endfacet
   facet normal 0.000000e+00 -0.000000e+00 1.000000e+00
      outer loop
         vertex -3.954410e+02 -6.021964e+01 -2.000000e+01
         vertex -7.332134e+01 -4.477000e+01 -2.000000e+01
         vertex -3.974867e+02 -4.477000e+01 -2.000000e+01
      endloop
   endfacet
   facet normal 0.000000e+00 -1.000000e+00 0.000000e+00
      outer loop
         vertex -3.974867e+02 -4.477000e+01 -1.200000e+01
         vertex -3.974867e+02 -4.477000e+01 -2.000000e+01
         vertex -7.332134e+01 -4.477000e+01 -1.200000e+01
      endloop
   endfacet
   facet normal 0.000000e+00 -1.000000e+00 -0.000000e+00
      outer loop
         vertex -7.332134e+01 -4.477000e+01 -1.200000e+01
         vertex -3.974867e+02 -4.477000e+01 -2.000000e+01
         vertex -7.332134e+01 -4.477000e+01 -2.000000e+01
      endloop
   endfacet
   facet normal 0.000000e+00 0.000000e+00 -1.000000e+00
      outer loop
         vertex -3.968916e+02 -4.977000e+01 -1.200000e+01
         vertex -3.974867e+02 -4.477000e+01 -1.200000e+01
         vertex -7.002370e+01 -4.977000e+01 -1.200000e+01
      endloop
   endfacet
   facet normal 0.000000e+00 0.000000e+00 -1.000000e+00
      outer loop
         vertex -7.002370e+01 -4.977000e+01 -1.200000e+01
         vertex -3.974867e+02 -4.477000e+01 -1.200000e+01
         vertex -7.332134e+01 -4.477000e+01 -1.200000e+01
      endloop
   endfacet
   facet normal 0.000000e+00 -1.000000e+00 0.000000e+00
      outer loop
         vertex -3.968916e+02 -4.977000e+01 -8.344651e-07
         vertex -3.968916e+02 -4.977000e+01 -1.200000e+01
         vertex -7.002370e+01 -4.977000e+01 -8.344651e-07
      endloop
   endfacet
   facet normal 0.000000e+00 -1.000000e+00 -0.000000e+00
      outer loop
         vertex -7.002370e+01 -4.977000e+01 -8.344651e-07
         vertex -3.968916e+02 -4.977000e+01 -1.200000e+01
         vertex -7.002370e+01 -4.977000e+01 -1.200000e+01
      endloop
   endfacet
   facet normal 0.000000e+00 1.000000e+00 -0.000000e+00
      outer loop
         vertex 3.809281e+02 -1.220400e+02 -1.200000e+01
         vertex -3.809281e+02 -1.220400e+02 -1.200000e+01
         vertex 3.809281e+02 -1.220400e+02 -8.344651e-07
      endloop
   endfacet
   facet normal 0.000000e+00 1.000000e+00 0.000000e+00
      outer loop
         vertex 3.809281e+02 -1.220400e+02 -8.344651e-07
         vertex -3.809281e+02 -1.220400e+02 -1.200000e+01
         vertex -3.809281e+02 -1.220400e+02 -8.344651e-07
      endloop
   endfacet
   facet normal 0.000000e+00 0.000000e+00 -1.000000e+00
      outer loop
         vertex 3.792899e+02 -1.270400e+02 -1.200000e+01
         vertex -3.792899e+02 -1.270400e+02 -1.200000e+01
         vertex 3.809281e+02 -1.220400e+02 -1.200000e+01
      endloop
   endfacet
   facet normal -0.000000e+00 0.000000e+00 -1.000000e+00
      outer loop
         vertex 3.809281e+02 -1.220400e+02 -1.200000e+01
         vertex -3.792899e+02 -1.270400e+02 -1.200000e+01
         vertex -3.809281e+02 -1.220400e+02 -1.200000e+01
      endloop
   endfacet
   facet normal 0.000000e+00 1.000000e+00 -0.000000e+00
      outer loop
         vertex 3.792899e+02 -1.270400e+02 -2.000000e+01
         vertex -3.792899e+02 -1.270400e+02 -2.000000e+01
         vertex 3.792899e+02 -1.270400e+02 -1.200000e+01
      endloop
   endfacet
   facet normal 0.000000e+00 1.000000e+00 0.000000e+00
      outer loop
         vertex 3.792899e+02 -1.270400e+02 -1.200000e+01
         vertex -3.792899e+02 -1.270400e+02 -2.000000e+01
         vertex -3.792899e+02 -1.270400e+02 -1.200000e+01
      endloop
   endfacet
   facet normal 0.000000e+00 -0.000000e+00 1.000000e+00
      outer loop
         vertex -3.792899e+02 -1.270400e+02 -2.000000e+01
         vertex 3.792899e+02 -1.270400e+02 -2.000000e+01
         vertex -3.818680e+02 -1.190666e+02 -2.000000e+01
      endloop
   endfacet
   facet normal -0.000000e+00 0.000000e+00 1.000000e+00
      outer loop
         vertex -3.818680e+02 -1.190666e+02 -2.000000e+01
         vertex 3.792899e+02 -1.270400e+02 -2.000000e+01
         vertex 3.818680e+02 -1.190666e+02 -2.000000e+01
      endloop
   endfacet
   facet normal 0.000000e+00 -0.000000e+00 1.000000e+00
      outer loop
         vertex -3.818680e+02 -1.190666e+02 -2.000000e+01
         vertex 3.818680e+02 -1.190666e+02 -2.000000e+01
         vertex -3.867659e+02 -1.020400e+02 -2.000000e+01
      endloop
   endfacet
   facet normal -0.000000e+00 0.000000e+00 1.000000e+00
      outer loop
         vertex -3.867659e+02 -1.020400e+02 -2.000000e+01
         vertex 3.818680e+02 -1.190666e+02 -2.000000e+01
         vertex 3.867659e+02 -1.020400e+02 -2.000000e+01
      endloop
   endfacet
   facet normal -0.000000e+00 -1.000000e+00 -0.000000e+00
      outer loop
         vertex 3.867659e+02 -1.020400e+02 -1.200000e+01
         vertex -3.867659e+02 -1.020400e+02 -1.200000e+01
         vertex 3.867659e+02 -1.020400e+02 -2.000000e+01
      endloop
   endfacet
   facet normal 0.000000e+00 -1.000000e+00 0.000000e+00
      outer loop
         vertex 3.867659e+02 -1.020400e+02 -2.000000e+01
         vertex -3.867659e+02 -1.020400e+02 -1.200000e+01
         vertex -3.867659e+02 -1.020400e+02 -2.000000e+01
      endloop
   endfacet
   facet normal 0.000000e+00 0.000000e+00 -1.000000e+00
      outer loop
         vertex 3.854120e+02 -1.070400e+02 -1.200000e+01
         vertex -3.854120e+02 -1.070400e+02 -1.200000e+01
         vertex 3.867659e+02 -1.020400e+02 -1.200000e+01
      endloop
   endfacet
   facet normal -0.000000e+00 0.000000e+00 -1.000000e+00
      outer loop
         vertex 3.867659e+02 -1.020400e+02 -1.200000e+01
         vertex -3.854120e+02 -1.070400e+02 -1.200000e+01
         vertex -3.867659e+02 -1.020400e+02 -1.200000e+01
      endloop
   endfacet
   facet normal -0.000000e+00 -1.000000e+00 -0.000000e+00
      outer loop
         vertex 3.854120e+02 -1.070400e+02 -8.344651e-07
         vertex -3.854120e+02 -1.070400e+02 -8.344651e-07
         vertex 3.854120e+02 -1.070400e+02 -1.200000e+01
      endloop
   endfacet
   facet normal 0.000000e+00 -1.000000e+00 0.000000e+00
      outer loop
         vertex 3.854120e+02 -1.070400e+02 -1.200000e+01
         vertex -3.854120e+02 -1.070400e+02 -8.344651e-07
         vertex -3.854120e+02 -1.070400e+02 -1.200000e+01
      endloop
   endfacet
   facet normal 0.000000e+00 1.000000e+00 -0.000000e+00
      outer loop
         vertex 3.575583e+02 -1.793100e+02 -1.200000e+01
         vertex -3.575583e+02 -1.793100e+02 -1.200000e+01
         vertex 3.575583e+02 -1.793100e+02 -8.344651e-07
      endloop
   endfacet
   facet normal 0.000000e+00 1.000000e+00 0.000000e+00
      outer loop
         vertex 3.575583e+02 -1.793100e+02 -8.344651e-07
         vertex -3.575583e+02 -1.793100e+02 -1.200000e+01
         vertex -3.575583e+02 -1.793100e+02 -8.344651e-07
      endloop
   endfacet
   facet normal 0.000000e+00 0.000000e+00 -1.000000e+00
      outer loop
         vertex 3.550068e+02 -1.843100e+02 -1.200000e+01
         vertex -3.550068e+02 -1.843100e+02 -1.200000e+01
         vertex 3.575583e+02 -1.793100e+02 -1.200000e+01
      endloop
   endfacet
   facet normal -0.000000e+00 0.000000e+00 -1.000000e+00
      outer loop
         vertex 3.575583e+02 -1.793100e+02 -1.200000e+01
         vertex -3.550068e+02 -1.843100e+02 -1.200000e+01
         vertex -3.575583e+02 -1.793100e+02 -1.200000e+01
      endloop
   endfacet
   facet normal 0.000000e+00 1.000000e+00 -0.000000e+00
      outer loop
         vertex 3.550068e+02 -1.843100e+02 -2.000000e+01
         vertex -3.550068e+02 -1.843100e+02 -2.000000e+01
         vertex 3.550068e+02 -1.843100e+02 -1.200000e+01
      endloop
   endfacet
   facet normal 0.000000e+00 1.000000e+00 0.000000e+00
      outer loop
         vertex 3.550068e+02 -1.843100e+02 -1.200000e+01
         vertex -3.550068e+02 -1.843100e+02 -2.000000e+01
         vertex -3.550068e+02 -1.843100e+02 -1.200000e+01
      endloop
   endfacet
   facet normal 0.000000e+00 -0.000000e+00 1.000000e+00
      outer loop
         vertex -3.550068e+02 -1.843100e+02 -2.000000e+01
         vertex 3.550068e+02 -1.843100e+02 -2.000000e+01
         vertex -3.595903e+02 -1.751994e+02 -2.000000e+01
      endloop
   endfacet
   facet normal -0.000000e+00 0.000000e+00 1.000000e+00
      outer loop
         vertex -3.595903e+02 -1.751994e+02 -2.000000e+01
         vertex 3.550068e+02 -1.843100e+02 -2.000000e+01
         vertex 3.595903e+02 -1.751994e+02 -2.000000e+01
      endloop
   endfacet
   facet normal 0.000000e+00 -0.000000e+00 1.000000e+00
      outer loop
         vertex -3.595903e+02 -1.751994e+02 -2.000000e+01
         vertex 3.595903e+02 -1.751994e+02 -2.000000e+01
         vertex -3.669064e+02 -1.593100e+02 -2.000000e+01
      endloop
   endfacet
   facet normal -0.000000e+00 0.000000e+00 1.000000e+00
      outer loop
         vertex -3.669064e+02 -1.593100e+02 -2.000000e+01
         vertex 3.595903e+02 -1.751994e+02 -2.000000e+01
         vertex 3.669064e+02 -1.593100e+02 -2.000000e+01
      endloop
   endfacet
   facet normal -0.000000e+00 -1.000000e+00 -0.000000e+00
      outer loop
         vertex 3.669064e+02 -1.593100e+02 -1.200000e+01
         vertex -3.669064e+02 -1.593100e+02 -1.200000e+01
         vertex 3.669064e+02 -1.593100e+02 -2.000000e+01
      endloop
   endfacet
   facet normal 0.000000e+00 -1.000000e+00 0.000000e+00
      outer loop
         vertex 3.669064e+02 -1.593100e+02 -2.000000e+01
         vertex -3.669064e+02 -1.593100e+02 -1.200000e+01
         vertex -3.669064e+02 -1.593100e+02 -2.000000e+01
      endloop
   endfacet
   facet normal 0.000000e+00 0.000000e+00 -1.000000e+00
      outer loop
         vertex 3.646947e+02 -1.643100e+02 -1.200000e+01
         vertex -3.646947e+02 -1.643100e+02 -1.200000e+01
         vertex 3.669064e+02 -1.593100e+02 -1.200000e+01
      endloop
   endfacet
   facet normal -0.000000e+00 0.000000e+00 -1.000000e+00
      outer loop
         vertex 3.669064e+02 -1.593100e+02 -1.200000e+01
         vertex -3.646947e+02 -1.643100e+02 -1.200000e+01
         vertex -3.669064e+02 -1.593100e+02 -1.200000e+01
      endloop
   endfacet
   facet normal -0.000000e+00 -1.000000e+00 -0.000000e+00
      outer loop
         vertex 3.646947e+02 -1.643100e+02 -8.344651e-07
         vertex -3.646947e+02 -1.643100e+02 -8.344651e-07
         vertex 3.646947e+02 -1.643100e+02 -1.200000e+01
      endloop
   endfacet
   facet normal 0.000000e+00 -1.000000e+00 0.000000e+00
      outer loop
         vertex 3.646947e+02 -1.643100e+02 -1.200000e+01
         vertex -3.646947e+02 -1.643100e+02 -8.344651e-07
         vertex -3.646947e+02 -1.643100e+02 -1.200000e+01
      endloop
   endfacet
   facet normal 0.000000e+00 1.000000e+00 -0.000000e+00
      outer loop
         vertex 3.225367e+02 -2.365800e+02 -1.200000e+01
         vertex -3.225367e+02 -2.365800e+02 -1.200000e+01
         vertex 3.225367e+02 -2.365800e+02 -8.344651e-07
      endloop
   endfacet
   facet normal 0.000000e+00 1.000000e+00 0.000000e+00
      outer loop
         vertex 3.225367e+02 -2.365800e+02 -8.344651e-07
         vertex -3.225367e+02 -2.365800e+02 -1.200000e+01
         vertex -3.225367e+02 -2.365800e+02 -8.344651e-07
      endloop
   endfacet
   facet normal 0.000000e+00 0.000000e+00 -1.000000e+00
      outer loop
         vertex 3.188089e+02 -2.415800e+02 -1.200000e+01
         vertex -3.188089e+02 -2.415800e+02 -1.200000e+01
         vertex 3.225367e+02 -2.365800e+02 -1.200000e+01
      endloop
   endfacet
   facet normal -0.000000e+00 0.000000e+00 -1.000000e+00
      outer loop
         vertex 3.225367e+02 -2.365800e+02 -1.200000e+01
         vertex -3.188089e+02 -2.415800e+02 -1.200000e+01
         vertex -3.225367e+02 -2.365800e+02 -1.200000e+01
      endloop
   endfacet
   facet normal 0.000000e+00 1.000000e+00 -0.000000e+00
      outer loop
         vertex 3.188089e+02 -2.415800e+02 -2.000000e+01
         vertex -3.188089e+02 -2.415800e+02 -2.000000e+01
         vertex 3.188089e+02 -2.415800e+02 -1.200000e+01
      endloop
   endfacet
   facet normal 0.000000e+00 1.000000e+00 0.000000e+00
      outer loop
         vertex 3.188089e+02 -2.415800e+02 -1.200000e+01
         vertex -3.188089e+02 -2.415800e+02 -2.000000e+01
         vertex -3.188089e+02 -2.415800e+02 -1.200000e+01
      endloop
   endfacet
   facet normal 0.000000e+00 -0.000000e+00 1.000000e+00
      outer loop
         vertex -3.188089e+02 -2.415800e+02 -2.000000e+01
         vertex 3.188089e+02 -2.415800e+02 -2.000000e+01
         vertex -3.291157e+02 -2.273386e+02 -2.000000e+01
      endloop
   endfacet
   facet normal -0.000000e+00 0.000000e+00 1.000000e+00
      outer loop
         vertex -3.291157e+02 -2.273386e+02 -2.000000e+01
         vertex 3.188089e+02 -2.415800e+02 -2.000000e+01
         vertex 3.291157e+02 -2.273386e+02 -2.000000e+01
      endloop
   endfacet
   facet normal 0.000000e+00 -0.000000e+00 1.000000e+00
      outer loop
         vertex -3.291157e+02 -2.273386e+02 -2.000000e+01
         vertex 3.291157e+02 -2.273386e+02 -2.000000e+01
         vertex -3.362932e+02 -2.165800e+02 -2.000000e+01
      endloop
   endfacet
   facet normal -0.000000e+00 0.000000e+00 1.000000e+00
      outer loop
         vertex -3.362932e+02 -2.165800e+02 -2.000000e+01
         vertex 3.291157e+02 -2.273386e+02 -2.000000e+01
         vertex 3.362932e+02 -2.165800e+02 -2.000000e+01
      endloop
   endfacet
   facet normal -0.000000e+00 -1.000000e+00 -0.000000e+00
      outer loop
         vertex 3.362932e+02 -2.165800e+02 -1.200000e+01
         vertex -3.362932e+02 -2.165800e+02 -1.200000e+01
         vertex 3.362932e+02 -2.165800e+02 -2.000000e+01
      endloop
   endfacet
   facet normal 0.000000e+00 -1.000000e+00 0.000000e+00
      outer loop
         vertex 3.362932e+02 -2.165800e+02 -2.000000e+01
         vertex -3.362932e+02 -2.165800e+02 -1.200000e+01
         vertex -3.362932e+02 -2.165800e+02 -2.000000e+01
      endloop
   endfacet
   facet normal 0.000000e+00 0.000000e+00 -1.000000e+00
      outer loop
         vertex 3.330200e+02 -2.215800e+02 -1.200000e+01
         vertex -3.330200e+02 -2.215800e+02 -1.200000e+01
         vertex 3.362932e+02 -2.165800e+02 -1.200000e+01
      endloop
   endfacet
   facet normal -0.000000e+00 0.000000e+00 -1.000000e+00
      outer loop
         vertex 3.362932e+02 -2.165800e+02 -1.200000e+01
         vertex -3.330200e+02 -2.215800e+02 -1.200000e+01
         vertex -3.362932e+02 -2.165800e+02 -1.200000e+01
      endloop
   endfacet
   facet normal -0.000000e+00 -1.000000e+00 -0.000000e+00
      outer loop
         vertex 3.330200e+02 -2.215800e+02 -8.344651e-07
         vertex -3.330200e+02 -2.215800e+02 -8.344651e-07
         vertex 3.330200e+02 -2.215800e+02 -1.200000e+01
      endloop
   endfacet
   facet normal 0.000000e+00 -1.000000e+00 0.000000e+00
      outer loop
         vertex 3.330200e+02 -2.215800e+02 -1.200000e+01
         vertex -3.330200e+02 -2.215800e+02 -8.344651e-07
         vertex -3.330200e+02 -2.215800e+02 -1.200000e+01
      endloop
   endfacet
   facet normal 0.000000e+00 1.000000e+00 -0.000000e+00
      outer loop
         vertex 2.713893e+02 -2.938500e+02 -1.200000e+01
         vertex -2.713893e+02 -2.938500e+02 -1.200000e+01
         vertex 2.713893e+02 -2.938500e+02 -8.344651e-07
      endloop
   endfacet
   facet normal 0.000000e+00 1.000000e+00 0.000000e+00
      outer loop
         vertex 2.713893e+02 -2.938500e+02 -8.344651e-07
         vertex -2.713893e+02 -2.938500e+02 -1.200000e+01
         vertex -2.713893e+02 -2.938500e+02 -8.344651e-07
      endloop
   endfacet
   facet normal 0.000000e+00 0.000000e+00 -1.000000e+00
      outer loop
         vertex -2.713893e+02 -2.938500e+02 -1.200000e+01
         vertex 2.713893e+02 -2.938500e+02 -1.200000e+01
         vertex 2.696018e+02 -2.954910e+02 -1.200000e+01
      endloop
   endfacet
   facet normal 0.000000e+00 0.000000e+00 -1.000000e+00
      outer loop
         vertex 2.658734e+02 -2.988500e+02 -1.200000e+01
         vertex -2.658734e+02 -2.988500e+02 -1.200000e+01
         vertex 2.696018e+02 -2.954910e+02 -1.200000e+01
      endloop
   endfacet
   facet normal -0.000000e+00 0.000000e+00 -1.000000e+00
      outer loop
         vertex 2.696018e+02 -2.954910e+02 -1.200000e+01
         vertex -2.658734e+02 -2.988500e+02 -1.200000e+01
         vertex -2.696018e+02 -2.954910e+02 -1.200000e+01
      endloop
   endfacet
   facet normal 0.000000e+00 0.000000e+00 -1.000000e+00
      outer loop
         vertex 2.696018e+02 -2.954910e+02 -1.200000e+01
         vertex -2.696018e+02 -2.954910e+02 -1.200000e+01
         vertex -2.713893e+02 -2.938500e+02 -1.200000e+01
      endloop
   endfacet
   facet normal 0.000000e+00 1.000000e+00 -0.000000e+00
      outer loop
         vertex 2.658734e+02 -2.988500e+02 -2.000000e+01
         vertex -2.658734e+02 -2.988500e+02 -2.000000e+01
         vertex 2.658734e+02 -2.988500e+02 -1.200000e+01
      endloop
   endfacet
   facet normal 0.000000e+00 1.000000e+00 0.000000e+00
      outer loop
         vertex 2.658734e+02 -2.988500e+02 -1.200000e+01
         vertex -2.658734e+02 -2.988500e+02 -2.000000e+01
         vertex -2.658734e+02 -2.988500e+02 -1.200000e+01
      endloop
   endfacet
   facet normal 0.000000e+00 -0.000000e+00 1.000000e+00
      outer loop
         vertex -2.658734e+02 -2.988500e+02 -2.000000e+01
         vertex 2.658734e+02 -2.988500e+02 -2.000000e+01
         vertex -2.696018e+02 -2.954910e+02 -2.000000e+01
      endloop
   endfacet
   facet normal -0.000000e+00 0.000000e+00 1.000000e+00
      outer loop
         vertex -2.696018e+02 -2.954910e+02 -2.000000e+01
         vertex 2.658734e+02 -2.988500e+02 -2.000000e+01
         vertex 2.696018e+02 -2.954910e+02 -2.000000e+01
      endloop
   endfacet
   facet normal 0.000000e+00 -0.000000e+00 1.000000e+00
      outer loop
         vertex -2.696018e+02 -2.954910e+02 -2.000000e+01
         vertex 2.696018e+02 -2.954910e+02 -2.000000e+01
         vertex -2.911391e+02 -2.742955e+02 -2.000000e+01
      endloop
   endfacet
   facet normal -0.000000e+00 0.000000e+00 1.000000e+00
      outer loop
         vertex -2.911391e+02 -2.742955e+02 -2.000000e+01
         vertex 2.696018e+02 -2.954910e+02 -2.000000e+01
         vertex 2.911391e+02 -2.742955e+02 -2.000000e+01
      endloop
   endfacet
   facet normal 0.000000e+00 -0.000000e+00 1.000000e+00
      outer loop
         vertex -2.911391e+02 -2.742955e+02 -2.000000e+01
         vertex 2.911391e+02 -2.742955e+02 -2.000000e+01
         vertex -2.915582e+02 -2.738500e+02 -2.000000e+01
      endloop
   endfacet
   facet normal -0.000000e+00 0.000000e+00 1.000000e+00
      outer loop
         vertex -2.915582e+02 -2.738500e+02 -2.000000e+01
         vertex 2.911391e+02 -2.742955e+02 -2.000000e+01
         vertex 2.915582e+02 -2.738500e+02 -2.000000e+01
      endloop
   endfacet
   facet normal -0.000000e+00 -1.000000e+00 -0.000000e+00
      outer loop
         vertex 2.915582e+02 -2.738500e+02 -1.200000e+01
         vertex -2.915582e+02 -2.738500e+02 -1.200000e+01
         vertex 2.915582e+02 -2.738500e+02 -2.000000e+01
      endloop
   endfacet
   facet normal 0.000000e+00 -1.000000e+00 0.000000e+00
      outer loop
         vertex 2.915582e+02 -2.738500e+02 -2.000000e+01
         vertex -2.915582e+02 -2.738500e+02 -1.200000e+01
         vertex -2.915582e+02 -2.738500e+02 -2.000000e+01
      endloop
   endfacet
   facet normal 0.000000e+00 0.000000e+00 -1.000000e+00
      outer loop
         vertex -2.915582e+02 -2.738500e+02 -1.200000e+01
         vertex 2.915582e+02 -2.738500e+02 -1.200000e+01
         vertex 2.911391e+02 -2.742955e+02 -1.200000e+01
      endloop
   endfacet
   facet normal 0.000000e+00 0.000000e+00 -1.000000e+00
      outer loop
         vertex 2.867799e+02 -2.788500e+02 -1.200000e+01
         vertex -2.867799e+02 -2.788500e+02 -1.200000e+01
         vertex 2.911391e+02 -2.742955e+02 -1.200000e+01
      endloop
   endfacet
   facet normal -0.000000e+00 0.000000e+00 -1.000000e+00
      outer loop
         vertex 2.911391e+02 -2.742955e+02 -1.200000e+01
         vertex -2.867799e+02 -2.788500e+02 -1.200000e+01
         vertex -2.911391e+02 -2.742955e+02 -1.200000e+01
      endloop
   endfacet
   facet normal 0.000000e+00 0.000000e+00 -1.000000e+00
      outer loop
         vertex 2.911391e+02 -2.742955e+02 -1.200000e+01
         vertex -2.911391e+02 -2.742955e+02 -1.200000e+01
         vertex -2.915582e+02 -2.738500e+02 -1.200000e+01
      endloop
   endfacet
   facet normal -0.000000e+00 -1.000000e+00 -0.000000e+00
      outer loop
         vertex 2.867799e+02 -2.788500e+02 -8.344651e-07
         vertex -2.867799e+02 -2.788500e+02 -8.344651e-07
         vertex 2.867799e+02 -2.788500e+02 -1.200000e+01
      endloop
   endfacet
   facet normal 0.000000e+00 -1.000000e+00 0.000000e+00
      outer loop
         vertex 2.867799e+02 -2.788500e+02 -1.200000e+01
         vertex -2.867799e+02 -2.788500e+02 -8.344651e-07
         vertex -2.867799e+02 -2.788500e+02 -1.200000e+01
      endloop
   endfacet
   facet normal -8.347905e-01 -5.505677e-01 -0.000000e+00
      outer loop
         vertex -7.332134e+01 -4.477000e+01 -1.200000e+01
         vertex -7.332134e+01 -4.477000e+01 -2.000000e+01
         vertex -7.002370e+01 -4.977000e+01 -1.200000e+01
      endloop
   endfacet
   facet normal -8.166686e-01 -5.766180e-01 -2.375139e-02
      outer loop
         vertex -7.002370e+01 -4.977000e+01 -1.200000e+01
         vertex -7.332134e+01 -4.477000e+01 -2.000000e+01
         vertex -6.672558e+01 -5.411163e+01 -2.000000e+01
      endloop
   endfacet
   facet normal -7.962961e-01 -6.049070e-01 0.000000e+00
      outer loop
         vertex -7.002370e+01 -4.977000e+01 -1.200000e+01
         vertex -6.672558e+01 -5.411163e+01 -2.000000e+01
         vertex -7.002370e+01 -4.977000e+01 -8.344651e-07
      endloop
   endfacet
   facet normal -6.362246e-01 -7.715039e-01 0.000000e+00
      outer loop
         vertex -5.012503e+01 -6.977000e+01 -2.000000e+01
         vertex -5.012503e+01 -6.977000e+01 -1.200000e+01
         vertex -5.894754e+01 -6.249447e+01 -2.000000e+01
      endloop
   endfacet
   facet normal -6.206426e-01 -7.835873e-01 -2.817322e-02
      outer loop
         vertex -5.894754e+01 -6.249447e+01 -2.000000e+01
         vertex -5.012503e+01 -6.977000e+01 -1.200000e+01
         vertex -5.643775e+01 -6.477000e+01 -1.200000e+01
      endloop
   endfacet
   facet normal -7.962961e-01 -6.049070e-01 0.000000e+00
      outer loop
         vertex -7.002370e+01 -4.977000e+01 -8.344651e-07
         vertex -6.672558e+01 -5.411163e+01 -2.000000e+01
         vertex -6.672558e+01 -5.411163e+01 -8.344651e-07
      endloop
   endfacet
   facet normal -7.330565e-01 -6.801677e-01 -0.000000e+00
      outer loop
         vertex -6.672558e+01 -5.411163e+01 -8.344651e-07
         vertex -6.672558e+01 -5.411163e+01 -2.000000e+01
         vertex -5.894754e+01 -6.249447e+01 -2.000000e+01
      endloop
   endfacet
   facet normal -7.330565e-01 -6.801677e-01 0.000000e+00
      outer loop
         vertex -6.672558e+01 -5.411163e+01 -8.344651e-07
         vertex -5.894754e+01 -6.249447e+01 -2.000000e+01
         vertex -5.894754e+01 -6.249447e+01 -8.344651e-07
      endloop
   endfacet
   facet normal -6.716849e-01 -7.408369e-01 -0.000000e+00
      outer loop
         vertex -5.894754e+01 -6.249447e+01 -8.344651e-07
         vertex -5.894754e+01 -6.249447e+01 -2.000000e+01
         vertex -5.643775e+01 -6.477000e+01 -1.200000e+01
      endloop
   endfacet
   facet normal -6.716849e-01 -7.408369e-01 0.000000e+00
      outer loop
         vertex -5.894754e+01 -6.249447e+01 -8.344651e-07
         vertex -5.643775e+01 -6.477000e+01 -1.200000e+01
         vertex -5.643775e+01 -6.477000e+01 -8.344651e-07
      endloop
   endfacet
   facet normal 8.168990e-01 -5.767807e-01 0.000000e+00
      outer loop
         vertex 7.332134e+01 -4.477000e+01 -2.000000e+01
         vertex 7.332134e+01 -4.477000e+01 -1.200000e+01
         vertex 6.672558e+01 -5.411163e+01 -2.000000e+01
      endloop
   endfacet
   facet normal 8.339330e-01 -5.500022e-01 -4.531341e-02
      outer loop
         vertex 6.672558e+01 -5.411163e+01 -2.000000e+01
         vertex 7.332134e+01 -4.477000e+01 -1.200000e+01
         vertex 7.002370e+01 -4.977000e+01 -1.200000e+01
      endloop
   endfacet
   facet normal 6.208890e-01 -7.838985e-01 0.000000e+00
      outer loop
         vertex 5.012503e+01 -6.977000e+01 -1.200000e+01
         vertex 5.012503e+01 -6.977000e+01 -2.000000e+01
         vertex 5.643775e+01 -6.477000e+01 -1.200000e+01
      endloop
   endfacet
   facet normal 6.360993e-01 -7.713520e-01 -1.984383e-02
      outer loop
         vertex 5.643775e+01 -6.477000e+01 -1.200000e+01
         vertex 5.012503e+01 -6.977000e+01 -2.000000e+01
         vertex 5.894754e+01 -6.249447e+01 -2.000000e+01
      endloop
   endfacet
   facet normal 6.716849e-01 -7.408369e-01 0.000000e+00
      outer loop
         vertex 5.643775e+01 -6.477000e+01 -1.200000e+01
         vertex 5.894754e+01 -6.249447e+01 -2.000000e+01
         vertex 5.643775e+01 -6.477000e+01 -8.344651e-07
      endloop
   endfacet
   facet normal 6.716849e-01 -7.408369e-01 0.000000e+00
      outer loop
         vertex 5.643775e+01 -6.477000e+01 -8.344651e-07
         vertex 5.894754e+01 -6.249447e+01 -2.000000e+01
         vertex 5.894754e+01 -6.249447e+01 -8.344651e-07
      endloop
   endfacet
   facet normal 7.330565e-01 -6.801677e-01 0.000000e+00
      outer loop
         vertex 5.894754e+01 -6.249447e+01 -8.344651e-07
         vertex 5.894754e+01 -6.249447e+01 -2.000000e+01
         vertex 6.672558e+01 -5.411163e+01 -2.000000e+01
      endloop
   endfacet
   facet normal 7.330565e-01 -6.801677e-01 0.000000e+00
      outer loop
         vertex 5.894754e+01 -6.249447e+01 -8.344651e-07
         vertex 6.672558e+01 -5.411163e+01 -2.000000e+01
         vertex 6.672558e+01 -5.411163e+01 -8.344651e-07
      endloop
   endfacet
   facet normal 7.962961e-01 -6.049070e-01 0.000000e+00
      outer loop
         vertex 6.672558e+01 -5.411163e+01 -8.344651e-07
         vertex 6.672558e+01 -5.411163e+01 -2.000000e+01
         vertex 7.002370e+01 -4.977000e+01 -1.200000e+01
      endloop
   endfacet
   facet normal 7.962961e-01 -6.049070e-01 0.000000e+00
      outer loop
         vertex 6.672558e+01 -5.411163e+01 -8.344651e-07
         vertex 7.002370e+01 -4.977000e+01 -1.200000e+01
         vertex 7.002370e+01 -4.977000e+01 -8.344651e-07
      endloop
   endfacet
   facet normal -6.208890e-01 7.838985e-01 0.000000e+00
      outer loop
         vertex -5.012503e+01 6.977000e+01 -1.200000e+01
         vertex -5.012503e+01 6.977000e+01 -2.000000e+01
         vertex -5.643775e+01 6.477000e+01 -1.200000e+01
      endloop
   endfacet
   facet normal -6.360993e-01 7.713520e-01 -1.984383e-02
      outer loop
         vertex -5.643775e+01 6.477000e+01 -1.200000e+01
         vertex -5.012503e+01 6.977000e+01 -2.000000e+01
         vertex -5.894754e+01 6.249447e+01 -2.000000e+01
      endloop
   endfacet
   facet normal -6.716849e-01 7.408369e-01 0.000000e+00
      outer loop
         vertex -5.643775e+01 6.477000e+01 -1.200000e+01
         vertex -5.894754e+01 6.249447e+01 -2.000000e+01
         vertex -5.643775e+01 6.477000e+01 -8.344651e-07
      endloop
   endfacet
   facet normal -8.168990e-01 5.767807e-01 0.000000e+00
      outer loop
         vertex -7.332134e+01 4.477000e+01 -2.000000e+01
         vertex -7.332134e+01 4.477000e+01 -1.200000e+01
         vertex -6.672558e+01 5.411163e+01 -2.000000e+01
      endloop
   endfacet
   facet normal -8.339330e-01 5.500022e-01 -4.531341e-02
      outer loop
         vertex -6.672558e+01 5.411163e+01 -2.000000e+01
         vertex -7.332134e+01 4.477000e+01 -1.200000e+01
         vertex -7.002370e+01 4.977000e+01 -1.200000e+01
      endloop
   endfacet
   facet normal -6.716849e-01 7.408369e-01 0.000000e+00
      outer loop
         vertex -5.643775e+01 6.477000e+01 -8.344651e-07
         vertex -5.894754e+01 6.249447e+01 -2.000000e+01
         vertex -5.894754e+01 6.249447e+01 -8.344651e-07
      endloop
   endfacet
   facet normal -7.330565e-01 6.801677e-01 0.000000e+00
      outer loop
         vertex -5.894754e+01 6.249447e+01 -8.344651e-07
         vertex -5.894754e+01 6.249447e+01 -2.000000e+01
         vertex -6.672558e+01 5.411163e+01 -2.000000e+01
      endloop
   endfacet
   facet normal -7.330565e-01 6.801677e-01 0.000000e+00
      outer loop
         vertex -5.894754e+01 6.249447e+01 -8.344651e-07
         vertex -6.672558e+01 5.411163e+01 -2.000000e+01
         vertex -6.672558e+01 5.411163e+01 -8.344651e-07
      endloop
   endfacet
   facet normal -7.962961e-01 6.049070e-01 0.000000e+00
      outer loop
         vertex -6.672558e+01 5.411163e+01 -8.344651e-07
         vertex -6.672558e+01 5.411163e+01 -2.000000e+01
         vertex -7.002370e+01 4.977000e+01 -1.200000e+01
      endloop
   endfacet
   facet normal -7.962961e-01 6.049070e-01 0.000000e+00
      outer loop
         vertex -6.672558e+01 5.411163e+01 -8.344651e-07
         vertex -7.002370e+01 4.977000e+01 -1.200000e+01
         vertex -7.002370e+01 4.977000e+01 -8.344651e-07
      endloop
   endfacet
   facet normal 6.362246e-01 7.715039e-01 -0.000000e+00
      outer loop
         vertex 5.012503e+01 6.977000e+01 -2.000000e+01
         vertex 5.012503e+01 6.977000e+01 -1.200000e+01
         vertex 5.894754e+01 6.249447e+01 -2.000000e+01
      endloop
   endfacet
   facet normal 6.206426e-01 7.835873e-01 -2.817322e-02
      outer loop
         vertex 5.894754e+01 6.249447e+01 -2.000000e+01
         vertex 5.012503e+01 6.977000e+01 -1.200000e+01
         vertex 5.643775e+01 6.477000e+01 -1.200000e+01
      endloop
   endfacet
   facet normal 8.347905e-01 5.505677e-01 0.000000e+00
      outer loop
         vertex 7.332134e+01 4.477000e+01 -1.200000e+01
         vertex 7.332134e+01 4.477000e+01 -2.000000e+01
         vertex 7.002370e+01 4.977000e+01 -1.200000e+01
      endloop
   endfacet
   facet normal 8.166686e-01 5.766180e-01 -2.375139e-02
      outer loop
         vertex 7.002370e+01 4.977000e+01 -1.200000e+01
         vertex 7.332134e+01 4.477000e+01 -2.000000e+01
         vertex 6.672558e+01 5.411163e+01 -2.000000e+01
      endloop
   endfacet
   facet normal 7.962961e-01 6.049070e-01 -0.000000e+00
      outer loop
         vertex 7.002370e+01 4.977000e+01 -1.200000e+01
         vertex 6.672558e+01 5.411163e+01 -2.000000e+01
         vertex 7.002370e+01 4.977000e+01 -8.344651e-07
      endloop
   endfacet
   facet normal 7.962961e-01 6.049070e-01 0.000000e+00
      outer loop
         vertex 7.002370e+01 4.977000e+01 -8.344651e-07
         vertex 6.672558e+01 5.411163e+01 -2.000000e+01
         vertex 6.672558e+01 5.411163e+01 -8.344651e-07
      endloop
   endfacet
   facet normal 7.330565e-01 6.801677e-01 0.000000e+00
      outer loop
         vertex 6.672558e+01 5.411163e+01 -8.344651e-07
         vertex 6.672558e+01 5.411163e+01 -2.000000e+01
         vertex 5.894754e+01 6.249447e+01 -2.000000e+01
      endloop
   endfacet
   facet normal 7.330565e-01 6.801677e-01 0.000000e+00
      outer loop
         vertex 6.672558e+01 5.411163e+01 -8.344651e-07
         vertex 5.894754e+01 6.249447e+01 -2.000000e+01
         vertex 5.894754e+01 6.249447e+01 -8.344651e-07
      endloop
   endfacet
   facet normal 6.716849e-01 7.408369e-01 0.000000e+00
      outer loop
         vertex 5.894754e+01 6.249447e+01 -8.344651e-07
         vertex 5.894754e+01 6.249447e+01 -2.000000e+01
         vertex 5.643775e+01 6.477000e+01 -1.200000e+01
      endloop
   endfacet
   facet normal 6.716849e-01 7.408369e-01 0.000000e+00
      outer loop
         vertex 5.894754e+01 6.249447e+01 -8.344651e-07
         vertex 5.643775e+01 6.477000e+01 -1.200000e+01
         vertex 5.643775e+01 6.477000e+01 -8.344651e-07
      endloop
   endfacet
   facet normal 9.990450e-01 4.369215e-02 0.000000e+00
      outer loop
         vertex 8.558109e+01 7.500000e+00 -8.344651e-07
         vertex 8.590909e+01 -1.009676e-14 -8.344651e-07
         vertex 8.558109e+01 7.500000e+00 -1.200000e+01
      endloop
   endfacet
   facet normal 9.990450e-01 4.369215e-02 -1.410374e-17
      outer loop
         vertex 8.558109e+01 7.500000e+00 -1.200000e+01
         vertex 8.590909e+01 -1.009676e-14 -8.344651e-07
         vertex 8.590909e+01 -1.703565e-14 -2.000000e+01
      endloop
   endfacet
   facet normal 9.908775e-01 1.161802e-01 -6.829244e-02
      outer loop
         vertex 8.558109e+01 7.500000e+00 -1.200000e+01
         vertex 8.590909e+01 -1.703565e-14 -2.000000e+01
         vertex 8.499484e+01 1.250000e+01 -1.200000e+01
      endloop
   endfacet
   facet normal 9.973359e-01 7.294541e-02 0.000000e+00
      outer loop
         vertex 8.499484e+01 1.250000e+01 -1.200000e+01
         vertex 8.590909e+01 -1.703565e-14 -2.000000e+01
         vertex 8.499484e+01 1.250000e+01 -2.000000e+01
      endloop
   endfacet
   facet normal 9.931963e-01 -1.164520e-01 0.000000e+00
      outer loop
         vertex 8.499484e+01 -1.250000e+01 -1.200000e+01
         vertex 8.499484e+01 -1.250000e+01 -2.000000e+01
         vertex 8.558109e+01 -7.500000e+00 -1.200000e+01
      endloop
   endfacet
   facet normal 9.969592e-01 -7.291786e-02 -2.748464e-02
      outer loop
         vertex 8.558109e+01 -7.500000e+00 -1.200000e+01
         vertex 8.499484e+01 -1.250000e+01 -2.000000e+01
         vertex 8.590909e+01 -1.703565e-14 -2.000000e+01
      endloop
   endfacet
   facet normal 9.990450e-01 -4.369215e-02 0.000000e+00
      outer loop
         vertex 8.558109e+01 -7.500000e+00 -1.200000e+01
         vertex 8.590909e+01 -1.703565e-14 -2.000000e+01
         vertex 8.558109e+01 -7.500000e+00 -8.344651e-07
      endloop
   endfacet
   facet normal 9.990450e-01 -4.369215e-02 1.410374e-17
      outer loop
         vertex 8.558109e+01 -7.500000e+00 -8.344651e-07
         vertex 8.590909e+01 -1.703565e-14 -2.000000e+01
         vertex 8.590909e+01 -1.009676e-14 -8.344651e-07
      endloop
   endfacet
   facet normal -9.931963e-01 1.164520e-01 0.000000e+00
      outer loop
         vertex -8.499484e+01 1.250000e+01 -1.200000e+01
         vertex -8.499484e+01 1.250000e+01 -2.000000e+01
         vertex -8.558109e+01 7.500000e+00 -1.200000e+01
      endloop
   endfacet
   facet normal -9.969592e-01 7.291786e-02 -2.748464e-02
      outer loop
         vertex -8.558109e+01 7.500000e+00 -1.200000e+01
         vertex -8.499484e+01 1.250000e+01 -2.000000e+01
         vertex -8.590909e+01 2.308166e-14 -2.000000e+01
      endloop
   endfacet
   facet normal -9.990450e-01 4.369215e-02 0.000000e+00
      outer loop
         vertex -8.558109e+01 7.500000e+00 -1.200000e+01
         vertex -8.590909e+01 2.308166e-14 -2.000000e+01
         vertex -8.558109e+01 7.500000e+00 -8.344651e-07
      endloop
   endfacet
   facet normal -9.990450e-01 4.369215e-02 -1.692449e-17
      outer loop
         vertex -8.558109e+01 7.500000e+00 -8.344651e-07
         vertex -8.590909e+01 2.308166e-14 -2.000000e+01
         vertex -8.590909e+01 3.002055e-14 -8.344651e-07
      endloop
   endfacet
   facet normal -9.990450e-01 -4.369215e-02 -0.000000e+00
      outer loop
         vertex -8.558109e+01 -7.500000e+00 -8.344651e-07
         vertex -8.590909e+01 3.002055e-14 -8.344651e-07
         vertex -8.558109e+01 -7.500000e+00 -1.200000e+01
      endloop
   endfacet
   facet normal -9.990450e-01 -4.369215e-02 1.692449e-17
      outer loop
         vertex -8.558109e+01 -7.500000e+00 -1.200000e+01
         vertex -8.590909e+01 3.002055e-14 -8.344651e-07
         vertex -8.590909e+01 2.308166e-14 -2.000000e+01
      endloop
   endfacet
   facet normal -9.908775e-01 -1.161802e-01 -6.829244e-02
      outer loop
         vertex -8.558109e+01 -7.500000e+00 -1.200000e+01
         vertex -8.590909e+01 2.308166e-14 -2.000000e+01
         vertex -8.499484e+01 -1.250000e+01 -1.200000e+01
      endloop
   endfacet
   facet normal -9.973359e-01 -7.294541e-02 -0.000000e+00
      outer loop
         vertex -8.499484e+01 -1.250000e+01 -1.200000e+01
         vertex -8.590909e+01 2.308166e-14 -2.000000e+01
         vertex -8.499484e+01 -1.250000e+01 -2.000000e+01
      endloop
   endfacet
   facet normal -8.715565e-02 9.961947e-01 0.000000e+00
      outer loop
         vertex -7.347881e-15 -3.000000e+01 -3.200001e+01
         vertex -7.347881e-15 -3.000000e+01 -8.344651e-07
         vertex 5.209445e+00 -2.954423e+01 -3.200001e+01
      endloop
   endfacet
   facet normal -8.715565e-02 9.961947e-01 0.000000e+00
      outer loop
         vertex 5.209445e+00 -2.954423e+01 -3.200001e+01
         vertex -7.347881e-15 -3.000000e+01 -8.344651e-07
         vertex 5.209445e+00 -2.954423e+01 -8.344651e-07
      endloop
   endfacet
   facet normal -2.588190e-01 9.659258e-01 0.000000e+00
      outer loop
         vertex 5.209445e+00 -2.954423e+01 -3.200001e+01
         vertex 5.209445e+00 -2.954423e+01 -8.344651e-07
         vertex 1.026060e+01 -2.819078e+01 -3.200001e+01
      endloop
   endfacet
   facet normal -2.588190e-01 9.659258e-01 0.000000e+00
      outer loop
         vertex 1.026060e+01 -2.819078e+01 -3.200001e+01
         vertex 5.209445e+00 -2.954423e+01 -8.344651e-07
         vertex 1.026060e+01 -2.819078e+01 -8.344651e-07
      endloop
   endfacet
   facet normal -4.226184e-01 9.063077e-01 0.000000e+00
      outer loop
         vertex 1.026060e+01 -2.819078e+01 -3.200001e+01
         vertex 1.026060e+01 -2.819078e+01 -8.344651e-07
         vertex 1.500000e+01 -2.598076e+01 -3.200001e+01
      endloop
   endfacet
   facet normal -4.226184e-01 9.063077e-01 0.000000e+00
      outer loop
         vertex 1.500000e+01 -2.598076e+01 -3.200001e+01
         vertex 1.026060e+01 -2.819078e+01 -8.344651e-07
         vertex 1.500000e+01 -2.598076e+01 -8.344651e-07
      endloop
   endfacet
   facet normal -5.735764e-01 8.191521e-01 0.000000e+00
      outer loop
         vertex 1.500000e+01 -2.598076e+01 -3.200001e+01
         vertex 1.500000e+01 -2.598076e+01 -8.344651e-07
         vertex 1.928363e+01 -2.298133e+01 -3.200001e+01
      endloop
   endfacet
   facet normal -5.735764e-01 8.191521e-01 0.000000e+00
      outer loop
         vertex 1.928363e+01 -2.298133e+01 -3.200001e+01
         vertex 1.500000e+01 -2.598076e+01 -8.344651e-07
         vertex 1.928363e+01 -2.298133e+01 -8.344651e-07
      endloop
   endfacet
   facet normal -7.071068e-01 7.071068e-01 0.000000e+00
      outer loop
         vertex 1.928363e+01 -2.298133e+01 -3.200001e+01
         vertex 1.928363e+01 -2.298133e+01 -8.344651e-07
         vertex 2.298133e+01 -1.928363e+01 -3.200001e+01
      endloop
   endfacet
   facet normal -7.071068e-01 7.071068e-01 0.000000e+00
      outer loop
         vertex 2.298133e+01 -1.928363e+01 -3.200001e+01
         vertex 1.928363e+01 -2.298133e+01 -8.344651e-07
         vertex 2.298133e+01 -1.928363e+01 -8.344651e-07
      endloop
   endfacet
   facet normal -8.191521e-01 5.735764e-01 0.000000e+00
      outer loop
         vertex 2.298133e+01 -1.928363e+01 -3.200001e+01
         vertex 2.298133e+01 -1.928363e+01 -8.344651e-07
         vertex 2.598076e+01 -1.500000e+01 -3.200001e+01
      endloop
   endfacet
   facet normal -8.191521e-01 5.735764e-01 0.000000e+00
      outer loop
         vertex 2.598076e+01 -1.500000e+01 -3.200001e+01
         vertex 2.298133e+01 -1.928363e+01 -8.344651e-07
         vertex 2.598076e+01 -1.500000e+01 -8.344651e-07
      endloop
   endfacet
   facet normal -9.063077e-01 4.226184e-01 0.000000e+00
      outer loop
         vertex 2.598076e+01 -1.500000e+01 -3.200001e+01
         vertex 2.598076e+01 -1.500000e+01 -8.344651e-07
         vertex 2.819078e+01 -1.026060e+01 -3.200001e+01
      endloop
   endfacet
   facet normal -9.063077e-01 4.226184e-01 0.000000e+00
      outer loop
         vertex 2.819078e+01 -1.026060e+01 -3.200001e+01
         vertex 2.598076e+01 -1.500000e+01 -8.344651e-07
         vertex 2.819078e+01 -1.026060e+01 -8.344651e-07
      endloop
   endfacet
   facet normal -9.659258e-01 2.588190e-01 0.000000e+00
      outer loop
         vertex 2.819078e+01 -1.026060e+01 -3.200001e+01
         vertex 2.819078e+01 -1.026060e+01 -8.344651e-07
         vertex 2.954423e+01 -5.209445e+00 -3.200001e+01
      endloop
   endfacet
   facet normal -9.659258e-01 2.588190e-01 0.000000e+00
      outer loop
         vertex 2.954423e+01 -5.209445e+00 -3.200001e+01
         vertex 2.819078e+01 -1.026060e+01 -8.344651e-07
         vertex 2.954423e+01 -5.209445e+00 -8.344651e-07
      endloop
   endfacet
   facet normal -9.961947e-01 8.715565e-02 0.000000e+00
      outer loop
         vertex 2.954423e+01 -5.209445e+00 -3.200001e+01
         vertex 2.954423e+01 -5.209445e+00 -8.344651e-07
         vertex 3.000000e+01 -1.836970e-15 -3.200001e+01
      endloop
   endfacet
   facet normal -9.961947e-01 8.715565e-02 -7.559546e-17
      outer loop
         vertex 3.000000e+01 -1.836970e-15 -3.200001e+01
         vertex 2.954423e+01 -5.209445e+00 -8.344651e-07
         vertex 3.000000e+01 2.591861e-14 -8.344651e-07
      endloop
   endfacet
   facet normal -9.961947e-01 -8.715565e-02 7.559546e-17
      outer loop
         vertex 3.000000e+01 -1.836970e-15 -3.200001e+01
         vertex 3.000000e+01 2.591861e-14 -8.344651e-07
         vertex 2.954423e+01 5.209445e+00 -3.200001e+01
      endloop
   endfacet
   facet normal -9.961947e-01 -8.715565e-02 0.000000e+00
      outer loop
         vertex 2.954423e+01 5.209445e+00 -3.200001e+01
         vertex 3.000000e+01 2.591861e-14 -8.344651e-07
         vertex 2.954423e+01 5.209445e+00 -8.344651e-07
      endloop
   endfacet
   facet normal -9.659258e-01 -2.588190e-01 0.000000e+00
      outer loop
         vertex 2.954423e+01 5.209445e+00 -3.200001e+01
         vertex 2.954423e+01 5.209445e+00 -8.344651e-07
         vertex 2.819078e+01 1.026060e+01 -3.200001e+01
      endloop
   endfacet
   facet normal -9.659258e-01 -2.588190e-01 0.000000e+00
      outer loop
         vertex 2.819078e+01 1.026060e+01 -3.200001e+01
         vertex 2.954423e+01 5.209445e+00 -8.344651e-07
         vertex 2.819078e+01 1.026060e+01 -8.344651e-07
      endloop
   endfacet
   facet normal -9.063077e-01 -4.226184e-01 0.000000e+00
      outer loop
         vertex 2.819078e+01 1.026060e+01 -3.200001e+01
         vertex 2.819078e+01 1.026060e+01 -8.344651e-07
         vertex 2.598076e+01 1.500000e+01 -3.200001e+01
      endloop
   endfacet
   facet normal -9.063077e-01 -4.226184e-01 0.000000e+00
      outer loop
         vertex 2.598076e+01 1.500000e+01 -3.200001e+01
         vertex 2.819078e+01 1.026060e+01 -8.344651e-07
         vertex 2.598076e+01 1.500000e+01 -8.344651e-07
      endloop
   endfacet
   facet normal -8.191521e-01 -5.735764e-01 0.000000e+00
      outer loop
         vertex 2.598076e+01 1.500000e+01 -3.200001e+01
         vertex 2.598076e+01 1.500000e+01 -8.344651e-07
         vertex 2.298133e+01 1.928363e+01 -3.200001e+01
      endloop
   endfacet
   facet normal -8.191521e-01 -5.735764e-01 0.000000e+00
      outer loop
         vertex 2.298133e+01 1.928363e+01 -3.200001e+01
         vertex 2.598076e+01 1.500000e+01 -8.344651e-07
         vertex 2.298133e+01 1.928363e+01 -8.344651e-07
      endloop
   endfacet
   facet normal -7.071068e-01 -7.071068e-01 0.000000e+00
      outer loop
         vertex 2.298133e+01 1.928363e+01 -3.200001e+01
         vertex 2.298133e+01 1.928363e+01 -8.344651e-07
         vertex 1.928363e+01 2.298133e+01 -3.200001e+01
      endloop
   endfacet
   facet normal -7.071068e-01 -7.071068e-01 0.000000e+00
      outer loop
         vertex 1.928363e+01 2.298133e+01 -3.200001e+01
         vertex 2.298133e+01 1.928363e+01 -8.344651e-07
         vertex 1.928363e+01 2.298133e+01 -8.344651e-07
      endloop
   endfacet
   facet normal -5.735764e-01 -8.191521e-01 0.000000e+00
      outer loop
         vertex 1.928363e+01 2.298133e+01 -3.200001e+01
         vertex 1.928363e+01 2.298133e+01 -8.344651e-07
         vertex 1.500000e+01 2.598076e+01 -3.200001e+01
      endloop
   endfacet
   facet normal -5.735764e-01 -8.191521e-01 0.000000e+00
      outer loop
         vertex 1.500000e+01 2.598076e+01 -3.200001e+01
         vertex 1.928363e+01 2.298133e+01 -8.344651e-07
         vertex 1.500000e+01 2.598076e+01 -8.344651e-07
      endloop
   endfacet
   facet normal -4.226184e-01 -9.063077e-01 0.000000e+00
      outer loop
         vertex 1.500000e+01 2.598076e+01 -3.200001e+01
         vertex 1.500000e+01 2.598076e+01 -8.344651e-07
         vertex 1.026060e+01 2.819078e+01 -3.200001e+01
      endloop
   endfacet
   facet normal -4.226184e-01 -9.063077e-01 0.000000e+00
      outer loop
         vertex 1.026060e+01 2.819078e+01 -3.200001e+01
         vertex 1.500000e+01 2.598076e+01 -8.344651e-07
         vertex 1.026060e+01 2.819078e+01 -8.344651e-07
      endloop
   endfacet
   facet normal -2.588190e-01 -9.659258e-01 0.000000e+00
      outer loop
         vertex 1.026060e+01 2.819078e+01 -3.200001e+01
         vertex 1.026060e+01 2.819078e+01 -8.344651e-07
         vertex 5.209445e+00 2.954423e+01 -3.200001e+01
      endloop
   endfacet
   facet normal -2.588190e-01 -9.659258e-01 0.000000e+00
      outer loop
         vertex 5.209445e+00 2.954423e+01 -3.200001e+01
         vertex 1.026060e+01 2.819078e+01 -8.344651e-07
         vertex 5.209445e+00 2.954423e+01 -8.344651e-07
      endloop
   endfacet
   facet normal -8.715565e-02 -9.961947e-01 0.000000e+00
      outer loop
         vertex 5.209445e+00 2.954423e+01 -3.200001e+01
         vertex 5.209445e+00 2.954423e+01 -8.344651e-07
         vertex 3.673940e-15 3.000000e+01 -3.200001e+01
      endloop
   endfacet
   facet normal -8.715565e-02 -9.961947e-01 0.000000e+00
      outer loop
         vertex 3.673940e-15 3.000000e+01 -3.200001e+01
         vertex 5.209445e+00 2.954423e+01 -8.344651e-07
         vertex 3.673940e-15 3.000000e+01 -8.344651e-07
      endloop
   endfacet
   facet normal 8.715565e-02 -9.961947e-01 0.000000e+00
      outer loop
         vertex 3.673940e-15 3.000000e+01 -3.200001e+01
         vertex 3.673940e-15 3.000000e+01 -8.344651e-07
         vertex -5.209445e+00 2.954423e+01 -3.200001e+01
      endloop
   endfacet
   facet normal 8.715565e-02 -9.961947e-01 0.000000e+00
      outer loop
         vertex -5.209445e+00 2.954423e+01 -3.200001e+01
         vertex 3.673940e-15 3.000000e+01 -8.344651e-07
         vertex -5.209445e+00 2.954423e+01 -8.344651e-07
      endloop
   endfacet
   facet normal 2.588190e-01 -9.659258e-01 0.000000e+00
      outer loop
         vertex -5.209445e+00 2.954423e+01 -3.200001e+01
         vertex -5.209445e+00 2.954423e+01 -8.344651e-07
         vertex -1.026060e+01 2.819078e+01 -3.200001e+01
      endloop
   endfacet
   facet normal 2.588190e-01 -9.659258e-01 0.000000e+00
      outer loop
         vertex -1.026060e+01 2.819078e+01 -3.200001e+01
         vertex -5.209445e+00 2.954423e+01 -8.344651e-07
         vertex -1.026060e+01 2.819078e+01 -8.344651e-07
      endloop
   endfacet
   facet normal 4.226184e-01 -9.063077e-01 0.000000e+00
      outer loop
         vertex -1.026060e+01 2.819078e+01 -3.200001e+01
         vertex -1.026060e+01 2.819078e+01 -8.344651e-07
         vertex -1.500000e+01 2.598076e+01 -3.200001e+01
      endloop
   endfacet
   facet normal 4.226184e-01 -9.063077e-01 0.000000e+00
      outer loop
         vertex -1.500000e+01 2.598076e+01 -3.200001e+01
         vertex -1.026060e+01 2.819078e+01 -8.344651e-07
         vertex -1.500000e+01 2.598076e+01 -8.344651e-07
      endloop
   endfacet
   facet normal 5.735764e-01 -8.191521e-01 0.000000e+00
      outer loop
         vertex -1.500000e+01 2.598076e+01 -3.200001e+01
         vertex -1.500000e+01 2.598076e+01 -8.344651e-07
         vertex -1.928363e+01 2.298133e+01 -3.200001e+01
      endloop
   endfacet
   facet normal 5.735764e-01 -8.191521e-01 0.000000e+00
      outer loop
         vertex -1.928363e+01 2.298133e+01 -3.200001e+01
         vertex -1.500000e+01 2.598076e+01 -8.344651e-07
         vertex -1.928363e+01 2.298133e+01 -8.344651e-07
      endloop
   endfacet
   facet normal 7.071068e-01 -7.071068e-01 0.000000e+00
      outer loop
         vertex -1.928363e+01 2.298133e+01 -3.200001e+01
         vertex -1.928363e+01 2.298133e+01 -8.344651e-07
         vertex -2.298133e+01 1.928363e+01 -3.200001e+01
      endloop
   endfacet
   facet normal 7.071068e-01 -7.071068e-01 0.000000e+00
      outer loop
         vertex -2.298133e+01 1.928363e+01 -3.200001e+01
         vertex -1.928363e+01 2.298133e+01 -8.344651e-07
         vertex -2.298133e+01 1.928363e+01 -8.344651e-07
      endloop
   endfacet
   facet normal 8.191521e-01 -5.735764e-01 0.000000e+00
      outer loop
         vertex -2.298133e+01 1.928363e+01 -3.200001e+01
         vertex -2.298133e+01 1.928363e+01 -8.344651e-07
         vertex -2.598076e+01 1.500000e+01 -3.200001e+01
      endloop
   endfacet
   facet normal 8.191521e-01 -5.735764e-01 0.000000e+00
      outer loop
         vertex -2.598076e+01 1.500000e+01 -3.200001e+01
         vertex -2.298133e+01 1.928363e+01 -8.344651e-07
         vertex -2.598076e+01 1.500000e+01 -8.344651e-07
      endloop
   endfacet
   facet normal 9.063077e-01 -4.226184e-01 0.000000e+00
      outer loop
         vertex -2.598076e+01 1.500000e+01 -3.200001e+01
         vertex -2.598076e+01 1.500000e+01 -8.344651e-07
         vertex -2.819078e+01 1.026060e+01 -3.200001e+01
      endloop
   endfacet
   facet normal 9.063077e-01 -4.226184e-01 0.000000e+00
      outer loop
         vertex -2.819078e+01 1.026060e+01 -3.200001e+01
         vertex -2.598076e+01 1.500000e+01 -8.344651e-07
         vertex -2.819078e+01 1.026060e+01 -8.344651e-07
      endloop
   endfacet
   facet normal 9.659258e-01 -2.588190e-01 0.000000e+00
      outer loop
         vertex -2.819078e+01 1.026060e+01 -3.200001e+01
         vertex -2.819078e+01 1.026060e+01 -8.344651e-07
         vertex -2.954423e+01 5.209445e+00 -3.200001e+01
      endloop
   endfacet
   facet normal 9.659258e-01 -2.588190e-01 0.000000e+00
      outer loop
         vertex -2.954423e+01 5.209445e+00 -3.200001e+01
         vertex -2.819078e+01 1.026060e+01 -8.344651e-07
         vertex -2.954423e+01 5.209445e+00 -8.344651e-07
      endloop
   endfacet
   facet normal 9.961947e-01 -8.715565e-02 0.000000e+00
      outer loop
         vertex -2.954423e+01 5.209445e+00 -3.200001e+01
         vertex -2.954423e+01 5.209445e+00 -8.344651e-07
         vertex -3.000000e+01 5.510911e-15 -3.200001e+01
      endloop
   endfacet
   facet normal 9.961947e-01 -8.715565e-02 7.559546e-17
      outer loop
         vertex -3.000000e+01 5.510911e-15 -3.200001e+01
         vertex -2.954423e+01 5.209445e+00 -8.344651e-07
         vertex -3.000000e+01 3.326649e-14 -8.344651e-07
      endloop
   endfacet
   facet normal 9.961947e-01 8.715565e-02 -7.559546e-17
      outer loop
         vertex -3.000000e+01 5.510911e-15 -3.200001e+01
         vertex -3.000000e+01 3.326649e-14 -8.344651e-07
         vertex -2.954423e+01 -5.209445e+00 -3.200001e+01
      endloop
   endfacet
   facet normal 9.961947e-01 8.715565e-02 -0.000000e+00
      outer loop
         vertex -2.954423e+01 -5.209445e+00 -3.200001e+01
         vertex -3.000000e+01 3.326649e-14 -8.344651e-07
         vertex -2.954423e+01 -5.209445e+00 -8.344651e-07
      endloop
   endfacet
   facet normal 9.659258e-01 2.588190e-01 -0.000000e+00
      outer loop
         vertex -2.954423e+01 -5.209445e+00 -3.200001e+01
         vertex -2.954423e+01 -5.209445e+00 -8.344651e-07
         vertex -2.819078e+01 -1.026060e+01 -3.200001e+01
      endloop
   endfacet
   facet normal 9.659258e-01 2.588190e-01 -0.000000e+00
      outer loop
         vertex -2.819078e+01 -1.026060e+01 -3.200001e+01
         vertex -2.954423e+01 -5.209445e+00 -8.344651e-07
         vertex -2.819078e+01 -1.026060e+01 -8.344651e-07
      endloop
   endfacet
   facet normal 9.063077e-01 4.226184e-01 -0.000000e+00
      outer loop
         vertex -2.819078e+01 -1.026060e+01 -3.200001e+01
         vertex -2.819078e+01 -1.026060e+01 -8.344651e-07
         vertex -2.598076e+01 -1.500000e+01 -3.200001e+01
      endloop
   endfacet
   facet normal 9.063077e-01 4.226184e-01 -0.000000e+00
      outer loop
         vertex -2.598076e+01 -1.500000e+01 -3.200001e+01
         vertex -2.819078e+01 -1.026060e+01 -8.344651e-07
         vertex -2.598076e+01 -1.500000e+01 -8.344651e-07
      endloop
   endfacet
   facet normal 8.191521e-01 5.735764e-01 -0.000000e+00
      outer loop
         vertex -2.598076e+01 -1.500000e+01 -3.200001e+01
         vertex -2.598076e+01 -1.500000e+01 -8.344651e-07
         vertex -2.298133e+01 -1.928363e+01 -3.200001e+01
      endloop
   endfacet
   facet normal 8.191521e-01 5.735764e-01 -0.000000e+00
      outer loop
         vertex -2.298133e+01 -1.928363e+01 -3.200001e+01
         vertex -2.598076e+01 -1.500000e+01 -8.344651e-07
         vertex -2.298133e+01 -1.928363e+01 -8.344651e-07
      endloop
   endfacet
   facet normal 7.071068e-01 7.071068e-01 -0.000000e+00
      outer loop
         vertex -2.298133e+01 -1.928363e+01 -3.200001e+01
         vertex -2.298133e+01 -1.928363e+01 -8.344651e-07
         vertex -1.928363e+01 -2.298133e+01 -3.200001e+01
      endloop
   endfacet
   facet normal 7.071068e-01 7.071068e-01 -0.000000e+00
      outer loop
         vertex -1.928363e+01 -2.298133e+01 -3.200001e+01
         vertex -2.298133e+01 -1.928363e+01 -8.344651e-07
         vertex -1.928363e+01 -2.298133e+01 -8.344651e-07
      endloop
   endfacet
   facet normal 5.735764e-01 8.191521e-01 -0.000000e+00
      outer loop
         vertex -1.928363e+01 -2.298133e+01 -3.200001e+01
         vertex -1.928363e+01 -2.298133e+01 -8.344651e-07
         vertex -1.500000e+01 -2.598076e+01 -3.200001e+01
      endloop
   endfacet
   facet normal 5.735764e-01 8.191521e-01 -0.000000e+00
      outer loop
         vertex -1.500000e+01 -2.598076e+01 -3.200001e+01
         vertex -1.928363e+01 -2.298133e+01 -8.344651e-07
         vertex -1.500000e+01 -2.598076e+01 -8.344651e-07
      endloop
   endfacet
   facet normal 4.226184e-01 9.063077e-01 -0.000000e+00
      outer loop
         vertex -1.500000e+01 -2.598076e+01 -3.200001e+01
         vertex -1.500000e+01 -2.598076e+01 -8.344651e-07
         vertex -1.026060e+01 -2.819078e+01 -3.200001e+01
      endloop
   endfacet
   facet normal 4.226184e-01 9.063077e-01 -0.000000e+00
      outer loop
         vertex -1.026060e+01 -2.819078e+01 -3.200001e+01
         vertex -1.500000e+01 -2.598076e+01 -8.344651e-07
         vertex -1.026060e+01 -2.819078e+01 -8.344651e-07
      endloop
   endfacet
   facet normal 2.588190e-01 9.659258e-01 -0.000000e+00
      outer loop
         vertex -1.026060e+01 -2.819078e+01 -3.200001e+01
         vertex -1.026060e+01 -2.819078e+01 -8.344651e-07
         vertex -5.209445e+00 -2.954423e+01 -3.200001e+01
      endloop
   endfacet
   facet normal 2.588190e-01 9.659258e-01 -0.000000e+00
      outer loop
         vertex -5.209445e+00 -2.954423e+01 -3.200001e+01
         vertex -1.026060e+01 -2.819078e+01 -8.344651e-07
         vertex -5.209445e+00 -2.954423e+01 -8.344651e-07
      endloop
   endfacet
   facet normal 8.715565e-02 9.961947e-01 -0.000000e+00
      outer loop
         vertex -5.209445e+00 -2.954423e+01 -3.200001e+01
         vertex -5.209445e+00 -2.954423e+01 -8.344651e-07
         vertex -7.347881e-15 -3.000000e+01 -3.200001e+01
      endloop
   endfacet
   facet normal 8.715565e-02 9.961947e-01 -0.000000e+00
      outer loop
         vertex -7.347881e-15 -3.000000e+01 -3.200001e+01
         vertex -5.209445e+00 -2.954423e+01 -8.344651e-07
         vertex -7.347881e-15 -3.000000e+01 -8.344651e-07
      endloop
   endfacet
   facet normal -0.000000e+00 0.000000e+00 1.000000e+00
      outer loop
         vertex -1.026060e+01 -2.819078e+01 -3.200001e+01
         vertex -5.209445e+00 -2.954423e+01 -3.200001e+01
         vertex 0.000000e+00 3.879769e-23 -3.200001e+01
      endloop
   endfacet
   facet normal 0.000000e+00 0.000000e+00 1.000000e+00
      outer loop
         vertex 0.000000e+00 3.879769e-23 -3.200001e+01
         vertex -5.209445e+00 -2.954423e+01 -3.200001e+01
         vertex -7.347881e-15 -3.000000e+01 -3.200001e+01
      endloop
   endfacet
   facet normal 0.000000e+00 0.000000e+00 1.000000e+00
      outer loop
         vertex 0.000000e+00 3.879769e-23 -3.200001e+01
         vertex -7.347881e-15 -3.000000e+01 -3.200001e+01
         vertex 5.209445e+00 -2.954423e+01 -3.200001e+01
      endloop
   endfacet
   facet normal -0.000000e+00 0.000000e+00 1.000000e+00
      outer loop
         vertex -2.298133e+01 -1.928363e+01 -3.200001e+01
         vertex -1.928363e+01 -2.298133e+01 -3.200001e+01
         vertex 0.000000e+00 3.879769e-23 -3.200001e+01
      endloop
   endfacet
   facet normal 0.000000e+00 0.000000e+00 1.000000e+00
      outer loop
         vertex 0.000000e+00 3.879769e-23 -3.200001e+01
         vertex -1.928363e+01 -2.298133e+01 -3.200001e+01
         vertex -1.500000e+01 -2.598076e+01 -3.200001e+01
      endloop
   endfacet
   facet normal 0.000000e+00 0.000000e+00 1.000000e+00
      outer loop
         vertex 0.000000e+00 3.879769e-23 -3.200001e+01
         vertex -1.500000e+01 -2.598076e+01 -3.200001e+01
         vertex -1.026060e+01 -2.819078e+01 -3.200001e+01
      endloop
   endfacet
   facet normal -0.000000e+00 0.000000e+00 1.000000e+00
      outer loop
         vertex -2.954423e+01 -5.209445e+00 -3.200001e+01
         vertex -2.819078e+01 -1.026060e+01 -3.200001e+01
         vertex 0.000000e+00 3.879769e-23 -3.200001e+01
      endloop
   endfacet
   facet normal 0.000000e+00 0.000000e+00 1.000000e+00
      outer loop
         vertex 0.000000e+00 3.879769e-23 -3.200001e+01
         vertex -2.819078e+01 -1.026060e+01 -3.200001e+01
         vertex -2.598076e+01 -1.500000e+01 -3.200001e+01
      endloop
   endfacet
   facet normal 0.000000e+00 0.000000e+00 1.000000e+00
      outer loop
         vertex 0.000000e+00 3.879769e-23 -3.200001e+01
         vertex -2.598076e+01 -1.500000e+01 -3.200001e+01
         vertex -2.298133e+01 -1.928363e+01 -3.200001e+01
      endloop
   endfacet
   facet normal 0.000000e+00 0.000000e+00 1.000000e+00
      outer loop
         vertex -2.819078e+01 1.026060e+01 -3.200001e+01
         vertex -2.954423e+01 5.209445e+00 -3.200001e+01
         vertex 0.000000e+00 3.879769e-23 -3.200001e+01
      endloop
   endfacet
   facet normal 0.000000e+00 0.000000e+00 1.000000e+00
      outer loop
         vertex 0.000000e+00 3.879769e-23 -3.200001e+01
         vertex -2.954423e+01 5.209445e+00 -3.200001e+01
         vertex -3.000000e+01 5.510911e-15 -3.200001e+01
      endloop
   endfacet
   facet normal 0.000000e+00 0.000000e+00 1.000000e+00
      outer loop
         vertex 0.000000e+00 3.879769e-23 -3.200001e+01
         vertex -3.000000e+01 5.510911e-15 -3.200001e+01
         vertex -2.954423e+01 -5.209445e+00 -3.200001e+01
      endloop
   endfacet
   facet normal 0.000000e+00 0.000000e+00 1.000000e+00
      outer loop
         vertex -1.928363e+01 2.298133e+01 -3.200001e+01
         vertex -2.298133e+01 1.928363e+01 -3.200001e+01
         vertex 0.000000e+00 3.879769e-23 -3.200001e+01
      endloop
   endfacet
   facet normal 0.000000e+00 0.000000e+00 1.000000e+00
      outer loop
         vertex 0.000000e+00 3.879769e-23 -3.200001e+01
         vertex -2.298133e+01 1.928363e+01 -3.200001e+01
         vertex -2.598076e+01 1.500000e+01 -3.200001e+01
      endloop
   endfacet
   facet normal 0.000000e+00 0.000000e+00 1.000000e+00
      outer loop
         vertex 0.000000e+00 3.879769e-23 -3.200001e+01
         vertex -2.598076e+01 1.500000e+01 -3.200001e+01
         vertex -2.819078e+01 1.026060e+01 -3.200001e+01
      endloop
   endfacet
   facet normal 0.000000e+00 0.000000e+00 1.000000e+00
      outer loop
         vertex -5.209445e+00 2.954423e+01 -3.200001e+01
         vertex -1.026060e+01 2.819078e+01 -3.200001e+01
         vertex 0.000000e+00 3.879769e-23 -3.200001e+01
      endloop
   endfacet
   facet normal 0.000000e+00 0.000000e+00 1.000000e+00
      outer loop
         vertex 0.000000e+00 3.879769e-23 -3.200001e+01
         vertex -1.026060e+01 2.819078e+01 -3.200001e+01
         vertex -1.500000e+01 2.598076e+01 -3.200001e+01
      endloop
   endfacet
   facet normal 0.000000e+00 0.000000e+00 1.000000e+00
      outer loop
         vertex 0.000000e+00 3.879769e-23 -3.200001e+01
         vertex -1.500000e+01 2.598076e+01 -3.200001e+01
         vertex -1.928363e+01 2.298133e+01 -3.200001e+01
      endloop
   endfacet
   facet normal 0.000000e+00 0.000000e+00 1.000000e+00
      outer loop
         vertex 1.026060e+01 2.819078e+01 -3.200001e+01
         vertex 5.209445e+00 2.954423e+01 -3.200001e+01
         vertex 0.000000e+00 3.879769e-23 -3.200001e+01
      endloop
   endfacet
   facet normal 0.000000e+00 0.000000e+00 1.000000e+00
      outer loop
         vertex 0.000000e+00 3.879769e-23 -3.200001e+01
         vertex 5.209445e+00 2.954423e+01 -3.200001e+01
         vertex 3.673940e-15 3.000000e+01 -3.200001e+01
      endloop
   endfacet
   facet normal 0.000000e+00 -0.000000e+00 1.000000e+00
      outer loop
         vertex 0.000000e+00 3.879769e-23 -3.200001e+01
         vertex 3.673940e-15 3.000000e+01 -3.200001e+01
         vertex -5.209445e+00 2.954423e+01 -3.200001e+01
      endloop
   endfacet
   facet normal 0.000000e+00 0.000000e+00 1.000000e+00
      outer loop
         vertex 2.298133e+01 1.928363e+01 -3.200001e+01
         vertex 1.928363e+01 2.298133e+01 -3.200001e+01
         vertex 0.000000e+00 3.879769e-23 -3.200001e+01
      endloop
   endfacet
   facet normal 0.000000e+00 0.000000e+00 1.000000e+00
      outer loop
         vertex 0.000000e+00 3.879769e-23 -3.200001e+01
         vertex 1.928363e+01 2.298133e+01 -3.200001e+01
         vertex 1.500000e+01 2.598076e+01 -3.200001e+01
      endloop
   endfacet
   facet normal 0.000000e+00 0.000000e+00 1.000000e+00
      outer loop
         vertex 0.000000e+00 3.879769e-23 -3.200001e+01
         vertex 1.500000e+01 2.598076e+01 -3.200001e+01
         vertex 1.026060e+01 2.819078e+01 -3.200001e+01
      endloop
   endfacet
   facet normal 0.000000e+00 0.000000e+00 1.000000e+00
      outer loop
         vertex 2.954423e+01 5.209445e+00 -3.200001e+01
         vertex 2.819078e+01 1.026060e+01 -3.200001e+01
         vertex 0.000000e+00 3.879769e-23 -3.200001e+01
      endloop
   endfacet
   facet normal 0.000000e+00 0.000000e+00 1.000000e+00
      outer loop
         vertex 0.000000e+00 3.879769e-23 -3.200001e+01
         vertex 2.819078e+01 1.026060e+01 -3.200001e+01
         vertex 2.598076e+01 1.500000e+01 -3.200001e+01
      endloop
   endfacet
   facet normal 0.000000e+00 0.000000e+00 1.000000e+00
      outer loop
         vertex 0.000000e+00 3.879769e-23 -3.200001e+01
         vertex 2.598076e+01 1.500000e+01 -3.200001e+01
         vertex 2.298133e+01 1.928363e+01 -3.200001e+01
      endloop
   endfacet
   facet normal 0.000000e+00 -0.000000e+00 1.000000e+00
      outer loop
         vertex 2.819078e+01 -1.026060e+01 -3.200001e+01
         vertex 2.954423e+01 -5.209445e+00 -3.200001e+01
         vertex 0.000000e+00 3.879769e-23 -3.200001e+01
      endloop
   endfacet
   facet normal 0.000000e+00 0.000000e+00 1.000000e+00
      outer loop
         vertex 0.000000e+00 3.879769e-23 -3.200001e+01
         vertex 2.954423e+01 -5.209445e+00 -3.200001e+01
         vertex 3.000000e+01 -1.836970e-15 -3.200001e+01
      endloop
   endfacet
   facet normal -0.000000e+00 0.000000e+00 1.000000e+00
      outer loop
         vertex 0.000000e+00 3.879769e-23 -3.200001e+01
         vertex 3.000000e+01 -1.836970e-15 -3.200001e+01
         vertex 2.954423e+01 5.209445e+00 -3.200001e+01
      endloop
   endfacet
   facet normal 0.000000e+00 -0.000000e+00 1.000000e+00
      outer loop
         vertex 1.928363e+01 -2.298133e+01 -3.200001e+01
         vertex 2.298133e+01 -1.928363e+01 -3.200001e+01
         vertex 0.000000e+00 3.879769e-23 -3.200001e+01
      endloop
   endfacet
   facet normal 0.000000e+00 0.000000e+00 1.000000e+00
      outer loop
         vertex 0.000000e+00 3.879769e-23 -3.200001e+01
         vertex 2.298133e+01 -1.928363e+01 -3.200001e+01
         vertex 2.598076e+01 -1.500000e+01 -3.200001e+01
      endloop
   endfacet
   facet normal 0.000000e+00 0.000000e+00 1.000000e+00
      outer loop
         vertex 0.000000e+00 3.879769e-23 -3.200001e+01
         vertex 2.598076e+01 -1.500000e+01 -3.200001e+01
         vertex 2.819078e+01 -1.026060e+01 -3.200001e+01
      endloop
   endfacet
   facet normal 0.000000e+00 -0.000000e+00 1.000000e+00
      outer loop
         vertex 5.209445e+00 -2.954423e+01 -3.200001e+01
         vertex 1.026060e+01 -2.819078e+01 -3.200001e+01
         vertex 0.000000e+00 3.879769e-23 -3.200001e+01
      endloop
   endfacet
   facet normal 0.000000e+00 0.000000e+00 1.000000e+00
      outer loop
         vertex 0.000000e+00 3.879769e-23 -3.200001e+01
         vertex 1.026060e+01 -2.819078e+01 -3.200001e+01
         vertex 1.500000e+01 -2.598076e+01 -3.200001e+01
      endloop
   endfacet
   facet normal 0.000000e+00 0.000000e+00 1.000000e+00
      outer loop
         vertex 0.000000e+00 3.879769e-23 -3.200001e+01
         vertex 1.500000e+01 -2.598076e+01 -3.200001e+01
         vertex 1.928363e+01 -2.298133e+01 -3.200001e+01
      endloop
   endfacet
   facet normal -5.232186e-02 6.225240e-01 7.808497e-01
      outer loop
         vertex -2.423929e+01 2.538453e+02 -8.000000e+01
         vertex -2.376401e+01 2.488680e+02 -7.600001e+01
         vertex -1.810870e+01 2.493433e+02 -7.600001e+01
      endloop
   endfacet
   facet normal -3.050376e-02 6.403519e-01 7.674757e-01
      outer loop
         vertex -2.423929e+01 2.538453e+02 -8.000000e+01
         vertex -1.810870e+01 2.493433e+02 -7.600001e+01
         vertex 0.000000e+00 2.550000e+02 -8.000000e+01
      endloop
   endfacet
   facet normal -8.236691e-02 6.195032e-01 7.806609e-01
      outer loop
         vertex -2.376401e+01 2.488680e+02 -7.600001e+01
         vertex -2.423929e+01 2.538453e+02 -8.000000e+01
         vertex -4.208926e+01 2.464315e+02 -7.600001e+01
      endloop
   endfacet
   facet normal -9.112960e-02 6.338202e-01 7.680933e-01
      outer loop
         vertex -4.208926e+01 2.464315e+02 -7.600001e+01
         vertex -2.423929e+01 2.538453e+02 -8.000000e+01
         vertex -4.825907e+01 2.503918e+02 -8.000000e+01
      endloop
   endfacet
   facet normal -1.117073e-01 6.146480e-01 7.808516e-01
      outer loop
         vertex -4.208926e+01 2.464315e+02 -7.600001e+01
         vertex -4.825907e+01 2.503918e+02 -8.000000e+01
         vertex -4.731281e+01 2.454822e+02 -7.600001e+01
      endloop
   endfacet
   facet normal -1.413297e-01 6.087761e-01 7.806520e-01
      outer loop
         vertex -4.731281e+01 2.454822e+02 -7.600001e+01
         vertex -4.825907e+01 2.503918e+02 -8.000000e+01
         vertex -6.567685e+01 2.412189e+02 -7.600001e+01
      endloop
   endfacet
   facet normal -1.507816e-01 6.215302e-01 7.687426e-01
      outer loop
         vertex -6.567685e+01 2.412189e+02 -7.600001e+01
         vertex -4.825907e+01 2.503918e+02 -8.000000e+01
         vertex -7.184180e+01 2.446707e+02 -8.000000e+01
      endloop
   endfacet
   facet normal -1.700683e-01 6.011188e-01 7.808540e-01
      outer loop
         vertex -6.567685e+01 2.412189e+02 -7.600001e+01
         vertex -7.184180e+01 2.446707e+02 -8.000000e+01
         vertex -7.043314e+01 2.398732e+02 -7.600001e+01
      endloop
   endfacet
   facet normal -1.989953e-01 5.924496e-01 7.806436e-01
      outer loop
         vertex -7.043314e+01 2.398732e+02 -7.600001e+01
         vertex -7.184180e+01 2.446707e+02 -8.000000e+01
         vertex -8.865122e+01 2.337541e+02 -7.600001e+01
      endloop
   endfacet
   facet normal -2.089099e-01 6.036059e-01 7.694262e-01
      outer loop
         vertex -8.865122e+01 2.337541e+02 -7.600001e+01
         vertex -7.184180e+01 2.446707e+02 -8.000000e+01
         vertex -9.477393e+01 2.367338e+02 -8.000000e+01
      endloop
   endfacet
   facet normal -2.268625e-01 5.820619e-01 7.808568e-01
      outer loop
         vertex -8.865122e+01 2.337541e+02 -7.600001e+01
         vertex -9.477393e+01 2.367338e+02 -8.000000e+01
         vertex -9.291562e+01 2.320920e+02 -7.600001e+01
      endloop
   endfacet
   facet normal -2.548319e-01 5.706740e-01 7.806356e-01
      outer loop
         vertex -9.291562e+01 2.320920e+02 -7.600001e+01
         vertex -9.477393e+01 2.367338e+02 -8.000000e+01
         vertex -1.107979e+02 2.241067e+02 -7.600001e+01
      endloop
   endfacet
   facet normal -2.649825e-01 5.802307e-01 7.701407e-01
      outer loop
         vertex -1.107979e+02 2.241067e+02 -7.600001e+01
         vertex -9.477393e+01 2.367338e+02 -8.000000e+01
         vertex -1.168478e+02 2.266530e+02 -8.000000e+01
      endloop
   endfacet
   facet normal -2.815714e-01 5.576534e-01 7.808586e-01
      outer loop
         vertex -1.107979e+02 2.241067e+02 -7.600001e+01
         vertex -1.168478e+02 2.266530e+02 -8.000000e+01
         vertex -1.145566e+02 2.222089e+02 -7.600001e+01
      endloop
   endfacet
   facet normal -3.083278e-01 5.436507e-01 7.806266e-01
      outer loop
         vertex -1.145566e+02 2.222089e+02 -7.600001e+01
         vertex -1.168478e+02 2.266530e+02 -8.000000e+01
         vertex -1.319101e+02 2.123670e+02 -7.600001e+01
      endloop
   endfacet
   facet normal -3.184858e-01 5.516338e-01 7.708871e-01
      outer loop
         vertex -1.319101e+02 2.123670e+02 -7.600001e+01
         vertex -1.168478e+02 2.266530e+02 -8.000000e+01
         vertex -1.378634e+02 2.145196e+02 -8.000000e+01
      endloop
   endfacet
   facet normal -3.336901e-01 5.281173e-01 7.808605e-01
      outer loop
         vertex -1.319101e+02 2.123670e+02 -7.600001e+01
         vertex -1.378634e+02 2.145196e+02 -8.000000e+01
         vertex -1.351602e+02 2.103134e+02 -7.600001e+01
      endloop
   endfacet
   facet normal -3.589901e-01 5.116270e-01 7.806176e-01
      outer loop
         vertex -1.351602e+02 2.103134e+02 -7.600001e+01
         vertex -1.378634e+02 2.145196e+02 -8.000000e+01
         vertex -1.517906e+02 1.986444e+02 -7.600001e+01
      endloop
   endfacet
   facet normal -3.689333e-01 5.180944e-01 7.716647e-01
      outer loop
         vertex -1.517906e+02 1.986444e+02 -7.600001e+01
         vertex -1.378634e+02 2.145196e+02 -8.000000e+01
         vertex -1.576305e+02 2.004435e+02 -8.000000e+01
      endloop
   endfacet
   facet normal -3.827399e-01 4.937259e-01 7.808616e-01
      outer loop
         vertex -1.517906e+02 1.986444e+02 -7.600001e+01
         vertex -1.576305e+02 2.004435e+02 -8.000000e+01
         vertex -1.545397e+02 1.965133e+02 -7.600001e+01
      endloop
   endfacet
   facet normal -4.063536e-01 4.748978e-01 7.806080e-01
      outer loop
         vertex -1.545397e+02 1.965133e+02 -7.600001e+01
         vertex -1.576305e+02 2.004435e+02 -8.000000e+01
         vertex -1.702540e+02 1.830672e+02 -7.600001e+01
      endloop
   endfacet
   facet normal -4.158677e-01 4.799369e-01 7.724731e-01
      outer loop
         vertex -1.702540e+02 1.830672e+02 -7.600001e+01
         vertex -1.576305e+02 2.004435e+02 -8.000000e+01
         vertex -1.759702e+02 1.845522e+02 -8.000000e+01
      endloop
   endfacet
   facet normal -4.282713e-01 4.547922e-01 7.808635e-01
      outer loop
         vertex -1.702540e+02 1.830672e+02 -7.600001e+01
         vertex -1.759702e+02 1.845522e+02 -8.000000e+01
         vertex -1.725198e+02 1.809335e+02 -7.600001e+01
      endloop
   endfacet
   facet normal -4.499812e-01 4.337996e-01 7.805990e-01
      outer loop
         vertex -1.725198e+02 1.809335e+02 -7.600001e+01
         vertex -1.759702e+02 1.845522e+02 -8.000000e+01
         vertex -1.871277e+02 1.657807e+02 -7.600001e+01
      endloop
   endfacet
   facet normal -4.588661e-01 4.375279e-01 7.733119e-01
      outer loop
         vertex -1.871277e+02 1.657807e+02 -7.600001e+01
         vertex -1.759702e+02 1.845522e+02 -8.000000e+01
         vertex -1.927161e+02 1.669895e+02 -8.000000e+01
      endloop
   endfacet
   facet normal -4.698636e-01 4.116781e-01 7.808645e-01
      outer loop
         vertex -1.871277e+02 1.657807e+02 -7.600001e+01
         vertex -1.927161e+02 1.669895e+02 -8.000000e+01
         vertex -1.889374e+02 1.637152e+02 -7.600001e+01
      endloop
   endfacet
   facet normal -4.894733e-01 3.887110e-01 7.805893e-01
      outer loop
         vertex -1.889374e+02 1.637152e+02 -7.600001e+01
         vertex -1.927161e+02 1.669895e+02 -8.000000e+01
         vertex -2.022543e+02 1.469463e+02 -7.600001e+01
      endloop
   endfacet
   facet normal -4.975433e-01 3.912725e-01 7.741812e-01
      outer loop
         vertex -2.022543e+02 1.469463e+02 -7.600001e+01
         vertex -1.927161e+02 1.669895e+02 -8.000000e+01
         vertex -2.077169e+02 1.479145e+02 -8.000000e+01
      endloop
   endfacet
   facet normal -5.071337e-01 3.647796e-01 7.808657e-01
      outer loop
         vertex -2.022543e+02 1.469463e+02 -7.600001e+01
         vertex -2.077169e+02 1.479145e+02 -8.000000e+01
         vertex -2.036440e+02 1.450142e+02 -7.600001e+01
      endloop
   endfacet
   facet normal -5.244656e-01 3.400459e-01 7.805797e-01
      outer loop
         vertex -2.036440e+02 1.450142e+02 -7.600001e+01
         vertex -2.077169e+02 1.479145e+02 -8.000000e+01
         vertex -2.154924e+02 1.267400e+02 -7.600001e+01
      endloop
   endfacet
   facet normal -5.315576e-01 3.416112e-01 7.750796e-01
      outer loop
         vertex -2.154924e+02 1.267400e+02 -7.600001e+01
         vertex -2.077169e+02 1.479145e+02 -8.000000e+01
         vertex -2.208365e+02 1.275000e+02 -8.000000e+01
      endloop
   endfacet
   facet normal -5.397415e-01 3.145252e-01 7.808669e-01
      outer loop
         vertex -2.154924e+02 1.267400e+02 -7.600001e+01
         vertex -2.208365e+02 1.275000e+02 -8.000000e+01
         vertex -2.165063e+02 1.250000e+02 -7.600001e+01
      endloop
   endfacet
   facet normal -5.546359e-01 2.882523e-01 7.805700e-01
      outer loop
         vertex -2.165063e+02 1.250000e+02 -7.600001e+01
         vertex -2.208365e+02 1.275000e+02 -8.000000e+01
         vertex -2.267186e+02 1.053503e+02 -7.600001e+01
      endloop
   endfacet
   facet normal -5.606105e-01 2.890148e-01 7.760066e-01
      outer loop
         vertex -2.267186e+02 1.053503e+02 -7.600001e+01
         vertex -2.208365e+02 1.275000e+02 -8.000000e+01
         vertex -2.319562e+02 1.059308e+02 -8.000000e+01
      endloop
   endfacet
   facet normal -5.673865e-01 2.613774e-01 7.808677e-01
      outer loop
         vertex -2.267186e+02 1.053503e+02 -7.600001e+01
         vertex -2.319562e+02 1.059308e+02 -8.000000e+01
         vertex -2.274080e+02 1.038538e+02 -7.600001e+01
      endloop
   endfacet
   facet normal -5.797075e-01 2.338057e-01 7.805601e-01
      outer loop
         vertex -2.274080e+02 1.038538e+02 -7.600001e+01
         vertex -2.319562e+02 1.059308e+02 -8.000000e+01
         vertex -2.358280e+02 8.297696e+01 -7.600001e+01
      endloop
   endfacet
   facet normal -5.844503e-01 2.339789e-01 7.769631e-01
      outer loop
         vertex -2.358280e+02 8.297696e+01 -7.600001e+01
         vertex -2.319562e+02 1.059308e+02 -8.000000e+01
         vertex -2.409752e+02 8.340233e+01 -8.000000e+01
      endloop
   endfacet
   facet normal -5.898113e-01 2.058323e-01 7.808685e-01
      outer loop
         vertex -2.358280e+02 8.297696e+01 -7.600001e+01
         vertex -2.409752e+02 8.340233e+01 -8.000000e+01
         vertex -2.362502e+02 8.176699e+01 -7.600001e+01
      endloop
   endfacet
   facet normal -5.994491e-01 1.772069e-01 7.805501e-01
      outer loop
         vertex -2.362502e+02 8.176699e+01 -7.600001e+01
         vertex -2.409752e+02 8.340233e+01 -8.000000e+01
         vertex -2.427355e+02 5.982891e+01 -7.600001e+01
      endloop
   endfacet
   facet normal -6.028798e-01 1.770212e-01 7.779456e-01
      outer loop
         vertex -2.427355e+02 5.982891e+01 -7.600001e+01
         vertex -2.409752e+02 8.340233e+01 -8.000000e+01
         vertex -2.478119e+02 6.011853e+01 -8.000000e+01
      endloop
   endfacet
   facet normal -6.068161e-01 1.483889e-01 7.808681e-01
      outer loop
         vertex -2.427355e+02 5.982891e+01 -7.600001e+01
         vertex -2.478119e+02 6.011853e+01 -8.000000e+01
         vertex -2.429529e+02 5.893973e+01 -7.600001e+01
      endloop
   endfacet
   facet normal -6.136804e-01 1.189765e-01 7.805389e-01
      outer loop
         vertex -2.429529e+02 5.893973e+01 -7.600001e+01
         vertex -2.478119e+02 6.011853e+01 -8.000000e+01
         vertex -2.473766e+02 3.612226e+01 -7.600001e+01
      endloop
   endfacet
   facet normal -6.157443e-01 1.186755e-01 7.789577e-01
      outer loop
         vertex -2.473766e+02 3.612226e+01 -7.600001e+01
         vertex -2.478119e+02 6.011853e+01 -8.000000e+01
         vertex -2.524045e+02 3.629028e+01 -8.000000e+01
      endloop
   endfacet
   facet normal -6.182382e-01 8.957334e-02 7.808701e-01
      outer loop
         vertex -2.473766e+02 3.612226e+01 -7.600001e+01
         vertex -2.524045e+02 3.629028e+01 -8.000000e+01
         vertex -2.474554e+02 3.557871e+01 -7.600001e+01
      endloop
   endfacet
   facet normal -6.222659e-01 5.964916e-02 7.805301e-01
      outer loop
         vertex -2.474554e+02 3.557871e+01 -7.600001e+01
         vertex -2.524045e+02 3.629028e+01 -8.000000e+01
         vertex -2.497081e+02 1.207834e+01 -7.600001e+01
      endloop
   endfacet
   facet normal -6.229513e-01 5.948453e-02 7.799957e-01
      outer loop
         vertex -2.497081e+02 1.207834e+01 -7.600001e+01
         vertex -2.524045e+02 3.629028e+01 -8.000000e+01
         vertex -2.547112e+02 1.213339e+01 -8.000000e+01
      endloop
   endfacet
   facet normal -6.239753e-01 2.994812e-02 7.808700e-01
      outer loop
         vertex -2.497081e+02 1.207834e+01 -7.600001e+01
         vertex -2.547112e+02 1.213339e+01 -8.000000e+01
         vertex -2.497168e+02 1.189548e+01 -7.600001e+01
      endloop
   endfacet
   facet normal -6.251252e-01 0.000000e+00 7.805245e-01
      outer loop
         vertex -2.497168e+02 1.189548e+01 -7.600001e+01
         vertex -2.547112e+02 1.213339e+01 -8.000000e+01
         vertex -2.547112e+02 -1.213339e+01 -8.000000e+01
      endloop
   endfacet
   facet normal -6.251252e-01 0.000000e+00 7.805245e-01
      outer loop
         vertex -2.497168e+02 1.189548e+01 -7.600001e+01
         vertex -2.547112e+02 -1.213339e+01 -8.000000e+01
         vertex -2.497168e+02 -1.189548e+01 -7.600001e+01
      endloop
   endfacet
   facet normal -6.222943e-01 -5.942179e-02 7.805248e-01
      outer loop
         vertex -2.524045e+02 -3.629028e+01 -8.000000e+01
         vertex -2.474554e+02 -3.557871e+01 -7.600001e+01
         vertex -2.547112e+02 -1.213339e+01 -8.000000e+01
      endloop
   endfacet
   facet normal -6.229412e-01 -5.971390e-02 7.799862e-01
      outer loop
         vertex -2.547112e+02 -1.213339e+01 -8.000000e+01
         vertex -2.474554e+02 -3.557871e+01 -7.600001e+01
         vertex -2.497081e+02 -1.207834e+01 -7.600001e+01
      endloop
   endfacet
   facet normal -6.239753e-01 -2.994812e-02 7.808700e-01
      outer loop
         vertex -2.547112e+02 -1.213339e+01 -8.000000e+01
         vertex -2.497081e+02 -1.207834e+01 -7.600001e+01
         vertex -2.497168e+02 -1.189548e+01 -7.600001e+01
      endloop
   endfacet
   facet normal -5.998039e-01 -1.761180e-01 7.805240e-01
      outer loop
         vertex -2.478119e+02 -6.011853e+01 -8.000000e+01
         vertex -2.409752e+02 -8.340233e+01 -8.000000e+01
         vertex -2.362502e+02 -8.176699e+01 -7.600001e+01
      endloop
   endfacet
   facet normal -6.027107e-01 -1.781711e-01 7.778142e-01
      outer loop
         vertex -2.362502e+02 -8.176699e+01 -7.600001e+01
         vertex -2.427355e+02 -5.982891e+01 -7.600001e+01
         vertex -2.478119e+02 -6.011853e+01 -8.000000e+01
      endloop
   endfacet
   facet normal -6.068161e-01 -1.483889e-01 7.808681e-01
      outer loop
         vertex -2.478119e+02 -6.011853e+01 -8.000000e+01
         vertex -2.427355e+02 -5.982891e+01 -7.600001e+01
         vertex -2.429529e+02 -5.893973e+01 -7.600001e+01
      endloop
   endfacet
   facet normal -6.138300e-01 -1.183065e-01 7.805231e-01
      outer loop
         vertex -2.478119e+02 -6.011853e+01 -8.000000e+01
         vertex -2.429529e+02 -5.893973e+01 -7.600001e+01
         vertex -2.524045e+02 -3.629028e+01 -8.000000e+01
      endloop
   endfacet
   facet normal -6.156788e-01 -1.193639e-01 7.789043e-01
      outer loop
         vertex -2.524045e+02 -3.629028e+01 -8.000000e+01
         vertex -2.429529e+02 -5.893973e+01 -7.600001e+01
         vertex -2.473766e+02 -3.612226e+01 -7.600001e+01
      endloop
   endfacet
   facet normal -6.182382e-01 -8.957334e-02 7.808701e-01
      outer loop
         vertex -2.524045e+02 -3.629028e+01 -8.000000e+01
         vertex -2.473766e+02 -3.612226e+01 -7.600001e+01
         vertex -2.474554e+02 -3.557871e+01 -7.600001e+01
      endloop
   endfacet
   facet normal -5.556342e-01 -2.864493e-01 7.805238e-01
      outer loop
         vertex -2.319562e+02 -1.059308e+02 -8.000000e+01
         vertex -2.208365e+02 -1.275000e+02 -8.000000e+01
         vertex -2.165063e+02 -1.250000e+02 -7.600001e+01
      endloop
   endfacet
   facet normal -5.600823e-01 -2.910828e-01 7.756150e-01
      outer loop
         vertex -2.165063e+02 -1.250000e+02 -7.600001e+01
         vertex -2.267186e+02 -1.053503e+02 -7.600001e+01
         vertex -2.319562e+02 -1.059308e+02 -8.000000e+01
      endloop
   endfacet
   facet normal -5.673865e-01 -2.613774e-01 7.808677e-01
      outer loop
         vertex -2.319562e+02 -1.059308e+02 -8.000000e+01
         vertex -2.267186e+02 -1.053503e+02 -7.600001e+01
         vertex -2.274080e+02 -1.038538e+02 -7.600001e+01
      endloop
   endfacet
   facet normal -5.803468e-01 -2.323361e-01 7.805239e-01
      outer loop
         vertex -2.319562e+02 -1.059308e+02 -8.000000e+01
         vertex -2.274080e+02 -1.038538e+02 -7.600001e+01
         vertex -2.409752e+02 -8.340233e+01 -8.000000e+01
      endloop
   endfacet
   facet normal -5.841278e-01 -2.355885e-01 7.767192e-01
      outer loop
         vertex -2.409752e+02 -8.340233e+01 -8.000000e+01
         vertex -2.274080e+02 -1.038538e+02 -7.600001e+01
         vertex -2.358280e+02 -8.297696e+01 -7.600001e+01
      endloop
   endfacet
   facet normal -5.898113e-01 -2.058323e-01 7.808685e-01
      outer loop
         vertex -2.409752e+02 -8.340233e+01 -8.000000e+01
         vertex -2.358280e+02 -8.297696e+01 -7.600001e+01
         vertex -2.362502e+02 -8.176699e+01 -7.600001e+01
      endloop
   endfacet
   facet normal -4.913824e-01 -3.864275e-01 7.805236e-01
      outer loop
         vertex -2.077169e+02 -1.479145e+02 -8.000000e+01
         vertex -1.927161e+02 -1.669895e+02 -8.000000e+01
         vertex -1.889374e+02 -1.637152e+02 -7.600001e+01
      endloop
   endfacet
   facet normal -4.964355e-01 -3.942399e-01 7.733865e-01
      outer loop
         vertex -1.889374e+02 -1.637152e+02 -7.600001e+01
         vertex -2.022543e+02 -1.469463e+02 -7.600001e+01
         vertex -2.077169e+02 -1.479145e+02 -8.000000e+01
      endloop
   endfacet
   facet normal -5.071337e-01 -3.647796e-01 7.808657e-01
      outer loop
         vertex -2.077169e+02 -1.479145e+02 -8.000000e+01
         vertex -2.022543e+02 -1.469463e+02 -7.600001e+01
         vertex -2.036440e+02 -1.450142e+02 -7.600001e+01
      endloop
   endfacet
   facet normal -5.258897e-01 -3.379687e-01 7.805237e-01
      outer loop
         vertex -2.077169e+02 -1.479145e+02 -8.000000e+01
         vertex -2.036440e+02 -1.450142e+02 -7.600001e+01
         vertex -2.208365e+02 -1.275000e+02 -8.000000e+01
      endloop
   endfacet
   facet normal -5.307686e-01 -3.441326e-01 7.745046e-01
      outer loop
         vertex -2.208365e+02 -1.275000e+02 -8.000000e+01
         vertex -2.036440e+02 -1.450142e+02 -7.600001e+01
         vertex -2.154924e+02 -1.267400e+02 -7.600001e+01
      endloop
   endfacet
   facet normal -5.397415e-01 -3.145252e-01 7.808669e-01
      outer loop
         vertex -2.208365e+02 -1.275000e+02 -8.000000e+01
         vertex -2.154924e+02 -1.267400e+02 -7.600001e+01
         vertex -2.165063e+02 -1.250000e+02 -7.600001e+01
      endloop
   endfacet
   facet normal -4.093708e-01 -4.724390e-01 7.805235e-01
      outer loop
         vertex -1.759702e+02 -1.845522e+02 -8.000000e+01
         vertex -1.576305e+02 -2.004435e+02 -8.000000e+01
         vertex -1.545397e+02 -1.965133e+02 -7.600001e+01
      endloop
   endfacet
   facet normal -4.139339e-01 -4.837568e-01 7.711278e-01
      outer loop
         vertex -1.545397e+02 -1.965133e+02 -7.600001e+01
         vertex -1.702540e+02 -1.830672e+02 -7.600001e+01
         vertex -1.759702e+02 -1.845522e+02 -8.000000e+01
      endloop
   endfacet
   facet normal -4.282713e-01 -4.547922e-01 7.808635e-01
      outer loop
         vertex -1.759702e+02 -1.845522e+02 -8.000000e+01
         vertex -1.702540e+02 -1.830672e+02 -7.600001e+01
         vertex -1.725198e+02 -1.809335e+02 -7.600001e+01
      endloop
   endfacet
   facet normal -4.524250e-01 -4.313863e-01 7.805238e-01
      outer loop
         vertex -1.759702e+02 -1.845522e+02 -8.000000e+01
         vertex -1.725198e+02 -1.809335e+02 -7.600001e+01
         vertex -1.927161e+02 -1.669895e+02 -8.000000e+01
      endloop
   endfacet
   facet normal -4.573777e-01 -4.409301e-01 7.722605e-01
      outer loop
         vertex -1.927161e+02 -1.669895e+02 -8.000000e+01
         vertex -1.725198e+02 -1.809335e+02 -7.600001e+01
         vertex -1.871277e+02 -1.657807e+02 -7.600001e+01
      endloop
   endfacet
   facet normal -4.698636e-01 -4.116781e-01 7.808645e-01
      outer loop
         vertex -1.927161e+02 -1.669895e+02 -8.000000e+01
         vertex -1.871277e+02 -1.657807e+02 -7.600001e+01
         vertex -1.889374e+02 -1.637152e+02 -7.600001e+01
      endloop
   endfacet
   facet normal -3.125629e-01 -5.413749e-01 7.805239e-01
      outer loop
         vertex -1.378634e+02 -2.145196e+02 -8.000000e+01
         vertex -1.168478e+02 -2.266530e+02 -8.000000e+01
         vertex -1.145566e+02 -2.222089e+02 -7.600001e+01
      endloop
   endfacet
   facet normal -3.154535e-01 -5.562150e-01 7.688394e-01
      outer loop
         vertex -1.145566e+02 -2.222089e+02 -7.600001e+01
         vertex -1.319101e+02 -2.123670e+02 -7.600001e+01
         vertex -1.378634e+02 -2.145196e+02 -8.000000e+01
      endloop
   endfacet
   facet normal -3.336901e-01 -5.281173e-01 7.808605e-01
      outer loop
         vertex -1.378634e+02 -2.145196e+02 -8.000000e+01
         vertex -1.319101e+02 -2.123670e+02 -7.600001e+01
         vertex -1.351602e+02 -2.103134e+02 -7.600001e+01
      endloop
   endfacet
   facet normal -3.626086e-01 -5.092125e-01 7.805240e-01
      outer loop
         vertex -1.378634e+02 -2.145196e+02 -8.000000e+01
         vertex -1.351602e+02 -2.103134e+02 -7.600001e+01
         vertex -1.576305e+02 -2.004435e+02 -8.000000e+01
      endloop
   endfacet
   facet normal -3.664858e-01 -5.223098e-01 7.699874e-01
      outer loop
         vertex -1.576305e+02 -2.004435e+02 -8.000000e+01
         vertex -1.351602e+02 -2.103134e+02 -7.600001e+01
         vertex -1.517906e+02 -1.986444e+02 -7.600001e+01
      endloop
   endfacet
   facet normal -3.827399e-01 -4.937259e-01 7.808616e-01
      outer loop
         vertex -1.576305e+02 -2.004435e+02 -8.000000e+01
         vertex -1.517906e+02 -1.986444e+02 -7.600001e+01
         vertex -1.545397e+02 -1.965133e+02 -7.600001e+01
      endloop
   endfacet
   facet normal -2.044587e-01 -5.907452e-01 7.805234e-01
      outer loop
         vertex -9.477393e+01 -2.367338e+02 -8.000000e+01
         vertex -7.184180e+01 -2.446707e+02 -8.000000e+01
         vertex -7.043314e+01 -2.398732e+02 -7.600001e+01
      endloop
   endfacet
   facet normal -2.044857e-01 -6.087957e-01 7.665203e-01
      outer loop
         vertex -7.043314e+01 -2.398732e+02 -7.600001e+01
         vertex -8.865122e+01 -2.337541e+02 -7.600001e+01
         vertex -9.477393e+01 -2.367338e+02 -8.000000e+01
      endloop
   endfacet
   facet normal -2.268625e-01 -5.820619e-01 7.808568e-01
      outer loop
         vertex -9.477393e+01 -2.367338e+02 -8.000000e+01
         vertex -8.865122e+01 -2.337541e+02 -7.600001e+01
         vertex -9.291562e+01 -2.320920e+02 -7.600001e+01
      endloop
   endfacet
   facet normal -2.596867e-01 -5.686343e-01 7.805241e-01
      outer loop
         vertex -9.477393e+01 -2.367338e+02 -8.000000e+01
         vertex -9.291562e+01 -2.320920e+02 -7.600001e+01
         vertex -1.168478e+02 -2.266530e+02 -8.000000e+01
      endloop
   endfacet
   facet normal -2.612916e-01 -5.851399e-01 7.676835e-01
      outer loop
         vertex -1.168478e+02 -2.266530e+02 -8.000000e+01
         vertex -9.291562e+01 -2.320920e+02 -7.600001e+01
         vertex -1.107979e+02 -2.241067e+02 -7.600001e+01
      endloop
   endfacet
   facet normal -2.815714e-01 -5.576534e-01 7.808586e-01
      outer loop
         vertex -1.168478e+02 -2.266530e+02 -8.000000e+01
         vertex -1.107979e+02 -2.241067e+02 -7.600001e+01
         vertex -1.145566e+02 -2.222089e+02 -7.600001e+01
      endloop
   endfacet
   facet normal -8.896471e-02 -6.187631e-01 7.805239e-01
      outer loop
         vertex -4.825907e+01 -2.503918e+02 -8.000000e+01
         vertex -2.423929e+01 -2.538453e+02 -8.000000e+01
         vertex -2.376401e+01 -2.488680e+02 -7.600001e+01
      endloop
   endfacet
   facet normal -8.501088e-02 -6.393892e-01 7.641692e-01
      outer loop
         vertex -2.376401e+01 -2.488680e+02 -7.600001e+01
         vertex -4.208926e+01 -2.464315e+02 -7.600001e+01
         vertex -4.825907e+01 -2.503918e+02 -8.000000e+01
      endloop
   endfacet
   facet normal -1.117073e-01 -6.146480e-01 7.808516e-01
      outer loop
         vertex -4.825907e+01 -2.503918e+02 -8.000000e+01
         vertex -4.208926e+01 -2.464315e+02 -7.600001e+01
         vertex -4.731281e+01 -2.454822e+02 -7.600001e+01
      endloop
   endfacet
   facet normal -1.473792e-01 -6.075054e-01 7.805233e-01
      outer loop
         vertex -4.825907e+01 -2.503918e+02 -8.000000e+01
         vertex -4.731281e+01 -2.454822e+02 -7.600001e+01
         vertex -7.184180e+01 -2.446707e+02 -8.000000e+01
      endloop
   endfacet
   facet normal -1.455475e-01 -6.269441e-01 7.653476e-01
      outer loop
         vertex -7.184180e+01 -2.446707e+02 -8.000000e+01
         vertex -4.731281e+01 -2.454822e+02 -7.600001e+01
         vertex -6.567685e+01 -2.412189e+02 -7.600001e+01
      endloop
   endfacet
   facet normal -1.700683e-01 -6.011188e-01 7.808540e-01
      outer loop
         vertex -7.184180e+01 -2.446707e+02 -8.000000e+01
         vertex -6.567685e+01 -2.412189e+02 -7.600001e+01
         vertex -7.043314e+01 -2.398732e+02 -7.600001e+01
      endloop
   endfacet
   facet normal 2.974473e-02 -6.244179e-01 7.805239e-01
      outer loop
         vertex 4.600487e-14 -2.550000e+02 -8.000000e+01
         vertex 2.423929e+01 -2.538453e+02 -8.000000e+01
         vertex 2.376401e+01 -2.488680e+02 -7.600001e+01
      endloop
   endfacet
   facet normal 3.864138e-02 -6.466738e-01 7.617872e-01
      outer loop
         vertex 2.376401e+01 -2.488680e+02 -7.600001e+01
         vertex 6.040936e+00 -2.499270e+02 -7.600001e+01
         vertex 4.600487e-14 -2.550000e+02 -8.000000e+01
      endloop
   endfacet
   facet normal 7.548815e-03 -6.246770e-01 7.808468e-01
      outer loop
         vertex 4.600487e-14 -2.550000e+02 -8.000000e+01
         vertex 6.040936e+00 -2.499270e+02 -7.600001e+01
         vertex 4.510281e-14 -2.500000e+02 -7.600001e+01
      endloop
   endfacet
   facet normal -2.974475e-02 -6.244184e-01 7.805235e-01
      outer loop
         vertex 4.600487e-14 -2.550000e+02 -8.000000e+01
         vertex 4.510281e-14 -2.500000e+02 -7.600001e+01
         vertex -2.423929e+01 -2.538453e+02 -8.000000e+01
      endloop
   endfacet
   facet normal -2.342693e-02 -6.459956e-01 7.629816e-01
      outer loop
         vertex -2.423929e+01 -2.538453e+02 -8.000000e+01
         vertex 4.510281e-14 -2.500000e+02 -7.600001e+01
         vertex -1.810870e+01 -2.493433e+02 -7.600001e+01
      endloop
   endfacet
   facet normal -5.232186e-02 -6.225240e-01 7.808497e-01
      outer loop
         vertex -2.423929e+01 -2.538453e+02 -8.000000e+01
         vertex -1.810870e+01 -2.493433e+02 -7.600001e+01
         vertex -2.376401e+01 -2.488680e+02 -7.600001e+01
      endloop
   endfacet
   facet normal 1.473791e-01 -6.075052e-01 7.805234e-01
      outer loop
         vertex 4.825907e+01 -2.503918e+02 -8.000000e+01
         vertex 7.184180e+01 -2.446707e+02 -8.000000e+01
         vertex 7.043314e+01 -2.398732e+02 -7.600001e+01
      endloop
   endfacet
   facet normal 1.619499e-01 -6.301786e-01 7.593728e-01
      outer loop
         vertex 7.043314e+01 -2.398732e+02 -7.600001e+01
         vertex 5.394605e+01 -2.441103e+02 -7.600001e+01
         vertex 4.825907e+01 -2.503918e+02 -8.000000e+01
      endloop
   endfacet
   facet normal 1.265306e-01 -6.117823e-01 7.808408e-01
      outer loop
         vertex 4.825907e+01 -2.503918e+02 -8.000000e+01
         vertex 5.394605e+01 -2.441103e+02 -7.600001e+01
         vertex 4.731281e+01 -2.454822e+02 -7.600001e+01
      endloop
   endfacet
   facet normal 8.896481e-02 -6.187638e-01 7.805233e-01
      outer loop
         vertex 4.825907e+01 -2.503918e+02 -8.000000e+01
         vertex 4.731281e+01 -2.454822e+02 -7.600001e+01
         vertex 2.423929e+01 -2.538453e+02 -8.000000e+01
      endloop
   endfacet
   facet normal 1.006239e-01 -6.413941e-01 7.605843e-01
      outer loop
         vertex 2.423929e+01 -2.538453e+02 -8.000000e+01
         vertex 4.731281e+01 -2.454822e+02 -7.600001e+01
         vertex 3.013417e+01 -2.481772e+02 -7.600001e+01
      endloop
   endfacet
   facet normal 6.734831e-02 -6.210848e-01 7.808443e-01
      outer loop
         vertex 2.423929e+01 -2.538453e+02 -8.000000e+01
         vertex 3.013417e+01 -2.481772e+02 -7.600001e+01
         vertex 2.376401e+01 -2.488680e+02 -7.600001e+01
      endloop
   endfacet
   facet normal 2.596867e-01 -5.686345e-01 7.805240e-01
      outer loop
         vertex 9.477393e+01 -2.367338e+02 -8.000000e+01
         vertex 1.168478e+02 -2.266530e+02 -8.000000e+01
         vertex 1.145566e+02 -2.222089e+02 -7.600001e+01
      endloop
   endfacet
   facet normal 2.803671e-01 -5.903023e-01 7.569263e-01
      outer loop
         vertex 1.145566e+02 -2.222089e+02 -7.600001e+01
         vertex 9.984115e+01 -2.291981e+02 -7.600001e+01
         vertex 9.477393e+01 -2.367338e+02 -8.000000e+01
      endloop
   endfacet
   facet normal 2.408710e-01 -5.764351e-01 7.808353e-01
      outer loop
         vertex 9.477393e+01 -2.367338e+02 -8.000000e+01
         vertex 9.984115e+01 -2.291981e+02 -7.600001e+01
         vertex 9.291562e+01 -2.320920e+02 -7.600001e+01
      endloop
   endfacet
   facet normal 2.044584e-01 -5.907443e-01 7.805241e-01
      outer loop
         vertex 9.477393e+01 -2.367338e+02 -8.000000e+01
         vertex 9.291562e+01 -2.320920e+02 -7.600001e+01
         vertex 7.184180e+01 -2.446707e+02 -8.000000e+01
      endloop
   endfacet
   facet normal 2.220512e-01 -6.131045e-01 7.581531e-01
      outer loop
         vertex 7.184180e+01 -2.446707e+02 -8.000000e+01
         vertex 9.291562e+01 -2.320920e+02 -7.600001e+01
         vertex 7.725425e+01 -2.377641e+02 -7.600001e+01
      endloop
   endfacet
   facet normal 1.845491e-01 -5.968534e-01 7.808378e-01
      outer loop
         vertex 7.184180e+01 -2.446707e+02 -8.000000e+01
         vertex 7.725425e+01 -2.377641e+02 -7.600001e+01
         vertex 7.043314e+01 -2.398732e+02 -7.600001e+01
      endloop
   endfacet
   facet normal 3.626089e-01 -5.092130e-01 7.805235e-01
      outer loop
         vertex 1.378634e+02 -2.145196e+02 -8.000000e+01
         vertex 1.576305e+02 -2.004435e+02 -8.000000e+01
         vertex 1.545397e+02 -1.965133e+02 -7.600001e+01
      endloop
   endfacet
   facet normal 3.894832e-01 -5.283097e-01 7.544479e-01
      outer loop
         vertex 1.545397e+02 -1.965133e+02 -7.600001e+01
         vertex 1.420162e+02 -2.057460e+02 -7.600001e+01
         vertex 1.378634e+02 -2.145196e+02 -8.000000e+01
      endloop
   endfacet
   facet normal 3.463766e-01 -5.199334e-01 7.808281e-01
      outer loop
         vertex 1.378634e+02 -2.145196e+02 -8.000000e+01
         vertex 1.420162e+02 -2.057460e+02 -7.600001e+01
         vertex 1.351602e+02 -2.103134e+02 -7.600001e+01
      endloop
   endfacet
   facet normal 3.125629e-01 -5.413749e-01 7.805240e-01
      outer loop
         vertex 1.378634e+02 -2.145196e+02 -8.000000e+01
         vertex 1.351602e+02 -2.103134e+02 -7.600001e+01
         vertex 1.168478e+02 -2.266530e+02 -8.000000e+01
      endloop
   endfacet
   facet normal 3.363525e-01 -5.619578e-01 7.556920e-01
      outer loop
         vertex 1.168478e+02 -2.266530e+02 -8.000000e+01
         vertex 1.351602e+02 -2.103134e+02 -7.600001e+01
         vertex 1.214959e+02 -2.184920e+02 -7.600001e+01
      endloop
   endfacet
   facet normal 2.949804e-01 -5.507163e-01 7.808317e-01
      outer loop
         vertex 1.168478e+02 -2.266530e+02 -8.000000e+01
         vertex 1.214959e+02 -2.184920e+02 -7.600001e+01
         vertex 1.145566e+02 -2.222089e+02 -7.600001e+01
      endloop
   endfacet
   facet normal 4.524252e-01 -4.313865e-01 7.805236e-01
      outer loop
         vertex 1.759702e+02 -1.845522e+02 -8.000000e+01
         vertex 1.927161e+02 -1.669895e+02 -8.000000e+01
         vertex 1.889374e+02 -1.637152e+02 -7.600001e+01
      endloop
   endfacet
   facet normal 4.851968e-01 -4.462928e-01 7.519354e-01
      outer loop
         vertex 1.889374e+02 -1.637152e+02 -7.600001e+01
         vertex 1.788997e+02 -1.746278e+02 -7.600001e+01
         vertex 1.759702e+02 -1.845522e+02 -8.000000e+01
      endloop
   endfacet
   facet normal 4.391736e-01 -4.443492e-01 7.808203e-01
      outer loop
         vertex 1.759702e+02 -1.845522e+02 -8.000000e+01
         vertex 1.788997e+02 -1.746278e+02 -7.600001e+01
         vertex 1.725198e+02 -1.809335e+02 -7.600001e+01
      endloop
   endfacet
   facet normal 4.093705e-01 -4.724387e-01 7.805239e-01
      outer loop
         vertex 1.759702e+02 -1.845522e+02 -8.000000e+01
         vertex 1.725198e+02 -1.809335e+02 -7.600001e+01
         vertex 1.576305e+02 -2.004435e+02 -8.000000e+01
      endloop
   endfacet
   facet normal 4.392562e-01 -4.896433e-01 7.531955e-01
      outer loop
         vertex 1.576305e+02 -2.004435e+02 -8.000000e+01
         vertex 1.725198e+02 -1.809335e+02 -7.600001e+01
         vertex 1.612106e+02 -1.910789e+02 -7.600001e+01
      endloop
   endfacet
   facet normal 3.945896e-01 -4.843688e-01 7.808239e-01
      outer loop
         vertex 1.576305e+02 -2.004435e+02 -8.000000e+01
         vertex 1.612106e+02 -1.910789e+02 -7.600001e+01
         vertex 1.545397e+02 -1.965133e+02 -7.600001e+01
      endloop
   endfacet
   facet normal 5.258896e-01 -3.379686e-01 7.805238e-01
      outer loop
         vertex 2.077169e+02 -1.479145e+02 -8.000000e+01
         vertex 2.208365e+02 -1.275000e+02 -8.000000e+01
         vertex 2.165063e+02 -1.250000e+02 -7.600001e+01
      endloop
   endfacet
   facet normal 5.638614e-01 -3.470986e-01 7.493883e-01
      outer loop
         vertex 2.165063e+02 -1.250000e+02 -7.600001e+01
         vertex 2.091175e+02 -1.370031e+02 -7.600001e+01
         vertex 2.077169e+02 -1.479145e+02 -8.000000e+01
      endloop
   endfacet
   facet normal 5.158564e-01 -3.524559e-01 7.808118e-01
      outer loop
         vertex 2.077169e+02 -1.479145e+02 -8.000000e+01
         vertex 2.091175e+02 -1.370031e+02 -7.600001e+01
         vertex 2.036440e+02 -1.450142e+02 -7.600001e+01
      endloop
   endfacet
   facet normal 4.913823e-01 -3.864274e-01 7.805237e-01
      outer loop
         vertex 2.077169e+02 -1.479145e+02 -8.000000e+01
         vertex 2.036440e+02 -1.450142e+02 -7.600001e+01
         vertex 1.927161e+02 -1.669895e+02 -8.000000e+01
      endloop
   endfacet
   facet normal 5.268664e-01 -3.986382e-01 7.506660e-01
      outer loop
         vertex 1.927161e+02 -1.669895e+02 -8.000000e+01
         vertex 2.036440e+02 -1.450142e+02 -7.600001e+01
         vertex 1.949186e+02 -1.565463e+02 -7.600001e+01
      endloop
   endfacet
   facet normal 4.797204e-01 -4.002433e-01 7.808160e-01
      outer loop
         vertex 1.927161e+02 -1.669895e+02 -8.000000e+01
         vertex 1.949186e+02 -1.565463e+02 -7.600001e+01
         vertex 1.889374e+02 -1.637152e+02 -7.600001e+01
      endloop
   endfacet
   facet normal 5.803467e-01 -2.323360e-01 7.805240e-01
      outer loop
         vertex 2.319562e+02 -1.059308e+02 -8.000000e+01
         vertex 2.409752e+02 -8.340233e+01 -8.000000e+01
         vertex 2.362502e+02 -8.176699e+01 -7.600001e+01
      endloop
   endfacet
   facet normal 6.224264e-01 -2.342325e-01 7.468069e-01
      outer loop
         vertex 2.362502e+02 -8.176699e+01 -7.600001e+01
         vertex 2.315437e+02 -9.427371e+01 -7.600001e+01
         vertex 2.319562e+02 -1.059308e+02 -8.000000e+01
      endloop
   endfacet
   facet normal 5.736100e-01 -2.476252e-01 7.808030e-01
      outer loop
         vertex 2.319562e+02 -1.059308e+02 -8.000000e+01
         vertex 2.315437e+02 -9.427371e+01 -7.600001e+01
         vertex 2.274080e+02 -1.038538e+02 -7.600001e+01
      endloop
   endfacet
   facet normal 5.556341e-01 -2.864493e-01 7.805239e-01
      outer loop
         vertex 2.319562e+02 -1.059308e+02 -8.000000e+01
         vertex 2.274080e+02 -1.038538e+02 -7.600001e+01
         vertex 2.208365e+02 -1.275000e+02 -8.000000e+01
      endloop
   endfacet
   facet normal 5.958212e-01 -2.921330e-01 7.481012e-01
      outer loop
         vertex 2.208365e+02 -1.275000e+02 -8.000000e+01
         vertex 2.274080e+02 -1.038538e+02 -7.600001e+01
         vertex 2.213640e+02 -1.161808e+02 -7.600001e+01
      endloop
   endfacet
   facet normal 5.472488e-01 -3.014271e-01 7.808075e-01
      outer loop
         vertex 2.208365e+02 -1.275000e+02 -8.000000e+01
         vertex 2.213640e+02 -1.161808e+02 -7.600001e+01
         vertex 2.165063e+02 -1.250000e+02 -7.600001e+01
      endloop
   endfacet
   facet normal 6.138280e-01 -1.183062e-01 7.805247e-01
      outer loop
         vertex 2.478119e+02 -6.011853e+01 -8.000000e+01
         vertex 2.524045e+02 -3.629028e+01 -8.000000e+01
         vertex 2.474554e+02 -3.557871e+01 -7.600001e+01
      endloop
   endfacet
   facet normal 6.585576e-01 -1.117335e-01 7.441892e-01
      outer loop
         vertex 2.474554e+02 -3.557871e+01 -7.600001e+01
         vertex 2.453425e+02 -4.803168e+01 -7.600001e+01
         vertex 2.478119e+02 -6.011853e+01 -8.000000e+01
      endloop
   endfacet
   facet normal 6.103167e-01 -1.337028e-01 7.807926e-01
      outer loop
         vertex 2.478119e+02 -6.011853e+01 -8.000000e+01
         vertex 2.453425e+02 -4.803168e+01 -7.600001e+01
         vertex 2.429529e+02 -5.893973e+01 -7.600001e+01
      endloop
   endfacet
   facet normal 5.998050e-01 -1.761183e-01 7.805231e-01
      outer loop
         vertex 2.478119e+02 -6.011853e+01 -8.000000e+01
         vertex 2.429529e+02 -5.893973e+01 -7.600001e+01
         vertex 2.409752e+02 -8.340233e+01 -8.000000e+01
      endloop
   endfacet
   facet normal 6.434096e-01 -1.739174e-01 7.455044e-01
      outer loop
         vertex 2.409752e+02 -8.340233e+01 -8.000000e+01
         vertex 2.429529e+02 -5.893973e+01 -7.600001e+01
         vertex 2.395615e+02 -7.148642e+01 -7.600001e+01
      endloop
   endfacet
   facet normal 5.946970e-01 -1.915446e-01 7.807984e-01
      outer loop
         vertex 2.409752e+02 -8.340233e+01 -8.000000e+01
         vertex 2.395615e+02 -7.148642e+01 -7.600001e+01
         vertex 2.362502e+02 -8.176699e+01 -7.600001e+01
      endloop
   endfacet
   facet normal 6.472246e-01 0.000000e+00 7.622994e-01
      outer loop
         vertex 2.547112e+02 1.213339e+01 -8.000000e+01
         vertex 2.500000e+02 1.377554e-14 -7.600001e+01
         vertex 2.547112e+02 -1.213339e+01 -8.000000e+01
      endloop
   endfacet
   facet normal 6.246245e-01 -1.486892e-02 7.807837e-01
      outer loop
         vertex 2.547112e+02 -1.213339e+01 -8.000000e+01
         vertex 2.500000e+02 1.377554e-14 -7.600001e+01
         vertex 2.497168e+02 -1.189548e+01 -7.600001e+01
      endloop
   endfacet
   facet normal 6.222946e-01 -5.942182e-02 7.805245e-01
      outer loop
         vertex 2.547112e+02 -1.213339e+01 -8.000000e+01
         vertex 2.497168e+02 -1.189548e+01 -7.600001e+01
         vertex 2.524045e+02 -3.629028e+01 -8.000000e+01
      endloop
   endfacet
   facet normal 6.676950e-01 -4.824575e-02 7.428699e-01
      outer loop
         vertex 2.524045e+02 -3.629028e+01 -8.000000e+01
         vertex 2.497168e+02 -1.189548e+01 -7.600001e+01
         vertex 2.488329e+02 -2.412848e+01 -7.600001e+01
      endloop
   endfacet
   facet normal 6.203214e-01 -7.462955e-02 7.807892e-01
      outer loop
         vertex 2.524045e+02 -3.629028e+01 -8.000000e+01
         vertex 2.488329e+02 -2.412848e+01 -7.600001e+01
         vertex 2.474554e+02 -3.557871e+01 -7.600001e+01
      endloop
   endfacet
   facet normal 6.442727e-01 6.152047e-02 7.623175e-01
      outer loop
         vertex 2.524045e+02 3.629028e+01 -8.000000e+01
         vertex 2.488329e+02 2.412848e+01 -7.600001e+01
         vertex 2.547112e+02 1.213339e+01 -8.000000e+01
      endloop
   endfacet
   facet normal 6.231835e-01 4.502947e-02 7.807783e-01
      outer loop
         vertex 2.547112e+02 1.213339e+01 -8.000000e+01
         vertex 2.488329e+02 2.412848e+01 -7.600001e+01
         vertex 2.497168e+02 1.189548e+01 -7.600001e+01
      endloop
   endfacet
   facet normal 6.246245e-01 1.486892e-02 7.807837e-01
      outer loop
         vertex 2.547112e+02 1.213339e+01 -8.000000e+01
         vertex 2.497168e+02 1.189548e+01 -7.600001e+01
         vertex 2.500000e+02 1.377554e-14 -7.600001e+01
      endloop
   endfacet
   facet normal 6.354453e-01 1.224726e-01 7.623712e-01
      outer loop
         vertex 2.478119e+02 6.011853e+01 -8.000000e+01
         vertex 2.453425e+02 4.803168e+01 -7.600001e+01
         vertex 2.524045e+02 3.629028e+01 -8.000000e+01
      endloop
   endfacet
   facet normal 6.160115e-01 1.045150e-01 7.807730e-01
      outer loop
         vertex 2.524045e+02 3.629028e+01 -8.000000e+01
         vertex 2.453425e+02 4.803168e+01 -7.600001e+01
         vertex 2.474554e+02 3.557871e+01 -7.600001e+01
      endloop
   endfacet
   facet normal 6.203214e-01 7.462955e-02 7.807892e-01
      outer loop
         vertex 2.524045e+02 3.629028e+01 -8.000000e+01
         vertex 2.474554e+02 3.557871e+01 -7.600001e+01
         vertex 2.488329e+02 2.412848e+01 -7.600001e+01
      endloop
   endfacet
   facet normal 6.208232e-01 1.822898e-01 7.624625e-01
      outer loop
         vertex 2.409752e+02 8.340233e+01 -8.000000e+01
         vertex 2.395615e+02 7.148642e+01 -7.600001e+01
         vertex 2.478119e+02 6.011853e+01 -8.000000e+01
      endloop
   endfacet
   facet normal 6.031768e-01 1.630423e-01 7.807656e-01
      outer loop
         vertex 2.478119e+02 6.011853e+01 -8.000000e+01
         vertex 2.395615e+02 7.148642e+01 -7.600001e+01
         vertex 2.429529e+02 5.893973e+01 -7.600001e+01
      endloop
   endfacet
   facet normal 6.103167e-01 1.337028e-01 7.807926e-01
      outer loop
         vertex 2.478119e+02 6.011853e+01 -8.000000e+01
         vertex 2.429529e+02 5.893973e+01 -7.600001e+01
         vertex 2.453425e+02 4.803168e+01 -7.600001e+01
      endloop
   endfacet
   facet normal 6.005451e-01 2.404223e-01 7.625894e-01
      outer loop
         vertex 2.319562e+02 1.059308e+02 -8.000000e+01
         vertex 2.315437e+02 9.427371e+01 -7.600001e+01
         vertex 2.409752e+02 8.340233e+01 -8.000000e+01
      endloop
   endfacet
   facet normal 5.847923e-01 2.200699e-01 7.807606e-01
      outer loop
         vertex 2.409752e+02 8.340233e+01 -8.000000e+01
         vertex 2.315437e+02 9.427371e+01 -7.600001e+01
         vertex 2.362502e+02 8.176699e+01 -7.600001e+01
      endloop
   endfacet
   facet normal 5.946970e-01 1.915446e-01 7.807984e-01
      outer loop
         vertex 2.409752e+02 8.340233e+01 -8.000000e+01
         vertex 2.362502e+02 8.176699e+01 -7.600001e+01
         vertex 2.395615e+02 7.148642e+01 -7.600001e+01
      endloop
   endfacet
   facet normal 5.748017e-01 2.963308e-01 7.627523e-01
      outer loop
         vertex 2.208365e+02 1.275000e+02 -8.000000e+01
         vertex 2.213640e+02 1.161808e+02 -7.600001e+01
         vertex 2.319562e+02 1.059308e+02 -8.000000e+01
      endloop
   endfacet
   facet normal 5.610312e-01 2.750754e-01 7.807545e-01
      outer loop
         vertex 2.319562e+02 1.059308e+02 -8.000000e+01
         vertex 2.213640e+02 1.161808e+02 -7.600001e+01
         vertex 2.274080e+02 1.038538e+02 -7.600001e+01
      endloop
   endfacet
   facet normal 5.736100e-01 2.476252e-01 7.808030e-01
      outer loop
         vertex 2.319562e+02 1.059308e+02 -8.000000e+01
         vertex 2.274080e+02 1.038538e+02 -7.600001e+01
         vertex 2.315437e+02 9.427371e+01 -7.600001e+01
      endloop
   endfacet
   facet normal 5.438327e-01 3.494999e-01 7.629520e-01
      outer loop
         vertex 2.077169e+02 1.479145e+02 -8.000000e+01
         vertex 2.091175e+02 1.370031e+02 -7.600001e+01
         vertex 2.208365e+02 1.275000e+02 -8.000000e+01
      endloop
   endfacet
   facet normal 5.321101e-01 3.275533e-01 7.807482e-01
      outer loop
         vertex 2.208365e+02 1.275000e+02 -8.000000e+01
         vertex 2.091175e+02 1.370031e+02 -7.600001e+01
         vertex 2.165063e+02 1.250000e+02 -7.600001e+01
      endloop
   endfacet
   facet normal 5.472488e-01 3.014271e-01 7.808075e-01
      outer loop
         vertex 2.208365e+02 1.275000e+02 -8.000000e+01
         vertex 2.165063e+02 1.250000e+02 -7.600001e+01
         vertex 2.213640e+02 1.161808e+02 -7.600001e+01
      endloop
   endfacet
   facet normal 5.079297e-01 3.994404e-01 7.631873e-01
      outer loop
         vertex 1.927161e+02 1.669895e+02 -8.000000e+01
         vertex 1.949186e+02 1.565463e+02 -7.600001e+01
         vertex 2.077169e+02 1.479145e+02 -8.000000e+01
      endloop
   endfacet
   facet normal 4.982951e-01 3.770205e-01 7.807417e-01
      outer loop
         vertex 2.077169e+02 1.479145e+02 -8.000000e+01
         vertex 1.949186e+02 1.565463e+02 -7.600001e+01
         vertex 2.036440e+02 1.450142e+02 -7.600001e+01
      endloop
   endfacet
   facet normal 5.158564e-01 3.524559e-01 7.808118e-01
      outer loop
         vertex 2.077169e+02 1.479145e+02 -8.000000e+01
         vertex 2.036440e+02 1.450142e+02 -7.600001e+01
         vertex 2.091175e+02 1.370031e+02 -7.600001e+01
      endloop
   endfacet
   facet normal 4.674287e-01 4.456922e-01 7.634585e-01
      outer loop
         vertex 1.759702e+02 1.845522e+02 -8.000000e+01
         vertex 1.788997e+02 1.746278e+02 -7.600001e+01
         vertex 1.927161e+02 1.669895e+02 -8.000000e+01
      endloop
   endfacet
   facet normal 4.598971e-01 4.230218e-01 7.807351e-01
      outer loop
         vertex 1.927161e+02 1.669895e+02 -8.000000e+01
         vertex 1.788997e+02 1.746278e+02 -7.600001e+01
         vertex 1.889374e+02 1.637152e+02 -7.600001e+01
      endloop
   endfacet
   facet normal 4.797204e-01 4.002433e-01 7.808160e-01
      outer loop
         vertex 1.927161e+02 1.669895e+02 -8.000000e+01
         vertex 1.889374e+02 1.637152e+02 -7.600001e+01
         vertex 1.949186e+02 1.565463e+02 -7.600001e+01
      endloop
   endfacet
   facet normal 4.227089e-01 4.878321e-01 7.637650e-01
      outer loop
         vertex 1.576305e+02 2.004435e+02 -8.000000e+01
         vertex 1.612106e+02 1.910789e+02 -7.600001e+01
         vertex 1.759702e+02 1.845522e+02 -8.000000e+01
      endloop
   endfacet
   facet normal 4.172689e-01 4.651338e-01 7.807286e-01
      outer loop
         vertex 1.759702e+02 1.845522e+02 -8.000000e+01
         vertex 1.612106e+02 1.910789e+02 -7.600001e+01
         vertex 1.725198e+02 1.809335e+02 -7.600001e+01
      endloop
   endfacet
   facet normal 4.391736e-01 4.443492e-01 7.808203e-01
      outer loop
         vertex 1.759702e+02 1.845522e+02 -8.000000e+01
         vertex 1.725198e+02 1.809335e+02 -7.600001e+01
         vertex 1.788997e+02 1.746278e+02 -7.600001e+01
      endloop
   endfacet
   facet normal 3.741884e-01 5.254741e-01 7.641073e-01
      outer loop
         vertex 1.378634e+02 2.145196e+02 -8.000000e+01
         vertex 1.420162e+02 2.057460e+02 -7.600001e+01
         vertex 1.576305e+02 2.004435e+02 -8.000000e+01
      endloop
   endfacet
   facet normal 3.708027e-01 5.029707e-01 7.807213e-01
      outer loop
         vertex 1.576305e+02 2.004435e+02 -8.000000e+01
         vertex 1.420162e+02 2.057460e+02 -7.600001e+01
         vertex 1.545397e+02 1.965133e+02 -7.600001e+01
      endloop
   endfacet
   facet normal 3.945896e-01 4.843688e-01 7.808239e-01
      outer loop
         vertex 1.576305e+02 2.004435e+02 -8.000000e+01
         vertex 1.545397e+02 1.965133e+02 -7.600001e+01
         vertex 1.612106e+02 1.910789e+02 -7.600001e+01
      endloop
   endfacet
   facet normal 3.223206e-01 5.582758e-01 7.644851e-01
      outer loop
         vertex 1.168478e+02 2.266530e+02 -8.000000e+01
         vertex 1.214959e+02 2.184920e+02 -7.600001e+01
         vertex 1.378634e+02 2.145196e+02 -8.000000e+01
      endloop
   endfacet
   facet normal 3.209249e-01 5.361824e-01 7.807148e-01
      outer loop
         vertex 1.378634e+02 2.145196e+02 -8.000000e+01
         vertex 1.214959e+02 2.184920e+02 -7.600001e+01
         vertex 1.351602e+02 2.103134e+02 -7.600001e+01
      endloop
   endfacet
   facet normal 3.463766e-01 5.199334e-01 7.808281e-01
      outer loop
         vertex 1.378634e+02 2.145196e+02 -8.000000e+01
         vertex 1.351602e+02 2.103134e+02 -7.600001e+01
         vertex 1.420162e+02 2.057460e+02 -7.600001e+01
      endloop
   endfacet
   facet normal 2.675908e-01 5.859419e-01 7.648969e-01
      outer loop
         vertex 9.477393e+01 2.367338e+02 -8.000000e+01
         vertex 9.984115e+01 2.291981e+02 -7.600001e+01
         vertex 1.168478e+02 2.266530e+02 -8.000000e+01
      endloop
   endfacet
   facet normal 2.680955e-01 5.644648e-01 7.807076e-01
      outer loop
         vertex 1.168478e+02 2.266530e+02 -8.000000e+01
         vertex 9.984115e+01 2.291981e+02 -7.600001e+01
         vertex 1.145566e+02 2.222089e+02 -7.600001e+01
      endloop
   endfacet
   facet normal 2.949804e-01 5.507163e-01 7.808317e-01
      outer loop
         vertex 1.168478e+02 2.266530e+02 -8.000000e+01
         vertex 1.145566e+02 2.222089e+02 -7.600001e+01
         vertex 1.214959e+02 2.184920e+02 -7.600001e+01
      endloop
   endfacet
   facet normal 2.105078e-01 6.082230e-01 7.653439e-01
      outer loop
         vertex 7.184180e+01 2.446707e+02 -8.000000e+01
         vertex 7.725425e+01 2.377641e+02 -7.600001e+01
         vertex 9.477393e+01 2.367338e+02 -8.000000e+01
      endloop
   endfacet
   facet normal 2.127986e-01 5.875574e-01 7.807004e-01
      outer loop
         vertex 9.477393e+01 2.367338e+02 -8.000000e+01
         vertex 7.725425e+01 2.377641e+02 -7.600001e+01
         vertex 9.291562e+01 2.320920e+02 -7.600001e+01
      endloop
   endfacet
   facet normal 2.408710e-01 5.764351e-01 7.808353e-01
      outer loop
         vertex 9.477393e+01 2.367338e+02 -8.000000e+01
         vertex 9.291562e+01 2.320920e+02 -7.600001e+01
         vertex 9.984115e+01 2.291981e+02 -7.600001e+01
      endloop
   endfacet
   facet normal 1.516043e-01 6.249214e-01 7.658259e-01
      outer loop
         vertex 4.825907e+01 2.503918e+02 -8.000000e+01
         vertex 5.394605e+01 2.441103e+02 -7.600001e+01
         vertex 7.184180e+01 2.446707e+02 -8.000000e+01
      endloop
   endfacet
   facet normal 1.555432e-01 6.052488e-01 7.806921e-01
      outer loop
         vertex 7.184180e+01 2.446707e+02 -8.000000e+01
         vertex 5.394605e+01 2.441103e+02 -7.600001e+01
         vertex 7.043314e+01 2.398732e+02 -7.600001e+01
      endloop
   endfacet
   facet normal 1.845491e-01 5.968534e-01 7.808378e-01
      outer loop
         vertex 7.184180e+01 2.446707e+02 -8.000000e+01
         vertex 7.043314e+01 2.398732e+02 -7.600001e+01
         vertex 7.725425e+01 2.377641e+02 -7.600001e+01
      endloop
   endfacet
   facet normal 9.142767e-02 6.358934e-01 7.663423e-01
      outer loop
         vertex 2.423929e+01 2.538453e+02 -8.000000e+01
         vertex 3.013417e+01 2.481772e+02 -7.600001e+01
         vertex 4.825907e+01 2.503918e+02 -8.000000e+01
      endloop
   endfacet
   facet normal 9.685559e-02 6.173742e-01 7.806844e-01
      outer loop
         vertex 4.825907e+01 2.503918e+02 -8.000000e+01
         vertex 3.013417e+01 2.481772e+02 -7.600001e+01
         vertex 4.731281e+01 2.454822e+02 -7.600001e+01
      endloop
   endfacet
   facet normal 1.265306e-01 6.117823e-01 7.808408e-01
      outer loop
         vertex 4.825907e+01 2.503918e+02 -8.000000e+01
         vertex 4.731281e+01 2.454822e+02 -7.600001e+01
         vertex 5.394605e+01 2.441103e+02 -7.600001e+01
      endloop
   endfacet
   facet normal -2.264864e-02 6.245345e-01 7.806687e-01
      outer loop
         vertex -1.810870e+01 2.493433e+02 -7.600001e+01
         vertex 0.000000e+00 2.500000e+02 -7.600001e+01
         vertex 0.000000e+00 2.550000e+02 -8.000000e+01
      endloop
   endfacet
   facet normal 7.548815e-03 6.246770e-01 7.808468e-01
      outer loop
         vertex 0.000000e+00 2.550000e+02 -8.000000e+01
         vertex 0.000000e+00 2.500000e+02 -7.600001e+01
         vertex 6.040936e+00 2.499270e+02 -7.600001e+01
      endloop
   endfacet
   facet normal 3.053695e-02 6.410486e-01 7.668926e-01
      outer loop
         vertex 0.000000e+00 2.550000e+02 -8.000000e+01
         vertex 6.040936e+00 2.499270e+02 -7.600001e+01
         vertex 2.423929e+01 2.538453e+02 -8.000000e+01
      endloop
   endfacet
   facet normal 3.727589e-02 6.238219e-01 7.806771e-01
      outer loop
         vertex 2.423929e+01 2.538453e+02 -8.000000e+01
         vertex 6.040936e+00 2.499270e+02 -7.600001e+01
         vertex 2.376401e+01 2.488680e+02 -7.600001e+01
      endloop
   endfacet
   facet normal 6.734831e-02 6.210848e-01 7.808443e-01
      outer loop
         vertex 2.423929e+01 2.538453e+02 -8.000000e+01
         vertex 2.376401e+01 2.488680e+02 -7.600001e+01
         vertex 3.013417e+01 2.481772e+02 -7.600001e+01
      endloop
   endfacet
endsolid