solid table-base
   facet normal 0.000000e+00 0.000000e+00 -1.000000e+00
      outer loop
         vertex 1.500000e+02 2.900000e+02 -3.520000e+02
         vertex 1.500000e+02 3.350000e+02 -3.520000e+02
         vertex 1.600000e+02 3.350000e+02 -3.520000e+02
      endloop
   endfacet
   facet normal 0.000000e+00 0.000000e+00 -1.000000e+00
      outer loop
         vertex 2.870000e+02 -2.000000e+02 -3.520000e+02
         vertex 2.770000e+02 -2.000000e+02 -3.520000e+02
         vertex 2.870000e+02 -1.900000e+02 -3.520000e+02
      endloop
   endfacet
   facet normal -0.000000e+00 0.000000e+00 -1.000000e+00
      outer loop
         vertex 2.870000e+02 -1.900000e+02 -3.520000e+02
         vertex 2.770000e+02 -2.000000e+02 -3.520000e+02
         vertex 2.770000e+02 -1.850000e+02 -3.520000e+02
      endloop
   endfacet
   facet normal 0.000000e+00 -0.000000e+00 -1.000000e+00
      outer loop
         vertex -1.500000e+02 -2.900000e+02 -3.520000e+02
         vertex -1.500000e+02 -3.350000e+02 -3.520000e+02
         vertex -1.600000e+02 -3.350000e+02 -3.520000e+02
      endloop
   endfacet
   facet normal 0.000000e+00 0.000000e+00 -1.000000e+00
      outer loop
         vertex -2.950000e+02 -1.150000e+02 -3.520000e+02
         vertex -2.920000e+02 -1.150000e+02 -3.520000e+02
         vertex -2.950000e+02 -1.250000e+02 -3.520000e+02
      endloop
   endfacet
   facet normal 0.000000e+00 0.000000e+00 -1.000000e+00
      outer loop
         vertex -2.950000e+02 -1.250000e+02 -3.520000e+02
         vertex -2.920000e+02 -1.150000e+02 -3.520000e+02
         vertex -1.600000e+02 -1.850000e+02 -3.520000e+02
      endloop
   endfacet
   facet normal 0.000000e+00 0.000000e+00 -1.000000e+00
      outer loop
         vertex -2.950000e+02 -1.250000e+02 -3.520000e+02
         vertex -1.600000e+02 -1.850000e+02 -3.520000e+02
         vertex -2.770000e+02 -1.850000e+02 -3.520000e+02
      endloop
   endfacet
   facet normal 0.000000e+00 0.000000e+00 -1.000000e+00
      outer loop
         vertex -2.950000e+02 -1.900000e+02 -3.520000e+02
         vertex -2.950000e+02 -1.250000e+02 -3.520000e+02
         vertex -2.870000e+02 -1.900000e+02 -3.520000e+02
      endloop
   endfacet
   facet normal 0.000000e+00 0.000000e+00 -1.000000e+00
      outer loop
         vertex -2.870000e+02 -1.900000e+02 -3.520000e+02
         vertex -2.950000e+02 -1.250000e+02 -3.520000e+02
         vertex -2.770000e+02 -1.850000e+02 -3.520000e+02
      endloop
   endfacet
   facet normal 0.000000e+00 0.000000e+00 -1.000000e+00
      outer loop
         vertex -2.870000e+02 -1.900000e+02 -3.520000e+02
         vertex -2.770000e+02 -1.850000e+02 -3.520000e+02
         vertex -2.870000e+02 -2.000000e+02 -3.520000e+02
      endloop
   endfacet
   facet normal 0.000000e+00 0.000000e+00 -1.000000e+00
      outer loop
         vertex -2.870000e+02 -2.000000e+02 -3.520000e+02
         vertex -2.770000e+02 -1.850000e+02 -3.520000e+02
         vertex -2.770000e+02 -2.000000e+02 -3.520000e+02
      endloop
   endfacet
   facet normal 0.000000e+00 0.000000e+00 -1.000000e+00
      outer loop
         vertex -2.870000e+02 2.000000e+02 -3.520000e+02
         vertex -2.770000e+02 2.000000e+02 -3.520000e+02
         vertex -2.870000e+02 1.900000e+02 -3.520000e+02
      endloop
   endfacet
   facet normal 0.000000e+00 0.000000e+00 -1.000000e+00
      outer loop
         vertex -2.870000e+02 1.900000e+02 -3.520000e+02
         vertex -2.770000e+02 2.000000e+02 -3.520000e+02
         vertex -2.770000e+02 1.850000e+02 -3.520000e+02
      endloop
   endfacet
   facet normal 0.000000e+00 0.000000e+00 -1.000000e+00
      outer loop
         vertex -1.600000e+02 -3.350000e+02 -3.520000e+02
         vertex -1.600000e+02 -1.850000e+02 -3.520000e+02
         vertex -1.500000e+02 -2.900000e+02 -3.520000e+02
      endloop
   endfacet
   facet normal 0.000000e+00 0.000000e+00 -1.000000e+00
      outer loop
         vertex -1.500000e+02 -2.900000e+02 -3.520000e+02
         vertex -1.600000e+02 -1.850000e+02 -3.520000e+02
         vertex 1.600000e+02 -1.850000e+02 -3.520000e+02
      endloop
   endfacet
   facet normal 0.000000e+00 0.000000e+00 -1.000000e+00
      outer loop
         vertex -1.500000e+02 -2.900000e+02 -3.520000e+02
         vertex 1.600000e+02 -1.850000e+02 -3.520000e+02
         vertex 1.500000e+02 -2.900000e+02 -3.520000e+02
      endloop
   endfacet
   facet normal 0.000000e+00 0.000000e+00 -1.000000e+00
      outer loop
         vertex 1.500000e+02 -2.900000e+02 -3.520000e+02
         vertex 1.600000e+02 -1.850000e+02 -3.520000e+02
         vertex 1.600000e+02 -3.350000e+02 -3.520000e+02
      endloop
   endfacet
   facet normal 0.000000e+00 0.000000e+00 -1.000000e+00
      outer loop
         vertex 1.500000e+02 -2.900000e+02 -3.520000e+02
         vertex 1.600000e+02 -3.350000e+02 -3.520000e+02
         vertex 1.500000e+02 -3.350000e+02 -3.520000e+02
      endloop
   endfacet
   facet normal 0.000000e+00 0.000000e+00 -1.000000e+00
      outer loop
         vertex -2.920000e+02 1.150000e+02 -3.520000e+02
         vertex -2.950000e+02 1.150000e+02 -3.520000e+02
         vertex -1.600000e+02 1.850000e+02 -3.520000e+02
      endloop
   endfacet
   facet normal 0.000000e+00 0.000000e+00 -1.000000e+00
      outer loop
         vertex -1.600000e+02 1.850000e+02 -3.520000e+02
         vertex -2.950000e+02 1.150000e+02 -3.520000e+02
         vertex -2.950000e+02 1.250000e+02 -3.520000e+02
      endloop
   endfacet
   facet normal -0.000000e+00 0.000000e+00 -1.000000e+00
      outer loop
         vertex -1.600000e+02 1.850000e+02 -3.520000e+02
         vertex -2.950000e+02 1.250000e+02 -3.520000e+02
         vertex -2.770000e+02 1.850000e+02 -3.520000e+02
      endloop
   endfacet
   facet normal -0.000000e+00 0.000000e+00 -1.000000e+00
      outer loop
         vertex -2.770000e+02 1.850000e+02 -3.520000e+02
         vertex -2.950000e+02 1.250000e+02 -3.520000e+02
         vertex -2.950000e+02 1.900000e+02 -3.520000e+02
      endloop
   endfacet
   facet normal 0.000000e+00 0.000000e+00 -1.000000e+00
      outer loop
         vertex -2.770000e+02 1.850000e+02 -3.520000e+02
         vertex -2.950000e+02 1.900000e+02 -3.520000e+02
         vertex -2.870000e+02 1.900000e+02 -3.520000e+02
      endloop
   endfacet
   facet normal 0.000000e+00 0.000000e+00 -1.000000e+00
      outer loop
         vertex 2.770000e+02 2.000000e+02 -3.520000e+02
         vertex 2.870000e+02 2.000000e+02 -3.520000e+02
         vertex 2.770000e+02 1.850000e+02 -3.520000e+02
      endloop
   endfacet
   facet normal 0.000000e+00 0.000000e+00 -1.000000e+00
      outer loop
         vertex 2.770000e+02 1.850000e+02 -3.520000e+02
         vertex 2.870000e+02 2.000000e+02 -3.520000e+02
         vertex 2.870000e+02 1.900000e+02 -3.520000e+02
      endloop
   endfacet
   facet normal 0.000000e+00 0.000000e+00 -1.000000e+00
      outer loop
         vertex 2.770000e+02 1.850000e+02 -3.520000e+02
         vertex 2.870000e+02 1.900000e+02 -3.520000e+02
         vertex 2.950000e+02 1.900000e+02 -3.520000e+02
      endloop
   endfacet
   facet normal 0.000000e+00 0.000000e+00 -1.000000e+00
      outer loop
         vertex 2.920000e+02 1.150000e+02 -3.520000e+02
         vertex 1.600000e+02 1.850000e+02 -3.520000e+02
         vertex 2.950000e+02 1.150000e+02 -3.520000e+02
      endloop
   endfacet
   facet normal 0.000000e+00 0.000000e+00 -1.000000e+00
      outer loop
         vertex 2.950000e+02 1.150000e+02 -3.520000e+02
         vertex 1.600000e+02 1.850000e+02 -3.520000e+02
         vertex 2.770000e+02 1.850000e+02 -3.520000e+02
      endloop
   endfacet
   facet normal 0.000000e+00 0.000000e+00 -1.000000e+00
      outer loop
         vertex 2.950000e+02 1.150000e+02 -3.520000e+02
         vertex 2.770000e+02 1.850000e+02 -3.520000e+02
         vertex 2.950000e+02 1.250000e+02 -3.520000e+02
      endloop
   endfacet
   facet normal 0.000000e+00 0.000000e+00 -1.000000e+00
      outer loop
         vertex 2.950000e+02 1.250000e+02 -3.520000e+02
         vertex 2.770000e+02 1.850000e+02 -3.520000e+02
         vertex 2.950000e+02 1.900000e+02 -3.520000e+02
      endloop
   endfacet
   facet normal 0.000000e+00 -0.000000e+00 -1.000000e+00
      outer loop
         vertex 1.600000e+02 3.350000e+02 -3.520000e+02
         vertex 1.600000e+02 1.850000e+02 -3.520000e+02
         vertex 1.500000e+02 2.900000e+02 -3.520000e+02
      endloop
   endfacet
   facet normal 0.000000e+00 -0.000000e+00 -1.000000e+00
      outer loop
         vertex 1.500000e+02 2.900000e+02 -3.520000e+02
         vertex 1.600000e+02 1.850000e+02 -3.520000e+02
         vertex -1.600000e+02 1.850000e+02 -3.520000e+02
      endloop
   endfacet
   facet normal -0.000000e+00 0.000000e+00 -1.000000e+00
      outer loop
         vertex 1.500000e+02 2.900000e+02 -3.520000e+02
         vertex -1.600000e+02 1.850000e+02 -3.520000e+02
         vertex -1.500000e+02 2.900000e+02 -3.520000e+02
      endloop
   endfacet
   facet normal -0.000000e+00 0.000000e+00 -1.000000e+00
      outer loop
         vertex -1.500000e+02 2.900000e+02 -3.520000e+02
         vertex -1.600000e+02 1.850000e+02 -3.520000e+02
         vertex -1.600000e+02 3.350000e+02 -3.520000e+02
      endloop
   endfacet
   facet normal 0.000000e+00 0.000000e+00 -1.000000e+00
      outer loop
         vertex -1.500000e+02 2.900000e+02 -3.520000e+02
         vertex -1.600000e+02 3.350000e+02 -3.520000e+02
         vertex -1.500000e+02 3.350000e+02 -3.520000e+02
      endloop
   endfacet
   facet normal 0.000000e+00 -0.000000e+00 -1.000000e+00
      outer loop
         vertex 2.920000e+02 -1.150000e+02 -3.520000e+02
         vertex 2.950000e+02 -1.150000e+02 -3.520000e+02
         vertex 1.600000e+02 -1.850000e+02 -3.520000e+02
      endloop
   endfacet
   facet normal 0.000000e+00 0.000000e+00 -1.000000e+00
      outer loop
         vertex 1.600000e+02 -1.850000e+02 -3.520000e+02
         vertex 2.950000e+02 -1.150000e+02 -3.520000e+02
         vertex 2.950000e+02 -1.250000e+02 -3.520000e+02
      endloop
   endfacet
   facet normal 0.000000e+00 0.000000e+00 -1.000000e+00
      outer loop
         vertex 1.600000e+02 -1.850000e+02 -3.520000e+02
         vertex 2.950000e+02 -1.250000e+02 -3.520000e+02
         vertex 2.770000e+02 -1.850000e+02 -3.520000e+02
      endloop
   endfacet
   facet normal 0.000000e+00 0.000000e+00 -1.000000e+00
      outer loop
         vertex 2.770000e+02 -1.850000e+02 -3.520000e+02
         vertex 2.950000e+02 -1.250000e+02 -3.520000e+02
         vertex 2.950000e+02 -1.900000e+02 -3.520000e+02
      endloop
   endfacet
   facet normal 0.000000e+00 0.000000e+00 -1.000000e+00
      outer loop
         vertex 2.770000e+02 -1.850000e+02 -3.520000e+02
         vertex 2.950000e+02 -1.900000e+02 -3.520000e+02
         vertex 2.870000e+02 -1.900000e+02 -3.520000e+02
      endloop
   endfacet
   facet normal -0.000000e+00 -0.000000e+00 -1.000000e+00
      outer loop
         vertex 2.920000e+02 1.150000e+02 -3.520000e+02
         vertex 2.920000e+02 -1.150000e+02 -3.520000e+02
         vertex 1.600000e+02 1.850000e+02 -3.520000e+02
      endloop
   endfacet
   facet normal 0.000000e+00 0.000000e+00 -1.000000e+00
      outer loop
         vertex 1.600000e+02 1.850000e+02 -3.520000e+02
         vertex 2.920000e+02 -1.150000e+02 -3.520000e+02
         vertex 1.600000e+02 -1.850000e+02 -3.520000e+02
      endloop
   endfacet
   facet normal -0.000000e+00 -0.000000e+00 -1.000000e+00
      outer loop
         vertex 1.600000e+02 1.850000e+02 -3.520000e+02
         vertex 1.600000e+02 -1.850000e+02 -3.520000e+02
         vertex -1.600000e+02 1.850000e+02 -3.520000e+02
      endloop
   endfacet
   facet normal 0.000000e+00 0.000000e+00 -1.000000e+00
      outer loop
         vertex -1.600000e+02 1.850000e+02 -3.520000e+02
         vertex 1.600000e+02 -1.850000e+02 -3.520000e+02
         vertex -1.600000e+02 -1.850000e+02 -3.520000e+02
      endloop
   endfacet
   facet normal 0.000000e+00 -0.000000e+00 -1.000000e+00
      outer loop
         vertex -1.600000e+02 1.850000e+02 -3.520000e+02
         vertex -1.600000e+02 -1.850000e+02 -3.520000e+02
         vertex -2.920000e+02 1.150000e+02 -3.520000e+02
      endloop
   endfacet
   facet normal 0.000000e+00 0.000000e+00 -1.000000e+00
      outer loop
         vertex -2.920000e+02 1.150000e+02 -3.520000e+02
         vertex -1.600000e+02 -1.850000e+02 -3.520000e+02
         vertex -2.920000e+02 -1.150000e+02 -3.520000e+02
      endloop
   endfacet
   facet normal -0.000000e+00 -0.000000e+00 -1.000000e+00
      outer loop
         vertex -2.770000e+02 -3.200000e+02 -3.520000e+02
         vertex -2.770000e+02 -3.350000e+02 -3.520000e+02
         vertex -2.870000e+02 -3.200000e+02 -3.520000e+02
      endloop
   endfacet
   facet normal 0.000000e+00 0.000000e+00 -1.000000e+00
      outer loop
         vertex -2.870000e+02 -3.200000e+02 -3.520000e+02
         vertex -2.770000e+02 -3.350000e+02 -3.520000e+02
         vertex -2.870000e+02 -3.350000e+02 -3.520000e+02
      endloop
   endfacet
   facet normal -0.000000e+00 -0.000000e+00 -1.000000e+00
      outer loop
         vertex 2.870000e+02 -3.200000e+02 -3.520000e+02
         vertex 2.870000e+02 -3.350000e+02 -3.520000e+02
         vertex 2.770000e+02 -3.200000e+02 -3.520000e+02
      endloop
   endfacet
   facet normal 0.000000e+00 0.000000e+00 -1.000000e+00
      outer loop
         vertex 2.770000e+02 -3.200000e+02 -3.520000e+02
         vertex 2.870000e+02 -3.350000e+02 -3.520000e+02
         vertex 2.770000e+02 -3.350000e+02 -3.520000e+02
      endloop
   endfacet
   facet normal 0.000000e+00 0.000000e+00 -1.000000e+00
      outer loop
         vertex 2.770000e+02 3.200000e+02 -3.520000e+02
         vertex 2.770000e+02 3.350000e+02 -3.520000e+02
         vertex 2.870000e+02 3.200000e+02 -3.520000e+02
      endloop
   endfacet
   facet normal 0.000000e+00 0.000000e+00 -1.000000e+00
      outer loop
         vertex 2.870000e+02 3.200000e+02 -3.520000e+02
         vertex 2.770000e+02 3.350000e+02 -3.520000e+02
         vertex 2.870000e+02 3.350000e+02 -3.520000e+02
      endloop
   endfacet
   facet normal 5.200396e-01 -7.516689e-01 4.056509e-01
      outer loop
         vertex 1.571940e+02 -2.195223e+02 -1.120000e+02
         vertex 1.500000e+02 -2.244994e+02 -1.120000e+02
         vertex 1.500000e+02 -2.460861e+02 -1.520000e+02
      endloop
   endfacet
   facet normal 5.022428e-01 -7.592451e-01 4.138829e-01
      outer loop
         vertex 1.500000e+02 -2.460861e+02 -1.520000e+02
         vertex 1.677891e+02 -2.343186e+02 -1.520000e+02
         vertex 1.571940e+02 -2.195223e+02 -1.120000e+02
      endloop
   endfacet
   facet normal 5.340895e-01 -7.370612e-01 4.141125e-01
      outer loop
         vertex 1.571940e+02 -2.195223e+02 -1.120000e+02
         vertex 1.677891e+02 -2.343186e+02 -1.520000e+02
         vertex 1.704163e+02 -2.324149e+02 -1.520000e+02
      endloop
   endfacet
   facet normal 5.608087e-01 -7.157950e-01 4.160903e-01
      outer loop
         vertex 1.571940e+02 -2.195223e+02 -1.120000e+02
         vertex 1.704163e+02 -2.324149e+02 -1.520000e+02
         vertex 1.755314e+02 -2.051553e+02 -1.120000e+02
      endloop
   endfacet
   facet normal 5.654568e-01 -7.134180e-01 4.138760e-01
      outer loop
         vertex 1.704163e+02 -2.324149e+02 -1.520000e+02
         vertex 1.873626e+02 -2.189832e+02 -1.520000e+02
         vertex 1.755314e+02 -2.051553e+02 -1.120000e+02
      endloop
   endfacet
   facet normal 5.952841e-01 -6.885834e-01 4.141131e-01
      outer loop
         vertex 1.755314e+02 -2.051553e+02 -1.120000e+02
         vertex 1.873626e+02 -2.189832e+02 -1.520000e+02
         vertex 1.895938e+02 -2.170543e+02 -1.520000e+02
      endloop
   endfacet
   facet normal 6.204785e-01 -6.648497e-01 4.159102e-01
      outer loop
         vertex 1.755314e+02 -2.051553e+02 -1.120000e+02
         vertex 1.895938e+02 -2.170543e+02 -1.520000e+02
         vertex 1.925623e+02 -1.892612e+02 -1.120000e+02
      endloop
   endfacet
   facet normal 6.245103e-01 -6.623434e-01 4.138696e-01
      outer loop
         vertex 1.895938e+02 -2.170543e+02 -1.520000e+02
         vertex 2.055413e+02 -2.020177e+02 -1.520000e+02
         vertex 1.925623e+02 -1.892612e+02 -1.120000e+02
      endloop
   endfacet
   facet normal 6.521004e-01 -6.350391e-01 4.141141e-01
      outer loop
         vertex 1.925623e+02 -1.892612e+02 -1.120000e+02
         vertex 2.055413e+02 -2.020177e+02 -1.520000e+02
         vertex 2.073932e+02 -2.001160e+02 -1.520000e+02
      endloop
   endfacet
   facet normal 6.755414e-01 -6.089471e-01 4.157249e-01
      outer loop
         vertex 1.925623e+02 -1.892612e+02 -1.120000e+02
         vertex 2.073932e+02 -2.001160e+02 -1.520000e+02
         vertex 2.081596e+02 -1.719581e+02 -1.120000e+02
      endloop
   endfacet
   facet normal 6.789713e-01 -6.063955e-01 4.138629e-01
      outer loop
         vertex 2.073932e+02 -2.001160e+02 -1.520000e+02
         vertex 2.221899e+02 -1.835484e+02 -1.520000e+02
         vertex 2.081596e+02 -1.719581e+02 -1.120000e+02
      endloop
   endfacet
   facet normal 7.041150e-01 -5.768283e-01 4.141150e-01
      outer loop
         vertex 2.081596e+02 -1.719581e+02 -1.120000e+02
         vertex 2.221899e+02 -1.835484e+02 -1.520000e+02
         vertex 2.236852e+02 -1.817232e+02 -1.520000e+02
      endloop
   endfacet
   facet normal 7.255868e-01 -5.485027e-01 4.155340e-01
      outer loop
         vertex 2.081596e+02 -1.719581e+02 -1.120000e+02
         vertex 2.236852e+02 -1.817232e+02 -1.520000e+02
         vertex 2.222074e+02 -1.533750e+02 -1.120000e+02
      endloop
   endfacet
   facet normal 7.284385e-01 -5.459861e-01 4.138558e-01
      outer loop
         vertex 2.236852e+02 -1.817232e+02 -1.520000e+02
         vertex 2.371846e+02 -1.637127e+02 -1.520000e+02
         vertex 2.222074e+02 -1.533750e+02 -1.120000e+02
      endloop
   endfacet
   facet normal 7.509516e-01 -5.143736e-01 4.141153e-01
      outer loop
         vertex 2.222074e+02 -1.533750e+02 -1.120000e+02
         vertex 2.371846e+02 -1.637127e+02 -1.520000e+02
         vertex 2.383513e+02 -1.620094e+02 -1.520000e+02
      endloop
   endfacet
   facet normal 7.702430e-01 -4.839637e-01 4.153370e-01
      outer loop
         vertex 2.222074e+02 -1.533750e+02 -1.120000e+02
         vertex 2.383513e+02 -1.620094e+02 -1.520000e+02
         vertex 2.346011e+02 -1.336501e+02 -1.120000e+02
      endloop
   endfacet
   facet normal 7.725461e-01 -4.815612e-01 4.138495e-01
      outer loop
         vertex 2.383513e+02 -1.620094e+02 -1.520000e+02
         vertex 2.504136e+02 -1.426584e+02 -1.520000e+02
         vertex 2.346011e+02 -1.336501e+02 -1.120000e+02
      endloop
   endfacet
   facet normal 7.922671e-01 -4.481297e-01 4.141166e-01
      outer loop
         vertex 2.346011e+02 -1.336501e+02 -1.120000e+02
         vertex 2.504136e+02 -1.426584e+02 -1.520000e+02
         vertex 2.512849e+02 -1.411180e+02 -1.520000e+02
      endloop
   endfacet
   facet normal 8.091749e-01 -4.158113e-01 4.151349e-01
      outer loop
         vertex 2.346011e+02 -1.336501e+02 -1.120000e+02
         vertex 2.512849e+02 -1.411180e+02 -1.520000e+02
         vertex 2.452483e+02 -1.129303e+02 -1.120000e+02
      endloop
   endfacet
   facet normal 8.109725e-01 -4.135918e-01 4.138421e-01
      outer loop
         vertex 2.512849e+02 -1.411180e+02 -1.520000e+02
         vertex 2.617785e+02 -1.205420e+02 -1.520000e+02
         vertex 2.452483e+02 -1.129303e+02 -1.120000e+02
      endloop
   endfacet
   facet normal 8.277494e-01 -3.786005e-01 4.141167e-01
      outer loop
         vertex 2.452483e+02 -1.129303e+02 -1.120000e+02
         vertex 2.617785e+02 -1.205420e+02 -1.520000e+02
         vertex 2.623919e+02 -1.192009e+02 -1.520000e+02
      endloop
   endfacet
   facet normal 8.420938e-01 -3.445492e-01 4.149264e-01
      outer loop
         vertex 2.452483e+02 -1.129303e+02 -1.120000e+02
         vertex 2.623919e+02 -1.192009e+02 -1.520000e+02
         vertex 2.540700e+02 -9.136987e+01 -1.120000e+02
      endloop
   endfacet
   facet normal 8.434329e-01 -3.425805e-01 4.138352e-01
      outer loop
         vertex 2.623919e+02 -1.192009e+02 -1.520000e+02
         vertex 2.711948e+02 -9.752838e+01 -1.520000e+02
         vertex 2.540700e+02 -9.136987e+01 -1.120000e+02
      endloop
   endfacet
   facet normal 8.571488e-01 -3.062724e-01 4.141172e-01
      outer loop
         vertex 2.540700e+02 -9.136987e+01 -1.120000e+02
         vertex 2.711948e+02 -9.752838e+01 -1.520000e+02
         vertex 2.715917e+02 -9.641741e+01 -1.520000e+02
      endloop
   endfacet
   facet normal 8.687521e-01 -2.707091e-01 4.147123e-01
      outer loop
         vertex 2.540700e+02 -9.136987e+01 -1.120000e+02
         vertex 2.715917e+02 -9.641741e+01 -1.520000e+02
         vertex 2.610003e+02 -6.912928e+01 -1.120000e+02
      endloop
   endfacet
   facet normal 8.696888e-01 -2.690495e-01 4.138281e-01
      outer loop
         vertex 2.715917e+02 -9.641741e+01 -1.520000e+02
         vertex 2.785922e+02 -7.378872e+01 -1.520000e+02
         vertex 2.610003e+02 -6.912928e+01 -1.120000e+02
      endloop
   endfacet
   facet normal 8.802437e-01 -2.316842e-01 4.141176e-01
      outer loop
         vertex 2.610003e+02 -6.912928e+01 -1.120000e+02
         vertex 2.785922e+02 -7.378872e+01 -1.520000e+02
         vertex 2.788174e+02 -7.293306e+01 -1.520000e+02
      endloop
   endfacet
   facet normal 8.889515e-01 -1.948366e-01 4.144923e-01
      outer loop
         vertex 2.610003e+02 -6.912928e+01 -1.120000e+02
         vertex 2.788174e+02 -7.293306e+01 -1.520000e+02
         vertex 2.659877e+02 -4.637408e+01 -1.120000e+02
      endloop
   endfacet
   facet normal 8.895478e-01 -1.935376e-01 4.138210e-01
      outer loop
         vertex 2.788174e+02 -7.293306e+01 -1.520000e+02
         vertex 2.839158e+02 -4.949978e+01 -1.520000e+02
         vertex 2.659877e+02 -4.637408e+01 -1.120000e+02
      endloop
   endfacet
   facet normal 8.968611e-01 -1.553910e-01 4.141180e-01
      outer loop
         vertex 2.659877e+02 -4.637408e+01 -1.120000e+02
         vertex 2.839158e+02 -4.949978e+01 -1.520000e+02
         vertex 2.840165e+02 -4.891856e+01 -1.520000e+02
      endloop
   endfacet
   facet normal 9.025392e-01 -1.174992e-01 4.142668e-01
      outer loop
         vertex 2.659877e+02 -4.637408e+01 -1.120000e+02
         vertex 2.840165e+02 -4.891856e+01 -1.520000e+02
         vertex 2.689950e+02 -2.327367e+01 -1.120000e+02
      endloop
   endfacet
   facet normal 9.028635e-01 -1.166019e-01 4.138134e-01
      outer loop
         vertex 2.840165e+02 -4.891856e+01 -1.520000e+02
         vertex 2.871258e+02 -2.484235e+01 -1.520000e+02
         vertex 2.689950e+02 -2.327367e+01 -1.120000e+02
      endloop
   endfacet
   facet normal 9.068756e-01 -7.799399e-02 4.141178e-01
      outer loop
         vertex 2.689950e+02 -2.327367e+01 -1.120000e+02
         vertex 2.871258e+02 -2.484235e+01 -1.520000e+02
         vertex 2.871511e+02 -2.454850e+01 -1.520000e+02
      endloop
   endfacet
   facet normal 9.094133e-01 -3.926875e-02 4.140355e-01
      outer loop
         vertex 2.689950e+02 -2.327367e+01 -1.120000e+02
         vertex 2.871511e+02 -2.454850e+01 -1.520000e+02
         vertex 2.700000e+02 3.979639e-14 -1.120000e+02
      endloop
   endfacet
   facet normal 9.095378e-01 -3.880695e-02 4.138055e-01
      outer loop
         vertex 2.871511e+02 -2.454850e+01 -1.520000e+02
         vertex 2.881985e+02 5.367418e-14 -1.520000e+02
         vertex 2.700000e+02 3.979639e-14 -1.120000e+02
      endloop
   endfacet
   facet normal 9.095213e-01 3.927248e-02 4.137979e-01
      outer loop
         vertex 2.700000e+02 3.979639e-14 -1.120000e+02
         vertex 2.881985e+02 5.367418e-14 -1.520000e+02
         vertex 2.871258e+02 2.484235e+01 -1.520000e+02
      endloop
   endfacet
   facet normal 9.095210e-01 3.927340e-02 4.137984e-01
      outer loop
         vertex 2.700000e+02 3.979639e-14 -1.120000e+02
         vertex 2.871258e+02 2.484235e+01 -1.520000e+02
         vertex 2.689950e+02 2.327367e+01 -1.120000e+02
      endloop
   endfacet
   facet normal 9.028635e-01 1.166019e-01 4.138134e-01
      outer loop
         vertex 2.689950e+02 2.327367e+01 -1.120000e+02
         vertex 2.871258e+02 2.484235e+01 -1.520000e+02
         vertex 2.840165e+02 4.891856e+01 -1.520000e+02
      endloop
   endfacet
   facet normal 9.025392e-01 1.174992e-01 4.142668e-01
      outer loop
         vertex 2.689950e+02 2.327367e+01 -1.120000e+02
         vertex 2.840165e+02 4.891856e+01 -1.520000e+02
         vertex 2.659877e+02 4.637408e+01 -1.120000e+02
      endloop
   endfacet
   facet normal 8.968611e-01 1.553910e-01 4.141180e-01
      outer loop
         vertex 2.840165e+02 4.891856e+01 -1.520000e+02
         vertex 2.839158e+02 4.949978e+01 -1.520000e+02
         vertex 2.659877e+02 4.637408e+01 -1.120000e+02
      endloop
   endfacet
   facet normal 8.895478e-01 1.935376e-01 4.138210e-01
      outer loop
         vertex 2.659877e+02 4.637408e+01 -1.120000e+02
         vertex 2.839158e+02 4.949978e+01 -1.520000e+02
         vertex 2.788174e+02 7.293306e+01 -1.520000e+02
      endloop
   endfacet
   facet normal 8.889515e-01 1.948366e-01 4.144923e-01
      outer loop
         vertex 2.659877e+02 4.637408e+01 -1.120000e+02
         vertex 2.788174e+02 7.293306e+01 -1.520000e+02
         vertex 2.610003e+02 6.912928e+01 -1.120000e+02
      endloop
   endfacet
   facet normal 8.802437e-01 2.316842e-01 4.141176e-01
      outer loop
         vertex 2.788174e+02 7.293306e+01 -1.520000e+02
         vertex 2.785922e+02 7.378872e+01 -1.520000e+02
         vertex 2.610003e+02 6.912928e+01 -1.120000e+02
      endloop
   endfacet
   facet normal 8.696888e-01 2.690495e-01 4.138281e-01
      outer loop
         vertex 2.610003e+02 6.912928e+01 -1.120000e+02
         vertex 2.785922e+02 7.378872e+01 -1.520000e+02
         vertex 2.715917e+02 9.641741e+01 -1.520000e+02
      endloop
   endfacet
   facet normal 8.687521e-01 2.707091e-01 4.147123e-01
      outer loop
         vertex 2.610003e+02 6.912928e+01 -1.120000e+02
         vertex 2.715917e+02 9.641741e+01 -1.520000e+02
         vertex 2.540700e+02 9.136987e+01 -1.120000e+02
      endloop
   endfacet
   facet normal 8.571488e-01 3.062724e-01 4.141172e-01
      outer loop
         vertex 2.715917e+02 9.641741e+01 -1.520000e+02
         vertex 2.711948e+02 9.752838e+01 -1.520000e+02
         vertex 2.540700e+02 9.136987e+01 -1.120000e+02
      endloop
   endfacet
   facet normal 8.434329e-01 3.425805e-01 4.138352e-01
      outer loop
         vertex 2.540700e+02 9.136987e+01 -1.120000e+02
         vertex 2.711948e+02 9.752838e+01 -1.520000e+02
         vertex 2.623919e+02 1.192009e+02 -1.520000e+02
      endloop
   endfacet
   facet normal 8.420938e-01 3.445492e-01 4.149264e-01
      outer loop
         vertex 2.540700e+02 9.136987e+01 -1.120000e+02
         vertex 2.623919e+02 1.192009e+02 -1.520000e+02
         vertex 2.452483e+02 1.129303e+02 -1.120000e+02
      endloop
   endfacet
   facet normal 8.277494e-01 3.786005e-01 4.141167e-01
      outer loop
         vertex 2.623919e+02 1.192009e+02 -1.520000e+02
         vertex 2.617785e+02 1.205420e+02 -1.520000e+02
         vertex 2.452483e+02 1.129303e+02 -1.120000e+02
      endloop
   endfacet
   facet normal 8.109725e-01 4.135918e-01 4.138421e-01
      outer loop
         vertex 2.452483e+02 1.129303e+02 -1.120000e+02
         vertex 2.617785e+02 1.205420e+02 -1.520000e+02
         vertex 2.512849e+02 1.411180e+02 -1.520000e+02
      endloop
   endfacet
   facet normal 8.091749e-01 4.158113e-01 4.151349e-01
      outer loop
         vertex 2.452483e+02 1.129303e+02 -1.120000e+02
         vertex 2.512849e+02 1.411180e+02 -1.520000e+02
         vertex 2.346011e+02 1.336501e+02 -1.120000e+02
      endloop
   endfacet
   facet normal 7.922671e-01 4.481297e-01 4.141166e-01
      outer loop
         vertex 2.512849e+02 1.411180e+02 -1.520000e+02
         vertex 2.504136e+02 1.426584e+02 -1.520000e+02
         vertex 2.346011e+02 1.336501e+02 -1.120000e+02
      endloop
   endfacet
   facet normal 7.725461e-01 4.815612e-01 4.138495e-01
      outer loop
         vertex 2.346011e+02 1.336501e+02 -1.120000e+02
         vertex 2.504136e+02 1.426584e+02 -1.520000e+02
         vertex 2.383513e+02 1.620094e+02 -1.520000e+02
      endloop
   endfacet
   facet normal 7.702430e-01 4.839637e-01 4.153370e-01
      outer loop
         vertex 2.346011e+02 1.336501e+02 -1.120000e+02
         vertex 2.383513e+02 1.620094e+02 -1.520000e+02
         vertex 2.222074e+02 1.533750e+02 -1.120000e+02
      endloop
   endfacet
   facet normal 7.509516e-01 5.143736e-01 4.141153e-01
      outer loop
         vertex 2.383513e+02 1.620094e+02 -1.520000e+02
         vertex 2.371846e+02 1.637127e+02 -1.520000e+02
         vertex 2.222074e+02 1.533750e+02 -1.120000e+02
      endloop
   endfacet
   facet normal 7.284385e-01 5.459861e-01 4.138558e-01
      outer loop
         vertex 2.222074e+02 1.533750e+02 -1.120000e+02
         vertex 2.371846e+02 1.637127e+02 -1.520000e+02
         vertex 2.236852e+02 1.817232e+02 -1.520000e+02
      endloop
   endfacet
   facet normal 7.255868e-01 5.485027e-01 4.155340e-01
      outer loop
         vertex 2.222074e+02 1.533750e+02 -1.120000e+02
         vertex 2.236852e+02 1.817232e+02 -1.520000e+02
         vertex 2.081596e+02 1.719581e+02 -1.120000e+02
      endloop
   endfacet
   facet normal 7.041150e-01 5.768283e-01 4.141150e-01
      outer loop
         vertex 2.236852e+02 1.817232e+02 -1.520000e+02
         vertex 2.221899e+02 1.835484e+02 -1.520000e+02
         vertex 2.081596e+02 1.719581e+02 -1.120000e+02
      endloop
   endfacet
   facet normal 6.789713e-01 6.063955e-01 4.138629e-01
      outer loop
         vertex 2.081596e+02 1.719581e+02 -1.120000e+02
         vertex 2.221899e+02 1.835484e+02 -1.520000e+02
         vertex 2.073932e+02 2.001160e+02 -1.520000e+02
      endloop
   endfacet
   facet normal 6.755414e-01 6.089471e-01 4.157249e-01
      outer loop
         vertex 2.081596e+02 1.719581e+02 -1.120000e+02
         vertex 2.073932e+02 2.001160e+02 -1.520000e+02
         vertex 1.925623e+02 1.892612e+02 -1.120000e+02
      endloop
   endfacet
   facet normal 6.521004e-01 6.350391e-01 4.141141e-01
      outer loop
         vertex 2.073932e+02 2.001160e+02 -1.520000e+02
         vertex 2.055413e+02 2.020177e+02 -1.520000e+02
         vertex 1.925623e+02 1.892612e+02 -1.120000e+02
      endloop
   endfacet
   facet normal 6.245103e-01 6.623434e-01 4.138696e-01
      outer loop
         vertex 1.925623e+02 1.892612e+02 -1.120000e+02
         vertex 2.055413e+02 2.020177e+02 -1.520000e+02
         vertex 1.895938e+02 2.170543e+02 -1.520000e+02
      endloop
   endfacet
   facet normal 6.204785e-01 6.648497e-01 4.159102e-01
      outer loop
         vertex 1.925623e+02 1.892612e+02 -1.120000e+02
         vertex 1.895938e+02 2.170543e+02 -1.520000e+02
         vertex 1.755314e+02 2.051553e+02 -1.120000e+02
      endloop
   endfacet
   facet normal 5.031020e-01 7.605440e-01 4.104404e-01
      outer loop
         vertex 1.500000e+02 2.460861e+02 -1.520000e+02
         vertex 1.500000e+02 2.244994e+02 -1.120000e+02
         vertex 1.677891e+02 2.343186e+02 -1.520000e+02
      endloop
   endfacet
   facet normal 5.178865e-01 7.485568e-01 4.140729e-01
      outer loop
         vertex 1.677891e+02 2.343186e+02 -1.520000e+02
         vertex 1.500000e+02 2.244994e+02 -1.120000e+02
         vertex 1.571940e+02 2.195223e+02 -1.120000e+02
      endloop
   endfacet
   facet normal 5.340895e-01 7.370612e-01 4.141125e-01
      outer loop
         vertex 1.677891e+02 2.343186e+02 -1.520000e+02
         vertex 1.571940e+02 2.195223e+02 -1.120000e+02
         vertex 1.704163e+02 2.324149e+02 -1.520000e+02
      endloop
   endfacet
   facet normal 5.608087e-01 7.157950e-01 4.160903e-01
      outer loop
         vertex 1.704163e+02 2.324149e+02 -1.520000e+02
         vertex 1.571940e+02 2.195223e+02 -1.120000e+02
         vertex 1.755314e+02 2.051553e+02 -1.120000e+02
      endloop
   endfacet
   facet normal 5.654568e-01 7.134180e-01 4.138760e-01
      outer loop
         vertex 1.704163e+02 2.324149e+02 -1.520000e+02
         vertex 1.755314e+02 2.051553e+02 -1.120000e+02
         vertex 1.873626e+02 2.189832e+02 -1.520000e+02
      endloop
   endfacet
   facet normal 5.952841e-01 6.885834e-01 4.141131e-01
      outer loop
         vertex 1.873626e+02 2.189832e+02 -1.520000e+02
         vertex 1.755314e+02 2.051553e+02 -1.120000e+02
         vertex 1.895938e+02 2.170543e+02 -1.520000e+02
      endloop
   endfacet
   facet normal -9.853200e-01 -1.707175e-01 3.923569e-07
      outer loop
         vertex -2.839158e+02 -4.949978e+01 -1.520000e+02
         vertex -2.840165e+02 -4.891856e+01 -1.520000e+02
         vertex -2.840165e+02 -4.891865e+01 -1.909017e+02
      endloop
   endfacet
   facet normal -5.498070e-01 -8.352917e-01 0.000000e+00
      outer loop
         vertex -1.500000e+02 -2.460861e+02 -2.120000e+02
         vertex -1.500000e+02 -2.460861e+02 -1.520000e+02
         vertex -1.667159e+02 -2.350833e+02 -2.235283e+02
      endloop
   endfacet
   facet normal -5.517149e-01 -8.340325e-01 6.395585e-04
      outer loop
         vertex -1.667159e+02 -2.350833e+02 -2.235283e+02
         vertex -1.500000e+02 -2.460861e+02 -1.520000e+02
         vertex -1.677891e+02 -2.343186e+02 -1.520000e+02
      endloop
   endfacet
   facet normal -5.848367e-01 -8.111510e-01 -1.020423e-04
      outer loop
         vertex -1.667159e+02 -2.350833e+02 -2.235283e+02
         vertex -1.677891e+02 -2.343186e+02 -1.520000e+02
         vertex -1.703990e+02 -2.324276e+02 -2.260682e+02
      endloop
   endfacet
   facet normal -5.867660e-01 -8.097565e-01 1.537934e-06
      outer loop
         vertex -1.703990e+02 -2.324276e+02 -2.260682e+02
         vertex -1.677891e+02 -2.343186e+02 -1.520000e+02
         vertex -1.704163e+02 -2.324149e+02 -1.520000e+02
      endloop
   endfacet
   facet normal -6.127976e-01 -7.902399e-01 -7.874501e-06
      outer loop
         vertex -1.703990e+02 -2.324276e+02 -2.260682e+02
         vertex -1.704163e+02 -2.324149e+02 -1.520000e+02
         vertex -1.826889e+02 -2.228971e+02 -2.345441e+02
      endloop
   endfacet
   facet normal -6.211524e-01 -7.836873e-01 1.989867e-03
      outer loop
         vertex -1.826889e+02 -2.228971e+02 -2.345441e+02
         vertex -1.704163e+02 -2.324149e+02 -1.520000e+02
         vertex -1.873626e+02 -2.189832e+02 -1.520000e+02
      endloop
   endfacet
   facet normal -6.457709e-01 -7.635311e-01 -3.597767e-04
      outer loop
         vertex -1.826889e+02 -2.228971e+02 -2.345441e+02
         vertex -1.873626e+02 -2.189832e+02 -1.520000e+02
         vertex -1.895699e+02 -2.170752e+02 -2.392896e+02
      endloop
   endfacet
   facet normal -6.539964e-01 -7.564977e-01 1.962652e-06
      outer loop
         vertex -1.895699e+02 -2.170752e+02 -2.392896e+02
         vertex -1.873626e+02 -2.189832e+02 -1.520000e+02
         vertex -1.895938e+02 -2.170543e+02 -1.520000e+02
      endloop
   endfacet
   facet normal -6.719313e-01 -7.406135e-01 -6.744131e-06
      outer loop
         vertex -1.895699e+02 -2.170752e+02 -2.392896e+02
         vertex -1.895938e+02 -2.170543e+02 -1.520000e+02
         vertex -1.976610e+02 -2.097344e+02 -2.448696e+02
      endloop
   endfacet
   facet normal -6.860199e-01 -7.275793e-01 2.244411e-03
      outer loop
         vertex -1.976610e+02 -2.097344e+02 -2.448696e+02
         vertex -1.895938e+02 -2.170543e+02 -1.520000e+02
         vertex -2.055413e+02 -2.020177e+02 -1.520000e+02
      endloop
   endfacet
   facet normal -7.027194e-01 -7.114669e-01 -5.114060e-04
      outer loop
         vertex -1.976610e+02 -2.097344e+02 -2.448696e+02
         vertex -2.055413e+02 -2.020177e+02 -1.520000e+02
         vertex -2.073738e+02 -2.001362e+02 -2.515681e+02
      endloop
   endfacet
   facet normal -7.164167e-01 -6.976726e-01 1.348203e-06
      outer loop
         vertex -2.073738e+02 -2.001362e+02 -2.515681e+02
         vertex -2.055413e+02 -2.020177e+02 -1.520000e+02
         vertex -2.073932e+02 -2.001160e+02 -1.520000e+02
      endloop
   endfacet
   facet normal -7.268862e-01 -6.867579e-01 -2.909832e-06
      outer loop
         vertex -2.073738e+02 -2.001362e+02 -2.515681e+02
         vertex -2.073932e+02 -2.001160e+02 -1.520000e+02
         vertex -2.115778e+02 -1.956865e+02 -2.544674e+02
      endloop
   endfacet
   facet normal -7.458432e-01 -6.661194e-01 1.663430e-03
      outer loop
         vertex -2.115778e+02 -1.956865e+02 -2.544674e+02
         vertex -2.073932e+02 -2.001160e+02 -1.520000e+02
         vertex -2.221899e+02 -1.835484e+02 -1.520000e+02
      endloop
   endfacet
   facet normal -7.553473e-01 -6.553244e-01 -5.996317e-04
      outer loop
         vertex -2.115778e+02 -1.956865e+02 -2.544674e+02
         vertex -2.221899e+02 -1.835484e+02 -1.520000e+02
         vertex -2.236807e+02 -1.817287e+02 -2.628143e+02
      endloop
   endfacet
   facet normal -7.735618e-01 -6.337209e-01 1.445881e-07
      outer loop
         vertex -2.236807e+02 -1.817287e+02 -2.628143e+02
         vertex -2.221899e+02 -1.835484e+02 -1.520000e+02
         vertex -2.236852e+02 -1.817232e+02 -1.520000e+02
      endloop
   endfacet
   facet normal -7.773732e-01 -6.290396e-01 -2.471585e-07
      outer loop
         vertex -2.236807e+02 -1.817287e+02 -2.628143e+02
         vertex -2.236852e+02 -1.817232e+02 -1.520000e+02
         vertex -2.243961e+02 -1.808446e+02 -2.633076e+02
      endloop
   endfacet
   facet normal -8.001806e-01 -5.997589e-01 3.765102e-04
      outer loop
         vertex -2.243961e+02 -1.808446e+02 -2.633076e+02
         vertex -2.236852e+02 -1.817232e+02 -1.520000e+02
         vertex -2.371846e+02 -1.637127e+02 -1.520000e+02
      endloop
   endfacet
   facet normal -8.917280e-01 -4.525509e-01 4.342326e-03
      outer loop
         vertex -2.583453e+02 -1.277344e+02 -2.070897e+02
         vertex -2.580594e+02 -1.283111e+02 -2.084766e+02
         vertex -2.512849e+02 -1.411180e+02 -1.520000e+02
      endloop
   endfacet
   facet normal -8.905208e-01 -4.549278e-01 3.658537e-03
      outer loop
         vertex -2.512849e+02 -1.411180e+02 -1.520000e+02
         vertex -2.580594e+02 -1.283111e+02 -2.084766e+02
         vertex -2.577886e+02 -1.288542e+02 -2.101022e+02
      endloop
   endfacet
   facet normal -8.888418e-01 -4.582058e-01 2.778694e-03
      outer loop
         vertex -2.512849e+02 -1.411180e+02 -1.520000e+02
         vertex -2.577886e+02 -1.288542e+02 -2.101022e+02
         vertex -2.574781e+02 -1.294735e+02 -2.129124e+02
      endloop
   endfacet
   facet normal -8.956902e-01 -4.446236e-01 6.997014e-03
      outer loop
         vertex -2.595304e+02 -1.253090e+02 -2.029320e+02
         vertex -2.591124e+02 -1.261712e+02 -2.042050e+02
         vertex -2.512849e+02 -1.411180e+02 -1.520000e+02
      endloop
   endfacet
   facet normal -8.942923e-01 -4.474434e-01 5.980074e-03
      outer loop
         vertex -2.512849e+02 -1.411180e+02 -1.520000e+02
         vertex -2.591124e+02 -1.261712e+02 -2.042050e+02
         vertex -2.587042e+02 -1.270061e+02 -2.056270e+02
      endloop
   endfacet
   facet normal -8.929431e-01 -4.501408e-01 5.083572e-03
      outer loop
         vertex -2.512849e+02 -1.411180e+02 -1.520000e+02
         vertex -2.587042e+02 -1.270061e+02 -2.056270e+02
         vertex -2.583453e+02 -1.277344e+02 -2.070897e+02
      endloop
   endfacet
   facet normal -8.859842e-01 -4.637132e-01 1.435292e-03
      outer loop
         vertex -2.574781e+02 -1.294735e+02 -2.129124e+02
         vertex -2.573625e+02 -1.297031e+02 -2.157400e+02
         vertex -2.512849e+02 -1.411180e+02 -1.520000e+02
      endloop
   endfacet
   facet normal -8.826719e-01 -4.699896e-01 -4.549987e-06
      outer loop
         vertex -2.512849e+02 -1.411180e+02 -1.520000e+02
         vertex -2.573625e+02 -1.297031e+02 -2.157400e+02
         vertex -2.512722e+02 -1.411406e+02 -2.818429e+02
      endloop
   endfacet
   facet normal -8.704091e-01 -4.923291e-01 5.226232e-07
      outer loop
         vertex -2.512849e+02 -1.411180e+02 -1.520000e+02
         vertex -2.512722e+02 -1.411406e+02 -2.818429e+02
         vertex -2.504136e+02 -1.426584e+02 -1.520000e+02
      endloop
   endfacet
   facet normal -8.638238e-01 -5.037941e-01 -1.770391e-04
      outer loop
         vertex -2.504136e+02 -1.426584e+02 -1.520000e+02
         vertex -2.512722e+02 -1.411406e+02 -2.818429e+02
         vertex -2.465863e+02 -1.491763e+02 -2.786113e+02
      endloop
   endfacet
   facet normal -8.486286e-01 -5.289867e-01 1.579200e-03
      outer loop
         vertex -2.504136e+02 -1.426584e+02 -1.520000e+02
         vertex -2.465863e+02 -1.491763e+02 -2.786113e+02
         vertex -2.383513e+02 -1.620094e+02 -1.520000e+02
      endloop
   endfacet
   facet normal -8.416006e-01 -5.401004e-01 -4.394082e-06
      outer loop
         vertex -2.383513e+02 -1.620094e+02 -1.520000e+02
         vertex -2.465863e+02 -1.491763e+02 -2.786113e+02
         vertex -2.383400e+02 -1.620260e+02 -2.729241e+02
      endloop
   endfacet
   facet normal -8.250181e-01 -5.651064e-01 5.772747e-07
      outer loop
         vertex -2.383513e+02 -1.620094e+02 -1.520000e+02
         vertex -2.383400e+02 -1.620260e+02 -2.729241e+02
         vertex -2.371846e+02 -1.637127e+02 -1.520000e+02
      endloop
   endfacet
   facet normal -8.230776e-01 -5.679290e-01 -5.733550e-05
      outer loop
         vertex -2.371846e+02 -1.637127e+02 -1.520000e+02
         vertex -2.383400e+02 -1.620260e+02 -2.729241e+02
         vertex -2.360754e+02 -1.653082e+02 -2.713623e+02
      endloop
   endfacet
   facet normal -7.994827e-01 -6.006888e-01 5.998115e-04
      outer loop
         vertex -2.371846e+02 -1.637127e+02 -1.520000e+02
         vertex -2.360754e+02 -1.653082e+02 -2.713623e+02
         vertex -2.243961e+02 -1.808446e+02 -2.633076e+02
      endloop
   endfacet
   facet normal -8.826341e-01 -4.700607e-01 1.123874e-05
      outer loop
         vertex -2.573625e+02 -1.297031e+02 -2.157400e+02
         vertex -2.573617e+02 -1.297048e+02 -2.187619e+02
         vertex -2.512722e+02 -1.411406e+02 -2.818429e+02
      endloop
   endfacet
   facet normal -8.826598e-01 -4.700124e-01 0.000000e+00
      outer loop
         vertex -2.512722e+02 -1.411406e+02 -2.818429e+02
         vertex -2.573617e+02 -1.297048e+02 -2.187619e+02
         vertex -2.573617e+02 -1.297048e+02 -2.220115e+02
      endloop
   endfacet
   facet normal -8.826598e-01 -4.700124e-01 0.000000e+00
      outer loop
         vertex -2.512722e+02 -1.411406e+02 -2.818429e+02
         vertex -2.573617e+02 -1.297048e+02 -2.220115e+02
         vertex -2.573617e+02 -1.297048e+02 -2.255214e+02
      endloop
   endfacet
   facet normal -8.826598e-01 -4.700124e-01 -0.000000e+00
      outer loop
         vertex -2.573617e+02 -1.297048e+02 -2.255214e+02
         vertex -2.573617e+02 -1.297048e+02 -2.293048e+02
         vertex -2.512722e+02 -1.411406e+02 -2.818429e+02
      endloop
   endfacet
   facet normal -8.826598e-01 -4.700124e-01 0.000000e+00
      outer loop
         vertex -2.512722e+02 -1.411406e+02 -2.818429e+02
         vertex -2.573617e+02 -1.297048e+02 -2.293048e+02
         vertex -2.573617e+02 -1.297048e+02 -2.333678e+02
      endloop
   endfacet
   facet normal -8.826598e-01 -4.700124e-01 0.000000e+00
      outer loop
         vertex -2.512722e+02 -1.411406e+02 -2.818429e+02
         vertex -2.573617e+02 -1.297048e+02 -2.333678e+02
         vertex -2.573617e+02 -1.297048e+02 -2.377135e+02
      endloop
   endfacet
   facet normal -8.826598e-01 -4.700124e-01 -0.000000e+00
      outer loop
         vertex -2.573617e+02 -1.297048e+02 -2.377135e+02
         vertex -2.573617e+02 -1.297048e+02 -2.423438e+02
         vertex -2.512722e+02 -1.411406e+02 -2.818429e+02
      endloop
   endfacet
   facet normal -8.826598e-01 -4.700124e-01 0.000000e+00
      outer loop
         vertex -2.512722e+02 -1.411406e+02 -2.818429e+02
         vertex -2.573617e+02 -1.297048e+02 -2.423438e+02
         vertex -2.573617e+02 -1.297048e+02 -2.472596e+02
      endloop
   endfacet
   facet normal -8.796026e-01 -4.757030e-01 2.420027e-03
      outer loop
         vertex -2.512722e+02 -1.411406e+02 -2.818429e+02
         vertex -2.573617e+02 -1.297048e+02 -2.472596e+02
         vertex -2.554522e+02 -1.334261e+02 -2.847257e+02
      endloop
   endfacet
   facet normal -8.897107e-01 -4.565248e-01 0.000000e+00
      outer loop
         vertex -2.554522e+02 -1.334261e+02 -2.847257e+02
         vertex -2.573617e+02 -1.297048e+02 -2.472596e+02
         vertex -2.573617e+02 -1.297048e+02 -2.860426e+02
      endloop
   endfacet
   facet normal -9.416905e-01 -3.364804e-01 2.161223e-07
      outer loop
         vertex -2.711948e+02 -9.752838e+01 -1.520000e+02
         vertex -2.715917e+02 -9.641741e+01 -1.520000e+02
         vertex -2.715915e+02 -9.641819e+01 -1.896837e+02
      endloop
   endfacet
   facet normal -9.297761e-01 -3.680136e-01 9.078952e-03
      outer loop
         vertex -2.685051e+02 -1.047062e+02 -1.905106e+02
         vertex -2.678380e+02 -1.064012e+02 -1.908929e+02
         vertex -2.623919e+02 -1.192009e+02 -1.520000e+02
      endloop
   endfacet
   facet normal -9.405432e-01 -3.396740e-01 -1.059479e-04
      outer loop
         vertex -2.715915e+02 -9.641819e+01 -1.896837e+02
         vertex -2.705263e+02 -9.936747e+01 -1.897857e+02
         vertex -2.711948e+02 -9.752838e+01 -1.520000e+02
      endloop
   endfacet
   facet normal -9.372588e-01 -3.486341e-01 3.882522e-04
      outer loop
         vertex -2.711948e+02 -9.752838e+01 -1.520000e+02
         vertex -2.705263e+02 -9.936747e+01 -1.897857e+02
         vertex -2.697088e+02 -1.015655e+02 -1.899988e+02
      endloop
   endfacet
   facet normal -9.264846e-01 -3.763140e-01 3.750360e-03
      outer loop
         vertex -2.711948e+02 -9.752838e+01 -1.520000e+02
         vertex -2.697088e+02 -1.015655e+02 -1.899988e+02
         vertex -2.623919e+02 -1.192009e+02 -1.520000e+02
      endloop
   endfacet
   facet normal -9.337437e-01 -3.576763e-01 1.379800e-02
      outer loop
         vertex -2.623919e+02 -1.192009e+02 -1.520000e+02
         vertex -2.697088e+02 -1.015655e+02 -1.899988e+02
         vertex -2.689417e+02 -1.035796e+02 -1.902983e+02
      endloop
   endfacet
   facet normal -9.316585e-01 -3.631623e-01 1.120372e-02
      outer loop
         vertex -2.623919e+02 -1.192009e+02 -1.520000e+02
         vertex -2.689417e+02 -1.035796e+02 -1.902983e+02
         vertex -2.685051e+02 -1.047062e+02 -1.905106e+02
      endloop
   endfacet
   facet normal -9.270841e-01 -3.747977e-01 6.469332e-03
      outer loop
         vertex -2.678380e+02 -1.064012e+02 -1.908929e+02
         vertex -2.669012e+02 -1.087296e+02 -1.915470e+02
         vertex -2.623919e+02 -1.192009e+02 -1.520000e+02
      endloop
   endfacet
   facet normal -9.229250e-01 -3.849657e-01 3.302788e-03
      outer loop
         vertex -2.623919e+02 -1.192009e+02 -1.520000e+02
         vertex -2.669012e+02 -1.087296e+02 -1.915470e+02
         vertex -2.653110e+02 -1.125542e+02 -1.929783e+02
      endloop
   endfacet
   facet normal -9.177327e-01 -3.971974e-01 9.489211e-04
      outer loop
         vertex -2.623919e+02 -1.192009e+02 -1.520000e+02
         vertex -2.653110e+02 -1.125542e+02 -1.929783e+02
         vertex -2.637578e+02 -1.161474e+02 -1.947993e+02
      endloop
   endfacet
   facet normal -9.131931e-01 -4.075272e-01 6.705381e-05
      outer loop
         vertex -2.637578e+02 -1.161474e+02 -1.947993e+02
         vertex -2.626061e+02 -1.187283e+02 -1.964642e+02
         vertex -2.623919e+02 -1.192009e+02 -1.520000e+02
      endloop
   endfacet
   facet normal -9.108224e-01 -4.127985e-01 -3.983984e-07
      outer loop
         vertex -2.623919e+02 -1.192009e+02 -1.520000e+02
         vertex -2.626061e+02 -1.187283e+02 -1.964642e+02
         vertex -2.623845e+02 -1.192172e+02 -1.968204e+02
      endloop
   endfacet
   facet normal -9.093911e-01 -4.159422e-01 9.784203e-07
      outer loop
         vertex -2.623919e+02 -1.192009e+02 -1.520000e+02
         vertex -2.623845e+02 -1.192172e+02 -1.968204e+02
         vertex -2.617785e+02 -1.205420e+02 -1.520000e+02
      endloop
   endfacet
   facet normal -9.085908e-01 -4.176874e-01 -6.142694e-05
      outer loop
         vertex -2.617785e+02 -1.205420e+02 -1.520000e+02
         vertex -2.623845e+02 -1.192172e+02 -1.968204e+02
         vertex -2.613096e+02 -1.215552e+02 -1.987453e+02
      endloop
   endfacet
   facet normal -8.908369e-01 -4.543223e-01 9.107371e-04
      outer loop
         vertex -2.617785e+02 -1.205420e+02 -1.520000e+02
         vertex -2.613096e+02 -1.215552e+02 -1.987453e+02
         vertex -2.512849e+02 -1.411180e+02 -1.520000e+02
      endloop
   endfacet
   facet normal -9.002453e-01 -4.352462e-01 1.091168e-02
      outer loop
         vertex -2.512849e+02 -1.411180e+02 -1.520000e+02
         vertex -2.613096e+02 -1.215552e+02 -1.987453e+02
         vertex -2.601461e+02 -1.240257e+02 -2.012973e+02
      endloop
   endfacet
   facet normal -8.973817e-01 -4.411764e-01 8.340846e-03
      outer loop
         vertex -2.512849e+02 -1.411180e+02 -1.520000e+02
         vertex -2.601461e+02 -1.240257e+02 -2.012973e+02
         vertex -2.595304e+02 -1.253090e+02 -2.029320e+02
      endloop
   endfacet
   facet normal -9.553099e-01 -2.955374e-01 6.372083e-03
      outer loop
         vertex -2.785922e+02 -7.378872e+01 -1.520000e+02
         vertex -2.755428e+02 -8.446635e+01 -1.900543e+02
         vertex -2.715917e+02 -9.641741e+01 -1.520000e+02
      endloop
   endfacet
   facet normal -9.502214e-01 -3.115744e-01 8.073245e-04
      outer loop
         vertex -2.715917e+02 -9.641741e+01 -1.520000e+02
         vertex -2.755428e+02 -8.446635e+01 -1.900543e+02
         vertex -2.720543e+02 -9.510451e+01 -1.897056e+02
      endloop
   endfacet
   facet normal -9.431820e-01 -3.322767e-01 1.190678e-07
      outer loop
         vertex -2.715917e+02 -9.641741e+01 -1.520000e+02
         vertex -2.720543e+02 -9.510451e+01 -1.897056e+02
         vertex -2.715915e+02 -9.641819e+01 -1.896837e+02
      endloop
   endfacet
   facet normal -9.838499e-01 -1.789954e-01 -1.270717e-04
      outer loop
         vertex -2.840165e+02 -4.891865e+01 -1.909017e+02
         vertex -2.830469e+02 -5.424791e+01 -1.908047e+02
         vertex -2.839158e+02 -4.949978e+01 -1.520000e+02
      endloop
   endfacet
   facet normal -9.791492e-01 -2.031215e-01 2.930247e-03
      outer loop
         vertex -2.839158e+02 -4.949978e+01 -1.520000e+02
         vertex -2.830469e+02 -5.424791e+01 -1.908047e+02
         vertex -2.812616e+02 -6.285129e+01 -1.906262e+02
      endloop
   endfacet
   facet normal -9.771208e-01 -2.125907e-01 6.342743e-03
      outer loop
         vertex -2.839158e+02 -4.949978e+01 -1.520000e+02
         vertex -2.812616e+02 -6.285129e+01 -1.906262e+02
         vertex -2.788174e+02 -7.293306e+01 -1.520000e+02
      endloop
   endfacet
   facet normal -9.718471e-01 -2.356124e-01 1.829462e-07
      outer loop
         vertex -2.788174e+02 -7.293306e+01 -1.520000e+02
         vertex -2.812616e+02 -6.285129e+01 -1.906262e+02
         vertex -2.788174e+02 -7.293309e+01 -1.903818e+02
      endloop
   endfacet
   facet normal -9.670634e-01 -2.545356e-01 1.976395e-07
      outer loop
         vertex -2.788174e+02 -7.293306e+01 -1.520000e+02
         vertex -2.788174e+02 -7.293309e+01 -1.903818e+02
         vertex -2.785922e+02 -7.378872e+01 -1.520000e+02
      endloop
   endfacet
   facet normal -9.670958e-01 -2.544124e-01 3.134640e-06
      outer loop
         vertex -2.785922e+02 -7.378872e+01 -1.520000e+02
         vertex -2.788174e+02 -7.293309e+01 -1.903818e+02
         vertex -2.786120e+02 -7.371386e+01 -1.903612e+02
      endloop
   endfacet
   facet normal -9.615919e-01 -2.744833e-01 -3.887814e-05
      outer loop
         vertex -2.785922e+02 -7.378872e+01 -1.520000e+02
         vertex -2.786120e+02 -7.371386e+01 -1.903612e+02
         vertex -2.755428e+02 -8.446635e+01 -1.900543e+02
      endloop
   endfacet
   facet normal -9.969028e-01 -7.864377e-02 5.323907e-05
      outer loop
         vertex -2.874484e+02 -2.078021e+01 -1.912448e+02
         vertex -2.871511e+02 -2.454854e+01 -1.912151e+02
         vertex -2.871258e+02 -2.484235e+01 -1.520000e+02
      endloop
   endfacet
   facet normal -9.951851e-01 -9.801377e-02 -9.299309e-05
      outer loop
         vertex -2.871258e+02 -2.484235e+01 -1.520000e+02
         vertex -2.871511e+02 -2.454854e+01 -1.912151e+02
         vertex -2.864231e+02 -3.194049e+01 -1.911423e+02
      endloop
   endfacet
   facet normal -9.917489e-01 -1.280812e-01 5.421179e-03
      outer loop
         vertex -2.871258e+02 -2.484235e+01 -1.520000e+02
         vertex -2.864231e+02 -3.194049e+01 -1.911423e+02
         vertex -2.840165e+02 -4.891856e+01 -1.520000e+02
      endloop
   endfacet
   facet normal -9.914840e-01 -1.301509e-01 4.507144e-03
      outer loop
         vertex -2.840165e+02 -4.891856e+01 -1.520000e+02
         vertex -2.864231e+02 -3.194049e+01 -1.911423e+02
         vertex -2.849578e+02 -4.309794e+01 -1.909958e+02
      endloop
   endfacet
   facet normal -9.871741e-01 -1.596474e-01 3.669148e-07
      outer loop
         vertex -2.840165e+02 -4.891856e+01 -1.520000e+02
         vertex -2.849578e+02 -4.309794e+01 -1.909958e+02
         vertex -2.840165e+02 -4.891865e+01 -1.909017e+02
      endloop
   endfacet
   facet normal -9.986046e-01 -5.273882e-02 2.748587e-03
      outer loop
         vertex -2.874484e+02 -2.078021e+01 -1.912448e+02
         vertex -2.871258e+02 -2.484235e+01 -1.520000e+02
         vertex -2.880379e+02 -9.621348e+00 -1.913038e+02
      endloop
   endfacet
   facet normal -9.990481e-01 -4.313818e-02 6.476879e-03
      outer loop
         vertex -2.880379e+02 -9.621348e+00 -1.913038e+02
         vertex -2.871258e+02 -2.484235e+01 -1.520000e+02
         vertex -2.881985e+02 -3.107499e-13 -1.520000e+02
      endloop
   endfacet
   facet normal -9.998607e-01 -1.669331e-02 1.524246e-09
      outer loop
         vertex -2.880379e+02 -9.621348e+00 -1.913038e+02
         vertex -2.881985e+02 -3.107499e-13 -1.520000e+02
         vertex -2.881985e+02 -3.590248e-06 -1.913198e+02
      endloop
   endfacet
   facet normal -9.964752e-01 8.388751e-02 1.360833e-05
      outer loop
         vertex -2.871511e+02 2.454851e+01 -1.912151e+02
         vertex -2.872137e+02 2.380544e+01 -1.912214e+02
         vertex -2.871258e+02 2.484235e+01 -1.520000e+02
      endloop
   endfacet
   facet normal -9.979943e-01 6.330096e-02 5.612662e-04
      outer loop
         vertex -2.871258e+02 2.484235e+01 -1.520000e+02
         vertex -2.872137e+02 2.380544e+01 -1.912214e+02
         vertex -2.879196e+02 1.267557e+01 -1.912920e+02
      endloop
   endfacet
   facet normal -9.990458e-01 4.313808e-02 6.825958e-03
      outer loop
         vertex -2.871258e+02 2.484235e+01 -1.520000e+02
         vertex -2.879196e+02 1.267557e+01 -1.912920e+02
         vertex -2.881985e+02 -3.107499e-13 -1.520000e+02
      endloop
   endfacet
   facet normal -9.996958e-01 2.465088e-02 8.573858e-04
      outer loop
         vertex -2.881985e+02 -3.107499e-13 -1.520000e+02
         vertex -2.879196e+02 1.267557e+01 -1.912920e+02
         vertex -2.881944e+02 1.531946e+00 -1.913195e+02
      endloop
   endfacet
   facet normal -9.999965e-01 2.645714e-03 -2.415769e-10
      outer loop
         vertex -2.881985e+02 -3.107499e-13 -1.520000e+02
         vertex -2.881944e+02 1.531946e+00 -1.913195e+02
         vertex -2.881985e+02 -3.590248e-06 -1.913198e+02
      endloop
   endfacet
   facet normal -9.946621e-01 1.031854e-01 -1.321605e-04
      outer loop
         vertex -2.871511e+02 2.454851e+01 -1.912151e+02
         vertex -2.871258e+02 2.484235e+01 -1.520000e+02
         vertex -2.860754e+02 3.491750e+01 -1.911076e+02
      endloop
   endfacet
   facet normal -9.917434e-01 1.280805e-01 6.359869e-03
      outer loop
         vertex -2.860754e+02 3.491750e+01 -1.911076e+02
         vertex -2.871258e+02 2.484235e+01 -1.520000e+02
         vertex -2.840165e+02 4.891856e+01 -1.520000e+02
      endloop
   endfacet
   facet normal -9.910443e-01 1.334614e-01 4.396635e-03
      outer loop
         vertex -2.860754e+02 3.491750e+01 -1.911076e+02
         vertex -2.840165e+02 4.891856e+01 -1.520000e+02
         vertex -2.851163e+02 4.203676e+01 -1.910116e+02
      endloop
   endfacet
   facet normal -9.874692e-01 1.578118e-01 3.324713e-07
      outer loop
         vertex -2.851163e+02 4.203676e+01 -1.910116e+02
         vertex -2.840165e+02 4.891856e+01 -1.520000e+02
         vertex -2.840165e+02 4.891865e+01 -1.909017e+02
      endloop
   endfacet
   facet normal -9.853200e-01 1.707175e-01 3.596605e-07
      outer loop
         vertex -2.840165e+02 4.891865e+01 -1.909017e+02
         vertex -2.840165e+02 4.891856e+01 -1.520000e+02
         vertex -2.839158e+02 4.949978e+01 -1.520000e+02
      endloop
   endfacet
   facet normal -9.842096e-01 1.770072e-01 -9.647361e-05
      outer loop
         vertex -2.840165e+02 4.891865e+01 -1.909017e+02
         vertex -2.839158e+02 4.949978e+01 -1.520000e+02
         vertex -2.832635e+02 5.310533e+01 -1.908263e+02
      endloop
   endfacet
   facet normal -9.791188e-01 2.032743e-01 2.428310e-03
      outer loop
         vertex -2.832635e+02 5.310533e+01 -1.908263e+02
         vertex -2.839158e+02 4.949978e+01 -1.520000e+02
         vertex -2.809871e+02 6.406739e+01 -1.905987e+02
      endloop
   endfacet
   facet normal -9.771222e-01 2.125910e-01 6.096028e-03
      outer loop
         vertex -2.809871e+02 6.406739e+01 -1.905987e+02
         vertex -2.839158e+02 4.949978e+01 -1.520000e+02
         vertex -2.788174e+02 7.293306e+01 -1.520000e+02
      endloop
   endfacet
   facet normal -9.713346e-01 2.377165e-01 -3.389082e-07
      outer loop
         vertex -2.809871e+02 6.406739e+01 -1.905987e+02
         vertex -2.788174e+02 7.293306e+01 -1.520000e+02
         vertex -2.788174e+02 7.293312e+01 -1.903818e+02
      endloop
   endfacet
   facet normal -9.670634e-01 2.545356e-01 -3.062079e-07
      outer loop
         vertex -2.788174e+02 7.293312e+01 -1.903818e+02
         vertex -2.788174e+02 7.293306e+01 -1.520000e+02
         vertex -2.785922e+02 7.378872e+01 -1.520000e+02
      endloop
   endfacet
   facet normal -9.665415e-01 2.565101e-01 -4.738415e-05
      outer loop
         vertex -2.788174e+02 7.293312e+01 -1.903818e+02
         vertex -2.785922e+02 7.378872e+01 -1.520000e+02
         vertex -2.782902e+02 7.491943e+01 -1.903290e+02
      endloop
   endfacet
   facet normal -9.604008e-01 2.786214e-01 6.532772e-04
      outer loop
         vertex -2.782902e+02 7.491943e+01 -1.903290e+02
         vertex -2.785922e+02 7.378872e+01 -1.520000e+02
         vertex -2.751748e+02 8.565766e+01 -1.900175e+02
      endloop
   endfacet
   facet normal -9.553098e-01 2.955374e-01 6.392027e-03
      outer loop
         vertex -2.751748e+02 8.565766e+01 -1.900175e+02
         vertex -2.785922e+02 7.378872e+01 -1.520000e+02
         vertex -2.715917e+02 9.641741e+01 -1.520000e+02
      endloop
   endfacet
   facet normal -9.496048e-01 3.134487e-01 7.850707e-04
      outer loop
         vertex -2.751748e+02 8.565766e+01 -1.900175e+02
         vertex -2.715917e+02 9.641741e+01 -1.520000e+02
         vertex -2.720908e+02 9.500000e+01 -1.897091e+02
      endloop
   endfacet
   facet normal -9.126594e-01 4.087209e-01 -1.334648e-06
      outer loop
         vertex -2.623887e+02 1.192080e+02 -1.968136e+02
         vertex -2.636593e+02 1.163707e+02 -1.949302e+02
         vertex -2.623919e+02 1.192009e+02 -1.520000e+02
      endloop
   endfacet
   facet normal -9.172068e-01 3.984106e-01 8.126339e-04
      outer loop
         vertex -2.623919e+02 1.192009e+02 -1.520000e+02
         vertex -2.636593e+02 1.163707e+02 -1.949302e+02
         vertex -2.650939e+02 1.130646e+02 -1.932062e+02
      endloop
   endfacet
   facet normal -9.220218e-01 3.871279e-01 2.808546e-03
      outer loop
         vertex -2.623919e+02 1.192009e+02 -1.520000e+02
         vertex -2.650939e+02 1.130646e+02 -1.932062e+02
         vertex -2.665753e+02 1.095263e+02 -1.918067e+02
      endloop
   endfacet
   facet normal -9.258410e-01 3.778739e-01 5.459020e-03
      outer loop
         vertex -2.665753e+02 1.095263e+02 -1.918067e+02
         vertex -2.674188e+02 1.074502e+02 -1.911683e+02
         vertex -2.623919e+02 1.192009e+02 -1.520000e+02
      endloop
   endfacet
   facet normal -9.299551e-01 3.675608e-01 9.081014e-03
      outer loop
         vertex -2.623919e+02 1.192009e+02 -1.520000e+02
         vertex -2.674188e+02 1.074502e+02 -1.911683e+02
         vertex -2.690086e+02 1.034057e+02 -1.902682e+02
      endloop
   endfacet
   facet normal -9.264801e-01 3.763122e-01 4.868075e-03
      outer loop
         vertex -2.623919e+02 1.192009e+02 -1.520000e+02
         vertex -2.690086e+02 1.034057e+02 -1.902682e+02
         vertex -2.711948e+02 9.752838e+01 -1.520000e+02
      endloop
   endfacet
   facet normal -9.345359e-01 3.558666e-01 1.267793e-03
      outer loop
         vertex -2.690086e+02 1.034057e+02 -1.902682e+02
         vertex -2.696895e+02 1.016166e+02 -1.900050e+02
         vertex -2.711948e+02 9.752838e+01 -1.520000e+02
      endloop
   endfacet
   facet normal -9.372989e-01 3.485263e-01 3.687567e-04
      outer loop
         vertex -2.711948e+02 9.752838e+01 -1.520000e+02
         vertex -2.696895e+02 1.016166e+02 -1.900050e+02
         vertex -2.705694e+02 9.925002e+01 -1.897776e+02
      endloop
   endfacet
   facet normal -9.416904e-01 3.364804e-01 -2.529022e-04
      outer loop
         vertex -2.711948e+02 9.752838e+01 -1.520000e+02
         vertex -2.705694e+02 9.925002e+01 -1.897776e+02
         vertex -2.715917e+02 9.641741e+01 -1.520000e+02
      endloop
   endfacet
   facet normal -9.406170e-01 3.394698e-01 2.908259e-07
      outer loop
         vertex -2.715917e+02 9.641741e+01 -1.520000e+02
         vertex -2.705694e+02 9.925002e+01 -1.897776e+02
         vertex -2.715915e+02 9.641811e+01 -1.896837e+02
      endloop
   endfacet
   facet normal -9.432468e-01 3.320926e-01 1.385417e-07
      outer loop
         vertex -2.715917e+02 9.641741e+01 -1.520000e+02
         vertex -2.715915e+02 9.641811e+01 -1.896837e+02
         vertex -2.720908e+02 9.500000e+01 -1.897091e+02
      endloop
   endfacet
   facet normal -8.853578e-01 4.649088e-01 1.151731e-03
      outer loop
         vertex -2.573617e+02 1.297048e+02 -2.162987e+02
         vertex -2.574541e+02 1.295212e+02 -2.132484e+02
         vertex -2.512849e+02 1.411180e+02 -1.520000e+02
      endloop
   endfacet
   facet normal -8.826610e-01 4.700102e-01 0.000000e+00
      outer loop
         vertex -2.512727e+02 1.411396e+02 -2.818433e+02
         vertex -2.573617e+02 1.297048e+02 -2.860426e+02
         vertex -2.573617e+02 1.297048e+02 -2.494622e+02
      endloop
   endfacet
   facet normal -8.826610e-01 4.700102e-01 0.000000e+00
      outer loop
         vertex -2.573617e+02 1.297048e+02 -2.494622e+02
         vertex -2.573617e+02 1.297048e+02 -2.422840e+02
         vertex -2.512727e+02 1.411396e+02 -2.818433e+02
      endloop
   endfacet
   facet normal -8.826610e-01 4.700102e-01 0.000000e+00
      outer loop
         vertex -2.512727e+02 1.411396e+02 -2.818433e+02
         vertex -2.573617e+02 1.297048e+02 -2.422840e+02
         vertex -2.573617e+02 1.297048e+02 -2.363275e+02
      endloop
   endfacet
   facet normal -8.826610e-01 4.700102e-01 0.000000e+00
      outer loop
         vertex -2.512727e+02 1.411396e+02 -2.818433e+02
         vertex -2.573617e+02 1.297048e+02 -2.363275e+02
         vertex -2.573617e+02 1.297048e+02 -2.304570e+02
      endloop
   endfacet
   facet normal -8.826610e-01 4.700102e-01 0.000000e+00
      outer loop
         vertex -2.573617e+02 1.297048e+02 -2.304570e+02
         vertex -2.573617e+02 1.297048e+02 -2.246429e+02
         vertex -2.512727e+02 1.411396e+02 -2.818433e+02
      endloop
   endfacet
   facet normal -8.826610e-01 4.700102e-01 0.000000e+00
      outer loop
         vertex -2.512727e+02 1.411396e+02 -2.818433e+02
         vertex -2.573617e+02 1.297048e+02 -2.246429e+02
         vertex -2.573617e+02 1.297048e+02 -2.175840e+02
      endloop
   endfacet
   facet normal -8.826610e-01 4.700102e-01 0.000000e+00
      outer loop
         vertex -2.512727e+02 1.411396e+02 -2.818433e+02
         vertex -2.573617e+02 1.297048e+02 -2.175840e+02
         vertex -2.573617e+02 1.297048e+02 -2.162987e+02
      endloop
   endfacet
   facet normal -8.885982e-01 4.586787e-01 2.657727e-03
      outer loop
         vertex -2.574541e+02 1.295212e+02 -2.132484e+02
         vertex -2.577541e+02 1.289232e+02 -2.103443e+02
         vertex -2.512849e+02 1.411180e+02 -1.520000e+02
      endloop
   endfacet
   facet normal -8.901365e-01 4.556810e-01 3.454861e-03
      outer loop
         vertex -2.512849e+02 1.411180e+02 -1.520000e+02
         vertex -2.577541e+02 1.289232e+02 -2.103443e+02
         vertex -2.579291e+02 1.285727e+02 -2.092081e+02
      endloop
   endfacet
   facet normal -8.917333e-01 4.525405e-01 4.329001e-03
      outer loop
         vertex -2.512849e+02 1.411180e+02 -1.520000e+02
         vertex -2.579291e+02 1.285727e+02 -2.092081e+02
         vertex -2.584894e+02 1.274426e+02 -2.064728e+02
      endloop
   endfacet
   facet normal -8.940943e-01 4.478409e-01 5.821117e-03
      outer loop
         vertex -2.584894e+02 1.274426e+02 -2.064728e+02
         vertex -2.592150e+02 1.259602e+02 -2.038778e+02
         vertex -2.512849e+02 1.411180e+02 -1.520000e+02
      endloop
   endfacet
   facet normal -8.963743e-01 4.432342e-01 7.515638e-03
      outer loop
         vertex -2.512849e+02 1.411180e+02 -1.520000e+02
         vertex -2.592150e+02 1.259602e+02 -2.038778e+02
         vertex -2.598409e+02 1.246639e+02 -2.020773e+02
      endloop
   endfacet
   facet normal -8.983038e-01 4.392796e-01 9.144675e-03
      outer loop
         vertex -2.512849e+02 1.411180e+02 -1.520000e+02
         vertex -2.598409e+02 1.246639e+02 -2.020773e+02
         vertex -2.604094e+02 1.234720e+02 -2.006667e+02
      endloop
   endfacet
   facet normal -8.999519e-01 4.358580e-01 1.069433e-02
      outer loop
         vertex -2.604094e+02 1.234720e+02 -2.006667e+02
         vertex -2.608700e+02 1.224958e+02 -1.996424e+02
         vertex -2.512849e+02 1.411180e+02 -1.520000e+02
      endloop
   endfacet
   facet normal -9.025139e-01 4.304545e-01 1.332186e-02
      outer loop
         vertex -2.512849e+02 1.411180e+02 -1.520000e+02
         vertex -2.608700e+02 1.224958e+02 -1.996424e+02
         vertex -2.620176e+02 1.200215e+02 -1.974392e+02
      endloop
   endfacet
   facet normal -9.047384e-01 4.256643e-01 1.607128e-02
      outer loop
         vertex -2.512849e+02 1.411180e+02 -1.520000e+02
         vertex -2.620176e+02 1.200215e+02 -1.974392e+02
         vertex -2.622878e+02 1.194299e+02 -1.969800e+02
      endloop
   endfacet
   facet normal -9.102797e-01 4.139938e-01 -3.352861e-07
      outer loop
         vertex -2.623887e+02 1.192080e+02 -1.968136e+02
         vertex -2.623919e+02 1.192009e+02 -1.520000e+02
         vertex -2.622878e+02 1.194299e+02 -1.969800e+02
      endloop
   endfacet
   facet normal -9.093911e-01 4.159422e-01 1.164138e-05
      outer loop
         vertex -2.622878e+02 1.194299e+02 -1.969800e+02
         vertex -2.623919e+02 1.192009e+02 -1.520000e+02
         vertex -2.617785e+02 1.205420e+02 -1.520000e+02
      endloop
   endfacet
   facet normal -8.908367e-01 4.543222e-01 -1.147333e-03
      outer loop
         vertex -2.622878e+02 1.194299e+02 -1.969800e+02
         vertex -2.617785e+02 1.205420e+02 -1.520000e+02
         vertex -2.512849e+02 1.411180e+02 -1.520000e+02
      endloop
   endfacet
   facet normal -8.826712e-01 4.699910e-01 -4.301001e-06
      outer loop
         vertex -2.573617e+02 1.297048e+02 -2.162987e+02
         vertex -2.512849e+02 1.411180e+02 -1.520000e+02
         vertex -2.512727e+02 1.411396e+02 -2.818433e+02
      endloop
   endfacet
   facet normal -8.704091e-01 4.923291e-01 5.591153e-07
      outer loop
         vertex -2.512727e+02 1.411396e+02 -2.818433e+02
         vertex -2.512849e+02 1.411180e+02 -1.520000e+02
         vertex -2.504136e+02 1.426584e+02 -1.520000e+02
      endloop
   endfacet
   facet normal -8.666048e-01 4.989951e-01 -1.025803e-04
      outer loop
         vertex -2.512727e+02 1.411396e+02 -2.818433e+02
         vertex -2.504136e+02 1.426584e+02 -1.520000e+02
         vertex -2.482179e+02 1.464454e+02 -2.797365e+02
      endloop
   endfacet
   facet normal -8.486292e-01 5.289870e-01 1.095590e-03
      outer loop
         vertex -2.482179e+02 1.464454e+02 -2.797365e+02
         vertex -2.504136e+02 1.426584e+02 -1.520000e+02
         vertex -2.383513e+02 1.620094e+02 -1.520000e+02
      endloop
   endfacet
   facet normal -8.445835e-01 5.354239e-01 -1.208321e-06
      outer loop
         vertex -2.482179e+02 1.464454e+02 -2.797365e+02
         vertex -2.383513e+02 1.620094e+02 -1.520000e+02
         vertex -2.383487e+02 1.620132e+02 -2.729302e+02
      endloop
   endfacet
   facet normal -8.262951e-01 5.632374e-01 4.636875e-08
      outer loop
         vertex -2.383487e+02 1.620132e+02 -2.729302e+02
         vertex -2.383513e+02 1.620094e+02 -1.520000e+02
         vertex -2.379216e+02 1.626397e+02 -2.726356e+02
      endloop
   endfacet
   facet normal -8.250181e-01 5.651064e-01 1.435991e-05
      outer loop
         vertex -2.379216e+02 1.626397e+02 -2.726356e+02
         vertex -2.383513e+02 1.620094e+02 -1.520000e+02
         vertex -2.371846e+02 1.637127e+02 -1.520000e+02
      endloop
   endfacet
   facet normal -8.061308e-01 5.917373e-01 -3.379042e-04
      outer loop
         vertex -2.379216e+02 1.626397e+02 -2.726356e+02
         vertex -2.371846e+02 1.637127e+02 -1.520000e+02
         vertex -2.265170e+02 1.781809e+02 -2.647703e+02
      endloop
   endfacet
   facet normal -8.001801e-01 5.997585e-01 1.254118e-03
      outer loop
         vertex -2.265170e+02 1.781809e+02 -2.647703e+02
         vertex -2.371846e+02 1.637127e+02 -1.520000e+02
         vertex -2.236852e+02 1.817232e+02 -1.520000e+02
      endloop
   endfacet
   facet normal -7.810622e-01 6.244532e-01 -1.639542e-06
      outer loop
         vertex -2.265170e+02 1.781809e+02 -2.647703e+02
         vertex -2.236852e+02 1.817232e+02 -1.520000e+02
         vertex -2.236707e+02 1.817410e+02 -2.628074e+02
      endloop
   endfacet
   facet normal -7.735618e-01 6.337209e-01 8.394468e-07
      outer loop
         vertex -2.236707e+02 1.817410e+02 -2.628074e+02
         vertex -2.236852e+02 1.817232e+02 -1.520000e+02
         vertex -2.221899e+02 1.835484e+02 -1.520000e+02
      endloop
   endfacet
   facet normal -7.595030e-01 6.505037e-01 -4.607723e-04
      outer loop
         vertex -2.236707e+02 1.817410e+02 -2.628074e+02
         vertex -2.221899e+02 1.835484e+02 -1.520000e+02
         vertex -2.140376e+02 1.929930e+02 -2.561638e+02
      endloop
   endfacet
   facet normal -7.458428e-01 6.661190e-01 2.024198e-03
      outer loop
         vertex -2.140376e+02 1.929930e+02 -2.561638e+02
         vertex -2.221899e+02 1.835484e+02 -1.520000e+02
         vertex -2.073932e+02 2.001160e+02 -1.520000e+02
      endloop
   endfacet
   facet normal -7.312117e-01 6.821506e-01 -5.354017e-06
      outer loop
         vertex -2.140376e+02 1.929930e+02 -2.561638e+02
         vertex -2.073932e+02 2.001160e+02 -1.520000e+02
         vertex -2.073712e+02 2.001389e+02 -2.515663e+02
      endloop
   endfacet
   facet normal -7.164167e-01 6.976726e-01 1.486599e-06
      outer loop
         vertex -2.073712e+02 2.001389e+02 -2.515663e+02
         vertex -2.073932e+02 2.001160e+02 -1.520000e+02
         vertex -2.055413e+02 2.020177e+02 -1.520000e+02
      endloop
   endfacet
   facet normal -7.076502e-01 7.065629e-01 -3.273882e-04
      outer loop
         vertex -2.073712e+02 2.001389e+02 -2.515663e+02
         vertex -2.055413e+02 2.020177e+02 -1.520000e+02
         vertex -2.005236e+02 2.069992e+02 -2.468439e+02
      endloop
   endfacet
   facet normal -6.860204e-01 7.275798e-01 1.920792e-03
      outer loop
         vertex -2.005236e+02 2.069992e+02 -2.468439e+02
         vertex -2.055413e+02 2.020177e+02 -1.520000e+02
         vertex -1.895938e+02 2.170543e+02 -1.520000e+02
      endloop
   endfacet
   facet normal -6.770145e-01 7.359697e-01 -6.522740e-06
      outer loop
         vertex -2.005236e+02 2.069992e+02 -2.468439e+02
         vertex -1.895938e+02 2.170543e+02 -1.520000e+02
         vertex -1.895768e+02 2.170691e+02 -2.392944e+02
      endloop
   endfacet
   facet normal -6.516656e-01 7.585064e-01 2.221062e-06
      outer loop
         vertex -1.895768e+02 2.170691e+02 -2.392944e+02
         vertex -1.895938e+02 2.170543e+02 -1.520000e+02
         vertex -1.860286e+02 2.201176e+02 -2.368473e+02
      endloop
   endfacet
   facet normal -6.539964e-01 7.564977e-01 -1.682335e-04
      outer loop
         vertex -1.860286e+02 2.201176e+02 -2.368473e+02
         vertex -1.895938e+02 2.170543e+02 -1.520000e+02
         vertex -1.873626e+02 2.189832e+02 -1.520000e+02
      endloop
   endfacet
   facet normal -6.194375e-01 7.850456e-01 7.567786e-04
      outer loop
         vertex -1.860286e+02 2.201176e+02 -2.368473e+02
         vertex -1.873626e+02 2.189832e+02 -1.520000e+02
         vertex -1.706213e+02 2.322644e+02 -2.262216e+02
      endloop
   endfacet
   facet normal -5.517150e-01 8.340327e-01 0.000000e+00
      outer loop
         vertex -1.677891e+02 2.343186e+02 -1.520000e+02
         vertex -1.500000e+02 2.460861e+02 -1.520000e+02
         vertex -1.500000e+02 2.460861e+02 -2.120000e+02
      endloop
   endfacet
   facet normal -6.211536e-01 7.836888e-01 1.269065e-04
      outer loop
         vertex -1.873626e+02 2.189832e+02 -1.520000e+02
         vertex -1.704163e+02 2.324149e+02 -1.520000e+02
         vertex -1.706213e+02 2.322644e+02 -2.262216e+02
      endloop
   endfacet
   facet normal -5.867660e-01 8.097565e-01 -2.098008e-05
      outer loop
         vertex -1.706213e+02 2.322644e+02 -2.262216e+02
         vertex -1.704163e+02 2.324149e+02 -1.520000e+02
         vertex -1.677891e+02 2.343186e+02 -1.520000e+02
      endloop
   endfacet
   facet normal -5.635192e-01 8.261018e-01 -1.360423e-03
      outer loop
         vertex -1.706213e+02 2.322644e+02 -2.262216e+02
         vertex -1.677891e+02 2.343186e+02 -1.520000e+02
         vertex -1.543686e+02 2.433695e+02 -2.150128e+02
      endloop
   endfacet
   facet normal -5.321593e-01 8.466039e-01 8.263538e-03
      outer loop
         vertex -1.543686e+02 2.433695e+02 -2.150128e+02
         vertex -1.677891e+02 2.343186e+02 -1.520000e+02
         vertex -1.500000e+02 2.460861e+02 -2.120000e+02
      endloop
   endfacet
   facet normal 0.000000e+00 0.000000e+00 -1.000000e+00
      outer loop
         vertex -2.870000e+02 3.200000e+02 -3.520000e+02
         vertex -2.870000e+02 3.350000e+02 -3.520000e+02
         vertex -2.770000e+02 3.200000e+02 -3.520000e+02
      endloop
   endfacet
   facet normal 0.000000e+00 0.000000e+00 -1.000000e+00
      outer loop
         vertex -2.770000e+02 3.200000e+02 -3.520000e+02
         vertex -2.870000e+02 3.350000e+02 -3.520000e+02
         vertex -2.770000e+02 3.350000e+02 -3.520000e+02
      endloop
   endfacet
   facet normal 0.000000e+00 0.000000e+00 1.000000e+00
      outer loop
         vertex 8.000000e+01 2.578759e+02 -1.120000e+02
         vertex 7.554618e+01 2.592157e+02 -1.120000e+02
         vertex 4.135499e+01 -2.668141e+02 -1.120000e+02
      endloop
   endfacet
   facet normal 0.000000e+00 0.000000e+00 1.000000e+00
      outer loop
         vertex -8.000000e+01 2.578759e+02 -1.120000e+02
         vertex -8.923665e+01 2.548270e+02 -1.120000e+02
         vertex -8.000000e+01 -2.578759e+02 -1.120000e+02
      endloop
   endfacet
   facet normal 0.000000e+00 0.000000e+00 1.000000e+00
      outer loop
         vertex -8.000000e+01 -2.578759e+02 -1.120000e+02
         vertex -8.923665e+01 2.548270e+02 -1.120000e+02
         vertex -9.725337e+01 2.518765e+02 -1.120000e+02
      endloop
   endfacet
   facet normal 0.000000e+00 0.000000e+00 1.000000e+00
      outer loop
         vertex -8.000000e+01 -2.578759e+02 -1.120000e+02
         vertex -9.725337e+01 2.518765e+02 -1.120000e+02
         vertex -8.923665e+01 -2.548270e+02 -1.120000e+02
      endloop
   endfacet
   facet normal -0.000000e+00 0.000000e+00 1.000000e+00
      outer loop
         vertex -7.543094e+01 -2.592492e+02 -1.120000e+02
         vertex -7.037026e+01 -2.606684e+02 -1.120000e+02
         vertex 7.554618e+01 2.592157e+02 -1.120000e+02
      endloop
   endfacet
   facet normal 0.000000e+00 0.000000e+00 1.000000e+00
      outer loop
         vertex 7.554618e+01 2.592157e+02 -1.120000e+02
         vertex -7.037026e+01 -2.606684e+02 -1.120000e+02
         vertex -5.723401e+01 -2.638641e+02 -1.120000e+02
      endloop
   endfacet
   facet normal 0.000000e+00 0.000000e+00 1.000000e+00
      outer loop
         vertex 7.554618e+01 2.592157e+02 -1.120000e+02
         vertex -5.723401e+01 -2.638641e+02 -1.120000e+02
         vertex -4.068509e+01 -2.669171e+02 -1.120000e+02
      endloop
   endfacet
   facet normal 0.000000e+00 -0.000000e+00 1.000000e+00
      outer loop
         vertex -7.543094e+01 -2.592492e+02 -1.120000e+02
         vertex 7.554618e+01 2.592157e+02 -1.120000e+02
         vertex -8.000000e+01 -2.578759e+02 -1.120000e+02
      endloop
   endfacet
   facet normal 0.000000e+00 0.000000e+00 1.000000e+00
      outer loop
         vertex -8.000000e+01 -2.578759e+02 -1.120000e+02
         vertex 7.554618e+01 2.592157e+02 -1.120000e+02
         vertex 7.037026e+01 2.606684e+02 -1.120000e+02
      endloop
   endfacet
   facet normal 0.000000e+00 0.000000e+00 1.000000e+00
      outer loop
         vertex -8.000000e+01 -2.578759e+02 -1.120000e+02
         vertex 7.037026e+01 2.606684e+02 -1.120000e+02
         vertex 5.735167e+01 2.638385e+02 -1.120000e+02
      endloop
   endfacet
   facet normal -0.000000e+00 0.000000e+00 1.000000e+00
      outer loop
         vertex -4.068509e+01 -2.669171e+02 -1.120000e+02
         vertex -3.781744e+01 -2.673384e+02 -1.120000e+02
         vertex 7.554618e+01 2.592157e+02 -1.120000e+02
      endloop
   endfacet
   facet normal 0.000000e+00 0.000000e+00 1.000000e+00
      outer loop
         vertex 7.554618e+01 2.592157e+02 -1.120000e+02
         vertex -3.781744e+01 -2.673384e+02 -1.120000e+02
         vertex -2.043003e+01 -2.692260e+02 -1.120000e+02
      endloop
   endfacet
   facet normal 0.000000e+00 0.000000e+00 1.000000e+00
      outer loop
         vertex 7.554618e+01 2.592157e+02 -1.120000e+02
         vertex -2.043003e+01 -2.692260e+02 -1.120000e+02
         vertex -1.810321e+01 -2.693924e+02 -1.120000e+02
      endloop
   endfacet
   facet normal 0.000000e+00 0.000000e+00 1.000000e+00
      outer loop
         vertex 5.735167e+01 2.638385e+02 -1.120000e+02
         vertex 3.785899e+01 2.673326e+02 -1.120000e+02
         vertex -8.000000e+01 -2.578759e+02 -1.120000e+02
      endloop
   endfacet
   facet normal 0.000000e+00 0.000000e+00 1.000000e+00
      outer loop
         vertex -8.000000e+01 -2.578759e+02 -1.120000e+02
         vertex 3.785899e+01 2.673326e+02 -1.120000e+02
         vertex 2.043003e+01 2.692260e+02 -1.120000e+02
      endloop
   endfacet
   facet normal 0.000000e+00 0.000000e+00 1.000000e+00
      outer loop
         vertex -8.000000e+01 -2.578759e+02 -1.120000e+02
         vertex 2.043003e+01 2.692260e+02 -1.120000e+02
         vertex 1.817429e+01 2.693876e+02 -1.120000e+02
      endloop
   endfacet
   facet normal -0.000000e+00 0.000000e+00 1.000000e+00
      outer loop
         vertex -1.810321e+01 -2.693924e+02 -1.120000e+02
         vertex 1.387779e-14 -2.700000e+02 -1.120000e+02
         vertex 7.554618e+01 2.592157e+02 -1.120000e+02
      endloop
   endfacet
   facet normal 0.000000e+00 0.000000e+00 1.000000e+00
      outer loop
         vertex 7.554618e+01 2.592157e+02 -1.120000e+02
         vertex 1.387779e-14 -2.700000e+02 -1.120000e+02
         vertex 1.734523e+00 -2.699944e+02 -1.120000e+02
      endloop
   endfacet
   facet normal 0.000000e+00 0.000000e+00 1.000000e+00
      outer loop
         vertex 7.554618e+01 2.592157e+02 -1.120000e+02
         vertex 1.734523e+00 -2.699944e+02 -1.120000e+02
         vertex 2.043003e+01 -2.692260e+02 -1.120000e+02
      endloop
   endfacet
   facet normal 0.000000e+00 0.000000e+00 1.000000e+00
      outer loop
         vertex 4.135499e+01 -2.668141e+02 -1.120000e+02
         vertex 5.069354e+01 -2.651983e+02 -1.120000e+02
         vertex 8.000000e+01 2.578759e+02 -1.120000e+02
      endloop
   endfacet
   facet normal 0.000000e+00 0.000000e+00 1.000000e+00
      outer loop
         vertex 8.000000e+01 2.578759e+02 -1.120000e+02
         vertex 5.069354e+01 -2.651983e+02 -1.120000e+02
         vertex 6.083224e+01 -2.630579e+02 -1.120000e+02
      endloop
   endfacet
   facet normal 0.000000e+00 0.000000e+00 1.000000e+00
      outer loop
         vertex 8.000000e+01 2.578759e+02 -1.120000e+02
         vertex 6.083224e+01 -2.630579e+02 -1.120000e+02
         vertex 7.037026e+01 -2.606684e+02 -1.120000e+02
      endloop
   endfacet
   facet normal 0.000000e+00 0.000000e+00 1.000000e+00
      outer loop
         vertex 7.037026e+01 -2.606684e+02 -1.120000e+02
         vertex 8.000000e+01 -2.578759e+02 -1.120000e+02
         vertex 8.000000e+01 2.578759e+02 -1.120000e+02
      endloop
   endfacet
   facet normal 0.000000e+00 0.000000e+00 1.000000e+00
      outer loop
         vertex 8.000000e+01 2.578759e+02 -1.120000e+02
         vertex 8.000000e+01 -2.578759e+02 -1.120000e+02
         vertex 8.923665e+01 -2.548270e+02 -1.120000e+02
      endloop
   endfacet
   facet normal 0.000000e+00 0.000000e+00 1.000000e+00
      outer loop
         vertex 8.000000e+01 2.578759e+02 -1.120000e+02
         vertex 8.923665e+01 -2.548270e+02 -1.120000e+02
         vertex 8.923665e+01 2.548270e+02 -1.120000e+02
      endloop
   endfacet
   facet normal 0.000000e+00 0.000000e+00 1.000000e+00
      outer loop
         vertex 8.923665e+01 2.548270e+02 -1.120000e+02
         vertex 8.923665e+01 -2.548270e+02 -1.120000e+02
         vertex 9.725337e+01 -2.518765e+02 -1.120000e+02
      endloop
   endfacet
   facet normal 0.000000e+00 0.000000e+00 1.000000e+00
      outer loop
         vertex 8.923665e+01 2.548270e+02 -1.120000e+02
         vertex 9.725337e+01 -2.518765e+02 -1.120000e+02
         vertex 9.725337e+01 2.518765e+02 -1.120000e+02
      endloop
   endfacet
   facet normal 0.000000e+00 0.000000e+00 1.000000e+00
      outer loop
         vertex 9.725337e+01 2.518765e+02 -1.120000e+02
         vertex 9.725337e+01 -2.518765e+02 -1.120000e+02
         vertex 1.073507e+02 -2.477414e+02 -1.120000e+02
      endloop
   endfacet
   facet normal -0.000000e+00 0.000000e+00 1.000000e+00
      outer loop
         vertex -1.344770e+02 -2.341280e+02 -1.120000e+02
         vertex -1.169164e+02 -2.433733e+02 -1.120000e+02
         vertex -1.073507e+02 2.477414e+02 -1.120000e+02
      endloop
   endfacet
   facet normal 0.000000e+00 0.000000e+00 1.000000e+00
      outer loop
         vertex -1.073507e+02 2.477414e+02 -1.120000e+02
         vertex -1.169164e+02 -2.433733e+02 -1.120000e+02
         vertex -1.073507e+02 -2.477414e+02 -1.120000e+02
      endloop
   endfacet
   facet normal -0.000000e+00 0.000000e+00 1.000000e+00
      outer loop
         vertex -1.073507e+02 2.477414e+02 -1.120000e+02
         vertex -1.073507e+02 -2.477414e+02 -1.120000e+02
         vertex -9.725337e+01 2.518765e+02 -1.120000e+02
      endloop
   endfacet
   facet normal 0.000000e+00 0.000000e+00 1.000000e+00
      outer loop
         vertex -9.725337e+01 2.518765e+02 -1.120000e+02
         vertex -1.073507e+02 -2.477414e+02 -1.120000e+02
         vertex -9.872417e+01 -2.513037e+02 -1.120000e+02
      endloop
   endfacet
   facet normal 0.000000e+00 0.000000e+00 1.000000e+00
      outer loop
         vertex -9.725337e+01 2.518765e+02 -1.120000e+02
         vertex -9.872417e+01 -2.513037e+02 -1.120000e+02
         vertex -8.923665e+01 -2.548270e+02 -1.120000e+02
      endloop
   endfacet
   facet normal 0.000000e+00 0.000000e+00 1.000000e+00
      outer loop
         vertex 2.043003e+01 -2.692260e+02 -1.120000e+02
         vertex 2.156407e+01 -2.691375e+02 -1.120000e+02
         vertex 7.554618e+01 2.592157e+02 -1.120000e+02
      endloop
   endfacet
   facet normal 0.000000e+00 0.000000e+00 1.000000e+00
      outer loop
         vertex 7.554618e+01 2.592157e+02 -1.120000e+02
         vertex 2.156407e+01 -2.691375e+02 -1.120000e+02
         vertex 4.068509e+01 -2.669171e+02 -1.120000e+02
      endloop
   endfacet
   facet normal 0.000000e+00 0.000000e+00 1.000000e+00
      outer loop
         vertex 7.554618e+01 2.592157e+02 -1.120000e+02
         vertex 4.068509e+01 -2.669171e+02 -1.120000e+02
         vertex 4.135499e+01 -2.668141e+02 -1.120000e+02
      endloop
   endfacet
   facet normal 0.000000e+00 0.000000e+00 1.000000e+00
      outer loop
         vertex 1.817429e+01 2.693876e+02 -1.120000e+02
         vertex 1.387779e-14 2.700000e+02 -1.120000e+02
         vertex -8.000000e+01 -2.578759e+02 -1.120000e+02
      endloop
   endfacet
   facet normal 0.000000e+00 0.000000e+00 1.000000e+00
      outer loop
         vertex -8.000000e+01 -2.578759e+02 -1.120000e+02
         vertex 1.387779e-14 2.700000e+02 -1.120000e+02
         vertex -1.649259e+00 2.699949e+02 -1.120000e+02
      endloop
   endfacet
   facet normal 0.000000e+00 0.000000e+00 1.000000e+00
      outer loop
         vertex -8.000000e+01 -2.578759e+02 -1.120000e+02
         vertex -1.649259e+00 2.699949e+02 -1.120000e+02
         vertex -2.043003e+01 2.692260e+02 -1.120000e+02
      endloop
   endfacet
   facet normal 0.000000e+00 0.000000e+00 1.000000e+00
      outer loop
         vertex -2.043003e+01 2.692260e+02 -1.120000e+02
         vertex -2.151739e+01 2.691412e+02 -1.120000e+02
         vertex -8.000000e+01 -2.578759e+02 -1.120000e+02
      endloop
   endfacet
   facet normal 0.000000e+00 0.000000e+00 1.000000e+00
      outer loop
         vertex -8.000000e+01 -2.578759e+02 -1.120000e+02
         vertex -2.151739e+01 2.691412e+02 -1.120000e+02
         vertex -4.068509e+01 2.669171e+02 -1.120000e+02
      endloop
   endfacet
   facet normal 0.000000e+00 0.000000e+00 1.000000e+00
      outer loop
         vertex -8.000000e+01 -2.578759e+02 -1.120000e+02
         vertex -4.068509e+01 2.669171e+02 -1.120000e+02
         vertex -4.122528e+01 2.668342e+02 -1.120000e+02
      endloop
   endfacet
   facet normal 0.000000e+00 0.000000e+00 1.000000e+00
      outer loop
         vertex -1.331060e+02 2.349102e+02 -1.120000e+02
         vertex -1.500000e+02 2.244994e+02 -1.120000e+02
         vertex -1.500000e+02 -2.244994e+02 -1.120000e+02
      endloop
   endfacet
   facet normal 0.000000e+00 -0.000000e+00 1.000000e+00
      outer loop
         vertex -1.500000e+02 -2.244994e+02 -1.120000e+02
         vertex -1.500000e+02 2.244994e+02 -1.120000e+02
         vertex -1.571940e+02 2.195223e+02 -1.120000e+02
      endloop
   endfacet
   facet normal 0.000000e+00 0.000000e+00 1.000000e+00
      outer loop
         vertex -1.500000e+02 -2.244994e+02 -1.120000e+02
         vertex -1.571940e+02 2.195223e+02 -1.120000e+02
         vertex -1.571940e+02 -2.195223e+02 -1.120000e+02
      endloop
   endfacet
   facet normal 0.000000e+00 0.000000e+00 1.000000e+00
      outer loop
         vertex -4.122528e+01 2.668342e+02 -1.120000e+02
         vertex -6.083224e+01 2.630579e+02 -1.120000e+02
         vertex -8.000000e+01 -2.578759e+02 -1.120000e+02
      endloop
   endfacet
   facet normal 0.000000e+00 0.000000e+00 1.000000e+00
      outer loop
         vertex -8.000000e+01 -2.578759e+02 -1.120000e+02
         vertex -6.083224e+01 2.630579e+02 -1.120000e+02
         vertex -7.037026e+01 2.606684e+02 -1.120000e+02
      endloop
   endfacet
   facet normal 0.000000e+00 0.000000e+00 1.000000e+00
      outer loop
         vertex -8.000000e+01 -2.578759e+02 -1.120000e+02
         vertex -7.037026e+01 2.606684e+02 -1.120000e+02
         vertex -8.000000e+01 2.578759e+02 -1.120000e+02
      endloop
   endfacet
   facet normal 0.000000e+00 -0.000000e+00 1.000000e+00
      outer loop
         vertex -1.344770e+02 -2.341280e+02 -1.120000e+02
         vertex -1.073507e+02 2.477414e+02 -1.120000e+02
         vertex -1.500000e+02 -2.244994e+02 -1.120000e+02
      endloop
   endfacet
   facet normal 0.000000e+00 0.000000e+00 1.000000e+00
      outer loop
         vertex -1.500000e+02 -2.244994e+02 -1.120000e+02
         vertex -1.073507e+02 2.477414e+02 -1.120000e+02
         vertex -1.154917e+02 2.440526e+02 -1.120000e+02
      endloop
   endfacet
   facet normal 0.000000e+00 0.000000e+00 1.000000e+00
      outer loop
         vertex -1.500000e+02 -2.244994e+02 -1.120000e+02
         vertex -1.154917e+02 2.440526e+02 -1.120000e+02
         vertex -1.331060e+02 2.349102e+02 -1.120000e+02
      endloop
   endfacet
   facet normal 0.000000e+00 0.000000e+00 1.000000e+00
      outer loop
         vertex 1.331060e+02 2.349102e+02 -1.120000e+02
         vertex 1.154917e+02 2.440526e+02 -1.120000e+02
         vertex 1.073507e+02 -2.477414e+02 -1.120000e+02
      endloop
   endfacet
   facet normal 0.000000e+00 0.000000e+00 1.000000e+00
      outer loop
         vertex 1.073507e+02 -2.477414e+02 -1.120000e+02
         vertex 1.154917e+02 2.440526e+02 -1.120000e+02
         vertex 1.073507e+02 2.477414e+02 -1.120000e+02
      endloop
   endfacet
   facet normal 0.000000e+00 -0.000000e+00 1.000000e+00
      outer loop
         vertex 1.073507e+02 -2.477414e+02 -1.120000e+02
         vertex 1.073507e+02 2.477414e+02 -1.120000e+02
         vertex 9.725337e+01 2.518765e+02 -1.120000e+02
      endloop
   endfacet
   facet normal 0.000000e+00 0.000000e+00 1.000000e+00
      outer loop
         vertex 1.331060e+02 -2.349102e+02 -1.120000e+02
         vertex 1.500000e+02 -2.244994e+02 -1.120000e+02
         vertex 1.500000e+02 2.244994e+02 -1.120000e+02
      endloop
   endfacet
   facet normal 0.000000e+00 0.000000e+00 1.000000e+00
      outer loop
         vertex 1.500000e+02 2.244994e+02 -1.120000e+02
         vertex 1.500000e+02 -2.244994e+02 -1.120000e+02
         vertex 1.571940e+02 -2.195223e+02 -1.120000e+02
      endloop
   endfacet
   facet normal 0.000000e+00 0.000000e+00 1.000000e+00
      outer loop
         vertex 1.500000e+02 2.244994e+02 -1.120000e+02
         vertex 1.571940e+02 -2.195223e+02 -1.120000e+02
         vertex 1.571940e+02 2.195223e+02 -1.120000e+02
      endloop
   endfacet
   facet normal 0.000000e+00 0.000000e+00 1.000000e+00
      outer loop
         vertex -2.689950e+02 2.327367e+01 -1.120000e+02
         vertex -2.700000e+02 1.131073e-12 -1.120000e+02
         vertex -1.571940e+02 -2.195223e+02 -1.120000e+02
      endloop
   endfacet
   facet normal 0.000000e+00 0.000000e+00 1.000000e+00
      outer loop
         vertex 1.331060e+02 2.349102e+02 -1.120000e+02
         vertex 1.073507e+02 -2.477414e+02 -1.120000e+02
         vertex 1.500000e+02 2.244994e+02 -1.120000e+02
      endloop
   endfacet
   facet normal 0.000000e+00 0.000000e+00 1.000000e+00
      outer loop
         vertex 1.500000e+02 2.244994e+02 -1.120000e+02
         vertex 1.073507e+02 -2.477414e+02 -1.120000e+02
         vertex 1.154917e+02 -2.440526e+02 -1.120000e+02
      endloop
   endfacet
   facet normal 0.000000e+00 0.000000e+00 1.000000e+00
      outer loop
         vertex 1.500000e+02 2.244994e+02 -1.120000e+02
         vertex 1.154917e+02 -2.440526e+02 -1.120000e+02
         vertex 1.331060e+02 -2.349102e+02 -1.120000e+02
      endloop
   endfacet
   facet normal 0.000000e+00 0.000000e+00 1.000000e+00
      outer loop
         vertex -2.452483e+02 1.129303e+02 -1.120000e+02
         vertex -2.540700e+02 9.136987e+01 -1.120000e+02
         vertex -1.571940e+02 -2.195223e+02 -1.120000e+02
      endloop
   endfacet
   facet normal 0.000000e+00 0.000000e+00 1.000000e+00
      outer loop
         vertex -1.571940e+02 2.195223e+02 -1.120000e+02
         vertex -1.755314e+02 2.051553e+02 -1.120000e+02
         vertex -1.571940e+02 -2.195223e+02 -1.120000e+02
      endloop
   endfacet
   facet normal 0.000000e+00 0.000000e+00 1.000000e+00
      outer loop
         vertex -1.571940e+02 -2.195223e+02 -1.120000e+02
         vertex -1.755314e+02 2.051553e+02 -1.120000e+02
         vertex -1.925623e+02 1.892612e+02 -1.120000e+02
      endloop
   endfacet
   facet normal 0.000000e+00 0.000000e+00 1.000000e+00
      outer loop
         vertex -1.571940e+02 -2.195223e+02 -1.120000e+02
         vertex -1.925623e+02 1.892612e+02 -1.120000e+02
         vertex -2.081596e+02 1.719581e+02 -1.120000e+02
      endloop
   endfacet
   facet normal 0.000000e+00 0.000000e+00 1.000000e+00
      outer loop
         vertex -2.540700e+02 9.136987e+01 -1.120000e+02
         vertex -2.610003e+02 6.912928e+01 -1.120000e+02
         vertex -1.571940e+02 -2.195223e+02 -1.120000e+02
      endloop
   endfacet
   facet normal 0.000000e+00 0.000000e+00 1.000000e+00
      outer loop
         vertex -1.571940e+02 -2.195223e+02 -1.120000e+02
         vertex -2.610003e+02 6.912928e+01 -1.120000e+02
         vertex -2.659877e+02 4.637408e+01 -1.120000e+02
      endloop
   endfacet
   facet normal 0.000000e+00 0.000000e+00 1.000000e+00
      outer loop
         vertex -1.571940e+02 -2.195223e+02 -1.120000e+02
         vertex -2.659877e+02 4.637408e+01 -1.120000e+02
         vertex -2.689950e+02 2.327367e+01 -1.120000e+02
      endloop
   endfacet
   facet normal 0.000000e+00 0.000000e+00 1.000000e+00
      outer loop
         vertex -1.571940e+02 -2.195223e+02 -1.120000e+02
         vertex -2.610003e+02 -6.912928e+01 -1.120000e+02
         vertex -2.540700e+02 -9.136987e+01 -1.120000e+02
      endloop
   endfacet
   facet normal 0.000000e+00 0.000000e+00 1.000000e+00
      outer loop
         vertex -2.540700e+02 -9.136987e+01 -1.120000e+02
         vertex -2.452483e+02 -1.129303e+02 -1.120000e+02
         vertex -1.571940e+02 -2.195223e+02 -1.120000e+02
      endloop
   endfacet
   facet normal 0.000000e+00 0.000000e+00 1.000000e+00
      outer loop
         vertex -1.571940e+02 -2.195223e+02 -1.120000e+02
         vertex -2.452483e+02 -1.129303e+02 -1.120000e+02
         vertex -2.346011e+02 -1.336501e+02 -1.120000e+02
      endloop
   endfacet
   facet normal 0.000000e+00 0.000000e+00 1.000000e+00
      outer loop
         vertex -1.571940e+02 -2.195223e+02 -1.120000e+02
         vertex -2.346011e+02 -1.336501e+02 -1.120000e+02
         vertex -2.222074e+02 -1.533750e+02 -1.120000e+02
      endloop
   endfacet
   facet normal 0.000000e+00 0.000000e+00 1.000000e+00
      outer loop
         vertex -2.081596e+02 1.719581e+02 -1.120000e+02
         vertex -2.222074e+02 1.533750e+02 -1.120000e+02
         vertex -1.571940e+02 -2.195223e+02 -1.120000e+02
      endloop
   endfacet
   facet normal 0.000000e+00 0.000000e+00 1.000000e+00
      outer loop
         vertex -1.571940e+02 -2.195223e+02 -1.120000e+02
         vertex -2.222074e+02 1.533750e+02 -1.120000e+02
         vertex -2.346011e+02 1.336501e+02 -1.120000e+02
      endloop
   endfacet
   facet normal 0.000000e+00 0.000000e+00 1.000000e+00
      outer loop
         vertex -1.571940e+02 -2.195223e+02 -1.120000e+02
         vertex -2.346011e+02 1.336501e+02 -1.120000e+02
         vertex -2.452483e+02 1.129303e+02 -1.120000e+02
      endloop
   endfacet
   facet normal 0.000000e+00 0.000000e+00 1.000000e+00
      outer loop
         vertex -2.700000e+02 1.131073e-12 -1.120000e+02
         vertex -2.689950e+02 -2.327367e+01 -1.120000e+02
         vertex -1.571940e+02 -2.195223e+02 -1.120000e+02
      endloop
   endfacet
   facet normal 0.000000e+00 0.000000e+00 1.000000e+00
      outer loop
         vertex -1.571940e+02 -2.195223e+02 -1.120000e+02
         vertex -2.689950e+02 -2.327367e+01 -1.120000e+02
         vertex -2.659877e+02 -4.637408e+01 -1.120000e+02
      endloop
   endfacet
   facet normal 0.000000e+00 0.000000e+00 1.000000e+00
      outer loop
         vertex -1.571940e+02 -2.195223e+02 -1.120000e+02
         vertex -2.659877e+02 -4.637408e+01 -1.120000e+02
         vertex -2.610003e+02 -6.912928e+01 -1.120000e+02
      endloop
   endfacet
   facet normal 0.000000e+00 0.000000e+00 1.000000e+00
      outer loop
         vertex -2.222074e+02 -1.533750e+02 -1.120000e+02
         vertex -2.081596e+02 -1.719581e+02 -1.120000e+02
         vertex -1.571940e+02 -2.195223e+02 -1.120000e+02
      endloop
   endfacet
   facet normal 0.000000e+00 0.000000e+00 1.000000e+00
      outer loop
         vertex -1.571940e+02 -2.195223e+02 -1.120000e+02
         vertex -2.081596e+02 -1.719581e+02 -1.120000e+02
         vertex -1.925623e+02 -1.892612e+02 -1.120000e+02
      endloop
   endfacet
   facet normal 0.000000e+00 0.000000e+00 1.000000e+00
      outer loop
         vertex -1.571940e+02 -2.195223e+02 -1.120000e+02
         vertex -1.925623e+02 -1.892612e+02 -1.120000e+02
         vertex -1.755314e+02 -2.051553e+02 -1.120000e+02
      endloop
   endfacet
   facet normal 0.000000e+00 -0.000000e+00 1.000000e+00
      outer loop
         vertex 1.925623e+02 -1.892612e+02 -1.120000e+02
         vertex 2.081596e+02 -1.719581e+02 -1.120000e+02
         vertex 1.755314e+02 2.051553e+02 -1.120000e+02
      endloop
   endfacet
   facet normal 0.000000e+00 0.000000e+00 1.000000e+00
      outer loop
         vertex 1.755314e+02 2.051553e+02 -1.120000e+02
         vertex 2.081596e+02 -1.719581e+02 -1.120000e+02
         vertex 2.222074e+02 -1.533750e+02 -1.120000e+02
      endloop
   endfacet
   facet normal 0.000000e+00 0.000000e+00 1.000000e+00
      outer loop
         vertex 1.755314e+02 2.051553e+02 -1.120000e+02
         vertex 2.222074e+02 -1.533750e+02 -1.120000e+02
         vertex 2.346011e+02 -1.336501e+02 -1.120000e+02
      endloop
   endfacet
   facet normal 0.000000e+00 0.000000e+00 1.000000e+00
      outer loop
         vertex 1.571940e+02 2.195223e+02 -1.120000e+02
         vertex 1.571940e+02 -2.195223e+02 -1.120000e+02
         vertex 1.755314e+02 2.051553e+02 -1.120000e+02
      endloop
   endfacet
   facet normal 0.000000e+00 0.000000e+00 1.000000e+00
      outer loop
         vertex 1.755314e+02 2.051553e+02 -1.120000e+02
         vertex 1.571940e+02 -2.195223e+02 -1.120000e+02
         vertex 1.755314e+02 -2.051553e+02 -1.120000e+02
      endloop
   endfacet
   facet normal 0.000000e+00 0.000000e+00 1.000000e+00
      outer loop
         vertex 1.755314e+02 2.051553e+02 -1.120000e+02
         vertex 1.755314e+02 -2.051553e+02 -1.120000e+02
         vertex 1.925623e+02 -1.892612e+02 -1.120000e+02
      endloop
   endfacet
   facet normal 0.000000e+00 -0.000000e+00 1.000000e+00
      outer loop
         vertex 2.346011e+02 -1.336501e+02 -1.120000e+02
         vertex 2.452483e+02 -1.129303e+02 -1.120000e+02
         vertex 1.755314e+02 2.051553e+02 -1.120000e+02
      endloop
   endfacet
   facet normal 0.000000e+00 0.000000e+00 1.000000e+00
      outer loop
         vertex 1.755314e+02 2.051553e+02 -1.120000e+02
         vertex 2.452483e+02 -1.129303e+02 -1.120000e+02
         vertex 2.540700e+02 -9.136987e+01 -1.120000e+02
      endloop
   endfacet
   facet normal 0.000000e+00 0.000000e+00 1.000000e+00
      outer loop
         vertex 1.755314e+02 2.051553e+02 -1.120000e+02
         vertex 2.540700e+02 -9.136987e+01 -1.120000e+02
         vertex 2.610003e+02 -6.912928e+01 -1.120000e+02
      endloop
   endfacet
   facet normal 0.000000e+00 -0.000000e+00 1.000000e+00
      outer loop
         vertex 2.610003e+02 -6.912928e+01 -1.120000e+02
         vertex 2.659877e+02 -4.637408e+01 -1.120000e+02
         vertex 1.755314e+02 2.051553e+02 -1.120000e+02
      endloop
   endfacet
   facet normal 0.000000e+00 0.000000e+00 1.000000e+00
      outer loop
         vertex 1.755314e+02 2.051553e+02 -1.120000e+02
         vertex 2.659877e+02 -4.637408e+01 -1.120000e+02
         vertex 2.689950e+02 -2.327367e+01 -1.120000e+02
      endloop
   endfacet
   facet normal 0.000000e+00 0.000000e+00 1.000000e+00
      outer loop
         vertex 1.755314e+02 2.051553e+02 -1.120000e+02
         vertex 2.689950e+02 -2.327367e+01 -1.120000e+02
         vertex 2.700000e+02 2.710367e-13 -1.120000e+02
      endloop
   endfacet
   facet normal 0.000000e+00 0.000000e+00 1.000000e+00
      outer loop
         vertex 2.700000e+02 2.710367e-13 -1.120000e+02
         vertex 2.689950e+02 2.327367e+01 -1.120000e+02
         vertex 1.755314e+02 2.051553e+02 -1.120000e+02
      endloop
   endfacet
   facet normal 0.000000e+00 0.000000e+00 1.000000e+00
      outer loop
         vertex 1.755314e+02 2.051553e+02 -1.120000e+02
         vertex 2.689950e+02 2.327367e+01 -1.120000e+02
         vertex 2.659877e+02 4.637408e+01 -1.120000e+02
      endloop
   endfacet
   facet normal 0.000000e+00 0.000000e+00 1.000000e+00
      outer loop
         vertex 1.755314e+02 2.051553e+02 -1.120000e+02
         vertex 2.659877e+02 4.637408e+01 -1.120000e+02
         vertex 2.610003e+02 6.912928e+01 -1.120000e+02
      endloop
   endfacet
   facet normal 0.000000e+00 0.000000e+00 1.000000e+00
      outer loop
         vertex 2.346011e+02 1.336501e+02 -1.120000e+02
         vertex 2.222074e+02 1.533750e+02 -1.120000e+02
         vertex 1.755314e+02 2.051553e+02 -1.120000e+02
      endloop
   endfacet
   facet normal 0.000000e+00 0.000000e+00 1.000000e+00
      outer loop
         vertex 1.755314e+02 2.051553e+02 -1.120000e+02
         vertex 2.222074e+02 1.533750e+02 -1.120000e+02
         vertex 2.081596e+02 1.719581e+02 -1.120000e+02
      endloop
   endfacet
   facet normal 0.000000e+00 0.000000e+00 1.000000e+00
      outer loop
         vertex 1.755314e+02 2.051553e+02 -1.120000e+02
         vertex 2.081596e+02 1.719581e+02 -1.120000e+02
         vertex 1.925623e+02 1.892612e+02 -1.120000e+02
      endloop
   endfacet
   facet normal 0.000000e+00 0.000000e+00 1.000000e+00
      outer loop
         vertex 2.610003e+02 6.912928e+01 -1.120000e+02
         vertex 2.540700e+02 9.136987e+01 -1.120000e+02
         vertex 1.755314e+02 2.051553e+02 -1.120000e+02
      endloop
   endfacet
   facet normal 0.000000e+00 0.000000e+00 1.000000e+00
      outer loop
         vertex 1.755314e+02 2.051553e+02 -1.120000e+02
         vertex 2.540700e+02 9.136987e+01 -1.120000e+02
         vertex 2.452483e+02 1.129303e+02 -1.120000e+02
      endloop
   endfacet
   facet normal 0.000000e+00 0.000000e+00 1.000000e+00
      outer loop
         vertex 1.755314e+02 2.051553e+02 -1.120000e+02
         vertex 2.452483e+02 1.129303e+02 -1.120000e+02
         vertex 2.346011e+02 1.336501e+02 -1.120000e+02
      endloop
   endfacet
   facet normal -5.200396e-01 7.516689e-01 4.056509e-01
      outer loop
         vertex -1.571940e+02 2.195223e+02 -1.120000e+02
         vertex -1.500000e+02 2.244994e+02 -1.120000e+02
         vertex -1.500000e+02 2.460861e+02 -1.520000e+02
      endloop
   endfacet
   facet normal -5.022428e-01 7.592451e-01 4.138829e-01
      outer loop
         vertex -1.500000e+02 2.460861e+02 -1.520000e+02
         vertex -1.677891e+02 2.343186e+02 -1.520000e+02
         vertex -1.571940e+02 2.195223e+02 -1.120000e+02
      endloop
   endfacet
   facet normal -5.340895e-01 7.370612e-01 4.141125e-01
      outer loop
         vertex -1.571940e+02 2.195223e+02 -1.120000e+02
         vertex -1.677891e+02 2.343186e+02 -1.520000e+02
         vertex -1.704163e+02 2.324149e+02 -1.520000e+02
      endloop
   endfacet
   facet normal -5.608087e-01 7.157950e-01 4.160903e-01
      outer loop
         vertex -1.571940e+02 2.195223e+02 -1.120000e+02
         vertex -1.704163e+02 2.324149e+02 -1.520000e+02
         vertex -1.755314e+02 2.051553e+02 -1.120000e+02
      endloop
   endfacet
   facet normal -5.654568e-01 7.134180e-01 4.138760e-01
      outer loop
         vertex -1.704163e+02 2.324149e+02 -1.520000e+02
         vertex -1.873626e+02 2.189832e+02 -1.520000e+02
         vertex -1.755314e+02 2.051553e+02 -1.120000e+02
      endloop
   endfacet
   facet normal -5.952841e-01 6.885834e-01 4.141131e-01
      outer loop
         vertex -1.755314e+02 2.051553e+02 -1.120000e+02
         vertex -1.873626e+02 2.189832e+02 -1.520000e+02
         vertex -1.895938e+02 2.170543e+02 -1.520000e+02
      endloop
   endfacet
   facet normal -6.204785e-01 6.648497e-01 4.159102e-01
      outer loop
         vertex -1.755314e+02 2.051553e+02 -1.120000e+02
         vertex -1.895938e+02 2.170543e+02 -1.520000e+02
         vertex -1.925623e+02 1.892612e+02 -1.120000e+02
      endloop
   endfacet
   facet normal -6.245103e-01 6.623434e-01 4.138696e-01
      outer loop
         vertex -1.895938e+02 2.170543e+02 -1.520000e+02
         vertex -2.055413e+02 2.020177e+02 -1.520000e+02
         vertex -1.925623e+02 1.892612e+02 -1.120000e+02
      endloop
   endfacet
   facet normal -6.521004e-01 6.350391e-01 4.141141e-01
      outer loop
         vertex -1.925623e+02 1.892612e+02 -1.120000e+02
         vertex -2.055413e+02 2.020177e+02 -1.520000e+02
         vertex -2.073932e+02 2.001160e+02 -1.520000e+02
      endloop
   endfacet
   facet normal -6.755414e-01 6.089471e-01 4.157249e-01
      outer loop
         vertex -1.925623e+02 1.892612e+02 -1.120000e+02
         vertex -2.073932e+02 2.001160e+02 -1.520000e+02
         vertex -2.081596e+02 1.719581e+02 -1.120000e+02
      endloop
   endfacet
   facet normal -6.789713e-01 6.063955e-01 4.138629e-01
      outer loop
         vertex -2.073932e+02 2.001160e+02 -1.520000e+02
         vertex -2.221899e+02 1.835484e+02 -1.520000e+02
         vertex -2.081596e+02 1.719581e+02 -1.120000e+02
      endloop
   endfacet
   facet normal -7.041150e-01 5.768283e-01 4.141150e-01
      outer loop
         vertex -2.081596e+02 1.719581e+02 -1.120000e+02
         vertex -2.221899e+02 1.835484e+02 -1.520000e+02
         vertex -2.236852e+02 1.817232e+02 -1.520000e+02
      endloop
   endfacet
   facet normal -7.255868e-01 5.485027e-01 4.155340e-01
      outer loop
         vertex -2.081596e+02 1.719581e+02 -1.120000e+02
         vertex -2.236852e+02 1.817232e+02 -1.520000e+02
         vertex -2.222074e+02 1.533750e+02 -1.120000e+02
      endloop
   endfacet
   facet normal -7.284385e-01 5.459861e-01 4.138558e-01
      outer loop
         vertex -2.236852e+02 1.817232e+02 -1.520000e+02
         vertex -2.371846e+02 1.637127e+02 -1.520000e+02
         vertex -2.222074e+02 1.533750e+02 -1.120000e+02
      endloop
   endfacet
   facet normal -7.509516e-01 5.143736e-01 4.141153e-01
      outer loop
         vertex -2.222074e+02 1.533750e+02 -1.120000e+02
         vertex -2.371846e+02 1.637127e+02 -1.520000e+02
         vertex -2.383513e+02 1.620094e+02 -1.520000e+02
      endloop
   endfacet
   facet normal -7.702430e-01 4.839637e-01 4.153370e-01
      outer loop
         vertex -2.222074e+02 1.533750e+02 -1.120000e+02
         vertex -2.383513e+02 1.620094e+02 -1.520000e+02
         vertex -2.346011e+02 1.336501e+02 -1.120000e+02
      endloop
   endfacet
   facet normal -7.725461e-01 4.815612e-01 4.138495e-01
      outer loop
         vertex -2.383513e+02 1.620094e+02 -1.520000e+02
         vertex -2.504136e+02 1.426584e+02 -1.520000e+02
         vertex -2.346011e+02 1.336501e+02 -1.120000e+02
      endloop
   endfacet
   facet normal -7.922671e-01 4.481297e-01 4.141166e-01
      outer loop
         vertex -2.346011e+02 1.336501e+02 -1.120000e+02
         vertex -2.504136e+02 1.426584e+02 -1.520000e+02
         vertex -2.512849e+02 1.411180e+02 -1.520000e+02
      endloop
   endfacet
   facet normal -8.091749e-01 4.158113e-01 4.151349e-01
      outer loop
         vertex -2.346011e+02 1.336501e+02 -1.120000e+02
         vertex -2.512849e+02 1.411180e+02 -1.520000e+02
         vertex -2.452483e+02 1.129303e+02 -1.120000e+02
      endloop
   endfacet
   facet normal -8.109725e-01 4.135918e-01 4.138421e-01
      outer loop
         vertex -2.512849e+02 1.411180e+02 -1.520000e+02
         vertex -2.617785e+02 1.205420e+02 -1.520000e+02
         vertex -2.452483e+02 1.129303e+02 -1.120000e+02
      endloop
   endfacet
   facet normal -8.277494e-01 3.786005e-01 4.141167e-01
      outer loop
         vertex -2.452483e+02 1.129303e+02 -1.120000e+02
         vertex -2.617785e+02 1.205420e+02 -1.520000e+02
         vertex -2.623919e+02 1.192009e+02 -1.520000e+02
      endloop
   endfacet
   facet normal -8.420938e-01 3.445492e-01 4.149264e-01
      outer loop
         vertex -2.452483e+02 1.129303e+02 -1.120000e+02
         vertex -2.623919e+02 1.192009e+02 -1.520000e+02
         vertex -2.540700e+02 9.136987e+01 -1.120000e+02
      endloop
   endfacet
   facet normal -8.434329e-01 3.425805e-01 4.138352e-01
      outer loop
         vertex -2.623919e+02 1.192009e+02 -1.520000e+02
         vertex -2.711948e+02 9.752838e+01 -1.520000e+02
         vertex -2.540700e+02 9.136987e+01 -1.120000e+02
      endloop
   endfacet
   facet normal -8.571488e-01 3.062724e-01 4.141172e-01
      outer loop
         vertex -2.540700e+02 9.136987e+01 -1.120000e+02
         vertex -2.711948e+02 9.752838e+01 -1.520000e+02
         vertex -2.715917e+02 9.641741e+01 -1.520000e+02
      endloop
   endfacet
   facet normal -8.687521e-01 2.707091e-01 4.147123e-01
      outer loop
         vertex -2.540700e+02 9.136987e+01 -1.120000e+02
         vertex -2.715917e+02 9.641741e+01 -1.520000e+02
         vertex -2.610003e+02 6.912928e+01 -1.120000e+02
      endloop
   endfacet
   facet normal -8.696888e-01 2.690495e-01 4.138281e-01
      outer loop
         vertex -2.715917e+02 9.641741e+01 -1.520000e+02
         vertex -2.785922e+02 7.378872e+01 -1.520000e+02
         vertex -2.610003e+02 6.912928e+01 -1.120000e+02
      endloop
   endfacet
   facet normal -8.802437e-01 2.316842e-01 4.141176e-01
      outer loop
         vertex -2.610003e+02 6.912928e+01 -1.120000e+02
         vertex -2.785922e+02 7.378872e+01 -1.520000e+02
         vertex -2.788174e+02 7.293306e+01 -1.520000e+02
      endloop
   endfacet
   facet normal -8.889515e-01 1.948366e-01 4.144923e-01
      outer loop
         vertex -2.610003e+02 6.912928e+01 -1.120000e+02
         vertex -2.788174e+02 7.293306e+01 -1.520000e+02
         vertex -2.659877e+02 4.637408e+01 -1.120000e+02
      endloop
   endfacet
   facet normal -8.895478e-01 1.935376e-01 4.138210e-01
      outer loop
         vertex -2.788174e+02 7.293306e+01 -1.520000e+02
         vertex -2.839158e+02 4.949978e+01 -1.520000e+02
         vertex -2.659877e+02 4.637408e+01 -1.120000e+02
      endloop
   endfacet
   facet normal -8.968611e-01 1.553910e-01 4.141180e-01
      outer loop
         vertex -2.659877e+02 4.637408e+01 -1.120000e+02
         vertex -2.839158e+02 4.949978e+01 -1.520000e+02
         vertex -2.840165e+02 4.891856e+01 -1.520000e+02
      endloop
   endfacet
   facet normal -9.025392e-01 1.174992e-01 4.142668e-01
      outer loop
         vertex -2.659877e+02 4.637408e+01 -1.120000e+02
         vertex -2.840165e+02 4.891856e+01 -1.520000e+02
         vertex -2.689950e+02 2.327367e+01 -1.120000e+02
      endloop
   endfacet
   facet normal -9.028635e-01 1.166019e-01 4.138134e-01
      outer loop
         vertex -2.840165e+02 4.891856e+01 -1.520000e+02
         vertex -2.871258e+02 2.484235e+01 -1.520000e+02
         vertex -2.689950e+02 2.327367e+01 -1.120000e+02
      endloop
   endfacet
   facet normal -9.095211e-01 3.927247e-02 4.137984e-01
      outer loop
         vertex -2.689950e+02 2.327367e+01 -1.120000e+02
         vertex -2.871258e+02 2.484235e+01 -1.520000e+02
         vertex -2.881985e+02 -8.510370e-14 -1.520000e+02
      endloop
   endfacet
   facet normal -9.095212e-01 3.927341e-02 4.137979e-01
      outer loop
         vertex -2.689950e+02 2.327367e+01 -1.120000e+02
         vertex -2.881985e+02 -8.510370e-14 -1.520000e+02
         vertex -2.700000e+02 -8.510370e-14 -1.120000e+02
      endloop
   endfacet
   facet normal -9.095213e-01 -3.927248e-02 4.137979e-01
      outer loop
         vertex -2.700000e+02 -8.510370e-14 -1.120000e+02
         vertex -2.881985e+02 -8.510370e-14 -1.520000e+02
         vertex -2.871258e+02 -2.484235e+01 -1.520000e+02
      endloop
   endfacet
   facet normal -9.095210e-01 -3.927340e-02 4.137984e-01
      outer loop
         vertex -2.700000e+02 -8.510370e-14 -1.120000e+02
         vertex -2.871258e+02 -2.484235e+01 -1.520000e+02
         vertex -2.689950e+02 -2.327367e+01 -1.120000e+02
      endloop
   endfacet
   facet normal -9.028635e-01 -1.166019e-01 4.138134e-01
      outer loop
         vertex -2.689950e+02 -2.327367e+01 -1.120000e+02
         vertex -2.871258e+02 -2.484235e+01 -1.520000e+02
         vertex -2.840165e+02 -4.891856e+01 -1.520000e+02
      endloop
   endfacet
   facet normal -9.025392e-01 -1.174992e-01 4.142668e-01
      outer loop
         vertex -2.689950e+02 -2.327367e+01 -1.120000e+02
         vertex -2.840165e+02 -4.891856e+01 -1.520000e+02
         vertex -2.659877e+02 -4.637408e+01 -1.120000e+02
      endloop
   endfacet
   facet normal -8.968611e-01 -1.553910e-01 4.141180e-01
      outer loop
         vertex -2.840165e+02 -4.891856e+01 -1.520000e+02
         vertex -2.839158e+02 -4.949978e+01 -1.520000e+02
         vertex -2.659877e+02 -4.637408e+01 -1.120000e+02
      endloop
   endfacet
   facet normal -8.895478e-01 -1.935376e-01 4.138210e-01
      outer loop
         vertex -2.659877e+02 -4.637408e+01 -1.120000e+02
         vertex -2.839158e+02 -4.949978e+01 -1.520000e+02
         vertex -2.788174e+02 -7.293306e+01 -1.520000e+02
      endloop
   endfacet
   facet normal -8.889515e-01 -1.948366e-01 4.144923e-01
      outer loop
         vertex -2.659877e+02 -4.637408e+01 -1.120000e+02
         vertex -2.788174e+02 -7.293306e+01 -1.520000e+02
         vertex -2.610003e+02 -6.912928e+01 -1.120000e+02
      endloop
   endfacet
   facet normal -8.802437e-01 -2.316842e-01 4.141176e-01
      outer loop
         vertex -2.788174e+02 -7.293306e+01 -1.520000e+02
         vertex -2.785922e+02 -7.378872e+01 -1.520000e+02
         vertex -2.610003e+02 -6.912928e+01 -1.120000e+02
      endloop
   endfacet
   facet normal -8.696888e-01 -2.690495e-01 4.138281e-01
      outer loop
         vertex -2.610003e+02 -6.912928e+01 -1.120000e+02
         vertex -2.785922e+02 -7.378872e+01 -1.520000e+02
         vertex -2.715917e+02 -9.641741e+01 -1.520000e+02
      endloop
   endfacet
   facet normal -8.687521e-01 -2.707091e-01 4.147123e-01
      outer loop
         vertex -2.610003e+02 -6.912928e+01 -1.120000e+02
         vertex -2.715917e+02 -9.641741e+01 -1.520000e+02
         vertex -2.540700e+02 -9.136987e+01 -1.120000e+02
      endloop
   endfacet
   facet normal -8.571488e-01 -3.062724e-01 4.141172e-01
      outer loop
         vertex -2.715917e+02 -9.641741e+01 -1.520000e+02
         vertex -2.711948e+02 -9.752838e+01 -1.520000e+02
         vertex -2.540700e+02 -9.136987e+01 -1.120000e+02
      endloop
   endfacet
   facet normal -8.434329e-01 -3.425805e-01 4.138352e-01
      outer loop
         vertex -2.540700e+02 -9.136987e+01 -1.120000e+02
         vertex -2.711948e+02 -9.752838e+01 -1.520000e+02
         vertex -2.623919e+02 -1.192009e+02 -1.520000e+02
      endloop
   endfacet
   facet normal -8.420938e-01 -3.445492e-01 4.149264e-01
      outer loop
         vertex -2.540700e+02 -9.136987e+01 -1.120000e+02
         vertex -2.623919e+02 -1.192009e+02 -1.520000e+02
         vertex -2.452483e+02 -1.129303e+02 -1.120000e+02
      endloop
   endfacet
   facet normal -8.277494e-01 -3.786005e-01 4.141167e-01
      outer loop
         vertex -2.623919e+02 -1.192009e+02 -1.520000e+02
         vertex -2.617785e+02 -1.205420e+02 -1.520000e+02
         vertex -2.452483e+02 -1.129303e+02 -1.120000e+02
      endloop
   endfacet
   facet normal -8.109725e-01 -4.135918e-01 4.138421e-01
      outer loop
         vertex -2.452483e+02 -1.129303e+02 -1.120000e+02
         vertex -2.617785e+02 -1.205420e+02 -1.520000e+02
         vertex -2.512849e+02 -1.411180e+02 -1.520000e+02
      endloop
   endfacet
   facet normal -8.091749e-01 -4.158113e-01 4.151349e-01
      outer loop
         vertex -2.452483e+02 -1.129303e+02 -1.120000e+02
         vertex -2.512849e+02 -1.411180e+02 -1.520000e+02
         vertex -2.346011e+02 -1.336501e+02 -1.120000e+02
      endloop
   endfacet
   facet normal -7.922671e-01 -4.481297e-01 4.141166e-01
      outer loop
         vertex -2.512849e+02 -1.411180e+02 -1.520000e+02
         vertex -2.504136e+02 -1.426584e+02 -1.520000e+02
         vertex -2.346011e+02 -1.336501e+02 -1.120000e+02
      endloop
   endfacet
   facet normal -7.725461e-01 -4.815612e-01 4.138495e-01
      outer loop
         vertex -2.346011e+02 -1.336501e+02 -1.120000e+02
         vertex -2.504136e+02 -1.426584e+02 -1.520000e+02
         vertex -2.383513e+02 -1.620094e+02 -1.520000e+02
      endloop
   endfacet
   facet normal -7.702430e-01 -4.839637e-01 4.153370e-01
      outer loop
         vertex -2.346011e+02 -1.336501e+02 -1.120000e+02
         vertex -2.383513e+02 -1.620094e+02 -1.520000e+02
         vertex -2.222074e+02 -1.533750e+02 -1.120000e+02
      endloop
   endfacet
   facet normal -7.509516e-01 -5.143736e-01 4.141153e-01
      outer loop
         vertex -2.383513e+02 -1.620094e+02 -1.520000e+02
         vertex -2.371846e+02 -1.637127e+02 -1.520000e+02
         vertex -2.222074e+02 -1.533750e+02 -1.120000e+02
      endloop
   endfacet
   facet normal -7.284385e-01 -5.459861e-01 4.138558e-01
      outer loop
         vertex -2.222074e+02 -1.533750e+02 -1.120000e+02
         vertex -2.371846e+02 -1.637127e+02 -1.520000e+02
         vertex -2.236852e+02 -1.817232e+02 -1.520000e+02
      endloop
   endfacet
   facet normal -7.255868e-01 -5.485027e-01 4.155340e-01
      outer loop
         vertex -2.222074e+02 -1.533750e+02 -1.120000e+02
         vertex -2.236852e+02 -1.817232e+02 -1.520000e+02
         vertex -2.081596e+02 -1.719581e+02 -1.120000e+02
      endloop
   endfacet
   facet normal -7.041150e-01 -5.768283e-01 4.141150e-01
      outer loop
         vertex -2.236852e+02 -1.817232e+02 -1.520000e+02
         vertex -2.221899e+02 -1.835484e+02 -1.520000e+02
         vertex -2.081596e+02 -1.719581e+02 -1.120000e+02
      endloop
   endfacet
   facet normal -6.789713e-01 -6.063955e-01 4.138629e-01
      outer loop
         vertex -2.081596e+02 -1.719581e+02 -1.120000e+02
         vertex -2.221899e+02 -1.835484e+02 -1.520000e+02
         vertex -2.073932e+02 -2.001160e+02 -1.520000e+02
      endloop
   endfacet
   facet normal -6.755414e-01 -6.089471e-01 4.157249e-01
      outer loop
         vertex -2.081596e+02 -1.719581e+02 -1.120000e+02
         vertex -2.073932e+02 -2.001160e+02 -1.520000e+02
         vertex -1.925623e+02 -1.892612e+02 -1.120000e+02
      endloop
   endfacet
   facet normal -6.521004e-01 -6.350391e-01 4.141141e-01
      outer loop
         vertex -2.073932e+02 -2.001160e+02 -1.520000e+02
         vertex -2.055413e+02 -2.020177e+02 -1.520000e+02
         vertex -1.925623e+02 -1.892612e+02 -1.120000e+02
      endloop
   endfacet
   facet normal -6.245103e-01 -6.623434e-01 4.138696e-01
      outer loop
         vertex -1.925623e+02 -1.892612e+02 -1.120000e+02
         vertex -2.055413e+02 -2.020177e+02 -1.520000e+02
         vertex -1.895938e+02 -2.170543e+02 -1.520000e+02
      endloop
   endfacet
   facet normal -6.204785e-01 -6.648497e-01 4.159102e-01
      outer loop
         vertex -1.925623e+02 -1.892612e+02 -1.120000e+02
         vertex -1.895938e+02 -2.170543e+02 -1.520000e+02
         vertex -1.755314e+02 -2.051553e+02 -1.120000e+02
      endloop
   endfacet
   facet normal -5.031020e-01 -7.605440e-01 4.104404e-01
      outer loop
         vertex -1.500000e+02 -2.460861e+02 -1.520000e+02
         vertex -1.500000e+02 -2.244994e+02 -1.120000e+02
         vertex -1.677891e+02 -2.343186e+02 -1.520000e+02
      endloop
   endfacet
   facet normal -5.178865e-01 -7.485568e-01 4.140729e-01
      outer loop
         vertex -1.677891e+02 -2.343186e+02 -1.520000e+02
         vertex -1.500000e+02 -2.244994e+02 -1.120000e+02
         vertex -1.571940e+02 -2.195223e+02 -1.120000e+02
      endloop
   endfacet
   facet normal -5.340895e-01 -7.370612e-01 4.141125e-01
      outer loop
         vertex -1.677891e+02 -2.343186e+02 -1.520000e+02
         vertex -1.571940e+02 -2.195223e+02 -1.120000e+02
         vertex -1.704163e+02 -2.324149e+02 -1.520000e+02
      endloop
   endfacet
   facet normal -5.608087e-01 -7.157950e-01 4.160903e-01
      outer loop
         vertex -1.704163e+02 -2.324149e+02 -1.520000e+02
         vertex -1.571940e+02 -2.195223e+02 -1.120000e+02
         vertex -1.755314e+02 -2.051553e+02 -1.120000e+02
      endloop
   endfacet
   facet normal -5.654568e-01 -7.134180e-01 4.138760e-01
      outer loop
         vertex -1.704163e+02 -2.324149e+02 -1.520000e+02
         vertex -1.755314e+02 -2.051553e+02 -1.120000e+02
         vertex -1.873626e+02 -2.189832e+02 -1.520000e+02
      endloop
   endfacet
   facet normal -5.952841e-01 -6.885834e-01 4.141131e-01
      outer loop
         vertex -1.873626e+02 -2.189832e+02 -1.520000e+02
         vertex -1.755314e+02 -2.051553e+02 -1.120000e+02
         vertex -1.895938e+02 -2.170543e+02 -1.520000e+02
      endloop
   endfacet
   facet normal 9.853200e-01 1.707175e-01 2.942677e-07
      outer loop
         vertex 2.839158e+02 4.949978e+01 -1.520000e+02
         vertex 2.840165e+02 4.891856e+01 -1.520000e+02
         vertex 2.840165e+02 4.891863e+01 -1.909017e+02
      endloop
   endfacet
   facet normal 5.498070e-01 8.352917e-01 -0.000000e+00
      outer loop
         vertex 1.500000e+02 2.460861e+02 -2.120000e+02
         vertex 1.500000e+02 2.460861e+02 -1.520000e+02
         vertex 1.667159e+02 2.350833e+02 -2.235283e+02
      endloop
   endfacet
   facet normal 5.517149e-01 8.340325e-01 6.395585e-04
      outer loop
         vertex 1.667159e+02 2.350833e+02 -2.235283e+02
         vertex 1.500000e+02 2.460861e+02 -1.520000e+02
         vertex 1.677891e+02 2.343186e+02 -1.520000e+02
      endloop
   endfacet
   facet normal 5.848367e-01 8.111510e-01 -1.020423e-04
      outer loop
         vertex 1.667159e+02 2.350833e+02 -2.235283e+02
         vertex 1.677891e+02 2.343186e+02 -1.520000e+02
         vertex 1.703990e+02 2.324276e+02 -2.260682e+02
      endloop
   endfacet
   facet normal 5.867660e-01 8.097565e-01 1.537934e-06
      outer loop
         vertex 1.703990e+02 2.324276e+02 -2.260682e+02
         vertex 1.677891e+02 2.343186e+02 -1.520000e+02
         vertex 1.704163e+02 2.324149e+02 -1.520000e+02
      endloop
   endfacet
   facet normal 6.127976e-01 7.902399e-01 -7.874501e-06
      outer loop
         vertex 1.703990e+02 2.324276e+02 -2.260682e+02
         vertex 1.704163e+02 2.324149e+02 -1.520000e+02
         vertex 1.826889e+02 2.228971e+02 -2.345441e+02
      endloop
   endfacet
   facet normal 6.211524e-01 7.836873e-01 1.989867e-03
      outer loop
         vertex 1.826889e+02 2.228971e+02 -2.345441e+02
         vertex 1.704163e+02 2.324149e+02 -1.520000e+02
         vertex 1.873626e+02 2.189832e+02 -1.520000e+02
      endloop
   endfacet
   facet normal 6.457709e-01 7.635311e-01 -3.597767e-04
      outer loop
         vertex 1.826889e+02 2.228971e+02 -2.345441e+02
         vertex 1.873626e+02 2.189832e+02 -1.520000e+02
         vertex 1.895699e+02 2.170752e+02 -2.392896e+02
      endloop
   endfacet
   facet normal 6.539964e-01 7.564977e-01 1.962652e-06
      outer loop
         vertex 1.895699e+02 2.170752e+02 -2.392896e+02
         vertex 1.873626e+02 2.189832e+02 -1.520000e+02
         vertex 1.895938e+02 2.170543e+02 -1.520000e+02
      endloop
   endfacet
   facet normal 6.719313e-01 7.406135e-01 -6.744131e-06
      outer loop
         vertex 1.895699e+02 2.170752e+02 -2.392896e+02
         vertex 1.895938e+02 2.170543e+02 -1.520000e+02
         vertex 1.976610e+02 2.097344e+02 -2.448696e+02
      endloop
   endfacet
   facet normal 6.860199e-01 7.275793e-01 2.244411e-03
      outer loop
         vertex 1.976610e+02 2.097344e+02 -2.448696e+02
         vertex 1.895938e+02 2.170543e+02 -1.520000e+02
         vertex 2.055413e+02 2.020177e+02 -1.520000e+02
      endloop
   endfacet
   facet normal 7.027194e-01 7.114669e-01 -5.114060e-04
      outer loop
         vertex 1.976610e+02 2.097344e+02 -2.448696e+02
         vertex 2.055413e+02 2.020177e+02 -1.520000e+02
         vertex 2.073738e+02 2.001362e+02 -2.515681e+02
      endloop
   endfacet
   facet normal 7.164167e-01 6.976726e-01 1.348203e-06
      outer loop
         vertex 2.073738e+02 2.001362e+02 -2.515681e+02
         vertex 2.055413e+02 2.020177e+02 -1.520000e+02
         vertex 2.073932e+02 2.001160e+02 -1.520000e+02
      endloop
   endfacet
   facet normal 7.268862e-01 6.867579e-01 -2.909832e-06
      outer loop
         vertex 2.073738e+02 2.001362e+02 -2.515681e+02
         vertex 2.073932e+02 2.001160e+02 -1.520000e+02
         vertex 2.115778e+02 1.956865e+02 -2.544674e+02
      endloop
   endfacet
   facet normal 7.458432e-01 6.661194e-01 1.663430e-03
      outer loop
         vertex 2.115778e+02 1.956865e+02 -2.544674e+02
         vertex 2.073932e+02 2.001160e+02 -1.520000e+02
         vertex 2.221899e+02 1.835484e+02 -1.520000e+02
      endloop
   endfacet
   facet normal 7.553473e-01 6.553244e-01 -5.996317e-04
      outer loop
         vertex 2.115778e+02 1.956865e+02 -2.544674e+02
         vertex 2.221899e+02 1.835484e+02 -1.520000e+02
         vertex 2.236807e+02 1.817287e+02 -2.628143e+02
      endloop
   endfacet
   facet normal 7.735618e-01 6.337209e-01 1.445881e-07
      outer loop
         vertex 2.236807e+02 1.817287e+02 -2.628143e+02
         vertex 2.221899e+02 1.835484e+02 -1.520000e+02
         vertex 2.236852e+02 1.817232e+02 -1.520000e+02
      endloop
   endfacet
   facet normal 7.773732e-01 6.290396e-01 -2.471585e-07
      outer loop
         vertex 2.236807e+02 1.817287e+02 -2.628143e+02
         vertex 2.236852e+02 1.817232e+02 -1.520000e+02
         vertex 2.243961e+02 1.808446e+02 -2.633076e+02
      endloop
   endfacet
   facet normal 8.001806e-01 5.997589e-01 3.765102e-04
      outer loop
         vertex 2.243961e+02 1.808446e+02 -2.633076e+02
         vertex 2.236852e+02 1.817232e+02 -1.520000e+02
         vertex 2.371846e+02 1.637127e+02 -1.520000e+02
      endloop
   endfacet
   facet normal 8.955732e-01 4.448607e-01 6.907357e-03
      outer loop
         vertex 2.512849e+02 1.411180e+02 -1.520000e+02
         vertex 2.595071e+02 1.253573e+02 -2.029993e+02
         vertex 2.590673e+02 1.262636e+02 -2.043523e+02
      endloop
   endfacet
   facet normal 8.941059e-01 4.478173e-01 5.850330e-03
      outer loop
         vertex 2.590673e+02 1.262636e+02 -2.043523e+02
         vertex 2.586410e+02 1.271347e+02 -2.058678e+02
         vertex 2.512849e+02 1.411180e+02 -1.520000e+02
      endloop
   endfacet
   facet normal 8.928316e-01 4.503626e-01 5.015579e-03
      outer loop
         vertex 2.512849e+02 1.411180e+02 -1.520000e+02
         vertex 2.586410e+02 1.271347e+02 -2.058678e+02
         vertex 2.583461e+02 1.277328e+02 -2.070865e+02
      endloop
   endfacet
   facet normal 8.917036e-01 4.525991e-01 4.327552e-03
      outer loop
         vertex 2.512849e+02 1.411180e+02 -1.520000e+02
         vertex 2.583461e+02 1.277328e+02 -2.070865e+02
         vertex 2.580506e+02 1.283288e+02 -2.085239e+02
      endloop
   endfacet
   facet normal 8.905545e-01 4.548617e-01 3.678055e-03
      outer loop
         vertex 2.580506e+02 1.283288e+02 -2.085239e+02
         vertex 2.578106e+02 1.288102e+02 -2.099534e+02
         vertex 2.512849e+02 1.411180e+02 -1.520000e+02
      endloop
   endfacet
   facet normal 8.897107e-01 4.565134e-01 3.232279e-03
      outer loop
         vertex 2.512849e+02 1.411180e+02 -1.520000e+02
         vertex 2.578106e+02 1.288102e+02 -2.099534e+02
         vertex 2.576993e+02 1.290328e+02 -2.107520e+02
      endloop
   endfacet
   facet normal 8.882825e-01 4.592908e-01 2.505038e-03
      outer loop
         vertex 2.512849e+02 1.411180e+02 -1.520000e+02
         vertex 2.576993e+02 1.290328e+02 -2.107520e+02
         vertex 2.574337e+02 1.295619e+02 -2.135714e+02
      endloop
   endfacet
   facet normal 8.849816e-01 4.656250e-01 9.865360e-04
      outer loop
         vertex 2.574337e+02 1.295619e+02 -2.135714e+02
         vertex 2.573617e+02 1.297048e+02 -2.164616e+02
         vertex 2.512849e+02 1.411180e+02 -1.520000e+02
      endloop
   endfacet
   facet normal 8.826706e-01 4.699922e-01 -4.549416e-06
      outer loop
         vertex 2.512849e+02 1.411180e+02 -1.520000e+02
         vertex 2.573617e+02 1.297048e+02 -2.164616e+02
         vertex 2.512722e+02 1.411406e+02 -2.818429e+02
      endloop
   endfacet
   facet normal 8.704091e-01 4.923291e-01 5.226232e-07
      outer loop
         vertex 2.512849e+02 1.411180e+02 -1.520000e+02
         vertex 2.512722e+02 1.411406e+02 -2.818429e+02
         vertex 2.504136e+02 1.426584e+02 -1.520000e+02
      endloop
   endfacet
   facet normal 8.638238e-01 5.037941e-01 -1.770391e-04
      outer loop
         vertex 2.504136e+02 1.426584e+02 -1.520000e+02
         vertex 2.512722e+02 1.411406e+02 -2.818429e+02
         vertex 2.465863e+02 1.491763e+02 -2.786113e+02
      endloop
   endfacet
   facet normal 8.486286e-01 5.289867e-01 1.579200e-03
      outer loop
         vertex 2.504136e+02 1.426584e+02 -1.520000e+02
         vertex 2.465863e+02 1.491763e+02 -2.786113e+02
         vertex 2.383513e+02 1.620094e+02 -1.520000e+02
      endloop
   endfacet
   facet normal 8.416006e-01 5.401004e-01 -4.394082e-06
      outer loop
         vertex 2.383513e+02 1.620094e+02 -1.520000e+02
         vertex 2.465863e+02 1.491763e+02 -2.786113e+02
         vertex 2.383400e+02 1.620260e+02 -2.729241e+02
      endloop
   endfacet
   facet normal 8.250181e-01 5.651064e-01 5.772747e-07
      outer loop
         vertex 2.383513e+02 1.620094e+02 -1.520000e+02
         vertex 2.383400e+02 1.620260e+02 -2.729241e+02
         vertex 2.371846e+02 1.637127e+02 -1.520000e+02
      endloop
   endfacet
   facet normal 8.230776e-01 5.679290e-01 -5.733550e-05
      outer loop
         vertex 2.371846e+02 1.637127e+02 -1.520000e+02
         vertex 2.383400e+02 1.620260e+02 -2.729241e+02
         vertex 2.360754e+02 1.653082e+02 -2.713623e+02
      endloop
   endfacet
   facet normal 7.994827e-01 6.006888e-01 5.998115e-04
      outer loop
         vertex 2.371846e+02 1.637127e+02 -1.520000e+02
         vertex 2.360754e+02 1.653082e+02 -2.713623e+02
         vertex 2.243961e+02 1.808446e+02 -2.633076e+02
      endloop
   endfacet
   facet normal 8.826598e-01 4.700124e-01 0.000000e+00
      outer loop
         vertex 2.573617e+02 1.297048e+02 -2.164616e+02
         vertex 2.573617e+02 1.297048e+02 -2.195740e+02
         vertex 2.512722e+02 1.411406e+02 -2.818429e+02
      endloop
   endfacet
   facet normal 8.826598e-01 4.700124e-01 0.000000e+00
      outer loop
         vertex 2.512722e+02 1.411406e+02 -2.818429e+02
         vertex 2.573617e+02 1.297048e+02 -2.195740e+02
         vertex 2.573617e+02 1.297048e+02 -2.229970e+02
      endloop
   endfacet
   facet normal 8.826598e-01 4.700124e-01 0.000000e+00
      outer loop
         vertex 2.512722e+02 1.411406e+02 -2.818429e+02
         vertex 2.573617e+02 1.297048e+02 -2.229970e+02
         vertex 2.573617e+02 1.297048e+02 -2.267564e+02
      endloop
   endfacet
   facet normal 8.826598e-01 4.700124e-01 0.000000e+00
      outer loop
         vertex 2.573617e+02 1.297048e+02 -2.267564e+02
         vertex 2.573617e+02 1.297048e+02 -2.308615e+02
         vertex 2.512722e+02 1.411406e+02 -2.818429e+02
      endloop
   endfacet
   facet normal 8.826598e-01 4.700124e-01 0.000000e+00
      outer loop
         vertex 2.512722e+02 1.411406e+02 -2.818429e+02
         vertex 2.573617e+02 1.297048e+02 -2.308615e+02
         vertex 2.573617e+02 1.297048e+02 -2.353165e+02
      endloop
   endfacet
   facet normal 8.795147e-01 4.758680e-01 1.850890e-03
      outer loop
         vertex 2.512722e+02 1.411406e+02 -2.818429e+02
         vertex 2.573617e+02 1.297048e+02 -2.353165e+02
         vertex 2.554522e+02 1.334261e+02 -2.847257e+02
      endloop
   endfacet
   facet normal 8.897107e-01 4.565248e-01 0.000000e+00
      outer loop
         vertex 2.554522e+02 1.334261e+02 -2.847257e+02
         vertex 2.573617e+02 1.297048e+02 -2.353165e+02
         vertex 2.573617e+02 1.297048e+02 -2.860426e+02
      endloop
   endfacet
   facet normal 9.271870e-01 3.745401e-01 6.626595e-03
      outer loop
         vertex 2.675311e+02 1.071703e+02 -1.910917e+02
         vertex 2.672785e+02 1.077988e+02 -1.912667e+02
         vertex 2.623919e+02 1.192009e+02 -1.520000e+02
      endloop
   endfacet
   facet normal 9.241778e-01 3.819405e-01 4.103210e-03
      outer loop
         vertex 2.623919e+02 1.192009e+02 -1.520000e+02
         vertex 2.672785e+02 1.077988e+02 -1.912667e+02
         vertex 2.656921e+02 1.116516e+02 -1.925972e+02
      endloop
   endfacet
   facet normal 9.190119e-01 3.942273e-01 1.398467e-03
      outer loop
         vertex 2.623919e+02 1.192009e+02 -1.520000e+02
         vertex 2.656921e+02 1.116516e+02 -1.925972e+02
         vertex 2.641497e+02 1.152534e+02 -1.942969e+02
      endloop
   endfacet
   facet normal 9.416905e-01 3.364804e-01 1.798022e-09
      outer loop
         vertex 2.715917e+02 9.641741e+01 -1.520000e+02
         vertex 2.715916e+02 9.641783e+01 -1.896837e+02
         vertex 2.711948e+02 9.752838e+01 -1.520000e+02
      endloop
   endfacet
   facet normal 9.408720e-01 3.387624e-01 -7.586686e-05
      outer loop
         vertex 2.711948e+02 9.752838e+01 -1.520000e+02
         vertex 2.715916e+02 9.641783e+01 -1.896837e+02
         vertex 2.707175e+02 9.884536e+01 -1.897523e+02
      endloop
   endfacet
   facet normal 9.264902e-01 3.763162e-01 1.415989e-03
      outer loop
         vertex 2.711948e+02 9.752838e+01 -1.520000e+02
         vertex 2.707175e+02 9.884536e+01 -1.897523e+02
         vertex 2.623919e+02 1.192009e+02 -1.520000e+02
      endloop
   endfacet
   facet normal 9.359243e-01 3.518044e-01 1.671302e-02
      outer loop
         vertex 2.623919e+02 1.192009e+02 -1.520000e+02
         vertex 2.707175e+02 9.884536e+01 -1.897523e+02
         vertex 2.691495e+02 1.030385e+02 -1.902077e+02
      endloop
   endfacet
   facet normal 9.303849e-01 3.664602e-01 9.533603e-03
      outer loop
         vertex 2.623919e+02 1.192009e+02 -1.520000e+02
         vertex 2.691495e+02 1.030385e+02 -1.902077e+02
         vertex 2.675311e+02 1.071703e+02 -1.910917e+02
      endloop
   endfacet
   facet normal 9.139827e-01 4.057531e-01 1.137573e-04
      outer loop
         vertex 2.641497e+02 1.152534e+02 -1.942969e+02
         vertex 2.626722e+02 1.185820e+02 -1.963603e+02
         vertex 2.623919e+02 1.192009e+02 -1.520000e+02
      endloop
   endfacet
   facet normal 9.109248e-01 4.125725e-01 -7.106884e-07
      outer loop
         vertex 2.623919e+02 1.192009e+02 -1.520000e+02
         vertex 2.626722e+02 1.185820e+02 -1.963603e+02
         vertex 2.623865e+02 1.192128e+02 -1.968172e+02
      endloop
   endfacet
   facet normal 9.093911e-01 4.159422e-01 3.695587e-07
      outer loop
         vertex 2.623919e+02 1.192009e+02 -1.520000e+02
         vertex 2.623865e+02 1.192128e+02 -1.968172e+02
         vertex 2.617785e+02 1.205420e+02 -1.520000e+02
      endloop
   endfacet
   facet normal 9.093239e-01 4.160890e-01 -4.894773e-06
      outer loop
         vertex 2.617785e+02 1.205420e+02 -1.520000e+02
         vertex 2.623865e+02 1.192128e+02 -1.968172e+02
         vertex 2.617412e+02 1.206230e+02 -1.979305e+02
      endloop
   endfacet
   facet normal 8.908373e-01 4.543225e-01 7.755150e-05
      outer loop
         vertex 2.617785e+02 1.205420e+02 -1.520000e+02
         vertex 2.617412e+02 1.206230e+02 -1.979305e+02
         vertex 2.512849e+02 1.411180e+02 -1.520000e+02
      endloop
   endfacet
   facet normal 9.015701e-01 4.324588e-01 1.227690e-02
      outer loop
         vertex 2.512849e+02 1.411180e+02 -1.520000e+02
         vertex 2.617412e+02 1.206230e+02 -1.979305e+02
         vertex 2.605493e+02 1.231764e+02 -2.003454e+02
      endloop
   endfacet
   facet normal 8.980053e-01 4.398959e-01 8.833785e-03
      outer loop
         vertex 2.512849e+02 1.411180e+02 -1.520000e+02
         vertex 2.605493e+02 1.231764e+02 -2.003454e+02
         vertex 2.595071e+02 1.253573e+02 -2.029993e+02
      endloop
   endfacet
   facet normal 9.553100e-01 2.955375e-01 6.363409e-03
      outer loop
         vertex 2.785922e+02 7.378872e+01 -1.520000e+02
         vertex 2.755768e+02 8.435539e+01 -1.900577e+02
         vertex 2.715917e+02 9.641741e+01 -1.520000e+02
      endloop
   endfacet
   facet normal 9.503441e-01 3.111998e-01 8.793850e-04
      outer loop
         vertex 2.715917e+02 9.641741e+01 -1.520000e+02
         vertex 2.755768e+02 8.435539e+01 -1.900577e+02
         vertex 2.720908e+02 9.500000e+01 -1.897091e+02
      endloop
   endfacet
   facet normal 9.432452e-01 3.320972e-01 -5.288094e-08
      outer loop
         vertex 2.715917e+02 9.641741e+01 -1.520000e+02
         vertex 2.720908e+02 9.500000e+01 -1.897091e+02
         vertex 2.715916e+02 9.641783e+01 -1.896837e+02
      endloop
   endfacet
   facet normal 9.827930e-01 1.847104e-01 -2.152861e-04
      outer loop
         vertex 2.840165e+02 4.891863e+01 -1.909017e+02
         vertex 2.823974e+02 5.753329e+01 -1.907397e+02
         vertex 2.839158e+02 4.949978e+01 -1.520000e+02
      endloop
   endfacet
   facet normal 9.779992e-01 2.085508e-01 4.916419e-03
      outer loop
         vertex 2.839158e+02 4.949978e+01 -1.520000e+02
         vertex 2.823974e+02 5.753329e+01 -1.907397e+02
         vertex 2.812890e+02 6.272884e+01 -1.906289e+02
      endloop
   endfacet
   facet normal 9.771206e-01 2.125907e-01 6.359680e-03
      outer loop
         vertex 2.839158e+02 4.949978e+01 -1.520000e+02
         vertex 2.812890e+02 6.272884e+01 -1.906289e+02
         vertex 2.788174e+02 7.293306e+01 -1.520000e+02
      endloop
   endfacet
   facet normal 9.718985e-01 2.354004e-01 1.370862e-07
      outer loop
         vertex 2.788174e+02 7.293306e+01 -1.520000e+02
         vertex 2.812890e+02 6.272884e+01 -1.906289e+02
         vertex 2.788174e+02 7.293308e+01 -1.903818e+02
      endloop
   endfacet
   facet normal 9.670634e-01 2.545356e-01 1.482296e-07
      outer loop
         vertex 2.788174e+02 7.293306e+01 -1.520000e+02
         vertex 2.788174e+02 7.293308e+01 -1.903818e+02
         vertex 2.785922e+02 7.378872e+01 -1.520000e+02
      endloop
   endfacet
   facet normal 9.671463e-01 2.542206e-01 7.656045e-06
      outer loop
         vertex 2.785922e+02 7.378872e+01 -1.520000e+02
         vertex 2.788174e+02 7.293308e+01 -1.903818e+02
         vertex 2.786429e+02 7.359691e+01 -1.903643e+02
      endloop
   endfacet
   facet normal 9.617048e-01 2.740873e-01 -9.886886e-05
      outer loop
         vertex 2.785922e+02 7.378872e+01 -1.520000e+02
         vertex 2.786429e+02 7.359691e+01 -1.903643e+02
         vertex 2.755768e+02 8.435539e+01 -1.900577e+02
      endloop
   endfacet
   facet normal 9.964316e-01 8.440411e-02 9.701278e-06
      outer loop
         vertex 2.871874e+02 2.411963e+01 -1.912187e+02
         vertex 2.871511e+02 2.454851e+01 -1.912151e+02
         vertex 2.871258e+02 2.484235e+01 -1.520000e+02
      endloop
   endfacet
   facet normal 9.945987e-01 1.037951e-01 -1.367798e-04
      outer loop
         vertex 2.871258e+02 2.484235e+01 -1.520000e+02
         vertex 2.871511e+02 2.454851e+01 -1.912151e+02
         vertex 2.860325e+02 3.526717e+01 -1.911033e+02
      endloop
   endfacet
   facet normal 9.917430e-01 1.280804e-01 6.417465e-03
      outer loop
         vertex 2.871258e+02 2.484235e+01 -1.520000e+02
         vertex 2.860325e+02 3.526717e+01 -1.911033e+02
         vertex 2.840165e+02 4.891856e+01 -1.520000e+02
      endloop
   endfacet
   facet normal 9.899082e-01 1.417013e-01 1.567683e-03
      outer loop
         vertex 2.840165e+02 4.891856e+01 -1.520000e+02
         vertex 2.860325e+02 3.526717e+01 -1.911033e+02
         vertex 2.844377e+02 4.640657e+01 -1.909438e+02
      endloop
   endfacet
   facet normal 9.862293e-01 1.653839e-01 2.850740e-07
      outer loop
         vertex 2.840165e+02 4.891856e+01 -1.520000e+02
         vertex 2.844377e+02 4.640657e+01 -1.909438e+02
         vertex 2.840165e+02 4.891863e+01 -1.909017e+02
      endloop
   endfacet
   facet normal 9.979270e-01 6.435560e-02 3.815057e-04
      outer loop
         vertex 2.871874e+02 2.411963e+01 -1.912187e+02
         vertex 2.871258e+02 2.484235e+01 -1.520000e+02
         vertex 2.879066e+02 1.296844e+01 -1.912907e+02
      endloop
   endfacet
   facet normal 9.990459e-01 4.313808e-02 6.815824e-03
      outer loop
         vertex 2.879066e+02 1.296844e+01 -1.912907e+02
         vertex 2.871258e+02 2.484235e+01 -1.520000e+02
         vertex 2.881985e+02 1.790901e-13 -1.520000e+02
      endloop
   endfacet
   facet normal 9.996703e-01 2.565477e-02 1.040573e-03
      outer loop
         vertex 2.879066e+02 1.296844e+01 -1.912907e+02
         vertex 2.881985e+02 1.790901e-13 -1.520000e+02
         vertex 2.881928e+02 1.817780e+00 -1.913193e+02
      endloop
   endfacet
   facet normal 9.990713e-01 -4.262704e-02 6.278280e-03
      outer loop
         vertex 2.871511e+02 -2.454850e+01 -1.520000e+02
         vertex 2.880475e+02 -9.328220e+00 -1.913048e+02
         vertex 2.881985e+02 1.790901e-13 -1.520000e+02
      endloop
   endfacet
   facet normal 9.998690e-01 -1.618622e-02 1.578558e-09
      outer loop
         vertex 2.881985e+02 1.790901e-13 -1.520000e+02
         vertex 2.880475e+02 -9.328220e+00 -1.913048e+02
         vertex 2.881985e+02 -3.834660e-06 -1.913198e+02
      endloop
   endfacet
   facet normal 9.999950e-01 3.147799e-03 -3.069885e-10
      outer loop
         vertex 2.881985e+02 1.790901e-13 -1.520000e+02
         vertex 2.881985e+02 -3.834660e-06 -1.913198e+02
         vertex 2.881928e+02 1.817780e+00 -1.913193e+02
      endloop
   endfacet
   facet normal 9.963221e-01 -8.568666e-02 9.767897e-08
      outer loop
         vertex 2.871258e+02 -2.484235e+01 -1.520000e+02
         vertex 2.871511e+02 -2.454854e+01 -1.912151e+02
         vertex 2.871511e+02 -2.454850e+01 -1.520000e+02
      endloop
   endfacet
   facet normal 9.969460e-01 -7.809382e-02 8.902347e-08
      outer loop
         vertex 2.871511e+02 -2.454850e+01 -1.520000e+02
         vertex 2.871511e+02 -2.454854e+01 -1.912151e+02
         vertex 2.874709e+02 -2.046548e+01 -1.912471e+02
      endloop
   endfacet
   facet normal 9.986596e-01 -5.168448e-02 2.761512e-03
      outer loop
         vertex 2.871511e+02 -2.454850e+01 -1.520000e+02
         vertex 2.874709e+02 -2.046548e+01 -1.912471e+02
         vertex 2.880475e+02 -9.328220e+00 -1.913048e+02
      endloop
   endfacet
   facet normal 9.917431e-01 -1.280805e-01 6.400433e-03
      outer loop
         vertex 2.840165e+02 -4.891856e+01 -1.520000e+02
         vertex 2.855861e+02 -3.871680e+01 -1.910586e+02
         vertex 2.871258e+02 -2.484235e+01 -1.520000e+02
      endloop
   endfacet
   facet normal 9.925298e-01 -1.219308e-01 4.184926e-03
      outer loop
         vertex 2.871258e+02 -2.484235e+01 -1.520000e+02
         vertex 2.855861e+02 -3.871680e+01 -1.910586e+02
         vertex 2.864619e+02 -3.158996e+01 -1.911462e+02
      endloop
   endfacet
   facet normal 9.952447e-01 -9.740620e-02 -8.840257e-05
      outer loop
         vertex 2.871258e+02 -2.484235e+01 -1.520000e+02
         vertex 2.864619e+02 -3.158996e+01 -1.911462e+02
         vertex 2.871511e+02 -2.454854e+01 -1.912151e+02
      endloop
   endfacet
   facet normal 9.771201e-01 -2.125906e-01 6.441499e-03
      outer loop
         vertex 2.788174e+02 -7.293306e+01 -1.520000e+02
         vertex 2.817165e+02 -6.077976e+01 -1.906716e+02
         vertex 2.839158e+02 -4.949978e+01 -1.520000e+02
      endloop
   endfacet
   facet normal 9.814197e-01 -1.918735e-01 1.540951e-04
      outer loop
         vertex 2.839158e+02 -4.949978e+01 -1.520000e+02
         vertex 2.817165e+02 -6.077976e+01 -1.906716e+02
         vertex 2.838639e+02 -4.979640e+01 -1.908864e+02
      endloop
   endfacet
   facet normal 9.853200e-01 -1.707175e-01 -1.248538e-05
      outer loop
         vertex 2.839158e+02 -4.949978e+01 -1.520000e+02
         vertex 2.838639e+02 -4.979640e+01 -1.908864e+02
         vertex 2.840165e+02 -4.891856e+01 -1.520000e+02
      endloop
   endfacet
   facet normal 9.852261e-01 -1.712586e-01 9.840012e-08
      outer loop
         vertex 2.840165e+02 -4.891856e+01 -1.520000e+02
         vertex 2.838639e+02 -4.979640e+01 -1.908864e+02
         vertex 2.840165e+02 -4.891859e+01 -1.909017e+02
      endloop
   endfacet
   facet normal 9.883703e-01 -1.520660e-01 8.737261e-08
      outer loop
         vertex 2.840165e+02 -4.891856e+01 -1.520000e+02
         vertex 2.840165e+02 -4.891859e+01 -1.909017e+02
         vertex 2.855861e+02 -3.871680e+01 -1.910586e+02
      endloop
   endfacet
   facet normal 9.527271e-01 -3.036919e-01 9.074013e-03
      outer loop
         vertex 2.753116e+02 -8.521692e+01 -1.900312e+02
         vertex 2.785922e+02 -7.378872e+01 -1.520000e+02
         vertex 2.737905e+02 -8.998423e+01 -1.898790e+02
      endloop
   endfacet
   facet normal 9.553161e-01 -2.955393e-01 5.260124e-03
      outer loop
         vertex 2.737905e+02 -8.998423e+01 -1.898790e+02
         vertex 2.785922e+02 -7.378872e+01 -1.520000e+02
         vertex 2.715917e+02 -9.641741e+01 -1.520000e+02
      endloop
   endfacet
   facet normal 9.474326e-01 -3.199546e-01 6.559469e-04
      outer loop
         vertex 2.737905e+02 -8.998423e+01 -1.898790e+02
         vertex 2.715917e+02 -9.641741e+01 -1.520000e+02
         vertex 2.722856e+02 -9.444006e+01 -1.897286e+02
      endloop
   endfacet
   facet normal 9.567885e-01 -2.907446e-01 4.833049e-03
      outer loop
         vertex 2.753116e+02 -8.521692e+01 -1.900312e+02
         vertex 2.761550e+02 -8.244272e+01 -1.901155e+02
         vertex 2.785922e+02 -7.378872e+01 -1.520000e+02
      endloop
   endfacet
   facet normal 9.629685e-01 -2.696137e-01 -3.598081e-04
      outer loop
         vertex 2.785922e+02 -7.378872e+01 -1.520000e+02
         vertex 2.761550e+02 -8.244272e+01 -1.901155e+02
         vertex 2.788174e+02 -7.293311e+01 -1.903818e+02
      endloop
   endfacet
   facet normal 9.670634e-01 -2.545356e-01 3.458691e-07
      outer loop
         vertex 2.785922e+02 -7.378872e+01 -1.520000e+02
         vertex 2.788174e+02 -7.293311e+01 -1.903818e+02
         vertex 2.788174e+02 -7.293306e+01 -1.520000e+02
      endloop
   endfacet
   facet normal 9.680265e-01 -2.508480e-01 3.408584e-07
      outer loop
         vertex 2.788174e+02 -7.293306e+01 -1.520000e+02
         vertex 2.788174e+02 -7.293311e+01 -1.903818e+02
         vertex 2.791465e+02 -7.166319e+01 -1.904147e+02
      endloop
   endfacet
   facet normal 9.732366e-01 -2.298043e-01 7.406079e-04
      outer loop
         vertex 2.788174e+02 -7.293306e+01 -1.520000e+02
         vertex 2.791465e+02 -7.166319e+01 -1.904147e+02
         vertex 2.817165e+02 -6.077976e+01 -1.906716e+02
      endloop
   endfacet
   facet normal 9.117335e-01 -4.107822e-01 -1.956185e-06
      outer loop
         vertex 2.623919e+02 -1.192009e+02 -1.520000e+02
         vertex 2.623818e+02 -1.192232e+02 -1.968249e+02
         vertex 2.631344e+02 -1.175528e+02 -1.956634e+02
      endloop
   endfacet
   facet normal 9.150250e-01 -4.033971e-01 3.327832e-04
      outer loop
         vertex 2.631344e+02 -1.175528e+02 -1.956634e+02
         vertex 2.643195e+02 -1.148633e+02 -1.940886e+02
         vertex 2.623919e+02 -1.192009e+02 -1.520000e+02
      endloop
   endfacet
   facet normal 9.194943e-01 -3.931001e-01 1.598690e-03
      outer loop
         vertex 2.623919e+02 -1.192009e+02 -1.520000e+02
         vertex 2.643195e+02 -1.148633e+02 -1.940886e+02
         vertex 2.658148e+02 -1.113591e+02 -1.924800e+02
      endloop
   endfacet
   facet normal 9.244778e-01 -3.812114e-01 4.323189e-03
      outer loop
         vertex 2.623919e+02 -1.192009e+02 -1.520000e+02
         vertex 2.658148e+02 -1.113591e+02 -1.924800e+02
         vertex 2.673414e+02 -1.076428e+02 -1.912225e+02
      endloop
   endfacet
   facet normal 9.274419e-01 -3.739044e-01 6.850445e-03
      outer loop
         vertex 2.673414e+02 -1.076428e+02 -1.912225e+02
         vertex 2.676204e+02 -1.069472e+02 -1.910325e+02
         vertex 2.623919e+02 -1.192009e+02 -1.520000e+02
      endloop
   endfacet
   facet normal 9.306559e-01 -3.657634e-01 9.836721e-03
      outer loop
         vertex 2.623919e+02 -1.192009e+02 -1.520000e+02
         vertex 2.676204e+02 -1.069472e+02 -1.910325e+02
         vertex 2.692187e+02 -1.028575e+02 -1.901793e+02
      endloop
   endfacet
   facet normal 9.264814e-01 -3.763127e-01 4.574471e-03
      outer loop
         vertex 2.623919e+02 -1.192009e+02 -1.520000e+02
         vertex 2.692187e+02 -1.028575e+02 -1.901793e+02
         vertex 2.711948e+02 -9.752838e+01 -1.520000e+02
      endloop
   endfacet
   facet normal 9.368634e-01 -3.496955e-01 3.218689e-04
      outer loop
         vertex 2.711948e+02 -9.752838e+01 -1.520000e+02
         vertex 2.692187e+02 -1.028575e+02 -1.901793e+02
         vertex 2.707767e+02 -9.868300e+01 -1.897434e+02
      endloop
   endfacet
   facet normal 9.416905e-01 -3.364804e-01 -1.358577e-04
      outer loop
         vertex 2.711948e+02 -9.752838e+01 -1.520000e+02
         vertex 2.707767e+02 -9.868300e+01 -1.897434e+02
         vertex 2.715917e+02 -9.641741e+01 -1.520000e+02
      endloop
   endfacet
   facet normal 9.409718e-01 -3.384849e-01 -1.603571e-08
      outer loop
         vertex 2.715917e+02 -9.641741e+01 -1.520000e+02
         vertex 2.707767e+02 -9.868300e+01 -1.897434e+02
         vertex 2.715917e+02 -9.641758e+01 -1.896837e+02
      endloop
   endfacet
   facet normal 9.435879e-01 -3.311221e-01 -5.219961e-08
      outer loop
         vertex 2.715917e+02 -9.641741e+01 -1.520000e+02
         vertex 2.715917e+02 -9.641758e+01 -1.896837e+02
         vertex 2.722856e+02 -9.444006e+01 -1.897286e+02
      endloop
   endfacet
   facet normal 8.829506e-01 -4.694659e-01 1.141661e-04
      outer loop
         vertex 2.573617e+02 -1.297048e+02 -2.169424e+02
         vertex 2.573652e+02 -1.296978e+02 -2.154631e+02
         vertex 2.512849e+02 -1.411180e+02 -1.520000e+02
      endloop
   endfacet
   facet normal 8.826610e-01 -4.700102e-01 0.000000e+00
      outer loop
         vertex 2.573617e+02 -1.297048e+02 -2.860426e+02
         vertex 2.573617e+02 -1.297048e+02 -2.458496e+02
         vertex 2.512727e+02 -1.411396e+02 -2.818433e+02
      endloop
   endfacet
   facet normal 8.826610e-01 -4.700102e-01 0.000000e+00
      outer loop
         vertex 2.512727e+02 -1.411396e+02 -2.818433e+02
         vertex 2.573617e+02 -1.297048e+02 -2.458496e+02
         vertex 2.573617e+02 -1.297048e+02 -2.169424e+02
      endloop
   endfacet
   facet normal 8.864016e-01 -4.629142e-01 1.623797e-03
      outer loop
         vertex 2.573652e+02 -1.296978e+02 -2.154631e+02
         vertex 2.575063e+02 -1.294175e+02 -2.125600e+02
         vertex 2.512849e+02 -1.411180e+02 -1.520000e+02
      endloop
   endfacet
   facet normal 8.891386e-01 -4.576286e-01 2.926200e-03
      outer loop
         vertex 2.512849e+02 -1.411180e+02 -1.520000e+02
         vertex 2.575063e+02 -1.294175e+02 -2.125600e+02
         vertex 2.578480e+02 -1.287354e+02 -2.097085e+02
      endloop
   endfacet
   facet normal 8.906033e-01 -4.547658e-01 3.707038e-03
      outer loop
         vertex 2.512849e+02 -1.411180e+02 -1.520000e+02
         vertex 2.578480e+02 -1.287354e+02 -2.097085e+02
         vertex 2.580313e+02 -1.283676e+02 -2.086281e+02
      endloop
   endfacet
   facet normal 8.922106e-01 -4.515960e-01 4.612245e-03
      outer loop
         vertex 2.580313e+02 -1.283676e+02 -2.086281e+02
         vertex 2.586311e+02 -1.271549e+02 -2.059060e+02
         vertex 2.512849e+02 -1.411180e+02 -1.520000e+02
      endloop
   endfacet
   facet normal 8.942607e-01 -4.475068e-01 5.950830e-03
      outer loop
         vertex 2.512849e+02 -1.411180e+02 -1.520000e+02
         vertex 2.586311e+02 -1.271549e+02 -2.059060e+02
         vertex 2.591640e+02 -1.260650e+02 -2.040389e+02
      endloop
   endfacet
   facet normal 8.955276e-01 -4.449527e-01 6.881465e-03
      outer loop
         vertex 2.512849e+02 -1.411180e+02 -1.520000e+02
         vertex 2.591640e+02 -1.260650e+02 -2.040389e+02
         vertex 2.593932e+02 -1.255929e+02 -2.033329e+02
      endloop
   endfacet
   facet normal 8.964840e-01 -4.430105e-01 7.619951e-03
      outer loop
         vertex 2.593932e+02 -1.255929e+02 -2.033329e+02
         vertex 2.597328e+02 -1.248891e+02 -2.023672e+02
         vertex 2.512849e+02 -1.411180e+02 -1.520000e+02
      endloop
   endfacet
   facet normal 8.986963e-01 -4.384697e-01 9.454118e-03
      outer loop
         vertex 2.512849e+02 -1.411180e+02 -1.520000e+02
         vertex 2.597328e+02 -1.248891e+02 -2.023672e+02
         vertex 2.607552e+02 -1.227401e+02 -1.998889e+02
      endloop
   endfacet
   facet normal 9.021388e-01 -4.312529e-01 1.290440e-02
      outer loop
         vertex 2.512849e+02 -1.411180e+02 -1.520000e+02
         vertex 2.607552e+02 -1.227401e+02 -1.998889e+02
         vertex 2.618943e+02 -1.202902e+02 -1.976554e+02
      endloop
   endfacet
   facet normal 9.095777e-01 -4.155340e-01 8.841809e-07
      outer loop
         vertex 2.623818e+02 -1.192232e+02 -1.968249e+02
         vertex 2.623919e+02 -1.192009e+02 -1.520000e+02
         vertex 2.618943e+02 -1.202902e+02 -1.976554e+02
      endloop
   endfacet
   facet normal 9.093911e-01 -4.159422e-01 1.265719e-05
      outer loop
         vertex 2.618943e+02 -1.202902e+02 -1.976554e+02
         vertex 2.623919e+02 -1.192009e+02 -1.520000e+02
         vertex 2.617785e+02 -1.205420e+02 -1.520000e+02
      endloop
   endfacet
   facet normal 8.908373e-01 -4.543224e-01 -2.460954e-04
      outer loop
         vertex 2.618943e+02 -1.202902e+02 -1.976554e+02
         vertex 2.617785e+02 -1.205420e+02 -1.520000e+02
         vertex 2.512849e+02 -1.411180e+02 -1.520000e+02
      endloop
   endfacet
   facet normal 8.826711e-01 -4.699912e-01 -4.300961e-06
      outer loop
         vertex 2.573617e+02 -1.297048e+02 -2.169424e+02
         vertex 2.512849e+02 -1.411180e+02 -1.520000e+02
         vertex 2.512727e+02 -1.411396e+02 -2.818433e+02
      endloop
   endfacet
   facet normal 8.704091e-01 -4.923291e-01 5.591153e-07
      outer loop
         vertex 2.512727e+02 -1.411396e+02 -2.818433e+02
         vertex 2.512849e+02 -1.411180e+02 -1.520000e+02
         vertex 2.504136e+02 -1.426584e+02 -1.520000e+02
      endloop
   endfacet
   facet normal 8.666048e-01 -4.989951e-01 -1.025803e-04
      outer loop
         vertex 2.512727e+02 -1.411396e+02 -2.818433e+02
         vertex 2.504136e+02 -1.426584e+02 -1.520000e+02
         vertex 2.482179e+02 -1.464454e+02 -2.797365e+02
      endloop
   endfacet
   facet normal 8.486292e-01 -5.289870e-01 1.095590e-03
      outer loop
         vertex 2.482179e+02 -1.464454e+02 -2.797365e+02
         vertex 2.504136e+02 -1.426584e+02 -1.520000e+02
         vertex 2.383513e+02 -1.620094e+02 -1.520000e+02
      endloop
   endfacet
   facet normal 8.445835e-01 -5.354239e-01 -1.208321e-06
      outer loop
         vertex 2.482179e+02 -1.464454e+02 -2.797365e+02
         vertex 2.383513e+02 -1.620094e+02 -1.520000e+02
         vertex 2.383487e+02 -1.620132e+02 -2.729302e+02
      endloop
   endfacet
   facet normal 8.262951e-01 -5.632374e-01 4.636875e-08
      outer loop
         vertex 2.383487e+02 -1.620132e+02 -2.729302e+02
         vertex 2.383513e+02 -1.620094e+02 -1.520000e+02
         vertex 2.379216e+02 -1.626397e+02 -2.726356e+02
      endloop
   endfacet
   facet normal 8.250181e-01 -5.651064e-01 1.435991e-05
      outer loop
         vertex 2.379216e+02 -1.626397e+02 -2.726356e+02
         vertex 2.383513e+02 -1.620094e+02 -1.520000e+02
         vertex 2.371846e+02 -1.637127e+02 -1.520000e+02
      endloop
   endfacet
   facet normal 8.061308e-01 -5.917373e-01 -3.379042e-04
      outer loop
         vertex 2.379216e+02 -1.626397e+02 -2.726356e+02
         vertex 2.371846e+02 -1.637127e+02 -1.520000e+02
         vertex 2.265170e+02 -1.781809e+02 -2.647703e+02
      endloop
   endfacet
   facet normal 8.001801e-01 -5.997585e-01 1.254118e-03
      outer loop
         vertex 2.265170e+02 -1.781809e+02 -2.647703e+02
         vertex 2.371846e+02 -1.637127e+02 -1.520000e+02
         vertex 2.236852e+02 -1.817232e+02 -1.520000e+02
      endloop
   endfacet
   facet normal 7.810622e-01 -6.244532e-01 -1.639542e-06
      outer loop
         vertex 2.265170e+02 -1.781809e+02 -2.647703e+02
         vertex 2.236852e+02 -1.817232e+02 -1.520000e+02
         vertex 2.236707e+02 -1.817410e+02 -2.628074e+02
      endloop
   endfacet
   facet normal 7.735618e-01 -6.337209e-01 8.394468e-07
      outer loop
         vertex 2.236707e+02 -1.817410e+02 -2.628074e+02
         vertex 2.236852e+02 -1.817232e+02 -1.520000e+02
         vertex 2.221899e+02 -1.835484e+02 -1.520000e+02
      endloop
   endfacet
   facet normal 7.595030e-01 -6.505037e-01 -4.607723e-04
      outer loop
         vertex 2.236707e+02 -1.817410e+02 -2.628074e+02
         vertex 2.221899e+02 -1.835484e+02 -1.520000e+02
         vertex 2.140376e+02 -1.929930e+02 -2.561638e+02
      endloop
   endfacet
   facet normal 7.458428e-01 -6.661190e-01 2.024198e-03
      outer loop
         vertex 2.140376e+02 -1.929930e+02 -2.561638e+02
         vertex 2.221899e+02 -1.835484e+02 -1.520000e+02
         vertex 2.073932e+02 -2.001160e+02 -1.520000e+02
      endloop
   endfacet
   facet normal 7.312117e-01 -6.821506e-01 -5.354017e-06
      outer loop
         vertex 2.140376e+02 -1.929930e+02 -2.561638e+02
         vertex 2.073932e+02 -2.001160e+02 -1.520000e+02
         vertex 2.073712e+02 -2.001389e+02 -2.515663e+02
      endloop
   endfacet
   facet normal 7.164167e-01 -6.976726e-01 1.486599e-06
      outer loop
         vertex 2.073712e+02 -2.001389e+02 -2.515663e+02
         vertex 2.073932e+02 -2.001160e+02 -1.520000e+02
         vertex 2.055413e+02 -2.020177e+02 -1.520000e+02
      endloop
   endfacet
   facet normal 7.076502e-01 -7.065629e-01 -3.273882e-04
      outer loop
         vertex 2.073712e+02 -2.001389e+02 -2.515663e+02
         vertex 2.055413e+02 -2.020177e+02 -1.520000e+02
         vertex 2.005236e+02 -2.069992e+02 -2.468439e+02
      endloop
   endfacet
   facet normal 6.860204e-01 -7.275798e-01 1.920792e-03
      outer loop
         vertex 2.005236e+02 -2.069992e+02 -2.468439e+02
         vertex 2.055413e+02 -2.020177e+02 -1.520000e+02
         vertex 1.895938e+02 -2.170543e+02 -1.520000e+02
      endloop
   endfacet
   facet normal 6.770145e-01 -7.359697e-01 -6.522740e-06
      outer loop
         vertex 2.005236e+02 -2.069992e+02 -2.468439e+02
         vertex 1.895938e+02 -2.170543e+02 -1.520000e+02
         vertex 1.895768e+02 -2.170691e+02 -2.392944e+02
      endloop
   endfacet
   facet normal 6.516656e-01 -7.585064e-01 2.221062e-06
      outer loop
         vertex 1.895768e+02 -2.170691e+02 -2.392944e+02
         vertex 1.895938e+02 -2.170543e+02 -1.520000e+02
         vertex 1.860286e+02 -2.201176e+02 -2.368473e+02
      endloop
   endfacet
   facet normal 6.539964e-01 -7.564977e-01 -1.682335e-04
      outer loop
         vertex 1.860286e+02 -2.201176e+02 -2.368473e+02
         vertex 1.895938e+02 -2.170543e+02 -1.520000e+02
         vertex 1.873626e+02 -2.189832e+02 -1.520000e+02
      endloop
   endfacet
   facet normal 6.194375e-01 -7.850456e-01 7.567786e-04
      outer loop
         vertex 1.860286e+02 -2.201176e+02 -2.368473e+02
         vertex 1.873626e+02 -2.189832e+02 -1.520000e+02
         vertex 1.706213e+02 -2.322644e+02 -2.262216e+02
      endloop
   endfacet
   facet normal 5.517150e-01 -8.340327e-01 0.000000e+00
      outer loop
         vertex 1.677891e+02 -2.343186e+02 -1.520000e+02
         vertex 1.500000e+02 -2.460861e+02 -1.520000e+02
         vertex 1.500000e+02 -2.460861e+02 -2.120000e+02
      endloop
   endfacet
   facet normal 6.211536e-01 -7.836888e-01 1.269065e-04
      outer loop
         vertex 1.873626e+02 -2.189832e+02 -1.520000e+02
         vertex 1.704163e+02 -2.324149e+02 -1.520000e+02
         vertex 1.706213e+02 -2.322644e+02 -2.262216e+02
      endloop
   endfacet
   facet normal 5.867660e-01 -8.097565e-01 -2.098008e-05
      outer loop
         vertex 1.706213e+02 -2.322644e+02 -2.262216e+02
         vertex 1.704163e+02 -2.324149e+02 -1.520000e+02
         vertex 1.677891e+02 -2.343186e+02 -1.520000e+02
      endloop
   endfacet
   facet normal 5.635192e-01 -8.261018e-01 -1.360423e-03
      outer loop
         vertex 1.706213e+02 -2.322644e+02 -2.262216e+02
         vertex 1.677891e+02 -2.343186e+02 -1.520000e+02
         vertex 1.543686e+02 -2.433695e+02 -2.150128e+02
      endloop
   endfacet
   facet normal 5.321593e-01 -8.466039e-01 8.263538e-03
      outer loop
         vertex 1.543686e+02 -2.433695e+02 -2.150128e+02
         vertex 1.677891e+02 -2.343186e+02 -1.520000e+02
         vertex 1.500000e+02 -2.460861e+02 -2.120000e+02
      endloop
   endfacet
   facet normal -1.000000e+00 0.000000e+00 0.000000e+00
      outer loop
         vertex -2.950000e+02 -3.400000e+02 -3.360000e+02
         vertex -2.950000e+02 -3.400000e+02 -3.120000e+02
         vertex -2.950000e+02 -2.182843e+02 -3.360000e+02
      endloop
   endfacet
   facet normal -1.000000e+00 0.000000e+00 0.000000e+00
      outer loop
         vertex -2.950000e+02 -2.182843e+02 -3.360000e+02
         vertex -2.950000e+02 -3.400000e+02 -3.120000e+02
         vertex -2.950000e+02 -1.250000e+02 -3.120000e+02
      endloop
   endfacet
   facet normal -1.000000e+00 0.000000e+00 0.000000e+00
      outer loop
         vertex -2.950000e+02 -2.182843e+02 -3.360000e+02
         vertex -2.950000e+02 -1.250000e+02 -3.120000e+02
         vertex -2.950000e+02 -2.142954e+02 -3.363215e+02
      endloop
   endfacet
   facet normal -1.000000e+00 0.000000e+00 0.000000e+00
      outer loop
         vertex -2.950000e+02 -2.142954e+02 -3.363215e+02
         vertex -2.950000e+02 -1.250000e+02 -3.120000e+02
         vertex -2.950000e+02 -2.107540e+02 -3.371774e+02
      endloop
   endfacet
   facet normal -1.000000e+00 0.000000e+00 0.000000e+00
      outer loop
         vertex -2.950000e+02 -2.041421e+02 -3.406863e+02
         vertex -2.950000e+02 -2.049930e+02 -3.400443e+02
         vertex -2.950000e+02 -1.250000e+02 -3.120000e+02
      endloop
   endfacet
   facet normal -1.000000e+00 0.000000e+00 0.000000e+00
      outer loop
         vertex -2.950000e+02 -1.250000e+02 -3.120000e+02
         vertex -2.950000e+02 -2.049930e+02 -3.400443e+02
         vertex -2.950000e+02 -2.076025e+02 -3.384732e+02
      endloop
   endfacet
   facet normal -1.000000e+00 0.000000e+00 0.000000e+00
      outer loop
         vertex -2.950000e+02 -1.250000e+02 -3.120000e+02
         vertex -2.950000e+02 -2.076025e+02 -3.384732e+02
         vertex -2.950000e+02 -2.107540e+02 -3.371774e+02
      endloop
   endfacet
   facet normal -1.000000e+00 0.000000e+00 0.000000e+00
      outer loop
         vertex -2.950000e+02 -1.250000e+02 -2.312174e+02
         vertex -2.950000e+02 -1.250000e+02 -2.259196e+02
         vertex -2.950000e+02 -1.150000e+02 -2.160000e+02
      endloop
   endfacet
   facet normal -1.000000e+00 -0.000000e+00 0.000000e+00
      outer loop
         vertex -2.950000e+02 2.160045e+02 -3.361043e+02
         vertex -2.950000e+02 2.126151e+02 -3.366563e+02
         vertex -2.950000e+02 1.250000e+02 -3.120000e+02
      endloop
   endfacet
   facet normal -1.000000e+00 0.000000e+00 0.000000e+00
      outer loop
         vertex -2.950000e+02 1.250000e+02 -3.120000e+02
         vertex -2.950000e+02 2.126151e+02 -3.366563e+02
         vertex -2.950000e+02 2.094725e+02 -3.376367e+02
      endloop
   endfacet
   facet normal -1.000000e+00 0.000000e+00 0.000000e+00
      outer loop
         vertex -2.950000e+02 1.250000e+02 -3.120000e+02
         vertex -2.950000e+02 2.094725e+02 -3.376367e+02
         vertex -2.950000e+02 2.066988e+02 -3.389579e+02
      endloop
   endfacet
   facet normal -1.000000e+00 0.000000e+00 0.000000e+00
      outer loop
         vertex -2.950000e+02 -1.250000e+02 -2.312174e+02
         vertex -2.950000e+02 -1.150000e+02 -2.160000e+02
         vertex -2.950000e+02 -1.250000e+02 -3.120000e+02
      endloop
   endfacet
   facet normal -1.000000e+00 0.000000e+00 0.000000e+00
      outer loop
         vertex -2.950000e+02 -1.250000e+02 -2.259196e+02
         vertex -2.950000e+02 -1.250000e+02 -2.160000e+02
         vertex -2.950000e+02 -1.150000e+02 -2.160000e+02
      endloop
   endfacet
   facet normal -1.000000e+00 0.000000e+00 0.000000e+00
      outer loop
         vertex -2.950000e+02 -1.150000e+02 -2.160000e+02
         vertex -2.950000e+02 -1.250000e+02 -2.160000e+02
         vertex -2.950000e+02 -1.249952e+02 -2.155705e+02
      endloop
   endfacet
   facet normal -1.000000e+00 0.000000e+00 0.000000e+00
      outer loop
         vertex -2.950000e+02 -1.150000e+02 -2.160000e+02
         vertex -2.950000e+02 -1.249952e+02 -2.155705e+02
         vertex -2.950000e+02 -1.148254e+02 -2.138902e+02
      endloop
   endfacet
   facet normal -1.000000e+00 -0.000000e+00 0.000000e+00
      outer loop
         vertex -2.950000e+02 2.066988e+02 -3.389579e+02
         vertex -2.950000e+02 2.041421e+02 -3.406863e+02
         vertex -2.950000e+02 1.250000e+02 -3.120000e+02
      endloop
   endfacet
   facet normal -1.000000e+00 0.000000e+00 0.000000e+00
      outer loop
         vertex -2.950000e+02 1.250000e+02 -3.120000e+02
         vertex -2.950000e+02 2.041421e+02 -3.406863e+02
         vertex -2.950000e+02 1.900000e+02 -3.520000e+02
      endloop
   endfacet
   facet normal -1.000000e+00 0.000000e+00 0.000000e+00
      outer loop
         vertex -2.950000e+02 1.250000e+02 -3.120000e+02
         vertex -2.950000e+02 1.900000e+02 -3.520000e+02
         vertex -2.950000e+02 1.250000e+02 -3.520000e+02
      endloop
   endfacet
   facet normal -1.000000e+00 0.000000e+00 0.000000e+00
      outer loop
         vertex -2.950000e+02 1.135013e+02 -2.099231e+02
         vertex -2.950000e+02 1.227236e+02 -2.068294e+02
         vertex -2.950000e+02 1.143418e+02 -2.119291e+02
      endloop
   endfacet
   facet normal -1.000000e+00 0.000000e+00 0.000000e+00
      outer loop
         vertex -2.950000e+02 1.143418e+02 -2.119291e+02
         vertex -2.950000e+02 1.227236e+02 -2.068294e+02
         vertex -2.950000e+02 1.237464e+02 -2.091350e+02
      endloop
   endfacet
   facet normal -1.000000e+00 0.000000e+00 0.000000e+00
      outer loop
         vertex -2.950000e+02 1.143418e+02 -2.119291e+02
         vertex -2.950000e+02 1.237464e+02 -2.091350e+02
         vertex -2.950000e+02 1.148334e+02 -2.139393e+02
      endloop
   endfacet
   facet normal -1.000000e+00 0.000000e+00 0.000000e+00
      outer loop
         vertex -2.950000e+02 -1.900000e+02 -3.520000e+02
         vertex -2.950000e+02 -2.041421e+02 -3.406863e+02
         vertex -2.950000e+02 -1.250000e+02 -3.520000e+02
      endloop
   endfacet
   facet normal -1.000000e+00 0.000000e+00 0.000000e+00
      outer loop
         vertex -2.950000e+02 -1.250000e+02 -3.520000e+02
         vertex -2.950000e+02 -2.041421e+02 -3.406863e+02
         vertex -2.950000e+02 -1.250000e+02 -3.120000e+02
      endloop
   endfacet
   facet normal -1.000000e+00 0.000000e+00 0.000000e+00
      outer loop
         vertex -2.950000e+02 -1.250000e+02 -3.520000e+02
         vertex -2.950000e+02 -1.250000e+02 -3.120000e+02
         vertex -2.950000e+02 -1.150000e+02 -3.520000e+02
      endloop
   endfacet
   facet normal -1.000000e+00 0.000000e+00 0.000000e+00
      outer loop
         vertex -2.950000e+02 -1.150000e+02 -3.520000e+02
         vertex -2.950000e+02 -1.250000e+02 -3.120000e+02
         vertex -2.950000e+02 -1.150000e+02 -2.160000e+02
      endloop
   endfacet
   facet normal -1.000000e+00 0.000000e+00 -0.000000e+00
      outer loop
         vertex -2.950000e+02 1.237464e+02 -2.091350e+02
         vertex -2.950000e+02 1.244607e+02 -2.114701e+02
         vertex -2.950000e+02 1.148334e+02 -2.139393e+02
      endloop
   endfacet
   facet normal -1.000000e+00 0.000000e+00 0.000000e+00
      outer loop
         vertex -2.950000e+02 1.148334e+02 -2.139393e+02
         vertex -2.950000e+02 1.244607e+02 -2.114701e+02
         vertex -2.950000e+02 1.248783e+02 -2.138359e+02
      endloop
   endfacet
   facet normal -1.000000e+00 0.000000e+00 0.000000e+00
      outer loop
         vertex -2.950000e+02 1.148334e+02 -2.139393e+02
         vertex -2.950000e+02 1.248783e+02 -2.138359e+02
         vertex -2.950000e+02 1.150000e+02 -2.160000e+02
      endloop
   endfacet
   facet normal -1.000000e+00 0.000000e+00 0.000000e+00
      outer loop
         vertex -2.950000e+02 1.150000e+02 -2.160000e+02
         vertex -2.950000e+02 1.248783e+02 -2.138359e+02
         vertex -2.950000e+02 1.250000e+02 -2.160000e+02
      endloop
   endfacet
   facet normal -1.000000e+00 0.000000e+00 0.000000e+00
      outer loop
         vertex -2.950000e+02 1.150000e+02 -2.160000e+02
         vertex -2.950000e+02 1.250000e+02 -2.160000e+02
         vertex -2.950000e+02 1.250000e+02 -2.171098e+02
      endloop
   endfacet
   facet normal -1.000000e+00 0.000000e+00 0.000000e+00
      outer loop
         vertex -2.950000e+02 2.160045e+02 -3.361043e+02
         vertex -2.950000e+02 1.250000e+02 -3.120000e+02
         vertex -2.950000e+02 2.182843e+02 -3.360000e+02
      endloop
   endfacet
   facet normal -1.000000e+00 0.000000e+00 0.000000e+00
      outer loop
         vertex -2.950000e+02 2.182843e+02 -3.360000e+02
         vertex -2.950000e+02 1.250000e+02 -3.120000e+02
         vertex -2.950000e+02 3.400000e+02 -3.120000e+02
      endloop
   endfacet
   facet normal -1.000000e+00 0.000000e+00 0.000000e+00
      outer loop
         vertex -2.950000e+02 2.182843e+02 -3.360000e+02
         vertex -2.950000e+02 3.400000e+02 -3.120000e+02
         vertex -2.950000e+02 3.400000e+02 -3.360000e+02
      endloop
   endfacet
   facet normal -1.000000e+00 -0.000000e+00 -0.000000e+00
      outer loop
         vertex -2.950000e+02 1.250000e+02 -2.359289e+02
         vertex -2.950000e+02 1.250000e+02 -2.418564e+02
         vertex -2.950000e+02 1.150000e+02 -2.160000e+02
      endloop
   endfacet
   facet normal -1.000000e+00 0.000000e+00 0.000000e+00
      outer loop
         vertex -2.950000e+02 1.150000e+02 -2.160000e+02
         vertex -2.950000e+02 1.250000e+02 -2.418564e+02
         vertex -2.950000e+02 1.250000e+02 -3.120000e+02
      endloop
   endfacet
   facet normal -1.000000e+00 0.000000e+00 0.000000e+00
      outer loop
         vertex -2.950000e+02 1.150000e+02 -2.160000e+02
         vertex -2.950000e+02 1.250000e+02 -3.120000e+02
         vertex -2.950000e+02 1.150000e+02 -3.520000e+02
      endloop
   endfacet
   facet normal -1.000000e+00 0.000000e+00 0.000000e+00
      outer loop
         vertex -2.950000e+02 1.150000e+02 -3.520000e+02
         vertex -2.950000e+02 1.250000e+02 -3.120000e+02
         vertex -2.950000e+02 1.250000e+02 -3.520000e+02
      endloop
   endfacet
   facet normal -1.000000e+00 0.000000e+00 0.000000e+00
      outer loop
         vertex -2.950000e+02 -1.249952e+02 -2.155705e+02
         vertex -2.950000e+02 -1.247609e+02 -2.129731e+02
         vertex -2.950000e+02 -1.148254e+02 -2.138902e+02
      endloop
   endfacet
   facet normal -1.000000e+00 0.000000e+00 0.000000e+00
      outer loop
         vertex -2.950000e+02 -1.148254e+02 -2.138902e+02
         vertex -2.950000e+02 -1.247609e+02 -2.129731e+02
         vertex -2.950000e+02 -1.241747e+02 -2.104103e+02
      endloop
   endfacet
   facet normal -1.000000e+00 0.000000e+00 0.000000e+00
      outer loop
         vertex -2.950000e+02 -1.148254e+02 -2.138902e+02
         vertex -2.950000e+02 -1.241747e+02 -2.104103e+02
         vertex -2.950000e+02 -1.143066e+02 -2.118235e+02
      endloop
   endfacet
   facet normal -1.000000e+00 0.000000e+00 0.000000e+00
      outer loop
         vertex -2.950000e+02 -1.143066e+02 -2.118235e+02
         vertex -2.950000e+02 -1.241747e+02 -2.104103e+02
         vertex -2.950000e+02 -1.232329e+02 -2.078847e+02
      endloop
   endfacet
   facet normal -1.000000e+00 0.000000e+00 0.000000e+00
      outer loop
         vertex -2.950000e+02 -1.143066e+02 -2.118235e+02
         vertex -2.950000e+02 -1.232329e+02 -2.078847e+02
         vertex -2.950000e+02 -1.134426e+02 -2.098099e+02
      endloop
   endfacet
   facet normal -1.000000e+00 0.000000e+00 0.000000e+00
      outer loop
         vertex -2.950000e+02 -1.134426e+02 -2.098099e+02
         vertex -2.950000e+02 -1.232329e+02 -2.078847e+02
         vertex -2.950000e+02 -1.219217e+02 -2.054102e+02
      endloop
   endfacet
   facet normal -1.000000e+00 0.000000e+00 0.000000e+00
      outer loop
         vertex -2.950000e+02 -1.134426e+02 -2.098099e+02
         vertex -2.950000e+02 -1.219217e+02 -2.054102e+02
         vertex -2.950000e+02 -1.121310e+02 -2.077430e+02
      endloop
   endfacet
   facet normal -1.000000e+00 -0.000000e+00 -0.000000e+00
      outer loop
         vertex -2.950000e+02 1.250000e+02 -2.171098e+02
         vertex -2.950000e+02 1.250000e+02 -2.244104e+02
         vertex -2.950000e+02 1.150000e+02 -2.160000e+02
      endloop
   endfacet
   facet normal -1.000000e+00 0.000000e+00 0.000000e+00
      outer loop
         vertex -2.950000e+02 1.150000e+02 -2.160000e+02
         vertex -2.950000e+02 1.250000e+02 -2.244104e+02
         vertex -2.950000e+02 1.250000e+02 -2.301224e+02
      endloop
   endfacet
   facet normal -1.000000e+00 0.000000e+00 0.000000e+00
      outer loop
         vertex -2.950000e+02 1.150000e+02 -2.160000e+02
         vertex -2.950000e+02 1.250000e+02 -2.301224e+02
         vertex -2.950000e+02 1.250000e+02 -2.359289e+02
      endloop
   endfacet
   facet normal -1.000000e+00 0.000000e+00 0.000000e+00
      outer loop
         vertex -2.950000e+02 1.082913e+02 -2.040443e+02
         vertex -2.950000e+02 1.154910e+02 -1.984707e+02
         vertex -2.950000e+02 1.104676e+02 -2.058569e+02
      endloop
   endfacet
   facet normal -1.000000e+00 0.000000e+00 0.000000e+00
      outer loop
         vertex -2.950000e+02 1.104676e+02 -2.058569e+02
         vertex -2.950000e+02 1.154910e+02 -1.984707e+02
         vertex -2.950000e+02 1.176952e+02 -2.003043e+02
      endloop
   endfacet
   facet normal -1.000000e+00 0.000000e+00 0.000000e+00
      outer loop
         vertex -2.950000e+02 1.104676e+02 -2.058569e+02
         vertex -2.950000e+02 1.176952e+02 -2.003043e+02
         vertex -2.950000e+02 1.121628e+02 -2.077853e+02
      endloop
   endfacet
   facet normal -1.000000e+00 0.000000e+00 0.000000e+00
      outer loop
         vertex -2.950000e+02 1.121628e+02 -2.077853e+02
         vertex -2.950000e+02 1.176952e+02 -2.003043e+02
         vertex -2.950000e+02 1.197224e+02 -2.024048e+02
      endloop
   endfacet
   facet normal -1.000000e+00 0.000000e+00 0.000000e+00
      outer loop
         vertex -2.950000e+02 1.121628e+02 -2.077853e+02
         vertex -2.950000e+02 1.197224e+02 -2.024048e+02
         vertex -2.950000e+02 1.135013e+02 -2.099231e+02
      endloop
   endfacet
   facet normal -1.000000e+00 0.000000e+00 0.000000e+00
      outer loop
         vertex -2.950000e+02 1.135013e+02 -2.099231e+02
         vertex -2.950000e+02 1.197224e+02 -2.024048e+02
         vertex -2.950000e+02 1.213905e+02 -2.045864e+02
      endloop
   endfacet
   facet normal -1.000000e+00 0.000000e+00 0.000000e+00
      outer loop
         vertex -2.950000e+02 1.135013e+02 -2.099231e+02
         vertex -2.950000e+02 1.213905e+02 -2.045864e+02
         vertex -2.950000e+02 1.227236e+02 -2.068294e+02
      endloop
   endfacet
   facet normal -1.000000e+00 0.000000e+00 0.000000e+00
      outer loop
         vertex -2.950000e+02 -1.219217e+02 -2.054102e+02
         vertex -2.950000e+02 -1.202047e+02 -2.029839e+02
         vertex -2.950000e+02 -1.121310e+02 -2.077430e+02
      endloop
   endfacet
   facet normal -1.000000e+00 0.000000e+00 0.000000e+00
      outer loop
         vertex -2.950000e+02 -1.121310e+02 -2.077430e+02
         vertex -2.950000e+02 -1.202047e+02 -2.029839e+02
         vertex -2.950000e+02 -1.182943e+02 -2.008765e+02
      endloop
   endfacet
   facet normal -1.000000e+00 0.000000e+00 0.000000e+00
      outer loop
         vertex -2.950000e+02 -1.121310e+02 -2.077430e+02
         vertex -2.950000e+02 -1.182943e+02 -2.008765e+02
         vertex -2.950000e+02 -1.104968e+02 -2.058855e+02
      endloop
   endfacet
   facet normal -1.000000e+00 0.000000e+00 0.000000e+00
      outer loop
         vertex -2.950000e+02 -1.104968e+02 -2.058855e+02
         vertex -2.950000e+02 -1.182943e+02 -2.008765e+02
         vertex -2.950000e+02 -1.160020e+02 -1.988621e+02
      endloop
   endfacet
   facet normal -1.000000e+00 0.000000e+00 0.000000e+00
      outer loop
         vertex -2.950000e+02 -1.104968e+02 -2.058855e+02
         vertex -2.950000e+02 -1.160020e+02 -1.988621e+02
         vertex -2.950000e+02 -1.084460e+02 -2.041555e+02
      endloop
   endfacet
   facet normal -1.000000e+00 0.000000e+00 0.000000e+00
      outer loop
         vertex -2.950000e+02 7.768745e+01 -1.920000e+02
         vertex -2.950000e+02 9.500000e+01 -1.920000e+02
         vertex -2.950000e+02 9.500000e+01 -2.000000e+02
      endloop
   endfacet
   facet normal -1.000000e+00 0.000000e+00 0.000000e+00
      outer loop
         vertex -2.950000e+02 9.500000e+01 -2.000000e+02
         vertex -2.950000e+02 9.500000e+01 -1.920000e+02
         vertex -2.950000e+02 9.651929e+01 -1.920306e+02
      endloop
   endfacet
   facet normal -1.000000e+00 0.000000e+00 0.000000e+00
      outer loop
         vertex -2.950000e+02 9.500000e+01 -2.000000e+02
         vertex -2.950000e+02 9.651929e+01 -1.920306e+02
         vertex -2.950000e+02 9.898885e+01 -2.003215e+02
      endloop
   endfacet
   facet normal -1.000000e+00 0.000000e+00 0.000000e+00
      outer loop
         vertex -2.950000e+02 9.898885e+01 -2.003215e+02
         vertex -2.950000e+02 9.651929e+01 -1.920306e+02
         vertex -2.950000e+02 1.012984e+02 -1.925351e+02
      endloop
   endfacet
   facet normal -1.000000e+00 0.000000e+00 0.000000e+00
      outer loop
         vertex -2.950000e+02 9.898885e+01 -2.003215e+02
         vertex -2.950000e+02 1.012984e+02 -1.925351e+02
         vertex -2.950000e+02 1.025303e+02 -2.011774e+02
      endloop
   endfacet
   facet normal -1.000000e+00 0.000000e+00 0.000000e+00
      outer loop
         vertex -2.950000e+02 1.025303e+02 -2.011774e+02
         vertex -2.950000e+02 1.012984e+02 -1.925351e+02
         vertex -2.950000e+02 1.055971e+02 -1.935471e+02
      endloop
   endfacet
   facet normal -1.000000e+00 0.000000e+00 0.000000e+00
      outer loop
         vertex -2.950000e+02 1.025303e+02 -2.011774e+02
         vertex -2.950000e+02 1.055971e+02 -1.935471e+02
         vertex -2.950000e+02 1.056818e+02 -2.024731e+02
      endloop
   endfacet
   facet normal -1.000000e+00 0.000000e+00 0.000000e+00
      outer loop
         vertex -2.950000e+02 1.056818e+02 -2.024731e+02
         vertex -2.950000e+02 1.055971e+02 -1.935471e+02
         vertex -2.950000e+02 1.093843e+02 -1.949386e+02
      endloop
   endfacet
   facet normal -1.000000e+00 0.000000e+00 0.000000e+00
      outer loop
         vertex -2.950000e+02 1.056818e+02 -2.024731e+02
         vertex -2.950000e+02 1.093843e+02 -1.949386e+02
         vertex -2.950000e+02 1.082913e+02 -2.040443e+02
      endloop
   endfacet
   facet normal -1.000000e+00 0.000000e+00 0.000000e+00
      outer loop
         vertex -2.950000e+02 1.082913e+02 -2.040443e+02
         vertex -2.950000e+02 1.093843e+02 -1.949386e+02
         vertex -2.950000e+02 1.126723e+02 -1.966062e+02
      endloop
   endfacet
   facet normal -1.000000e+00 0.000000e+00 0.000000e+00
      outer loop
         vertex -2.950000e+02 1.082913e+02 -2.040443e+02
         vertex -2.950000e+02 1.126723e+02 -1.966062e+02
         vertex -2.950000e+02 1.154910e+02 -1.984707e+02
      endloop
   endfacet
   facet normal -1.000000e+00 0.000000e+00 0.000000e+00
      outer loop
         vertex -2.950000e+02 -1.160020e+02 -1.988621e+02
         vertex -2.950000e+02 -1.132903e+02 -1.969764e+02
         vertex -2.950000e+02 -1.084460e+02 -2.041555e+02
      endloop
   endfacet
   facet normal -1.000000e+00 0.000000e+00 0.000000e+00
      outer loop
         vertex -2.950000e+02 -1.084460e+02 -2.041555e+02
         vertex -2.950000e+02 -1.132903e+02 -1.969764e+02
         vertex -2.950000e+02 -1.098439e+02 -1.951437e+02
      endloop
   endfacet
   facet normal -1.000000e+00 0.000000e+00 0.000000e+00
      outer loop
         vertex -2.950000e+02 -1.084460e+02 -2.041555e+02
         vertex -2.950000e+02 -1.098439e+02 -1.951437e+02
         vertex -2.950000e+02 -1.056996e+02 -2.024821e+02
      endloop
   endfacet
   facet normal -1.000000e+00 0.000000e+00 0.000000e+00
      outer loop
         vertex -2.950000e+02 -1.056996e+02 -2.024821e+02
         vertex -2.950000e+02 -1.098439e+02 -1.951437e+02
         vertex -2.950000e+02 -1.096560e+02 -1.950588e+02
      endloop
   endfacet
   facet normal -1.000000e+00 0.000000e+00 0.000000e+00
      outer loop
         vertex -2.950000e+02 -1.056996e+02 -2.024821e+02
         vertex -2.950000e+02 -1.096560e+02 -1.950588e+02
         vertex -2.950000e+02 -1.028024e+02 -2.012678e+02
      endloop
   endfacet
   facet normal -1.000000e+00 0.000000e+00 0.000000e+00
      outer loop
         vertex -2.950000e+02 -1.028024e+02 -2.012678e+02
         vertex -2.950000e+02 -1.096560e+02 -1.950588e+02
         vertex -2.950000e+02 -1.056303e+02 -1.935572e+02
      endloop
   endfacet
   facet normal -1.000000e+00 0.000000e+00 0.000000e+00
      outer loop
         vertex -2.950000e+02 -1.028024e+02 -2.012678e+02
         vertex -2.950000e+02 -1.056303e+02 -1.935572e+02
         vertex -2.950000e+02 -9.956247e+01 -2.004219e+02
      endloop
   endfacet
   facet normal -1.000000e+00 0.000000e+00 0.000000e+00
      outer loop
         vertex -2.950000e+02 -9.956247e+01 -2.004219e+02
         vertex -2.950000e+02 -1.056303e+02 -1.935572e+02
         vertex -2.950000e+02 -1.012606e+02 -1.925287e+02
      endloop
   endfacet
   facet normal -1.000000e+00 0.000000e+00 0.000000e+00
      outer loop
         vertex -2.950000e+02 -9.956247e+01 -2.004219e+02
         vertex -2.950000e+02 -1.012606e+02 -1.925287e+02
         vertex -2.950000e+02 -9.612335e+01 -2.000252e+02
      endloop
   endfacet
   facet normal -1.000000e+00 0.000000e+00 0.000000e+00
      outer loop
         vertex -2.950000e+02 -9.612335e+01 -2.000252e+02
         vertex -2.950000e+02 -1.012606e+02 -1.925287e+02
         vertex -2.950000e+02 -9.649660e+01 -1.920296e+02
      endloop
   endfacet
   facet normal -1.000000e+00 0.000000e+00 0.000000e+00
      outer loop
         vertex -2.950000e+02 -9.612335e+01 -2.000252e+02
         vertex -2.950000e+02 -9.649660e+01 -1.920296e+02
         vertex -2.950000e+02 -9.500000e+01 -2.000000e+02
      endloop
   endfacet
   facet normal -1.000000e+00 0.000000e+00 0.000000e+00
      outer loop
         vertex -2.950000e+02 -9.500000e+01 -2.000000e+02
         vertex -2.950000e+02 -9.649660e+01 -1.920296e+02
         vertex -2.950000e+02 -9.500000e+01 -1.920000e+02
      endloop
   endfacet
   facet normal -1.000000e+00 0.000000e+00 0.000000e+00
      outer loop
         vertex -2.950000e+02 -9.500000e+01 -2.000000e+02
         vertex -2.950000e+02 -9.500000e+01 -1.920000e+02
         vertex -2.950000e+02 -9.020502e+01 -1.920000e+02
      endloop
   endfacet
   facet normal -1.000000e+00 0.000000e+00 0.000000e+00
      outer loop
         vertex -2.950000e+02 -9.500000e+01 -2.000000e+02
         vertex -2.950000e+02 -3.586323e+01 -1.920000e+02
         vertex -2.950000e+02 -2.424360e+01 -1.920000e+02
      endloop
   endfacet
   facet normal -1.000000e+00 0.000000e+00 -0.000000e+00
      outer loop
         vertex -2.950000e+02 -9.020502e+01 -1.920000e+02
         vertex -2.950000e+02 -8.288916e+01 -1.920000e+02
         vertex -2.950000e+02 -9.500000e+01 -2.000000e+02
      endloop
   endfacet
   facet normal -1.000000e+00 0.000000e+00 0.000000e+00
      outer loop
         vertex -2.950000e+02 -9.500000e+01 -2.000000e+02
         vertex -2.950000e+02 -8.288916e+01 -1.920000e+02
         vertex -2.950000e+02 -7.491855e+01 -1.920000e+02
      endloop
   endfacet
   facet normal -1.000000e+00 0.000000e+00 0.000000e+00
      outer loop
         vertex -2.950000e+02 -9.500000e+01 -2.000000e+02
         vertex -2.950000e+02 -7.491855e+01 -1.920000e+02
         vertex -2.950000e+02 -6.624966e+01 -1.920000e+02
      endloop
   endfacet
   facet normal -1.000000e+00 0.000000e+00 -0.000000e+00
      outer loop
         vertex -2.950000e+02 -6.624966e+01 -1.920000e+02
         vertex -2.950000e+02 -5.685942e+01 -1.920000e+02
         vertex -2.950000e+02 -9.500000e+01 -2.000000e+02
      endloop
   endfacet
   facet normal -1.000000e+00 0.000000e+00 0.000000e+00
      outer loop
         vertex -2.950000e+02 -9.500000e+01 -2.000000e+02
         vertex -2.950000e+02 -5.685942e+01 -1.920000e+02
         vertex -2.950000e+02 -4.673362e+01 -1.920000e+02
      endloop
   endfacet
   facet normal -1.000000e+00 0.000000e+00 0.000000e+00
      outer loop
         vertex -2.950000e+02 -9.500000e+01 -2.000000e+02
         vertex -2.950000e+02 -4.673362e+01 -1.920000e+02
         vertex -2.950000e+02 -3.586323e+01 -1.920000e+02
      endloop
   endfacet
   facet normal -1.000000e+00 0.000000e+00 -0.000000e+00
      outer loop
         vertex -2.950000e+02 -2.424360e+01 -1.920000e+02
         vertex -2.950000e+02 -1.187349e+01 -1.920000e+02
         vertex -2.950000e+02 -9.500000e+01 -2.000000e+02
      endloop
   endfacet
   facet normal -1.000000e+00 0.000000e+00 0.000000e+00
      outer loop
         vertex -2.950000e+02 -9.500000e+01 -2.000000e+02
         vertex -2.950000e+02 -1.187349e+01 -1.920000e+02
         vertex -2.950000e+02 1.245026e+00 -1.920000e+02
      endloop
   endfacet
   facet normal -1.000000e+00 0.000000e+00 0.000000e+00
      outer loop
         vertex -2.950000e+02 -9.500000e+01 -2.000000e+02
         vertex -2.950000e+02 1.245026e+00 -1.920000e+02
         vertex -2.950000e+02 9.500000e+01 -2.000000e+02
      endloop
   endfacet
   facet normal -1.000000e+00 0.000000e+00 0.000000e+00
      outer loop
         vertex -2.950000e+02 9.500000e+01 -2.000000e+02
         vertex -2.950000e+02 1.245026e+00 -1.920000e+02
         vertex -2.950000e+02 1.510606e+01 -1.920000e+02
      endloop
   endfacet
   facet normal -1.000000e+00 0.000000e+00 0.000000e+00
      outer loop
         vertex -2.950000e+02 9.500000e+01 -2.000000e+02
         vertex -2.950000e+02 1.510606e+01 -1.920000e+02
         vertex -2.950000e+02 2.969891e+01 -1.920000e+02
      endloop
   endfacet
   facet normal -1.000000e+00 0.000000e+00 0.000000e+00
      outer loop
         vertex -2.950000e+02 2.969891e+01 -1.920000e+02
         vertex -2.950000e+02 4.500807e+01 -1.920000e+02
         vertex -2.950000e+02 9.500000e+01 -2.000000e+02
      endloop
   endfacet
   facet normal -1.000000e+00 0.000000e+00 0.000000e+00
      outer loop
         vertex -2.950000e+02 9.500000e+01 -2.000000e+02
         vertex -2.950000e+02 4.500807e+01 -1.920000e+02
         vertex -2.950000e+02 6.101286e+01 -1.920000e+02
      endloop
   endfacet
   facet normal -1.000000e+00 0.000000e+00 0.000000e+00
      outer loop
         vertex -2.950000e+02 9.500000e+01 -2.000000e+02
         vertex -2.950000e+02 6.101286e+01 -1.920000e+02
         vertex -2.950000e+02 7.768745e+01 -1.920000e+02
      endloop
   endfacet
   facet normal -9.950288e-02 0.000000e+00 9.950373e-01
      outer loop
         vertex -2.950000e+02 7.768745e+01 -1.920000e+02
         vertex -2.950000e+02 6.101286e+01 -1.920000e+02
         vertex -2.809871e+02 6.406739e+01 -1.905987e+02
      endloop
   endfacet
   facet normal -9.950200e-02 9.134798e-07 9.950374e-01
      outer loop
         vertex -2.809871e+02 6.406739e+01 -1.905987e+02
         vertex -2.788174e+02 7.293312e+01 -1.903818e+02
         vertex -2.950000e+02 7.768745e+01 -1.920000e+02
      endloop
   endfacet
   facet normal -9.950318e-02 -3.130829e-06 9.950372e-01
      outer loop
         vertex -2.950000e+02 7.768745e+01 -1.920000e+02
         vertex -2.788174e+02 7.293312e+01 -1.903818e+02
         vertex -2.782902e+02 7.491943e+01 -1.903290e+02
      endloop
   endfacet
   facet normal -9.950266e-02 0.000000e+00 9.950373e-01
      outer loop
         vertex -2.950000e+02 7.768745e+01 -1.920000e+02
         vertex -2.782902e+02 7.491943e+01 -1.903290e+02
         vertex -2.950000e+02 9.500000e+01 -1.920000e+02
      endloop
   endfacet
   facet normal -9.950342e-02 -6.385959e-07 9.950372e-01
      outer loop
         vertex -2.950000e+02 9.500000e+01 -1.920000e+02
         vertex -2.782902e+02 7.491943e+01 -1.903290e+02
         vertex -2.751748e+02 8.565766e+01 -1.900175e+02
      endloop
   endfacet
   facet normal -9.950295e-02 3.784563e-07 9.950373e-01
      outer loop
         vertex -2.950000e+02 9.500000e+01 -1.920000e+02
         vertex -2.751748e+02 8.565766e+01 -1.900175e+02
         vertex -2.720908e+02 9.500000e+01 -1.897091e+02
      endloop
   endfacet
   facet normal -9.950312e-02 0.000000e+00 9.950372e-01
      outer loop
         vertex -2.950000e+02 2.969891e+01 -1.920000e+02
         vertex -2.851163e+02 4.203676e+01 -1.910116e+02
         vertex -2.950000e+02 4.500807e+01 -1.920000e+02
      endloop
   endfacet
   facet normal -9.950266e-02 1.553103e-06 9.950373e-01
      outer loop
         vertex -2.950000e+02 4.500807e+01 -1.920000e+02
         vertex -2.851163e+02 4.203676e+01 -1.910116e+02
         vertex -2.840165e+02 4.891865e+01 -1.909017e+02
      endloop
   endfacet
   facet normal -9.950212e-02 0.000000e+00 9.950374e-01
      outer loop
         vertex -2.950000e+02 4.500807e+01 -1.920000e+02
         vertex -2.840165e+02 4.891865e+01 -1.909017e+02
         vertex -2.950000e+02 6.101286e+01 -1.920000e+02
      endloop
   endfacet
   facet normal -9.950560e-02 -3.199291e-06 9.950370e-01
      outer loop
         vertex -2.950000e+02 6.101286e+01 -1.920000e+02
         vertex -2.840165e+02 4.891865e+01 -1.909017e+02
         vertex -2.832635e+02 5.310533e+01 -1.908263e+02
      endloop
   endfacet
   facet normal -9.950302e-02 6.659167e-07 9.950373e-01
      outer loop
         vertex -2.950000e+02 6.101286e+01 -1.920000e+02
         vertex -2.832635e+02 5.310533e+01 -1.908263e+02
         vertex -2.809871e+02 6.406739e+01 -1.905987e+02
      endloop
   endfacet
   facet normal -9.950175e-02 -3.925422e-07 9.950374e-01
      outer loop
         vertex -2.879196e+02 1.267557e+01 -1.912920e+02
         vertex -2.872137e+02 2.380544e+01 -1.912214e+02
         vertex -2.950000e+02 2.969891e+01 -1.920000e+02
      endloop
   endfacet
   facet normal -9.950440e-02 -3.932575e-06 9.950371e-01
      outer loop
         vertex -2.872137e+02 2.380544e+01 -1.912214e+02
         vertex -2.871511e+02 2.454851e+01 -1.912151e+02
         vertex -2.950000e+02 2.969891e+01 -1.920000e+02
      endloop
   endfacet
   facet normal -9.950145e-02 6.198134e-07 9.950374e-01
      outer loop
         vertex -2.950000e+02 2.969891e+01 -1.920000e+02
         vertex -2.871511e+02 2.454851e+01 -1.912151e+02
         vertex -2.860754e+02 3.491750e+01 -1.911076e+02
      endloop
   endfacet
   facet normal -9.949929e-02 -3.101722e-06 9.950376e-01
      outer loop
         vertex -2.950000e+02 2.969891e+01 -1.920000e+02
         vertex -2.860754e+02 3.491750e+01 -1.911076e+02
         vertex -2.851163e+02 4.203676e+01 -1.910116e+02
      endloop
   endfacet
   facet normal -9.950162e-02 1.160876e-05 9.950374e-01
      outer loop
         vertex -2.881985e+02 -3.590248e-06 -1.913198e+02
         vertex -2.881944e+02 1.531946e+00 -1.913195e+02
         vertex -2.950000e+02 1.245026e+00 -1.920000e+02
      endloop
   endfacet
   facet normal -9.950114e-02 2.018478e-07 9.950374e-01
      outer loop
         vertex -2.950000e+02 1.245026e+00 -1.920000e+02
         vertex -2.881944e+02 1.531946e+00 -1.913195e+02
         vertex -2.879196e+02 1.267557e+01 -1.912920e+02
      endloop
   endfacet
   facet normal -9.950082e-02 0.000000e+00 9.950375e-01
      outer loop
         vertex -2.950000e+02 1.245026e+00 -1.920000e+02
         vertex -2.879196e+02 1.267557e+01 -1.912920e+02
         vertex -2.950000e+02 1.510606e+01 -1.920000e+02
      endloop
   endfacet
   facet normal -9.950082e-02 0.000000e+00 9.950375e-01
      outer loop
         vertex -2.950000e+02 1.510606e+01 -1.920000e+02
         vertex -2.879196e+02 1.267557e+01 -1.912920e+02
         vertex -2.950000e+02 2.969891e+01 -1.920000e+02
      endloop
   endfacet
   facet normal -9.950372e-02 0.000000e+00 9.950372e-01
      outer loop
         vertex -2.881985e+02 -3.590248e-06 -1.913198e+02
         vertex -2.950000e+02 1.245026e+00 -1.920000e+02
         vertex -2.880379e+02 -9.621348e+00 -1.913038e+02
      endloop
   endfacet
   facet normal -9.950372e-02 0.000000e+00 9.950372e-01
      outer loop
         vertex -2.880379e+02 -9.621348e+00 -1.913038e+02
         vertex -2.950000e+02 1.245026e+00 -1.920000e+02
         vertex -2.950000e+02 -1.187349e+01 -1.920000e+02
      endloop
   endfacet
   facet normal -9.950372e-02 0.000000e+00 9.950372e-01
      outer loop
         vertex -2.880379e+02 -9.621348e+00 -1.913038e+02
         vertex -2.950000e+02 -1.187349e+01 -1.920000e+02
         vertex -2.874484e+02 -2.078021e+01 -1.912448e+02
      endloop
   endfacet
   facet normal -9.950372e-02 0.000000e+00 9.950372e-01
      outer loop
         vertex -2.874484e+02 -2.078021e+01 -1.912448e+02
         vertex -2.950000e+02 -1.187349e+01 -1.920000e+02
         vertex -2.950000e+02 -2.424360e+01 -1.920000e+02
      endloop
   endfacet
   facet normal -9.950199e-02 -3.797299e-06 9.950374e-01
      outer loop
         vertex -2.874484e+02 -2.078021e+01 -1.912448e+02
         vertex -2.950000e+02 -2.424360e+01 -1.920000e+02
         vertex -2.871511e+02 -2.454854e+01 -1.912151e+02
      endloop
   endfacet
   facet normal -9.950185e-02 0.000000e+00 9.950374e-01
      outer loop
         vertex -2.871511e+02 -2.454854e+01 -1.912151e+02
         vertex -2.950000e+02 -2.424360e+01 -1.920000e+02
         vertex -2.950000e+02 -3.586323e+01 -1.920000e+02
      endloop
   endfacet
   facet normal -9.950308e-02 8.655127e-07 9.950373e-01
      outer loop
         vertex -2.871511e+02 -2.454854e+01 -1.912151e+02
         vertex -2.950000e+02 -3.586323e+01 -1.920000e+02
         vertex -2.864231e+02 -3.194049e+01 -1.911423e+02
      endloop
   endfacet
   facet normal -9.950309e-02 8.806670e-07 9.950373e-01
      outer loop
         vertex -2.864231e+02 -3.194049e+01 -1.911423e+02
         vertex -2.950000e+02 -3.586323e+01 -1.920000e+02
         vertex -2.849578e+02 -4.309794e+01 -1.909958e+02
      endloop
   endfacet
   facet normal -9.950372e-02 0.000000e+00 9.950372e-01
      outer loop
         vertex -2.849578e+02 -4.309794e+01 -1.909958e+02
         vertex -2.950000e+02 -3.586323e+01 -1.920000e+02
         vertex -2.950000e+02 -4.673362e+01 -1.920000e+02
      endloop
   endfacet
   facet normal -9.950268e-02 -2.887705e-06 9.950373e-01
      outer loop
         vertex -2.849578e+02 -4.309794e+01 -1.909958e+02
         vertex -2.950000e+02 -4.673362e+01 -1.920000e+02
         vertex -2.840165e+02 -4.891865e+01 -1.909017e+02
      endloop
   endfacet
   facet normal -9.950212e-02 0.000000e+00 9.950374e-01
      outer loop
         vertex -2.840165e+02 -4.891865e+01 -1.909017e+02
         vertex -2.950000e+02 -4.673362e+01 -1.920000e+02
         vertex -2.950000e+02 -5.685942e+01 -1.920000e+02
      endloop
   endfacet
   facet normal -9.950477e-02 3.702802e-06 9.950371e-01
      outer loop
         vertex -2.840165e+02 -4.891865e+01 -1.909017e+02
         vertex -2.950000e+02 -5.685942e+01 -1.920000e+02
         vertex -2.830469e+02 -5.424791e+01 -1.908047e+02
      endloop
   endfacet
   facet normal -9.950396e-02 0.000000e+00 9.950372e-01
      outer loop
         vertex -2.830469e+02 -5.424791e+01 -1.908047e+02
         vertex -2.950000e+02 -5.685942e+01 -1.920000e+02
         vertex -2.950000e+02 -6.624966e+01 -1.920000e+02
      endloop
   endfacet
   facet normal -9.950279e-02 -1.183606e-06 9.950373e-01
      outer loop
         vertex -2.830469e+02 -5.424791e+01 -1.908047e+02
         vertex -2.950000e+02 -6.624966e+01 -1.920000e+02
         vertex -2.812616e+02 -6.285129e+01 -1.906262e+02
      endloop
   endfacet
   facet normal -9.964096e-02 -1.851437e-02 9.948512e-01
      outer loop
         vertex -2.950000e+02 -9.649660e+01 -1.920296e+02
         vertex -2.715915e+02 -9.641819e+01 -1.896837e+02
         vertex -2.720543e+02 -9.510451e+01 -1.897056e+02
      endloop
   endfacet
   facet normal -9.950284e-02 -9.618775e-07 9.950373e-01
      outer loop
         vertex -2.812616e+02 -6.285129e+01 -1.906262e+02
         vertex -2.950000e+02 -6.624966e+01 -1.920000e+02
         vertex -2.788174e+02 -7.293309e+01 -1.903818e+02
      endloop
   endfacet
   facet normal -9.950245e-02 0.000000e+00 9.950373e-01
      outer loop
         vertex -2.788174e+02 -7.293309e+01 -1.903818e+02
         vertex -2.950000e+02 -6.624966e+01 -1.920000e+02
         vertex -2.950000e+02 -7.491855e+01 -1.920000e+02
      endloop
   endfacet
   facet normal -9.950606e-02 2.976141e-05 9.950370e-01
      outer loop
         vertex -2.788174e+02 -7.293309e+01 -1.903818e+02
         vertex -2.950000e+02 -7.491855e+01 -1.920000e+02
         vertex -2.786120e+02 -7.371386e+01 -1.903612e+02
      endloop
   endfacet
   facet normal -9.950390e-02 0.000000e+00 9.950372e-01
      outer loop
         vertex -2.786120e+02 -7.371386e+01 -1.903612e+02
         vertex -2.950000e+02 -7.491855e+01 -1.920000e+02
         vertex -2.950000e+02 -8.288916e+01 -1.920000e+02
      endloop
   endfacet
   facet normal -9.950295e-02 -1.709057e-06 9.950373e-01
      outer loop
         vertex -2.786120e+02 -7.371386e+01 -1.903612e+02
         vertex -2.950000e+02 -8.288916e+01 -1.920000e+02
         vertex -2.755428e+02 -8.446635e+01 -1.900543e+02
      endloop
   endfacet
   facet normal -9.950281e-02 0.000000e+00 9.950373e-01
      outer loop
         vertex -2.755428e+02 -8.446635e+01 -1.900543e+02
         vertex -2.950000e+02 -8.288916e+01 -1.920000e+02
         vertex -2.950000e+02 -9.020502e+01 -1.920000e+02
      endloop
   endfacet
   facet normal -9.949955e-02 -1.116434e-05 9.950376e-01
      outer loop
         vertex -2.755428e+02 -8.446635e+01 -1.900543e+02
         vertex -2.950000e+02 -9.020502e+01 -1.920000e+02
         vertex -2.720543e+02 -9.510451e+01 -1.897056e+02
      endloop
   endfacet
   facet normal -9.949719e-02 0.000000e+00 9.950378e-01
      outer loop
         vertex -2.720543e+02 -9.510451e+01 -1.897056e+02
         vertex -2.950000e+02 -9.020502e+01 -1.920000e+02
         vertex -2.950000e+02 -9.500000e+01 -1.920000e+02
      endloop
   endfacet
   facet normal -9.956675e-02 -1.971148e-02 9.948356e-01
      outer loop
         vertex -2.720543e+02 -9.510451e+01 -1.897056e+02
         vertex -2.950000e+02 -9.500000e+01 -1.920000e+02
         vertex -2.950000e+02 -9.649660e+01 -1.920296e+02
      endloop
   endfacet
   facet normal -9.924069e-02 -7.019361e-02 9.925846e-01
      outer loop
         vertex -2.715915e+02 -9.641819e+01 -1.896837e+02
         vertex -2.950000e+02 -9.649660e+01 -1.920296e+02
         vertex -2.705263e+02 -9.936747e+01 -1.897857e+02
      endloop
   endfacet
   facet normal -1.028595e-01 -1.036237e-01 9.892836e-01
      outer loop
         vertex -2.705263e+02 -9.936747e+01 -1.897857e+02
         vertex -2.950000e+02 -9.649660e+01 -1.920296e+02
         vertex -2.950000e+02 -1.012606e+02 -1.925287e+02
      endloop
   endfacet
   facet normal -1.002359e-01 -1.328610e-01 9.860531e-01
      outer loop
         vertex -2.705263e+02 -9.936747e+01 -1.897857e+02
         vertex -2.950000e+02 -1.012606e+02 -1.925287e+02
         vertex -2.697088e+02 -1.015655e+02 -1.899988e+02
      endloop
   endfacet
   facet normal -1.000323e-01 -1.835229e-01 9.779125e-01
      outer loop
         vertex -2.697088e+02 -1.015655e+02 -1.899988e+02
         vertex -2.950000e+02 -1.012606e+02 -1.925287e+02
         vertex -2.689417e+02 -1.035796e+02 -1.902983e+02
      endloop
   endfacet
   facet normal -1.031507e-01 -2.279000e-01 9.682053e-01
      outer loop
         vertex -2.689417e+02 -1.035796e+02 -1.902983e+02
         vertex -2.950000e+02 -1.012606e+02 -1.925287e+02
         vertex -2.950000e+02 -1.056303e+02 -1.935572e+02
      endloop
   endfacet
   facet normal -1.036851e-01 -2.228758e-01 9.693172e-01
      outer loop
         vertex -2.689417e+02 -1.035796e+02 -1.902983e+02
         vertex -2.950000e+02 -1.056303e+02 -1.935572e+02
         vertex -2.685051e+02 -1.047062e+02 -1.905106e+02
      endloop
   endfacet
   facet normal -1.015643e-01 -2.567113e-01 9.611368e-01
      outer loop
         vertex -2.685051e+02 -1.047062e+02 -1.905106e+02
         vertex -2.950000e+02 -1.056303e+02 -1.935572e+02
         vertex -2.678380e+02 -1.064012e+02 -1.908929e+02
      endloop
   endfacet
   facet normal -1.013000e-01 -3.476838e-01 9.321235e-01
      outer loop
         vertex -2.678380e+02 -1.064012e+02 -1.908929e+02
         vertex -2.950000e+02 -1.056303e+02 -1.935572e+02
         vertex -2.950000e+02 -1.096560e+02 -1.950588e+02
      endloop
   endfacet
   facet normal -1.079163e-01 -3.088930e-01 9.449546e-01
      outer loop
         vertex -2.678380e+02 -1.064012e+02 -1.908929e+02
         vertex -2.950000e+02 -1.096560e+02 -1.950588e+02
         vertex -2.669012e+02 -1.087296e+02 -1.915470e+02
      endloop
   endfacet
   facet normal -9.982109e-02 -4.096543e-01 9.067630e-01
      outer loop
         vertex -2.669012e+02 -1.087296e+02 -1.915470e+02
         vertex -2.950000e+02 -1.096560e+02 -1.950588e+02
         vertex -2.950000e+02 -1.098439e+02 -1.951437e+02
      endloop
   endfacet
   facet normal -1.020835e-01 -3.856213e-01 9.169924e-01
      outer loop
         vertex -2.669012e+02 -1.087296e+02 -1.915470e+02
         vertex -2.950000e+02 -1.098439e+02 -1.951437e+02
         vertex -2.653110e+02 -1.125542e+02 -1.929783e+02
      endloop
   endfacet
   facet normal -1.066462e-01 -4.668470e-01 8.778841e-01
      outer loop
         vertex -2.653110e+02 -1.125542e+02 -1.929783e+02
         vertex -2.950000e+02 -1.098439e+02 -1.951437e+02
         vertex -2.950000e+02 -1.132903e+02 -1.969764e+02
      endloop
   endfacet
   facet normal -1.048683e-01 -4.852417e-01 8.680686e-01
      outer loop
         vertex -2.653110e+02 -1.125542e+02 -1.929783e+02
         vertex -2.950000e+02 -1.132903e+02 -1.969764e+02
         vertex -2.637578e+02 -1.161474e+02 -1.947993e+02
      endloop
   endfacet
   facet normal -1.087747e-01 -5.675339e-01 8.161332e-01
      outer loop
         vertex -2.637578e+02 -1.161474e+02 -1.947993e+02
         vertex -2.950000e+02 -1.132903e+02 -1.969764e+02
         vertex -2.950000e+02 -1.160020e+02 -1.988621e+02
      endloop
   endfacet
   facet normal -1.083457e-01 -5.725861e-01 8.126539e-01
      outer loop
         vertex -2.637578e+02 -1.161474e+02 -1.947993e+02
         vertex -2.950000e+02 -1.160020e+02 -1.988621e+02
         vertex -2.626061e+02 -1.187283e+02 -1.964642e+02
      endloop
   endfacet
   facet normal -1.096219e-01 -6.173098e-01 7.790453e-01
      outer loop
         vertex -2.626061e+02 -1.187283e+02 -1.964642e+02
         vertex -2.950000e+02 -1.160020e+02 -1.988621e+02
         vertex -2.623845e+02 -1.192172e+02 -1.968204e+02
      endloop
   endfacet
   facet normal -1.113977e-01 -6.559856e-01 7.465075e-01
      outer loop
         vertex -2.623845e+02 -1.192172e+02 -1.968204e+02
         vertex -2.950000e+02 -1.160020e+02 -1.988621e+02
         vertex -2.950000e+02 -1.182943e+02 -2.008765e+02
      endloop
   endfacet
   facet normal -1.109484e-01 -6.615802e-01 7.416212e-01
      outer loop
         vertex -2.623845e+02 -1.192172e+02 -1.968204e+02
         vertex -2.950000e+02 -1.182943e+02 -2.008765e+02
         vertex -2.613096e+02 -1.215552e+02 -1.987453e+02
      endloop
   endfacet
   facet normal -1.134596e-01 -7.360993e-01 6.672966e-01
      outer loop
         vertex -2.613096e+02 -1.215552e+02 -1.987453e+02
         vertex -2.950000e+02 -1.182943e+02 -2.008765e+02
         vertex -2.950000e+02 -1.202047e+02 -2.029839e+02
      endloop
   endfacet
   facet normal -1.131620e-01 -7.391599e-01 6.639556e-01
      outer loop
         vertex -2.613096e+02 -1.215552e+02 -1.987453e+02
         vertex -2.950000e+02 -1.202047e+02 -2.029839e+02
         vertex -2.601461e+02 -1.240257e+02 -2.012973e+02
      endloop
   endfacet
   facet normal -1.162759e-01 -8.020466e-01 5.858337e-01
      outer loop
         vertex -2.601461e+02 -1.240257e+02 -2.012973e+02
         vertex -2.950000e+02 -1.202047e+02 -2.029839e+02
         vertex -2.595304e+02 -1.253090e+02 -2.029320e+02
      endloop
   endfacet
   facet normal -1.174930e-01 -8.106283e-01 5.736524e-01
      outer loop
         vertex -2.595304e+02 -1.253090e+02 -2.029320e+02
         vertex -2.950000e+02 -1.202047e+02 -2.029839e+02
         vertex -2.950000e+02 -1.219217e+02 -2.054102e+02
      endloop
   endfacet
   facet normal -1.172363e-01 -8.397077e-01 5.302326e-01
      outer loop
         vertex -2.595304e+02 -1.253090e+02 -2.029320e+02
         vertex -2.950000e+02 -1.219217e+02 -2.054102e+02
         vertex -2.591124e+02 -1.261712e+02 -2.042050e+02
      endloop
   endfacet
   facet normal -1.191280e-01 -8.707693e-01 4.770424e-01
      outer loop
         vertex -2.591124e+02 -1.261712e+02 -2.042050e+02
         vertex -2.950000e+02 -1.219217e+02 -2.054102e+02
         vertex -2.587042e+02 -1.270061e+02 -2.056270e+02
      endloop
   endfacet
   facet normal -1.201043e-01 -8.772181e-01 4.648263e-01
      outer loop
         vertex -2.587042e+02 -1.270061e+02 -2.056270e+02
         vertex -2.950000e+02 -1.219217e+02 -2.054102e+02
         vertex -2.950000e+02 -1.232329e+02 -2.078847e+02
      endloop
   endfacet
   facet normal -1.196273e-01 -9.001430e-01 4.188460e-01
      outer loop
         vertex -2.587042e+02 -1.270061e+02 -2.056270e+02
         vertex -2.950000e+02 -1.232329e+02 -2.078847e+02
         vertex -2.583453e+02 -1.277344e+02 -2.070897e+02
      endloop
   endfacet
   facet normal -1.214145e-01 -9.251461e-01 3.596710e-01
      outer loop
         vertex -2.583453e+02 -1.277344e+02 -2.070897e+02
         vertex -2.950000e+02 -1.232329e+02 -2.078847e+02
         vertex -2.580594e+02 -1.283111e+02 -2.084766e+02
      endloop
   endfacet
   facet normal -1.222822e-01 -9.299519e-01 3.467513e-01
      outer loop
         vertex -2.580594e+02 -1.283111e+02 -2.084766e+02
         vertex -2.950000e+02 -1.232329e+02 -2.078847e+02
         vertex -2.950000e+02 -1.241747e+02 -2.104103e+02
      endloop
   endfacet
   facet normal -1.215858e-01 -9.473356e-01 2.962635e-01
      outer loop
         vertex -2.580594e+02 -1.283111e+02 -2.084766e+02
         vertex -2.950000e+02 -1.241747e+02 -2.104103e+02
         vertex -2.577886e+02 -1.288542e+02 -2.101022e+02
      endloop
   endfacet
   facet normal -1.234829e-01 -9.673580e-01 2.212927e-01
      outer loop
         vertex -2.577886e+02 -1.288542e+02 -2.101022e+02
         vertex -2.950000e+02 -1.241747e+02 -2.104103e+02
         vertex -2.950000e+02 -1.247609e+02 -2.129731e+02
      endloop
   endfacet
   facet normal -1.224012e-01 -9.719797e-01 2.006823e-01
      outer loop
         vertex -2.577886e+02 -1.288542e+02 -2.101022e+02
         vertex -2.950000e+02 -1.247609e+02 -2.129731e+02
         vertex -2.574781e+02 -1.294735e+02 -2.129124e+02
      endloop
   endfacet
   facet normal -1.242626e-01 -9.882365e-01 8.914878e-02
      outer loop
         vertex -2.574781e+02 -1.294735e+02 -2.129124e+02
         vertex -2.950000e+02 -1.247609e+02 -2.129731e+02
         vertex -2.950000e+02 -1.249952e+02 -2.155705e+02
      endloop
   endfacet
   facet normal -1.234320e-01 -9.894913e-01 7.530974e-02
      outer loop
         vertex -2.574781e+02 -1.294735e+02 -2.129124e+02
         vertex -2.950000e+02 -1.249952e+02 -2.155705e+02
         vertex -2.573625e+02 -1.297031e+02 -2.157400e+02
      endloop
   endfacet
   facet normal -1.240622e-01 -9.922137e-01 1.098176e-02
      outer loop
         vertex -2.573625e+02 -1.297031e+02 -2.157400e+02
         vertex -2.950000e+02 -1.249952e+02 -2.155705e+02
         vertex -2.950000e+02 -1.250000e+02 -2.160000e+02
      endloop
   endfacet
   facet normal -1.239984e-01 -9.922823e-01 5.039899e-04
      outer loop
         vertex -2.573625e+02 -1.297031e+02 -2.157400e+02
         vertex -2.950000e+02 -1.250000e+02 -2.160000e+02
         vertex -2.573617e+02 -1.297048e+02 -2.187619e+02
      endloop
   endfacet
   facet normal -1.240348e-01 -9.922779e-01 0.000000e+00
      outer loop
         vertex -2.573617e+02 -1.297048e+02 -2.187619e+02
         vertex -2.950000e+02 -1.250000e+02 -2.160000e+02
         vertex -2.950000e+02 -1.250000e+02 -2.259196e+02
      endloop
   endfacet
   facet normal -1.240348e-01 -9.922779e-01 -0.000000e+00
      outer loop
         vertex -2.573617e+02 -1.297048e+02 -2.187619e+02
         vertex -2.950000e+02 -1.250000e+02 -2.259196e+02
         vertex -2.573617e+02 -1.297048e+02 -2.220115e+02
      endloop
   endfacet
   facet normal -1.240348e-01 -9.922779e-01 0.000000e+00
      outer loop
         vertex -2.950000e+02 -1.250000e+02 -2.312174e+02
         vertex -2.573617e+02 -1.297048e+02 -2.293048e+02
         vertex -2.950000e+02 -1.250000e+02 -2.259196e+02
      endloop
   endfacet
   facet normal -1.240348e-01 -9.922779e-01 0.000000e+00
      outer loop
         vertex -2.950000e+02 -1.250000e+02 -2.259196e+02
         vertex -2.573617e+02 -1.297048e+02 -2.293048e+02
         vertex -2.573617e+02 -1.297048e+02 -2.255214e+02
      endloop
   endfacet
   facet normal -1.240348e-01 -9.922779e-01 0.000000e+00
      outer loop
         vertex -2.950000e+02 -1.250000e+02 -2.259196e+02
         vertex -2.573617e+02 -1.297048e+02 -2.255214e+02
         vertex -2.573617e+02 -1.297048e+02 -2.220115e+02
      endloop
   endfacet
   facet normal -1.240348e-01 -9.922779e-01 0.000000e+00
      outer loop
         vertex -2.950000e+02 -1.250000e+02 -3.120000e+02
         vertex -2.573617e+02 -1.297048e+02 -2.860426e+02
         vertex -2.950000e+02 -1.250000e+02 -2.312174e+02
      endloop
   endfacet
   facet normal -1.240348e-01 -9.922779e-01 0.000000e+00
      outer loop
         vertex -2.950000e+02 -1.250000e+02 -2.312174e+02
         vertex -2.573617e+02 -1.297048e+02 -2.860426e+02
         vertex -2.573617e+02 -1.297048e+02 -2.472596e+02
      endloop
   endfacet
   facet normal -1.240348e-01 -9.922779e-01 0.000000e+00
      outer loop
         vertex -2.950000e+02 -1.250000e+02 -2.312174e+02
         vertex -2.573617e+02 -1.297048e+02 -2.472596e+02
         vertex -2.573617e+02 -1.297048e+02 -2.423438e+02
      endloop
   endfacet
   facet normal -1.240348e-01 -9.922779e-01 0.000000e+00
      outer loop
         vertex -2.573617e+02 -1.297048e+02 -2.423438e+02
         vertex -2.573617e+02 -1.297048e+02 -2.377135e+02
         vertex -2.950000e+02 -1.250000e+02 -2.312174e+02
      endloop
   endfacet
   facet normal -1.240348e-01 -9.922779e-01 0.000000e+00
      outer loop
         vertex -2.950000e+02 -1.250000e+02 -2.312174e+02
         vertex -2.573617e+02 -1.297048e+02 -2.377135e+02
         vertex -2.573617e+02 -1.297048e+02 -2.333678e+02
      endloop
   endfacet
   facet normal -1.240348e-01 -9.922779e-01 0.000000e+00
      outer loop
         vertex -2.950000e+02 -1.250000e+02 -2.312174e+02
         vertex -2.573617e+02 -1.297048e+02 -2.333678e+02
         vertex -2.573617e+02 -1.297048e+02 -2.293048e+02
      endloop
   endfacet
   facet normal -1.240348e-01 9.922779e-01 0.000000e+00
      outer loop
         vertex -2.573617e+02 1.297048e+02 -2.860426e+02
         vertex -2.950000e+02 1.250000e+02 -3.120000e+02
         vertex -2.573617e+02 1.297048e+02 -2.494622e+02
      endloop
   endfacet
   facet normal -1.240348e-01 9.922779e-01 0.000000e+00
      outer loop
         vertex -2.573617e+02 1.297048e+02 -2.494622e+02
         vertex -2.950000e+02 1.250000e+02 -3.120000e+02
         vertex -2.950000e+02 1.250000e+02 -2.418564e+02
      endloop
   endfacet
   facet normal -1.240348e-01 9.922779e-01 0.000000e+00
      outer loop
         vertex -2.573617e+02 1.297048e+02 -2.494622e+02
         vertex -2.950000e+02 1.250000e+02 -2.418564e+02
         vertex -2.573617e+02 1.297048e+02 -2.422840e+02
      endloop
   endfacet
   facet normal -1.240348e-01 9.922779e-01 0.000000e+00
      outer loop
         vertex -2.573617e+02 1.297048e+02 -2.422840e+02
         vertex -2.950000e+02 1.250000e+02 -2.418564e+02
         vertex -2.950000e+02 1.250000e+02 -2.359289e+02
      endloop
   endfacet
   facet normal -1.240348e-01 9.922779e-01 0.000000e+00
      outer loop
         vertex -2.573617e+02 1.297048e+02 -2.422840e+02
         vertex -2.950000e+02 1.250000e+02 -2.359289e+02
         vertex -2.573617e+02 1.297048e+02 -2.363275e+02
      endloop
   endfacet
   facet normal -1.240348e-01 9.922779e-01 0.000000e+00
      outer loop
         vertex -2.573617e+02 1.297048e+02 -2.363275e+02
         vertex -2.950000e+02 1.250000e+02 -2.359289e+02
         vertex -2.950000e+02 1.250000e+02 -2.301224e+02
      endloop
   endfacet
   facet normal -1.240348e-01 9.922779e-01 0.000000e+00
      outer loop
         vertex -2.573617e+02 1.297048e+02 -2.363275e+02
         vertex -2.950000e+02 1.250000e+02 -2.301224e+02
         vertex -2.573617e+02 1.297048e+02 -2.304570e+02
      endloop
   endfacet
   facet normal -1.240348e-01 9.922779e-01 0.000000e+00
      outer loop
         vertex -2.573617e+02 1.297048e+02 -2.304570e+02
         vertex -2.950000e+02 1.250000e+02 -2.301224e+02
         vertex -2.950000e+02 1.250000e+02 -2.244104e+02
      endloop
   endfacet
   facet normal -1.240348e-01 9.922779e-01 0.000000e+00
      outer loop
         vertex -2.573617e+02 1.297048e+02 -2.304570e+02
         vertex -2.950000e+02 1.250000e+02 -2.244104e+02
         vertex -2.573617e+02 1.297048e+02 -2.246429e+02
      endloop
   endfacet
   facet normal -1.240348e-01 9.922779e-01 0.000000e+00
      outer loop
         vertex -2.573617e+02 1.297048e+02 -2.246429e+02
         vertex -2.950000e+02 1.250000e+02 -2.244104e+02
         vertex -2.950000e+02 1.250000e+02 -2.171098e+02
      endloop
   endfacet
   facet normal -1.240348e-01 9.922779e-01 0.000000e+00
      outer loop
         vertex -2.573617e+02 1.297048e+02 -2.246429e+02
         vertex -2.950000e+02 1.250000e+02 -2.171098e+02
         vertex -2.573617e+02 1.297048e+02 -2.175840e+02
      endloop
   endfacet
   facet normal -1.240348e-01 9.922779e-01 0.000000e+00
      outer loop
         vertex -2.573617e+02 1.297048e+02 -2.175840e+02
         vertex -2.950000e+02 1.250000e+02 -2.171098e+02
         vertex -2.573617e+02 1.297048e+02 -2.162987e+02
      endloop
   endfacet
   facet normal -1.240348e-01 9.922779e-01 0.000000e+00
      outer loop
         vertex -2.573617e+02 1.297048e+02 -2.162987e+02
         vertex -2.950000e+02 1.250000e+02 -2.171098e+02
         vertex -2.950000e+02 1.250000e+02 -2.160000e+02
      endloop
   endfacet
   facet normal -1.234044e-01 9.907818e-01 5.588279e-02
      outer loop
         vertex -2.573617e+02 1.297048e+02 -2.162987e+02
         vertex -2.950000e+02 1.250000e+02 -2.160000e+02
         vertex -2.574541e+02 1.295212e+02 -2.132484e+02
      endloop
   endfacet
   facet normal -1.153262e-01 8.539125e-01 5.074775e-01
      outer loop
         vertex -2.950000e+02 1.213905e+02 -2.045864e+02
         vertex -2.584894e+02 1.274426e+02 -2.064728e+02
         vertex -2.950000e+02 1.227236e+02 -2.068294e+02
      endloop
   endfacet
   facet normal -1.231549e-01 9.258327e-01 3.573046e-01
      outer loop
         vertex -2.950000e+02 1.227236e+02 -2.068294e+02
         vertex -2.584894e+02 1.274426e+02 -2.064728e+02
         vertex -2.579291e+02 1.285727e+02 -2.092081e+02
      endloop
   endfacet
   facet normal -1.173888e-01 9.077605e-01 4.027291e-01
      outer loop
         vertex -2.950000e+02 1.227236e+02 -2.068294e+02
         vertex -2.579291e+02 1.285727e+02 -2.092081e+02
         vertex -2.950000e+02 1.237464e+02 -2.091350e+02
      endloop
   endfacet
   facet normal -1.235876e-01 9.534420e-01 2.750899e-01
      outer loop
         vertex -2.950000e+02 1.237464e+02 -2.091350e+02
         vertex -2.579291e+02 1.285727e+02 -2.092081e+02
         vertex -2.577541e+02 1.289232e+02 -2.103443e+02
      endloop
   endfacet
   facet normal -1.224858e-01 9.490663e-01 2.902936e-01
      outer loop
         vertex -2.950000e+02 1.237464e+02 -2.091350e+02
         vertex -2.577541e+02 1.289232e+02 -2.103443e+02
         vertex -2.950000e+02 1.244607e+02 -2.114701e+02
      endloop
   endfacet
   facet normal -1.224421e-01 9.745043e-01 1.880141e-01
      outer loop
         vertex -2.950000e+02 1.244607e+02 -2.114701e+02
         vertex -2.577541e+02 1.289232e+02 -2.103443e+02
         vertex -2.574541e+02 1.295212e+02 -2.132484e+02
      endloop
   endfacet
   facet normal -1.235434e-01 9.772285e-01 1.725153e-01
      outer loop
         vertex -2.950000e+02 1.244607e+02 -2.114701e+02
         vertex -2.574541e+02 1.295212e+02 -2.132484e+02
         vertex -2.950000e+02 1.248783e+02 -2.138359e+02
      endloop
   endfacet
   facet normal -1.233931e-01 9.907928e-01 5.571112e-02
      outer loop
         vertex -2.950000e+02 1.248783e+02 -2.138359e+02
         vertex -2.574541e+02 1.295212e+02 -2.132484e+02
         vertex -2.950000e+02 1.250000e+02 -2.160000e+02
      endloop
   endfacet
   facet normal -1.165090e-01 7.889753e-01 6.032773e-01
      outer loop
         vertex -2.950000e+02 1.197224e+02 -2.024048e+02
         vertex -2.598409e+02 1.246639e+02 -2.020773e+02
         vertex -2.950000e+02 1.213905e+02 -2.045864e+02
      endloop
   endfacet
   facet normal -1.162807e-01 8.247866e-01 5.533587e-01
      outer loop
         vertex -2.950000e+02 1.213905e+02 -2.045864e+02
         vertex -2.598409e+02 1.246639e+02 -2.020773e+02
         vertex -2.592150e+02 1.259602e+02 -2.038778e+02
      endloop
   endfacet
   facet normal -1.211189e-01 8.761240e-01 4.666229e-01
      outer loop
         vertex -2.950000e+02 1.213905e+02 -2.045864e+02
         vertex -2.592150e+02 1.259602e+02 -2.038778e+02
         vertex -2.584894e+02 1.274426e+02 -2.064728e+02
      endloop
   endfacet
   facet normal -1.111842e-01 6.405165e-01 7.598531e-01
      outer loop
         vertex -2.622878e+02 1.194299e+02 -1.969800e+02
         vertex -2.620176e+02 1.200215e+02 -1.974392e+02
         vertex -2.950000e+02 1.176952e+02 -2.003043e+02
      endloop
   endfacet
   facet normal -1.108142e-01 6.890857e-01 7.161572e-01
      outer loop
         vertex -2.950000e+02 1.176952e+02 -2.003043e+02
         vertex -2.620176e+02 1.200215e+02 -1.974392e+02
         vertex -2.608700e+02 1.224958e+02 -1.996424e+02
      endloop
   endfacet
   facet normal -1.139314e-01 7.148649e-01 6.899187e-01
      outer loop
         vertex -2.950000e+02 1.176952e+02 -2.003043e+02
         vertex -2.608700e+02 1.224958e+02 -1.996424e+02
         vertex -2.950000e+02 1.197224e+02 -2.024048e+02
      endloop
   endfacet
   facet normal -1.137475e-01 7.442525e-01 6.581411e-01
      outer loop
         vertex -2.950000e+02 1.197224e+02 -2.024048e+02
         vertex -2.608700e+02 1.224958e+02 -1.996424e+02
         vertex -2.604094e+02 1.234720e+02 -2.006667e+02
      endloop
   endfacet
   facet normal -1.155086e-01 7.811781e-01 6.135296e-01
      outer loop
         vertex -2.950000e+02 1.197224e+02 -2.024048e+02
         vertex -2.604094e+02 1.234720e+02 -2.006667e+02
         vertex -2.598409e+02 1.246639e+02 -2.020773e+02
      endloop
   endfacet
   facet normal -1.115634e-01 6.282016e-01 7.700106e-01
      outer loop
         vertex -2.622878e+02 1.194299e+02 -1.969800e+02
         vertex -2.950000e+02 1.176952e+02 -2.003043e+02
         vertex -2.623887e+02 1.192080e+02 -1.968136e+02
      endloop
   endfacet
   facet normal -1.112610e-01 6.355487e-01 7.640018e-01
      outer loop
         vertex -2.623887e+02 1.192080e+02 -1.968136e+02
         vertex -2.950000e+02 1.176952e+02 -2.003043e+02
         vertex -2.950000e+02 1.154910e+02 -1.984707e+02
      endloop
   endfacet
   facet normal -1.073555e-01 5.827799e-01 8.055075e-01
      outer loop
         vertex -2.623887e+02 1.192080e+02 -1.968136e+02
         vertex -2.950000e+02 1.154910e+02 -1.984707e+02
         vertex -2.636593e+02 1.163707e+02 -1.949302e+02
      endloop
   endfacet
   facet normal -1.090529e-01 5.483985e-01 8.290757e-01
      outer loop
         vertex -2.636593e+02 1.163707e+02 -1.949302e+02
         vertex -2.950000e+02 1.154910e+02 -1.984707e+02
         vertex -2.950000e+02 1.126723e+02 -1.966062e+02
      endloop
   endfacet
   facet normal -1.045532e-01 4.951161e-01 8.625130e-01
      outer loop
         vertex -2.636593e+02 1.163707e+02 -1.949302e+02
         vertex -2.950000e+02 1.126723e+02 -1.966062e+02
         vertex -2.650939e+02 1.130646e+02 -1.932062e+02
      endloop
   endfacet
   facet normal -1.067140e-01 4.497541e-01 8.867544e-01
      outer loop
         vertex -2.650939e+02 1.130646e+02 -1.932062e+02
         vertex -2.950000e+02 1.126723e+02 -1.966062e+02
         vertex -2.950000e+02 1.093843e+02 -1.949386e+02
      endloop
   endfacet
   facet normal -1.022361e-01 4.025875e-01 9.096544e-01
      outer loop
         vertex -2.650939e+02 1.130646e+02 -1.932062e+02
         vertex -2.950000e+02 1.093843e+02 -1.949386e+02
         vertex -2.665753e+02 1.095263e+02 -1.918067e+02
      endloop
   endfacet
   facet normal -1.045666e-01 3.429719e-01 9.335074e-01
      outer loop
         vertex -2.665753e+02 1.095263e+02 -1.918067e+02
         vertex -2.950000e+02 1.093843e+02 -1.949386e+02
         vertex -2.950000e+02 1.055971e+02 -1.935471e+02
      endloop
   endfacet
   facet normal -1.031197e-01 3.304360e-01 9.381782e-01
      outer loop
         vertex -2.665753e+02 1.095263e+02 -1.918067e+02
         vertex -2.950000e+02 1.055971e+02 -1.935471e+02
         vertex -2.674188e+02 1.074502e+02 -1.911683e+02
      endloop
   endfacet
   facet normal -1.000149e-01 2.534277e-01 9.621702e-01
      outer loop
         vertex -2.674188e+02 1.074502e+02 -1.911683e+02
         vertex -2.950000e+02 1.055971e+02 -1.935471e+02
         vertex -2.690086e+02 1.034057e+02 -1.902682e+02
      endloop
   endfacet
   facet normal -1.029261e-01 2.279479e-01 9.682179e-01
      outer loop
         vertex -2.690086e+02 1.034057e+02 -1.902682e+02
         vertex -2.950000e+02 1.055971e+02 -1.935471e+02
         vertex -2.950000e+02 1.012984e+02 -1.925351e+02
      endloop
   endfacet
   facet normal -1.000718e-01 1.820154e-01 9.781902e-01
      outer loop
         vertex -2.690086e+02 1.034057e+02 -1.902682e+02
         vertex -2.950000e+02 1.012984e+02 -1.925351e+02
         vertex -2.696895e+02 1.016166e+02 -1.900050e+02
      endloop
   endfacet
   facet normal -1.002240e-01 1.044618e-01 9.894660e-01
      outer loop
         vertex -2.696895e+02 1.016166e+02 -1.900050e+02
         vertex -2.950000e+02 1.012984e+02 -1.925351e+02
         vertex -2.950000e+02 9.651929e+01 -1.920306e+02
      endloop
   endfacet
   facet normal -1.058452e-01 1.340254e-01 9.853091e-01
      outer loop
         vertex -2.696895e+02 1.016166e+02 -1.900050e+02
         vertex -2.950000e+02 9.651929e+01 -1.920306e+02
         vertex -2.705694e+02 9.925002e+01 -1.897776e+02
      endloop
   endfacet
   facet normal -9.948300e-02 2.002204e-02 9.948378e-01
      outer loop
         vertex -2.950000e+02 9.500000e+01 -1.920000e+02
         vertex -2.720908e+02 9.500000e+01 -1.897091e+02
         vertex -2.950000e+02 9.651929e+01 -1.920306e+02
      endloop
   endfacet
   facet normal -9.966975e-02 1.725678e-02 9.948709e-01
      outer loop
         vertex -2.950000e+02 9.651929e+01 -1.920306e+02
         vertex -2.720908e+02 9.500000e+01 -1.897091e+02
         vertex -2.715915e+02 9.641811e+01 -1.896837e+02
      endloop
   endfacet
   facet normal -9.922830e-02 6.873988e-02 9.926876e-01
      outer loop
         vertex -2.950000e+02 9.651929e+01 -1.920306e+02
         vertex -2.715915e+02 9.641811e+01 -1.896837e+02
         vertex -2.705694e+02 9.925002e+01 -1.897776e+02
      endloop
   endfacet
   facet normal 0.000000e+00 -1.000000e+00 0.000000e+00
      outer loop
         vertex -2.920000e+02 1.150000e+02 -3.520000e+02
         vertex -2.920000e+02 1.150000e+02 -2.160000e+02
         vertex -2.950000e+02 1.150000e+02 -3.520000e+02
      endloop
   endfacet
   facet normal 0.000000e+00 -1.000000e+00 0.000000e+00
      outer loop
         vertex -2.950000e+02 1.150000e+02 -3.520000e+02
         vertex -2.920000e+02 1.150000e+02 -2.160000e+02
         vertex -2.950000e+02 1.150000e+02 -2.160000e+02
      endloop
   endfacet
   facet normal -0.000000e+00 -8.032625e-02 -9.967686e-01
      outer loop
         vertex -2.920000e+02 9.500000e+01 -2.000000e+02
         vertex -2.950000e+02 9.500000e+01 -2.000000e+02
         vertex -2.950000e+02 9.898885e+01 -2.003215e+02
      endloop
   endfacet
   facet normal 0.000000e+00 -8.032625e-02 -9.967686e-01
      outer loop
         vertex -2.920000e+02 9.500000e+01 -2.000000e+02
         vertex -2.950000e+02 9.898885e+01 -2.003215e+02
         vertex -2.920000e+02 9.898885e+01 -2.003215e+02
      endloop
   endfacet
   facet normal -0.000000e+00 -2.349374e-01 -9.720105e-01
      outer loop
         vertex -2.920000e+02 9.898885e+01 -2.003215e+02
         vertex -2.950000e+02 9.898885e+01 -2.003215e+02
         vertex -2.950000e+02 1.025303e+02 -2.011774e+02
      endloop
   endfacet
   facet normal 0.000000e+00 -2.349374e-01 -9.720105e-01
      outer loop
         vertex -2.920000e+02 9.898885e+01 -2.003215e+02
         vertex -2.950000e+02 1.025303e+02 -2.011774e+02
         vertex -2.920000e+02 1.025303e+02 -2.011774e+02
      endloop
   endfacet
   facet normal -0.000000e+00 -3.802609e-01 -9.248793e-01
      outer loop
         vertex -2.920000e+02 1.025303e+02 -2.011774e+02
         vertex -2.950000e+02 1.025303e+02 -2.011774e+02
         vertex -2.950000e+02 1.056818e+02 -2.024731e+02
      endloop
   endfacet
   facet normal 0.000000e+00 -3.802609e-01 -9.248793e-01
      outer loop
         vertex -2.920000e+02 1.025303e+02 -2.011774e+02
         vertex -2.950000e+02 1.056818e+02 -2.024731e+02
         vertex -2.920000e+02 1.056818e+02 -2.024731e+02
      endloop
   endfacet
   facet normal -0.000000e+00 -5.158128e-01 -8.567013e-01
      outer loop
         vertex -2.920000e+02 1.056818e+02 -2.024731e+02
         vertex -2.950000e+02 1.056818e+02 -2.024731e+02
         vertex -2.950000e+02 1.082913e+02 -2.040443e+02
      endloop
   endfacet
   facet normal 0.000000e+00 -5.158128e-01 -8.567013e-01
      outer loop
         vertex -2.920000e+02 1.056818e+02 -2.024731e+02
         vertex -2.950000e+02 1.082913e+02 -2.040443e+02
         vertex -2.920000e+02 1.082913e+02 -2.040443e+02
      endloop
   endfacet
   facet normal -0.000000e+00 -6.399758e-01 -7.683950e-01
      outer loop
         vertex -2.920000e+02 1.082913e+02 -2.040443e+02
         vertex -2.950000e+02 1.082913e+02 -2.040443e+02
         vertex -2.950000e+02 1.104676e+02 -2.058569e+02
      endloop
   endfacet
   facet normal 0.000000e+00 -6.399758e-01 -7.683950e-01
      outer loop
         vertex -2.920000e+02 1.082913e+02 -2.040443e+02
         vertex -2.950000e+02 1.104676e+02 -2.058569e+02
         vertex -2.920000e+02 1.104676e+02 -2.058569e+02
      endloop
   endfacet
   facet normal -0.000000e+00 -7.510633e-01 -6.602302e-01
      outer loop
         vertex -2.920000e+02 1.104676e+02 -2.058569e+02
         vertex -2.950000e+02 1.104676e+02 -2.058569e+02
         vertex -2.950000e+02 1.121628e+02 -2.077853e+02
      endloop
   endfacet
   facet normal 0.000000e+00 -7.510633e-01 -6.602302e-01
      outer loop
         vertex -2.920000e+02 1.104676e+02 -2.058569e+02
         vertex -2.950000e+02 1.121628e+02 -2.077853e+02
         vertex -2.920000e+02 1.121628e+02 -2.077853e+02
      endloop
   endfacet
   facet normal -0.000000e+00 -8.475659e-01 -5.306902e-01
      outer loop
         vertex -2.920000e+02 1.121628e+02 -2.077853e+02
         vertex -2.950000e+02 1.121628e+02 -2.077853e+02
         vertex -2.950000e+02 1.135013e+02 -2.099231e+02
      endloop
   endfacet
   facet normal 0.000000e+00 -8.475659e-01 -5.306902e-01
      outer loop
         vertex -2.920000e+02 1.121628e+02 -2.077853e+02
         vertex -2.950000e+02 1.135013e+02 -2.099231e+02
         vertex -2.920000e+02 1.135013e+02 -2.099231e+02
      endloop
   endfacet
   facet normal -0.000000e+00 -9.223154e-01 -3.864380e-01
      outer loop
         vertex -2.920000e+02 1.135013e+02 -2.099231e+02
         vertex -2.950000e+02 1.135013e+02 -2.099231e+02
         vertex -2.950000e+02 1.143418e+02 -2.119291e+02
      endloop
   endfacet
   facet normal 0.000000e+00 -9.223154e-01 -3.864380e-01
      outer loop
         vertex -2.920000e+02 1.135013e+02 -2.099231e+02
         vertex -2.950000e+02 1.143418e+02 -2.119291e+02
         vertex -2.920000e+02 1.143418e+02 -2.119291e+02
      endloop
   endfacet
   facet normal -0.000000e+00 -9.713725e-01 -2.375615e-01
      outer loop
         vertex -2.920000e+02 1.143418e+02 -2.119291e+02
         vertex -2.950000e+02 1.143418e+02 -2.119291e+02
         vertex -2.950000e+02 1.148334e+02 -2.139393e+02
      endloop
   endfacet
   facet normal 0.000000e+00 -9.713725e-01 -2.375615e-01
      outer loop
         vertex -2.920000e+02 1.143418e+02 -2.119291e+02
         vertex -2.950000e+02 1.148334e+02 -2.139393e+02
         vertex -2.920000e+02 1.148334e+02 -2.139393e+02
      endloop
   endfacet
   facet normal -0.000000e+00 -9.967490e-01 -8.056980e-02
      outer loop
         vertex -2.920000e+02 1.148334e+02 -2.139393e+02
         vertex -2.950000e+02 1.148334e+02 -2.139393e+02
         vertex -2.950000e+02 1.150000e+02 -2.160000e+02
      endloop
   endfacet
   facet normal 0.000000e+00 -9.967490e-01 -8.056980e-02
      outer loop
         vertex -2.920000e+02 1.148334e+02 -2.139393e+02
         vertex -2.950000e+02 1.150000e+02 -2.160000e+02
         vertex -2.920000e+02 1.150000e+02 -2.160000e+02
      endloop
   endfacet
   facet normal -0.000000e+00 -0.000000e+00 -1.000000e+00
      outer loop
         vertex -2.920000e+02 9.500000e+01 -2.000000e+02
         vertex -2.920000e+02 -9.500000e+01 -2.000000e+02
         vertex -2.950000e+02 9.500000e+01 -2.000000e+02
      endloop
   endfacet
   facet normal 0.000000e+00 0.000000e+00 -1.000000e+00
      outer loop
         vertex -2.950000e+02 9.500000e+01 -2.000000e+02
         vertex -2.920000e+02 -9.500000e+01 -2.000000e+02
         vertex -2.950000e+02 -9.500000e+01 -2.000000e+02
      endloop
   endfacet
   facet normal 0.000000e+00 9.965915e-01 -8.249440e-02
      outer loop
         vertex -2.920000e+02 -1.150000e+02 -2.160000e+02
         vertex -2.950000e+02 -1.150000e+02 -2.160000e+02
         vertex -2.950000e+02 -1.148254e+02 -2.138902e+02
      endloop
   endfacet
   facet normal 0.000000e+00 9.965915e-01 -8.249440e-02
      outer loop
         vertex -2.920000e+02 -1.150000e+02 -2.160000e+02
         vertex -2.950000e+02 -1.148254e+02 -2.138902e+02
         vertex -2.920000e+02 -1.148254e+02 -2.138902e+02
      endloop
   endfacet
   facet normal 0.000000e+00 9.699125e-01 -2.434537e-01
      outer loop
         vertex -2.920000e+02 -1.148254e+02 -2.138902e+02
         vertex -2.950000e+02 -1.148254e+02 -2.138902e+02
         vertex -2.950000e+02 -1.143066e+02 -2.118235e+02
      endloop
   endfacet
   facet normal 0.000000e+00 9.699125e-01 -2.434537e-01
      outer loop
         vertex -2.920000e+02 -1.148254e+02 -2.138902e+02
         vertex -2.950000e+02 -1.143066e+02 -2.118235e+02
         vertex -2.920000e+02 -1.143066e+02 -2.118235e+02
      endloop
   endfacet
   facet normal 0.000000e+00 9.189726e-01 -3.943214e-01
      outer loop
         vertex -2.920000e+02 -1.143066e+02 -2.118235e+02
         vertex -2.950000e+02 -1.143066e+02 -2.118235e+02
         vertex -2.950000e+02 -1.134426e+02 -2.098099e+02
      endloop
   endfacet
   facet normal 0.000000e+00 9.189726e-01 -3.943214e-01
      outer loop
         vertex -2.920000e+02 -1.143066e+02 -2.118235e+02
         vertex -2.950000e+02 -1.134426e+02 -2.098099e+02
         vertex -2.920000e+02 -1.134426e+02 -2.098099e+02
      endloop
   endfacet
   facet normal 0.000000e+00 8.443487e-01 -5.357941e-01
      outer loop
         vertex -2.920000e+02 -1.134426e+02 -2.098099e+02
         vertex -2.950000e+02 -1.134426e+02 -2.098099e+02
         vertex -2.950000e+02 -1.121310e+02 -2.077430e+02
      endloop
   endfacet
   facet normal 0.000000e+00 8.443487e-01 -5.357941e-01
      outer loop
         vertex -2.920000e+02 -1.134426e+02 -2.098099e+02
         vertex -2.950000e+02 -1.121310e+02 -2.077430e+02
         vertex -2.920000e+02 -1.121310e+02 -2.077430e+02
      endloop
   endfacet
   facet normal 0.000000e+00 7.507942e-01 -6.605362e-01
      outer loop
         vertex -2.920000e+02 -1.121310e+02 -2.077430e+02
         vertex -2.950000e+02 -1.121310e+02 -2.077430e+02
         vertex -2.950000e+02 -1.104968e+02 -2.058855e+02
      endloop
   endfacet
   facet normal 0.000000e+00 7.507942e-01 -6.605362e-01
      outer loop
         vertex -2.920000e+02 -1.121310e+02 -2.077430e+02
         vertex -2.950000e+02 -1.104968e+02 -2.058855e+02
         vertex -2.920000e+02 -1.104968e+02 -2.058855e+02
      endloop
   endfacet
   facet normal 0.000000e+00 6.447799e-01 -7.643683e-01
      outer loop
         vertex -2.920000e+02 -1.104968e+02 -2.058855e+02
         vertex -2.950000e+02 -1.104968e+02 -2.058855e+02
         vertex -2.950000e+02 -1.084460e+02 -2.041555e+02
      endloop
   endfacet
   facet normal 0.000000e+00 6.447799e-01 -7.643683e-01
      outer loop
         vertex -2.920000e+02 -1.104968e+02 -2.058855e+02
         vertex -2.950000e+02 -1.084460e+02 -2.041555e+02
         vertex -2.920000e+02 -1.084460e+02 -2.041555e+02
      endloop
   endfacet
   facet normal 0.000000e+00 5.203226e-01 -8.539698e-01
      outer loop
         vertex -2.920000e+02 -1.084460e+02 -2.041555e+02
         vertex -2.950000e+02 -1.084460e+02 -2.041555e+02
         vertex -2.950000e+02 -1.056996e+02 -2.024821e+02
      endloop
   endfacet
   facet normal 0.000000e+00 5.203226e-01 -8.539698e-01
      outer loop
         vertex -2.920000e+02 -1.084460e+02 -2.041555e+02
         vertex -2.950000e+02 -1.056996e+02 -2.024821e+02
         vertex -2.920000e+02 -1.056996e+02 -2.024821e+02
      endloop
   endfacet
   facet normal 0.000000e+00 3.865729e-01 -9.222588e-01
      outer loop
         vertex -2.920000e+02 -1.056996e+02 -2.024821e+02
         vertex -2.950000e+02 -1.056996e+02 -2.024821e+02
         vertex -2.950000e+02 -1.028024e+02 -2.012678e+02
      endloop
   endfacet
   facet normal 0.000000e+00 3.865729e-01 -9.222588e-01
      outer loop
         vertex -2.920000e+02 -1.056996e+02 -2.024821e+02
         vertex -2.950000e+02 -1.028024e+02 -2.012678e+02
         vertex -2.920000e+02 -1.028024e+02 -2.012678e+02
      endloop
   endfacet
   facet normal 0.000000e+00 2.526121e-01 -9.675676e-01
      outer loop
         vertex -2.920000e+02 -1.028024e+02 -2.012678e+02
         vertex -2.950000e+02 -1.028024e+02 -2.012678e+02
         vertex -2.950000e+02 -9.956247e+01 -2.004219e+02
      endloop
   endfacet
   facet normal 0.000000e+00 2.526121e-01 -9.675676e-01
      outer loop
         vertex -2.920000e+02 -1.028024e+02 -2.012678e+02
         vertex -2.950000e+02 -9.956247e+01 -2.004219e+02
         vertex -2.920000e+02 -9.956247e+01 -2.004219e+02
      endloop
   endfacet
   facet normal 0.000000e+00 1.145721e-01 -9.934149e-01
      outer loop
         vertex -2.920000e+02 -9.956247e+01 -2.004219e+02
         vertex -2.950000e+02 -9.956247e+01 -2.004219e+02
         vertex -2.950000e+02 -9.612335e+01 -2.000252e+02
      endloop
   endfacet
   facet normal 0.000000e+00 1.145721e-01 -9.934149e-01
      outer loop
         vertex -2.920000e+02 -9.956247e+01 -2.004219e+02
         vertex -2.950000e+02 -9.612335e+01 -2.000252e+02
         vertex -2.920000e+02 -9.612335e+01 -2.000252e+02
      endloop
   endfacet
   facet normal 0.000000e+00 2.246520e-02 -9.997476e-01
      outer loop
         vertex -2.920000e+02 -9.612335e+01 -2.000252e+02
         vertex -2.950000e+02 -9.612335e+01 -2.000252e+02
         vertex -2.950000e+02 -9.500000e+01 -2.000000e+02
      endloop
   endfacet
   facet normal 0.000000e+00 2.246520e-02 -9.997476e-01
      outer loop
         vertex -2.920000e+02 -9.612335e+01 -2.000252e+02
         vertex -2.950000e+02 -9.500000e+01 -2.000000e+02
         vertex -2.920000e+02 -9.500000e+01 -2.000000e+02
      endloop
   endfacet
   facet normal 0.000000e+00 1.000000e+00 0.000000e+00
      outer loop
         vertex -2.920000e+02 -1.150000e+02 -2.160000e+02
         vertex -2.920000e+02 -1.150000e+02 -3.520000e+02
         vertex -2.950000e+02 -1.150000e+02 -2.160000e+02
      endloop
   endfacet
   facet normal 0.000000e+00 1.000000e+00 0.000000e+00
      outer loop
         vertex -2.950000e+02 -1.150000e+02 -2.160000e+02
         vertex -2.920000e+02 -1.150000e+02 -3.520000e+02
         vertex -2.950000e+02 -1.150000e+02 -3.520000e+02
      endloop
   endfacet
   facet normal -1.000000e+00 0.000000e+00 0.000000e+00
      outer loop
         vertex -2.920000e+02 -9.500000e+01 -2.000000e+02
         vertex -2.920000e+02 -1.150000e+02 -3.520000e+02
         vertex -2.920000e+02 -1.150000e+02 -2.160000e+02
      endloop
   endfacet
   facet normal -1.000000e+00 0.000000e+00 -0.000000e+00
      outer loop
         vertex -2.920000e+02 -1.028024e+02 -2.012678e+02
         vertex -2.920000e+02 -9.956247e+01 -2.004219e+02
         vertex -2.920000e+02 -1.150000e+02 -2.160000e+02
      endloop
   endfacet
   facet normal -1.000000e+00 0.000000e+00 0.000000e+00
      outer loop
         vertex -2.920000e+02 -1.150000e+02 -2.160000e+02
         vertex -2.920000e+02 -9.956247e+01 -2.004219e+02
         vertex -2.920000e+02 -9.612335e+01 -2.000252e+02
      endloop
   endfacet
   facet normal -1.000000e+00 0.000000e+00 0.000000e+00
      outer loop
         vertex -2.920000e+02 -1.150000e+02 -2.160000e+02
         vertex -2.920000e+02 -9.612335e+01 -2.000252e+02
         vertex -2.920000e+02 -9.500000e+01 -2.000000e+02
      endloop
   endfacet
   facet normal -1.000000e+00 0.000000e+00 0.000000e+00
      outer loop
         vertex -2.920000e+02 1.025303e+02 -2.011774e+02
         vertex -2.920000e+02 1.056818e+02 -2.024731e+02
         vertex -2.920000e+02 1.150000e+02 -2.160000e+02
      endloop
   endfacet
   facet normal -1.000000e+00 0.000000e+00 0.000000e+00
      outer loop
         vertex -2.920000e+02 -1.150000e+02 -3.520000e+02
         vertex -2.920000e+02 -9.500000e+01 -2.000000e+02
         vertex -2.920000e+02 1.150000e+02 -3.520000e+02
      endloop
   endfacet
   facet normal -1.000000e+00 0.000000e+00 0.000000e+00
      outer loop
         vertex -2.920000e+02 1.150000e+02 -3.520000e+02
         vertex -2.920000e+02 -9.500000e+01 -2.000000e+02
         vertex -2.920000e+02 9.500000e+01 -2.000000e+02
      endloop
   endfacet
   facet normal -1.000000e+00 0.000000e+00 0.000000e+00
      outer loop
         vertex -2.920000e+02 1.150000e+02 -3.520000e+02
         vertex -2.920000e+02 9.500000e+01 -2.000000e+02
         vertex -2.920000e+02 1.150000e+02 -2.160000e+02
      endloop
   endfacet
   facet normal -1.000000e+00 0.000000e+00 0.000000e+00
      outer loop
         vertex -2.920000e+02 1.150000e+02 -2.160000e+02
         vertex -2.920000e+02 9.500000e+01 -2.000000e+02
         vertex -2.920000e+02 9.898885e+01 -2.003215e+02
      endloop
   endfacet
   facet normal -1.000000e+00 0.000000e+00 0.000000e+00
      outer loop
         vertex -2.920000e+02 1.150000e+02 -2.160000e+02
         vertex -2.920000e+02 9.898885e+01 -2.003215e+02
         vertex -2.920000e+02 1.025303e+02 -2.011774e+02
      endloop
   endfacet
   facet normal -1.000000e+00 0.000000e+00 0.000000e+00
      outer loop
         vertex -2.920000e+02 -1.143066e+02 -2.118235e+02
         vertex -2.920000e+02 -1.134426e+02 -2.098099e+02
         vertex -2.920000e+02 -1.121310e+02 -2.077430e+02
      endloop
   endfacet
   facet normal -1.000000e+00 0.000000e+00 -0.000000e+00
      outer loop
         vertex -2.920000e+02 -1.104968e+02 -2.058855e+02
         vertex -2.920000e+02 -1.084460e+02 -2.041555e+02
         vertex -2.920000e+02 -1.150000e+02 -2.160000e+02
      endloop
   endfacet
   facet normal -1.000000e+00 0.000000e+00 0.000000e+00
      outer loop
         vertex -2.920000e+02 -1.150000e+02 -2.160000e+02
         vertex -2.920000e+02 -1.084460e+02 -2.041555e+02
         vertex -2.920000e+02 -1.056996e+02 -2.024821e+02
      endloop
   endfacet
   facet normal -1.000000e+00 0.000000e+00 0.000000e+00
      outer loop
         vertex -2.920000e+02 -1.150000e+02 -2.160000e+02
         vertex -2.920000e+02 -1.056996e+02 -2.024821e+02
         vertex -2.920000e+02 -1.028024e+02 -2.012678e+02
      endloop
   endfacet
   facet normal -1.000000e+00 -0.000000e+00 -0.000000e+00
      outer loop
         vertex -2.920000e+02 1.135013e+02 -2.099231e+02
         vertex -2.920000e+02 1.143418e+02 -2.119291e+02
         vertex -2.920000e+02 1.121628e+02 -2.077853e+02
      endloop
   endfacet
   facet normal -1.000000e+00 -0.000000e+00 -0.000000e+00
      outer loop
         vertex -2.920000e+02 1.121628e+02 -2.077853e+02
         vertex -2.920000e+02 1.143418e+02 -2.119291e+02
         vertex -2.920000e+02 1.104676e+02 -2.058569e+02
      endloop
   endfacet
   facet normal -1.000000e+00 0.000000e+00 0.000000e+00
      outer loop
         vertex -2.920000e+02 1.056818e+02 -2.024731e+02
         vertex -2.920000e+02 1.082913e+02 -2.040443e+02
         vertex -2.920000e+02 1.150000e+02 -2.160000e+02
      endloop
   endfacet
   facet normal -1.000000e+00 0.000000e+00 0.000000e+00
      outer loop
         vertex -2.920000e+02 1.150000e+02 -2.160000e+02
         vertex -2.920000e+02 1.082913e+02 -2.040443e+02
         vertex -2.920000e+02 1.104676e+02 -2.058569e+02
      endloop
   endfacet
   facet normal -1.000000e+00 0.000000e+00 0.000000e+00
      outer loop
         vertex -2.920000e+02 1.150000e+02 -2.160000e+02
         vertex -2.920000e+02 1.104676e+02 -2.058569e+02
         vertex -2.920000e+02 1.148334e+02 -2.139393e+02
      endloop
   endfacet
   facet normal -1.000000e+00 0.000000e+00 0.000000e+00
      outer loop
         vertex -2.920000e+02 1.148334e+02 -2.139393e+02
         vertex -2.920000e+02 1.104676e+02 -2.058569e+02
         vertex -2.920000e+02 1.143418e+02 -2.119291e+02
      endloop
   endfacet
   facet normal -1.000000e+00 0.000000e+00 0.000000e+00
      outer loop
         vertex -2.920000e+02 -1.104968e+02 -2.058855e+02
         vertex -2.920000e+02 -1.150000e+02 -2.160000e+02
         vertex -2.920000e+02 -1.121310e+02 -2.077430e+02
      endloop
   endfacet
   facet normal -1.000000e+00 0.000000e+00 0.000000e+00
      outer loop
         vertex -2.920000e+02 -1.121310e+02 -2.077430e+02
         vertex -2.920000e+02 -1.150000e+02 -2.160000e+02
         vertex -2.920000e+02 -1.148254e+02 -2.138902e+02
      endloop
   endfacet
   facet normal -1.000000e+00 0.000000e+00 0.000000e+00
      outer loop
         vertex -2.920000e+02 -1.121310e+02 -2.077430e+02
         vertex -2.920000e+02 -1.148254e+02 -2.138902e+02
         vertex -2.920000e+02 -1.143066e+02 -2.118235e+02
      endloop
   endfacet
   facet normal 1.000000e+00 -0.000000e+00 0.000000e+00
      outer loop
         vertex 2.950000e+02 -2.160045e+02 -3.361043e+02
         vertex 2.950000e+02 -2.126151e+02 -3.366563e+02
         vertex 2.950000e+02 -1.250000e+02 -3.120000e+02
      endloop
   endfacet
   facet normal 1.000000e+00 0.000000e+00 0.000000e+00
      outer loop
         vertex 2.950000e+02 -1.250000e+02 -3.120000e+02
         vertex 2.950000e+02 -2.126151e+02 -3.366563e+02
         vertex 2.950000e+02 -2.094725e+02 -3.376367e+02
      endloop
   endfacet
   facet normal 1.000000e+00 0.000000e+00 0.000000e+00
      outer loop
         vertex 2.950000e+02 -1.250000e+02 -3.120000e+02
         vertex 2.950000e+02 -2.094725e+02 -3.376367e+02
         vertex 2.950000e+02 -2.066988e+02 -3.389579e+02
      endloop
   endfacet
   facet normal 1.000000e+00 0.000000e+00 -0.000000e+00
      outer loop
         vertex 2.950000e+02 3.400000e+02 -3.360000e+02
         vertex 2.950000e+02 3.400000e+02 -3.120000e+02
         vertex 2.950000e+02 2.182843e+02 -3.360000e+02
      endloop
   endfacet
   facet normal 1.000000e+00 0.000000e+00 -0.000000e+00
      outer loop
         vertex 2.950000e+02 2.182843e+02 -3.360000e+02
         vertex 2.950000e+02 3.400000e+02 -3.120000e+02
         vertex 2.950000e+02 1.250000e+02 -3.120000e+02
      endloop
   endfacet
   facet normal 1.000000e+00 0.000000e+00 0.000000e+00
      outer loop
         vertex 2.950000e+02 2.182843e+02 -3.360000e+02
         vertex 2.950000e+02 1.250000e+02 -3.120000e+02
         vertex 2.950000e+02 2.142954e+02 -3.363215e+02
      endloop
   endfacet
   facet normal 1.000000e+00 0.000000e+00 0.000000e+00
      outer loop
         vertex 2.950000e+02 2.142954e+02 -3.363215e+02
         vertex 2.950000e+02 1.250000e+02 -3.120000e+02
         vertex 2.950000e+02 2.107540e+02 -3.371774e+02
      endloop
   endfacet
   facet normal 1.000000e+00 0.000000e+00 -0.000000e+00
      outer loop
         vertex 2.950000e+02 1.250000e+02 -3.120000e+02
         vertex 2.950000e+02 1.250000e+02 -2.418564e+02
         vertex 2.950000e+02 1.150000e+02 -2.160000e+02
      endloop
   endfacet
   facet normal 1.000000e+00 -0.000000e+00 0.000000e+00
      outer loop
         vertex 2.950000e+02 -2.066988e+02 -3.389579e+02
         vertex 2.950000e+02 -2.041421e+02 -3.406863e+02
         vertex 2.950000e+02 -1.250000e+02 -3.120000e+02
      endloop
   endfacet
   facet normal 1.000000e+00 0.000000e+00 0.000000e+00
      outer loop
         vertex 2.950000e+02 -1.250000e+02 -3.120000e+02
         vertex 2.950000e+02 -2.041421e+02 -3.406863e+02
         vertex 2.950000e+02 -1.900000e+02 -3.520000e+02
      endloop
   endfacet
   facet normal 1.000000e+00 0.000000e+00 0.000000e+00
      outer loop
         vertex 2.950000e+02 -1.250000e+02 -3.120000e+02
         vertex 2.950000e+02 -1.900000e+02 -3.520000e+02
         vertex 2.950000e+02 -1.250000e+02 -3.520000e+02
      endloop
   endfacet
   facet normal 1.000000e+00 0.000000e+00 -0.000000e+00
      outer loop
         vertex 2.950000e+02 2.041421e+02 -3.406863e+02
         vertex 2.950000e+02 2.049930e+02 -3.400443e+02
         vertex 2.950000e+02 1.250000e+02 -3.120000e+02
      endloop
   endfacet
   facet normal 1.000000e+00 0.000000e+00 0.000000e+00
      outer loop
         vertex 2.950000e+02 1.250000e+02 -3.120000e+02
         vertex 2.950000e+02 2.049930e+02 -3.400443e+02
         vertex 2.950000e+02 2.076025e+02 -3.384732e+02
      endloop
   endfacet
   facet normal 1.000000e+00 0.000000e+00 0.000000e+00
      outer loop
         vertex 2.950000e+02 1.250000e+02 -3.120000e+02
         vertex 2.950000e+02 2.076025e+02 -3.384732e+02
         vertex 2.950000e+02 2.107540e+02 -3.371774e+02
      endloop
   endfacet
   facet normal 1.000000e+00 0.000000e+00 -0.000000e+00
      outer loop
         vertex 2.950000e+02 1.150000e+02 -2.160000e+02
         vertex 2.950000e+02 1.248783e+02 -2.138359e+02
         vertex 2.950000e+02 1.148254e+02 -2.138902e+02
      endloop
   endfacet
   facet normal 1.000000e+00 0.000000e+00 0.000000e+00
      outer loop
         vertex 2.950000e+02 1.148254e+02 -2.138902e+02
         vertex 2.950000e+02 1.248783e+02 -2.138359e+02
         vertex 2.950000e+02 1.244603e+02 -2.114687e+02
      endloop
   endfacet
   facet normal 1.000000e+00 0.000000e+00 -0.000000e+00
      outer loop
         vertex 2.950000e+02 1.148254e+02 -2.138902e+02
         vertex 2.950000e+02 1.244603e+02 -2.114687e+02
         vertex 2.950000e+02 1.143066e+02 -2.118235e+02
      endloop
   endfacet
   facet normal 1.000000e+00 -0.000000e+00 0.000000e+00
      outer loop
         vertex 2.950000e+02 -1.250000e+02 -2.160000e+02
         vertex 2.950000e+02 -1.250000e+02 -2.262390e+02
         vertex 2.950000e+02 -1.150000e+02 -2.160000e+02
      endloop
   endfacet
   facet normal 1.000000e+00 0.000000e+00 0.000000e+00
      outer loop
         vertex 2.950000e+02 -1.231700e+02 -2.077458e+02
         vertex 2.950000e+02 -1.143418e+02 -2.119291e+02
         vertex 2.950000e+02 -1.135013e+02 -2.099231e+02
      endloop
   endfacet
   facet normal 1.000000e+00 0.000000e+00 -0.000000e+00
      outer loop
         vertex 2.950000e+02 -2.160045e+02 -3.361043e+02
         vertex 2.950000e+02 -1.250000e+02 -3.120000e+02
         vertex 2.950000e+02 -2.182843e+02 -3.360000e+02
      endloop
   endfacet
   facet normal 1.000000e+00 0.000000e+00 -0.000000e+00
      outer loop
         vertex 2.950000e+02 -2.182843e+02 -3.360000e+02
         vertex 2.950000e+02 -1.250000e+02 -3.120000e+02
         vertex 2.950000e+02 -3.400000e+02 -3.120000e+02
      endloop
   endfacet
   facet normal 1.000000e+00 0.000000e+00 0.000000e+00
      outer loop
         vertex 2.950000e+02 -2.182843e+02 -3.360000e+02
         vertex 2.950000e+02 -3.400000e+02 -3.120000e+02
         vertex 2.950000e+02 -3.400000e+02 -3.360000e+02
      endloop
   endfacet
   facet normal 1.000000e+00 0.000000e+00 0.000000e+00
      outer loop
         vertex 2.950000e+02 -1.231700e+02 -2.077458e+02
         vertex 2.950000e+02 -1.234160e+02 -2.083045e+02
         vertex 2.950000e+02 -1.143418e+02 -2.119291e+02
      endloop
   endfacet
   facet normal 1.000000e+00 0.000000e+00 0.000000e+00
      outer loop
         vertex 2.950000e+02 -1.143418e+02 -2.119291e+02
         vertex 2.950000e+02 -1.234160e+02 -2.083045e+02
         vertex 2.950000e+02 -1.242816e+02 -2.107804e+02
      endloop
   endfacet
   facet normal 1.000000e+00 0.000000e+00 0.000000e+00
      outer loop
         vertex 2.950000e+02 -1.143418e+02 -2.119291e+02
         vertex 2.950000e+02 -1.242816e+02 -2.107804e+02
         vertex 2.950000e+02 -1.148334e+02 -2.139393e+02
      endloop
   endfacet
   facet normal 1.000000e+00 0.000000e+00 0.000000e+00
      outer loop
         vertex 2.950000e+02 -1.148334e+02 -2.139393e+02
         vertex 2.950000e+02 -1.242816e+02 -2.107804e+02
         vertex 2.950000e+02 -1.248168e+02 -2.133479e+02
      endloop
   endfacet
   facet normal 1.000000e+00 0.000000e+00 0.000000e+00
      outer loop
         vertex 2.950000e+02 -1.148334e+02 -2.139393e+02
         vertex 2.950000e+02 -1.248168e+02 -2.133479e+02
         vertex 2.950000e+02 -1.150000e+02 -2.160000e+02
      endloop
   endfacet
   facet normal 1.000000e+00 0.000000e+00 0.000000e+00
      outer loop
         vertex 2.950000e+02 -1.150000e+02 -2.160000e+02
         vertex 2.950000e+02 -1.248168e+02 -2.133479e+02
         vertex 2.950000e+02 -1.249999e+02 -2.159433e+02
      endloop
   endfacet
   facet normal 1.000000e+00 0.000000e+00 0.000000e+00
      outer loop
         vertex 2.950000e+02 -1.150000e+02 -2.160000e+02
         vertex 2.950000e+02 -1.249999e+02 -2.159433e+02
         vertex 2.950000e+02 -1.250000e+02 -2.160000e+02
      endloop
   endfacet
   facet normal 1.000000e+00 0.000000e+00 -0.000000e+00
      outer loop
         vertex 2.950000e+02 1.250000e+02 -2.418564e+02
         vertex 2.950000e+02 1.250000e+02 -2.359345e+02
         vertex 2.950000e+02 1.150000e+02 -2.160000e+02
      endloop
   endfacet
   facet normal 1.000000e+00 0.000000e+00 0.000000e+00
      outer loop
         vertex 2.950000e+02 1.150000e+02 -2.160000e+02
         vertex 2.950000e+02 1.250000e+02 -2.359345e+02
         vertex 2.950000e+02 1.250000e+02 -2.301328e+02
      endloop
   endfacet
   facet normal 1.000000e+00 0.000000e+00 0.000000e+00
      outer loop
         vertex 2.950000e+02 1.150000e+02 -2.160000e+02
         vertex 2.950000e+02 1.250000e+02 -2.301328e+02
         vertex 2.950000e+02 1.250000e+02 -2.244241e+02
      endloop
   endfacet
   facet normal 1.000000e+00 0.000000e+00 -0.000000e+00
      outer loop
         vertex 2.950000e+02 1.900000e+02 -3.520000e+02
         vertex 2.950000e+02 2.041421e+02 -3.406863e+02
         vertex 2.950000e+02 1.250000e+02 -3.520000e+02
      endloop
   endfacet
   facet normal 1.000000e+00 0.000000e+00 0.000000e+00
      outer loop
         vertex 2.950000e+02 1.250000e+02 -3.520000e+02
         vertex 2.950000e+02 2.041421e+02 -3.406863e+02
         vertex 2.950000e+02 1.250000e+02 -3.120000e+02
      endloop
   endfacet
   facet normal 1.000000e+00 0.000000e+00 -0.000000e+00
      outer loop
         vertex 2.950000e+02 1.250000e+02 -3.520000e+02
         vertex 2.950000e+02 1.250000e+02 -3.120000e+02
         vertex 2.950000e+02 1.150000e+02 -3.520000e+02
      endloop
   endfacet
   facet normal 1.000000e+00 0.000000e+00 0.000000e+00
      outer loop
         vertex 2.950000e+02 1.150000e+02 -3.520000e+02
         vertex 2.950000e+02 1.250000e+02 -3.120000e+02
         vertex 2.950000e+02 1.150000e+02 -2.160000e+02
      endloop
   endfacet
   facet normal 1.000000e+00 -0.000000e+00 0.000000e+00
      outer loop
         vertex 2.950000e+02 -1.250000e+02 -2.262390e+02
         vertex 2.950000e+02 -1.250000e+02 -2.272417e+02
         vertex 2.950000e+02 -1.150000e+02 -2.160000e+02
      endloop
   endfacet
   facet normal 1.000000e+00 0.000000e+00 0.000000e+00
      outer loop
         vertex 2.950000e+02 -1.150000e+02 -2.160000e+02
         vertex 2.950000e+02 -1.250000e+02 -2.272417e+02
         vertex 2.950000e+02 -1.250000e+02 -3.120000e+02
      endloop
   endfacet
   facet normal 1.000000e+00 0.000000e+00 0.000000e+00
      outer loop
         vertex 2.950000e+02 -1.150000e+02 -2.160000e+02
         vertex 2.950000e+02 -1.250000e+02 -3.120000e+02
         vertex 2.950000e+02 -1.150000e+02 -3.520000e+02
      endloop
   endfacet
   facet normal 1.000000e+00 0.000000e+00 0.000000e+00
      outer loop
         vertex 2.950000e+02 -1.150000e+02 -3.520000e+02
         vertex 2.950000e+02 -1.250000e+02 -3.120000e+02
         vertex 2.950000e+02 -1.250000e+02 -3.520000e+02
      endloop
   endfacet
   facet normal 1.000000e+00 0.000000e+00 0.000000e+00
      outer loop
         vertex 2.950000e+02 -1.104676e+02 -2.058569e+02
         vertex 2.950000e+02 -1.183933e+02 -2.009747e+02
         vertex 2.950000e+02 -1.121628e+02 -2.077853e+02
      endloop
   endfacet
   facet normal 1.000000e+00 0.000000e+00 0.000000e+00
      outer loop
         vertex 2.950000e+02 -1.121628e+02 -2.077853e+02
         vertex 2.950000e+02 -1.183933e+02 -2.009747e+02
         vertex 2.950000e+02 -1.202884e+02 -2.030882e+02
      endloop
   endfacet
   facet normal 1.000000e+00 0.000000e+00 0.000000e+00
      outer loop
         vertex 2.950000e+02 -1.121628e+02 -2.077853e+02
         vertex 2.950000e+02 -1.202884e+02 -2.030882e+02
         vertex 2.950000e+02 -1.135013e+02 -2.099231e+02
      endloop
   endfacet
   facet normal 1.000000e+00 0.000000e+00 0.000000e+00
      outer loop
         vertex 2.950000e+02 -1.135013e+02 -2.099231e+02
         vertex 2.950000e+02 -1.202884e+02 -2.030882e+02
         vertex 2.950000e+02 -1.218334e+02 -2.052677e+02
      endloop
   endfacet
   facet normal 1.000000e+00 0.000000e+00 0.000000e+00
      outer loop
         vertex 2.950000e+02 -1.135013e+02 -2.099231e+02
         vertex 2.950000e+02 -1.218334e+02 -2.052677e+02
         vertex 2.950000e+02 -1.231700e+02 -2.077458e+02
      endloop
   endfacet
   facet normal 1.000000e+00 0.000000e+00 0.000000e+00
      outer loop
         vertex 2.950000e+02 1.244603e+02 -2.114687e+02
         vertex 2.950000e+02 1.237454e+02 -2.091323e+02
         vertex 2.950000e+02 1.143066e+02 -2.118235e+02
      endloop
   endfacet
   facet normal 1.000000e+00 0.000000e+00 0.000000e+00
      outer loop
         vertex 2.950000e+02 1.143066e+02 -2.118235e+02
         vertex 2.950000e+02 1.237454e+02 -2.091323e+02
         vertex 2.950000e+02 1.227219e+02 -2.068262e+02
      endloop
   endfacet
   facet normal 1.000000e+00 0.000000e+00 -0.000000e+00
      outer loop
         vertex 2.950000e+02 1.143066e+02 -2.118235e+02
         vertex 2.950000e+02 1.227219e+02 -2.068262e+02
         vertex 2.950000e+02 1.134426e+02 -2.098099e+02
      endloop
   endfacet
   facet normal 1.000000e+00 0.000000e+00 0.000000e+00
      outer loop
         vertex 2.950000e+02 1.134426e+02 -2.098099e+02
         vertex 2.950000e+02 1.227219e+02 -2.068262e+02
         vertex 2.950000e+02 1.213884e+02 -2.045832e+02
      endloop
   endfacet
   facet normal 1.000000e+00 0.000000e+00 -0.000000e+00
      outer loop
         vertex 2.950000e+02 1.134426e+02 -2.098099e+02
         vertex 2.950000e+02 1.213884e+02 -2.045832e+02
         vertex 2.950000e+02 1.121310e+02 -2.077430e+02
      endloop
   endfacet
   facet normal 1.000000e+00 0.000000e+00 0.000000e+00
      outer loop
         vertex 2.950000e+02 1.121310e+02 -2.077430e+02
         vertex 2.950000e+02 1.213884e+02 -2.045832e+02
         vertex 2.950000e+02 1.197202e+02 -2.024022e+02
      endloop
   endfacet
   facet normal 1.000000e+00 0.000000e+00 -0.000000e+00
      outer loop
         vertex 2.950000e+02 1.121310e+02 -2.077430e+02
         vertex 2.950000e+02 1.197202e+02 -2.024022e+02
         vertex 2.950000e+02 1.104968e+02 -2.058855e+02
      endloop
   endfacet
   facet normal 1.000000e+00 0.000000e+00 -0.000000e+00
      outer loop
         vertex 2.950000e+02 1.250000e+02 -2.244241e+02
         vertex 2.950000e+02 1.250000e+02 -2.171098e+02
         vertex 2.950000e+02 1.150000e+02 -2.160000e+02
      endloop
   endfacet
   facet normal 1.000000e+00 -0.000000e+00 0.000000e+00
      outer loop
         vertex 2.950000e+02 1.150000e+02 -2.160000e+02
         vertex 2.950000e+02 1.250000e+02 -2.171098e+02
         vertex 2.950000e+02 1.250000e+02 -2.160000e+02
      endloop
   endfacet
   facet normal 1.000000e+00 0.000000e+00 0.000000e+00
      outer loop
         vertex 2.950000e+02 1.150000e+02 -2.160000e+02
         vertex 2.950000e+02 1.250000e+02 -2.160000e+02
         vertex 2.950000e+02 1.248783e+02 -2.138359e+02
      endloop
   endfacet
   facet normal 1.000000e+00 0.000000e+00 0.000000e+00
      outer loop
         vertex 2.950000e+02 -1.056818e+02 -2.024731e+02
         vertex 2.950000e+02 -1.099904e+02 -1.952109e+02
         vertex 2.950000e+02 -1.082913e+02 -2.040443e+02
      endloop
   endfacet
   facet normal 1.000000e+00 0.000000e+00 0.000000e+00
      outer loop
         vertex 2.950000e+02 -1.082913e+02 -2.040443e+02
         vertex 2.950000e+02 -1.099904e+02 -1.952109e+02
         vertex 2.950000e+02 -1.134218e+02 -1.970578e+02
      endloop
   endfacet
   facet normal 1.000000e+00 0.000000e+00 0.000000e+00
      outer loop
         vertex 2.950000e+02 -1.082913e+02 -2.040443e+02
         vertex 2.950000e+02 -1.134218e+02 -1.970578e+02
         vertex 2.950000e+02 -1.104676e+02 -2.058569e+02
      endloop
   endfacet
   facet normal 1.000000e+00 0.000000e+00 0.000000e+00
      outer loop
         vertex 2.950000e+02 -1.104676e+02 -2.058569e+02
         vertex 2.950000e+02 -1.134218e+02 -1.970578e+02
         vertex 2.950000e+02 -1.161165e+02 -1.989524e+02
      endloop
   endfacet
   facet normal 1.000000e+00 0.000000e+00 0.000000e+00
      outer loop
         vertex 2.950000e+02 -1.104676e+02 -2.058569e+02
         vertex 2.950000e+02 -1.161165e+02 -1.989524e+02
         vertex 2.950000e+02 -1.183933e+02 -2.009747e+02
      endloop
   endfacet
   facet normal 1.000000e+00 0.000000e+00 0.000000e+00
      outer loop
         vertex 2.950000e+02 -9.500000e+01 -2.000000e+02
         vertex 2.950000e+02 -9.660250e+01 -1.920340e+02
         vertex 2.950000e+02 -9.898885e+01 -2.003215e+02
      endloop
   endfacet
   facet normal 1.000000e+00 0.000000e+00 -0.000000e+00
      outer loop
         vertex 2.950000e+02 -9.898885e+01 -2.003215e+02
         vertex 2.950000e+02 -9.660250e+01 -1.920340e+02
         vertex 2.950000e+02 -1.012096e+02 -1.925200e+02
      endloop
   endfacet
   facet normal 1.000000e+00 0.000000e+00 0.000000e+00
      outer loop
         vertex 2.950000e+02 -9.898885e+01 -2.003215e+02
         vertex 2.950000e+02 -1.012096e+02 -1.925200e+02
         vertex 2.950000e+02 -1.025303e+02 -2.011774e+02
      endloop
   endfacet
   facet normal 1.000000e+00 0.000000e+00 -0.000000e+00
      outer loop
         vertex 2.950000e+02 -1.025303e+02 -2.011774e+02
         vertex 2.950000e+02 -1.012096e+02 -1.925200e+02
         vertex 2.950000e+02 -1.055774e+02 -1.935412e+02
      endloop
   endfacet
   facet normal 1.000000e+00 0.000000e+00 0.000000e+00
      outer loop
         vertex 2.950000e+02 -1.025303e+02 -2.011774e+02
         vertex 2.950000e+02 -1.055774e+02 -1.935412e+02
         vertex 2.950000e+02 -1.056818e+02 -2.024731e+02
      endloop
   endfacet
   facet normal 1.000000e+00 0.000000e+00 -0.000000e+00
      outer loop
         vertex 2.950000e+02 -1.056818e+02 -2.024731e+02
         vertex 2.950000e+02 -1.055774e+02 -1.935412e+02
         vertex 2.950000e+02 -1.096068e+02 -1.950368e+02
      endloop
   endfacet
   facet normal 1.000000e+00 0.000000e+00 0.000000e+00
      outer loop
         vertex 2.950000e+02 -1.056818e+02 -2.024731e+02
         vertex 2.950000e+02 -1.096068e+02 -1.950368e+02
         vertex 2.950000e+02 -1.099904e+02 -1.952109e+02
      endloop
   endfacet
   facet normal 1.000000e+00 0.000000e+00 0.000000e+00
      outer loop
         vertex 2.950000e+02 1.197202e+02 -2.024022e+02
         vertex 2.950000e+02 1.176936e+02 -2.003028e+02
         vertex 2.950000e+02 1.104968e+02 -2.058855e+02
      endloop
   endfacet
   facet normal 1.000000e+00 0.000000e+00 0.000000e+00
      outer loop
         vertex 2.950000e+02 1.104968e+02 -2.058855e+02
         vertex 2.950000e+02 1.176936e+02 -2.003028e+02
         vertex 2.950000e+02 1.154928e+02 -1.984720e+02
      endloop
   endfacet
   facet normal 1.000000e+00 0.000000e+00 -0.000000e+00
      outer loop
         vertex 2.950000e+02 1.104968e+02 -2.058855e+02
         vertex 2.950000e+02 1.154928e+02 -1.984720e+02
         vertex 2.950000e+02 1.084460e+02 -2.041555e+02
      endloop
   endfacet
   facet normal 1.000000e+00 0.000000e+00 0.000000e+00
      outer loop
         vertex 2.950000e+02 1.084460e+02 -2.041555e+02
         vertex 2.950000e+02 1.154928e+02 -1.984720e+02
         vertex 2.950000e+02 1.126762e+02 -1.966085e+02
      endloop
   endfacet
   facet normal 1.000000e+00 0.000000e+00 -0.000000e+00
      outer loop
         vertex 2.950000e+02 1.084460e+02 -2.041555e+02
         vertex 2.950000e+02 1.126762e+02 -1.966085e+02
         vertex 2.950000e+02 1.056996e+02 -2.024821e+02
      endloop
   endfacet
   facet normal 1.000000e+00 0.000000e+00 0.000000e+00
      outer loop
         vertex 2.950000e+02 1.056996e+02 -2.024821e+02
         vertex 2.950000e+02 1.126762e+02 -1.966085e+02
         vertex 2.950000e+02 1.093906e+02 -1.949414e+02
      endloop
   endfacet
   facet normal 1.000000e+00 0.000000e+00 -0.000000e+00
      outer loop
         vertex 2.950000e+02 1.056996e+02 -2.024821e+02
         vertex 2.950000e+02 1.093906e+02 -1.949414e+02
         vertex 2.950000e+02 1.028024e+02 -2.012678e+02
      endloop
   endfacet
   facet normal 1.000000e+00 0.000000e+00 0.000000e+00
      outer loop
         vertex 2.950000e+02 1.028024e+02 -2.012678e+02
         vertex 2.950000e+02 1.093906e+02 -1.949414e+02
         vertex 2.950000e+02 1.056059e+02 -1.935498e+02
      endloop
   endfacet
   facet normal 1.000000e+00 0.000000e+00 -0.000000e+00
      outer loop
         vertex 2.950000e+02 1.028024e+02 -2.012678e+02
         vertex 2.950000e+02 1.056059e+02 -1.935498e+02
         vertex 2.950000e+02 9.956247e+01 -2.004219e+02
      endloop
   endfacet
   facet normal 1.000000e+00 0.000000e+00 0.000000e+00
      outer loop
         vertex 2.950000e+02 9.956247e+01 -2.004219e+02
         vertex 2.950000e+02 1.056059e+02 -1.935498e+02
         vertex 2.950000e+02 1.013089e+02 -1.925369e+02
      endloop
   endfacet
   facet normal 1.000000e+00 0.000000e+00 -0.000000e+00
      outer loop
         vertex 2.950000e+02 9.956247e+01 -2.004219e+02
         vertex 2.950000e+02 1.013089e+02 -1.925369e+02
         vertex 2.950000e+02 9.612335e+01 -2.000252e+02
      endloop
   endfacet
   facet normal 1.000000e+00 0.000000e+00 0.000000e+00
      outer loop
         vertex 2.950000e+02 9.612335e+01 -2.000252e+02
         vertex 2.950000e+02 1.013089e+02 -1.925369e+02
         vertex 2.950000e+02 9.652960e+01 -1.920310e+02
      endloop
   endfacet
   facet normal 1.000000e+00 0.000000e+00 -0.000000e+00
      outer loop
         vertex 2.950000e+02 9.612335e+01 -2.000252e+02
         vertex 2.950000e+02 9.652960e+01 -1.920310e+02
         vertex 2.950000e+02 9.500000e+01 -2.000000e+02
      endloop
   endfacet
   facet normal 1.000000e+00 0.000000e+00 0.000000e+00
      outer loop
         vertex 2.950000e+02 9.500000e+01 -2.000000e+02
         vertex 2.950000e+02 9.652960e+01 -1.920310e+02
         vertex 2.950000e+02 9.500000e+01 -1.920000e+02
      endloop
   endfacet
   facet normal 1.000000e+00 0.000000e+00 -0.000000e+00
      outer loop
         vertex 2.950000e+02 9.500000e+01 -2.000000e+02
         vertex 2.950000e+02 9.500000e+01 -1.920000e+02
         vertex 2.950000e+02 7.766110e+01 -1.920000e+02
      endloop
   endfacet
   facet normal 1.000000e+00 0.000000e+00 0.000000e+00
      outer loop
         vertex 2.950000e+02 -5.702373e+01 -1.920000e+02
         vertex 2.950000e+02 -6.641513e+01 -1.920000e+02
         vertex 2.950000e+02 -9.500000e+01 -2.000000e+02
      endloop
   endfacet
   facet normal 1.000000e+00 0.000000e+00 0.000000e+00
      outer loop
         vertex 2.950000e+02 -9.500000e+01 -2.000000e+02
         vertex 2.950000e+02 -6.641513e+01 -1.920000e+02
         vertex 2.950000e+02 -7.508325e+01 -1.920000e+02
      endloop
   endfacet
   facet normal 1.000000e+00 0.000000e+00 0.000000e+00
      outer loop
         vertex 2.950000e+02 -9.500000e+01 -2.000000e+02
         vertex 2.950000e+02 -7.508325e+01 -1.920000e+02
         vertex 2.950000e+02 -8.305151e+01 -1.920000e+02
      endloop
   endfacet
   facet normal 1.000000e+00 0.000000e+00 0.000000e+00
      outer loop
         vertex 2.950000e+02 7.766110e+01 -1.920000e+02
         vertex 2.950000e+02 6.096222e+01 -1.920000e+02
         vertex 2.950000e+02 9.500000e+01 -2.000000e+02
      endloop
   endfacet
   facet normal 1.000000e+00 0.000000e+00 0.000000e+00
      outer loop
         vertex 2.950000e+02 9.500000e+01 -2.000000e+02
         vertex 2.950000e+02 6.096222e+01 -1.920000e+02
         vertex 2.950000e+02 4.493535e+01 -1.920000e+02
      endloop
   endfacet
   facet normal 1.000000e+00 0.000000e+00 0.000000e+00
      outer loop
         vertex 2.950000e+02 9.500000e+01 -2.000000e+02
         vertex 2.950000e+02 4.493535e+01 -1.920000e+02
         vertex 2.950000e+02 2.960642e+01 -1.920000e+02
      endloop
   endfacet
   facet normal 1.000000e+00 0.000000e+00 0.000000e+00
      outer loop
         vertex 2.950000e+02 -8.305151e+01 -1.920000e+02
         vertex 2.950000e+02 -9.036435e+01 -1.920000e+02
         vertex 2.950000e+02 -9.500000e+01 -2.000000e+02
      endloop
   endfacet
   facet normal 1.000000e+00 0.000000e+00 0.000000e+00
      outer loop
         vertex 2.950000e+02 -9.500000e+01 -2.000000e+02
         vertex 2.950000e+02 -9.036435e+01 -1.920000e+02
         vertex 2.950000e+02 -9.500000e+01 -1.920000e+02
      endloop
   endfacet
   facet normal 1.000000e+00 0.000000e+00 -0.000000e+00
      outer loop
         vertex 2.950000e+02 -9.500000e+01 -2.000000e+02
         vertex 2.950000e+02 -9.500000e+01 -1.920000e+02
         vertex 2.950000e+02 -9.660250e+01 -1.920340e+02
      endloop
   endfacet
   facet normal 1.000000e+00 0.000000e+00 0.000000e+00
      outer loop
         vertex 2.950000e+02 2.960642e+01 -1.920000e+02
         vertex 2.950000e+02 1.499616e+01 -1.920000e+02
         vertex 2.950000e+02 9.500000e+01 -2.000000e+02
      endloop
   endfacet
   facet normal 1.000000e+00 0.000000e+00 0.000000e+00
      outer loop
         vertex 2.950000e+02 9.500000e+01 -2.000000e+02
         vertex 2.950000e+02 1.499616e+01 -1.920000e+02
         vertex 2.950000e+02 1.120130e+00 -1.920000e+02
      endloop
   endfacet
   facet normal 1.000000e+00 0.000000e+00 0.000000e+00
      outer loop
         vertex 2.950000e+02 9.500000e+01 -2.000000e+02
         vertex 2.950000e+02 1.120130e+00 -1.920000e+02
         vertex 2.950000e+02 -9.500000e+01 -2.000000e+02
      endloop
   endfacet
   facet normal 1.000000e+00 0.000000e+00 0.000000e+00
      outer loop
         vertex 2.950000e+02 -9.500000e+01 -2.000000e+02
         vertex 2.950000e+02 1.120130e+00 -1.920000e+02
         vertex 2.950000e+02 -1.201098e+01 -1.920000e+02
      endloop
   endfacet
   facet normal 1.000000e+00 0.000000e+00 0.000000e+00
      outer loop
         vertex 2.950000e+02 -9.500000e+01 -2.000000e+02
         vertex 2.950000e+02 -1.201098e+01 -1.920000e+02
         vertex 2.950000e+02 -2.439128e+01 -1.920000e+02
      endloop
   endfacet
   facet normal 1.000000e+00 0.000000e+00 0.000000e+00
      outer loop
         vertex 2.950000e+02 -2.439128e+01 -1.920000e+02
         vertex 2.950000e+02 -3.601874e+01 -1.920000e+02
         vertex 2.950000e+02 -9.500000e+01 -2.000000e+02
      endloop
   endfacet
   facet normal 1.000000e+00 0.000000e+00 0.000000e+00
      outer loop
         vertex 2.950000e+02 -9.500000e+01 -2.000000e+02
         vertex 2.950000e+02 -3.601874e+01 -1.920000e+02
         vertex 2.950000e+02 -4.689464e+01 -1.920000e+02
      endloop
   endfacet
   facet normal 1.000000e+00 0.000000e+00 0.000000e+00
      outer loop
         vertex 2.950000e+02 -9.500000e+01 -2.000000e+02
         vertex 2.950000e+02 -4.689464e+01 -1.920000e+02
         vertex 2.950000e+02 -5.702373e+01 -1.920000e+02
      endloop
   endfacet
   facet normal 9.950187e-02 -1.306632e-06 9.950374e-01
      outer loop
         vertex 2.874709e+02 -2.046548e+01 -1.912471e+02
         vertex 2.871511e+02 -2.454854e+01 -1.912151e+02
         vertex 2.950000e+02 -2.439128e+01 -1.920000e+02
      endloop
   endfacet
   facet normal 9.950325e-02 0.000000e+00 9.950372e-01
      outer loop
         vertex 2.761550e+02 -8.244272e+01 -1.901155e+02
         vertex 2.950000e+02 -8.305151e+01 -1.920000e+02
         vertex 2.950000e+02 -7.508325e+01 -1.920000e+02
      endloop
   endfacet
   facet normal 1.240348e-01 -9.922779e-01 0.000000e+00
      outer loop
         vertex 2.950000e+02 -1.250000e+02 -2.262390e+02
         vertex 2.573617e+02 -1.297048e+02 -2.458496e+02
         vertex 2.950000e+02 -1.250000e+02 -2.272417e+02
      endloop
   endfacet
   facet normal 1.240348e-01 -9.922779e-01 0.000000e+00
      outer loop
         vertex 2.950000e+02 -1.250000e+02 -2.272417e+02
         vertex 2.573617e+02 -1.297048e+02 -2.458496e+02
         vertex 2.573617e+02 -1.297048e+02 -2.860426e+02
      endloop
   endfacet
   facet normal 1.240348e-01 -9.922779e-01 0.000000e+00
      outer loop
         vertex 2.950000e+02 -1.250000e+02 -2.272417e+02
         vertex 2.573617e+02 -1.297048e+02 -2.860426e+02
         vertex 2.950000e+02 -1.250000e+02 -3.120000e+02
      endloop
   endfacet
   facet normal 1.238652e-01 -9.922991e-01 0.000000e+00
      outer loop
         vertex 2.950000e+02 -1.250000e+02 -2.160000e+02
         vertex 2.573652e+02 -1.296978e+02 -2.154631e+02
         vertex 2.950000e+02 -1.250000e+02 -2.262390e+02
      endloop
   endfacet
   facet normal 1.250987e-01 -9.921346e-01 4.379754e-03
      outer loop
         vertex 2.950000e+02 -1.250000e+02 -2.262390e+02
         vertex 2.573652e+02 -1.296978e+02 -2.154631e+02
         vertex 2.573617e+02 -1.297048e+02 -2.169424e+02
      endloop
   endfacet
   facet normal 1.240348e-01 -9.922779e-01 0.000000e+00
      outer loop
         vertex 2.950000e+02 -1.250000e+02 -2.262390e+02
         vertex 2.573617e+02 -1.297048e+02 -2.169424e+02
         vertex 2.573617e+02 -1.297048e+02 -2.458496e+02
      endloop
   endfacet
   facet normal 1.238852e-01 -9.922955e-01 1.433200e-03
      outer loop
         vertex 2.950000e+02 -1.250000e+02 -2.160000e+02
         vertex 2.950000e+02 -1.249999e+02 -2.159433e+02
         vertex 2.573652e+02 -1.296978e+02 -2.154631e+02
      endloop
   endfacet
   facet normal 1.244422e-01 -9.897666e-01 6.982978e-02
      outer loop
         vertex 2.573652e+02 -1.296978e+02 -2.154631e+02
         vertex 2.950000e+02 -1.249999e+02 -2.159433e+02
         vertex 2.950000e+02 -1.248168e+02 -2.133479e+02
      endloop
   endfacet
   facet normal 1.231553e-01 -9.883475e-01 8.945380e-02
      outer loop
         vertex 2.573652e+02 -1.296978e+02 -2.154631e+02
         vertex 2.950000e+02 -1.248168e+02 -2.133479e+02
         vertex 2.575063e+02 -1.294175e+02 -2.125600e+02
      endloop
   endfacet
   facet normal 1.234599e-01 -9.714672e-01 2.025069e-01
      outer loop
         vertex 2.575063e+02 -1.294175e+02 -2.125600e+02
         vertex 2.950000e+02 -1.248168e+02 -2.133479e+02
         vertex 2.950000e+02 -1.242816e+02 -2.107804e+02
      endloop
   endfacet
   facet normal 1.223625e-01 -9.684743e-01 2.169909e-01
      outer loop
         vertex 2.575063e+02 -1.294175e+02 -2.125600e+02
         vertex 2.950000e+02 -1.242816e+02 -2.107804e+02
         vertex 2.578480e+02 -1.287354e+02 -2.097085e+02
      endloop
   endfacet
   facet normal 1.217731e-01 -9.369464e-01 3.275709e-01
      outer loop
         vertex 2.578480e+02 -1.287354e+02 -2.097085e+02
         vertex 2.950000e+02 -1.242816e+02 -2.107804e+02
         vertex 2.950000e+02 -1.234160e+02 -2.083045e+02
      endloop
   endfacet
   facet normal 1.240177e-01 -9.455714e-01 3.008561e-01
      outer loop
         vertex 2.578480e+02 -1.287354e+02 -2.097085e+02
         vertex 2.950000e+02 -1.234160e+02 -2.083045e+02
         vertex 2.580313e+02 -1.283676e+02 -2.086281e+02
      endloop
   endfacet
   facet normal 1.182195e-01 -9.087745e-01 4.001914e-01
      outer loop
         vertex 2.580313e+02 -1.283676e+02 -2.086281e+02
         vertex 2.950000e+02 -1.234160e+02 -2.083045e+02
         vertex 2.950000e+02 -1.231700e+02 -2.077458e+02
      endloop
   endfacet
   facet normal 1.197304e-01 -9.164160e-01 3.818984e-01
      outer loop
         vertex 2.580313e+02 -1.283676e+02 -2.086281e+02
         vertex 2.950000e+02 -1.231700e+02 -2.077458e+02
         vertex 2.586311e+02 -1.271549e+02 -2.059060e+02
      endloop
   endfacet
   facet normal 1.195868e-01 -8.738349e-01 4.712872e-01
      outer loop
         vertex 2.586311e+02 -1.271549e+02 -2.059060e+02
         vertex 2.950000e+02 -1.231700e+02 -2.077458e+02
         vertex 2.950000e+02 -1.218334e+02 -2.052677e+02
      endloop
   endfacet
   facet normal 1.192426e-01 -8.719175e-01 4.749116e-01
      outer loop
         vertex 2.586311e+02 -1.271549e+02 -2.059060e+02
         vertex 2.950000e+02 -1.218334e+02 -2.052677e+02
         vertex 2.591640e+02 -1.260650e+02 -2.040389e+02
      endloop
   endfacet
   facet normal 1.175210e-01 -8.426550e-01 5.254725e-01
      outer loop
         vertex 2.591640e+02 -1.260650e+02 -2.040389e+02
         vertex 2.950000e+02 -1.218334e+02 -2.052677e+02
         vertex 2.593932e+02 -1.255929e+02 -2.033329e+02
      endloop
   endfacet
   facet normal 1.167543e-01 -8.102334e-01 5.743608e-01
      outer loop
         vertex 2.593932e+02 -1.255929e+02 -2.033329e+02
         vertex 2.950000e+02 -1.218334e+02 -2.052677e+02
         vertex 2.950000e+02 -1.202884e+02 -2.030882e+02
      endloop
   endfacet
   facet normal 1.186052e-01 -8.218657e-01 5.571980e-01
      outer loop
         vertex 2.593932e+02 -1.255929e+02 -2.033329e+02
         vertex 2.950000e+02 -1.202884e+02 -2.030882e+02
         vertex 2.597328e+02 -1.248891e+02 -2.023672e+02
      endloop
   endfacet
   facet normal 1.101002e-01 -7.400066e-01 6.635271e-01
      outer loop
         vertex 2.597328e+02 -1.248891e+02 -2.023672e+02
         vertex 2.950000e+02 -1.202884e+02 -2.030882e+02
         vertex 2.950000e+02 -1.183933e+02 -2.009747e+02
      endloop
   endfacet
   facet normal 1.179531e-01 -7.738121e-01 6.223359e-01
      outer loop
         vertex 2.597328e+02 -1.248891e+02 -2.023672e+02
         vertex 2.950000e+02 -1.183933e+02 -2.009747e+02
         vertex 2.607552e+02 -1.227401e+02 -1.998889e+02
      endloop
   endfacet
   facet normal 1.109556e-01 -6.972371e-01 7.082014e-01
      outer loop
         vertex 2.607552e+02 -1.227401e+02 -1.998889e+02
         vertex 2.950000e+02 -1.183933e+02 -2.009747e+02
         vertex 2.618943e+02 -1.202902e+02 -1.976554e+02
      endloop
   endfacet
   facet normal 1.122977e-01 -6.598675e-01 7.429429e-01
      outer loop
         vertex 2.618943e+02 -1.202902e+02 -1.976554e+02
         vertex 2.950000e+02 -1.183933e+02 -2.009747e+02
         vertex 2.950000e+02 -1.161165e+02 -1.989524e+02
      endloop
   endfacet
   facet normal 1.106093e-01 -6.414360e-01 7.591610e-01
      outer loop
         vertex 2.618943e+02 -1.202902e+02 -1.976554e+02
         vertex 2.950000e+02 -1.161165e+02 -1.989524e+02
         vertex 2.623818e+02 -1.192232e+02 -1.968249e+02
      endloop
   endfacet
   facet normal 1.088447e-01 -6.000719e-01 7.925065e-01
      outer loop
         vertex 2.623818e+02 -1.192232e+02 -1.968249e+02
         vertex 2.950000e+02 -1.161165e+02 -1.989524e+02
         vertex 2.631344e+02 -1.175528e+02 -1.956634e+02
      endloop
   endfacet
   facet normal 1.096915e-01 -5.716870e-01 8.131063e-01
      outer loop
         vertex 2.631344e+02 -1.175528e+02 -1.956634e+02
         vertex 2.950000e+02 -1.161165e+02 -1.989524e+02
         vertex 2.950000e+02 -1.134218e+02 -1.970578e+02
      endloop
   endfacet
   facet normal 1.062218e-01 -5.368740e-01 8.369487e-01
      outer loop
         vertex 2.631344e+02 -1.175528e+02 -1.956634e+02
         vertex 2.950000e+02 -1.134218e+02 -1.970578e+02
         vertex 2.643195e+02 -1.148633e+02 -1.940886e+02
      endloop
   endfacet
   facet normal 1.068698e-01 -4.712354e-01 8.755090e-01
      outer loop
         vertex 2.643195e+02 -1.148633e+02 -1.940886e+02
         vertex 2.950000e+02 -1.134218e+02 -1.970578e+02
         vertex 2.950000e+02 -1.099904e+02 -1.952109e+02
      endloop
   endfacet
   facet normal 1.040960e-01 -4.512886e-01 8.862859e-01
      outer loop
         vertex 2.643195e+02 -1.148633e+02 -1.940886e+02
         vertex 2.950000e+02 -1.099904e+02 -1.952109e+02
         vertex 2.658148e+02 -1.113591e+02 -1.924800e+02
      endloop
   endfacet
   facet normal 1.040214e-01 -4.109802e-01 9.056903e-01
      outer loop
         vertex 2.658148e+02 -1.113591e+02 -1.924800e+02
         vertex 2.950000e+02 -1.099904e+02 -1.952109e+02
         vertex 2.950000e+02 -1.096068e+02 -1.950368e+02
      endloop
   endfacet
   facet normal 1.027580e-01 -3.564324e-01 9.286532e-01
      outer loop
         vertex 2.658148e+02 -1.113591e+02 -1.924800e+02
         vertex 2.950000e+02 -1.096068e+02 -1.950368e+02
         vertex 2.673414e+02 -1.076428e+02 -1.912225e+02
      endloop
   endfacet
   facet normal 1.040116e-01 -3.460898e-01 9.324180e-01
      outer loop
         vertex 2.673414e+02 -1.076428e+02 -1.912225e+02
         vertex 2.950000e+02 -1.096068e+02 -1.950368e+02
         vertex 2.950000e+02 -1.055774e+02 -1.935412e+02
      endloop
   endfacet
   facet normal 1.019117e-01 -2.999018e-01 9.485109e-01
      outer loop
         vertex 2.673414e+02 -1.076428e+02 -1.912225e+02
         vertex 2.950000e+02 -1.055774e+02 -1.935412e+02
         vertex 2.676204e+02 -1.069472e+02 -1.910325e+02
      endloop
   endfacet
   facet normal 1.001041e-01 -2.265257e-01 9.688474e-01
      outer loop
         vertex 2.676204e+02 -1.069472e+02 -1.910325e+02
         vertex 2.950000e+02 -1.055774e+02 -1.935412e+02
         vertex 2.950000e+02 -1.012096e+02 -1.925200e+02
      endloop
   endfacet
   facet normal 1.030452e-01 -2.415858e-01 9.648927e-01
      outer loop
         vertex 2.676204e+02 -1.069472e+02 -1.910325e+02
         vertex 2.950000e+02 -1.012096e+02 -1.925200e+02
         vertex 2.692187e+02 -1.028575e+02 -1.901793e+02
      endloop
   endfacet
   facet normal 9.654214e-02 -1.044141e-01 9.898370e-01
      outer loop
         vertex 2.692187e+02 -1.028575e+02 -1.901793e+02
         vertex 2.950000e+02 -1.012096e+02 -1.925200e+02
         vertex 2.950000e+02 -9.660250e+01 -1.920340e+02
      endloop
   endfacet
   facet normal 1.052757e-01 -1.420701e-01 9.842424e-01
      outer loop
         vertex 2.692187e+02 -1.028575e+02 -1.901793e+02
         vertex 2.950000e+02 -9.660250e+01 -1.920340e+02
         vertex 2.707767e+02 -9.868300e+01 -1.897434e+02
      endloop
   endfacet
   facet normal 9.950325e-02 0.000000e+00 9.950372e-01
      outer loop
         vertex 2.950000e+02 -8.305151e+01 -1.920000e+02
         vertex 2.761550e+02 -8.244272e+01 -1.901155e+02
         vertex 2.950000e+02 -9.036435e+01 -1.920000e+02
      endloop
   endfacet
   facet normal 9.950291e-02 -8.205461e-07 9.950373e-01
      outer loop
         vertex 2.761550e+02 -8.244272e+01 -1.901155e+02
         vertex 2.753116e+02 -8.521692e+01 -1.900312e+02
         vertex 2.950000e+02 -9.036435e+01 -1.920000e+02
      endloop
   endfacet
   facet normal 9.950332e-02 7.515701e-07 9.950372e-01
      outer loop
         vertex 2.950000e+02 -9.036435e+01 -1.920000e+02
         vertex 2.753116e+02 -8.521692e+01 -1.900312e+02
         vertex 2.737905e+02 -8.998423e+01 -1.898790e+02
      endloop
   endfacet
   facet normal 9.950330e-02 0.000000e+00 9.950372e-01
      outer loop
         vertex 2.950000e+02 -9.036435e+01 -1.920000e+02
         vertex 2.737905e+02 -8.998423e+01 -1.898790e+02
         vertex 2.950000e+02 -9.500000e+01 -1.920000e+02
      endloop
   endfacet
   facet normal 9.950261e-02 -2.950302e-06 9.950373e-01
      outer loop
         vertex 2.950000e+02 -9.500000e+01 -1.920000e+02
         vertex 2.737905e+02 -8.998423e+01 -1.898790e+02
         vertex 2.722856e+02 -9.444006e+01 -1.897286e+02
      endloop
   endfacet
   facet normal 9.896524e-02 -2.111069e-02 9.948669e-01
      outer loop
         vertex 2.950000e+02 -9.500000e+01 -1.920000e+02
         vertex 2.722856e+02 -9.444006e+01 -1.897286e+02
         vertex 2.950000e+02 -9.660250e+01 -1.920340e+02
      endloop
   endfacet
   facet normal 9.979855e-02 -1.242492e-02 9.949301e-01
      outer loop
         vertex 2.950000e+02 -9.660250e+01 -1.920340e+02
         vertex 2.722856e+02 -9.444006e+01 -1.897286e+02
         vertex 2.715917e+02 -9.641758e+01 -1.896837e+02
      endloop
   endfacet
   facet normal 9.922823e-02 -6.186352e-02 9.931398e-01
      outer loop
         vertex 2.950000e+02 -9.660250e+01 -1.920340e+02
         vertex 2.715917e+02 -9.641758e+01 -1.896837e+02
         vertex 2.707767e+02 -9.868300e+01 -1.897434e+02
      endloop
   endfacet
   facet normal 9.950251e-02 -1.345443e-06 9.950373e-01
      outer loop
         vertex 2.817165e+02 -6.077976e+01 -1.906716e+02
         vertex 2.791465e+02 -7.166319e+01 -1.904147e+02
         vertex 2.950000e+02 -7.508325e+01 -1.920000e+02
      endloop
   endfacet
   facet normal 9.950190e-02 -4.193517e-06 9.950374e-01
      outer loop
         vertex 2.950000e+02 -7.508325e+01 -1.920000e+02
         vertex 2.791465e+02 -7.166319e+01 -1.904147e+02
         vertex 2.788174e+02 -7.293311e+01 -1.903818e+02
      endloop
   endfacet
   facet normal 9.950265e-02 1.548860e-06 9.950373e-01
      outer loop
         vertex 2.950000e+02 -7.508325e+01 -1.920000e+02
         vertex 2.788174e+02 -7.293311e+01 -1.903818e+02
         vertex 2.761550e+02 -8.244272e+01 -1.901155e+02
      endloop
   endfacet
   facet normal 9.950394e-02 -0.000000e+00 9.950372e-01
      outer loop
         vertex 2.950000e+02 -7.508325e+01 -1.920000e+02
         vertex 2.950000e+02 -6.641513e+01 -1.920000e+02
         vertex 2.817165e+02 -6.077976e+01 -1.906716e+02
      endloop
   endfacet
   facet normal 9.950394e-02 0.000000e+00 9.950372e-01
      outer loop
         vertex 2.817165e+02 -6.077976e+01 -1.906716e+02
         vertex 2.950000e+02 -6.641513e+01 -1.920000e+02
         vertex 2.950000e+02 -5.702373e+01 -1.920000e+02
      endloop
   endfacet
   facet normal 9.950339e-02 1.954353e-06 9.950372e-01
      outer loop
         vertex 2.817165e+02 -6.077976e+01 -1.906716e+02
         vertex 2.950000e+02 -5.702373e+01 -1.920000e+02
         vertex 2.838639e+02 -4.979640e+01 -1.908864e+02
      endloop
   endfacet
   facet normal 9.950230e-02 2.495751e-07 9.950373e-01
      outer loop
         vertex 2.838639e+02 -4.979640e+01 -1.908864e+02
         vertex 2.950000e+02 -5.702373e+01 -1.920000e+02
         vertex 2.840165e+02 -4.891859e+01 -1.909017e+02
      endloop
   endfacet
   facet normal 9.950212e-02 -0.000000e+00 9.950374e-01
      outer loop
         vertex 2.950000e+02 -5.702373e+01 -1.920000e+02
         vertex 2.950000e+02 -4.689464e+01 -1.920000e+02
         vertex 2.840165e+02 -4.891859e+01 -1.909017e+02
      endloop
   endfacet
   facet normal 9.950212e-02 0.000000e+00 9.950374e-01
      outer loop
         vertex 2.840165e+02 -4.891859e+01 -1.909017e+02
         vertex 2.950000e+02 -4.689464e+01 -1.920000e+02
         vertex 2.950000e+02 -3.601874e+01 -1.920000e+02
      endloop
   endfacet
   facet normal 9.950465e-02 -2.179313e-06 9.950371e-01
      outer loop
         vertex 2.840165e+02 -4.891859e+01 -1.909017e+02
         vertex 2.950000e+02 -3.601874e+01 -1.920000e+02
         vertex 2.855861e+02 -3.871680e+01 -1.910586e+02
      endloop
   endfacet
   facet normal 9.950185e-02 0.000000e+00 9.950374e-01
      outer loop
         vertex 2.950000e+02 -2.439128e+01 -1.920000e+02
         vertex 2.871511e+02 -2.454854e+01 -1.912151e+02
         vertex 2.950000e+02 -3.601874e+01 -1.920000e+02
      endloop
   endfacet
   facet normal 9.949995e-02 -1.312030e-06 9.950376e-01
      outer loop
         vertex 2.950000e+02 -3.601874e+01 -1.920000e+02
         vertex 2.871511e+02 -2.454854e+01 -1.912151e+02
         vertex 2.864619e+02 -3.158996e+01 -1.911462e+02
      endloop
   endfacet
   facet normal 9.950282e-02 4.272740e-06 9.950373e-01
      outer loop
         vertex 2.950000e+02 -3.601874e+01 -1.920000e+02
         vertex 2.864619e+02 -3.158996e+01 -1.911462e+02
         vertex 2.855861e+02 -3.871680e+01 -1.910586e+02
      endloop
   endfacet
   facet normal 9.950312e-02 1.096621e-06 9.950373e-01
      outer loop
         vertex 2.874709e+02 -2.046548e+01 -1.912471e+02
         vertex 2.950000e+02 -2.439128e+01 -1.920000e+02
         vertex 2.880475e+02 -9.328220e+00 -1.913048e+02
      endloop
   endfacet
   facet normal 9.950076e-02 0.000000e+00 9.950375e-01
      outer loop
         vertex 2.880475e+02 -9.328220e+00 -1.913048e+02
         vertex 2.950000e+02 -2.439128e+01 -1.920000e+02
         vertex 2.950000e+02 -1.201098e+01 -1.920000e+02
      endloop
   endfacet
   facet normal 9.949994e-02 -2.163454e-06 9.950376e-01
      outer loop
         vertex 2.880475e+02 -9.328220e+00 -1.913048e+02
         vertex 2.950000e+02 -1.201098e+01 -1.920000e+02
         vertex 2.881985e+02 -3.834660e-06 -1.913198e+02
      endloop
   endfacet
   facet normal 9.950372e-02 0.000000e+00 9.950372e-01
      outer loop
         vertex 2.881985e+02 -3.834660e-06 -1.913198e+02
         vertex 2.950000e+02 -1.201098e+01 -1.920000e+02
         vertex 2.950000e+02 1.120130e+00 -1.920000e+02
      endloop
   endfacet
   facet normal 9.950319e-02 3.261010e-06 9.950372e-01
      outer loop
         vertex 2.881985e+02 -3.834660e-06 -1.913198e+02
         vertex 2.950000e+02 1.120130e+00 -1.920000e+02
         vertex 2.881928e+02 1.817780e+00 -1.913193e+02
      endloop
   endfacet
   facet normal 9.950286e-02 0.000000e+00 9.950373e-01
      outer loop
         vertex 2.881928e+02 1.817780e+00 -1.913193e+02
         vertex 2.950000e+02 1.120130e+00 -1.920000e+02
         vertex 2.950000e+02 1.499616e+01 -1.920000e+02
      endloop
   endfacet
   facet normal 9.950144e-02 7.387607e-07 9.950374e-01
      outer loop
         vertex 2.881928e+02 1.817780e+00 -1.913193e+02
         vertex 2.950000e+02 1.499616e+01 -1.920000e+02
         vertex 2.879066e+02 1.296844e+01 -1.912907e+02
      endloop
   endfacet
   facet normal 9.950161e-02 1.287510e-07 9.950374e-01
      outer loop
         vertex 2.879066e+02 1.296844e+01 -1.912907e+02
         vertex 2.950000e+02 1.499616e+01 -1.920000e+02
         vertex 2.871874e+02 2.411963e+01 -1.912187e+02
      endloop
   endfacet
   facet normal 9.950146e-02 0.000000e+00 9.950374e-01
      outer loop
         vertex 2.871874e+02 2.411963e+01 -1.912187e+02
         vertex 2.950000e+02 1.499616e+01 -1.920000e+02
         vertex 2.950000e+02 2.960642e+01 -1.920000e+02
      endloop
   endfacet
   facet normal 9.950613e-02 -6.708205e-06 9.950369e-01
      outer loop
         vertex 2.871874e+02 2.411963e+01 -1.912187e+02
         vertex 2.950000e+02 2.960642e+01 -1.920000e+02
         vertex 2.871511e+02 2.454851e+01 -1.912151e+02
      endloop
   endfacet
   facet normal 9.950270e-02 2.062911e-06 9.950373e-01
      outer loop
         vertex 2.950000e+02 6.096222e+01 -1.920000e+02
         vertex 2.812890e+02 6.272884e+01 -1.906289e+02
         vertex 2.823974e+02 5.753329e+01 -1.907397e+02
      endloop
   endfacet
   facet normal 9.950325e-02 0.000000e+00 9.950372e-01
      outer loop
         vertex 2.950000e+02 6.096222e+01 -1.920000e+02
         vertex 2.823974e+02 5.753329e+01 -1.907397e+02
         vertex 2.950000e+02 4.493535e+01 -1.920000e+02
      endloop
   endfacet
   facet normal 9.950147e-02 -1.804363e-06 9.950374e-01
      outer loop
         vertex 2.823974e+02 5.753329e+01 -1.907397e+02
         vertex 2.840165e+02 4.891863e+01 -1.909017e+02
         vertex 2.950000e+02 4.493535e+01 -1.920000e+02
      endloop
   endfacet
   facet normal 9.950427e-02 5.995359e-06 9.950371e-01
      outer loop
         vertex 2.950000e+02 4.493535e+01 -1.920000e+02
         vertex 2.840165e+02 4.891863e+01 -1.909017e+02
         vertex 2.844377e+02 4.640657e+01 -1.909438e+02
      endloop
   endfacet
   facet normal 9.950344e-02 0.000000e+00 9.950372e-01
      outer loop
         vertex 2.950000e+02 4.493535e+01 -1.920000e+02
         vertex 2.844377e+02 4.640657e+01 -1.909438e+02
         vertex 2.950000e+02 2.960642e+01 -1.920000e+02
      endloop
   endfacet
   facet normal 9.949956e-02 -2.465017e-06 9.950376e-01
      outer loop
         vertex 2.950000e+02 2.960642e+01 -1.920000e+02
         vertex 2.844377e+02 4.640657e+01 -1.909438e+02
         vertex 2.860325e+02 3.526717e+01 -1.911033e+02
      endloop
   endfacet
   facet normal 9.950147e-02 5.929688e-07 9.950374e-01
      outer loop
         vertex 2.950000e+02 2.960642e+01 -1.920000e+02
         vertex 2.860325e+02 3.526717e+01 -1.911033e+02
         vertex 2.871511e+02 2.454851e+01 -1.912151e+02
      endloop
   endfacet
   facet normal 9.950243e-02 -2.446362e-08 9.950373e-01
      outer loop
         vertex 2.812890e+02 6.272884e+01 -1.906289e+02
         vertex 2.950000e+02 6.096222e+01 -1.920000e+02
         vertex 2.788174e+02 7.293308e+01 -1.903818e+02
      endloop
   endfacet
   facet normal 9.950245e-02 0.000000e+00 9.950373e-01
      outer loop
         vertex 2.788174e+02 7.293308e+01 -1.903818e+02
         vertex 2.950000e+02 6.096222e+01 -1.920000e+02
         vertex 2.950000e+02 7.766110e+01 -1.920000e+02
      endloop
   endfacet
   facet normal 9.950854e-02 -2.105590e-05 9.950367e-01
      outer loop
         vertex 2.788174e+02 7.293308e+01 -1.903818e+02
         vertex 2.950000e+02 7.766110e+01 -1.920000e+02
         vertex 2.786429e+02 7.359691e+01 -1.903643e+02
      endloop
   endfacet
   facet normal 9.950319e-02 6.757256e-07 9.950372e-01
      outer loop
         vertex 2.786429e+02 7.359691e+01 -1.903643e+02
         vertex 2.950000e+02 7.766110e+01 -1.920000e+02
         vertex 2.755768e+02 8.435539e+01 -1.900577e+02
      endloop
   endfacet
   facet normal 9.950296e-02 0.000000e+00 9.950373e-01
      outer loop
         vertex 2.755768e+02 8.435539e+01 -1.900577e+02
         vertex 2.950000e+02 7.766110e+01 -1.920000e+02
         vertex 2.950000e+02 9.500000e+01 -1.920000e+02
      endloop
   endfacet
   facet normal 9.950295e-02 2.423795e-08 9.950373e-01
      outer loop
         vertex 2.755768e+02 8.435539e+01 -1.900577e+02
         vertex 2.950000e+02 9.500000e+01 -1.920000e+02
         vertex 2.720908e+02 9.500000e+01 -1.897091e+02
      endloop
   endfacet
   facet normal 1.025086e-01 2.282239e-01 9.681972e-01
      outer loop
         vertex 2.950000e+02 1.056059e+02 -1.935498e+02
         vertex 2.691495e+02 1.030385e+02 -1.902077e+02
         vertex 2.950000e+02 1.013089e+02 -1.925369e+02
      endloop
   endfacet
   facet normal 9.834283e-02 1.437107e-01 9.847212e-01
      outer loop
         vertex 2.950000e+02 1.013089e+02 -1.925369e+02
         vertex 2.691495e+02 1.030385e+02 -1.902077e+02
         vertex 2.707175e+02 9.884536e+01 -1.897523e+02
      endloop
   endfacet
   facet normal 1.028099e-01 1.047125e-01 9.891741e-01
      outer loop
         vertex 2.950000e+02 1.013089e+02 -1.925369e+02
         vertex 2.707175e+02 9.884536e+01 -1.897523e+02
         vertex 2.950000e+02 9.652960e+01 -1.920310e+02
      endloop
   endfacet
   facet normal 9.927116e-02 6.383100e-02 9.930110e-01
      outer loop
         vertex 2.950000e+02 9.652960e+01 -1.920310e+02
         vertex 2.707175e+02 9.884536e+01 -1.897523e+02
         vertex 2.715916e+02 9.641783e+01 -1.896837e+02
      endloop
   endfacet
   facet normal 9.966082e-02 2.015801e-02 9.948173e-01
      outer loop
         vertex 2.950000e+02 9.652960e+01 -1.920310e+02
         vertex 2.715916e+02 9.641783e+01 -1.896837e+02
         vertex 2.950000e+02 9.500000e+01 -1.920000e+02
      endloop
   endfacet
   facet normal 9.948825e-02 1.718960e-02 9.948902e-01
      outer loop
         vertex 2.950000e+02 9.500000e+01 -1.920000e+02
         vertex 2.715916e+02 9.641783e+01 -1.896837e+02
         vertex 2.720908e+02 9.500000e+01 -1.897091e+02
      endloop
   endfacet
   facet normal 1.079522e-01 5.485632e-01 8.291108e-01
      outer loop
         vertex 2.950000e+02 1.154928e+02 -1.984720e+02
         vertex 2.641497e+02 1.152534e+02 -1.942969e+02
         vertex 2.950000e+02 1.126762e+02 -1.966085e+02
      endloop
   endfacet
   facet normal 1.045281e-01 4.606882e-01 8.813854e-01
      outer loop
         vertex 2.950000e+02 1.126762e+02 -1.966085e+02
         vertex 2.641497e+02 1.152534e+02 -1.942969e+02
         vertex 2.656921e+02 1.116516e+02 -1.925972e+02
      endloop
   endfacet
   facet normal 1.056412e-01 4.499608e-01 8.867780e-01
      outer loop
         vertex 2.950000e+02 1.126762e+02 -1.966085e+02
         vertex 2.656921e+02 1.116516e+02 -1.925972e+02
         vertex 2.950000e+02 1.093906e+02 -1.949414e+02
      endloop
   endfacet
   facet normal 1.020380e-01 3.619884e-01 9.265812e-01
      outer loop
         vertex 2.950000e+02 1.093906e+02 -1.949414e+02
         vertex 2.656921e+02 1.116516e+02 -1.925972e+02
         vertex 2.672785e+02 1.077988e+02 -1.912667e+02
      endloop
   endfacet
   facet normal 1.040302e-01 3.432147e-01 9.334781e-01
      outer loop
         vertex 2.950000e+02 1.093906e+02 -1.949414e+02
         vertex 2.672785e+02 1.077988e+02 -1.912667e+02
         vertex 2.950000e+02 1.056059e+02 -1.935498e+02
      endloop
   endfacet
   facet normal 1.020943e-01 3.047082e-01 9.469581e-01
      outer loop
         vertex 2.950000e+02 1.056059e+02 -1.935498e+02
         vertex 2.672785e+02 1.077988e+02 -1.912667e+02
         vertex 2.675311e+02 1.071703e+02 -1.910917e+02
      endloop
   endfacet
   facet normal 1.002671e-01 2.455651e-01 9.641806e-01
      outer loop
         vertex 2.950000e+02 1.056059e+02 -1.935498e+02
         vertex 2.675311e+02 1.071703e+02 -1.910917e+02
         vertex 2.691495e+02 1.030385e+02 -1.902077e+02
      endloop
   endfacet
   facet normal 1.151873e-01 7.890090e-01 6.034871e-01
      outer loop
         vertex 2.950000e+02 1.213884e+02 -2.045832e+02
         vertex 2.605493e+02 1.231764e+02 -2.003454e+02
         vertex 2.950000e+02 1.197202e+02 -2.024022e+02
      endloop
   endfacet
   facet normal 1.127325e-01 7.100207e-01 6.950985e-01
      outer loop
         vertex 2.950000e+02 1.197202e+02 -2.024022e+02
         vertex 2.605493e+02 1.231764e+02 -2.003454e+02
         vertex 2.617412e+02 1.206230e+02 -1.979305e+02
      endloop
   endfacet
   facet normal 1.121983e-01 7.149319e-01 6.901333e-01
      outer loop
         vertex 2.950000e+02 1.197202e+02 -2.024022e+02
         vertex 2.617412e+02 1.206230e+02 -1.979305e+02
         vertex 2.950000e+02 1.176936e+02 -2.003028e+02
      endloop
   endfacet
   facet normal 1.107869e-01 6.465534e-01 7.547814e-01
      outer loop
         vertex 2.950000e+02 1.176936e+02 -2.003028e+02
         vertex 2.617412e+02 1.206230e+02 -1.979305e+02
         vertex 2.623865e+02 1.192128e+02 -1.968172e+02
      endloop
   endfacet
   facet normal 1.112598e-01 6.355475e-01 7.640030e-01
      outer loop
         vertex 2.950000e+02 1.176936e+02 -2.003028e+02
         vertex 2.623865e+02 1.192128e+02 -1.968172e+02
         vertex 2.950000e+02 1.154928e+02 -1.984720e+02
      endloop
   endfacet
   facet normal 1.097836e-01 6.151747e-01 7.807097e-01
      outer loop
         vertex 2.950000e+02 1.154928e+02 -1.984720e+02
         vertex 2.623865e+02 1.192128e+02 -1.968172e+02
         vertex 2.626722e+02 1.185820e+02 -1.963603e+02
      endloop
   endfacet
   facet normal 1.070637e-01 5.577541e-01 8.230722e-01
      outer loop
         vertex 2.950000e+02 1.154928e+02 -1.984720e+02
         vertex 2.626722e+02 1.185820e+02 -1.963603e+02
         vertex 2.641497e+02 1.152534e+02 -1.942969e+02
      endloop
   endfacet
   facet normal 1.190546e-01 8.534469e-01 5.073996e-01
      outer loop
         vertex 2.950000e+02 1.227219e+02 -2.068262e+02
         vertex 2.590673e+02 1.262636e+02 -2.043523e+02
         vertex 2.950000e+02 1.213884e+02 -2.045832e+02
      endloop
   endfacet
   facet normal 1.176628e-01 8.423081e-01 5.259967e-01
      outer loop
         vertex 2.950000e+02 1.213884e+02 -2.045832e+02
         vertex 2.590673e+02 1.262636e+02 -2.043523e+02
         vertex 2.595071e+02 1.253573e+02 -2.029993e+02
      endloop
   endfacet
   facet normal 1.151697e-01 7.891742e-01 6.032744e-01
      outer loop
         vertex 2.950000e+02 1.213884e+02 -2.045832e+02
         vertex 2.595071e+02 1.253573e+02 -2.029993e+02
         vertex 2.605493e+02 1.231764e+02 -2.003454e+02
      endloop
   endfacet
   facet normal 1.211742e-01 9.072828e-01 4.026844e-01
      outer loop
         vertex 2.950000e+02 1.237454e+02 -2.091323e+02
         vertex 2.583461e+02 1.277328e+02 -2.070865e+02
         vertex 2.950000e+02 1.227219e+02 -2.068262e+02
      endloop
   endfacet
   facet normal 1.204268e-01 9.023904e-01 4.137499e-01
      outer loop
         vertex 2.950000e+02 1.227219e+02 -2.068262e+02
         vertex 2.583461e+02 1.277328e+02 -2.070865e+02
         vertex 2.586410e+02 1.271347e+02 -2.058678e+02
      endloop
   endfacet
   facet normal 1.185636e-01 8.749276e-01 4.695150e-01
      outer loop
         vertex 2.950000e+02 1.227219e+02 -2.068262e+02
         vertex 2.586410e+02 1.271347e+02 -2.058678e+02
         vertex 2.590673e+02 1.262636e+02 -2.043523e+02
      endloop
   endfacet
   facet normal 1.239044e-01 9.912306e-01 4.592924e-02
      outer loop
         vertex 2.573617e+02 1.297048e+02 -2.164616e+02
         vertex 2.574337e+02 1.295619e+02 -2.135714e+02
         vertex 2.950000e+02 1.248783e+02 -2.138359e+02
      endloop
   endfacet
   facet normal 1.230678e-01 9.774088e-01 1.718322e-01
      outer loop
         vertex 2.950000e+02 1.248783e+02 -2.138359e+02
         vertex 2.574337e+02 1.295619e+02 -2.135714e+02
         vertex 2.576993e+02 1.290328e+02 -2.107520e+02
      endloop
   endfacet
   facet normal 1.231130e-01 9.772749e-01 1.725601e-01
      outer loop
         vertex 2.950000e+02 1.248783e+02 -2.138359e+02
         vertex 2.576993e+02 1.290328e+02 -2.107520e+02
         vertex 2.950000e+02 1.244603e+02 -2.114687e+02
      endloop
   endfacet
   facet normal 1.225331e-01 9.603186e-01 2.505471e-01
      outer loop
         vertex 2.950000e+02 1.244603e+02 -2.114687e+02
         vertex 2.576993e+02 1.290328e+02 -2.107520e+02
         vertex 2.578106e+02 1.288102e+02 -2.099534e+02
      endloop
   endfacet
   facet normal 1.228317e-01 9.489943e-01 2.903827e-01
      outer loop
         vertex 2.950000e+02 1.244603e+02 -2.114687e+02
         vertex 2.578106e+02 1.288102e+02 -2.099534e+02
         vertex 2.950000e+02 1.237454e+02 -2.091323e+02
      endloop
   endfacet
   facet normal 1.223334e-01 9.466128e-01 2.982594e-01
      outer loop
         vertex 2.950000e+02 1.237454e+02 -2.091323e+02
         vertex 2.578106e+02 1.288102e+02 -2.099534e+02
         vertex 2.580506e+02 1.283288e+02 -2.085239e+02
      endloop
   endfacet
   facet normal 1.207166e-01 9.255253e-01 3.589294e-01
      outer loop
         vertex 2.950000e+02 1.237454e+02 -2.091323e+02
         vertex 2.580506e+02 1.283288e+02 -2.085239e+02
         vertex 2.583461e+02 1.277328e+02 -2.070865e+02
      endloop
   endfacet
   facet normal 1.231694e-01 9.908206e-01 5.571191e-02
      outer loop
         vertex 2.950000e+02 1.248783e+02 -2.138359e+02
         vertex 2.950000e+02 1.250000e+02 -2.160000e+02
         vertex 2.573617e+02 1.297048e+02 -2.164616e+02
      endloop
   endfacet
   facet normal 1.240348e-01 9.922779e-01 0.000000e+00
      outer loop
         vertex 2.573617e+02 1.297048e+02 -2.164616e+02
         vertex 2.950000e+02 1.250000e+02 -2.160000e+02
         vertex 2.950000e+02 1.250000e+02 -2.171098e+02
      endloop
   endfacet
   facet normal 1.240348e-01 9.922779e-01 0.000000e+00
      outer loop
         vertex 2.573617e+02 1.297048e+02 -2.164616e+02
         vertex 2.950000e+02 1.250000e+02 -2.171098e+02
         vertex 2.573617e+02 1.297048e+02 -2.195740e+02
      endloop
   endfacet
   facet normal 1.240348e-01 9.922779e-01 0.000000e+00
      outer loop
         vertex 2.573617e+02 1.297048e+02 -2.195740e+02
         vertex 2.950000e+02 1.250000e+02 -2.171098e+02
         vertex 2.950000e+02 1.250000e+02 -2.244241e+02
      endloop
   endfacet
   facet normal 1.240348e-01 9.922779e-01 -0.000000e+00
      outer loop
         vertex 2.950000e+02 1.250000e+02 -3.120000e+02
         vertex 2.573617e+02 1.297048e+02 -2.860426e+02
         vertex 2.950000e+02 1.250000e+02 -2.418564e+02
      endloop
   endfacet
   facet normal 1.240348e-01 9.922779e-01 0.000000e+00
      outer loop
         vertex 2.950000e+02 1.250000e+02 -2.418564e+02
         vertex 2.573617e+02 1.297048e+02 -2.860426e+02
         vertex 2.573617e+02 1.297048e+02 -2.353165e+02
      endloop
   endfacet
   facet normal 1.240348e-01 9.922779e-01 -0.000000e+00
      outer loop
         vertex 2.950000e+02 1.250000e+02 -2.418564e+02
         vertex 2.573617e+02 1.297048e+02 -2.353165e+02
         vertex 2.950000e+02 1.250000e+02 -2.359345e+02
      endloop
   endfacet
   facet normal 1.240348e-01 9.922779e-01 0.000000e+00
      outer loop
         vertex 2.950000e+02 1.250000e+02 -2.359345e+02
         vertex 2.573617e+02 1.297048e+02 -2.353165e+02
         vertex 2.573617e+02 1.297048e+02 -2.308615e+02
      endloop
   endfacet
   facet normal 1.240348e-01 9.922779e-01 -0.000000e+00
      outer loop
         vertex 2.950000e+02 1.250000e+02 -2.359345e+02
         vertex 2.573617e+02 1.297048e+02 -2.308615e+02
         vertex 2.950000e+02 1.250000e+02 -2.301328e+02
      endloop
   endfacet
   facet normal 1.240348e-01 9.922779e-01 0.000000e+00
      outer loop
         vertex 2.950000e+02 1.250000e+02 -2.301328e+02
         vertex 2.573617e+02 1.297048e+02 -2.308615e+02
         vertex 2.573617e+02 1.297048e+02 -2.267564e+02
      endloop
   endfacet
   facet normal 1.240348e-01 9.922779e-01 -0.000000e+00
      outer loop
         vertex 2.950000e+02 1.250000e+02 -2.301328e+02
         vertex 2.573617e+02 1.297048e+02 -2.267564e+02
         vertex 2.950000e+02 1.250000e+02 -2.244241e+02
      endloop
   endfacet
   facet normal 1.240348e-01 9.922779e-01 0.000000e+00
      outer loop
         vertex 2.950000e+02 1.250000e+02 -2.244241e+02
         vertex 2.573617e+02 1.297048e+02 -2.267564e+02
         vertex 2.573617e+02 1.297048e+02 -2.229970e+02
      endloop
   endfacet
   facet normal 1.240348e-01 9.922779e-01 0.000000e+00
      outer loop
         vertex 2.950000e+02 1.250000e+02 -2.244241e+02
         vertex 2.573617e+02 1.297048e+02 -2.229970e+02
         vertex 2.573617e+02 1.297048e+02 -2.195740e+02
      endloop
   endfacet
   facet normal 0.000000e+00 -1.000000e+00 0.000000e+00
      outer loop
         vertex 2.920000e+02 1.150000e+02 -2.160000e+02
         vertex 2.920000e+02 1.150000e+02 -3.520000e+02
         vertex 2.950000e+02 1.150000e+02 -2.160000e+02
      endloop
   endfacet
   facet normal 0.000000e+00 -1.000000e+00 -0.000000e+00
      outer loop
         vertex 2.950000e+02 1.150000e+02 -2.160000e+02
         vertex 2.920000e+02 1.150000e+02 -3.520000e+02
         vertex 2.950000e+02 1.150000e+02 -3.520000e+02
      endloop
   endfacet
   facet normal 0.000000e+00 1.000000e+00 0.000000e+00
      outer loop
         vertex 2.920000e+02 -1.150000e+02 -3.520000e+02
         vertex 2.920000e+02 -1.150000e+02 -2.160000e+02
         vertex 2.950000e+02 -1.150000e+02 -3.520000e+02
      endloop
   endfacet
   facet normal 0.000000e+00 1.000000e+00 -0.000000e+00
      outer loop
         vertex 2.950000e+02 -1.150000e+02 -3.520000e+02
         vertex 2.920000e+02 -1.150000e+02 -2.160000e+02
         vertex 2.950000e+02 -1.150000e+02 -2.160000e+02
      endloop
   endfacet
   facet normal 0.000000e+00 8.032625e-02 -9.967686e-01
      outer loop
         vertex 2.920000e+02 -9.500000e+01 -2.000000e+02
         vertex 2.950000e+02 -9.500000e+01 -2.000000e+02
         vertex 2.950000e+02 -9.898885e+01 -2.003215e+02
      endloop
   endfacet
   facet normal 0.000000e+00 8.032625e-02 -9.967686e-01
      outer loop
         vertex 2.920000e+02 -9.500000e+01 -2.000000e+02
         vertex 2.950000e+02 -9.898885e+01 -2.003215e+02
         vertex 2.920000e+02 -9.898885e+01 -2.003215e+02
      endloop
   endfacet
   facet normal 0.000000e+00 2.349374e-01 -9.720105e-01
      outer loop
         vertex 2.920000e+02 -9.898885e+01 -2.003215e+02
         vertex 2.950000e+02 -9.898885e+01 -2.003215e+02
         vertex 2.950000e+02 -1.025303e+02 -2.011774e+02
      endloop
   endfacet
   facet normal 0.000000e+00 2.349374e-01 -9.720105e-01
      outer loop
         vertex 2.920000e+02 -9.898885e+01 -2.003215e+02
         vertex 2.950000e+02 -1.025303e+02 -2.011774e+02
         vertex 2.920000e+02 -1.025303e+02 -2.011774e+02
      endloop
   endfacet
   facet normal 0.000000e+00 3.802609e-01 -9.248793e-01
      outer loop
         vertex 2.920000e+02 -1.025303e+02 -2.011774e+02
         vertex 2.950000e+02 -1.025303e+02 -2.011774e+02
         vertex 2.950000e+02 -1.056818e+02 -2.024731e+02
      endloop
   endfacet
   facet normal 0.000000e+00 3.802609e-01 -9.248793e-01
      outer loop
         vertex 2.920000e+02 -1.025303e+02 -2.011774e+02
         vertex 2.950000e+02 -1.056818e+02 -2.024731e+02
         vertex 2.920000e+02 -1.056818e+02 -2.024731e+02
      endloop
   endfacet
   facet normal 0.000000e+00 5.158128e-01 -8.567013e-01
      outer loop
         vertex 2.920000e+02 -1.056818e+02 -2.024731e+02
         vertex 2.950000e+02 -1.056818e+02 -2.024731e+02
         vertex 2.950000e+02 -1.082913e+02 -2.040443e+02
      endloop
   endfacet
   facet normal 0.000000e+00 5.158128e-01 -8.567013e-01
      outer loop
         vertex 2.920000e+02 -1.056818e+02 -2.024731e+02
         vertex 2.950000e+02 -1.082913e+02 -2.040443e+02
         vertex 2.920000e+02 -1.082913e+02 -2.040443e+02
      endloop
   endfacet
   facet normal 0.000000e+00 6.399758e-01 -7.683950e-01
      outer loop
         vertex 2.920000e+02 -1.082913e+02 -2.040443e+02
         vertex 2.950000e+02 -1.082913e+02 -2.040443e+02
         vertex 2.950000e+02 -1.104676e+02 -2.058569e+02
      endloop
   endfacet
   facet normal 0.000000e+00 6.399758e-01 -7.683950e-01
      outer loop
         vertex 2.920000e+02 -1.082913e+02 -2.040443e+02
         vertex 2.950000e+02 -1.104676e+02 -2.058569e+02
         vertex 2.920000e+02 -1.104676e+02 -2.058569e+02
      endloop
   endfacet
   facet normal 0.000000e+00 7.510633e-01 -6.602302e-01
      outer loop
         vertex 2.920000e+02 -1.104676e+02 -2.058569e+02
         vertex 2.950000e+02 -1.104676e+02 -2.058569e+02
         vertex 2.950000e+02 -1.121628e+02 -2.077853e+02
      endloop
   endfacet
   facet normal 0.000000e+00 7.510633e-01 -6.602302e-01
      outer loop
         vertex 2.920000e+02 -1.104676e+02 -2.058569e+02
         vertex 2.950000e+02 -1.121628e+02 -2.077853e+02
         vertex 2.920000e+02 -1.121628e+02 -2.077853e+02
      endloop
   endfacet
   facet normal 0.000000e+00 8.475659e-01 -5.306902e-01
      outer loop
         vertex 2.920000e+02 -1.121628e+02 -2.077853e+02
         vertex 2.950000e+02 -1.121628e+02 -2.077853e+02
         vertex 2.950000e+02 -1.135013e+02 -2.099231e+02
      endloop
   endfacet
   facet normal 0.000000e+00 8.475659e-01 -5.306902e-01
      outer loop
         vertex 2.920000e+02 -1.121628e+02 -2.077853e+02
         vertex 2.950000e+02 -1.135013e+02 -2.099231e+02
         vertex 2.920000e+02 -1.135013e+02 -2.099231e+02
      endloop
   endfacet
   facet normal 0.000000e+00 9.223154e-01 -3.864380e-01
      outer loop
         vertex 2.920000e+02 -1.135013e+02 -2.099231e+02
         vertex 2.950000e+02 -1.135013e+02 -2.099231e+02
         vertex 2.950000e+02 -1.143418e+02 -2.119291e+02
      endloop
   endfacet
   facet normal 0.000000e+00 9.223154e-01 -3.864380e-01
      outer loop
         vertex 2.920000e+02 -1.135013e+02 -2.099231e+02
         vertex 2.950000e+02 -1.143418e+02 -2.119291e+02
         vertex 2.920000e+02 -1.143418e+02 -2.119291e+02
      endloop
   endfacet
   facet normal 0.000000e+00 9.713725e-01 -2.375615e-01
      outer loop
         vertex 2.920000e+02 -1.143418e+02 -2.119291e+02
         vertex 2.950000e+02 -1.143418e+02 -2.119291e+02
         vertex 2.950000e+02 -1.148334e+02 -2.139393e+02
      endloop
   endfacet
   facet normal 0.000000e+00 9.713725e-01 -2.375615e-01
      outer loop
         vertex 2.920000e+02 -1.143418e+02 -2.119291e+02
         vertex 2.950000e+02 -1.148334e+02 -2.139393e+02
         vertex 2.920000e+02 -1.148334e+02 -2.139393e+02
      endloop
   endfacet
   facet normal 0.000000e+00 9.967490e-01 -8.056980e-02
      outer loop
         vertex 2.920000e+02 -1.148334e+02 -2.139393e+02
         vertex 2.950000e+02 -1.148334e+02 -2.139393e+02
         vertex 2.950000e+02 -1.150000e+02 -2.160000e+02
      endloop
   endfacet
   facet normal 0.000000e+00 9.967490e-01 -8.056980e-02
      outer loop
         vertex 2.920000e+02 -1.148334e+02 -2.139393e+02
         vertex 2.950000e+02 -1.150000e+02 -2.160000e+02
         vertex 2.920000e+02 -1.150000e+02 -2.160000e+02
      endloop
   endfacet
   facet normal 0.000000e+00 0.000000e+00 -1.000000e+00
      outer loop
         vertex 2.920000e+02 -9.500000e+01 -2.000000e+02
         vertex 2.920000e+02 9.500000e+01 -2.000000e+02
         vertex 2.950000e+02 -9.500000e+01 -2.000000e+02
      endloop
   endfacet
   facet normal 0.000000e+00 0.000000e+00 -1.000000e+00
      outer loop
         vertex 2.950000e+02 -9.500000e+01 -2.000000e+02
         vertex 2.920000e+02 9.500000e+01 -2.000000e+02
         vertex 2.950000e+02 9.500000e+01 -2.000000e+02
      endloop
   endfacet
   facet normal 0.000000e+00 -9.965915e-01 -8.249440e-02
      outer loop
         vertex 2.920000e+02 1.150000e+02 -2.160000e+02
         vertex 2.950000e+02 1.150000e+02 -2.160000e+02
         vertex 2.950000e+02 1.148254e+02 -2.138902e+02
      endloop
   endfacet
   facet normal 0.000000e+00 -9.965915e-01 -8.249440e-02
      outer loop
         vertex 2.920000e+02 1.150000e+02 -2.160000e+02
         vertex 2.950000e+02 1.148254e+02 -2.138902e+02
         vertex 2.920000e+02 1.148254e+02 -2.138902e+02
      endloop
   endfacet
   facet normal 0.000000e+00 -9.699125e-01 -2.434537e-01
      outer loop
         vertex 2.920000e+02 1.148254e+02 -2.138902e+02
         vertex 2.950000e+02 1.148254e+02 -2.138902e+02
         vertex 2.950000e+02 1.143066e+02 -2.118235e+02
      endloop
   endfacet
   facet normal 0.000000e+00 -9.699125e-01 -2.434537e-01
      outer loop
         vertex 2.920000e+02 1.148254e+02 -2.138902e+02
         vertex 2.950000e+02 1.143066e+02 -2.118235e+02
         vertex 2.920000e+02 1.143066e+02 -2.118235e+02
      endloop
   endfacet
   facet normal 0.000000e+00 -9.189726e-01 -3.943214e-01
      outer loop
         vertex 2.920000e+02 1.143066e+02 -2.118235e+02
         vertex 2.950000e+02 1.143066e+02 -2.118235e+02
         vertex 2.950000e+02 1.134426e+02 -2.098099e+02
      endloop
   endfacet
   facet normal 0.000000e+00 -9.189726e-01 -3.943214e-01
      outer loop
         vertex 2.920000e+02 1.143066e+02 -2.118235e+02
         vertex 2.950000e+02 1.134426e+02 -2.098099e+02
         vertex 2.920000e+02 1.134426e+02 -2.098099e+02
      endloop
   endfacet
   facet normal 0.000000e+00 -8.443487e-01 -5.357941e-01
      outer loop
         vertex 2.920000e+02 1.134426e+02 -2.098099e+02
         vertex 2.950000e+02 1.134426e+02 -2.098099e+02
         vertex 2.950000e+02 1.121310e+02 -2.077430e+02
      endloop
   endfacet
   facet normal 0.000000e+00 -8.443487e-01 -5.357941e-01
      outer loop
         vertex 2.920000e+02 1.134426e+02 -2.098099e+02
         vertex 2.950000e+02 1.121310e+02 -2.077430e+02
         vertex 2.920000e+02 1.121310e+02 -2.077430e+02
      endloop
   endfacet
   facet normal 0.000000e+00 -7.507942e-01 -6.605362e-01
      outer loop
         vertex 2.920000e+02 1.121310e+02 -2.077430e+02
         vertex 2.950000e+02 1.121310e+02 -2.077430e+02
         vertex 2.950000e+02 1.104968e+02 -2.058855e+02
      endloop
   endfacet
   facet normal 0.000000e+00 -7.507942e-01 -6.605362e-01
      outer loop
         vertex 2.920000e+02 1.121310e+02 -2.077430e+02
         vertex 2.950000e+02 1.104968e+02 -2.058855e+02
         vertex 2.920000e+02 1.104968e+02 -2.058855e+02
      endloop
   endfacet
   facet normal 0.000000e+00 -6.447799e-01 -7.643683e-01
      outer loop
         vertex 2.920000e+02 1.104968e+02 -2.058855e+02
         vertex 2.950000e+02 1.104968e+02 -2.058855e+02
         vertex 2.950000e+02 1.084460e+02 -2.041555e+02
      endloop
   endfacet
   facet normal 0.000000e+00 -6.447799e-01 -7.643683e-01
      outer loop
         vertex 2.920000e+02 1.104968e+02 -2.058855e+02
         vertex 2.950000e+02 1.084460e+02 -2.041555e+02
         vertex 2.920000e+02 1.084460e+02 -2.041555e+02
      endloop
   endfacet
   facet normal 0.000000e+00 -5.203226e-01 -8.539698e-01
      outer loop
         vertex 2.920000e+02 1.084460e+02 -2.041555e+02
         vertex 2.950000e+02 1.084460e+02 -2.041555e+02
         vertex 2.950000e+02 1.056996e+02 -2.024821e+02
      endloop
   endfacet
   facet normal 0.000000e+00 -5.203226e-01 -8.539698e-01
      outer loop
         vertex 2.920000e+02 1.084460e+02 -2.041555e+02
         vertex 2.950000e+02 1.056996e+02 -2.024821e+02
         vertex 2.920000e+02 1.056996e+02 -2.024821e+02
      endloop
   endfacet
   facet normal 0.000000e+00 -3.865729e-01 -9.222588e-01
      outer loop
         vertex 2.920000e+02 1.056996e+02 -2.024821e+02
         vertex 2.950000e+02 1.056996e+02 -2.024821e+02
         vertex 2.950000e+02 1.028024e+02 -2.012678e+02
      endloop
   endfacet
   facet normal 0.000000e+00 -3.865729e-01 -9.222588e-01
      outer loop
         vertex 2.920000e+02 1.056996e+02 -2.024821e+02
         vertex 2.950000e+02 1.028024e+02 -2.012678e+02
         vertex 2.920000e+02 1.028024e+02 -2.012678e+02
      endloop
   endfacet
   facet normal 0.000000e+00 -2.526121e-01 -9.675676e-01
      outer loop
         vertex 2.920000e+02 1.028024e+02 -2.012678e+02
         vertex 2.950000e+02 1.028024e+02 -2.012678e+02
         vertex 2.950000e+02 9.956247e+01 -2.004219e+02
      endloop
   endfacet
   facet normal 0.000000e+00 -2.526121e-01 -9.675676e-01
      outer loop
         vertex 2.920000e+02 1.028024e+02 -2.012678e+02
         vertex 2.950000e+02 9.956247e+01 -2.004219e+02
         vertex 2.920000e+02 9.956247e+01 -2.004219e+02
      endloop
   endfacet
   facet normal 0.000000e+00 -1.145721e-01 -9.934149e-01
      outer loop
         vertex 2.920000e+02 9.956247e+01 -2.004219e+02
         vertex 2.950000e+02 9.956247e+01 -2.004219e+02
         vertex 2.950000e+02 9.612335e+01 -2.000252e+02
      endloop
   endfacet
   facet normal 0.000000e+00 -1.145721e-01 -9.934149e-01
      outer loop
         vertex 2.920000e+02 9.956247e+01 -2.004219e+02
         vertex 2.950000e+02 9.612335e+01 -2.000252e+02
         vertex 2.920000e+02 9.612335e+01 -2.000252e+02
      endloop
   endfacet
   facet normal 0.000000e+00 -2.246520e-02 -9.997476e-01
      outer loop
         vertex 2.920000e+02 9.612335e+01 -2.000252e+02
         vertex 2.950000e+02 9.612335e+01 -2.000252e+02
         vertex 2.950000e+02 9.500000e+01 -2.000000e+02
      endloop
   endfacet
   facet normal 0.000000e+00 -2.246520e-02 -9.997476e-01
      outer loop
         vertex 2.920000e+02 9.612335e+01 -2.000252e+02
         vertex 2.950000e+02 9.500000e+01 -2.000000e+02
         vertex 2.920000e+02 9.500000e+01 -2.000000e+02
      endloop
   endfacet
   facet normal 1.000000e+00 0.000000e+00 0.000000e+00
      outer loop
         vertex 2.920000e+02 9.500000e+01 -2.000000e+02
         vertex 2.920000e+02 1.150000e+02 -3.520000e+02
         vertex 2.920000e+02 1.150000e+02 -2.160000e+02
      endloop
   endfacet
   facet normal 1.000000e+00 0.000000e+00 0.000000e+00
      outer loop
         vertex 2.920000e+02 1.028024e+02 -2.012678e+02
         vertex 2.920000e+02 9.956247e+01 -2.004219e+02
         vertex 2.920000e+02 1.150000e+02 -2.160000e+02
      endloop
   endfacet
   facet normal 1.000000e+00 0.000000e+00 0.000000e+00
      outer loop
         vertex 2.920000e+02 1.150000e+02 -2.160000e+02
         vertex 2.920000e+02 9.956247e+01 -2.004219e+02
         vertex 2.920000e+02 9.612335e+01 -2.000252e+02
      endloop
   endfacet
   facet normal 1.000000e+00 0.000000e+00 0.000000e+00
      outer loop
         vertex 2.920000e+02 1.150000e+02 -2.160000e+02
         vertex 2.920000e+02 9.612335e+01 -2.000252e+02
         vertex 2.920000e+02 9.500000e+01 -2.000000e+02
      endloop
   endfacet
   facet normal 1.000000e+00 0.000000e+00 0.000000e+00
      outer loop
         vertex 2.920000e+02 -1.025303e+02 -2.011774e+02
         vertex 2.920000e+02 -1.056818e+02 -2.024731e+02
         vertex 2.920000e+02 -1.150000e+02 -2.160000e+02
      endloop
   endfacet
   facet normal 1.000000e+00 0.000000e+00 0.000000e+00
      outer loop
         vertex 2.920000e+02 1.150000e+02 -3.520000e+02
         vertex 2.920000e+02 9.500000e+01 -2.000000e+02
         vertex 2.920000e+02 -1.150000e+02 -3.520000e+02
      endloop
   endfacet
   facet normal 1.000000e+00 0.000000e+00 0.000000e+00
      outer loop
         vertex 2.920000e+02 -1.150000e+02 -3.520000e+02
         vertex 2.920000e+02 9.500000e+01 -2.000000e+02
         vertex 2.920000e+02 -9.500000e+01 -2.000000e+02
      endloop
   endfacet
   facet normal 1.000000e+00 0.000000e+00 0.000000e+00
      outer loop
         vertex 2.920000e+02 -1.150000e+02 -3.520000e+02
         vertex 2.920000e+02 -9.500000e+01 -2.000000e+02
         vertex 2.920000e+02 -1.150000e+02 -2.160000e+02
      endloop
   endfacet
   facet normal 1.000000e+00 0.000000e+00 0.000000e+00
      outer loop
         vertex 2.920000e+02 -1.150000e+02 -2.160000e+02
         vertex 2.920000e+02 -9.500000e+01 -2.000000e+02
         vertex 2.920000e+02 -9.898885e+01 -2.003215e+02
      endloop
   endfacet
   facet normal 1.000000e+00 0.000000e+00 0.000000e+00
      outer loop
         vertex 2.920000e+02 -1.150000e+02 -2.160000e+02
         vertex 2.920000e+02 -9.898885e+01 -2.003215e+02
         vertex 2.920000e+02 -1.025303e+02 -2.011774e+02
      endloop
   endfacet
   facet normal 1.000000e+00 0.000000e+00 0.000000e+00
      outer loop
         vertex 2.920000e+02 1.143066e+02 -2.118235e+02
         vertex 2.920000e+02 1.134426e+02 -2.098099e+02
         vertex 2.920000e+02 1.121310e+02 -2.077430e+02
      endloop
   endfacet
   facet normal 1.000000e+00 0.000000e+00 0.000000e+00
      outer loop
         vertex 2.920000e+02 1.104968e+02 -2.058855e+02
         vertex 2.920000e+02 1.084460e+02 -2.041555e+02
         vertex 2.920000e+02 1.150000e+02 -2.160000e+02
      endloop
   endfacet
   facet normal 1.000000e+00 0.000000e+00 0.000000e+00
      outer loop
         vertex 2.920000e+02 1.150000e+02 -2.160000e+02
         vertex 2.920000e+02 1.084460e+02 -2.041555e+02
         vertex 2.920000e+02 1.056996e+02 -2.024821e+02
      endloop
   endfacet
   facet normal 1.000000e+00 0.000000e+00 0.000000e+00
      outer loop
         vertex 2.920000e+02 1.150000e+02 -2.160000e+02
         vertex 2.920000e+02 1.056996e+02 -2.024821e+02
         vertex 2.920000e+02 1.028024e+02 -2.012678e+02
      endloop
   endfacet
   facet normal 1.000000e+00 -0.000000e+00 0.000000e+00
      outer loop
         vertex 2.920000e+02 -1.135013e+02 -2.099231e+02
         vertex 2.920000e+02 -1.143418e+02 -2.119291e+02
         vertex 2.920000e+02 -1.121628e+02 -2.077853e+02
      endloop
   endfacet
   facet normal 1.000000e+00 -0.000000e+00 0.000000e+00
      outer loop
         vertex 2.920000e+02 -1.121628e+02 -2.077853e+02
         vertex 2.920000e+02 -1.143418e+02 -2.119291e+02
         vertex 2.920000e+02 -1.104676e+02 -2.058569e+02
      endloop
   endfacet
   facet normal 1.000000e+00 0.000000e+00 0.000000e+00
      outer loop
         vertex 2.920000e+02 -1.056818e+02 -2.024731e+02
         vertex 2.920000e+02 -1.082913e+02 -2.040443e+02
         vertex 2.920000e+02 -1.150000e+02 -2.160000e+02
      endloop
   endfacet
   facet normal 1.000000e+00 0.000000e+00 0.000000e+00
      outer loop
         vertex 2.920000e+02 -1.150000e+02 -2.160000e+02
         vertex 2.920000e+02 -1.082913e+02 -2.040443e+02
         vertex 2.920000e+02 -1.104676e+02 -2.058569e+02
      endloop
   endfacet
   facet normal 1.000000e+00 0.000000e+00 0.000000e+00
      outer loop
         vertex 2.920000e+02 -1.150000e+02 -2.160000e+02
         vertex 2.920000e+02 -1.104676e+02 -2.058569e+02
         vertex 2.920000e+02 -1.148334e+02 -2.139393e+02
      endloop
   endfacet
   facet normal 1.000000e+00 0.000000e+00 0.000000e+00
      outer loop
         vertex 2.920000e+02 -1.148334e+02 -2.139393e+02
         vertex 2.920000e+02 -1.104676e+02 -2.058569e+02
         vertex 2.920000e+02 -1.143418e+02 -2.119291e+02
      endloop
   endfacet
   facet normal 1.000000e+00 0.000000e+00 0.000000e+00
      outer loop
         vertex 2.920000e+02 1.104968e+02 -2.058855e+02
         vertex 2.920000e+02 1.150000e+02 -2.160000e+02
         vertex 2.920000e+02 1.121310e+02 -2.077430e+02
      endloop
   endfacet
   facet normal 1.000000e+00 0.000000e+00 0.000000e+00
      outer loop
         vertex 2.920000e+02 1.121310e+02 -2.077430e+02
         vertex 2.920000e+02 1.150000e+02 -2.160000e+02
         vertex 2.920000e+02 1.148254e+02 -2.138902e+02
      endloop
   endfacet
   facet normal 1.000000e+00 0.000000e+00 0.000000e+00
      outer loop
         vertex 2.920000e+02 1.121310e+02 -2.077430e+02
         vertex 2.920000e+02 1.148254e+02 -2.138902e+02
         vertex 2.920000e+02 1.143066e+02 -2.118235e+02
      endloop
   endfacet
   facet normal 0.000000e+00 0.000000e+00 1.000000e+00
      outer loop
         vertex -2.850000e+02 2.900000e+02 -3.360000e+02
         vertex -1.500000e+02 2.900000e+02 -3.360000e+02
         vertex -2.850000e+02 3.350000e+02 -3.360000e+02
      endloop
   endfacet
   facet normal -0.000000e+00 0.000000e+00 1.000000e+00
      outer loop
         vertex -2.850000e+02 3.350000e+02 -3.360000e+02
         vertex -1.500000e+02 2.900000e+02 -3.360000e+02
         vertex -1.500000e+02 3.350000e+02 -3.360000e+02
      endloop
   endfacet
   facet normal -0.000000e+00 0.000000e+00 1.000000e+00
      outer loop
         vertex 1.500000e+02 3.350000e+02 -3.360000e+02
         vertex 1.500000e+02 2.900000e+02 -3.360000e+02
         vertex 2.850000e+02 3.350000e+02 -3.360000e+02
      endloop
   endfacet
   facet normal 0.000000e+00 0.000000e+00 1.000000e+00
      outer loop
         vertex 2.850000e+02 3.350000e+02 -3.360000e+02
         vertex 1.500000e+02 2.900000e+02 -3.360000e+02
         vertex 2.850000e+02 2.900000e+02 -3.360000e+02
      endloop
   endfacet
   facet normal -1.000000e+00 0.000000e+00 0.000000e+00
      outer loop
         vertex 1.500000e+02 3.350000e+02 -3.520000e+02
         vertex 1.500000e+02 2.900000e+02 -3.520000e+02
         vertex 1.500000e+02 3.350000e+02 -3.360000e+02
      endloop
   endfacet
   facet normal -1.000000e+00 -0.000000e+00 0.000000e+00
      outer loop
         vertex 1.500000e+02 3.350000e+02 -3.360000e+02
         vertex 1.500000e+02 2.900000e+02 -3.520000e+02
         vertex 1.500000e+02 2.900000e+02 -3.360000e+02
      endloop
   endfacet
   facet normal 1.000000e+00 0.000000e+00 0.000000e+00
      outer loop
         vertex -1.500000e+02 3.350000e+02 -3.360000e+02
         vertex -1.500000e+02 2.900000e+02 -3.360000e+02
         vertex -1.500000e+02 3.350000e+02 -3.520000e+02
      endloop
   endfacet
   facet normal 1.000000e+00 0.000000e+00 0.000000e+00
      outer loop
         vertex -1.500000e+02 3.350000e+02 -3.520000e+02
         vertex -1.500000e+02 2.900000e+02 -3.360000e+02
         vertex -1.500000e+02 2.900000e+02 -3.520000e+02
      endloop
   endfacet
   facet normal -1.000000e+00 0.000000e+00 0.000000e+00
      outer loop
         vertex -2.870000e+02 2.000000e+02 -3.520000e+02
         vertex -2.870000e+02 1.900000e+02 -3.520000e+02
         vertex -2.870000e+02 2.041421e+02 -3.406863e+02
      endloop
   endfacet
   facet normal -1.000000e+00 0.000000e+00 -0.000000e+00
      outer loop
         vertex -2.870000e+02 2.126151e+02 -3.366563e+02
         vertex -2.870000e+02 2.160045e+02 -3.361043e+02
         vertex -2.870000e+02 2.000000e+02 -3.520000e+02
      endloop
   endfacet
   facet normal -1.000000e+00 0.000000e+00 0.000000e+00
      outer loop
         vertex -2.870000e+02 2.000000e+02 -3.520000e+02
         vertex -2.870000e+02 2.160045e+02 -3.361043e+02
         vertex -2.870000e+02 2.182843e+02 -3.360000e+02
      endloop
   endfacet
   facet normal -1.000000e+00 0.000000e+00 0.000000e+00
      outer loop
         vertex -2.870000e+02 2.000000e+02 -3.520000e+02
         vertex -2.870000e+02 2.182843e+02 -3.360000e+02
         vertex -2.870000e+02 3.200000e+02 -3.520000e+02
      endloop
   endfacet
   facet normal -1.000000e+00 0.000000e+00 0.000000e+00
      outer loop
         vertex -2.870000e+02 3.200000e+02 -3.520000e+02
         vertex -2.870000e+02 2.182843e+02 -3.360000e+02
         vertex -2.870000e+02 3.350000e+02 -3.360000e+02
      endloop
   endfacet
   facet normal -1.000000e+00 0.000000e+00 0.000000e+00
      outer loop
         vertex -2.870000e+02 3.200000e+02 -3.520000e+02
         vertex -2.870000e+02 3.350000e+02 -3.360000e+02
         vertex -2.870000e+02 3.350000e+02 -3.520000e+02
      endloop
   endfacet
   facet normal -1.000000e+00 0.000000e+00 -0.000000e+00
      outer loop
         vertex -2.870000e+02 2.041421e+02 -3.406863e+02
         vertex -2.870000e+02 2.066988e+02 -3.389579e+02
         vertex -2.870000e+02 2.000000e+02 -3.520000e+02
      endloop
   endfacet
   facet normal -1.000000e+00 0.000000e+00 0.000000e+00
      outer loop
         vertex -2.870000e+02 2.000000e+02 -3.520000e+02
         vertex -2.870000e+02 2.066988e+02 -3.389579e+02
         vertex -2.870000e+02 2.094725e+02 -3.376367e+02
      endloop
   endfacet
   facet normal -1.000000e+00 0.000000e+00 0.000000e+00
      outer loop
         vertex -2.870000e+02 2.000000e+02 -3.520000e+02
         vertex -2.870000e+02 2.094725e+02 -3.376367e+02
         vertex -2.870000e+02 2.126151e+02 -3.366563e+02
      endloop
   endfacet
   facet normal 1.000000e+00 0.000000e+00 0.000000e+00
      outer loop
         vertex 2.870000e+02 3.200000e+02 -3.520000e+02
         vertex 2.870000e+02 3.350000e+02 -3.520000e+02
         vertex 2.870000e+02 3.350000e+02 -3.360000e+02
      endloop
   endfacet
   facet normal 1.000000e+00 0.000000e+00 0.000000e+00
      outer loop
         vertex 2.870000e+02 2.041421e+02 -3.406863e+02
         vertex 2.870000e+02 1.900000e+02 -3.520000e+02
         vertex 2.870000e+02 2.000000e+02 -3.520000e+02
      endloop
   endfacet
   facet normal 1.000000e+00 -0.000000e+00 0.000000e+00
      outer loop
         vertex 2.870000e+02 2.041421e+02 -3.406863e+02
         vertex 2.870000e+02 2.000000e+02 -3.520000e+02
         vertex 2.870000e+02 2.049930e+02 -3.400443e+02
      endloop
   endfacet
   facet normal 1.000000e+00 0.000000e+00 0.000000e+00
      outer loop
         vertex 2.870000e+02 2.142954e+02 -3.363215e+02
         vertex 2.870000e+02 2.107540e+02 -3.371774e+02
         vertex 2.870000e+02 2.000000e+02 -3.520000e+02
      endloop
   endfacet
   facet normal 1.000000e+00 0.000000e+00 0.000000e+00
      outer loop
         vertex 2.870000e+02 2.000000e+02 -3.520000e+02
         vertex 2.870000e+02 2.107540e+02 -3.371774e+02
         vertex 2.870000e+02 2.076025e+02 -3.384732e+02
      endloop
   endfacet
   facet normal 1.000000e+00 0.000000e+00 0.000000e+00
      outer loop
         vertex 2.870000e+02 2.000000e+02 -3.520000e+02
         vertex 2.870000e+02 2.076025e+02 -3.384732e+02
         vertex 2.870000e+02 2.049930e+02 -3.400443e+02
      endloop
   endfacet
   facet normal 1.000000e+00 0.000000e+00 -0.000000e+00
      outer loop
         vertex 2.870000e+02 3.200000e+02 -3.520000e+02
         vertex 2.870000e+02 3.350000e+02 -3.360000e+02
         vertex 2.870000e+02 2.000000e+02 -3.520000e+02
      endloop
   endfacet
   facet normal 1.000000e+00 0.000000e+00 0.000000e+00
      outer loop
         vertex 2.870000e+02 2.000000e+02 -3.520000e+02
         vertex 2.870000e+02 3.350000e+02 -3.360000e+02
         vertex 2.870000e+02 2.182843e+02 -3.360000e+02
      endloop
   endfacet
   facet normal 1.000000e+00 0.000000e+00 0.000000e+00
      outer loop
         vertex 2.870000e+02 2.000000e+02 -3.520000e+02
         vertex 2.870000e+02 2.182843e+02 -3.360000e+02
         vertex 2.870000e+02 2.142954e+02 -3.363215e+02
      endloop
   endfacet
   facet normal 0.000000e+00 1.000000e+00 -0.000000e+00
      outer loop
         vertex -2.850000e+02 3.400000e+02 -3.360000e+02
         vertex -2.950000e+02 3.400000e+02 -3.360000e+02
         vertex -2.850000e+02 3.400000e+02 -3.156658e+02
      endloop
   endfacet
   facet normal 0.000000e+00 1.000000e+00 0.000000e+00
      outer loop
         vertex -2.850000e+02 3.400000e+02 -3.156658e+02
         vertex -2.950000e+02 3.400000e+02 -3.360000e+02
         vertex -2.950000e+02 3.400000e+02 -3.120000e+02
      endloop
   endfacet
   facet normal 0.000000e+00 1.000000e+00 -0.000000e+00
      outer loop
         vertex -2.850000e+02 3.400000e+02 -3.156658e+02
         vertex -2.950000e+02 3.400000e+02 -3.120000e+02
         vertex -1.500000e+02 3.400000e+02 -2.225623e+02
      endloop
   endfacet
   facet normal -0.000000e+00 1.000000e+00 0.000000e+00
      outer loop
         vertex 2.000000e+01 3.400000e+02 -1.720000e+02
         vertex 4.000000e+01 3.400000e+02 -1.720000e+02
         vertex 1.200000e+02 3.400000e+02 -3.120000e+02
      endloop
   endfacet
   facet normal 0.000000e+00 1.000000e+00 0.000000e+00
      outer loop
         vertex -1.500000e+02 3.400000e+02 -2.225623e+02
         vertex -1.200000e+02 3.400000e+02 -3.120000e+02
         vertex -1.500000e+02 3.400000e+02 -2.880000e+02
      endloop
   endfacet
   facet normal 0.000000e+00 1.000000e+00 0.000000e+00
      outer loop
         vertex -1.500000e+02 3.400000e+02 -2.880000e+02
         vertex -1.200000e+02 3.400000e+02 -3.120000e+02
         vertex -1.216906e+02 3.400000e+02 -3.119619e+02
      endloop
   endfacet
   facet normal 0.000000e+00 1.000000e+00 0.000000e+00
      outer loop
         vertex -1.500000e+02 3.400000e+02 -2.880000e+02
         vertex -1.216906e+02 3.400000e+02 -3.119619e+02
         vertex -1.268491e+02 3.400000e+02 -3.113662e+02
      endloop
   endfacet
   facet normal 0.000000e+00 1.000000e+00 0.000000e+00
      outer loop
         vertex -2.950000e+02 3.400000e+02 -3.120000e+02
         vertex -1.500000e+02 3.400000e+02 -2.120000e+02
         vertex -1.500000e+02 3.400000e+02 -2.225623e+02
      endloop
   endfacet
   facet normal 0.000000e+00 1.000000e+00 0.000000e+00
      outer loop
         vertex -1.500000e+02 3.400000e+02 -2.225623e+02
         vertex -1.500000e+02 3.400000e+02 -2.120000e+02
         vertex -1.325000e+02 3.400000e+02 -2.020000e+02
      endloop
   endfacet
   facet normal -0.000000e+00 1.000000e+00 0.000000e+00
      outer loop
         vertex -1.500000e+02 3.400000e+02 -2.225623e+02
         vertex -1.325000e+02 3.400000e+02 -2.020000e+02
         vertex -1.200000e+02 3.400000e+02 -3.120000e+02
      endloop
   endfacet
   facet normal 0.000000e+00 1.000000e+00 -0.000000e+00
      outer loop
         vertex -1.200000e+02 3.400000e+02 -3.120000e+02
         vertex -1.325000e+02 3.400000e+02 -2.020000e+02
         vertex -1.150000e+02 3.400000e+02 -1.920000e+02
      endloop
   endfacet
   facet normal 0.000000e+00 1.000000e+00 0.000000e+00
      outer loop
         vertex -1.200000e+02 3.400000e+02 -3.120000e+02
         vertex -1.150000e+02 3.400000e+02 -1.920000e+02
         vertex -9.750000e+01 3.400000e+02 -1.820000e+02
      endloop
   endfacet
   facet normal -0.000000e+00 1.000000e+00 0.000000e+00
      outer loop
         vertex 4.000000e+01 3.400000e+02 -1.720000e+02
         vertex 6.000000e+01 3.400000e+02 -1.720000e+02
         vertex 1.200000e+02 3.400000e+02 -3.120000e+02
      endloop
   endfacet
   facet normal 0.000000e+00 1.000000e+00 0.000000e+00
      outer loop
         vertex 1.200000e+02 3.400000e+02 -3.120000e+02
         vertex 6.000000e+01 3.400000e+02 -1.720000e+02
         vertex 8.000000e+01 3.400000e+02 -1.720000e+02
      endloop
   endfacet
   facet normal 0.000000e+00 1.000000e+00 0.000000e+00
      outer loop
         vertex 1.200000e+02 3.400000e+02 -3.120000e+02
         vertex 8.000000e+01 3.400000e+02 -1.720000e+02
         vertex 8.875000e+01 3.400000e+02 -1.770000e+02
      endloop
   endfacet
   facet normal 0.000000e+00 1.000000e+00 0.000000e+00
      outer loop
         vertex 8.875000e+01 3.400000e+02 -1.770000e+02
         vertex 9.750000e+01 3.400000e+02 -1.820000e+02
         vertex 1.200000e+02 3.400000e+02 -3.120000e+02
      endloop
   endfacet
   facet normal 0.000000e+00 1.000000e+00 0.000000e+00
      outer loop
         vertex 1.200000e+02 3.400000e+02 -3.120000e+02
         vertex 9.750000e+01 3.400000e+02 -1.820000e+02
         vertex 1.150000e+02 3.400000e+02 -1.920000e+02
      endloop
   endfacet
   facet normal 0.000000e+00 1.000000e+00 -0.000000e+00
      outer loop
         vertex 1.200000e+02 3.400000e+02 -3.120000e+02
         vertex 1.150000e+02 3.400000e+02 -1.920000e+02
         vertex 1.325000e+02 3.400000e+02 -2.020000e+02
      endloop
   endfacet
   facet normal 0.000000e+00 1.000000e+00 0.000000e+00
      outer loop
         vertex 1.496616e+02 3.400000e+02 -2.915947e+02
         vertex 1.488398e+02 3.400000e+02 -2.946097e+02
         vertex 1.200000e+02 3.400000e+02 -3.120000e+02
      endloop
   endfacet
   facet normal 0.000000e+00 1.000000e+00 0.000000e+00
      outer loop
         vertex 1.200000e+02 3.400000e+02 -3.120000e+02
         vertex 1.488398e+02 3.400000e+02 -2.946097e+02
         vertex 1.474859e+02 3.400000e+02 -2.976174e+02
      endloop
   endfacet
   facet normal 0.000000e+00 1.000000e+00 0.000000e+00
      outer loop
         vertex 1.200000e+02 3.400000e+02 -3.120000e+02
         vertex 1.474859e+02 3.400000e+02 -2.976174e+02
         vertex 1.461011e+02 3.400000e+02 -2.998317e+02
      endloop
   endfacet
   facet normal -0.000000e+00 1.000000e+00 0.000000e+00
      outer loop
         vertex -9.750000e+01 3.400000e+02 -1.820000e+02
         vertex -8.875000e+01 3.400000e+02 -1.770000e+02
         vertex -1.200000e+02 3.400000e+02 -3.120000e+02
      endloop
   endfacet
   facet normal 0.000000e+00 1.000000e+00 0.000000e+00
      outer loop
         vertex -1.200000e+02 3.400000e+02 -3.120000e+02
         vertex -8.875000e+01 3.400000e+02 -1.770000e+02
         vertex -8.000000e+01 3.400000e+02 -1.720000e+02
      endloop
   endfacet
   facet normal 0.000000e+00 1.000000e+00 0.000000e+00
      outer loop
         vertex -1.200000e+02 3.400000e+02 -3.120000e+02
         vertex -8.000000e+01 3.400000e+02 -1.720000e+02
         vertex -6.000000e+01 3.400000e+02 -1.720000e+02
      endloop
   endfacet
   facet normal -0.000000e+00 1.000000e+00 0.000000e+00
      outer loop
         vertex -6.000000e+01 3.400000e+02 -1.720000e+02
         vertex -4.000000e+01 3.400000e+02 -1.720000e+02
         vertex -1.200000e+02 3.400000e+02 -3.120000e+02
      endloop
   endfacet
   facet normal 0.000000e+00 1.000000e+00 0.000000e+00
      outer loop
         vertex -1.200000e+02 3.400000e+02 -3.120000e+02
         vertex -4.000000e+01 3.400000e+02 -1.720000e+02
         vertex -2.000000e+01 3.400000e+02 -1.720000e+02
      endloop
   endfacet
   facet normal 0.000000e+00 1.000000e+00 0.000000e+00
      outer loop
         vertex -1.200000e+02 3.400000e+02 -3.120000e+02
         vertex -2.000000e+01 3.400000e+02 -1.720000e+02
         vertex 1.200000e+02 3.400000e+02 -3.120000e+02
      endloop
   endfacet
   facet normal 0.000000e+00 1.000000e+00 0.000000e+00
      outer loop
         vertex 1.200000e+02 3.400000e+02 -3.120000e+02
         vertex -2.000000e+01 3.400000e+02 -1.720000e+02
         vertex 1.387779e-14 3.400000e+02 -1.720000e+02
      endloop
   endfacet
   facet normal 0.000000e+00 1.000000e+00 0.000000e+00
      outer loop
         vertex 1.200000e+02 3.400000e+02 -3.120000e+02
         vertex 1.387779e-14 3.400000e+02 -1.720000e+02
         vertex 2.000000e+01 3.400000e+02 -1.720000e+02
      endloop
   endfacet
   facet normal 0.000000e+00 1.000000e+00 -0.000000e+00
      outer loop
         vertex 2.950000e+02 3.400000e+02 -3.360000e+02
         vertex 2.850000e+02 3.400000e+02 -3.360000e+02
         vertex 2.950000e+02 3.400000e+02 -3.120000e+02
      endloop
   endfacet
   facet normal 0.000000e+00 1.000000e+00 0.000000e+00
      outer loop
         vertex 2.950000e+02 3.400000e+02 -3.120000e+02
         vertex 2.850000e+02 3.400000e+02 -3.360000e+02
         vertex 2.850000e+02 3.400000e+02 -3.156658e+02
      endloop
   endfacet
   facet normal 0.000000e+00 1.000000e+00 0.000000e+00
      outer loop
         vertex 2.950000e+02 3.400000e+02 -3.120000e+02
         vertex 2.850000e+02 3.400000e+02 -3.156658e+02
         vertex 1.500000e+02 3.400000e+02 -2.120000e+02
      endloop
   endfacet
   facet normal 0.000000e+00 1.000000e+00 0.000000e+00
      outer loop
         vertex 1.500000e+02 3.400000e+02 -2.120000e+02
         vertex 2.850000e+02 3.400000e+02 -3.156658e+02
         vertex 1.500000e+02 3.400000e+02 -2.225623e+02
      endloop
   endfacet
   facet normal 0.000000e+00 1.000000e+00 0.000000e+00
      outer loop
         vertex 1.500000e+02 3.400000e+02 -2.120000e+02
         vertex 1.500000e+02 3.400000e+02 -2.225623e+02
         vertex 1.325000e+02 3.400000e+02 -2.020000e+02
      endloop
   endfacet
   facet normal 0.000000e+00 1.000000e+00 0.000000e+00
      outer loop
         vertex 1.325000e+02 3.400000e+02 -2.020000e+02
         vertex 1.500000e+02 3.400000e+02 -2.225623e+02
         vertex 1.500000e+02 3.400000e+02 -2.880000e+02
      endloop
   endfacet
   facet normal 0.000000e+00 1.000000e+00 0.000000e+00
      outer loop
         vertex 1.325000e+02 3.400000e+02 -2.020000e+02
         vertex 1.500000e+02 3.400000e+02 -2.880000e+02
         vertex 1.200000e+02 3.400000e+02 -3.120000e+02
      endloop
   endfacet
   facet normal 0.000000e+00 1.000000e+00 0.000000e+00
      outer loop
         vertex 1.200000e+02 3.400000e+02 -3.120000e+02
         vertex 1.500000e+02 3.400000e+02 -2.880000e+02
         vertex 1.499913e+02 3.400000e+02 -2.885783e+02
      endloop
   endfacet
   facet normal 0.000000e+00 1.000000e+00 0.000000e+00
      outer loop
         vertex 1.200000e+02 3.400000e+02 -3.120000e+02
         vertex 1.499913e+02 3.400000e+02 -2.885783e+02
         vertex 1.496616e+02 3.400000e+02 -2.915947e+02
      endloop
   endfacet
   facet normal 0.000000e+00 1.000000e+00 0.000000e+00
      outer loop
         vertex -1.268491e+02 3.400000e+02 -3.113662e+02
         vertex -1.317085e+02 3.400000e+02 -3.100967e+02
         vertex -1.500000e+02 3.400000e+02 -2.880000e+02
      endloop
   endfacet
   facet normal 0.000000e+00 1.000000e+00 0.000000e+00
      outer loop
         vertex -1.500000e+02 3.400000e+02 -2.880000e+02
         vertex -1.317085e+02 3.400000e+02 -3.100967e+02
         vertex -1.360537e+02 3.400000e+02 -3.082746e+02
      endloop
   endfacet
   facet normal 0.000000e+00 1.000000e+00 0.000000e+00
      outer loop
         vertex -1.500000e+02 3.400000e+02 -2.880000e+02
         vertex -1.360537e+02 3.400000e+02 -3.082746e+02
         vertex -1.401728e+02 3.400000e+02 -3.057639e+02
      endloop
   endfacet
   facet normal 0.000000e+00 1.000000e+00 0.000000e+00
      outer loop
         vertex -1.456989e+02 3.400000e+02 -3.003823e+02
         vertex -1.476657e+02 3.400000e+02 -2.972816e+02
         vertex -1.489611e+02 3.400000e+02 -2.942612e+02
      endloop
   endfacet
   facet normal 0.000000e+00 1.000000e+00 0.000000e+00
      outer loop
         vertex -1.401728e+02 3.400000e+02 -3.057639e+02
         vertex -1.432483e+02 3.400000e+02 -3.031687e+02
         vertex -1.500000e+02 3.400000e+02 -2.880000e+02
      endloop
   endfacet
   facet normal 0.000000e+00 1.000000e+00 0.000000e+00
      outer loop
         vertex -1.500000e+02 3.400000e+02 -2.880000e+02
         vertex -1.432483e+02 3.400000e+02 -3.031687e+02
         vertex -1.456989e+02 3.400000e+02 -3.003823e+02
      endloop
   endfacet
   facet normal 0.000000e+00 1.000000e+00 0.000000e+00
      outer loop
         vertex -1.500000e+02 3.400000e+02 -2.880000e+02
         vertex -1.456989e+02 3.400000e+02 -3.003823e+02
         vertex -1.497387e+02 3.400000e+02 -2.911610e+02
      endloop
   endfacet
   facet normal 0.000000e+00 1.000000e+00 0.000000e+00
      outer loop
         vertex -1.497387e+02 3.400000e+02 -2.911610e+02
         vertex -1.456989e+02 3.400000e+02 -3.003823e+02
         vertex -1.489611e+02 3.400000e+02 -2.942612e+02
      endloop
   endfacet
   facet normal 0.000000e+00 1.000000e+00 -0.000000e+00
      outer loop
         vertex 1.405291e+02 3.400000e+02 -3.055008e+02
         vertex 1.362461e+02 3.400000e+02 -3.081762e+02
         vertex 1.436685e+02 3.400000e+02 -3.027470e+02
      endloop
   endfacet
   facet normal 0.000000e+00 1.000000e+00 0.000000e+00
      outer loop
         vertex 1.436685e+02 3.400000e+02 -3.027470e+02
         vertex 1.362461e+02 3.400000e+02 -3.081762e+02
         vertex 1.315538e+02 3.400000e+02 -3.101487e+02
      endloop
   endfacet
   facet normal 0.000000e+00 1.000000e+00 -0.000000e+00
      outer loop
         vertex 1.436685e+02 3.400000e+02 -3.027470e+02
         vertex 1.315538e+02 3.400000e+02 -3.101487e+02
         vertex 1.461011e+02 3.400000e+02 -2.998317e+02
      endloop
   endfacet
   facet normal 0.000000e+00 1.000000e+00 0.000000e+00
      outer loop
         vertex 1.461011e+02 3.400000e+02 -2.998317e+02
         vertex 1.315538e+02 3.400000e+02 -3.101487e+02
         vertex 1.262700e+02 3.400000e+02 -3.114700e+02
      endloop
   endfacet
   facet normal 0.000000e+00 1.000000e+00 0.000000e+00
      outer loop
         vertex 1.461011e+02 3.400000e+02 -2.998317e+02
         vertex 1.262700e+02 3.400000e+02 -3.114700e+02
         vertex 1.200000e+02 3.400000e+02 -3.120000e+02
      endloop
   endfacet
   facet normal -1.000000e+00 -0.000000e+00 -0.000000e+00
      outer loop
         vertex -1.500000e+02 3.400000e+02 -2.225623e+02
         vertex -1.500000e+02 3.400000e+02 -2.880000e+02
         vertex -1.500000e+02 2.900000e+02 -2.225623e+02
      endloop
   endfacet
   facet normal -1.000000e+00 0.000000e+00 0.000000e+00
      outer loop
         vertex -1.500000e+02 2.900000e+02 -2.225623e+02
         vertex -1.500000e+02 3.400000e+02 -2.880000e+02
         vertex -1.500000e+02 2.900000e+02 -2.880000e+02
      endloop
   endfacet
   facet normal 1.000000e+00 0.000000e+00 -0.000000e+00
      outer loop
         vertex 1.500000e+02 3.400000e+02 -2.880000e+02
         vertex 1.500000e+02 3.400000e+02 -2.225623e+02
         vertex 1.500000e+02 2.900000e+02 -2.880000e+02
      endloop
   endfacet
   facet normal 1.000000e+00 0.000000e+00 0.000000e+00
      outer loop
         vertex 1.500000e+02 2.900000e+02 -2.880000e+02
         vertex 1.500000e+02 3.400000e+02 -2.225623e+02
         vertex 1.500000e+02 2.900000e+02 -2.225623e+02
      endloop
   endfacet
   facet normal 1.000000e+00 0.000000e+00 -0.000000e+00
      outer loop
         vertex -2.850000e+02 3.400000e+02 -3.360000e+02
         vertex -2.850000e+02 3.400000e+02 -3.156658e+02
         vertex -2.850000e+02 3.350000e+02 -3.360000e+02
      endloop
   endfacet
   facet normal 1.000000e+00 0.000000e+00 -0.000000e+00
      outer loop
         vertex -2.850000e+02 3.350000e+02 -3.360000e+02
         vertex -2.850000e+02 3.400000e+02 -3.156658e+02
         vertex -2.850000e+02 2.900000e+02 -3.156658e+02
      endloop
   endfacet
   facet normal 1.000000e+00 0.000000e+00 0.000000e+00
      outer loop
         vertex -2.850000e+02 3.350000e+02 -3.360000e+02
         vertex -2.850000e+02 2.900000e+02 -3.156658e+02
         vertex -2.850000e+02 2.900000e+02 -3.360000e+02
      endloop
   endfacet
   facet normal 1.000000e+00 0.000000e+00 0.000000e+00
      outer loop
         vertex 1.500000e+02 2.460861e+02 -2.120000e+02
         vertex 1.500000e+02 3.400000e+02 -2.120000e+02
         vertex 1.500000e+02 2.460861e+02 -1.520000e+02
      endloop
   endfacet
   facet normal 1.000000e+00 0.000000e+00 0.000000e+00
      outer loop
         vertex 1.500000e+02 2.460861e+02 -1.520000e+02
         vertex 1.500000e+02 3.400000e+02 -2.120000e+02
         vertex 1.500000e+02 2.822497e+02 -1.620000e+02
      endloop
   endfacet
   facet normal 1.000000e+00 -0.000000e+00 -0.000000e+00
      outer loop
         vertex 1.500000e+02 2.460861e+02 -1.520000e+02
         vertex 1.500000e+02 2.822497e+02 -1.620000e+02
         vertex 1.500000e+02 2.244994e+02 -1.120000e+02
      endloop
   endfacet
   facet normal 3.726368e-01 6.046950e-01 7.039076e-01
      outer loop
         vertex 1.332114e+02 2.610368e+02 -1.345000e+02
         vertex 1.331060e+02 2.349102e+02 -1.120000e+02
         vertex 1.500000e+02 2.244994e+02 -1.120000e+02
      endloop
   endfacet
   facet normal 3.859815e-01 6.038312e-01 6.974283e-01
      outer loop
         vertex 1.329743e+02 2.873579e+02 -1.570000e+02
         vertex 1.500000e+02 2.822497e+02 -1.620000e+02
         vertex 1.500000e+02 3.400000e+02 -2.120000e+02
      endloop
   endfacet
   facet normal 3.649536e-01 5.492386e-01 7.517618e-01
      outer loop
         vertex 8.000000e+01 3.194690e+02 -1.570000e+02
         vertex 8.000000e+01 2.989380e+02 -1.420000e+02
         vertex 8.887167e+01 3.187068e+02 -1.607500e+02
      endloop
   endfacet
   facet normal 3.080291e-01 5.782837e-01 7.554509e-01
      outer loop
         vertex 8.887167e+01 3.187068e+02 -1.607500e+02
         vertex 8.000000e+01 2.989380e+02 -1.420000e+02
         vertex 8.899333e+01 2.974135e+02 -1.445000e+02
      endloop
   endfacet
   facet normal 3.671890e-01 5.656170e-01 7.384102e-01
      outer loop
         vertex 8.887167e+01 3.187068e+02 -1.607500e+02
         vertex 8.899333e+01 2.974135e+02 -1.445000e+02
         vertex 9.771437e+01 3.178619e+02 -1.645000e+02
      endloop
   endfacet
   facet normal 3.190973e-01 5.896162e-01 7.419768e-01
      outer loop
         vertex 9.771437e+01 3.178619e+02 -1.645000e+02
         vertex 8.899333e+01 2.974135e+02 -1.445000e+02
         vertex 9.792875e+01 2.957237e+02 -1.470000e+02
      endloop
   endfacet
   facet normal 3.367223e-01 5.859270e-01 7.370940e-01
      outer loop
         vertex 9.771437e+01 3.178619e+02 -1.645000e+02
         vertex 9.792875e+01 2.957237e+02 -1.470000e+02
         vertex 1.156023e+02 2.918570e+02 -1.520000e+02
      endloop
   endfacet
   facet normal 3.156986e-01 6.082436e-01 7.282679e-01
      outer loop
         vertex 1.154917e+02 2.440526e+02 -1.120000e+02
         vertex 1.331060e+02 2.349102e+02 -1.120000e+02
         vertex 1.159034e+02 2.677855e+02 -1.320000e+02
      endloop
   endfacet
   facet normal 3.417695e-01 6.124710e-01 7.127924e-01
      outer loop
         vertex 1.159034e+02 2.677855e+02 -1.320000e+02
         vertex 1.331060e+02 2.349102e+02 -1.120000e+02
         vertex 1.332114e+02 2.610368e+02 -1.345000e+02
      endloop
   endfacet
   facet normal 3.395497e-01 6.036014e-01 7.213676e-01
      outer loop
         vertex 1.159034e+02 2.677855e+02 -1.320000e+02
         vertex 1.332114e+02 2.610368e+02 -1.345000e+02
         vertex 1.156023e+02 2.918570e+02 -1.520000e+02
      endloop
   endfacet
   facet normal 2.504792e-01 5.711231e-01 7.817152e-01
      outer loop
         vertex 8.000000e+01 2.784069e+02 -1.270000e+02
         vertex 8.000000e+01 2.578759e+02 -1.120000e+02
         vertex 8.911499e+01 2.761203e+02 -1.282500e+02
      endloop
   endfacet
   facet normal 1.965827e-01 5.955424e-01 7.788996e-01
      outer loop
         vertex 8.911499e+01 2.761203e+02 -1.282500e+02
         vertex 8.000000e+01 2.578759e+02 -1.120000e+02
         vertex 8.923665e+01 2.548270e+02 -1.120000e+02
      endloop
   endfacet
   facet normal 2.701392e-01 5.850903e-01 7.646530e-01
      outer loop
         vertex 8.911499e+01 2.761203e+02 -1.282500e+02
         vertex 8.923665e+01 2.548270e+02 -1.120000e+02
         vertex 9.814312e+01 2.735856e+02 -1.295000e+02
      endloop
   endfacet
   facet normal 2.231125e-01 6.062154e-01 7.633634e-01
      outer loop
         vertex 9.814312e+01 2.735856e+02 -1.295000e+02
         vertex 8.923665e+01 2.548270e+02 -1.120000e+02
         vertex 9.725337e+01 2.518765e+02 -1.120000e+02
      endloop
   endfacet
   facet normal 2.897432e-01 5.934474e-01 7.509122e-01
      outer loop
         vertex 9.814312e+01 2.735856e+02 -1.295000e+02
         vertex 9.725337e+01 2.518765e+02 -1.120000e+02
         vertex 1.070755e+02 2.708061e+02 -1.307500e+02
      endloop
   endfacet
   facet normal 2.508058e-01 6.124325e-01 7.496819e-01
      outer loop
         vertex 1.070755e+02 2.708061e+02 -1.307500e+02
         vertex 9.725337e+01 2.518765e+02 -1.120000e+02
         vertex 1.073507e+02 2.477414e+02 -1.120000e+02
      endloop
   endfacet
   facet normal 4.011840e-01 5.883409e-01 7.020729e-01
      outer loop
         vertex 9.750000e+01 3.400000e+02 -1.820000e+02
         vertex 1.153011e+02 3.159285e+02 -1.720000e+02
         vertex 1.150000e+02 3.400000e+02 -1.920000e+02
      endloop
   endfacet
   facet normal 3.608649e-01 5.986651e-01 7.151060e-01
      outer loop
         vertex 1.150000e+02 3.400000e+02 -1.920000e+02
         vertex 1.153011e+02 3.159285e+02 -1.720000e+02
         vertex 1.329743e+02 2.873579e+02 -1.570000e+02
      endloop
   endfacet
   facet normal 3.975466e-01 5.982906e-01 6.957047e-01
      outer loop
         vertex 1.150000e+02 3.400000e+02 -1.920000e+02
         vertex 1.329743e+02 2.873579e+02 -1.570000e+02
         vertex 1.325000e+02 3.400000e+02 -2.020000e+02
      endloop
   endfacet
   facet normal 3.975452e-01 5.982910e-01 6.957052e-01
      outer loop
         vertex 1.325000e+02 3.400000e+02 -2.020000e+02
         vertex 1.329743e+02 2.873579e+02 -1.570000e+02
         vertex 1.500000e+02 3.400000e+02 -2.120000e+02
      endloop
   endfacet
   facet normal 4.189565e-01 5.356590e-01 7.331745e-01
      outer loop
         vertex 8.000000e+01 3.400000e+02 -1.720000e+02
         vertex 8.000000e+01 3.194690e+02 -1.570000e+02
         vertex 8.875000e+01 3.400000e+02 -1.770000e+02
      endloop
   endfacet
   facet normal 3.615745e-01 5.669303e-01 7.401715e-01
      outer loop
         vertex 8.875000e+01 3.400000e+02 -1.770000e+02
         vertex 8.000000e+01 3.194690e+02 -1.570000e+02
         vertex 8.887167e+01 3.187068e+02 -1.607500e+02
      endloop
   endfacet
   facet normal 4.130464e-01 5.539916e-01 7.228319e-01
      outer loop
         vertex 8.875000e+01 3.400000e+02 -1.770000e+02
         vertex 8.887167e+01 3.187068e+02 -1.607500e+02
         vertex 9.750000e+01 3.400000e+02 -1.820000e+02
      endloop
   endfacet
   facet normal 3.644612e-01 5.796510e-01 7.288160e-01
      outer loop
         vertex 9.750000e+01 3.400000e+02 -1.820000e+02
         vertex 8.887167e+01 3.187068e+02 -1.607500e+02
         vertex 9.771437e+01 3.178619e+02 -1.645000e+02
      endloop
   endfacet
   facet normal 3.731336e-01 5.775687e-01 7.260756e-01
      outer loop
         vertex 9.750000e+01 3.400000e+02 -1.820000e+02
         vertex 9.771437e+01 3.178619e+02 -1.645000e+02
         vertex 1.153011e+02 3.159285e+02 -1.720000e+02
      endloop
   endfacet
   facet normal 3.694221e-01 5.965843e-01 7.124707e-01
      outer loop
         vertex 1.153011e+02 3.159285e+02 -1.720000e+02
         vertex 9.771437e+01 3.178619e+02 -1.645000e+02
         vertex 1.156023e+02 2.918570e+02 -1.520000e+02
      endloop
   endfacet
   facet normal 3.608669e-01 5.986656e-01 7.151046e-01
      outer loop
         vertex 1.153011e+02 3.159285e+02 -1.720000e+02
         vertex 1.156023e+02 2.918570e+02 -1.520000e+02
         vertex 1.329743e+02 2.873579e+02 -1.570000e+02
      endloop
   endfacet
   facet normal 3.609857e-01 6.078398e-01 7.072624e-01
      outer loop
         vertex 1.329743e+02 2.873579e+02 -1.570000e+02
         vertex 1.156023e+02 2.918570e+02 -1.520000e+02
         vertex 1.332114e+02 2.610368e+02 -1.345000e+02
      endloop
   endfacet
   facet normal 3.858862e-01 6.014551e-01 6.995310e-01
      outer loop
         vertex 1.329743e+02 2.873579e+02 -1.570000e+02
         vertex 1.332114e+02 2.610368e+02 -1.345000e+02
         vertex 1.500000e+02 2.822497e+02 -1.620000e+02
      endloop
   endfacet
   facet normal 3.803935e-01 6.053485e-01 6.991810e-01
      outer loop
         vertex 1.500000e+02 2.822497e+02 -1.620000e+02
         vertex 1.332114e+02 2.610368e+02 -1.345000e+02
         vertex 1.500000e+02 2.244994e+02 -1.120000e+02
      endloop
   endfacet
   facet normal 3.086210e-01 5.611310e-01 7.680398e-01
      outer loop
         vertex 8.000000e+01 2.989380e+02 -1.420000e+02
         vertex 8.000000e+01 2.784069e+02 -1.270000e+02
         vertex 8.899333e+01 2.974135e+02 -1.445000e+02
      endloop
   endfacet
   facet normal 2.528573e-01 5.878691e-01 7.684225e-01
      outer loop
         vertex 8.899333e+01 2.974135e+02 -1.445000e+02
         vertex 8.000000e+01 2.784069e+02 -1.270000e+02
         vertex 8.911499e+01 2.761203e+02 -1.282500e+02
      endloop
   endfacet
   facet normal 3.194506e-01 5.760361e-01 7.524186e-01
      outer loop
         vertex 8.899333e+01 2.974135e+02 -1.445000e+02
         vertex 8.911499e+01 2.761203e+02 -1.282500e+02
         vertex 9.792875e+01 2.957237e+02 -1.470000e+02
      endloop
   endfacet
   facet normal 2.723181e-01 5.983205e-01 7.535618e-01
      outer loop
         vertex 9.792875e+01 2.957237e+02 -1.470000e+02
         vertex 8.911499e+01 2.761203e+02 -1.282500e+02
         vertex 9.814312e+01 2.735856e+02 -1.295000e+02
      endloop
   endfacet
   facet normal 3.367223e-01 5.859267e-01 7.370943e-01
      outer loop
         vertex 9.792875e+01 2.957237e+02 -1.470000e+02
         vertex 9.814312e+01 2.735856e+02 -1.295000e+02
         vertex 1.156023e+02 2.918570e+02 -1.520000e+02
      endloop
   endfacet
   facet normal 2.941985e-01 6.173451e-01 7.296111e-01
      outer loop
         vertex 1.156023e+02 2.918570e+02 -1.520000e+02
         vertex 9.814312e+01 2.735856e+02 -1.295000e+02
         vertex 1.070755e+02 2.708061e+02 -1.307500e+02
      endloop
   endfacet
   facet normal 3.117648e-01 6.095130e-01 7.289010e-01
      outer loop
         vertex 1.156023e+02 2.918570e+02 -1.520000e+02
         vertex 1.070755e+02 2.708061e+02 -1.307500e+02
         vertex 1.159034e+02 2.677855e+02 -1.320000e+02
      endloop
   endfacet
   facet normal 3.101514e-01 6.019134e-01 7.358712e-01
      outer loop
         vertex 1.159034e+02 2.677855e+02 -1.320000e+02
         vertex 1.070755e+02 2.708061e+02 -1.307500e+02
         vertex 1.073507e+02 2.477414e+02 -1.120000e+02
      endloop
   endfacet
   facet normal 2.791041e-01 6.159633e-01 7.366751e-01
      outer loop
         vertex 1.159034e+02 2.677855e+02 -1.320000e+02
         vertex 1.073507e+02 2.477414e+02 -1.120000e+02
         vertex 1.154917e+02 2.440526e+02 -1.120000e+02
      endloop
   endfacet
   facet normal -1.525274e-01 6.088363e-01 7.784945e-01
      outer loop
         vertex -7.037026e+01 2.606684e+02 -1.120000e+02
         vertex -6.083224e+01 2.630579e+02 -1.120000e+02
         vertex -6.044641e+01 2.823344e+02 -1.270000e+02
      endloop
   endfacet
   facet normal 1.747203e-01 5.808546e-01 7.950350e-01
      outer loop
         vertex 7.554618e+01 2.592157e+02 -1.120000e+02
         vertex 8.000000e+01 2.578759e+02 -1.120000e+02
         vertex 8.000000e+01 2.784069e+02 -1.270000e+02
      endloop
   endfacet
   facet normal -3.981481e-02 6.037259e-01 7.961971e-01
      outer loop
         vertex -6.014880e+01 3.207781e+02 -1.570000e+02
         vertex -8.000000e+01 3.194690e+02 -1.570000e+02
         vertex -7.018513e+01 3.003342e+02 -1.420000e+02
      endloop
   endfacet
   facet normal -8.362604e-02 5.878621e-01 8.046272e-01
      outer loop
         vertex -7.018513e+01 3.003342e+02 -1.420000e+02
         vertex -8.000000e+01 3.194690e+02 -1.570000e+02
         vertex -8.000000e+01 2.989380e+02 -1.420000e+02
      endloop
   endfacet
   facet normal -8.362601e-02 5.878619e-01 8.046273e-01
      outer loop
         vertex -7.018513e+01 3.003342e+02 -1.420000e+02
         vertex -8.000000e+01 2.989380e+02 -1.420000e+02
         vertex -8.000000e+01 2.784069e+02 -1.270000e+02
      endloop
   endfacet
   facet normal 1.238103e-02 6.466537e-01 7.626832e-01
      outer loop
         vertex 2.255141e-14 3.050000e+02 -1.420000e+02
         vertex 2.021501e+01 3.046130e+02 -1.420000e+02
         vertex 2.000000e+01 3.400000e+02 -1.720000e+02
      endloop
   endfacet
   facet normal 1.860175e-02 6.466134e-01 7.625911e-01
      outer loop
         vertex 2.000000e+01 3.400000e+02 -1.720000e+02
         vertex 2.021501e+01 3.046130e+02 -1.420000e+02
         vertex 4.017127e+01 3.217293e+02 -1.570000e+02
      endloop
   endfacet
   facet normal -0.000000e+00 6.345352e-01 7.728940e-01
      outer loop
         vertex 2.000000e+01 3.400000e+02 -1.720000e+02
         vertex 4.017127e+01 3.217293e+02 -1.570000e+02
         vertex 4.000000e+01 3.400000e+02 -1.720000e+02
      endloop
   endfacet
   facet normal 3.020484e-02 6.344148e-01 7.724024e-01
      outer loop
         vertex 4.000000e+01 3.400000e+02 -1.720000e+02
         vertex 4.017127e+01 3.217293e+02 -1.570000e+02
         vertex 6.014880e+01 3.207781e+02 -1.570000e+02
      endloop
   endfacet
   facet normal -0.000000e+00 6.152091e-01 7.883639e-01
      outer loop
         vertex 4.000000e+01 3.400000e+02 -1.720000e+02
         vertex 6.014880e+01 3.207781e+02 -1.570000e+02
         vertex 6.000000e+01 3.400000e+02 -1.720000e+02
      endloop
   endfacet
   facet normal 8.166897e-02 6.339364e-01 7.690610e-01
      outer loop
         vertex 4.051382e+01 2.851878e+02 -1.270000e+02
         vertex 3.785899e+01 2.673326e+02 -1.120000e+02
         vertex 5.052016e+01 2.838987e+02 -1.270000e+02
      endloop
   endfacet
   facet normal 1.109743e-01 6.191106e-01 7.774232e-01
      outer loop
         vertex 5.052016e+01 2.838987e+02 -1.270000e+02
         vertex 3.785899e+01 2.673326e+02 -1.120000e+02
         vertex 5.735167e+01 2.638385e+02 -1.120000e+02
      endloop
   endfacet
   facet normal 7.437911e-02 6.017700e-01 7.951985e-01
      outer loop
         vertex 7.009257e+01 3.201671e+02 -1.570000e+02
         vertex 6.029760e+01 3.015563e+02 -1.420000e+02
         vertex 7.018513e+01 3.003342e+02 -1.420000e+02
      endloop
   endfacet
   facet normal 7.586610e-02 6.138007e-01 7.858073e-01
      outer loop
         vertex 7.018513e+01 3.003342e+02 -1.420000e+02
         vertex 6.029760e+01 3.015563e+02 -1.420000e+02
         vertex 6.044641e+01 2.823344e+02 -1.270000e+02
      endloop
   endfacet
   facet normal 1.118327e-01 5.997685e-01 7.923201e-01
      outer loop
         vertex 7.018513e+01 3.003342e+02 -1.420000e+02
         vertex 6.044641e+01 2.823344e+02 -1.270000e+02
         vertex 7.027770e+01 2.805013e+02 -1.270000e+02
      endloop
   endfacet
   facet normal 6.040996e-02 6.337142e-01 7.712049e-01
      outer loop
         vertex 4.034255e+01 3.034585e+02 -1.420000e+02
         vertex 4.051382e+01 2.851878e+02 -1.270000e+02
         vertex 6.029760e+01 3.015563e+02 -1.420000e+02
      endloop
   endfacet
   facet normal 7.978729e-02 6.193303e-01 7.810659e-01
      outer loop
         vertex 6.029760e+01 3.015563e+02 -1.420000e+02
         vertex 4.051382e+01 2.851878e+02 -1.270000e+02
         vertex 5.052016e+01 2.838987e+02 -1.270000e+02
      endloop
   endfacet
   facet normal 9.657180e-02 6.127978e-01 7.843167e-01
      outer loop
         vertex 6.029760e+01 3.015563e+02 -1.420000e+02
         vertex 5.052016e+01 2.838987e+02 -1.270000e+02
         vertex 6.044641e+01 2.823344e+02 -1.270000e+02
      endloop
   endfacet
   facet normal 9.723970e-02 6.170360e-01 7.809040e-01
      outer loop
         vertex 6.044641e+01 2.823344e+02 -1.270000e+02
         vertex 5.052016e+01 2.838987e+02 -1.270000e+02
         vertex 5.735167e+01 2.638385e+02 -1.120000e+02
      endloop
   endfacet
   facet normal 1.145078e-01 6.141152e-01 7.808652e-01
      outer loop
         vertex 6.044641e+01 2.823344e+02 -1.270000e+02
         vertex 5.735167e+01 2.638385e+02 -1.120000e+02
         vertex 7.027770e+01 2.805013e+02 -1.270000e+02
      endloop
   endfacet
   facet normal 1.454339e-01 5.972387e-01 7.887680e-01
      outer loop
         vertex 7.027770e+01 2.805013e+02 -1.270000e+02
         vertex 5.735167e+01 2.638385e+02 -1.120000e+02
         vertex 7.037026e+01 2.606684e+02 -1.120000e+02
      endloop
   endfacet
   facet normal 3.778831e-02 6.149514e-01 7.876591e-01
      outer loop
         vertex 7.009257e+01 3.201671e+02 -1.570000e+02
         vertex 6.014880e+01 3.207781e+02 -1.570000e+02
         vertex 6.029760e+01 3.015563e+02 -1.420000e+02
      endloop
   endfacet
   facet normal 2.928458e-02 6.150860e-01 7.879160e-01
      outer loop
         vertex 6.029760e+01 3.015563e+02 -1.420000e+02
         vertex 6.014880e+01 3.207781e+02 -1.570000e+02
         vertex 4.017127e+01 3.217293e+02 -1.570000e+02
      endloop
   endfacet
   facet normal 6.040993e-02 6.337138e-01 7.712052e-01
      outer loop
         vertex 6.029760e+01 3.015563e+02 -1.420000e+02
         vertex 4.017127e+01 3.217293e+02 -1.570000e+02
         vertex 4.034255e+01 3.034585e+02 -1.420000e+02
      endloop
   endfacet
   facet normal 3.638156e-02 6.343181e-01 7.722156e-01
      outer loop
         vertex 4.034255e+01 3.034585e+02 -1.420000e+02
         vertex 4.017127e+01 3.217293e+02 -1.570000e+02
         vertex 2.021501e+01 3.046130e+02 -1.420000e+02
      endloop
   endfacet
   facet normal 3.638159e-02 6.343184e-01 7.722153e-01
      outer loop
         vertex 4.034255e+01 3.034585e+02 -1.420000e+02
         vertex 2.021501e+01 3.046130e+02 -1.420000e+02
         vertex 4.051382e+01 2.851878e+02 -1.270000e+02
      endloop
   endfacet
   facet normal 5.539108e-02 6.458631e-01 7.614412e-01
      outer loop
         vertex 4.051382e+01 2.851878e+02 -1.270000e+02
         vertex 2.021501e+01 3.046130e+02 -1.420000e+02
         vertex 2.032252e+01 2.869195e+02 -1.270000e+02
      endloop
   endfacet
   facet normal 5.467311e-02 6.374916e-01 7.685150e-01
      outer loop
         vertex 4.051382e+01 2.851878e+02 -1.270000e+02
         vertex 2.032252e+01 2.869195e+02 -1.270000e+02
         vertex 3.785899e+01 2.673326e+02 -1.120000e+02
      endloop
   endfacet
   facet normal -8.773046e-02 6.128475e-01 7.853161e-01
      outer loop
         vertex -6.044641e+01 2.823344e+02 -1.270000e+02
         vertex -6.083224e+01 2.630579e+02 -1.120000e+02
         vertex -4.051382e+01 2.851878e+02 -1.270000e+02
      endloop
   endfacet
   facet normal -3.638156e-02 6.343181e-01 7.722156e-01
      outer loop
         vertex -2.021501e+01 3.046130e+02 -1.420000e+02
         vertex -4.017127e+01 3.217293e+02 -1.570000e+02
         vertex -4.034255e+01 3.034585e+02 -1.420000e+02
      endloop
   endfacet
   facet normal -3.020480e-02 6.344140e-01 7.724031e-01
      outer loop
         vertex -4.034255e+01 3.034585e+02 -1.420000e+02
         vertex -4.017127e+01 3.217293e+02 -1.570000e+02
         vertex -6.014880e+01 3.207781e+02 -1.570000e+02
      endloop
   endfacet
   facet normal -5.857210e-02 6.144345e-01 7.867906e-01
      outer loop
         vertex -4.034255e+01 3.034585e+02 -1.420000e+02
         vertex -6.014880e+01 3.207781e+02 -1.570000e+02
         vertex -6.029760e+01 3.015563e+02 -1.420000e+02
      endloop
   endfacet
   facet normal -7.586613e-02 6.138009e-01 7.858071e-01
      outer loop
         vertex -6.029760e+01 3.015563e+02 -1.420000e+02
         vertex -6.014880e+01 3.207781e+02 -1.570000e+02
         vertex -7.018513e+01 3.003342e+02 -1.420000e+02
      endloop
   endfacet
   facet normal -7.437915e-02 6.017704e-01 7.951982e-01
      outer loop
         vertex -6.029760e+01 3.015563e+02 -1.420000e+02
         vertex -7.018513e+01 3.003342e+02 -1.420000e+02
         vertex -7.027770e+01 2.805013e+02 -1.270000e+02
      endloop
   endfacet
   facet normal -1.289404e-01 5.985678e-01 7.906270e-01
      outer loop
         vertex -7.027770e+01 2.805013e+02 -1.270000e+02
         vertex -7.018513e+01 3.003342e+02 -1.420000e+02
         vertex -8.000000e+01 2.784069e+02 -1.270000e+02
      endloop
   endfacet
   facet normal -1.260656e-01 5.852224e-01 8.010133e-01
      outer loop
         vertex -7.027770e+01 2.805013e+02 -1.270000e+02
         vertex -8.000000e+01 2.784069e+02 -1.270000e+02
         vertex -8.000000e+01 2.578759e+02 -1.120000e+02
      endloop
   endfacet
   facet normal -1.215209e-01 6.309479e-01 7.662489e-01
      outer loop
         vertex -6.083224e+01 2.630579e+02 -1.120000e+02
         vertex -4.122528e+01 2.668342e+02 -1.120000e+02
         vertex -4.051382e+01 2.851878e+02 -1.270000e+02
      endloop
   endfacet
   facet normal -9.701579e-02 6.320847e-01 7.688022e-01
      outer loop
         vertex -4.051382e+01 2.851878e+02 -1.270000e+02
         vertex -4.122528e+01 2.668342e+02 -1.120000e+02
         vertex -4.068509e+01 2.669171e+02 -1.120000e+02
      endloop
   endfacet
   facet normal -5.436515e-02 6.339008e-01 7.715013e-01
      outer loop
         vertex -4.051382e+01 2.851878e+02 -1.270000e+02
         vertex -4.068509e+01 2.669171e+02 -1.120000e+02
         vertex -2.032252e+01 2.869195e+02 -1.270000e+02
      endloop
   endfacet
   facet normal -7.495763e-02 6.459849e-01 7.596610e-01
      outer loop
         vertex -2.032252e+01 2.869195e+02 -1.270000e+02
         vertex -4.068509e+01 2.669171e+02 -1.120000e+02
         vertex -2.151739e+01 2.691412e+02 -1.120000e+02
      endloop
   endfacet
   facet normal 0.000000e+00 6.466595e-01 7.627788e-01
      outer loop
         vertex 1.387779e-14 3.400000e+02 -1.720000e+02
         vertex -2.000000e+01 3.400000e+02 -1.720000e+02
         vertex -2.021501e+01 3.046130e+02 -1.420000e+02
      endloop
   endfacet
   facet normal 0.000000e+00 6.466595e-01 7.627788e-01
      outer loop
         vertex -2.021501e+01 3.046130e+02 -1.420000e+02
         vertex -2.000000e+01 3.400000e+02 -1.720000e+02
         vertex -4.000000e+01 3.400000e+02 -1.720000e+02
      endloop
   endfacet
   facet normal -3.638047e-02 6.343188e-01 7.722150e-01
      outer loop
         vertex -2.021501e+01 3.046130e+02 -1.420000e+02
         vertex -4.000000e+01 3.400000e+02 -1.720000e+02
         vertex -4.017127e+01 3.217293e+02 -1.570000e+02
      endloop
   endfacet
   facet normal 0.000000e+00 6.345352e-01 7.728940e-01
      outer loop
         vertex -4.017127e+01 3.217293e+02 -1.570000e+02
         vertex -4.000000e+01 3.400000e+02 -1.720000e+02
         vertex -6.000000e+01 3.400000e+02 -1.720000e+02
      endloop
   endfacet
   facet normal -2.928459e-02 6.150862e-01 7.879159e-01
      outer loop
         vertex -4.017127e+01 3.217293e+02 -1.570000e+02
         vertex -6.000000e+01 3.400000e+02 -1.720000e+02
         vertex -6.014880e+01 3.207781e+02 -1.570000e+02
      endloop
   endfacet
   facet normal 0.000000e+00 6.152091e-01 7.883639e-01
      outer loop
         vertex -6.014880e+01 3.207781e+02 -1.570000e+02
         vertex -6.000000e+01 3.400000e+02 -1.720000e+02
         vertex -8.000000e+01 3.400000e+02 -1.720000e+02
      endloop
   endfacet
   facet normal -3.887550e-02 5.894827e-01 8.068450e-01
      outer loop
         vertex -6.014880e+01 3.207781e+02 -1.570000e+02
         vertex -8.000000e+01 3.400000e+02 -1.720000e+02
         vertex -8.000000e+01 3.194690e+02 -1.570000e+02
      endloop
   endfacet
   facet normal -0.000000e+00 6.152091e-01 7.883639e-01
      outer loop
         vertex 6.000000e+01 3.400000e+02 -1.720000e+02
         vertex 6.014880e+01 3.207781e+02 -1.570000e+02
         vertex 8.000000e+01 3.400000e+02 -1.720000e+02
      endloop
   endfacet
   facet normal 3.632972e-02 5.912148e-01 8.056955e-01
      outer loop
         vertex 8.000000e+01 3.400000e+02 -1.720000e+02
         vertex 6.014880e+01 3.207781e+02 -1.570000e+02
         vertex 7.009257e+01 3.201671e+02 -1.570000e+02
      endloop
   endfacet
   facet normal 4.153299e-02 5.894197e-01 8.067586e-01
      outer loop
         vertex 8.000000e+01 3.400000e+02 -1.720000e+02
         vertex 7.009257e+01 3.201671e+02 -1.570000e+02
         vertex 8.000000e+01 3.194690e+02 -1.570000e+02
      endloop
   endfacet
   facet normal 4.247596e-02 6.028018e-01 7.967595e-01
      outer loop
         vertex 8.000000e+01 3.194690e+02 -1.570000e+02
         vertex 7.009257e+01 3.201671e+02 -1.570000e+02
         vertex 7.018513e+01 3.003342e+02 -1.420000e+02
      endloop
   endfacet
   facet normal 8.362604e-02 5.878621e-01 8.046272e-01
      outer loop
         vertex 8.000000e+01 3.194690e+02 -1.570000e+02
         vertex 7.018513e+01 3.003342e+02 -1.420000e+02
         vertex 8.000000e+01 2.989380e+02 -1.420000e+02
      endloop
   endfacet
   facet normal 8.553250e-02 6.012638e-01 7.944596e-01
      outer loop
         vertex 8.000000e+01 2.989380e+02 -1.420000e+02
         vertex 7.018513e+01 3.003342e+02 -1.420000e+02
         vertex 7.027770e+01 2.805013e+02 -1.270000e+02
      endloop
   endfacet
   facet normal 1.260655e-01 5.852218e-01 8.010137e-01
      outer loop
         vertex 8.000000e+01 2.989380e+02 -1.420000e+02
         vertex 7.027770e+01 2.805013e+02 -1.270000e+02
         vertex 8.000000e+01 2.784069e+02 -1.270000e+02
      endloop
   endfacet
   facet normal 1.289404e-01 5.985677e-01 7.906270e-01
      outer loop
         vertex 8.000000e+01 2.784069e+02 -1.270000e+02
         vertex 7.027770e+01 2.805013e+02 -1.270000e+02
         vertex 7.037026e+01 2.606684e+02 -1.120000e+02
      endloop
   endfacet
   facet normal 1.638037e-01 5.836211e-01 7.953331e-01
      outer loop
         vertex 8.000000e+01 2.784069e+02 -1.270000e+02
         vertex 7.037026e+01 2.606684e+02 -1.120000e+02
         vertex 7.554618e+01 2.592157e+02 -1.120000e+02
      endloop
   endfacet
   facet normal -1.724488e-01 5.946952e-01 7.852382e-01
      outer loop
         vertex -8.000000e+01 2.578759e+02 -1.120000e+02
         vertex -7.037026e+01 2.606684e+02 -1.120000e+02
         vertex -7.027770e+01 2.805013e+02 -1.270000e+02
      endloop
   endfacet
   facet normal -1.118327e-01 5.997685e-01 7.923201e-01
      outer loop
         vertex -7.027770e+01 2.805013e+02 -1.270000e+02
         vertex -7.037026e+01 2.606684e+02 -1.120000e+02
         vertex -6.044641e+01 2.823344e+02 -1.270000e+02
      endloop
   endfacet
   facet normal -1.140653e-01 6.117421e-01 7.827903e-01
      outer loop
         vertex -7.027770e+01 2.805013e+02 -1.270000e+02
         vertex -6.044641e+01 2.823344e+02 -1.270000e+02
         vertex -6.029760e+01 3.015563e+02 -1.420000e+02
      endloop
   endfacet
   facet normal -8.778891e-02 6.132558e-01 7.849907e-01
      outer loop
         vertex -6.029760e+01 3.015563e+02 -1.420000e+02
         vertex -6.044641e+01 2.823344e+02 -1.270000e+02
         vertex -4.051382e+01 2.851878e+02 -1.270000e+02
      endloop
   endfacet
   facet normal -6.040996e-02 6.337142e-01 7.712049e-01
      outer loop
         vertex -6.029760e+01 3.015563e+02 -1.420000e+02
         vertex -4.051382e+01 2.851878e+02 -1.270000e+02
         vertex -4.034255e+01 3.034585e+02 -1.420000e+02
      endloop
   endfacet
   facet normal -5.436515e-02 6.339008e-01 7.715013e-01
      outer loop
         vertex -4.034255e+01 3.034585e+02 -1.420000e+02
         vertex -4.051382e+01 2.851878e+02 -1.270000e+02
         vertex -2.032252e+01 2.869195e+02 -1.270000e+02
      endloop
   endfacet
   facet normal -3.707147e-02 6.463467e-01 7.621428e-01
      outer loop
         vertex -4.034255e+01 3.034585e+02 -1.420000e+02
         vertex -2.032252e+01 2.869195e+02 -1.270000e+02
         vertex -2.021501e+01 3.046130e+02 -1.420000e+02
      endloop
   endfacet
   facet normal -1.238104e-02 6.466543e-01 7.626827e-01
      outer loop
         vertex -2.021501e+01 3.046130e+02 -1.420000e+02
         vertex -2.032252e+01 2.869195e+02 -1.270000e+02
         vertex 2.255141e-14 3.050000e+02 -1.420000e+02
      endloop
   endfacet
   facet normal -1.245928e-02 6.507409e-01 7.591976e-01
      outer loop
         vertex -2.021501e+01 3.046130e+02 -1.420000e+02
         vertex 2.255141e-14 3.050000e+02 -1.420000e+02
         vertex 1.387779e-14 3.400000e+02 -1.720000e+02
      endloop
   endfacet
   facet normal -0.000000e+00 6.507914e-01 7.592566e-01
      outer loop
         vertex 1.387779e-14 3.400000e+02 -1.720000e+02
         vertex 2.255141e-14 3.050000e+02 -1.420000e+02
         vertex 2.000000e+01 3.400000e+02 -1.720000e+02
      endloop
   endfacet
   facet normal -5.033797e-02 6.460176e-01 7.616609e-01
      outer loop
         vertex -2.151739e+01 2.691412e+02 -1.120000e+02
         vertex -2.043003e+01 2.692260e+02 -1.120000e+02
         vertex -2.032252e+01 2.869195e+02 -1.270000e+02
      endloop
   endfacet
   facet normal -2.647240e-02 6.465265e-01 7.624321e-01
      outer loop
         vertex -2.032252e+01 2.869195e+02 -1.270000e+02
         vertex -2.043003e+01 2.692260e+02 -1.120000e+02
         vertex -1.649259e+00 2.699949e+02 -1.120000e+02
      endloop
   endfacet
   facet normal -1.930259e-02 6.511401e-01 7.587121e-01
      outer loop
         vertex -2.032252e+01 2.869195e+02 -1.270000e+02
         vertex -1.649259e+00 2.699949e+02 -1.120000e+02
         vertex 2.255141e-14 3.050000e+02 -1.420000e+02
      endloop
   endfacet
   facet normal -1.999176e-03 6.507901e-01 7.592550e-01
      outer loop
         vertex 2.255141e-14 3.050000e+02 -1.420000e+02
         vertex -1.649259e+00 2.699949e+02 -1.120000e+02
         vertex 1.387779e-14 2.700000e+02 -1.120000e+02
      endloop
   endfacet
   facet normal 1.245928e-02 6.507409e-01 7.591976e-01
      outer loop
         vertex 2.255141e-14 3.050000e+02 -1.420000e+02
         vertex 1.387779e-14 2.700000e+02 -1.120000e+02
         vertex 2.021501e+01 3.046130e+02 -1.420000e+02
      endloop
   endfacet
   facet normal 2.181717e-02 6.474945e-01 7.617577e-01
      outer loop
         vertex 2.021501e+01 3.046130e+02 -1.420000e+02
         vertex 1.387779e-14 2.700000e+02 -1.120000e+02
         vertex 1.817429e+01 2.693876e+02 -1.120000e+02
      endloop
   endfacet
   facet normal 4.630205e-02 6.461303e-01 7.618214e-01
      outer loop
         vertex 2.021501e+01 3.046130e+02 -1.420000e+02
         vertex 1.817429e+01 2.693876e+02 -1.120000e+02
         vertex 2.032252e+01 2.869195e+02 -1.270000e+02
      endloop
   endfacet
   facet normal 4.631056e-02 6.461294e-01 7.618216e-01
      outer loop
         vertex 2.032252e+01 2.869195e+02 -1.270000e+02
         vertex 1.817429e+01 2.693876e+02 -1.120000e+02
         vertex 2.043003e+01 2.692260e+02 -1.120000e+02
      endloop
   endfacet
   facet normal 7.010417e-02 6.453163e-01 7.606920e-01
      outer loop
         vertex 2.032252e+01 2.869195e+02 -1.270000e+02
         vertex 2.043003e+01 2.692260e+02 -1.120000e+02
         vertex 3.785899e+01 2.673326e+02 -1.120000e+02
      endloop
   endfacet
   facet normal -3.204522e-01 6.174021e-01 7.184184e-01
      outer loop
         vertex -1.332114e+02 2.610368e+02 -1.345000e+02
         vertex -1.331060e+02 2.349102e+02 -1.120000e+02
         vertex -1.154917e+02 2.440526e+02 -1.120000e+02
      endloop
   endfacet
   facet normal -3.649536e-01 5.492388e-01 7.517617e-01
      outer loop
         vertex -8.000000e+01 3.194690e+02 -1.570000e+02
         vertex -8.000000e+01 3.400000e+02 -1.720000e+02
         vertex -8.887167e+01 3.187068e+02 -1.607500e+02
      endloop
   endfacet
   facet normal -4.130464e-01 5.539916e-01 7.228319e-01
      outer loop
         vertex -8.887167e+01 3.187068e+02 -1.607500e+02
         vertex -8.000000e+01 3.400000e+02 -1.720000e+02
         vertex -8.875000e+01 3.400000e+02 -1.770000e+02
      endloop
   endfacet
   facet normal -3.671889e-01 5.656178e-01 7.384097e-01
      outer loop
         vertex -8.887167e+01 3.187068e+02 -1.607500e+02
         vertex -8.875000e+01 3.400000e+02 -1.770000e+02
         vertex -9.771437e+01 3.178619e+02 -1.645000e+02
      endloop
   endfacet
   facet normal -4.081438e-01 5.685615e-01 7.142523e-01
      outer loop
         vertex -9.771437e+01 3.178619e+02 -1.645000e+02
         vertex -8.875000e+01 3.400000e+02 -1.770000e+02
         vertex -9.750000e+01 3.400000e+02 -1.820000e+02
      endloop
   endfacet
   facet normal -4.081437e-01 5.685616e-01 7.142524e-01
      outer loop
         vertex -9.771437e+01 3.178619e+02 -1.645000e+02
         vertex -9.750000e+01 3.400000e+02 -1.820000e+02
         vertex -1.150000e+02 3.400000e+02 -1.920000e+02
      endloop
   endfacet
   facet normal -1.911394e-01 5.790523e-01 7.925681e-01
      outer loop
         vertex -8.000000e+01 2.578759e+02 -1.120000e+02
         vertex -8.000000e+01 2.784069e+02 -1.270000e+02
         vertex -8.923665e+01 2.548270e+02 -1.120000e+02
      endloop
   endfacet
   facet normal -2.528572e-01 5.878686e-01 7.684229e-01
      outer loop
         vertex -8.923665e+01 2.548270e+02 -1.120000e+02
         vertex -8.000000e+01 2.784069e+02 -1.270000e+02
         vertex -8.911499e+01 2.761203e+02 -1.282500e+02
      endloop
   endfacet
   facet normal -2.181902e-01 5.928412e-01 7.751983e-01
      outer loop
         vertex -8.923665e+01 2.548270e+02 -1.120000e+02
         vertex -8.911499e+01 2.761203e+02 -1.282500e+02
         vertex -9.725337e+01 2.518765e+02 -1.120000e+02
      endloop
   endfacet
   facet normal -2.721235e-01 5.971256e-01 7.545793e-01
      outer loop
         vertex -9.725337e+01 2.518765e+02 -1.120000e+02
         vertex -8.911499e+01 2.761203e+02 -1.282500e+02
         vertex -9.814312e+01 2.735856e+02 -1.295000e+02
      endloop
   endfacet
   facet normal -2.465634e-01 6.020731e-01 7.594172e-01
      outer loop
         vertex -9.725337e+01 2.518765e+02 -1.120000e+02
         vertex -9.814312e+01 2.735856e+02 -1.295000e+02
         vertex -1.073507e+02 2.477414e+02 -1.120000e+02
      endloop
   endfacet
   facet normal -2.919948e-01 6.053994e-01 7.404259e-01
      outer loop
         vertex -1.073507e+02 2.477414e+02 -1.120000e+02
         vertex -9.814312e+01 2.735856e+02 -1.295000e+02
         vertex -1.070755e+02 2.708061e+02 -1.307500e+02
      endloop
   endfacet
   facet normal -2.756474e-01 6.083346e-01 7.442765e-01
      outer loop
         vertex -1.073507e+02 2.477414e+02 -1.120000e+02
         vertex -1.070755e+02 2.708061e+02 -1.307500e+02
         vertex -1.154917e+02 2.440526e+02 -1.120000e+02
      endloop
   endfacet
   facet normal -3.116858e-01 6.091388e-01 7.292475e-01
      outer loop
         vertex -1.154917e+02 2.440526e+02 -1.120000e+02
         vertex -1.070755e+02 2.708061e+02 -1.307500e+02
         vertex -1.159034e+02 2.677855e+02 -1.320000e+02
      endloop
   endfacet
   facet normal -3.393286e-01 6.027242e-01 7.222047e-01
      outer loop
         vertex -1.154917e+02 2.440526e+02 -1.120000e+02
         vertex -1.159034e+02 2.677855e+02 -1.320000e+02
         vertex -1.332114e+02 2.610368e+02 -1.345000e+02
      endloop
   endfacet
   facet normal -3.965825e-01 6.008808e-01 6.940206e-01
      outer loop
         vertex -1.500000e+02 3.400000e+02 -2.120000e+02
         vertex -1.500000e+02 2.822497e+02 -1.620000e+02
         vertex -1.325000e+02 3.400000e+02 -2.020000e+02
      endloop
   endfacet
   facet normal -3.858862e-01 6.014558e-01 6.995304e-01
      outer loop
         vertex -1.325000e+02 3.400000e+02 -2.020000e+02
         vertex -1.500000e+02 2.822497e+02 -1.620000e+02
         vertex -1.329743e+02 2.873579e+02 -1.570000e+02
      endloop
   endfacet
   facet normal -3.795783e-01 6.031211e-01 7.015449e-01
      outer loop
         vertex -1.325000e+02 3.400000e+02 -2.020000e+02
         vertex -1.329743e+02 2.873579e+02 -1.570000e+02
         vertex -1.153011e+02 3.159285e+02 -1.720000e+02
      endloop
   endfacet
   facet normal -3.608669e-01 5.986656e-01 7.151046e-01
      outer loop
         vertex -1.153011e+02 3.159285e+02 -1.720000e+02
         vertex -1.329743e+02 2.873579e+02 -1.570000e+02
         vertex -1.156023e+02 2.918570e+02 -1.520000e+02
      endloop
   endfacet
   facet normal -3.365284e-01 6.042734e-01 7.222204e-01
      outer loop
         vertex -1.153011e+02 3.159285e+02 -1.720000e+02
         vertex -1.156023e+02 2.918570e+02 -1.520000e+02
         vertex -9.792875e+01 2.957237e+02 -1.470000e+02
      endloop
   endfacet
   facet normal -3.086210e-01 5.611312e-01 7.680396e-01
      outer loop
         vertex -8.000000e+01 2.989380e+02 -1.420000e+02
         vertex -8.000000e+01 3.194690e+02 -1.570000e+02
         vertex -8.899333e+01 2.974135e+02 -1.445000e+02
      endloop
   endfacet
   facet normal -3.615747e-01 5.669295e-01 7.401721e-01
      outer loop
         vertex -8.899333e+01 2.974135e+02 -1.445000e+02
         vertex -8.000000e+01 3.194690e+02 -1.570000e+02
         vertex -8.887167e+01 3.187068e+02 -1.607500e+02
      endloop
   endfacet
   facet normal -3.194506e-01 5.760353e-01 7.524192e-01
      outer loop
         vertex -8.899333e+01 2.974135e+02 -1.445000e+02
         vertex -8.887167e+01 3.187068e+02 -1.607500e+02
         vertex -9.792875e+01 2.957237e+02 -1.470000e+02
      endloop
   endfacet
   facet normal -3.644611e-01 5.796516e-01 7.288156e-01
      outer loop
         vertex -9.792875e+01 2.957237e+02 -1.470000e+02
         vertex -8.887167e+01 3.187068e+02 -1.607500e+02
         vertex -9.771437e+01 3.178619e+02 -1.645000e+02
      endloop
   endfacet
   facet normal -3.731335e-01 5.775693e-01 7.260751e-01
      outer loop
         vertex -9.792875e+01 2.957237e+02 -1.470000e+02
         vertex -9.771437e+01 3.178619e+02 -1.645000e+02
         vertex -1.153011e+02 3.159285e+02 -1.720000e+02
      endloop
   endfacet
   facet normal -3.694223e-01 5.965832e-01 7.124715e-01
      outer loop
         vertex -1.153011e+02 3.159285e+02 -1.720000e+02
         vertex -9.771437e+01 3.178619e+02 -1.645000e+02
         vertex -1.150000e+02 3.400000e+02 -1.920000e+02
      endloop
   endfacet
   facet normal -4.011853e-01 5.883405e-01 7.020725e-01
      outer loop
         vertex -1.153011e+02 3.159285e+02 -1.720000e+02
         vertex -1.150000e+02 3.400000e+02 -1.920000e+02
         vertex -1.325000e+02 3.400000e+02 -2.020000e+02
      endloop
   endfacet
   facet normal -2.504791e-01 5.711226e-01 7.817156e-01
      outer loop
         vertex -8.000000e+01 2.784069e+02 -1.270000e+02
         vertex -8.000000e+01 2.989380e+02 -1.420000e+02
         vertex -8.911499e+01 2.761203e+02 -1.282500e+02
      endloop
   endfacet
   facet normal -3.080290e-01 5.782845e-01 7.554503e-01
      outer loop
         vertex -8.911499e+01 2.761203e+02 -1.282500e+02
         vertex -8.000000e+01 2.989380e+02 -1.420000e+02
         vertex -8.899333e+01 2.974135e+02 -1.445000e+02
      endloop
   endfacet
   facet normal -2.701393e-01 5.850908e-01 7.646525e-01
      outer loop
         vertex -8.911499e+01 2.761203e+02 -1.282500e+02
         vertex -8.899333e+01 2.974135e+02 -1.445000e+02
         vertex -9.814312e+01 2.735856e+02 -1.295000e+02
      endloop
   endfacet
   facet normal -3.190973e-01 5.896159e-01 7.419771e-01
      outer loop
         vertex -9.814312e+01 2.735856e+02 -1.295000e+02
         vertex -8.899333e+01 2.974135e+02 -1.445000e+02
         vertex -9.792875e+01 2.957237e+02 -1.470000e+02
      endloop
   endfacet
   facet normal -2.900761e-01 5.951992e-01 7.493956e-01
      outer loop
         vertex -9.814312e+01 2.735856e+02 -1.295000e+02
         vertex -9.792875e+01 2.957237e+02 -1.470000e+02
         vertex -1.070755e+02 2.708061e+02 -1.307500e+02
      endloop
   endfacet
   facet normal -3.366168e-01 5.979528e-01 7.274212e-01
      outer loop
         vertex -1.070755e+02 2.708061e+02 -1.307500e+02
         vertex -9.792875e+01 2.957237e+02 -1.470000e+02
         vertex -1.156023e+02 2.918570e+02 -1.520000e+02
      endloop
   endfacet
   facet normal -3.117648e-01 6.095130e-01 7.289010e-01
      outer loop
         vertex -1.070755e+02 2.708061e+02 -1.307500e+02
         vertex -1.156023e+02 2.918570e+02 -1.520000e+02
         vertex -1.159034e+02 2.677855e+02 -1.320000e+02
      endloop
   endfacet
   facet normal -3.608668e-01 5.986649e-01 7.151052e-01
      outer loop
         vertex -1.159034e+02 2.677855e+02 -1.320000e+02
         vertex -1.156023e+02 2.918570e+02 -1.520000e+02
         vertex -1.329743e+02 2.873579e+02 -1.570000e+02
      endloop
   endfacet
   facet normal -3.417590e-01 6.124289e-01 7.128335e-01
      outer loop
         vertex -1.159034e+02 2.677855e+02 -1.320000e+02
         vertex -1.329743e+02 2.873579e+02 -1.570000e+02
         vertex -1.332114e+02 2.610368e+02 -1.345000e+02
      endloop
   endfacet
   facet normal -3.858862e-01 6.014551e-01 6.995310e-01
      outer loop
         vertex -1.332114e+02 2.610368e+02 -1.345000e+02
         vertex -1.329743e+02 2.873579e+02 -1.570000e+02
         vertex -1.500000e+02 2.822497e+02 -1.620000e+02
      endloop
   endfacet
   facet normal -3.866518e-01 6.009093e-01 6.995773e-01
      outer loop
         vertex -1.332114e+02 2.610368e+02 -1.345000e+02
         vertex -1.500000e+02 2.822497e+02 -1.620000e+02
         vertex -1.331060e+02 2.349102e+02 -1.120000e+02
      endloop
   endfacet
   facet normal -3.740772e-01 6.070325e-01 7.011261e-01
      outer loop
         vertex -1.331060e+02 2.349102e+02 -1.120000e+02
         vertex -1.500000e+02 2.822497e+02 -1.620000e+02
         vertex -1.500000e+02 2.244994e+02 -1.120000e+02
      endloop
   endfacet
   facet normal -1.000000e+00 0.000000e+00 0.000000e+00
      outer loop
         vertex -1.500000e+02 3.400000e+02 -2.120000e+02
         vertex -1.500000e+02 2.460861e+02 -2.120000e+02
         vertex -1.500000e+02 2.822497e+02 -1.620000e+02
      endloop
   endfacet
   facet normal -1.000000e+00 -0.000000e+00 0.000000e+00
      outer loop
         vertex -1.500000e+02 2.822497e+02 -1.620000e+02
         vertex -1.500000e+02 2.460861e+02 -2.120000e+02
         vertex -1.500000e+02 2.460861e+02 -1.520000e+02
      endloop
   endfacet
   facet normal -1.000000e+00 0.000000e+00 0.000000e+00
      outer loop
         vertex -1.500000e+02 2.822497e+02 -1.620000e+02
         vertex -1.500000e+02 2.460861e+02 -1.520000e+02
         vertex -1.500000e+02 2.244994e+02 -1.120000e+02
      endloop
   endfacet
   facet normal -5.677330e-01 -7.887681e-09 8.232128e-01
      outer loop
         vertex -2.950000e+02 3.400000e+02 -3.120000e+02
         vertex -1.706213e+02 2.322644e+02 -2.262216e+02
         vertex -1.500000e+02 3.400000e+02 -2.120000e+02
      endloop
   endfacet
   facet normal -5.677327e-01 -7.537869e-08 8.232129e-01
      outer loop
         vertex -1.500000e+02 3.400000e+02 -2.120000e+02
         vertex -1.706213e+02 2.322644e+02 -2.262216e+02
         vertex -1.543686e+02 2.433695e+02 -2.150128e+02
      endloop
   endfacet
   facet normal -5.677339e-01 0.000000e+00 8.232122e-01
      outer loop
         vertex -1.500000e+02 3.400000e+02 -2.120000e+02
         vertex -1.543686e+02 2.433695e+02 -2.150128e+02
         vertex -1.500000e+02 2.460861e+02 -2.120000e+02
      endloop
   endfacet
   facet normal -5.677330e-01 0.000000e+00 8.232128e-01
      outer loop
         vertex -2.950000e+02 1.250000e+02 -3.120000e+02
         vertex -2.573617e+02 1.297048e+02 -2.860426e+02
         vertex -2.950000e+02 3.400000e+02 -3.120000e+02
      endloop
   endfacet
   facet normal -5.677333e-01 -8.402394e-08 8.232125e-01
      outer loop
         vertex -2.950000e+02 3.400000e+02 -3.120000e+02
         vertex -2.573617e+02 1.297048e+02 -2.860426e+02
         vertex -2.512727e+02 1.411396e+02 -2.818433e+02
      endloop
   endfacet
   facet normal -5.677341e-01 -3.278976e-07 8.232120e-01
      outer loop
         vertex -2.950000e+02 3.400000e+02 -3.120000e+02
         vertex -2.512727e+02 1.411396e+02 -2.818433e+02
         vertex -2.482179e+02 1.464454e+02 -2.797365e+02
      endloop
   endfacet
   facet normal -5.677360e-01 -1.905397e-06 8.232107e-01
      outer loop
         vertex -2.950000e+02 3.400000e+02 -3.120000e+02
         vertex -2.265170e+02 1.781809e+02 -2.647703e+02
         vertex -2.236707e+02 1.817410e+02 -2.628074e+02
      endloop
   endfacet
   facet normal -5.677326e-01 3.258432e-07 8.232130e-01
      outer loop
         vertex -2.236707e+02 1.817410e+02 -2.628074e+02
         vertex -2.140376e+02 1.929930e+02 -2.561638e+02
         vertex -2.950000e+02 3.400000e+02 -3.120000e+02
      endloop
   endfacet
   facet normal -5.677327e-01 2.962480e-07 8.232130e-01
      outer loop
         vertex -2.950000e+02 3.400000e+02 -3.120000e+02
         vertex -2.140376e+02 1.929930e+02 -2.561638e+02
         vertex -2.073712e+02 2.001389e+02 -2.515663e+02
      endloop
   endfacet
   facet normal -5.677325e-01 4.391496e-07 8.232131e-01
      outer loop
         vertex -2.950000e+02 3.400000e+02 -3.120000e+02
         vertex -2.073712e+02 2.001389e+02 -2.515663e+02
         vertex -2.005236e+02 2.069992e+02 -2.468439e+02
      endloop
   endfacet
   facet normal -5.677321e-01 3.806239e-07 8.232134e-01
      outer loop
         vertex -2.482179e+02 1.464454e+02 -2.797365e+02
         vertex -2.383487e+02 1.620132e+02 -2.729302e+02
         vertex -2.950000e+02 3.400000e+02 -3.120000e+02
      endloop
   endfacet
   facet normal -5.677302e-01 1.269945e-06 8.232147e-01
      outer loop
         vertex -2.950000e+02 3.400000e+02 -3.120000e+02
         vertex -2.383487e+02 1.620132e+02 -2.729302e+02
         vertex -2.379216e+02 1.626397e+02 -2.726356e+02
      endloop
   endfacet
   facet normal -5.677331e-01 -1.128160e-07 8.232127e-01
      outer loop
         vertex -2.950000e+02 3.400000e+02 -3.120000e+02
         vertex -2.379216e+02 1.626397e+02 -2.726356e+02
         vertex -2.265170e+02 1.781809e+02 -2.647703e+02
      endloop
   endfacet
   facet normal -5.677336e-01 -6.871098e-07 8.232124e-01
      outer loop
         vertex -2.005236e+02 2.069992e+02 -2.468439e+02
         vertex -1.895768e+02 2.170691e+02 -2.392944e+02
         vertex -2.950000e+02 3.400000e+02 -3.120000e+02
      endloop
   endfacet
   facet normal -5.677312e-01 2.292317e-06 8.232140e-01
      outer loop
         vertex -2.950000e+02 3.400000e+02 -3.120000e+02
         vertex -1.895768e+02 2.170691e+02 -2.392944e+02
         vertex -1.860286e+02 2.201176e+02 -2.368473e+02
      endloop
   endfacet
   facet normal -5.677332e-01 -3.113038e-07 8.232126e-01
      outer loop
         vertex -2.950000e+02 3.400000e+02 -3.120000e+02
         vertex -1.860286e+02 2.201176e+02 -2.368473e+02
         vertex -1.706213e+02 2.322644e+02 -2.262216e+02
      endloop
   endfacet
   facet normal 5.677331e-01 0.000000e+00 -8.232127e-01
      outer loop
         vertex -2.850000e+02 3.400000e+02 -3.156658e+02
         vertex -1.500000e+02 3.400000e+02 -2.225623e+02
         vertex -2.850000e+02 2.900000e+02 -3.156658e+02
      endloop
   endfacet
   facet normal 5.677331e-01 0.000000e+00 -8.232127e-01
      outer loop
         vertex -2.850000e+02 2.900000e+02 -3.156658e+02
         vertex -1.500000e+02 3.400000e+02 -2.225623e+02
         vertex -1.500000e+02 2.900000e+02 -2.225623e+02
      endloop
   endfacet
   facet normal 5.677327e-01 2.289433e-07 8.232129e-01
      outer loop
         vertex 1.895699e+02 2.170752e+02 -2.392896e+02
         vertex 1.976610e+02 2.097344e+02 -2.448696e+02
         vertex 2.950000e+02 3.400000e+02 -3.120000e+02
      endloop
   endfacet
   facet normal 5.677328e-01 1.460195e-07 8.232129e-01
      outer loop
         vertex 2.950000e+02 3.400000e+02 -3.120000e+02
         vertex 1.976610e+02 2.097344e+02 -2.448696e+02
         vertex 2.073738e+02 2.001362e+02 -2.515681e+02
      endloop
   endfacet
   facet normal 5.677317e-01 1.148000e-06 8.232136e-01
      outer loop
         vertex 2.950000e+02 3.400000e+02 -3.120000e+02
         vertex 2.073738e+02 2.001362e+02 -2.515681e+02
         vertex 2.115778e+02 1.956865e+02 -2.544674e+02
      endloop
   endfacet
   facet normal 5.677337e-01 -2.864852e-07 8.232123e-01
      outer loop
         vertex 2.950000e+02 3.400000e+02 -3.120000e+02
         vertex 2.360754e+02 1.653082e+02 -2.713623e+02
         vertex 2.383400e+02 1.620260e+02 -2.729241e+02
      endloop
   endfacet
   facet normal 5.677331e-01 -5.534412e-09 8.232127e-01
      outer loop
         vertex 2.383400e+02 1.620260e+02 -2.729241e+02
         vertex 2.465863e+02 1.491763e+02 -2.786113e+02
         vertex 2.950000e+02 3.400000e+02 -3.120000e+02
      endloop
   endfacet
   facet normal 5.677342e-01 -4.159571e-07 8.232119e-01
      outer loop
         vertex 2.950000e+02 3.400000e+02 -3.120000e+02
         vertex 2.465863e+02 1.491763e+02 -2.786113e+02
         vertex 2.512722e+02 1.411406e+02 -2.818429e+02
      endloop
   endfacet
   facet normal 5.677329e-01 0.000000e+00 8.232128e-01
      outer loop
         vertex 2.950000e+02 3.400000e+02 -3.120000e+02
         vertex 2.512722e+02 1.411406e+02 -2.818429e+02
         vertex 2.950000e+02 1.250000e+02 -3.120000e+02
      endloop
   endfacet
   facet normal 5.677332e-01 1.318369e-06 8.232126e-01
      outer loop
         vertex 2.950000e+02 1.250000e+02 -3.120000e+02
         vertex 2.512722e+02 1.411406e+02 -2.818429e+02
         vertex 2.554522e+02 1.334261e+02 -2.847257e+02
      endloop
   endfacet
   facet normal 5.677329e-01 -6.917787e-07 8.232128e-01
      outer loop
         vertex 2.950000e+02 1.250000e+02 -3.120000e+02
         vertex 2.554522e+02 1.334261e+02 -2.847257e+02
         vertex 2.573617e+02 1.297048e+02 -2.860426e+02
      endloop
   endfacet
   facet normal 5.677338e-01 -5.912764e-07 8.232122e-01
      outer loop
         vertex 2.115778e+02 1.956865e+02 -2.544674e+02
         vertex 2.236807e+02 1.817287e+02 -2.628143e+02
         vertex 2.950000e+02 3.400000e+02 -3.120000e+02
      endloop
   endfacet
   facet normal 5.677206e-01 8.183746e-06 8.232213e-01
      outer loop
         vertex 2.950000e+02 3.400000e+02 -3.120000e+02
         vertex 2.236807e+02 1.817287e+02 -2.628143e+02
         vertex 2.243961e+02 1.808446e+02 -2.633076e+02
      endloop
   endfacet
   facet normal 5.677330e-01 7.035023e-08 8.232128e-01
      outer loop
         vertex 2.950000e+02 3.400000e+02 -3.120000e+02
         vertex 2.243961e+02 1.808446e+02 -2.633076e+02
         vertex 2.360754e+02 1.653082e+02 -2.713623e+02
      endloop
   endfacet
   facet normal 5.677330e-01 0.000000e+00 8.232128e-01
      outer loop
         vertex 1.500000e+02 3.400000e+02 -2.120000e+02
         vertex 1.500000e+02 2.460861e+02 -2.120000e+02
         vertex 2.950000e+02 3.400000e+02 -3.120000e+02
      endloop
   endfacet
   facet normal 5.677332e-01 -5.887980e-07 8.232126e-01
      outer loop
         vertex 2.950000e+02 3.400000e+02 -3.120000e+02
         vertex 1.500000e+02 2.460861e+02 -2.120000e+02
         vertex 1.667159e+02 2.350833e+02 -2.235283e+02
      endloop
   endfacet
   facet normal 5.677314e-01 2.648107e-06 8.232138e-01
      outer loop
         vertex 1.667159e+02 2.350833e+02 -2.235283e+02
         vertex 1.703990e+02 2.324276e+02 -2.260682e+02
         vertex 2.950000e+02 3.400000e+02 -3.120000e+02
      endloop
   endfacet
   facet normal 5.677332e-01 -2.987428e-07 8.232126e-01
      outer loop
         vertex 2.950000e+02 3.400000e+02 -3.120000e+02
         vertex 1.703990e+02 2.324276e+02 -2.260682e+02
         vertex 1.826889e+02 2.228971e+02 -2.345441e+02
      endloop
   endfacet
   facet normal 5.677333e-01 -4.516657e-07 8.232126e-01
      outer loop
         vertex 2.950000e+02 3.400000e+02 -3.120000e+02
         vertex 1.826889e+02 2.228971e+02 -2.345441e+02
         vertex 1.895699e+02 2.170752e+02 -2.392896e+02
      endloop
   endfacet
   facet normal -1.000000e+00 0.000000e+00 0.000000e+00
      outer loop
         vertex 2.850000e+02 2.900000e+02 -3.360000e+02
         vertex 2.850000e+02 2.900000e+02 -3.156658e+02
         vertex 2.850000e+02 3.350000e+02 -3.360000e+02
      endloop
   endfacet
   facet normal -1.000000e+00 0.000000e+00 0.000000e+00
      outer loop
         vertex 2.850000e+02 3.350000e+02 -3.360000e+02
         vertex 2.850000e+02 2.900000e+02 -3.156658e+02
         vertex 2.850000e+02 3.400000e+02 -3.156658e+02
      endloop
   endfacet
   facet normal -1.000000e+00 0.000000e+00 0.000000e+00
      outer loop
         vertex 2.850000e+02 3.350000e+02 -3.360000e+02
         vertex 2.850000e+02 3.400000e+02 -3.156658e+02
         vertex 2.850000e+02 3.400000e+02 -3.360000e+02
      endloop
   endfacet
   facet normal -5.677331e-01 -0.000000e+00 -8.232127e-01
      outer loop
         vertex 1.500000e+02 3.400000e+02 -2.225623e+02
         vertex 2.850000e+02 3.400000e+02 -3.156658e+02
         vertex 1.500000e+02 2.900000e+02 -2.225623e+02
      endloop
   endfacet
   facet normal -5.677331e-01 0.000000e+00 -8.232127e-01
      outer loop
         vertex 1.500000e+02 2.900000e+02 -2.225623e+02
         vertex 2.850000e+02 3.400000e+02 -3.156658e+02
         vertex 2.850000e+02 2.900000e+02 -3.156658e+02
      endloop
   endfacet
   facet normal 0.000000e+00 0.000000e+00 -1.000000e+00
      outer loop
         vertex -1.200000e+02 2.900000e+02 -3.120000e+02
         vertex -1.200000e+02 3.400000e+02 -3.120000e+02
         vertex 1.200000e+02 2.900000e+02 -3.120000e+02
      endloop
   endfacet
   facet normal 0.000000e+00 0.000000e+00 -1.000000e+00
      outer loop
         vertex 1.200000e+02 2.900000e+02 -3.120000e+02
         vertex -1.200000e+02 3.400000e+02 -3.120000e+02
         vertex 1.200000e+02 3.400000e+02 -3.120000e+02
      endloop
   endfacet
   facet normal 9.998864e-01 0.000000e+00 -1.507172e-02
      outer loop
         vertex 1.500000e+02 3.400000e+02 -2.880000e+02
         vertex 1.500000e+02 2.900000e+02 -2.880000e+02
         vertex 1.499913e+02 2.900000e+02 -2.885783e+02
      endloop
   endfacet
   facet normal 9.998864e-01 0.000000e+00 -1.507172e-02
      outer loop
         vertex 1.500000e+02 3.400000e+02 -2.880000e+02
         vertex 1.499913e+02 2.900000e+02 -2.885783e+02
         vertex 1.499913e+02 3.400000e+02 -2.885783e+02
      endloop
   endfacet
   facet normal 9.940792e-01 0.000000e+00 -1.086580e-01
      outer loop
         vertex 1.499913e+02 3.400000e+02 -2.885783e+02
         vertex 1.499913e+02 2.900000e+02 -2.885783e+02
         vertex 1.496616e+02 2.900000e+02 -2.915947e+02
      endloop
   endfacet
   facet normal 9.940792e-01 0.000000e+00 -1.086580e-01
      outer loop
         vertex 1.499913e+02 3.400000e+02 -2.885783e+02
         vertex 1.496616e+02 2.900000e+02 -2.915947e+02
         vertex 1.496616e+02 3.400000e+02 -2.915947e+02
      endloop
   endfacet
   facet normal 9.648080e-01 0.000000e+00 -2.629552e-01
      outer loop
         vertex 1.496616e+02 3.400000e+02 -2.915947e+02
         vertex 1.496616e+02 2.900000e+02 -2.915947e+02
         vertex 1.488398e+02 2.900000e+02 -2.946097e+02
      endloop
   endfacet
   facet normal 9.648080e-01 0.000000e+00 -2.629552e-01
      outer loop
         vertex 1.496616e+02 3.400000e+02 -2.915947e+02
         vertex 1.488398e+02 2.900000e+02 -2.946097e+02
         vertex 1.488398e+02 3.400000e+02 -2.946097e+02
      endloop
   endfacet
   facet normal 9.118721e-01 0.000000e+00 -4.104744e-01
      outer loop
         vertex 1.488398e+02 3.400000e+02 -2.946097e+02
         vertex 1.488398e+02 2.900000e+02 -2.946097e+02
         vertex 1.474859e+02 2.900000e+02 -2.976174e+02
      endloop
   endfacet
   facet normal 9.118721e-01 0.000000e+00 -4.104744e-01
      outer loop
         vertex 1.488398e+02 3.400000e+02 -2.946097e+02
         vertex 1.474859e+02 2.900000e+02 -2.976174e+02
         vertex 1.474859e+02 3.400000e+02 -2.976174e+02
      endloop
   endfacet
   facet normal 8.478386e-01 0.000000e+00 -5.302543e-01
      outer loop
         vertex 1.474859e+02 3.400000e+02 -2.976174e+02
         vertex 1.474859e+02 2.900000e+02 -2.976174e+02
         vertex 1.461011e+02 2.900000e+02 -2.998317e+02
      endloop
   endfacet
   facet normal 8.478386e-01 0.000000e+00 -5.302543e-01
      outer loop
         vertex 1.474859e+02 3.400000e+02 -2.976174e+02
         vertex 1.461011e+02 2.900000e+02 -2.998317e+02
         vertex 1.461011e+02 3.400000e+02 -2.998317e+02
      endloop
   endfacet
   facet normal 7.678068e-01 0.000000e+00 -6.406815e-01
      outer loop
         vertex 1.461011e+02 3.400000e+02 -2.998317e+02
         vertex 1.461011e+02 2.900000e+02 -2.998317e+02
         vertex 1.436685e+02 2.900000e+02 -3.027470e+02
      endloop
   endfacet
   facet normal 7.678068e-01 0.000000e+00 -6.406815e-01
      outer loop
         vertex 1.461011e+02 3.400000e+02 -2.998317e+02
         vertex 1.436685e+02 2.900000e+02 -3.027470e+02
         vertex 1.436685e+02 3.400000e+02 -3.027470e+02
      endloop
   endfacet
   facet normal 6.594269e-01 0.000000e+00 -7.517687e-01
      outer loop
         vertex 1.436685e+02 3.400000e+02 -3.027470e+02
         vertex 1.436685e+02 2.900000e+02 -3.027470e+02
         vertex 1.405291e+02 2.900000e+02 -3.055008e+02
      endloop
   endfacet
   facet normal 6.594269e-01 0.000000e+00 -7.517687e-01
      outer loop
         vertex 1.436685e+02 3.400000e+02 -3.027470e+02
         vertex 1.405291e+02 2.900000e+02 -3.055008e+02
         vertex 1.405291e+02 3.400000e+02 -3.055008e+02
      endloop
   endfacet
   facet normal 5.298021e-01 0.000000e+00 -8.481213e-01
      outer loop
         vertex 1.405291e+02 3.400000e+02 -3.055008e+02
         vertex 1.405291e+02 2.900000e+02 -3.055008e+02
         vertex 1.362461e+02 2.900000e+02 -3.081762e+02
      endloop
   endfacet
   facet normal 5.298021e-01 0.000000e+00 -8.481213e-01
      outer loop
         vertex 1.405291e+02 3.400000e+02 -3.055008e+02
         vertex 1.362461e+02 2.900000e+02 -3.081762e+02
         vertex 1.362461e+02 3.400000e+02 -3.081762e+02
      endloop
   endfacet
   facet normal 3.875172e-01 0.000000e+00 -9.218625e-01
      outer loop
         vertex 1.362461e+02 3.400000e+02 -3.081762e+02
         vertex 1.362461e+02 2.900000e+02 -3.081762e+02
         vertex 1.315538e+02 2.900000e+02 -3.101487e+02
      endloop
   endfacet
   facet normal 3.875172e-01 0.000000e+00 -9.218625e-01
      outer loop
         vertex 1.362461e+02 3.400000e+02 -3.081762e+02
         vertex 1.315538e+02 2.900000e+02 -3.101487e+02
         vertex 1.315538e+02 3.400000e+02 -3.101487e+02
      endloop
   endfacet
   facet normal 2.425865e-01 0.000000e+00 -9.701298e-01
      outer loop
         vertex 1.315538e+02 3.400000e+02 -3.101487e+02
         vertex 1.315538e+02 2.900000e+02 -3.101487e+02
         vertex 1.262700e+02 2.900000e+02 -3.114700e+02
      endloop
   endfacet
   facet normal 2.425865e-01 0.000000e+00 -9.701298e-01
      outer loop
         vertex 1.315538e+02 3.400000e+02 -3.101487e+02
         vertex 1.262700e+02 2.900000e+02 -3.114700e+02
         vertex 1.262700e+02 3.400000e+02 -3.114700e+02
      endloop
   endfacet
   facet normal 8.423395e-02 0.000000e+00 -9.964460e-01
      outer loop
         vertex 1.262700e+02 3.400000e+02 -3.114700e+02
         vertex 1.262700e+02 2.900000e+02 -3.114700e+02
         vertex 1.200000e+02 2.900000e+02 -3.120000e+02
      endloop
   endfacet
   facet normal 8.423395e-02 0.000000e+00 -9.964460e-01
      outer loop
         vertex 1.262700e+02 3.400000e+02 -3.114700e+02
         vertex 1.200000e+02 2.900000e+02 -3.120000e+02
         vertex 1.200000e+02 3.400000e+02 -3.120000e+02
      endloop
   endfacet
   facet normal -2.254115e-02 -0.000000e+00 -9.997459e-01
      outer loop
         vertex -1.200000e+02 3.400000e+02 -3.120000e+02
         vertex -1.200000e+02 2.900000e+02 -3.120000e+02
         vertex -1.216906e+02 2.900000e+02 -3.119619e+02
      endloop
   endfacet
   facet normal -2.254115e-02 0.000000e+00 -9.997459e-01
      outer loop
         vertex -1.200000e+02 3.400000e+02 -3.120000e+02
         vertex -1.216906e+02 2.900000e+02 -3.119619e+02
         vertex -1.216906e+02 3.400000e+02 -3.119619e+02
      endloop
   endfacet
   facet normal -1.147208e-01 -0.000000e+00 -9.933978e-01
      outer loop
         vertex -1.216906e+02 3.400000e+02 -3.119619e+02
         vertex -1.216906e+02 2.900000e+02 -3.119619e+02
         vertex -1.268491e+02 2.900000e+02 -3.113662e+02
      endloop
   endfacet
   facet normal -1.147208e-01 0.000000e+00 -9.933978e-01
      outer loop
         vertex -1.216906e+02 3.400000e+02 -3.119619e+02
         vertex -1.268491e+02 2.900000e+02 -3.113662e+02
         vertex -1.268491e+02 3.400000e+02 -3.113662e+02
      endloop
   endfacet
   facet normal -2.527581e-01 -0.000000e+00 -9.675295e-01
      outer loop
         vertex -1.268491e+02 3.400000e+02 -3.113662e+02
         vertex -1.268491e+02 2.900000e+02 -3.113662e+02
         vertex -1.317085e+02 2.900000e+02 -3.100967e+02
      endloop
   endfacet
   facet normal -2.527581e-01 0.000000e+00 -9.675295e-01
      outer loop
         vertex -1.268491e+02 3.400000e+02 -3.113662e+02
         vertex -1.317085e+02 2.900000e+02 -3.100967e+02
         vertex -1.317085e+02 3.400000e+02 -3.100967e+02
      endloop
   endfacet
   facet normal -3.867098e-01 -0.000000e+00 -9.222015e-01
      outer loop
         vertex -1.317085e+02 3.400000e+02 -3.100967e+02
         vertex -1.317085e+02 2.900000e+02 -3.100967e+02
         vertex -1.360537e+02 2.900000e+02 -3.082746e+02
      endloop
   endfacet
   facet normal -3.867098e-01 0.000000e+00 -9.222015e-01
      outer loop
         vertex -1.317085e+02 3.400000e+02 -3.100967e+02
         vertex -1.360537e+02 2.900000e+02 -3.082746e+02
         vertex -1.360537e+02 3.400000e+02 -3.082746e+02
      endloop
   endfacet
   facet normal -5.204596e-01 -0.000000e+00 -8.538863e-01
      outer loop
         vertex -1.360537e+02 3.400000e+02 -3.082746e+02
         vertex -1.360537e+02 2.900000e+02 -3.082746e+02
         vertex -1.401728e+02 2.900000e+02 -3.057639e+02
      endloop
   endfacet
   facet normal -5.204596e-01 0.000000e+00 -8.538863e-01
      outer loop
         vertex -1.360537e+02 3.400000e+02 -3.082746e+02
         vertex -1.401728e+02 2.900000e+02 -3.057639e+02
         vertex -1.401728e+02 3.400000e+02 -3.057639e+02
      endloop
   endfacet
   facet normal -6.449060e-01 -0.000000e+00 -7.642619e-01
      outer loop
         vertex -1.401728e+02 3.400000e+02 -3.057639e+02
         vertex -1.401728e+02 2.900000e+02 -3.057639e+02
         vertex -1.432483e+02 2.900000e+02 -3.031687e+02
      endloop
   endfacet
   facet normal -6.449060e-01 0.000000e+00 -7.642619e-01
      outer loop
         vertex -1.401728e+02 3.400000e+02 -3.057639e+02
         vertex -1.432483e+02 2.900000e+02 -3.031687e+02
         vertex -1.432483e+02 3.400000e+02 -3.031687e+02
      endloop
   endfacet
   facet normal -7.509046e-01 -0.000000e+00 -6.604107e-01
      outer loop
         vertex -1.432483e+02 3.400000e+02 -3.031687e+02
         vertex -1.432483e+02 2.900000e+02 -3.031687e+02
         vertex -1.456989e+02 2.900000e+02 -3.003823e+02
      endloop
   endfacet
   facet normal -7.509046e-01 0.000000e+00 -6.604107e-01
      outer loop
         vertex -1.432483e+02 3.400000e+02 -3.031687e+02
         vertex -1.456989e+02 2.900000e+02 -3.003823e+02
         vertex -1.456989e+02 3.400000e+02 -3.003823e+02
      endloop
   endfacet
   facet normal -8.444451e-01 -0.000000e+00 -5.356421e-01
      outer loop
         vertex -1.456989e+02 3.400000e+02 -3.003823e+02
         vertex -1.456989e+02 2.900000e+02 -3.003823e+02
         vertex -1.476657e+02 2.900000e+02 -2.972816e+02
      endloop
   endfacet
   facet normal -8.444451e-01 0.000000e+00 -5.356421e-01
      outer loop
         vertex -1.456989e+02 3.400000e+02 -3.003823e+02
         vertex -1.476657e+02 2.900000e+02 -2.972816e+02
         vertex -1.476657e+02 3.400000e+02 -2.972816e+02
      endloop
   endfacet
   facet normal -9.190442e-01 -0.000000e+00 -3.941546e-01
      outer loop
         vertex -1.476657e+02 3.400000e+02 -2.972816e+02
         vertex -1.476657e+02 2.900000e+02 -2.972816e+02
         vertex -1.489611e+02 2.900000e+02 -2.942612e+02
      endloop
   endfacet
   facet normal -9.190442e-01 0.000000e+00 -3.941546e-01
      outer loop
         vertex -1.476657e+02 3.400000e+02 -2.972816e+02
         vertex -1.489611e+02 2.900000e+02 -2.942612e+02
         vertex -1.489611e+02 3.400000e+02 -2.942612e+02
      endloop
   endfacet
   facet normal -9.699585e-01 -0.000000e+00 -2.432705e-01
      outer loop
         vertex -1.489611e+02 3.400000e+02 -2.942612e+02
         vertex -1.489611e+02 2.900000e+02 -2.942612e+02
         vertex -1.497387e+02 2.900000e+02 -2.911610e+02
      endloop
   endfacet
   facet normal -9.699585e-01 0.000000e+00 -2.432705e-01
      outer loop
         vertex -1.489611e+02 3.400000e+02 -2.942612e+02
         vertex -1.497387e+02 2.900000e+02 -2.911610e+02
         vertex -1.497387e+02 3.400000e+02 -2.911610e+02
      endloop
   endfacet
   facet normal -9.965995e-01 -0.000000e+00 -8.239850e-02
      outer loop
         vertex -1.497387e+02 3.400000e+02 -2.911610e+02
         vertex -1.497387e+02 2.900000e+02 -2.911610e+02
         vertex -1.500000e+02 2.900000e+02 -2.880000e+02
      endloop
   endfacet
   facet normal -9.965995e-01 0.000000e+00 -8.239850e-02
      outer loop
         vertex -1.497387e+02 3.400000e+02 -2.911610e+02
         vertex -1.500000e+02 2.900000e+02 -2.880000e+02
         vertex -1.500000e+02 3.400000e+02 -2.880000e+02
      endloop
   endfacet
   facet normal 0.000000e+00 1.000000e+00 0.000000e+00
      outer loop
         vertex 1.500000e+02 2.900000e+02 -2.225623e+02
         vertex 2.850000e+02 2.900000e+02 -3.156658e+02
         vertex 1.500000e+02 2.900000e+02 -2.880000e+02
      endloop
   endfacet
   facet normal 0.000000e+00 1.000000e+00 0.000000e+00
      outer loop
         vertex 1.500000e+02 2.900000e+02 -2.880000e+02
         vertex 2.850000e+02 2.900000e+02 -3.156658e+02
         vertex 1.499913e+02 2.900000e+02 -2.885783e+02
      endloop
   endfacet
   facet normal -0.000000e+00 1.000000e+00 0.000000e+00
      outer loop
         vertex 1.315538e+02 2.900000e+02 -3.101487e+02
         vertex 1.362461e+02 2.900000e+02 -3.081762e+02
         vertex 1.500000e+02 2.900000e+02 -3.360000e+02
      endloop
   endfacet
   facet normal 0.000000e+00 1.000000e+00 0.000000e+00
      outer loop
         vertex 1.500000e+02 2.900000e+02 -3.360000e+02
         vertex 1.362461e+02 2.900000e+02 -3.081762e+02
         vertex 1.405291e+02 2.900000e+02 -3.055008e+02
      endloop
   endfacet
   facet normal 0.000000e+00 1.000000e+00 -0.000000e+00
      outer loop
         vertex 1.500000e+02 2.900000e+02 -3.360000e+02
         vertex 1.405291e+02 2.900000e+02 -3.055008e+02
         vertex 2.850000e+02 2.900000e+02 -3.360000e+02
      endloop
   endfacet
   facet normal 0.000000e+00 1.000000e+00 0.000000e+00
      outer loop
         vertex 2.850000e+02 2.900000e+02 -3.360000e+02
         vertex 1.405291e+02 2.900000e+02 -3.055008e+02
         vertex 1.436685e+02 2.900000e+02 -3.027470e+02
      endloop
   endfacet
   facet normal 0.000000e+00 1.000000e+00 0.000000e+00
      outer loop
         vertex 2.850000e+02 2.900000e+02 -3.360000e+02
         vertex 1.436685e+02 2.900000e+02 -3.027470e+02
         vertex 1.461011e+02 2.900000e+02 -2.998317e+02
      endloop
   endfacet
   facet normal 0.000000e+00 1.000000e+00 0.000000e+00
      outer loop
         vertex -1.500000e+02 2.900000e+02 -3.520000e+02
         vertex -1.200000e+02 2.900000e+02 -3.120000e+02
         vertex 1.500000e+02 2.900000e+02 -3.520000e+02
      endloop
   endfacet
   facet normal 0.000000e+00 1.000000e+00 0.000000e+00
      outer loop
         vertex 1.500000e+02 2.900000e+02 -3.520000e+02
         vertex -1.200000e+02 2.900000e+02 -3.120000e+02
         vertex 1.200000e+02 2.900000e+02 -3.120000e+02
      endloop
   endfacet
   facet normal 0.000000e+00 1.000000e+00 -0.000000e+00
      outer loop
         vertex 1.500000e+02 2.900000e+02 -3.520000e+02
         vertex 1.200000e+02 2.900000e+02 -3.120000e+02
         vertex 1.500000e+02 2.900000e+02 -3.360000e+02
      endloop
   endfacet
   facet normal 0.000000e+00 1.000000e+00 0.000000e+00
      outer loop
         vertex 1.500000e+02 2.900000e+02 -3.360000e+02
         vertex 1.200000e+02 2.900000e+02 -3.120000e+02
         vertex 1.262700e+02 2.900000e+02 -3.114700e+02
      endloop
   endfacet
   facet normal 0.000000e+00 1.000000e+00 0.000000e+00
      outer loop
         vertex 1.500000e+02 2.900000e+02 -3.360000e+02
         vertex 1.262700e+02 2.900000e+02 -3.114700e+02
         vertex 1.315538e+02 2.900000e+02 -3.101487e+02
      endloop
   endfacet
   facet normal 0.000000e+00 1.000000e+00 0.000000e+00
      outer loop
         vertex -1.500000e+02 2.900000e+02 -2.225623e+02
         vertex -1.500000e+02 2.900000e+02 -2.880000e+02
         vertex -2.850000e+02 2.900000e+02 -3.156658e+02
      endloop
   endfacet
   facet normal 0.000000e+00 1.000000e+00 0.000000e+00
      outer loop
         vertex -2.850000e+02 2.900000e+02 -3.156658e+02
         vertex -1.500000e+02 2.900000e+02 -2.880000e+02
         vertex -1.497387e+02 2.900000e+02 -2.911610e+02
      endloop
   endfacet
   facet normal -0.000000e+00 1.000000e+00 0.000000e+00
      outer loop
         vertex -2.850000e+02 2.900000e+02 -3.156658e+02
         vertex -1.497387e+02 2.900000e+02 -2.911610e+02
         vertex -2.850000e+02 2.900000e+02 -3.360000e+02
      endloop
   endfacet
   facet normal 0.000000e+00 1.000000e+00 0.000000e+00
      outer loop
         vertex -2.850000e+02 2.900000e+02 -3.360000e+02
         vertex -1.497387e+02 2.900000e+02 -2.911610e+02
         vertex -1.489611e+02 2.900000e+02 -2.942612e+02
      endloop
   endfacet
   facet normal 0.000000e+00 1.000000e+00 0.000000e+00
      outer loop
         vertex -2.850000e+02 2.900000e+02 -3.360000e+02
         vertex -1.489611e+02 2.900000e+02 -2.942612e+02
         vertex -1.476657e+02 2.900000e+02 -2.972816e+02
      endloop
   endfacet
   facet normal -0.000000e+00 1.000000e+00 0.000000e+00
      outer loop
         vertex 1.461011e+02 2.900000e+02 -2.998317e+02
         vertex 1.474859e+02 2.900000e+02 -2.976174e+02
         vertex 2.850000e+02 2.900000e+02 -3.360000e+02
      endloop
   endfacet
   facet normal 0.000000e+00 1.000000e+00 0.000000e+00
      outer loop
         vertex 2.850000e+02 2.900000e+02 -3.360000e+02
         vertex 1.474859e+02 2.900000e+02 -2.976174e+02
         vertex 1.488398e+02 2.900000e+02 -2.946097e+02
      endloop
   endfacet
   facet normal 0.000000e+00 1.000000e+00 -0.000000e+00
      outer loop
         vertex 2.850000e+02 2.900000e+02 -3.360000e+02
         vertex 1.488398e+02 2.900000e+02 -2.946097e+02
         vertex 2.850000e+02 2.900000e+02 -3.156658e+02
      endloop
   endfacet
   facet normal 0.000000e+00 1.000000e+00 0.000000e+00
      outer loop
         vertex 2.850000e+02 2.900000e+02 -3.156658e+02
         vertex 1.488398e+02 2.900000e+02 -2.946097e+02
         vertex 1.496616e+02 2.900000e+02 -2.915947e+02
      endloop
   endfacet
   facet normal 0.000000e+00 1.000000e+00 0.000000e+00
      outer loop
         vertex 2.850000e+02 2.900000e+02 -3.156658e+02
         vertex 1.496616e+02 2.900000e+02 -2.915947e+02
         vertex 1.499913e+02 2.900000e+02 -2.885783e+02
      endloop
   endfacet
   facet normal 0.000000e+00 1.000000e+00 0.000000e+00
      outer loop
         vertex -1.476657e+02 2.900000e+02 -2.972816e+02
         vertex -1.456989e+02 2.900000e+02 -3.003823e+02
         vertex -2.850000e+02 2.900000e+02 -3.360000e+02
      endloop
   endfacet
   facet normal 0.000000e+00 1.000000e+00 0.000000e+00
      outer loop
         vertex -2.850000e+02 2.900000e+02 -3.360000e+02
         vertex -1.456989e+02 2.900000e+02 -3.003823e+02
         vertex -1.432483e+02 2.900000e+02 -3.031687e+02
      endloop
   endfacet
   facet normal 0.000000e+00 1.000000e+00 0.000000e+00
      outer loop
         vertex -2.850000e+02 2.900000e+02 -3.360000e+02
         vertex -1.432483e+02 2.900000e+02 -3.031687e+02
         vertex -1.500000e+02 2.900000e+02 -3.360000e+02
      endloop
   endfacet
   facet normal 0.000000e+00 1.000000e+00 0.000000e+00
      outer loop
         vertex -1.500000e+02 2.900000e+02 -3.360000e+02
         vertex -1.432483e+02 2.900000e+02 -3.031687e+02
         vertex -1.401728e+02 2.900000e+02 -3.057639e+02
      endloop
   endfacet
   facet normal 0.000000e+00 1.000000e+00 0.000000e+00
      outer loop
         vertex -1.500000e+02 2.900000e+02 -3.360000e+02
         vertex -1.401728e+02 2.900000e+02 -3.057639e+02
         vertex -1.360537e+02 2.900000e+02 -3.082746e+02
      endloop
   endfacet
   facet normal 0.000000e+00 1.000000e+00 0.000000e+00
      outer loop
         vertex -1.360537e+02 2.900000e+02 -3.082746e+02
         vertex -1.317085e+02 2.900000e+02 -3.100967e+02
         vertex -1.500000e+02 2.900000e+02 -3.360000e+02
      endloop
   endfacet
   facet normal 0.000000e+00 1.000000e+00 0.000000e+00
      outer loop
         vertex -1.500000e+02 2.900000e+02 -3.360000e+02
         vertex -1.317085e+02 2.900000e+02 -3.100967e+02
         vertex -1.268491e+02 2.900000e+02 -3.113662e+02
      endloop
   endfacet
   facet normal -0.000000e+00 1.000000e+00 0.000000e+00
      outer loop
         vertex -1.500000e+02 2.900000e+02 -3.360000e+02
         vertex -1.268491e+02 2.900000e+02 -3.113662e+02
         vertex -1.500000e+02 2.900000e+02 -3.520000e+02
      endloop
   endfacet
   facet normal 0.000000e+00 1.000000e+00 0.000000e+00
      outer loop
         vertex -1.500000e+02 2.900000e+02 -3.520000e+02
         vertex -1.268491e+02 2.900000e+02 -3.113662e+02
         vertex -1.216906e+02 2.900000e+02 -3.119619e+02
      endloop
   endfacet
   facet normal 0.000000e+00 1.000000e+00 0.000000e+00
      outer loop
         vertex -1.500000e+02 2.900000e+02 -3.520000e+02
         vertex -1.216906e+02 2.900000e+02 -3.119619e+02
         vertex -1.200000e+02 2.900000e+02 -3.120000e+02
      endloop
   endfacet
   facet normal 0.000000e+00 0.000000e+00 -1.000000e+00
      outer loop
         vertex -2.870000e+02 2.182843e+02 -3.360000e+02
         vertex -2.950000e+02 2.182843e+02 -3.360000e+02
         vertex -2.870000e+02 3.350000e+02 -3.360000e+02
      endloop
   endfacet
   facet normal -0.000000e+00 0.000000e+00 -1.000000e+00
      outer loop
         vertex -2.870000e+02 3.350000e+02 -3.360000e+02
         vertex -2.950000e+02 2.182843e+02 -3.360000e+02
         vertex -2.950000e+02 3.400000e+02 -3.360000e+02
      endloop
   endfacet
   facet normal 0.000000e+00 0.000000e+00 -1.000000e+00
      outer loop
         vertex -2.870000e+02 3.350000e+02 -3.360000e+02
         vertex -2.950000e+02 3.400000e+02 -3.360000e+02
         vertex -2.850000e+02 3.350000e+02 -3.360000e+02
      endloop
   endfacet
   facet normal 0.000000e+00 0.000000e+00 -1.000000e+00
      outer loop
         vertex -2.850000e+02 3.350000e+02 -3.360000e+02
         vertex -2.950000e+02 3.400000e+02 -3.360000e+02
         vertex -2.850000e+02 3.400000e+02 -3.360000e+02
      endloop
   endfacet
   facet normal 0.000000e+00 5.600683e-01 -8.284464e-01
      outer loop
         vertex -2.870000e+02 2.041421e+02 -3.406863e+02
         vertex -2.950000e+02 2.041421e+02 -3.406863e+02
         vertex -2.950000e+02 2.066988e+02 -3.389579e+02
      endloop
   endfacet
   facet normal 0.000000e+00 5.600683e-01 -8.284464e-01
      outer loop
         vertex -2.870000e+02 2.041421e+02 -3.406863e+02
         vertex -2.950000e+02 2.066988e+02 -3.389579e+02
         vertex -2.870000e+02 2.066988e+02 -3.389579e+02
      endloop
   endfacet
   facet normal 0.000000e+00 4.300379e-01 -9.028108e-01
      outer loop
         vertex -2.870000e+02 2.066988e+02 -3.389579e+02
         vertex -2.950000e+02 2.066988e+02 -3.389579e+02
         vertex -2.950000e+02 2.094725e+02 -3.376367e+02
      endloop
   endfacet
   facet normal 0.000000e+00 4.300379e-01 -9.028108e-01
      outer loop
         vertex -2.870000e+02 2.066988e+02 -3.389579e+02
         vertex -2.950000e+02 2.094725e+02 -3.376367e+02
         vertex -2.870000e+02 2.094725e+02 -3.376367e+02
      endloop
   endfacet
   facet normal 0.000000e+00 2.978185e-01 -9.546225e-01
      outer loop
         vertex -2.870000e+02 2.094725e+02 -3.376367e+02
         vertex -2.950000e+02 2.094725e+02 -3.376367e+02
         vertex -2.950000e+02 2.126151e+02 -3.366563e+02
      endloop
   endfacet
   facet normal 0.000000e+00 2.978185e-01 -9.546225e-01
      outer loop
         vertex -2.870000e+02 2.094725e+02 -3.376367e+02
         vertex -2.950000e+02 2.126151e+02 -3.366563e+02
         vertex -2.870000e+02 2.126151e+02 -3.366563e+02
      endloop
   endfacet
   facet normal 0.000000e+00 1.607311e-01 -9.869982e-01
      outer loop
         vertex -2.870000e+02 2.126151e+02 -3.366563e+02
         vertex -2.950000e+02 2.126151e+02 -3.366563e+02
         vertex -2.950000e+02 2.160045e+02 -3.361043e+02
      endloop
   endfacet
   facet normal 0.000000e+00 1.607311e-01 -9.869982e-01
      outer loop
         vertex -2.870000e+02 2.126151e+02 -3.366563e+02
         vertex -2.950000e+02 2.160045e+02 -3.361043e+02
         vertex -2.870000e+02 2.160045e+02 -3.361043e+02
      endloop
   endfacet
   facet normal 0.000000e+00 4.569348e-02 -9.989555e-01
      outer loop
         vertex -2.870000e+02 2.160045e+02 -3.361043e+02
         vertex -2.950000e+02 2.160045e+02 -3.361043e+02
         vertex -2.950000e+02 2.182843e+02 -3.360000e+02
      endloop
   endfacet
   facet normal 0.000000e+00 4.569348e-02 -9.989555e-01
      outer loop
         vertex -2.870000e+02 2.160045e+02 -3.361043e+02
         vertex -2.950000e+02 2.182843e+02 -3.360000e+02
         vertex -2.870000e+02 2.182843e+02 -3.360000e+02
      endloop
   endfacet
   facet normal 0.000000e+00 6.246959e-01 -7.808682e-01
      outer loop
         vertex -2.870000e+02 2.041421e+02 -3.406863e+02
         vertex -2.870000e+02 1.900000e+02 -3.520000e+02
         vertex -2.950000e+02 2.041421e+02 -3.406863e+02
      endloop
   endfacet
   facet normal 0.000000e+00 6.246959e-01 -7.808682e-01
      outer loop
         vertex -2.950000e+02 2.041421e+02 -3.406863e+02
         vertex -2.870000e+02 1.900000e+02 -3.520000e+02
         vertex -2.950000e+02 1.900000e+02 -3.520000e+02
      endloop
   endfacet
   facet normal 0.000000e+00 6.246959e-01 -7.808682e-01
      outer loop
         vertex 2.870000e+02 1.900000e+02 -3.520000e+02
         vertex 2.870000e+02 2.041421e+02 -3.406863e+02
         vertex 2.950000e+02 1.900000e+02 -3.520000e+02
      endloop
   endfacet
   facet normal 0.000000e+00 6.246959e-01 -7.808682e-01
      outer loop
         vertex 2.950000e+02 1.900000e+02 -3.520000e+02
         vertex 2.870000e+02 2.041421e+02 -3.406863e+02
         vertex 2.950000e+02 2.041421e+02 -3.406863e+02
      endloop
   endfacet
   facet normal 0.000000e+00 8.032655e-02 -9.967686e-01
      outer loop
         vertex 2.870000e+02 2.182843e+02 -3.360000e+02
         vertex 2.950000e+02 2.182843e+02 -3.360000e+02
         vertex 2.950000e+02 2.142954e+02 -3.363215e+02
      endloop
   endfacet
   facet normal 0.000000e+00 8.032655e-02 -9.967686e-01
      outer loop
         vertex 2.870000e+02 2.182843e+02 -3.360000e+02
         vertex 2.950000e+02 2.142954e+02 -3.363215e+02
         vertex 2.870000e+02 2.142954e+02 -3.363215e+02
      endloop
   endfacet
   facet normal 0.000000e+00 2.349374e-01 -9.720105e-01
      outer loop
         vertex 2.870000e+02 2.142954e+02 -3.363215e+02
         vertex 2.950000e+02 2.142954e+02 -3.363215e+02
         vertex 2.950000e+02 2.107540e+02 -3.371774e+02
      endloop
   endfacet
   facet normal 0.000000e+00 2.349374e-01 -9.720105e-01
      outer loop
         vertex 2.870000e+02 2.142954e+02 -3.363215e+02
         vertex 2.950000e+02 2.107540e+02 -3.371774e+02
         vertex 2.870000e+02 2.107540e+02 -3.371774e+02
      endloop
   endfacet
   facet normal 0.000000e+00 3.802601e-01 -9.248796e-01
      outer loop
         vertex 2.870000e+02 2.107540e+02 -3.371774e+02
         vertex 2.950000e+02 2.107540e+02 -3.371774e+02
         vertex 2.950000e+02 2.076025e+02 -3.384732e+02
      endloop
   endfacet
   facet normal 0.000000e+00 3.802601e-01 -9.248796e-01
      outer loop
         vertex 2.870000e+02 2.107540e+02 -3.371774e+02
         vertex 2.950000e+02 2.076025e+02 -3.384732e+02
         vertex 2.870000e+02 2.076025e+02 -3.384732e+02
      endloop
   endfacet
   facet normal 0.000000e+00 5.158117e-01 -8.567020e-01
      outer loop
         vertex 2.870000e+02 2.076025e+02 -3.384732e+02
         vertex 2.950000e+02 2.076025e+02 -3.384732e+02
         vertex 2.950000e+02 2.049930e+02 -3.400443e+02
      endloop
   endfacet
   facet normal 0.000000e+00 5.158117e-01 -8.567020e-01
      outer loop
         vertex 2.870000e+02 2.076025e+02 -3.384732e+02
         vertex 2.950000e+02 2.049930e+02 -3.400443e+02
         vertex 2.870000e+02 2.049930e+02 -3.400443e+02
      endloop
   endfacet
   facet normal 0.000000e+00 6.022970e-01 -7.982721e-01
      outer loop
         vertex 2.870000e+02 2.049930e+02 -3.400443e+02
         vertex 2.950000e+02 2.049930e+02 -3.400443e+02
         vertex 2.950000e+02 2.041421e+02 -3.406863e+02
      endloop
   endfacet
   facet normal 0.000000e+00 6.022970e-01 -7.982721e-01
      outer loop
         vertex 2.870000e+02 2.049930e+02 -3.400443e+02
         vertex 2.950000e+02 2.041421e+02 -3.406863e+02
         vertex 2.870000e+02 2.041421e+02 -3.406863e+02
      endloop
   endfacet
   facet normal 0.000000e+00 0.000000e+00 -1.000000e+00
      outer loop
         vertex 2.850000e+02 3.350000e+02 -3.360000e+02
         vertex 2.850000e+02 3.400000e+02 -3.360000e+02
         vertex 2.870000e+02 3.350000e+02 -3.360000e+02
      endloop
   endfacet
   facet normal 0.000000e+00 0.000000e+00 -1.000000e+00
      outer loop
         vertex 2.870000e+02 3.350000e+02 -3.360000e+02
         vertex 2.850000e+02 3.400000e+02 -3.360000e+02
         vertex 2.950000e+02 3.400000e+02 -3.360000e+02
      endloop
   endfacet
   facet normal 0.000000e+00 0.000000e+00 -1.000000e+00
      outer loop
         vertex 2.870000e+02 3.350000e+02 -3.360000e+02
         vertex 2.950000e+02 3.400000e+02 -3.360000e+02
         vertex 2.870000e+02 2.182843e+02 -3.360000e+02
      endloop
   endfacet
   facet normal 0.000000e+00 0.000000e+00 -1.000000e+00
      outer loop
         vertex 2.870000e+02 2.182843e+02 -3.360000e+02
         vertex 2.950000e+02 3.400000e+02 -3.360000e+02
         vertex 2.950000e+02 2.182843e+02 -3.360000e+02
      endloop
   endfacet
   facet normal 0.000000e+00 1.000000e+00 0.000000e+00
      outer loop
         vertex 1.600000e+02 3.350000e+02 -3.520000e+02
         vertex 1.500000e+02 3.350000e+02 -3.520000e+02
         vertex 1.500000e+02 3.350000e+02 -3.360000e+02
      endloop
   endfacet
   facet normal 0.000000e+00 1.000000e+00 0.000000e+00
      outer loop
         vertex 2.085000e+02 3.350000e+02 -3.640000e+02
         vertex 2.085000e+02 3.350000e+02 -3.840000e+02
         vertex 1.600000e+02 3.350000e+02 -3.840000e+02
      endloop
   endfacet
   facet normal 0.000000e+00 1.000000e+00 0.000000e+00
      outer loop
         vertex 2.870000e+02 3.350000e+02 -3.360000e+02
         vertex 2.870000e+02 3.350000e+02 -3.520000e+02
         vertex 2.850000e+02 3.350000e+02 -3.360000e+02
      endloop
   endfacet
   facet normal 0.000000e+00 1.000000e+00 0.000000e+00
      outer loop
         vertex 2.850000e+02 3.350000e+02 -3.360000e+02
         vertex 2.870000e+02 3.350000e+02 -3.520000e+02
         vertex 2.770000e+02 3.350000e+02 -3.520000e+02
      endloop
   endfacet
   facet normal 0.000000e+00 1.000000e+00 0.000000e+00
      outer loop
         vertex 2.850000e+02 3.350000e+02 -3.360000e+02
         vertex 2.770000e+02 3.350000e+02 -3.520000e+02
         vertex 1.500000e+02 3.350000e+02 -3.360000e+02
      endloop
   endfacet
   facet normal 0.000000e+00 1.000000e+00 0.000000e+00
      outer loop
         vertex 1.600000e+02 3.350000e+02 -3.840000e+02
         vertex 1.600000e+02 3.350000e+02 -3.520000e+02
         vertex 2.085000e+02 3.350000e+02 -3.640000e+02
      endloop
   endfacet
   facet normal 0.000000e+00 1.000000e+00 0.000000e+00
      outer loop
         vertex 2.085000e+02 3.350000e+02 -3.640000e+02
         vertex 1.600000e+02 3.350000e+02 -3.520000e+02
         vertex 1.500000e+02 3.350000e+02 -3.360000e+02
      endloop
   endfacet
   facet normal 0.000000e+00 1.000000e+00 -0.000000e+00
      outer loop
         vertex 2.085000e+02 3.350000e+02 -3.640000e+02
         vertex 1.500000e+02 3.350000e+02 -3.360000e+02
         vertex 2.285000e+02 3.350000e+02 -3.640000e+02
      endloop
   endfacet
   facet normal 0.000000e+00 1.000000e+00 -0.000000e+00
      outer loop
         vertex 2.285000e+02 3.350000e+02 -3.640000e+02
         vertex 1.500000e+02 3.350000e+02 -3.360000e+02
         vertex 2.770000e+02 3.350000e+02 -3.520000e+02
      endloop
   endfacet
   facet normal -0.000000e+00 1.000000e+00 0.000000e+00
      outer loop
         vertex 2.285000e+02 3.350000e+02 -3.640000e+02
         vertex 2.770000e+02 3.350000e+02 -3.520000e+02
         vertex 2.285000e+02 3.350000e+02 -3.840000e+02
      endloop
   endfacet
   facet normal 0.000000e+00 1.000000e+00 0.000000e+00
      outer loop
         vertex 2.285000e+02 3.350000e+02 -3.840000e+02
         vertex 2.770000e+02 3.350000e+02 -3.520000e+02
         vertex 2.770000e+02 3.350000e+02 -3.840000e+02
      endloop
   endfacet
   facet normal 0.000000e+00 1.000000e+00 0.000000e+00
      outer loop
         vertex -1.500000e+02 3.350000e+02 -3.360000e+02
         vertex -1.500000e+02 3.350000e+02 -3.520000e+02
         vertex -1.600000e+02 3.350000e+02 -3.520000e+02
      endloop
   endfacet
   facet normal 0.000000e+00 1.000000e+00 -0.000000e+00
      outer loop
         vertex -1.600000e+02 3.350000e+02 -3.840000e+02
         vertex -2.085000e+02 3.350000e+02 -3.840000e+02
         vertex -1.600000e+02 3.350000e+02 -3.520000e+02
      endloop
   endfacet
   facet normal 0.000000e+00 1.000000e+00 0.000000e+00
      outer loop
         vertex -1.600000e+02 3.350000e+02 -3.520000e+02
         vertex -2.085000e+02 3.350000e+02 -3.840000e+02
         vertex -2.085000e+02 3.350000e+02 -3.640000e+02
      endloop
   endfacet
   facet normal 0.000000e+00 1.000000e+00 -0.000000e+00
      outer loop
         vertex -1.600000e+02 3.350000e+02 -3.520000e+02
         vertex -2.085000e+02 3.350000e+02 -3.640000e+02
         vertex -1.500000e+02 3.350000e+02 -3.360000e+02
      endloop
   endfacet
   facet normal 0.000000e+00 1.000000e+00 0.000000e+00
      outer loop
         vertex -1.500000e+02 3.350000e+02 -3.360000e+02
         vertex -2.085000e+02 3.350000e+02 -3.640000e+02
         vertex -2.850000e+02 3.350000e+02 -3.360000e+02
      endloop
   endfacet
   facet normal 0.000000e+00 1.000000e+00 -0.000000e+00
      outer loop
         vertex -2.285000e+02 3.350000e+02 -3.840000e+02
         vertex -2.770000e+02 3.350000e+02 -3.840000e+02
         vertex -2.285000e+02 3.350000e+02 -3.640000e+02
      endloop
   endfacet
   facet normal 0.000000e+00 1.000000e+00 0.000000e+00
      outer loop
         vertex -2.285000e+02 3.350000e+02 -3.640000e+02
         vertex -2.770000e+02 3.350000e+02 -3.840000e+02
         vertex -2.770000e+02 3.350000e+02 -3.520000e+02
      endloop
   endfacet
   facet normal 0.000000e+00 1.000000e+00 0.000000e+00
      outer loop
         vertex -2.870000e+02 3.350000e+02 -3.520000e+02
         vertex -2.870000e+02 3.350000e+02 -3.360000e+02
         vertex -2.770000e+02 3.350000e+02 -3.520000e+02
      endloop
   endfacet
   facet normal 0.000000e+00 1.000000e+00 0.000000e+00
      outer loop
         vertex -2.770000e+02 3.350000e+02 -3.520000e+02
         vertex -2.870000e+02 3.350000e+02 -3.360000e+02
         vertex -2.850000e+02 3.350000e+02 -3.360000e+02
      endloop
   endfacet
   facet normal -0.000000e+00 1.000000e+00 -0.000000e+00
      outer loop
         vertex -2.770000e+02 3.350000e+02 -3.520000e+02
         vertex -2.850000e+02 3.350000e+02 -3.360000e+02
         vertex -2.285000e+02 3.350000e+02 -3.640000e+02
      endloop
   endfacet
   facet normal 0.000000e+00 1.000000e+00 -0.000000e+00
      outer loop
         vertex -2.285000e+02 3.350000e+02 -3.640000e+02
         vertex -2.850000e+02 3.350000e+02 -3.360000e+02
         vertex -2.085000e+02 3.350000e+02 -3.640000e+02
      endloop
   endfacet
   facet normal 0.000000e+00 0.000000e+00 1.000000e+00
      outer loop
         vertex -1.500000e+02 -2.900000e+02 -3.360000e+02
         vertex -2.850000e+02 -2.900000e+02 -3.360000e+02
         vertex -1.500000e+02 -3.350000e+02 -3.360000e+02
      endloop
   endfacet
   facet normal 0.000000e+00 0.000000e+00 1.000000e+00
      outer loop
         vertex -1.500000e+02 -3.350000e+02 -3.360000e+02
         vertex -2.850000e+02 -2.900000e+02 -3.360000e+02
         vertex -2.850000e+02 -3.350000e+02 -3.360000e+02
      endloop
   endfacet
   facet normal -0.000000e+00 0.000000e+00 1.000000e+00
      outer loop
         vertex 1.500000e+02 -2.900000e+02 -3.360000e+02
         vertex 1.500000e+02 -3.350000e+02 -3.360000e+02
         vertex 2.850000e+02 -2.900000e+02 -3.360000e+02
      endloop
   endfacet
   facet normal 0.000000e+00 0.000000e+00 1.000000e+00
      outer loop
         vertex 2.850000e+02 -2.900000e+02 -3.360000e+02
         vertex 1.500000e+02 -3.350000e+02 -3.360000e+02
         vertex 2.850000e+02 -3.350000e+02 -3.360000e+02
      endloop
   endfacet
   facet normal -1.000000e+00 0.000000e+00 0.000000e+00
      outer loop
         vertex 1.500000e+02 -2.900000e+02 -3.520000e+02
         vertex 1.500000e+02 -3.350000e+02 -3.520000e+02
         vertex 1.500000e+02 -2.900000e+02 -3.360000e+02
      endloop
   endfacet
   facet normal -1.000000e+00 -0.000000e+00 0.000000e+00
      outer loop
         vertex 1.500000e+02 -2.900000e+02 -3.360000e+02
         vertex 1.500000e+02 -3.350000e+02 -3.520000e+02
         vertex 1.500000e+02 -3.350000e+02 -3.360000e+02
      endloop
   endfacet
   facet normal 1.000000e+00 0.000000e+00 0.000000e+00
      outer loop
         vertex -1.500000e+02 -2.900000e+02 -3.360000e+02
         vertex -1.500000e+02 -3.350000e+02 -3.360000e+02
         vertex -1.500000e+02 -2.900000e+02 -3.520000e+02
      endloop
   endfacet
   facet normal 1.000000e+00 0.000000e+00 0.000000e+00
      outer loop
         vertex -1.500000e+02 -2.900000e+02 -3.520000e+02
         vertex -1.500000e+02 -3.350000e+02 -3.360000e+02
         vertex -1.500000e+02 -3.350000e+02 -3.520000e+02
      endloop
   endfacet
   facet normal -1.000000e+00 0.000000e+00 0.000000e+00
      outer loop
         vertex -2.870000e+02 -3.200000e+02 -3.520000e+02
         vertex -2.870000e+02 -3.350000e+02 -3.520000e+02
         vertex -2.870000e+02 -3.350000e+02 -3.360000e+02
      endloop
   endfacet
   facet normal -1.000000e+00 0.000000e+00 0.000000e+00
      outer loop
         vertex -2.870000e+02 -2.041421e+02 -3.406863e+02
         vertex -2.870000e+02 -1.900000e+02 -3.520000e+02
         vertex -2.870000e+02 -2.000000e+02 -3.520000e+02
      endloop
   endfacet
   facet normal -1.000000e+00 -0.000000e+00 -0.000000e+00
      outer loop
         vertex -2.870000e+02 -2.041421e+02 -3.406863e+02
         vertex -2.870000e+02 -2.000000e+02 -3.520000e+02
         vertex -2.870000e+02 -2.049930e+02 -3.400443e+02
      endloop
   endfacet
   facet normal -1.000000e+00 0.000000e+00 0.000000e+00
      outer loop
         vertex -2.870000e+02 -2.142954e+02 -3.363215e+02
         vertex -2.870000e+02 -2.107540e+02 -3.371774e+02
         vertex -2.870000e+02 -2.000000e+02 -3.520000e+02
      endloop
   endfacet
   facet normal -1.000000e+00 0.000000e+00 0.000000e+00
      outer loop
         vertex -2.870000e+02 -2.000000e+02 -3.520000e+02
         vertex -2.870000e+02 -2.107540e+02 -3.371774e+02
         vertex -2.870000e+02 -2.076025e+02 -3.384732e+02
      endloop
   endfacet
   facet normal -1.000000e+00 0.000000e+00 0.000000e+00
      outer loop
         vertex -2.870000e+02 -2.000000e+02 -3.520000e+02
         vertex -2.870000e+02 -2.076025e+02 -3.384732e+02
         vertex -2.870000e+02 -2.049930e+02 -3.400443e+02
      endloop
   endfacet
   facet normal -1.000000e+00 0.000000e+00 0.000000e+00
      outer loop
         vertex -2.870000e+02 -3.200000e+02 -3.520000e+02
         vertex -2.870000e+02 -3.350000e+02 -3.360000e+02
         vertex -2.870000e+02 -2.000000e+02 -3.520000e+02
      endloop
   endfacet
   facet normal -1.000000e+00 0.000000e+00 0.000000e+00
      outer loop
         vertex -2.870000e+02 -2.000000e+02 -3.520000e+02
         vertex -2.870000e+02 -3.350000e+02 -3.360000e+02
         vertex -2.870000e+02 -2.182843e+02 -3.360000e+02
      endloop
   endfacet
   facet normal -1.000000e+00 0.000000e+00 0.000000e+00
      outer loop
         vertex -2.870000e+02 -2.000000e+02 -3.520000e+02
         vertex -2.870000e+02 -2.182843e+02 -3.360000e+02
         vertex -2.870000e+02 -2.142954e+02 -3.363215e+02
      endloop
   endfacet
   facet normal 1.000000e+00 0.000000e+00 -0.000000e+00
      outer loop
         vertex 2.870000e+02 -2.000000e+02 -3.520000e+02
         vertex 2.870000e+02 -1.900000e+02 -3.520000e+02
         vertex 2.870000e+02 -2.041421e+02 -3.406863e+02
      endloop
   endfacet
   facet normal 1.000000e+00 0.000000e+00 0.000000e+00
      outer loop
         vertex 2.870000e+02 -2.126151e+02 -3.366563e+02
         vertex 2.870000e+02 -2.160045e+02 -3.361043e+02
         vertex 2.870000e+02 -2.000000e+02 -3.520000e+02
      endloop
   endfacet
   facet normal 1.000000e+00 0.000000e+00 0.000000e+00
      outer loop
         vertex 2.870000e+02 -2.000000e+02 -3.520000e+02
         vertex 2.870000e+02 -2.160045e+02 -3.361043e+02
         vertex 2.870000e+02 -2.182843e+02 -3.360000e+02
      endloop
   endfacet
   facet normal 1.000000e+00 0.000000e+00 0.000000e+00
      outer loop
         vertex 2.870000e+02 -2.000000e+02 -3.520000e+02
         vertex 2.870000e+02 -2.182843e+02 -3.360000e+02
         vertex 2.870000e+02 -3.200000e+02 -3.520000e+02
      endloop
   endfacet
   facet normal 1.000000e+00 0.000000e+00 -0.000000e+00
      outer loop
         vertex 2.870000e+02 -3.200000e+02 -3.520000e+02
         vertex 2.870000e+02 -2.182843e+02 -3.360000e+02
         vertex 2.870000e+02 -3.350000e+02 -3.360000e+02
      endloop
   endfacet
   facet normal 1.000000e+00 0.000000e+00 0.000000e+00
      outer loop
         vertex 2.870000e+02 -3.200000e+02 -3.520000e+02
         vertex 2.870000e+02 -3.350000e+02 -3.360000e+02
         vertex 2.870000e+02 -3.350000e+02 -3.520000e+02
      endloop
   endfacet
   facet normal 1.000000e+00 0.000000e+00 0.000000e+00
      outer loop
         vertex 2.870000e+02 -2.041421e+02 -3.406863e+02
         vertex 2.870000e+02 -2.066988e+02 -3.389579e+02
         vertex 2.870000e+02 -2.000000e+02 -3.520000e+02
      endloop
   endfacet
   facet normal 1.000000e+00 0.000000e+00 0.000000e+00
      outer loop
         vertex 2.870000e+02 -2.000000e+02 -3.520000e+02
         vertex 2.870000e+02 -2.066988e+02 -3.389579e+02
         vertex 2.870000e+02 -2.094725e+02 -3.376367e+02
      endloop
   endfacet
   facet normal 1.000000e+00 0.000000e+00 0.000000e+00
      outer loop
         vertex 2.870000e+02 -2.000000e+02 -3.520000e+02
         vertex 2.870000e+02 -2.094725e+02 -3.376367e+02
         vertex 2.870000e+02 -2.126151e+02 -3.366563e+02
      endloop
   endfacet
   facet normal 0.000000e+00 -1.000000e+00 0.000000e+00
      outer loop
         vertex 2.850000e+02 -3.400000e+02 -3.360000e+02
         vertex 2.950000e+02 -3.400000e+02 -3.360000e+02
         vertex 2.850000e+02 -3.400000e+02 -3.156658e+02
      endloop
   endfacet
   facet normal 0.000000e+00 -1.000000e+00 0.000000e+00
      outer loop
         vertex 2.850000e+02 -3.400000e+02 -3.156658e+02
         vertex 2.950000e+02 -3.400000e+02 -3.360000e+02
         vertex 2.950000e+02 -3.400000e+02 -3.120000e+02
      endloop
   endfacet
   facet normal 0.000000e+00 -1.000000e+00 0.000000e+00
      outer loop
         vertex 2.850000e+02 -3.400000e+02 -3.156658e+02
         vertex 2.950000e+02 -3.400000e+02 -3.120000e+02
         vertex 1.500000e+02 -3.400000e+02 -2.225623e+02
      endloop
   endfacet
   facet normal 0.000000e+00 -1.000000e+00 -0.000000e+00
      outer loop
         vertex 1.500000e+02 -3.400000e+02 -2.225623e+02
         vertex 1.200000e+02 -3.400000e+02 -3.120000e+02
         vertex 1.500000e+02 -3.400000e+02 -2.880000e+02
      endloop
   endfacet
   facet normal 0.000000e+00 -1.000000e+00 0.000000e+00
      outer loop
         vertex 1.500000e+02 -3.400000e+02 -2.880000e+02
         vertex 1.200000e+02 -3.400000e+02 -3.120000e+02
         vertex 1.216906e+02 -3.400000e+02 -3.119619e+02
      endloop
   endfacet
   facet normal 0.000000e+00 -1.000000e+00 0.000000e+00
      outer loop
         vertex 1.500000e+02 -3.400000e+02 -2.880000e+02
         vertex 1.216906e+02 -3.400000e+02 -3.119619e+02
         vertex 1.268491e+02 -3.400000e+02 -3.113662e+02
      endloop
   endfacet
   facet normal 0.000000e+00 -1.000000e+00 0.000000e+00
      outer loop
         vertex 8.875000e+01 -3.400000e+02 -1.770000e+02
         vertex 8.000000e+01 -3.400000e+02 -1.720000e+02
         vertex 6.000000e+01 -3.400000e+02 -1.720000e+02
      endloop
   endfacet
   facet normal -0.000000e+00 -1.000000e+00 -0.000000e+00
      outer loop
         vertex 9.750000e+01 -3.400000e+02 -1.820000e+02
         vertex 8.875000e+01 -3.400000e+02 -1.770000e+02
         vertex 1.200000e+02 -3.400000e+02 -3.120000e+02
      endloop
   endfacet
   facet normal 0.000000e+00 -1.000000e+00 0.000000e+00
      outer loop
         vertex 2.950000e+02 -3.400000e+02 -3.120000e+02
         vertex 1.500000e+02 -3.400000e+02 -2.120000e+02
         vertex 1.500000e+02 -3.400000e+02 -2.225623e+02
      endloop
   endfacet
   facet normal 0.000000e+00 -1.000000e+00 0.000000e+00
      outer loop
         vertex 1.500000e+02 -3.400000e+02 -2.225623e+02
         vertex 1.500000e+02 -3.400000e+02 -2.120000e+02
         vertex 1.325000e+02 -3.400000e+02 -2.020000e+02
      endloop
   endfacet
   facet normal -0.000000e+00 -1.000000e+00 0.000000e+00
      outer loop
         vertex 1.500000e+02 -3.400000e+02 -2.225623e+02
         vertex 1.325000e+02 -3.400000e+02 -2.020000e+02
         vertex 1.200000e+02 -3.400000e+02 -3.120000e+02
      endloop
   endfacet
   facet normal 0.000000e+00 -1.000000e+00 0.000000e+00
      outer loop
         vertex 1.200000e+02 -3.400000e+02 -3.120000e+02
         vertex 1.325000e+02 -3.400000e+02 -2.020000e+02
         vertex 1.150000e+02 -3.400000e+02 -1.920000e+02
      endloop
   endfacet
   facet normal 0.000000e+00 -1.000000e+00 0.000000e+00
      outer loop
         vertex 1.200000e+02 -3.400000e+02 -3.120000e+02
         vertex 1.150000e+02 -3.400000e+02 -1.920000e+02
         vertex 9.750000e+01 -3.400000e+02 -1.820000e+02
      endloop
   endfacet
   facet normal -0.000000e+00 -1.000000e+00 -0.000000e+00
      outer loop
         vertex 8.875000e+01 -3.400000e+02 -1.770000e+02
         vertex 6.000000e+01 -3.400000e+02 -1.720000e+02
         vertex 1.200000e+02 -3.400000e+02 -3.120000e+02
      endloop
   endfacet
   facet normal 0.000000e+00 -1.000000e+00 0.000000e+00
      outer loop
         vertex 1.200000e+02 -3.400000e+02 -3.120000e+02
         vertex 6.000000e+01 -3.400000e+02 -1.720000e+02
         vertex 4.000000e+01 -3.400000e+02 -1.720000e+02
      endloop
   endfacet
   facet normal 0.000000e+00 -1.000000e+00 0.000000e+00
      outer loop
         vertex 1.200000e+02 -3.400000e+02 -3.120000e+02
         vertex 4.000000e+01 -3.400000e+02 -1.720000e+02
         vertex 2.000000e+01 -3.400000e+02 -1.720000e+02
      endloop
   endfacet
   facet normal 0.000000e+00 -1.000000e+00 0.000000e+00
      outer loop
         vertex -1.496616e+02 -3.400000e+02 -2.915947e+02
         vertex -1.488398e+02 -3.400000e+02 -2.946097e+02
         vertex -1.200000e+02 -3.400000e+02 -3.120000e+02
      endloop
   endfacet
   facet normal 0.000000e+00 -1.000000e+00 0.000000e+00
      outer loop
         vertex -1.200000e+02 -3.400000e+02 -3.120000e+02
         vertex -1.488398e+02 -3.400000e+02 -2.946097e+02
         vertex -1.474859e+02 -3.400000e+02 -2.976174e+02
      endloop
   endfacet
   facet normal 0.000000e+00 -1.000000e+00 0.000000e+00
      outer loop
         vertex -1.200000e+02 -3.400000e+02 -3.120000e+02
         vertex -1.474859e+02 -3.400000e+02 -2.976174e+02
         vertex -1.461011e+02 -3.400000e+02 -2.998317e+02
      endloop
   endfacet
   facet normal 0.000000e+00 -1.000000e+00 -0.000000e+00
      outer loop
         vertex -2.000000e+01 -3.400000e+02 -1.720000e+02
         vertex -1.200000e+02 -3.400000e+02 -3.120000e+02
         vertex 3.165870e-14 -3.400000e+02 -1.720000e+02
      endloop
   endfacet
   facet normal 0.000000e+00 -1.000000e+00 -0.000000e+00
      outer loop
         vertex 3.165870e-14 -3.400000e+02 -1.720000e+02
         vertex -1.200000e+02 -3.400000e+02 -3.120000e+02
         vertex 1.200000e+02 -3.400000e+02 -3.120000e+02
      endloop
   endfacet
   facet normal 0.000000e+00 -1.000000e+00 0.000000e+00
      outer loop
         vertex 3.165870e-14 -3.400000e+02 -1.720000e+02
         vertex 1.200000e+02 -3.400000e+02 -3.120000e+02
         vertex 9.600000e+00 -3.400000e+02 -1.720000e+02
      endloop
   endfacet
   facet normal 0.000000e+00 -1.000000e+00 0.000000e+00
      outer loop
         vertex 9.600000e+00 -3.400000e+02 -1.720000e+02
         vertex 1.200000e+02 -3.400000e+02 -3.120000e+02
         vertex 2.000000e+01 -3.400000e+02 -1.720000e+02
      endloop
   endfacet
   facet normal 0.000000e+00 -1.000000e+00 0.000000e+00
      outer loop
         vertex -8.875000e+01 -3.400000e+02 -1.770000e+02
         vertex -9.750000e+01 -3.400000e+02 -1.820000e+02
         vertex -1.200000e+02 -3.400000e+02 -3.120000e+02
      endloop
   endfacet
   facet normal 0.000000e+00 -1.000000e+00 0.000000e+00
      outer loop
         vertex -1.200000e+02 -3.400000e+02 -3.120000e+02
         vertex -9.750000e+01 -3.400000e+02 -1.820000e+02
         vertex -1.150000e+02 -3.400000e+02 -1.920000e+02
      endloop
   endfacet
   facet normal 0.000000e+00 -1.000000e+00 0.000000e+00
      outer loop
         vertex -1.200000e+02 -3.400000e+02 -3.120000e+02
         vertex -1.150000e+02 -3.400000e+02 -1.920000e+02
         vertex -1.325000e+02 -3.400000e+02 -2.020000e+02
      endloop
   endfacet
   facet normal 0.000000e+00 -1.000000e+00 0.000000e+00
      outer loop
         vertex -2.950000e+02 -3.400000e+02 -3.360000e+02
         vertex -2.850000e+02 -3.400000e+02 -3.360000e+02
         vertex -2.950000e+02 -3.400000e+02 -3.120000e+02
      endloop
   endfacet
   facet normal 0.000000e+00 -1.000000e+00 0.000000e+00
      outer loop
         vertex -2.950000e+02 -3.400000e+02 -3.120000e+02
         vertex -2.850000e+02 -3.400000e+02 -3.360000e+02
         vertex -2.850000e+02 -3.400000e+02 -3.156658e+02
      endloop
   endfacet
   facet normal 0.000000e+00 -1.000000e+00 0.000000e+00
      outer loop
         vertex -2.950000e+02 -3.400000e+02 -3.120000e+02
         vertex -2.850000e+02 -3.400000e+02 -3.156658e+02
         vertex -1.500000e+02 -3.400000e+02 -2.120000e+02
      endloop
   endfacet
   facet normal 0.000000e+00 -1.000000e+00 -0.000000e+00
      outer loop
         vertex -1.500000e+02 -3.400000e+02 -2.120000e+02
         vertex -2.850000e+02 -3.400000e+02 -3.156658e+02
         vertex -1.500000e+02 -3.400000e+02 -2.225623e+02
      endloop
   endfacet
   facet normal 0.000000e+00 -1.000000e+00 0.000000e+00
      outer loop
         vertex -1.500000e+02 -3.400000e+02 -2.120000e+02
         vertex -1.500000e+02 -3.400000e+02 -2.225623e+02
         vertex -1.325000e+02 -3.400000e+02 -2.020000e+02
      endloop
   endfacet
   facet normal 0.000000e+00 -1.000000e+00 0.000000e+00
      outer loop
         vertex -1.325000e+02 -3.400000e+02 -2.020000e+02
         vertex -1.500000e+02 -3.400000e+02 -2.225623e+02
         vertex -1.500000e+02 -3.400000e+02 -2.880000e+02
      endloop
   endfacet
   facet normal 0.000000e+00 -1.000000e+00 -0.000000e+00
      outer loop
         vertex -1.325000e+02 -3.400000e+02 -2.020000e+02
         vertex -1.500000e+02 -3.400000e+02 -2.880000e+02
         vertex -1.200000e+02 -3.400000e+02 -3.120000e+02
      endloop
   endfacet
   facet normal 0.000000e+00 -1.000000e+00 0.000000e+00
      outer loop
         vertex -1.200000e+02 -3.400000e+02 -3.120000e+02
         vertex -1.500000e+02 -3.400000e+02 -2.880000e+02
         vertex -1.499913e+02 -3.400000e+02 -2.885783e+02
      endloop
   endfacet
   facet normal 0.000000e+00 -1.000000e+00 0.000000e+00
      outer loop
         vertex -1.200000e+02 -3.400000e+02 -3.120000e+02
         vertex -1.499913e+02 -3.400000e+02 -2.885783e+02
         vertex -1.496616e+02 -3.400000e+02 -2.915947e+02
      endloop
   endfacet
   facet normal 0.000000e+00 -1.000000e+00 0.000000e+00
      outer loop
         vertex 1.268491e+02 -3.400000e+02 -3.113662e+02
         vertex 1.317085e+02 -3.400000e+02 -3.100967e+02
         vertex 1.500000e+02 -3.400000e+02 -2.880000e+02
      endloop
   endfacet
   facet normal 0.000000e+00 -1.000000e+00 0.000000e+00
      outer loop
         vertex 1.500000e+02 -3.400000e+02 -2.880000e+02
         vertex 1.317085e+02 -3.400000e+02 -3.100967e+02
         vertex 1.360537e+02 -3.400000e+02 -3.082746e+02
      endloop
   endfacet
   facet normal 0.000000e+00 -1.000000e+00 0.000000e+00
      outer loop
         vertex 1.500000e+02 -3.400000e+02 -2.880000e+02
         vertex 1.360537e+02 -3.400000e+02 -3.082746e+02
         vertex 1.401728e+02 -3.400000e+02 -3.057639e+02
      endloop
   endfacet
   facet normal 0.000000e+00 -1.000000e+00 0.000000e+00
      outer loop
         vertex 1.456989e+02 -3.400000e+02 -3.003823e+02
         vertex 1.476657e+02 -3.400000e+02 -2.972816e+02
         vertex 1.489611e+02 -3.400000e+02 -2.942612e+02
      endloop
   endfacet
   facet normal 0.000000e+00 -1.000000e+00 -0.000000e+00
      outer loop
         vertex -8.000000e+01 -3.400000e+02 -1.720000e+02
         vertex -8.875000e+01 -3.400000e+02 -1.770000e+02
         vertex -6.000000e+01 -3.400000e+02 -1.720000e+02
      endloop
   endfacet
   facet normal 0.000000e+00 -1.000000e+00 0.000000e+00
      outer loop
         vertex -6.000000e+01 -3.400000e+02 -1.720000e+02
         vertex -8.875000e+01 -3.400000e+02 -1.770000e+02
         vertex -1.200000e+02 -3.400000e+02 -3.120000e+02
      endloop
   endfacet
   facet normal 0.000000e+00 -1.000000e+00 -0.000000e+00
      outer loop
         vertex -6.000000e+01 -3.400000e+02 -1.720000e+02
         vertex -1.200000e+02 -3.400000e+02 -3.120000e+02
         vertex -4.000000e+01 -3.400000e+02 -1.720000e+02
      endloop
   endfacet
   facet normal 0.000000e+00 -1.000000e+00 -0.000000e+00
      outer loop
         vertex -4.000000e+01 -3.400000e+02 -1.720000e+02
         vertex -1.200000e+02 -3.400000e+02 -3.120000e+02
         vertex -2.000000e+01 -3.400000e+02 -1.720000e+02
      endloop
   endfacet
   facet normal 0.000000e+00 -1.000000e+00 0.000000e+00
      outer loop
         vertex 1.401728e+02 -3.400000e+02 -3.057639e+02
         vertex 1.432483e+02 -3.400000e+02 -3.031687e+02
         vertex 1.500000e+02 -3.400000e+02 -2.880000e+02
      endloop
   endfacet
   facet normal 0.000000e+00 -1.000000e+00 0.000000e+00
      outer loop
         vertex 1.500000e+02 -3.400000e+02 -2.880000e+02
         vertex 1.432483e+02 -3.400000e+02 -3.031687e+02
         vertex 1.456989e+02 -3.400000e+02 -3.003823e+02
      endloop
   endfacet
   facet normal 0.000000e+00 -1.000000e+00 0.000000e+00
      outer loop
         vertex 1.500000e+02 -3.400000e+02 -2.880000e+02
         vertex 1.456989e+02 -3.400000e+02 -3.003823e+02
         vertex 1.497387e+02 -3.400000e+02 -2.911610e+02
      endloop
   endfacet
   facet normal 0.000000e+00 -1.000000e+00 0.000000e+00
      outer loop
         vertex 1.497387e+02 -3.400000e+02 -2.911610e+02
         vertex 1.456989e+02 -3.400000e+02 -3.003823e+02
         vertex 1.489611e+02 -3.400000e+02 -2.942612e+02
      endloop
   endfacet
   facet normal 0.000000e+00 -1.000000e+00 0.000000e+00
      outer loop
         vertex -1.405291e+02 -3.400000e+02 -3.055008e+02
         vertex -1.362461e+02 -3.400000e+02 -3.081762e+02
         vertex -1.436685e+02 -3.400000e+02 -3.027470e+02
      endloop
   endfacet
   facet normal 0.000000e+00 -1.000000e+00 0.000000e+00
      outer loop
         vertex -1.436685e+02 -3.400000e+02 -3.027470e+02
         vertex -1.362461e+02 -3.400000e+02 -3.081762e+02
         vertex -1.315538e+02 -3.400000e+02 -3.101487e+02
      endloop
   endfacet
   facet normal 0.000000e+00 -1.000000e+00 0.000000e+00
      outer loop
         vertex -1.436685e+02 -3.400000e+02 -3.027470e+02
         vertex -1.315538e+02 -3.400000e+02 -3.101487e+02
         vertex -1.461011e+02 -3.400000e+02 -2.998317e+02
      endloop
   endfacet
   facet normal 0.000000e+00 -1.000000e+00 0.000000e+00
      outer loop
         vertex -1.461011e+02 -3.400000e+02 -2.998317e+02
         vertex -1.315538e+02 -3.400000e+02 -3.101487e+02
         vertex -1.262700e+02 -3.400000e+02 -3.114700e+02
      endloop
   endfacet
   facet normal 0.000000e+00 -1.000000e+00 0.000000e+00
      outer loop
         vertex -1.461011e+02 -3.400000e+02 -2.998317e+02
         vertex -1.262700e+02 -3.400000e+02 -3.114700e+02
         vertex -1.200000e+02 -3.400000e+02 -3.120000e+02
      endloop
   endfacet
   facet normal -1.000000e+00 0.000000e+00 0.000000e+00
      outer loop
         vertex -1.500000e+02 -3.400000e+02 -2.880000e+02
         vertex -1.500000e+02 -3.400000e+02 -2.225623e+02
         vertex -1.500000e+02 -2.900000e+02 -2.880000e+02
      endloop
   endfacet
   facet normal -1.000000e+00 0.000000e+00 0.000000e+00
      outer loop
         vertex -1.500000e+02 -2.900000e+02 -2.880000e+02
         vertex -1.500000e+02 -3.400000e+02 -2.225623e+02
         vertex -1.500000e+02 -2.900000e+02 -2.225623e+02
      endloop
   endfacet
   facet normal 1.000000e+00 -0.000000e+00 0.000000e+00
      outer loop
         vertex 1.500000e+02 -3.400000e+02 -2.225623e+02
         vertex 1.500000e+02 -3.400000e+02 -2.880000e+02
         vertex 1.500000e+02 -2.900000e+02 -2.225623e+02
      endloop
   endfacet
   facet normal 1.000000e+00 0.000000e+00 0.000000e+00
      outer loop
         vertex 1.500000e+02 -2.900000e+02 -2.225623e+02
         vertex 1.500000e+02 -3.400000e+02 -2.880000e+02
         vertex 1.500000e+02 -2.900000e+02 -2.880000e+02
      endloop
   endfacet
   facet normal 1.000000e+00 0.000000e+00 -0.000000e+00
      outer loop
         vertex -2.850000e+02 -2.900000e+02 -3.360000e+02
         vertex -2.850000e+02 -2.900000e+02 -3.156658e+02
         vertex -2.850000e+02 -3.350000e+02 -3.360000e+02
      endloop
   endfacet
   facet normal 1.000000e+00 0.000000e+00 -0.000000e+00
      outer loop
         vertex -2.850000e+02 -3.350000e+02 -3.360000e+02
         vertex -2.850000e+02 -2.900000e+02 -3.156658e+02
         vertex -2.850000e+02 -3.400000e+02 -3.156658e+02
      endloop
   endfacet
   facet normal 1.000000e+00 0.000000e+00 0.000000e+00
      outer loop
         vertex -2.850000e+02 -3.350000e+02 -3.360000e+02
         vertex -2.850000e+02 -3.400000e+02 -3.156658e+02
         vertex -2.850000e+02 -3.400000e+02 -3.360000e+02
      endloop
   endfacet
   facet normal 1.000000e+00 0.000000e+00 0.000000e+00
      outer loop
         vertex 1.500000e+02 -3.400000e+02 -2.120000e+02
         vertex 1.500000e+02 -2.460861e+02 -2.120000e+02
         vertex 1.500000e+02 -2.822497e+02 -1.620000e+02
      endloop
   endfacet
   facet normal 1.000000e+00 -0.000000e+00 0.000000e+00
      outer loop
         vertex 1.500000e+02 -2.822497e+02 -1.620000e+02
         vertex 1.500000e+02 -2.460861e+02 -2.120000e+02
         vertex 1.500000e+02 -2.460861e+02 -1.520000e+02
      endloop
   endfacet
   facet normal 1.000000e+00 0.000000e+00 0.000000e+00
      outer loop
         vertex 1.500000e+02 -2.822497e+02 -1.620000e+02
         vertex 1.500000e+02 -2.460861e+02 -1.520000e+02
         vertex 1.500000e+02 -2.244994e+02 -1.120000e+02
      endloop
   endfacet
   facet normal 3.204522e-01 -6.174021e-01 7.184184e-01
      outer loop
         vertex 1.332114e+02 -2.610368e+02 -1.345000e+02
         vertex 1.331060e+02 -2.349102e+02 -1.120000e+02
         vertex 1.154917e+02 -2.440526e+02 -1.120000e+02
      endloop
   endfacet
   facet normal 3.649536e-01 -5.492388e-01 7.517617e-01
      outer loop
         vertex 8.000000e+01 -3.194690e+02 -1.570000e+02
         vertex 8.000000e+01 -3.400000e+02 -1.720000e+02
         vertex 8.887167e+01 -3.187068e+02 -1.607500e+02
      endloop
   endfacet
   facet normal 4.130464e-01 -5.539916e-01 7.228319e-01
      outer loop
         vertex 8.887167e+01 -3.187068e+02 -1.607500e+02
         vertex 8.000000e+01 -3.400000e+02 -1.720000e+02
         vertex 8.875000e+01 -3.400000e+02 -1.770000e+02
      endloop
   endfacet
   facet normal 3.671889e-01 -5.656178e-01 7.384097e-01
      outer loop
         vertex 8.887167e+01 -3.187068e+02 -1.607500e+02
         vertex 8.875000e+01 -3.400000e+02 -1.770000e+02
         vertex 9.771437e+01 -3.178619e+02 -1.645000e+02
      endloop
   endfacet
   facet normal 4.081438e-01 -5.685615e-01 7.142523e-01
      outer loop
         vertex 9.771437e+01 -3.178619e+02 -1.645000e+02
         vertex 8.875000e+01 -3.400000e+02 -1.770000e+02
         vertex 9.750000e+01 -3.400000e+02 -1.820000e+02
      endloop
   endfacet
   facet normal 4.081437e-01 -5.685616e-01 7.142524e-01
      outer loop
         vertex 9.771437e+01 -3.178619e+02 -1.645000e+02
         vertex 9.750000e+01 -3.400000e+02 -1.820000e+02
         vertex 1.150000e+02 -3.400000e+02 -1.920000e+02
      endloop
   endfacet
   facet normal 1.911394e-01 -5.790523e-01 7.925681e-01
      outer loop
         vertex 8.000000e+01 -2.578759e+02 -1.120000e+02
         vertex 8.000000e+01 -2.784069e+02 -1.270000e+02
         vertex 8.923665e+01 -2.548270e+02 -1.120000e+02
      endloop
   endfacet
   facet normal 2.528572e-01 -5.878686e-01 7.684229e-01
      outer loop
         vertex 8.923665e+01 -2.548270e+02 -1.120000e+02
         vertex 8.000000e+01 -2.784069e+02 -1.270000e+02
         vertex 8.911499e+01 -2.761203e+02 -1.282500e+02
      endloop
   endfacet
   facet normal 2.181902e-01 -5.928412e-01 7.751983e-01
      outer loop
         vertex 8.923665e+01 -2.548270e+02 -1.120000e+02
         vertex 8.911499e+01 -2.761203e+02 -1.282500e+02
         vertex 9.725337e+01 -2.518765e+02 -1.120000e+02
      endloop
   endfacet
   facet normal 2.721235e-01 -5.971256e-01 7.545793e-01
      outer loop
         vertex 9.725337e+01 -2.518765e+02 -1.120000e+02
         vertex 8.911499e+01 -2.761203e+02 -1.282500e+02
         vertex 9.814312e+01 -2.735856e+02 -1.295000e+02
      endloop
   endfacet
   facet normal 2.465634e-01 -6.020731e-01 7.594172e-01
      outer loop
         vertex 9.725337e+01 -2.518765e+02 -1.120000e+02
         vertex 9.814312e+01 -2.735856e+02 -1.295000e+02
         vertex 1.073507e+02 -2.477414e+02 -1.120000e+02
      endloop
   endfacet
   facet normal 2.919948e-01 -6.053994e-01 7.404259e-01
      outer loop
         vertex 1.073507e+02 -2.477414e+02 -1.120000e+02
         vertex 9.814312e+01 -2.735856e+02 -1.295000e+02
         vertex 1.070755e+02 -2.708061e+02 -1.307500e+02
      endloop
   endfacet
   facet normal 2.756474e-01 -6.083346e-01 7.442765e-01
      outer loop
         vertex 1.073507e+02 -2.477414e+02 -1.120000e+02
         vertex 1.070755e+02 -2.708061e+02 -1.307500e+02
         vertex 1.154917e+02 -2.440526e+02 -1.120000e+02
      endloop
   endfacet
   facet normal 3.116858e-01 -6.091388e-01 7.292475e-01
      outer loop
         vertex 1.154917e+02 -2.440526e+02 -1.120000e+02
         vertex 1.070755e+02 -2.708061e+02 -1.307500e+02
         vertex 1.159034e+02 -2.677855e+02 -1.320000e+02
      endloop
   endfacet
   facet normal 3.393286e-01 -6.027242e-01 7.222047e-01
      outer loop
         vertex 1.154917e+02 -2.440526e+02 -1.120000e+02
         vertex 1.159034e+02 -2.677855e+02 -1.320000e+02
         vertex 1.332114e+02 -2.610368e+02 -1.345000e+02
      endloop
   endfacet
   facet normal 3.965825e-01 -6.008808e-01 6.940206e-01
      outer loop
         vertex 1.500000e+02 -3.400000e+02 -2.120000e+02
         vertex 1.500000e+02 -2.822497e+02 -1.620000e+02
         vertex 1.325000e+02 -3.400000e+02 -2.020000e+02
      endloop
   endfacet
   facet normal 3.858862e-01 -6.014558e-01 6.995304e-01
      outer loop
         vertex 1.325000e+02 -3.400000e+02 -2.020000e+02
         vertex 1.500000e+02 -2.822497e+02 -1.620000e+02
         vertex 1.329743e+02 -2.873579e+02 -1.570000e+02
      endloop
   endfacet
   facet normal 3.795783e-01 -6.031211e-01 7.015449e-01
      outer loop
         vertex 1.325000e+02 -3.400000e+02 -2.020000e+02
         vertex 1.329743e+02 -2.873579e+02 -1.570000e+02
         vertex 1.153011e+02 -3.159285e+02 -1.720000e+02
      endloop
   endfacet
   facet normal 3.608669e-01 -5.986656e-01 7.151046e-01
      outer loop
         vertex 1.153011e+02 -3.159285e+02 -1.720000e+02
         vertex 1.329743e+02 -2.873579e+02 -1.570000e+02
         vertex 1.156023e+02 -2.918570e+02 -1.520000e+02
      endloop
   endfacet
   facet normal 3.365284e-01 -6.042734e-01 7.222204e-01
      outer loop
         vertex 1.153011e+02 -3.159285e+02 -1.720000e+02
         vertex 1.156023e+02 -2.918570e+02 -1.520000e+02
         vertex 9.792875e+01 -2.957237e+02 -1.470000e+02
      endloop
   endfacet
   facet normal 3.086210e-01 -5.611312e-01 7.680396e-01
      outer loop
         vertex 8.000000e+01 -2.989380e+02 -1.420000e+02
         vertex 8.000000e+01 -3.194690e+02 -1.570000e+02
         vertex 8.899333e+01 -2.974135e+02 -1.445000e+02
      endloop
   endfacet
   facet normal 3.615747e-01 -5.669295e-01 7.401721e-01
      outer loop
         vertex 8.899333e+01 -2.974135e+02 -1.445000e+02
         vertex 8.000000e+01 -3.194690e+02 -1.570000e+02
         vertex 8.887167e+01 -3.187068e+02 -1.607500e+02
      endloop
   endfacet
   facet normal 3.194506e-01 -5.760353e-01 7.524192e-01
      outer loop
         vertex 8.899333e+01 -2.974135e+02 -1.445000e+02
         vertex 8.887167e+01 -3.187068e+02 -1.607500e+02
         vertex 9.792875e+01 -2.957237e+02 -1.470000e+02
      endloop
   endfacet
   facet normal 3.644611e-01 -5.796516e-01 7.288156e-01
      outer loop
         vertex 9.792875e+01 -2.957237e+02 -1.470000e+02
         vertex 8.887167e+01 -3.187068e+02 -1.607500e+02
         vertex 9.771437e+01 -3.178619e+02 -1.645000e+02
      endloop
   endfacet
   facet normal 3.731335e-01 -5.775693e-01 7.260751e-01
      outer loop
         vertex 9.792875e+01 -2.957237e+02 -1.470000e+02
         vertex 9.771437e+01 -3.178619e+02 -1.645000e+02
         vertex 1.153011e+02 -3.159285e+02 -1.720000e+02
      endloop
   endfacet
   facet normal 3.694223e-01 -5.965832e-01 7.124715e-01
      outer loop
         vertex 1.153011e+02 -3.159285e+02 -1.720000e+02
         vertex 9.771437e+01 -3.178619e+02 -1.645000e+02
         vertex 1.150000e+02 -3.400000e+02 -1.920000e+02
      endloop
   endfacet
   facet normal 4.011853e-01 -5.883405e-01 7.020725e-01
      outer loop
         vertex 1.153011e+02 -3.159285e+02 -1.720000e+02
         vertex 1.150000e+02 -3.400000e+02 -1.920000e+02
         vertex 1.325000e+02 -3.400000e+02 -2.020000e+02
      endloop
   endfacet
   facet normal 2.504791e-01 -5.711226e-01 7.817156e-01
      outer loop
         vertex 8.000000e+01 -2.784069e+02 -1.270000e+02
         vertex 8.000000e+01 -2.989380e+02 -1.420000e+02
         vertex 8.911499e+01 -2.761203e+02 -1.282500e+02
      endloop
   endfacet
   facet normal 3.080290e-01 -5.782845e-01 7.554503e-01
      outer loop
         vertex 8.911499e+01 -2.761203e+02 -1.282500e+02
         vertex 8.000000e+01 -2.989380e+02 -1.420000e+02
         vertex 8.899333e+01 -2.974135e+02 -1.445000e+02
      endloop
   endfacet
   facet normal 2.701393e-01 -5.850908e-01 7.646525e-01
      outer loop
         vertex 8.911499e+01 -2.761203e+02 -1.282500e+02
         vertex 8.899333e+01 -2.974135e+02 -1.445000e+02
         vertex 9.814312e+01 -2.735856e+02 -1.295000e+02
      endloop
   endfacet
   facet normal 3.190973e-01 -5.896159e-01 7.419771e-01
      outer loop
         vertex 9.814312e+01 -2.735856e+02 -1.295000e+02
         vertex 8.899333e+01 -2.974135e+02 -1.445000e+02
         vertex 9.792875e+01 -2.957237e+02 -1.470000e+02
      endloop
   endfacet
   facet normal 2.900761e-01 -5.951992e-01 7.493956e-01
      outer loop
         vertex 9.814312e+01 -2.735856e+02 -1.295000e+02
         vertex 9.792875e+01 -2.957237e+02 -1.470000e+02
         vertex 1.070755e+02 -2.708061e+02 -1.307500e+02
      endloop
   endfacet
   facet normal 3.366168e-01 -5.979528e-01 7.274212e-01
      outer loop
         vertex 1.070755e+02 -2.708061e+02 -1.307500e+02
         vertex 9.792875e+01 -2.957237e+02 -1.470000e+02
         vertex 1.156023e+02 -2.918570e+02 -1.520000e+02
      endloop
   endfacet
   facet normal 3.117648e-01 -6.095130e-01 7.289010e-01
      outer loop
         vertex 1.070755e+02 -2.708061e+02 -1.307500e+02
         vertex 1.156023e+02 -2.918570e+02 -1.520000e+02
         vertex 1.159034e+02 -2.677855e+02 -1.320000e+02
      endloop
   endfacet
   facet normal 3.608668e-01 -5.986649e-01 7.151052e-01
      outer loop
         vertex 1.159034e+02 -2.677855e+02 -1.320000e+02
         vertex 1.156023e+02 -2.918570e+02 -1.520000e+02
         vertex 1.329743e+02 -2.873579e+02 -1.570000e+02
      endloop
   endfacet
   facet normal 3.417590e-01 -6.124289e-01 7.128335e-01
      outer loop
         vertex 1.159034e+02 -2.677855e+02 -1.320000e+02
         vertex 1.329743e+02 -2.873579e+02 -1.570000e+02
         vertex 1.332114e+02 -2.610368e+02 -1.345000e+02
      endloop
   endfacet
   facet normal 3.858862e-01 -6.014551e-01 6.995310e-01
      outer loop
         vertex 1.332114e+02 -2.610368e+02 -1.345000e+02
         vertex 1.329743e+02 -2.873579e+02 -1.570000e+02
         vertex 1.500000e+02 -2.822497e+02 -1.620000e+02
      endloop
   endfacet
   facet normal 3.866518e-01 -6.009093e-01 6.995773e-01
      outer loop
         vertex 1.332114e+02 -2.610368e+02 -1.345000e+02
         vertex 1.500000e+02 -2.822497e+02 -1.620000e+02
         vertex 1.331060e+02 -2.349102e+02 -1.120000e+02
      endloop
   endfacet
   facet normal 3.740772e-01 -6.070325e-01 7.011261e-01
      outer loop
         vertex 1.331060e+02 -2.349102e+02 -1.120000e+02
         vertex 1.500000e+02 -2.822497e+02 -1.620000e+02
         vertex 1.500000e+02 -2.244994e+02 -1.120000e+02
      endloop
   endfacet
   facet normal 8.362601e-02 -5.878619e-01 8.046273e-01
      outer loop
         vertex 7.018513e+01 -3.003342e+02 -1.420000e+02
         vertex 8.000000e+01 -2.989380e+02 -1.420000e+02
         vertex 8.000000e+01 -2.784069e+02 -1.270000e+02
      endloop
   endfacet
   facet normal -1.163850e-01 -6.308741e-01 7.671065e-01
      outer loop
         vertex -4.051382e+01 -2.851878e+02 -1.270000e+02
         vertex -4.068509e+01 -2.669171e+02 -1.120000e+02
         vertex -5.723401e+01 -2.638641e+02 -1.120000e+02
      endloop
   endfacet
   facet normal -1.745840e-01 -5.808689e-01 7.950546e-01
      outer loop
         vertex -7.543094e+01 -2.592492e+02 -1.120000e+02
         vertex -8.000000e+01 -2.578759e+02 -1.120000e+02
         vertex -8.000000e+01 -2.784069e+02 -1.270000e+02
      endloop
   endfacet
   facet normal 3.707147e-02 -6.463467e-01 7.621428e-01
      outer loop
         vertex 2.032252e+01 -2.869195e+02 -1.270000e+02
         vertex 2.021501e+01 -3.046130e+02 -1.420000e+02
         vertex 4.034255e+01 -3.034585e+02 -1.420000e+02
      endloop
   endfacet
   facet normal 1.525274e-01 -6.088363e-01 7.784945e-01
      outer loop
         vertex 7.037026e+01 -2.606684e+02 -1.120000e+02
         vertex 6.083224e+01 -2.630579e+02 -1.120000e+02
         vertex 6.044641e+01 -2.823344e+02 -1.270000e+02
      endloop
   endfacet
   facet normal -8.362604e-02 -5.878621e-01 8.046272e-01
      outer loop
         vertex -7.018513e+01 -3.003342e+02 -1.420000e+02
         vertex -8.000000e+01 -2.989380e+02 -1.420000e+02
         vertex -8.000000e+01 -3.194690e+02 -1.570000e+02
      endloop
   endfacet
   facet normal 0.000000e+00 -6.152091e-01 7.883639e-01
      outer loop
         vertex -4.000000e+01 -3.400000e+02 -1.720000e+02
         vertex -6.014880e+01 -3.207781e+02 -1.570000e+02
         vertex -6.000000e+01 -3.400000e+02 -1.720000e+02
      endloop
   endfacet
   facet normal -4.055161e-02 -6.148982e-01 7.875632e-01
      outer loop
         vertex -6.000000e+01 -3.400000e+02 -1.720000e+02
         vertex -6.014880e+01 -3.207781e+02 -1.570000e+02
         vertex -8.000000e+01 -3.194690e+02 -1.570000e+02
      endloop
   endfacet
   facet normal 0.000000e+00 -5.899287e-01 8.074553e-01
      outer loop
         vertex -6.000000e+01 -3.400000e+02 -1.720000e+02
         vertex -8.000000e+01 -3.194690e+02 -1.570000e+02
         vertex -8.000000e+01 -3.400000e+02 -1.720000e+02
      endloop
   endfacet
   facet normal -7.314477e-02 -5.917836e-01 8.027715e-01
      outer loop
         vertex -7.018513e+01 -3.003342e+02 -1.420000e+02
         vertex -8.000000e+01 -3.194690e+02 -1.570000e+02
         vertex -6.029760e+01 -3.015563e+02 -1.420000e+02
      endloop
   endfacet
   facet normal -4.055160e-02 -6.148980e-01 7.875633e-01
      outer loop
         vertex -6.029760e+01 -3.015563e+02 -1.420000e+02
         vertex -8.000000e+01 -3.194690e+02 -1.570000e+02
         vertex -6.014880e+01 -3.207781e+02 -1.570000e+02
      endloop
   endfacet
   facet normal -2.928458e-02 -6.150860e-01 7.879160e-01
      outer loop
         vertex -6.029760e+01 -3.015563e+02 -1.420000e+02
         vertex -6.014880e+01 -3.207781e+02 -1.570000e+02
         vertex -4.017127e+01 -3.217293e+02 -1.570000e+02
      endloop
   endfacet
   facet normal -3.020484e-02 -6.344148e-01 7.724024e-01
      outer loop
         vertex -4.017127e+01 -3.217293e+02 -1.570000e+02
         vertex -6.014880e+01 -3.207781e+02 -1.570000e+02
         vertex -4.000000e+01 -3.400000e+02 -1.720000e+02
      endloop
   endfacet
   facet normal 0.000000e+00 -6.345352e-01 7.728940e-01
      outer loop
         vertex -4.017127e+01 -3.217293e+02 -1.570000e+02
         vertex -4.000000e+01 -3.400000e+02 -1.720000e+02
         vertex -2.000000e+01 -3.400000e+02 -1.720000e+02
      endloop
   endfacet
   facet normal 4.153298e-02 -5.894195e-01 8.067588e-01
      outer loop
         vertex 8.000000e+01 -3.194690e+02 -1.570000e+02
         vertex 8.000000e+01 -2.989380e+02 -1.420000e+02
         vertex 7.009257e+01 -3.201671e+02 -1.570000e+02
      endloop
   endfacet
   facet normal 8.553244e-02 -6.012635e-01 7.944598e-01
      outer loop
         vertex 7.009257e+01 -3.201671e+02 -1.570000e+02
         vertex 8.000000e+01 -2.989380e+02 -1.420000e+02
         vertex 7.018513e+01 -3.003342e+02 -1.420000e+02
      endloop
   endfacet
   facet normal 3.704874e-02 -6.029160e-01 7.969440e-01
      outer loop
         vertex 7.009257e+01 -3.201671e+02 -1.570000e+02
         vertex 7.018513e+01 -3.003342e+02 -1.420000e+02
         vertex 6.014880e+01 -3.207781e+02 -1.570000e+02
      endloop
   endfacet
   facet normal 0.000000e+00 -6.345352e-01 7.728940e-01
      outer loop
         vertex 4.000000e+01 -3.400000e+02 -1.720000e+02
         vertex 6.000000e+01 -3.400000e+02 -1.720000e+02
         vertex 4.017127e+01 -3.217293e+02 -1.570000e+02
      endloop
   endfacet
   facet normal 2.928459e-02 -6.150862e-01 7.879159e-01
      outer loop
         vertex 4.017127e+01 -3.217293e+02 -1.570000e+02
         vertex 6.000000e+01 -3.400000e+02 -1.720000e+02
         vertex 6.014880e+01 -3.207781e+02 -1.570000e+02
      endloop
   endfacet
   facet normal 1.238104e-02 -6.466543e-01 7.626827e-01
      outer loop
         vertex 2.032252e+01 -2.869195e+02 -1.270000e+02
         vertex 2.255141e-14 -3.050000e+02 -1.420000e+02
         vertex 2.021501e+01 -3.046130e+02 -1.420000e+02
      endloop
   endfacet
   facet normal 1.242164e-02 -6.487750e-01 7.608789e-01
      outer loop
         vertex 2.021501e+01 -3.046130e+02 -1.420000e+02
         vertex 2.255141e-14 -3.050000e+02 -1.420000e+02
         vertex 9.600000e+00 -3.400000e+02 -1.720000e+02
      endloop
   endfacet
   facet normal 0.000000e+00 -6.466595e-01 7.627788e-01
      outer loop
         vertex 2.021501e+01 -3.046130e+02 -1.420000e+02
         vertex 9.600000e+00 -3.400000e+02 -1.720000e+02
         vertex 2.000000e+01 -3.400000e+02 -1.720000e+02
      endloop
   endfacet
   facet normal 9.651819e-02 -6.124576e-01 7.845890e-01
      outer loop
         vertex 6.044641e+01 -2.823344e+02 -1.270000e+02
         vertex 6.083224e+01 -2.630579e+02 -1.120000e+02
         vertex 5.052016e+01 -2.838987e+02 -1.270000e+02
      endloop
   endfacet
   facet normal 1.311112e-01 -6.210415e-01 7.727336e-01
      outer loop
         vertex 5.052016e+01 -2.838987e+02 -1.270000e+02
         vertex 6.083224e+01 -2.630579e+02 -1.120000e+02
         vertex 5.069354e+01 -2.651983e+02 -1.120000e+02
      endloop
   endfacet
   facet normal 8.040576e-02 -6.241310e-01 7.771714e-01
      outer loop
         vertex 5.052016e+01 -2.838987e+02 -1.270000e+02
         vertex 5.069354e+01 -2.651983e+02 -1.120000e+02
         vertex 4.051382e+01 -2.851878e+02 -1.270000e+02
      endloop
   endfacet
   facet normal 1.092861e-01 -6.316130e-01 7.675425e-01
      outer loop
         vertex 4.051382e+01 -2.851878e+02 -1.270000e+02
         vertex 5.069354e+01 -2.651983e+02 -1.120000e+02
         vertex 4.135499e+01 -2.668141e+02 -1.120000e+02
      endloop
   endfacet
   facet normal 9.715446e-02 -6.320769e-01 7.687911e-01
      outer loop
         vertex 4.051382e+01 -2.851878e+02 -1.270000e+02
         vertex 4.135499e+01 -2.668141e+02 -1.120000e+02
         vertex 4.068509e+01 -2.669171e+02 -1.120000e+02
      endloop
   endfacet
   facet normal 1.724488e-01 -5.946952e-01 7.852382e-01
      outer loop
         vertex 8.000000e+01 -2.578759e+02 -1.120000e+02
         vertex 7.037026e+01 -2.606684e+02 -1.120000e+02
         vertex 7.027770e+01 -2.805013e+02 -1.270000e+02
      endloop
   endfacet
   facet normal 1.118327e-01 -5.997685e-01 7.923201e-01
      outer loop
         vertex 7.027770e+01 -2.805013e+02 -1.270000e+02
         vertex 7.037026e+01 -2.606684e+02 -1.120000e+02
         vertex 6.044641e+01 -2.823344e+02 -1.270000e+02
      endloop
   endfacet
   facet normal 1.140653e-01 -6.117421e-01 7.827903e-01
      outer loop
         vertex 7.027770e+01 -2.805013e+02 -1.270000e+02
         vertex 6.044641e+01 -2.823344e+02 -1.270000e+02
         vertex 6.029760e+01 -3.015563e+02 -1.420000e+02
      endloop
   endfacet
   facet normal 9.657180e-02 -6.127978e-01 7.843167e-01
      outer loop
         vertex 6.029760e+01 -3.015563e+02 -1.420000e+02
         vertex 6.044641e+01 -2.823344e+02 -1.270000e+02
         vertex 5.052016e+01 -2.838987e+02 -1.270000e+02
      endloop
   endfacet
   facet normal 5.975490e-02 -6.268424e-01 7.768513e-01
      outer loop
         vertex 6.029760e+01 -3.015563e+02 -1.420000e+02
         vertex 5.052016e+01 -2.838987e+02 -1.270000e+02
         vertex 4.034255e+01 -3.034585e+02 -1.420000e+02
      endloop
   endfacet
   facet normal 8.153271e-02 -6.328787e-01 7.699461e-01
      outer loop
         vertex 4.034255e+01 -3.034585e+02 -1.420000e+02
         vertex 5.052016e+01 -2.838987e+02 -1.270000e+02
         vertex 4.051382e+01 -2.851878e+02 -1.270000e+02
      endloop
   endfacet
   facet normal 5.436515e-02 -6.339008e-01 7.715013e-01
      outer loop
         vertex 4.034255e+01 -3.034585e+02 -1.420000e+02
         vertex 4.051382e+01 -2.851878e+02 -1.270000e+02
         vertex 2.032252e+01 -2.869195e+02 -1.270000e+02
      endloop
   endfacet
   facet normal 5.436515e-02 -6.339008e-01 7.715013e-01
      outer loop
         vertex 2.032252e+01 -2.869195e+02 -1.270000e+02
         vertex 4.051382e+01 -2.851878e+02 -1.270000e+02
         vertex 4.068509e+01 -2.669171e+02 -1.120000e+02
      endloop
   endfacet
   facet normal 7.501888e-02 -6.460202e-01 7.596249e-01
      outer loop
         vertex 2.032252e+01 -2.869195e+02 -1.270000e+02
         vertex 4.068509e+01 -2.669171e+02 -1.120000e+02
         vertex 2.156407e+01 -2.691375e+02 -1.120000e+02
      endloop
   endfacet
   facet normal -5.539108e-02 -6.458631e-01 7.614412e-01
      outer loop
         vertex -2.021501e+01 -3.046130e+02 -1.420000e+02
         vertex -2.032252e+01 -2.869195e+02 -1.270000e+02
         vertex -4.051382e+01 -2.851878e+02 -1.270000e+02
      endloop
   endfacet
   facet normal -1.636792e-01 -5.836762e-01 7.953183e-01
      outer loop
         vertex -7.543094e+01 -2.592492e+02 -1.120000e+02
         vertex -8.000000e+01 -2.784069e+02 -1.270000e+02
         vertex -7.037026e+01 -2.606684e+02 -1.120000e+02
      endloop
   endfacet
   facet normal -1.289404e-01 -5.985677e-01 7.906270e-01
      outer loop
         vertex -7.037026e+01 -2.606684e+02 -1.120000e+02
         vertex -8.000000e+01 -2.784069e+02 -1.270000e+02
         vertex -7.027770e+01 -2.805013e+02 -1.270000e+02
      endloop
   endfacet
   facet normal -1.452967e-01 -5.972505e-01 7.887844e-01
      outer loop
         vertex -7.037026e+01 -2.606684e+02 -1.120000e+02
         vertex -7.027770e+01 -2.805013e+02 -1.270000e+02
         vertex -5.723401e+01 -2.638641e+02 -1.120000e+02
      endloop
   endfacet
   facet normal -1.145211e-01 -6.141866e-01 7.808071e-01
      outer loop
         vertex -5.723401e+01 -2.638641e+02 -1.120000e+02
         vertex -7.027770e+01 -2.805013e+02 -1.270000e+02
         vertex -6.044641e+01 -2.823344e+02 -1.270000e+02
      endloop
   endfacet
   facet normal -8.855528e-02 -6.186093e-01 7.806923e-01
      outer loop
         vertex -5.723401e+01 -2.638641e+02 -1.120000e+02
         vertex -6.044641e+01 -2.823344e+02 -1.270000e+02
         vertex -4.051382e+01 -2.851878e+02 -1.270000e+02
      endloop
   endfacet
   facet normal -9.053458e-02 -6.324358e-01 7.693039e-01
      outer loop
         vertex -4.051382e+01 -2.851878e+02 -1.270000e+02
         vertex -6.044641e+01 -2.823344e+02 -1.270000e+02
         vertex -4.034255e+01 -3.034585e+02 -1.420000e+02
      endloop
   endfacet
   facet normal -3.638159e-02 -6.343184e-01 7.722153e-01
      outer loop
         vertex -4.051382e+01 -2.851878e+02 -1.270000e+02
         vertex -4.034255e+01 -3.034585e+02 -1.420000e+02
         vertex -2.021501e+01 -3.046130e+02 -1.420000e+02
      endloop
   endfacet
   facet normal 3.778832e-02 -6.149515e-01 7.876590e-01
      outer loop
         vertex 6.014880e+01 -3.207781e+02 -1.570000e+02
         vertex 6.000000e+01 -3.400000e+02 -1.720000e+02
         vertex 7.009257e+01 -3.201671e+02 -1.570000e+02
      endloop
   endfacet
   facet normal 0.000000e+00 -6.032209e-01 7.975742e-01
      outer loop
         vertex 7.009257e+01 -3.201671e+02 -1.570000e+02
         vertex 6.000000e+01 -3.400000e+02 -1.720000e+02
         vertex 8.000000e+01 -3.400000e+02 -1.720000e+02
      endloop
   endfacet
   facet normal 4.153299e-02 -5.894197e-01 8.067586e-01
      outer loop
         vertex 7.009257e+01 -3.201671e+02 -1.570000e+02
         vertex 8.000000e+01 -3.400000e+02 -1.720000e+02
         vertex 8.000000e+01 -3.194690e+02 -1.570000e+02
      endloop
   endfacet
   facet normal -1.260655e-01 -5.852218e-01 8.010137e-01
      outer loop
         vertex -8.000000e+01 -2.784069e+02 -1.270000e+02
         vertex -8.000000e+01 -2.989380e+02 -1.420000e+02
         vertex -7.027770e+01 -2.805013e+02 -1.270000e+02
      endloop
   endfacet
   facet normal -8.553250e-02 -6.012638e-01 7.944596e-01
      outer loop
         vertex -7.027770e+01 -2.805013e+02 -1.270000e+02
         vertex -8.000000e+01 -2.989380e+02 -1.420000e+02
         vertex -7.018513e+01 -3.003342e+02 -1.420000e+02
      endloop
   endfacet
   facet normal -1.118327e-01 -5.997685e-01 7.923201e-01
      outer loop
         vertex -7.027770e+01 -2.805013e+02 -1.270000e+02
         vertex -7.018513e+01 -3.003342e+02 -1.420000e+02
         vertex -6.044641e+01 -2.823344e+02 -1.270000e+02
      endloop
   endfacet
   facet normal -7.586610e-02 -6.138007e-01 7.858073e-01
      outer loop
         vertex -6.044641e+01 -2.823344e+02 -1.270000e+02
         vertex -7.018513e+01 -3.003342e+02 -1.420000e+02
         vertex -6.029760e+01 -3.015563e+02 -1.420000e+02
      endloop
   endfacet
   facet normal -5.857208e-02 -6.144343e-01 7.867908e-01
      outer loop
         vertex -6.044641e+01 -2.823344e+02 -1.270000e+02
         vertex -6.029760e+01 -3.015563e+02 -1.420000e+02
         vertex -4.034255e+01 -3.034585e+02 -1.420000e+02
      endloop
   endfacet
   facet normal -6.040993e-02 -6.337138e-01 7.712052e-01
      outer loop
         vertex -4.034255e+01 -3.034585e+02 -1.420000e+02
         vertex -6.029760e+01 -3.015563e+02 -1.420000e+02
         vertex -4.017127e+01 -3.217293e+02 -1.570000e+02
      endloop
   endfacet
   facet normal -3.638156e-02 -6.343181e-01 7.722156e-01
      outer loop
         vertex -4.034255e+01 -3.034585e+02 -1.420000e+02
         vertex -4.017127e+01 -3.217293e+02 -1.570000e+02
         vertex -2.021501e+01 -3.046130e+02 -1.420000e+02
      endloop
   endfacet
   facet normal -1.860175e-02 -6.466134e-01 7.625911e-01
      outer loop
         vertex -2.021501e+01 -3.046130e+02 -1.420000e+02
         vertex -4.017127e+01 -3.217293e+02 -1.570000e+02
         vertex -2.000000e+01 -3.400000e+02 -1.720000e+02
      endloop
   endfacet
   facet normal -1.238103e-02 -6.466537e-01 7.626832e-01
      outer loop
         vertex -2.021501e+01 -3.046130e+02 -1.420000e+02
         vertex -2.000000e+01 -3.400000e+02 -1.720000e+02
         vertex 2.255141e-14 -3.050000e+02 -1.420000e+02
      endloop
   endfacet
   facet normal 0.000000e+00 -6.507914e-01 7.592566e-01
      outer loop
         vertex 2.255141e-14 -3.050000e+02 -1.420000e+02
         vertex -2.000000e+01 -3.400000e+02 -1.720000e+02
         vertex 3.165870e-14 -3.400000e+02 -1.720000e+02
      endloop
   endfacet
   facet normal 0.000000e+00 -6.507914e-01 7.592566e-01
      outer loop
         vertex 2.255141e-14 -3.050000e+02 -1.420000e+02
         vertex 3.165870e-14 -3.400000e+02 -1.720000e+02
         vertex 9.600000e+00 -3.400000e+02 -1.720000e+02
      endloop
   endfacet
   facet normal 0.000000e+00 -6.466595e-01 7.627788e-01
      outer loop
         vertex 2.000000e+01 -3.400000e+02 -1.720000e+02
         vertex 4.000000e+01 -3.400000e+02 -1.720000e+02
         vertex 2.021501e+01 -3.046130e+02 -1.420000e+02
      endloop
   endfacet
   facet normal 3.638047e-02 -6.343188e-01 7.722150e-01
      outer loop
         vertex 2.021501e+01 -3.046130e+02 -1.420000e+02
         vertex 4.000000e+01 -3.400000e+02 -1.720000e+02
         vertex 4.017127e+01 -3.217293e+02 -1.570000e+02
      endloop
   endfacet
   facet normal 3.638156e-02 -6.343181e-01 7.722156e-01
      outer loop
         vertex 2.021501e+01 -3.046130e+02 -1.420000e+02
         vertex 4.017127e+01 -3.217293e+02 -1.570000e+02
         vertex 4.034255e+01 -3.034585e+02 -1.420000e+02
      endloop
   endfacet
   facet normal 3.020480e-02 -6.344140e-01 7.724031e-01
      outer loop
         vertex 4.034255e+01 -3.034585e+02 -1.420000e+02
         vertex 4.017127e+01 -3.217293e+02 -1.570000e+02
         vertex 6.014880e+01 -3.207781e+02 -1.570000e+02
      endloop
   endfacet
   facet normal 5.857210e-02 -6.144345e-01 7.867906e-01
      outer loop
         vertex 4.034255e+01 -3.034585e+02 -1.420000e+02
         vertex 6.014880e+01 -3.207781e+02 -1.570000e+02
         vertex 6.029760e+01 -3.015563e+02 -1.420000e+02
      endloop
   endfacet
   facet normal 7.586613e-02 -6.138009e-01 7.858071e-01
      outer loop
         vertex 6.029760e+01 -3.015563e+02 -1.420000e+02
         vertex 6.014880e+01 -3.207781e+02 -1.570000e+02
         vertex 7.018513e+01 -3.003342e+02 -1.420000e+02
      endloop
   endfacet
   facet normal 7.437915e-02 -6.017704e-01 7.951982e-01
      outer loop
         vertex 6.029760e+01 -3.015563e+02 -1.420000e+02
         vertex 7.018513e+01 -3.003342e+02 -1.420000e+02
         vertex 7.027770e+01 -2.805013e+02 -1.270000e+02
      endloop
   endfacet
   facet normal 1.289404e-01 -5.985678e-01 7.906270e-01
      outer loop
         vertex 7.027770e+01 -2.805013e+02 -1.270000e+02
         vertex 7.018513e+01 -3.003342e+02 -1.420000e+02
         vertex 8.000000e+01 -2.784069e+02 -1.270000e+02
      endloop
   endfacet
   facet normal 1.260656e-01 -5.852224e-01 8.010133e-01
      outer loop
         vertex 7.027770e+01 -2.805013e+02 -1.270000e+02
         vertex 8.000000e+01 -2.784069e+02 -1.270000e+02
         vertex 8.000000e+01 -2.578759e+02 -1.120000e+02
      endloop
   endfacet
   facet normal 5.038790e-02 -6.460162e-01 7.616588e-01
      outer loop
         vertex 2.156407e+01 -2.691375e+02 -1.120000e+02
         vertex 2.043003e+01 -2.692260e+02 -1.120000e+02
         vertex 2.032252e+01 -2.869195e+02 -1.270000e+02
      endloop
   endfacet
   facet normal 2.657452e-02 -6.465251e-01 7.624298e-01
      outer loop
         vertex 2.032252e+01 -2.869195e+02 -1.270000e+02
         vertex 2.043003e+01 -2.692260e+02 -1.120000e+02
         vertex 1.734523e+00 -2.699944e+02 -1.120000e+02
      endloop
   endfacet
   facet normal 1.933656e-02 -6.511619e-01 7.586924e-01
      outer loop
         vertex 2.032252e+01 -2.869195e+02 -1.270000e+02
         vertex 1.734523e+00 -2.699944e+02 -1.120000e+02
         vertex 2.255141e-14 -3.050000e+02 -1.420000e+02
      endloop
   endfacet
   facet normal 2.102174e-03 -6.507900e-01 7.592549e-01
      outer loop
         vertex 2.255141e-14 -3.050000e+02 -1.420000e+02
         vertex 1.734523e+00 -2.699944e+02 -1.120000e+02
         vertex 1.387779e-14 -2.700000e+02 -1.120000e+02
      endloop
   endfacet
   facet normal -1.245928e-02 -6.507409e-01 7.591976e-01
      outer loop
         vertex 2.255141e-14 -3.050000e+02 -1.420000e+02
         vertex 1.387779e-14 -2.700000e+02 -1.120000e+02
         vertex -2.021501e+01 -3.046130e+02 -1.420000e+02
      endloop
   endfacet
   facet normal -2.173326e-02 -6.475239e-01 7.617351e-01
      outer loop
         vertex -2.021501e+01 -3.046130e+02 -1.420000e+02
         vertex 1.387779e-14 -2.700000e+02 -1.120000e+02
         vertex -1.810321e+01 -2.693924e+02 -1.120000e+02
      endloop
   endfacet
   facet normal -4.621200e-02 -6.461326e-01 7.618248e-01
      outer loop
         vertex -2.021501e+01 -3.046130e+02 -1.420000e+02
         vertex -1.810321e+01 -2.693924e+02 -1.120000e+02
         vertex -2.032252e+01 -2.869195e+02 -1.270000e+02
      endloop
   endfacet
   facet normal -4.622025e-02 -6.461318e-01 7.618251e-01
      outer loop
         vertex -2.032252e+01 -2.869195e+02 -1.270000e+02
         vertex -1.810321e+01 -2.693924e+02 -1.120000e+02
         vertex -2.043003e+01 -2.692260e+02 -1.120000e+02
      endloop
   endfacet
   facet normal -5.539102e-02 -6.458625e-01 7.614417e-01
      outer loop
         vertex -2.032252e+01 -2.869195e+02 -1.270000e+02
         vertex -2.043003e+01 -2.692260e+02 -1.120000e+02
         vertex -4.051382e+01 -2.851878e+02 -1.270000e+02
      endloop
   endfacet
   facet normal -6.900898e-02 -6.356918e-01 7.688522e-01
      outer loop
         vertex -4.051382e+01 -2.851878e+02 -1.270000e+02
         vertex -2.043003e+01 -2.692260e+02 -1.120000e+02
         vertex -3.781744e+01 -2.673384e+02 -1.120000e+02
      endloop
   endfacet
   facet normal -9.290545e-02 -6.323105e-01 7.691242e-01
      outer loop
         vertex -4.051382e+01 -2.851878e+02 -1.270000e+02
         vertex -3.781744e+01 -2.673384e+02 -1.120000e+02
         vertex -4.068509e+01 -2.669171e+02 -1.120000e+02
      endloop
   endfacet
   facet normal -3.752180e-01 -6.049177e-01 7.023433e-01
      outer loop
         vertex -1.332114e+02 -2.610368e+02 -1.345000e+02
         vertex -1.344770e+02 -2.341280e+02 -1.120000e+02
         vertex -1.500000e+02 -2.244994e+02 -1.120000e+02
      endloop
   endfacet
   facet normal -3.859815e-01 -6.038312e-01 6.974283e-01
      outer loop
         vertex -1.329743e+02 -2.873579e+02 -1.570000e+02
         vertex -1.500000e+02 -2.822497e+02 -1.620000e+02
         vertex -1.500000e+02 -3.400000e+02 -2.120000e+02
      endloop
   endfacet
   facet normal -3.649536e-01 -5.492386e-01 7.517618e-01
      outer loop
         vertex -8.000000e+01 -3.194690e+02 -1.570000e+02
         vertex -8.000000e+01 -2.989380e+02 -1.420000e+02
         vertex -8.887167e+01 -3.187068e+02 -1.607500e+02
      endloop
   endfacet
   facet normal -3.080291e-01 -5.782837e-01 7.554509e-01
      outer loop
         vertex -8.887167e+01 -3.187068e+02 -1.607500e+02
         vertex -8.000000e+01 -2.989380e+02 -1.420000e+02
         vertex -8.899333e+01 -2.974135e+02 -1.445000e+02
      endloop
   endfacet
   facet normal -3.671890e-01 -5.656170e-01 7.384102e-01
      outer loop
         vertex -8.887167e+01 -3.187068e+02 -1.607500e+02
         vertex -8.899333e+01 -2.974135e+02 -1.445000e+02
         vertex -9.771437e+01 -3.178619e+02 -1.645000e+02
      endloop
   endfacet
   facet normal -3.190973e-01 -5.896162e-01 7.419768e-01
      outer loop
         vertex -9.771437e+01 -3.178619e+02 -1.645000e+02
         vertex -8.899333e+01 -2.974135e+02 -1.445000e+02
         vertex -9.792875e+01 -2.957237e+02 -1.470000e+02
      endloop
   endfacet
   facet normal -3.367223e-01 -5.859270e-01 7.370940e-01
      outer loop
         vertex -9.771437e+01 -3.178619e+02 -1.645000e+02
         vertex -9.792875e+01 -2.957237e+02 -1.470000e+02
         vertex -1.156023e+02 -2.918570e+02 -1.520000e+02
      endloop
   endfacet
   facet normal -3.202448e-01 -6.082787e-01 7.262508e-01
      outer loop
         vertex -1.169164e+02 -2.433733e+02 -1.120000e+02
         vertex -1.344770e+02 -2.341280e+02 -1.120000e+02
         vertex -1.159034e+02 -2.677855e+02 -1.320000e+02
      endloop
   endfacet
   facet normal -3.417159e-01 -6.122554e-01 7.130032e-01
      outer loop
         vertex -1.159034e+02 -2.677855e+02 -1.320000e+02
         vertex -1.344770e+02 -2.341280e+02 -1.120000e+02
         vertex -1.332114e+02 -2.610368e+02 -1.345000e+02
      endloop
   endfacet
   facet normal -3.395497e-01 -6.036014e-01 7.213676e-01
      outer loop
         vertex -1.159034e+02 -2.677855e+02 -1.320000e+02
         vertex -1.332114e+02 -2.610368e+02 -1.345000e+02
         vertex -1.156023e+02 -2.918570e+02 -1.520000e+02
      endloop
   endfacet
   facet normal -2.504792e-01 -5.711231e-01 7.817152e-01
      outer loop
         vertex -8.000000e+01 -2.784069e+02 -1.270000e+02
         vertex -8.000000e+01 -2.578759e+02 -1.120000e+02
         vertex -8.911499e+01 -2.761203e+02 -1.282500e+02
      endloop
   endfacet
   facet normal -1.965827e-01 -5.955424e-01 7.788996e-01
      outer loop
         vertex -8.911499e+01 -2.761203e+02 -1.282500e+02
         vertex -8.000000e+01 -2.578759e+02 -1.120000e+02
         vertex -8.923665e+01 -2.548270e+02 -1.120000e+02
      endloop
   endfacet
   facet normal -2.701392e-01 -5.850903e-01 7.646530e-01
      outer loop
         vertex -8.911499e+01 -2.761203e+02 -1.282500e+02
         vertex -8.923665e+01 -2.548270e+02 -1.120000e+02
         vertex -9.814312e+01 -2.735856e+02 -1.295000e+02
      endloop
   endfacet
   facet normal -2.248489e-01 -6.054686e-01 7.634466e-01
      outer loop
         vertex -9.814312e+01 -2.735856e+02 -1.295000e+02
         vertex -8.923665e+01 -2.548270e+02 -1.120000e+02
         vertex -9.872417e+01 -2.513037e+02 -1.120000e+02
      endloop
   endfacet
   facet normal -2.901818e-01 -5.957566e-01 7.489116e-01
      outer loop
         vertex -9.814312e+01 -2.735856e+02 -1.295000e+02
         vertex -9.872417e+01 -2.513037e+02 -1.120000e+02
         vertex -1.070755e+02 -2.708061e+02 -1.307500e+02
      endloop
   endfacet
   facet normal -2.527724e-01 -6.121238e-01 7.492733e-01
      outer loop
         vertex -1.070755e+02 -2.708061e+02 -1.307500e+02
         vertex -9.872417e+01 -2.513037e+02 -1.120000e+02
         vertex -1.073507e+02 -2.477414e+02 -1.120000e+02
      endloop
   endfacet
   facet normal -4.011840e-01 -5.883409e-01 7.020729e-01
      outer loop
         vertex -9.750000e+01 -3.400000e+02 -1.820000e+02
         vertex -1.153011e+02 -3.159285e+02 -1.720000e+02
         vertex -1.150000e+02 -3.400000e+02 -1.920000e+02
      endloop
   endfacet
   facet normal -3.608649e-01 -5.986651e-01 7.151060e-01
      outer loop
         vertex -1.150000e+02 -3.400000e+02 -1.920000e+02
         vertex -1.153011e+02 -3.159285e+02 -1.720000e+02
         vertex -1.329743e+02 -2.873579e+02 -1.570000e+02
      endloop
   endfacet
   facet normal -3.975466e-01 -5.982906e-01 6.957047e-01
      outer loop
         vertex -1.150000e+02 -3.400000e+02 -1.920000e+02
         vertex -1.329743e+02 -2.873579e+02 -1.570000e+02
         vertex -1.325000e+02 -3.400000e+02 -2.020000e+02
      endloop
   endfacet
   facet normal -3.975452e-01 -5.982910e-01 6.957052e-01
      outer loop
         vertex -1.325000e+02 -3.400000e+02 -2.020000e+02
         vertex -1.329743e+02 -2.873579e+02 -1.570000e+02
         vertex -1.500000e+02 -3.400000e+02 -2.120000e+02
      endloop
   endfacet
   facet normal -4.189565e-01 -5.356590e-01 7.331745e-01
      outer loop
         vertex -8.000000e+01 -3.400000e+02 -1.720000e+02
         vertex -8.000000e+01 -3.194690e+02 -1.570000e+02
         vertex -8.875000e+01 -3.400000e+02 -1.770000e+02
      endloop
   endfacet
   facet normal -3.615745e-01 -5.669303e-01 7.401715e-01
      outer loop
         vertex -8.875000e+01 -3.400000e+02 -1.770000e+02
         vertex -8.000000e+01 -3.194690e+02 -1.570000e+02
         vertex -8.887167e+01 -3.187068e+02 -1.607500e+02
      endloop
   endfacet
   facet normal -4.130464e-01 -5.539916e-01 7.228319e-01
      outer loop
         vertex -8.875000e+01 -3.400000e+02 -1.770000e+02
         vertex -8.887167e+01 -3.187068e+02 -1.607500e+02
         vertex -9.750000e+01 -3.400000e+02 -1.820000e+02
      endloop
   endfacet
   facet normal -3.644612e-01 -5.796510e-01 7.288160e-01
      outer loop
         vertex -9.750000e+01 -3.400000e+02 -1.820000e+02
         vertex -8.887167e+01 -3.187068e+02 -1.607500e+02
         vertex -9.771437e+01 -3.178619e+02 -1.645000e+02
      endloop
   endfacet
   facet normal -3.731336e-01 -5.775687e-01 7.260756e-01
      outer loop
         vertex -9.750000e+01 -3.400000e+02 -1.820000e+02
         vertex -9.771437e+01 -3.178619e+02 -1.645000e+02
         vertex -1.153011e+02 -3.159285e+02 -1.720000e+02
      endloop
   endfacet
   facet normal -3.694221e-01 -5.965843e-01 7.124707e-01
      outer loop
         vertex -1.153011e+02 -3.159285e+02 -1.720000e+02
         vertex -9.771437e+01 -3.178619e+02 -1.645000e+02
         vertex -1.156023e+02 -2.918570e+02 -1.520000e+02
      endloop
   endfacet
   facet normal -3.608669e-01 -5.986656e-01 7.151046e-01
      outer loop
         vertex -1.153011e+02 -3.159285e+02 -1.720000e+02
         vertex -1.156023e+02 -2.918570e+02 -1.520000e+02
         vertex -1.329743e+02 -2.873579e+02 -1.570000e+02
      endloop
   endfacet
   facet normal -3.609857e-01 -6.078398e-01 7.072624e-01
      outer loop
         vertex -1.329743e+02 -2.873579e+02 -1.570000e+02
         vertex -1.156023e+02 -2.918570e+02 -1.520000e+02
         vertex -1.332114e+02 -2.610368e+02 -1.345000e+02
      endloop
   endfacet
   facet normal -3.858862e-01 -6.014551e-01 6.995310e-01
      outer loop
         vertex -1.329743e+02 -2.873579e+02 -1.570000e+02
         vertex -1.332114e+02 -2.610368e+02 -1.345000e+02
         vertex -1.500000e+02 -2.822497e+02 -1.620000e+02
      endloop
   endfacet
   facet normal -3.803935e-01 -6.053485e-01 6.991810e-01
      outer loop
         vertex -1.500000e+02 -2.822497e+02 -1.620000e+02
         vertex -1.332114e+02 -2.610368e+02 -1.345000e+02
         vertex -1.500000e+02 -2.244994e+02 -1.120000e+02
      endloop
   endfacet
   facet normal -3.086210e-01 -5.611310e-01 7.680398e-01
      outer loop
         vertex -8.000000e+01 -2.989380e+02 -1.420000e+02
         vertex -8.000000e+01 -2.784069e+02 -1.270000e+02
         vertex -8.899333e+01 -2.974135e+02 -1.445000e+02
      endloop
   endfacet
   facet normal -2.528573e-01 -5.878691e-01 7.684225e-01
      outer loop
         vertex -8.899333e+01 -2.974135e+02 -1.445000e+02
         vertex -8.000000e+01 -2.784069e+02 -1.270000e+02
         vertex -8.911499e+01 -2.761203e+02 -1.282500e+02
      endloop
   endfacet
   facet normal -3.194506e-01 -5.760361e-01 7.524186e-01
      outer loop
         vertex -8.899333e+01 -2.974135e+02 -1.445000e+02
         vertex -8.911499e+01 -2.761203e+02 -1.282500e+02
         vertex -9.792875e+01 -2.957237e+02 -1.470000e+02
      endloop
   endfacet
   facet normal -2.723181e-01 -5.983205e-01 7.535618e-01
      outer loop
         vertex -9.792875e+01 -2.957237e+02 -1.470000e+02
         vertex -8.911499e+01 -2.761203e+02 -1.282500e+02
         vertex -9.814312e+01 -2.735856e+02 -1.295000e+02
      endloop
   endfacet
   facet normal -3.367223e-01 -5.859267e-01 7.370943e-01
      outer loop
         vertex -9.792875e+01 -2.957237e+02 -1.470000e+02
         vertex -9.814312e+01 -2.735856e+02 -1.295000e+02
         vertex -1.156023e+02 -2.918570e+02 -1.520000e+02
      endloop
   endfacet
   facet normal -2.941985e-01 -6.173451e-01 7.296111e-01
      outer loop
         vertex -1.156023e+02 -2.918570e+02 -1.520000e+02
         vertex -9.814312e+01 -2.735856e+02 -1.295000e+02
         vertex -1.070755e+02 -2.708061e+02 -1.307500e+02
      endloop
   endfacet
   facet normal -3.117648e-01 -6.095130e-01 7.289010e-01
      outer loop
         vertex -1.156023e+02 -2.918570e+02 -1.520000e+02
         vertex -1.070755e+02 -2.708061e+02 -1.307500e+02
         vertex -1.159034e+02 -2.677855e+02 -1.320000e+02
      endloop
   endfacet
   facet normal -3.101514e-01 -6.019134e-01 7.358712e-01
      outer loop
         vertex -1.159034e+02 -2.677855e+02 -1.320000e+02
         vertex -1.070755e+02 -2.708061e+02 -1.307500e+02
         vertex -1.073507e+02 -2.477414e+02 -1.120000e+02
      endloop
   endfacet
   facet normal -2.809139e-01 -6.151678e-01 7.366518e-01
      outer loop
         vertex -1.159034e+02 -2.677855e+02 -1.320000e+02
         vertex -1.073507e+02 -2.477414e+02 -1.120000e+02
         vertex -1.169164e+02 -2.433733e+02 -1.120000e+02
      endloop
   endfacet
   facet normal -1.000000e+00 0.000000e+00 0.000000e+00
      outer loop
         vertex -1.500000e+02 -2.460861e+02 -2.120000e+02
         vertex -1.500000e+02 -3.400000e+02 -2.120000e+02
         vertex -1.500000e+02 -2.460861e+02 -1.520000e+02
      endloop
   endfacet
   facet normal -1.000000e+00 0.000000e+00 0.000000e+00
      outer loop
         vertex -1.500000e+02 -2.460861e+02 -1.520000e+02
         vertex -1.500000e+02 -3.400000e+02 -2.120000e+02
         vertex -1.500000e+02 -2.822497e+02 -1.620000e+02
      endloop
   endfacet
   facet normal -1.000000e+00 -0.000000e+00 0.000000e+00
      outer loop
         vertex -1.500000e+02 -2.460861e+02 -1.520000e+02
         vertex -1.500000e+02 -2.822497e+02 -1.620000e+02
         vertex -1.500000e+02 -2.244994e+02 -1.120000e+02
      endloop
   endfacet
   facet normal -5.677327e-01 -2.289433e-07 8.232129e-01
      outer loop
         vertex -1.895699e+02 -2.170752e+02 -2.392896e+02
         vertex -1.976610e+02 -2.097344e+02 -2.448696e+02
         vertex -2.950000e+02 -3.400000e+02 -3.120000e+02
      endloop
   endfacet
   facet normal -5.677328e-01 -1.460195e-07 8.232129e-01
      outer loop
         vertex -2.950000e+02 -3.400000e+02 -3.120000e+02
         vertex -1.976610e+02 -2.097344e+02 -2.448696e+02
         vertex -2.073738e+02 -2.001362e+02 -2.515681e+02
      endloop
   endfacet
   facet normal -5.677317e-01 -1.148000e-06 8.232136e-01
      outer loop
         vertex -2.950000e+02 -3.400000e+02 -3.120000e+02
         vertex -2.073738e+02 -2.001362e+02 -2.515681e+02
         vertex -2.115778e+02 -1.956865e+02 -2.544674e+02
      endloop
   endfacet
   facet normal -5.677337e-01 2.864852e-07 8.232123e-01
      outer loop
         vertex -2.950000e+02 -3.400000e+02 -3.120000e+02
         vertex -2.360754e+02 -1.653082e+02 -2.713623e+02
         vertex -2.383400e+02 -1.620260e+02 -2.729241e+02
      endloop
   endfacet
   facet normal -5.677331e-01 5.534412e-09 8.232127e-01
      outer loop
         vertex -2.383400e+02 -1.620260e+02 -2.729241e+02
         vertex -2.465863e+02 -1.491763e+02 -2.786113e+02
         vertex -2.950000e+02 -3.400000e+02 -3.120000e+02
      endloop
   endfacet
   facet normal -5.677342e-01 4.159571e-07 8.232119e-01
      outer loop
         vertex -2.950000e+02 -3.400000e+02 -3.120000e+02
         vertex -2.465863e+02 -1.491763e+02 -2.786113e+02
         vertex -2.512722e+02 -1.411406e+02 -2.818429e+02
      endloop
   endfacet
   facet normal -5.677329e-01 0.000000e+00 8.232128e-01
      outer loop
         vertex -2.950000e+02 -3.400000e+02 -3.120000e+02
         vertex -2.512722e+02 -1.411406e+02 -2.818429e+02
         vertex -2.950000e+02 -1.250000e+02 -3.120000e+02
      endloop
   endfacet
   facet normal -5.677332e-01 -1.318369e-06 8.232126e-01
      outer loop
         vertex -2.950000e+02 -1.250000e+02 -3.120000e+02
         vertex -2.512722e+02 -1.411406e+02 -2.818429e+02
         vertex -2.554522e+02 -1.334261e+02 -2.847257e+02
      endloop
   endfacet
   facet normal -5.677329e-01 6.917787e-07 8.232128e-01
      outer loop
         vertex -2.950000e+02 -1.250000e+02 -3.120000e+02
         vertex -2.554522e+02 -1.334261e+02 -2.847257e+02
         vertex -2.573617e+02 -1.297048e+02 -2.860426e+02
      endloop
   endfacet
   facet normal -5.677338e-01 5.912764e-07 8.232122e-01
      outer loop
         vertex -2.115778e+02 -1.956865e+02 -2.544674e+02
         vertex -2.236807e+02 -1.817287e+02 -2.628143e+02
         vertex -2.950000e+02 -3.400000e+02 -3.120000e+02
      endloop
   endfacet
   facet normal -5.677206e-01 -8.183746e-06 8.232213e-01
      outer loop
         vertex -2.950000e+02 -3.400000e+02 -3.120000e+02
         vertex -2.236807e+02 -1.817287e+02 -2.628143e+02
         vertex -2.243961e+02 -1.808446e+02 -2.633076e+02
      endloop
   endfacet
   facet normal -5.677330e-01 -7.035023e-08 8.232128e-01
      outer loop
         vertex -2.950000e+02 -3.400000e+02 -3.120000e+02
         vertex -2.243961e+02 -1.808446e+02 -2.633076e+02
         vertex -2.360754e+02 -1.653082e+02 -2.713623e+02
      endloop
   endfacet
   facet normal -5.677330e-01 0.000000e+00 8.232128e-01
      outer loop
         vertex -1.500000e+02 -3.400000e+02 -2.120000e+02
         vertex -1.500000e+02 -2.460861e+02 -2.120000e+02
         vertex -2.950000e+02 -3.400000e+02 -3.120000e+02
      endloop
   endfacet
   facet normal -5.677332e-01 5.887980e-07 8.232126e-01
      outer loop
         vertex -2.950000e+02 -3.400000e+02 -3.120000e+02
         vertex -1.500000e+02 -2.460861e+02 -2.120000e+02
         vertex -1.667159e+02 -2.350833e+02 -2.235283e+02
      endloop
   endfacet
   facet normal -5.677314e-01 -2.648107e-06 8.232138e-01
      outer loop
         vertex -1.667159e+02 -2.350833e+02 -2.235283e+02
         vertex -1.703990e+02 -2.324276e+02 -2.260682e+02
         vertex -2.950000e+02 -3.400000e+02 -3.120000e+02
      endloop
   endfacet
   facet normal -5.677332e-01 2.987428e-07 8.232126e-01
      outer loop
         vertex -2.950000e+02 -3.400000e+02 -3.120000e+02
         vertex -1.703990e+02 -2.324276e+02 -2.260682e+02
         vertex -1.826889e+02 -2.228971e+02 -2.345441e+02
      endloop
   endfacet
   facet normal -5.677333e-01 4.516657e-07 8.232126e-01
      outer loop
         vertex -2.950000e+02 -3.400000e+02 -3.120000e+02
         vertex -1.826889e+02 -2.228971e+02 -2.345441e+02
         vertex -1.895699e+02 -2.170752e+02 -2.392896e+02
      endloop
   endfacet
   facet normal 5.677331e-01 0.000000e+00 -8.232127e-01
      outer loop
         vertex -1.500000e+02 -3.400000e+02 -2.225623e+02
         vertex -2.850000e+02 -3.400000e+02 -3.156658e+02
         vertex -1.500000e+02 -2.900000e+02 -2.225623e+02
      endloop
   endfacet
   facet normal 5.677331e-01 0.000000e+00 -8.232127e-01
      outer loop
         vertex -1.500000e+02 -2.900000e+02 -2.225623e+02
         vertex -2.850000e+02 -3.400000e+02 -3.156658e+02
         vertex -2.850000e+02 -2.900000e+02 -3.156658e+02
      endloop
   endfacet
   facet normal 5.677330e-01 7.887681e-09 8.232128e-01
      outer loop
         vertex 2.950000e+02 -3.400000e+02 -3.120000e+02
         vertex 1.706213e+02 -2.322644e+02 -2.262216e+02
         vertex 1.500000e+02 -3.400000e+02 -2.120000e+02
      endloop
   endfacet
   facet normal 5.677327e-01 7.537869e-08 8.232129e-01
      outer loop
         vertex 1.500000e+02 -3.400000e+02 -2.120000e+02
         vertex 1.706213e+02 -2.322644e+02 -2.262216e+02
         vertex 1.543686e+02 -2.433695e+02 -2.150128e+02
      endloop
   endfacet
   facet normal 5.677339e-01 -0.000000e+00 8.232122e-01
      outer loop
         vertex 1.500000e+02 -3.400000e+02 -2.120000e+02
         vertex 1.543686e+02 -2.433695e+02 -2.150128e+02
         vertex 1.500000e+02 -2.460861e+02 -2.120000e+02
      endloop
   endfacet
   facet normal 5.677330e-01 0.000000e+00 8.232128e-01
      outer loop
         vertex 2.950000e+02 -1.250000e+02 -3.120000e+02
         vertex 2.573617e+02 -1.297048e+02 -2.860426e+02
         vertex 2.950000e+02 -3.400000e+02 -3.120000e+02
      endloop
   endfacet
   facet normal 5.677333e-01 8.402394e-08 8.232125e-01
      outer loop
         vertex 2.950000e+02 -3.400000e+02 -3.120000e+02
         vertex 2.573617e+02 -1.297048e+02 -2.860426e+02
         vertex 2.512727e+02 -1.411396e+02 -2.818433e+02
      endloop
   endfacet
   facet normal 5.677341e-01 3.278976e-07 8.232120e-01
      outer loop
         vertex 2.950000e+02 -3.400000e+02 -3.120000e+02
         vertex 2.512727e+02 -1.411396e+02 -2.818433e+02
         vertex 2.482179e+02 -1.464454e+02 -2.797365e+02
      endloop
   endfacet
   facet normal 5.677360e-01 1.905397e-06 8.232107e-01
      outer loop
         vertex 2.950000e+02 -3.400000e+02 -3.120000e+02
         vertex 2.265170e+02 -1.781809e+02 -2.647703e+02
         vertex 2.236707e+02 -1.817410e+02 -2.628074e+02
      endloop
   endfacet
   facet normal 5.677326e-01 -3.258432e-07 8.232130e-01
      outer loop
         vertex 2.236707e+02 -1.817410e+02 -2.628074e+02
         vertex 2.140376e+02 -1.929930e+02 -2.561638e+02
         vertex 2.950000e+02 -3.400000e+02 -3.120000e+02
      endloop
   endfacet
   facet normal 5.677327e-01 -2.962480e-07 8.232130e-01
      outer loop
         vertex 2.950000e+02 -3.400000e+02 -3.120000e+02
         vertex 2.140376e+02 -1.929930e+02 -2.561638e+02
         vertex 2.073712e+02 -2.001389e+02 -2.515663e+02
      endloop
   endfacet
   facet normal 5.677325e-01 -4.391496e-07 8.232131e-01
      outer loop
         vertex 2.950000e+02 -3.400000e+02 -3.120000e+02
         vertex 2.073712e+02 -2.001389e+02 -2.515663e+02
         vertex 2.005236e+02 -2.069992e+02 -2.468439e+02
      endloop
   endfacet
   facet normal 5.677321e-01 -3.806239e-07 8.232134e-01
      outer loop
         vertex 2.482179e+02 -1.464454e+02 -2.797365e+02
         vertex 2.383487e+02 -1.620132e+02 -2.729302e+02
         vertex 2.950000e+02 -3.400000e+02 -3.120000e+02
      endloop
   endfacet
   facet normal 5.677302e-01 -1.269945e-06 8.232147e-01
      outer loop
         vertex 2.950000e+02 -3.400000e+02 -3.120000e+02
         vertex 2.383487e+02 -1.620132e+02 -2.729302e+02
         vertex 2.379216e+02 -1.626397e+02 -2.726356e+02
      endloop
   endfacet
   facet normal 5.677331e-01 1.128160e-07 8.232127e-01
      outer loop
         vertex 2.950000e+02 -3.400000e+02 -3.120000e+02
         vertex 2.379216e+02 -1.626397e+02 -2.726356e+02
         vertex 2.265170e+02 -1.781809e+02 -2.647703e+02
      endloop
   endfacet
   facet normal 5.677336e-01 6.871098e-07 8.232124e-01
      outer loop
         vertex 2.005236e+02 -2.069992e+02 -2.468439e+02
         vertex 1.895768e+02 -2.170691e+02 -2.392944e+02
         vertex 2.950000e+02 -3.400000e+02 -3.120000e+02
      endloop
   endfacet
   facet normal 5.677312e-01 -2.292317e-06 8.232140e-01
      outer loop
         vertex 2.950000e+02 -3.400000e+02 -3.120000e+02
         vertex 1.895768e+02 -2.170691e+02 -2.392944e+02
         vertex 1.860286e+02 -2.201176e+02 -2.368473e+02
      endloop
   endfacet
   facet normal 5.677332e-01 3.113038e-07 8.232126e-01
      outer loop
         vertex 2.950000e+02 -3.400000e+02 -3.120000e+02
         vertex 1.860286e+02 -2.201176e+02 -2.368473e+02
         vertex 1.706213e+02 -2.322644e+02 -2.262216e+02
      endloop
   endfacet
   facet normal -1.000000e+00 0.000000e+00 0.000000e+00
      outer loop
         vertex 2.850000e+02 -3.400000e+02 -3.360000e+02
         vertex 2.850000e+02 -3.400000e+02 -3.156658e+02
         vertex 2.850000e+02 -3.350000e+02 -3.360000e+02
      endloop
   endfacet
   facet normal -1.000000e+00 0.000000e+00 0.000000e+00
      outer loop
         vertex 2.850000e+02 -3.350000e+02 -3.360000e+02
         vertex 2.850000e+02 -3.400000e+02 -3.156658e+02
         vertex 2.850000e+02 -2.900000e+02 -3.156658e+02
      endloop
   endfacet
   facet normal -1.000000e+00 0.000000e+00 0.000000e+00
      outer loop
         vertex 2.850000e+02 -3.350000e+02 -3.360000e+02
         vertex 2.850000e+02 -2.900000e+02 -3.156658e+02
         vertex 2.850000e+02 -2.900000e+02 -3.360000e+02
      endloop
   endfacet
   facet normal -5.677331e-01 0.000000e+00 -8.232127e-01
      outer loop
         vertex 2.850000e+02 -3.400000e+02 -3.156658e+02
         vertex 1.500000e+02 -3.400000e+02 -2.225623e+02
         vertex 2.850000e+02 -2.900000e+02 -3.156658e+02
      endloop
   endfacet
   facet normal -5.677331e-01 0.000000e+00 -8.232127e-01
      outer loop
         vertex 2.850000e+02 -2.900000e+02 -3.156658e+02
         vertex 1.500000e+02 -3.400000e+02 -2.225623e+02
         vertex 1.500000e+02 -2.900000e+02 -2.225623e+02
      endloop
   endfacet
   facet normal 0.000000e+00 0.000000e+00 -1.000000e+00
      outer loop
         vertex -1.200000e+02 -3.400000e+02 -3.120000e+02
         vertex -1.200000e+02 -2.900000e+02 -3.120000e+02
         vertex 1.200000e+02 -3.400000e+02 -3.120000e+02
      endloop
   endfacet
   facet normal 0.000000e+00 0.000000e+00 -1.000000e+00
      outer loop
         vertex 1.200000e+02 -3.400000e+02 -3.120000e+02
         vertex -1.200000e+02 -2.900000e+02 -3.120000e+02
         vertex 1.200000e+02 -2.900000e+02 -3.120000e+02
      endloop
   endfacet
   facet normal 2.254115e-02 0.000000e+00 -9.997459e-01
      outer loop
         vertex 1.200000e+02 -3.400000e+02 -3.120000e+02
         vertex 1.200000e+02 -2.900000e+02 -3.120000e+02
         vertex 1.216906e+02 -2.900000e+02 -3.119619e+02
      endloop
   endfacet
   facet normal 2.254115e-02 0.000000e+00 -9.997459e-01
      outer loop
         vertex 1.200000e+02 -3.400000e+02 -3.120000e+02
         vertex 1.216906e+02 -2.900000e+02 -3.119619e+02
         vertex 1.216906e+02 -3.400000e+02 -3.119619e+02
      endloop
   endfacet
   facet normal 1.147208e-01 0.000000e+00 -9.933978e-01
      outer loop
         vertex 1.216906e+02 -3.400000e+02 -3.119619e+02
         vertex 1.216906e+02 -2.900000e+02 -3.119619e+02
         vertex 1.268491e+02 -2.900000e+02 -3.113662e+02
      endloop
   endfacet
   facet normal 1.147208e-01 0.000000e+00 -9.933978e-01
      outer loop
         vertex 1.216906e+02 -3.400000e+02 -3.119619e+02
         vertex 1.268491e+02 -2.900000e+02 -3.113662e+02
         vertex 1.268491e+02 -3.400000e+02 -3.113662e+02
      endloop
   endfacet
   facet normal 2.527581e-01 0.000000e+00 -9.675295e-01
      outer loop
         vertex 1.268491e+02 -3.400000e+02 -3.113662e+02
         vertex 1.268491e+02 -2.900000e+02 -3.113662e+02
         vertex 1.317085e+02 -2.900000e+02 -3.100967e+02
      endloop
   endfacet
   facet normal 2.527581e-01 0.000000e+00 -9.675295e-01
      outer loop
         vertex 1.268491e+02 -3.400000e+02 -3.113662e+02
         vertex 1.317085e+02 -2.900000e+02 -3.100967e+02
         vertex 1.317085e+02 -3.400000e+02 -3.100967e+02
      endloop
   endfacet
   facet normal 3.867098e-01 0.000000e+00 -9.222015e-01
      outer loop
         vertex 1.317085e+02 -3.400000e+02 -3.100967e+02
         vertex 1.317085e+02 -2.900000e+02 -3.100967e+02
         vertex 1.360537e+02 -2.900000e+02 -3.082746e+02
      endloop
   endfacet
   facet normal 3.867098e-01 0.000000e+00 -9.222015e-01
      outer loop
         vertex 1.317085e+02 -3.400000e+02 -3.100967e+02
         vertex 1.360537e+02 -2.900000e+02 -3.082746e+02
         vertex 1.360537e+02 -3.400000e+02 -3.082746e+02
      endloop
   endfacet
   facet normal 5.204596e-01 0.000000e+00 -8.538863e-01
      outer loop
         vertex 1.360537e+02 -3.400000e+02 -3.082746e+02
         vertex 1.360537e+02 -2.900000e+02 -3.082746e+02
         vertex 1.401728e+02 -2.900000e+02 -3.057639e+02
      endloop
   endfacet
   facet normal 5.204596e-01 0.000000e+00 -8.538863e-01
      outer loop
         vertex 1.360537e+02 -3.400000e+02 -3.082746e+02
         vertex 1.401728e+02 -2.900000e+02 -3.057639e+02
         vertex 1.401728e+02 -3.400000e+02 -3.057639e+02
      endloop
   endfacet
   facet normal 6.449060e-01 0.000000e+00 -7.642619e-01
      outer loop
         vertex 1.401728e+02 -3.400000e+02 -3.057639e+02
         vertex 1.401728e+02 -2.900000e+02 -3.057639e+02
         vertex 1.432483e+02 -2.900000e+02 -3.031687e+02
      endloop
   endfacet
   facet normal 6.449060e-01 0.000000e+00 -7.642619e-01
      outer loop
         vertex 1.401728e+02 -3.400000e+02 -3.057639e+02
         vertex 1.432483e+02 -2.900000e+02 -3.031687e+02
         vertex 1.432483e+02 -3.400000e+02 -3.031687e+02
      endloop
   endfacet
   facet normal 7.509046e-01 0.000000e+00 -6.604107e-01
      outer loop
         vertex 1.432483e+02 -3.400000e+02 -3.031687e+02
         vertex 1.432483e+02 -2.900000e+02 -3.031687e+02
         vertex 1.456989e+02 -2.900000e+02 -3.003823e+02
      endloop
   endfacet
   facet normal 7.509046e-01 0.000000e+00 -6.604107e-01
      outer loop
         vertex 1.432483e+02 -3.400000e+02 -3.031687e+02
         vertex 1.456989e+02 -2.900000e+02 -3.003823e+02
         vertex 1.456989e+02 -3.400000e+02 -3.003823e+02
      endloop
   endfacet
   facet normal 8.444451e-01 0.000000e+00 -5.356421e-01
      outer loop
         vertex 1.456989e+02 -3.400000e+02 -3.003823e+02
         vertex 1.456989e+02 -2.900000e+02 -3.003823e+02
         vertex 1.476657e+02 -2.900000e+02 -2.972816e+02
      endloop
   endfacet
   facet normal 8.444451e-01 0.000000e+00 -5.356421e-01
      outer loop
         vertex 1.456989e+02 -3.400000e+02 -3.003823e+02
         vertex 1.476657e+02 -2.900000e+02 -2.972816e+02
         vertex 1.476657e+02 -3.400000e+02 -2.972816e+02
      endloop
   endfacet
   facet normal 9.190442e-01 0.000000e+00 -3.941546e-01
      outer loop
         vertex 1.476657e+02 -3.400000e+02 -2.972816e+02
         vertex 1.476657e+02 -2.900000e+02 -2.972816e+02
         vertex 1.489611e+02 -2.900000e+02 -2.942612e+02
      endloop
   endfacet
   facet normal 9.190442e-01 0.000000e+00 -3.941546e-01
      outer loop
         vertex 1.476657e+02 -3.400000e+02 -2.972816e+02
         vertex 1.489611e+02 -2.900000e+02 -2.942612e+02
         vertex 1.489611e+02 -3.400000e+02 -2.942612e+02
      endloop
   endfacet
   facet normal 9.699585e-01 0.000000e+00 -2.432705e-01
      outer loop
         vertex 1.489611e+02 -3.400000e+02 -2.942612e+02
         vertex 1.489611e+02 -2.900000e+02 -2.942612e+02
         vertex 1.497387e+02 -2.900000e+02 -2.911610e+02
      endloop
   endfacet
   facet normal 9.699585e-01 0.000000e+00 -2.432705e-01
      outer loop
         vertex 1.489611e+02 -3.400000e+02 -2.942612e+02
         vertex 1.497387e+02 -2.900000e+02 -2.911610e+02
         vertex 1.497387e+02 -3.400000e+02 -2.911610e+02
      endloop
   endfacet
   facet normal 9.965995e-01 0.000000e+00 -8.239850e-02
      outer loop
         vertex 1.497387e+02 -3.400000e+02 -2.911610e+02
         vertex 1.497387e+02 -2.900000e+02 -2.911610e+02
         vertex 1.500000e+02 -2.900000e+02 -2.880000e+02
      endloop
   endfacet
   facet normal 9.965995e-01 0.000000e+00 -8.239850e-02
      outer loop
         vertex 1.497387e+02 -3.400000e+02 -2.911610e+02
         vertex 1.500000e+02 -2.900000e+02 -2.880000e+02
         vertex 1.500000e+02 -3.400000e+02 -2.880000e+02
      endloop
   endfacet
   facet normal -9.998864e-01 0.000000e+00 -1.507172e-02
      outer loop
         vertex -1.500000e+02 -3.400000e+02 -2.880000e+02
         vertex -1.500000e+02 -2.900000e+02 -2.880000e+02
         vertex -1.499913e+02 -2.900000e+02 -2.885783e+02
      endloop
   endfacet
   facet normal -9.998864e-01 0.000000e+00 -1.507172e-02
      outer loop
         vertex -1.500000e+02 -3.400000e+02 -2.880000e+02
         vertex -1.499913e+02 -2.900000e+02 -2.885783e+02
         vertex -1.499913e+02 -3.400000e+02 -2.885783e+02
      endloop
   endfacet
   facet normal -9.940792e-01 0.000000e+00 -1.086580e-01
      outer loop
         vertex -1.499913e+02 -3.400000e+02 -2.885783e+02
         vertex -1.499913e+02 -2.900000e+02 -2.885783e+02
         vertex -1.496616e+02 -2.900000e+02 -2.915947e+02
      endloop
   endfacet
   facet normal -9.940792e-01 0.000000e+00 -1.086580e-01
      outer loop
         vertex -1.499913e+02 -3.400000e+02 -2.885783e+02
         vertex -1.496616e+02 -2.900000e+02 -2.915947e+02
         vertex -1.496616e+02 -3.400000e+02 -2.915947e+02
      endloop
   endfacet
   facet normal -9.648080e-01 0.000000e+00 -2.629552e-01
      outer loop
         vertex -1.496616e+02 -3.400000e+02 -2.915947e+02
         vertex -1.496616e+02 -2.900000e+02 -2.915947e+02
         vertex -1.488398e+02 -2.900000e+02 -2.946097e+02
      endloop
   endfacet
   facet normal -9.648080e-01 0.000000e+00 -2.629552e-01
      outer loop
         vertex -1.496616e+02 -3.400000e+02 -2.915947e+02
         vertex -1.488398e+02 -2.900000e+02 -2.946097e+02
         vertex -1.488398e+02 -3.400000e+02 -2.946097e+02
      endloop
   endfacet
   facet normal -9.118721e-01 0.000000e+00 -4.104744e-01
      outer loop
         vertex -1.488398e+02 -3.400000e+02 -2.946097e+02
         vertex -1.488398e+02 -2.900000e+02 -2.946097e+02
         vertex -1.474859e+02 -2.900000e+02 -2.976174e+02
      endloop
   endfacet
   facet normal -9.118721e-01 0.000000e+00 -4.104744e-01
      outer loop
         vertex -1.488398e+02 -3.400000e+02 -2.946097e+02
         vertex -1.474859e+02 -2.900000e+02 -2.976174e+02
         vertex -1.474859e+02 -3.400000e+02 -2.976174e+02
      endloop
   endfacet
   facet normal -8.478386e-01 0.000000e+00 -5.302543e-01
      outer loop
         vertex -1.474859e+02 -3.400000e+02 -2.976174e+02
         vertex -1.474859e+02 -2.900000e+02 -2.976174e+02
         vertex -1.461011e+02 -2.900000e+02 -2.998317e+02
      endloop
   endfacet
   facet normal -8.478386e-01 0.000000e+00 -5.302543e-01
      outer loop
         vertex -1.474859e+02 -3.400000e+02 -2.976174e+02
         vertex -1.461011e+02 -2.900000e+02 -2.998317e+02
         vertex -1.461011e+02 -3.400000e+02 -2.998317e+02
      endloop
   endfacet
   facet normal -7.678068e-01 0.000000e+00 -6.406815e-01
      outer loop
         vertex -1.461011e+02 -3.400000e+02 -2.998317e+02
         vertex -1.461011e+02 -2.900000e+02 -2.998317e+02
         vertex -1.436685e+02 -2.900000e+02 -3.027470e+02
      endloop
   endfacet
   facet normal -7.678068e-01 0.000000e+00 -6.406815e-01
      outer loop
         vertex -1.461011e+02 -3.400000e+02 -2.998317e+02
         vertex -1.436685e+02 -2.900000e+02 -3.027470e+02
         vertex -1.436685e+02 -3.400000e+02 -3.027470e+02
      endloop
   endfacet
   facet normal -6.594269e-01 0.000000e+00 -7.517687e-01
      outer loop
         vertex -1.436685e+02 -3.400000e+02 -3.027470e+02
         vertex -1.436685e+02 -2.900000e+02 -3.027470e+02
         vertex -1.405291e+02 -2.900000e+02 -3.055008e+02
      endloop
   endfacet
   facet normal -6.594269e-01 0.000000e+00 -7.517687e-01
      outer loop
         vertex -1.436685e+02 -3.400000e+02 -3.027470e+02
         vertex -1.405291e+02 -2.900000e+02 -3.055008e+02
         vertex -1.405291e+02 -3.400000e+02 -3.055008e+02
      endloop
   endfacet
   facet normal -5.298021e-01 0.000000e+00 -8.481213e-01
      outer loop
         vertex -1.405291e+02 -3.400000e+02 -3.055008e+02
         vertex -1.405291e+02 -2.900000e+02 -3.055008e+02
         vertex -1.362461e+02 -2.900000e+02 -3.081762e+02
      endloop
   endfacet
   facet normal -5.298021e-01 0.000000e+00 -8.481213e-01
      outer loop
         vertex -1.405291e+02 -3.400000e+02 -3.055008e+02
         vertex -1.362461e+02 -2.900000e+02 -3.081762e+02
         vertex -1.362461e+02 -3.400000e+02 -3.081762e+02
      endloop
   endfacet
   facet normal -3.875172e-01 0.000000e+00 -9.218625e-01
      outer loop
         vertex -1.362461e+02 -3.400000e+02 -3.081762e+02
         vertex -1.362461e+02 -2.900000e+02 -3.081762e+02
         vertex -1.315538e+02 -2.900000e+02 -3.101487e+02
      endloop
   endfacet
   facet normal -3.875172e-01 0.000000e+00 -9.218625e-01
      outer loop
         vertex -1.362461e+02 -3.400000e+02 -3.081762e+02
         vertex -1.315538e+02 -2.900000e+02 -3.101487e+02
         vertex -1.315538e+02 -3.400000e+02 -3.101487e+02
      endloop
   endfacet
   facet normal -2.425865e-01 0.000000e+00 -9.701298e-01
      outer loop
         vertex -1.315538e+02 -3.400000e+02 -3.101487e+02
         vertex -1.315538e+02 -2.900000e+02 -3.101487e+02
         vertex -1.262700e+02 -2.900000e+02 -3.114700e+02
      endloop
   endfacet
   facet normal -2.425865e-01 0.000000e+00 -9.701298e-01
      outer loop
         vertex -1.315538e+02 -3.400000e+02 -3.101487e+02
         vertex -1.262700e+02 -2.900000e+02 -3.114700e+02
         vertex -1.262700e+02 -3.400000e+02 -3.114700e+02
      endloop
   endfacet
   facet normal -8.423395e-02 0.000000e+00 -9.964460e-01
      outer loop
         vertex -1.262700e+02 -3.400000e+02 -3.114700e+02
         vertex -1.262700e+02 -2.900000e+02 -3.114700e+02
         vertex -1.200000e+02 -2.900000e+02 -3.120000e+02
      endloop
   endfacet
   facet normal -8.423395e-02 0.000000e+00 -9.964460e-01
      outer loop
         vertex -1.262700e+02 -3.400000e+02 -3.114700e+02
         vertex -1.200000e+02 -2.900000e+02 -3.120000e+02
         vertex -1.200000e+02 -3.400000e+02 -3.120000e+02
      endloop
   endfacet
   facet normal 0.000000e+00 -1.000000e+00 0.000000e+00
      outer loop
         vertex 1.500000e+02 -2.900000e+02 -2.225623e+02
         vertex 1.500000e+02 -2.900000e+02 -2.880000e+02
         vertex 2.850000e+02 -2.900000e+02 -3.156658e+02
      endloop
   endfacet
   facet normal 0.000000e+00 -1.000000e+00 0.000000e+00
      outer loop
         vertex 2.850000e+02 -2.900000e+02 -3.156658e+02
         vertex 1.500000e+02 -2.900000e+02 -2.880000e+02
         vertex 1.497387e+02 -2.900000e+02 -2.911610e+02
      endloop
   endfacet
   facet normal -0.000000e+00 -1.000000e+00 -0.000000e+00
      outer loop
         vertex 2.850000e+02 -2.900000e+02 -3.156658e+02
         vertex 1.497387e+02 -2.900000e+02 -2.911610e+02
         vertex 2.850000e+02 -2.900000e+02 -3.360000e+02
      endloop
   endfacet
   facet normal 0.000000e+00 -1.000000e+00 0.000000e+00
      outer loop
         vertex 2.850000e+02 -2.900000e+02 -3.360000e+02
         vertex 1.497387e+02 -2.900000e+02 -2.911610e+02
         vertex 1.489611e+02 -2.900000e+02 -2.942612e+02
      endloop
   endfacet
   facet normal 0.000000e+00 -1.000000e+00 0.000000e+00
      outer loop
         vertex 2.850000e+02 -2.900000e+02 -3.360000e+02
         vertex 1.489611e+02 -2.900000e+02 -2.942612e+02
         vertex 1.476657e+02 -2.900000e+02 -2.972816e+02
      endloop
   endfacet
   facet normal 0.000000e+00 -1.000000e+00 -0.000000e+00
      outer loop
         vertex -1.500000e+02 -2.900000e+02 -2.225623e+02
         vertex -2.850000e+02 -2.900000e+02 -3.156658e+02
         vertex -1.500000e+02 -2.900000e+02 -2.880000e+02
      endloop
   endfacet
   facet normal 0.000000e+00 -1.000000e+00 -0.000000e+00
      outer loop
         vertex -1.500000e+02 -2.900000e+02 -2.880000e+02
         vertex -2.850000e+02 -2.900000e+02 -3.156658e+02
         vertex -1.499913e+02 -2.900000e+02 -2.885783e+02
      endloop
   endfacet
   facet normal 0.000000e+00 -1.000000e+00 0.000000e+00
      outer loop
         vertex 1.500000e+02 -2.900000e+02 -3.520000e+02
         vertex 1.200000e+02 -2.900000e+02 -3.120000e+02
         vertex -1.500000e+02 -2.900000e+02 -3.520000e+02
      endloop
   endfacet
   facet normal 0.000000e+00 -1.000000e+00 0.000000e+00
      outer loop
         vertex -1.500000e+02 -2.900000e+02 -3.520000e+02
         vertex 1.200000e+02 -2.900000e+02 -3.120000e+02
         vertex -1.200000e+02 -2.900000e+02 -3.120000e+02
      endloop
   endfacet
   facet normal 0.000000e+00 -1.000000e+00 0.000000e+00
      outer loop
         vertex -1.500000e+02 -2.900000e+02 -3.520000e+02
         vertex -1.200000e+02 -2.900000e+02 -3.120000e+02
         vertex -1.500000e+02 -2.900000e+02 -3.360000e+02
      endloop
   endfacet
   facet normal 0.000000e+00 -1.000000e+00 0.000000e+00
      outer loop
         vertex -1.500000e+02 -2.900000e+02 -3.360000e+02
         vertex -1.200000e+02 -2.900000e+02 -3.120000e+02
         vertex -1.262700e+02 -2.900000e+02 -3.114700e+02
      endloop
   endfacet
   facet normal 0.000000e+00 -1.000000e+00 0.000000e+00
      outer loop
         vertex -1.500000e+02 -2.900000e+02 -3.360000e+02
         vertex -1.262700e+02 -2.900000e+02 -3.114700e+02
         vertex -1.315538e+02 -2.900000e+02 -3.101487e+02
      endloop
   endfacet
   facet normal -0.000000e+00 -1.000000e+00 0.000000e+00
      outer loop
         vertex -1.315538e+02 -2.900000e+02 -3.101487e+02
         vertex -1.362461e+02 -2.900000e+02 -3.081762e+02
         vertex -1.500000e+02 -2.900000e+02 -3.360000e+02
      endloop
   endfacet
   facet normal 0.000000e+00 -1.000000e+00 0.000000e+00
      outer loop
         vertex -1.500000e+02 -2.900000e+02 -3.360000e+02
         vertex -1.362461e+02 -2.900000e+02 -3.081762e+02
         vertex -1.405291e+02 -2.900000e+02 -3.055008e+02
      endloop
   endfacet
   facet normal 0.000000e+00 -1.000000e+00 0.000000e+00
      outer loop
         vertex -1.500000e+02 -2.900000e+02 -3.360000e+02
         vertex -1.405291e+02 -2.900000e+02 -3.055008e+02
         vertex -2.850000e+02 -2.900000e+02 -3.360000e+02
      endloop
   endfacet
   facet normal 0.000000e+00 -1.000000e+00 0.000000e+00
      outer loop
         vertex -2.850000e+02 -2.900000e+02 -3.360000e+02
         vertex -1.405291e+02 -2.900000e+02 -3.055008e+02
         vertex -1.436685e+02 -2.900000e+02 -3.027470e+02
      endloop
   endfacet
   facet normal 0.000000e+00 -1.000000e+00 0.000000e+00
      outer loop
         vertex -2.850000e+02 -2.900000e+02 -3.360000e+02
         vertex -1.436685e+02 -2.900000e+02 -3.027470e+02
         vertex -1.461011e+02 -2.900000e+02 -2.998317e+02
      endloop
   endfacet
   facet normal 0.000000e+00 -1.000000e+00 -0.000000e+00
      outer loop
         vertex 1.476657e+02 -2.900000e+02 -2.972816e+02
         vertex 1.456989e+02 -2.900000e+02 -3.003823e+02
         vertex 2.850000e+02 -2.900000e+02 -3.360000e+02
      endloop
   endfacet
   facet normal 0.000000e+00 -1.000000e+00 0.000000e+00
      outer loop
         vertex 2.850000e+02 -2.900000e+02 -3.360000e+02
         vertex 1.456989e+02 -2.900000e+02 -3.003823e+02
         vertex 1.432483e+02 -2.900000e+02 -3.031687e+02
      endloop
   endfacet
   facet normal 0.000000e+00 -1.000000e+00 0.000000e+00
      outer loop
         vertex 2.850000e+02 -2.900000e+02 -3.360000e+02
         vertex 1.432483e+02 -2.900000e+02 -3.031687e+02
         vertex 1.500000e+02 -2.900000e+02 -3.360000e+02
      endloop
   endfacet
   facet normal 0.000000e+00 -1.000000e+00 0.000000e+00
      outer loop
         vertex 1.500000e+02 -2.900000e+02 -3.360000e+02
         vertex 1.432483e+02 -2.900000e+02 -3.031687e+02
         vertex 1.401728e+02 -2.900000e+02 -3.057639e+02
      endloop
   endfacet
   facet normal 0.000000e+00 -1.000000e+00 0.000000e+00
      outer loop
         vertex 1.500000e+02 -2.900000e+02 -3.360000e+02
         vertex 1.401728e+02 -2.900000e+02 -3.057639e+02
         vertex 1.360537e+02 -2.900000e+02 -3.082746e+02
      endloop
   endfacet
   facet normal 0.000000e+00 -1.000000e+00 -0.000000e+00
      outer loop
         vertex 1.360537e+02 -2.900000e+02 -3.082746e+02
         vertex 1.317085e+02 -2.900000e+02 -3.100967e+02
         vertex 1.500000e+02 -2.900000e+02 -3.360000e+02
      endloop
   endfacet
   facet normal 0.000000e+00 -1.000000e+00 0.000000e+00
      outer loop
         vertex 1.500000e+02 -2.900000e+02 -3.360000e+02
         vertex 1.317085e+02 -2.900000e+02 -3.100967e+02
         vertex 1.268491e+02 -2.900000e+02 -3.113662e+02
      endloop
   endfacet
   facet normal -0.000000e+00 -1.000000e+00 -0.000000e+00
      outer loop
         vertex 1.500000e+02 -2.900000e+02 -3.360000e+02
         vertex 1.268491e+02 -2.900000e+02 -3.113662e+02
         vertex 1.500000e+02 -2.900000e+02 -3.520000e+02
      endloop
   endfacet
   facet normal 0.000000e+00 -1.000000e+00 0.000000e+00
      outer loop
         vertex 1.500000e+02 -2.900000e+02 -3.520000e+02
         vertex 1.268491e+02 -2.900000e+02 -3.113662e+02
         vertex 1.216906e+02 -2.900000e+02 -3.119619e+02
      endloop
   endfacet
   facet normal 0.000000e+00 -1.000000e+00 0.000000e+00
      outer loop
         vertex 1.500000e+02 -2.900000e+02 -3.520000e+02
         vertex 1.216906e+02 -2.900000e+02 -3.119619e+02
         vertex 1.200000e+02 -2.900000e+02 -3.120000e+02
      endloop
   endfacet
   facet normal -0.000000e+00 -1.000000e+00 0.000000e+00
      outer loop
         vertex -1.461011e+02 -2.900000e+02 -2.998317e+02
         vertex -1.474859e+02 -2.900000e+02 -2.976174e+02
         vertex -2.850000e+02 -2.900000e+02 -3.360000e+02
      endloop
   endfacet
   facet normal 0.000000e+00 -1.000000e+00 0.000000e+00
      outer loop
         vertex -2.850000e+02 -2.900000e+02 -3.360000e+02
         vertex -1.474859e+02 -2.900000e+02 -2.976174e+02
         vertex -1.488398e+02 -2.900000e+02 -2.946097e+02
      endloop
   endfacet
   facet normal 0.000000e+00 -1.000000e+00 0.000000e+00
      outer loop
         vertex -2.850000e+02 -2.900000e+02 -3.360000e+02
         vertex -1.488398e+02 -2.900000e+02 -2.946097e+02
         vertex -2.850000e+02 -2.900000e+02 -3.156658e+02
      endloop
   endfacet
   facet normal 0.000000e+00 -1.000000e+00 0.000000e+00
      outer loop
         vertex -2.850000e+02 -2.900000e+02 -3.156658e+02
         vertex -1.488398e+02 -2.900000e+02 -2.946097e+02
         vertex -1.496616e+02 -2.900000e+02 -2.915947e+02
      endloop
   endfacet
   facet normal 0.000000e+00 -1.000000e+00 0.000000e+00
      outer loop
         vertex -2.850000e+02 -2.900000e+02 -3.156658e+02
         vertex -1.496616e+02 -2.900000e+02 -2.915947e+02
         vertex -1.499913e+02 -2.900000e+02 -2.885783e+02
      endloop
   endfacet
   facet normal -0.000000e+00 -0.000000e+00 -1.000000e+00
      outer loop
         vertex -2.850000e+02 -3.350000e+02 -3.360000e+02
         vertex -2.850000e+02 -3.400000e+02 -3.360000e+02
         vertex -2.870000e+02 -3.350000e+02 -3.360000e+02
      endloop
   endfacet
   facet normal 0.000000e+00 -0.000000e+00 -1.000000e+00
      outer loop
         vertex -2.870000e+02 -3.350000e+02 -3.360000e+02
         vertex -2.850000e+02 -3.400000e+02 -3.360000e+02
         vertex -2.950000e+02 -3.400000e+02 -3.360000e+02
      endloop
   endfacet
   facet normal -0.000000e+00 0.000000e+00 -1.000000e+00
      outer loop
         vertex -2.870000e+02 -3.350000e+02 -3.360000e+02
         vertex -2.950000e+02 -3.400000e+02 -3.360000e+02
         vertex -2.870000e+02 -2.182843e+02 -3.360000e+02
      endloop
   endfacet
   facet normal -0.000000e+00 0.000000e+00 -1.000000e+00
      outer loop
         vertex -2.870000e+02 -2.182843e+02 -3.360000e+02
         vertex -2.950000e+02 -3.400000e+02 -3.360000e+02
         vertex -2.950000e+02 -2.182843e+02 -3.360000e+02
      endloop
   endfacet
   facet normal -0.000000e+00 -8.032655e-02 -9.967686e-01
      outer loop
         vertex -2.870000e+02 -2.182843e+02 -3.360000e+02
         vertex -2.950000e+02 -2.182843e+02 -3.360000e+02
         vertex -2.950000e+02 -2.142954e+02 -3.363215e+02
      endloop
   endfacet
   facet normal 0.000000e+00 -8.032655e-02 -9.967686e-01
      outer loop
         vertex -2.870000e+02 -2.182843e+02 -3.360000e+02
         vertex -2.950000e+02 -2.142954e+02 -3.363215e+02
         vertex -2.870000e+02 -2.142954e+02 -3.363215e+02
      endloop
   endfacet
   facet normal -0.000000e+00 -2.349374e-01 -9.720105e-01
      outer loop
         vertex -2.870000e+02 -2.142954e+02 -3.363215e+02
         vertex -2.950000e+02 -2.142954e+02 -3.363215e+02
         vertex -2.950000e+02 -2.107540e+02 -3.371774e+02
      endloop
   endfacet
   facet normal 0.000000e+00 -2.349374e-01 -9.720105e-01
      outer loop
         vertex -2.870000e+02 -2.142954e+02 -3.363215e+02
         vertex -2.950000e+02 -2.107540e+02 -3.371774e+02
         vertex -2.870000e+02 -2.107540e+02 -3.371774e+02
      endloop
   endfacet
   facet normal -0.000000e+00 -3.802601e-01 -9.248796e-01
      outer loop
         vertex -2.870000e+02 -2.107540e+02 -3.371774e+02
         vertex -2.950000e+02 -2.107540e+02 -3.371774e+02
         vertex -2.950000e+02 -2.076025e+02 -3.384732e+02
      endloop
   endfacet
   facet normal 0.000000e+00 -3.802601e-01 -9.248796e-01
      outer loop
         vertex -2.870000e+02 -2.107540e+02 -3.371774e+02
         vertex -2.950000e+02 -2.076025e+02 -3.384732e+02
         vertex -2.870000e+02 -2.076025e+02 -3.384732e+02
      endloop
   endfacet
   facet normal -0.000000e+00 -5.158117e-01 -8.567020e-01
      outer loop
         vertex -2.870000e+02 -2.076025e+02 -3.384732e+02
         vertex -2.950000e+02 -2.076025e+02 -3.384732e+02
         vertex -2.950000e+02 -2.049930e+02 -3.400443e+02
      endloop
   endfacet
   facet normal 0.000000e+00 -5.158117e-01 -8.567020e-01
      outer loop
         vertex -2.870000e+02 -2.076025e+02 -3.384732e+02
         vertex -2.950000e+02 -2.049930e+02 -3.400443e+02
         vertex -2.870000e+02 -2.049930e+02 -3.400443e+02
      endloop
   endfacet
   facet normal -0.000000e+00 -6.022970e-01 -7.982721e-01
      outer loop
         vertex -2.870000e+02 -2.049930e+02 -3.400443e+02
         vertex -2.950000e+02 -2.049930e+02 -3.400443e+02
         vertex -2.950000e+02 -2.041421e+02 -3.406863e+02
      endloop
   endfacet
   facet normal 0.000000e+00 -6.022970e-01 -7.982721e-01
      outer loop
         vertex -2.870000e+02 -2.049930e+02 -3.400443e+02
         vertex -2.950000e+02 -2.041421e+02 -3.406863e+02
         vertex -2.870000e+02 -2.041421e+02 -3.406863e+02
      endloop
   endfacet
   facet normal -0.000000e+00 -6.246959e-01 -7.808682e-01
      outer loop
         vertex -2.870000e+02 -1.900000e+02 -3.520000e+02
         vertex -2.870000e+02 -2.041421e+02 -3.406863e+02
         vertex -2.950000e+02 -1.900000e+02 -3.520000e+02
      endloop
   endfacet
   facet normal 0.000000e+00 -6.246959e-01 -7.808682e-01
      outer loop
         vertex -2.950000e+02 -1.900000e+02 -3.520000e+02
         vertex -2.870000e+02 -2.041421e+02 -3.406863e+02
         vertex -2.950000e+02 -2.041421e+02 -3.406863e+02
      endloop
   endfacet
   facet normal 0.000000e+00 -6.246959e-01 -7.808682e-01
      outer loop
         vertex 2.870000e+02 -2.041421e+02 -3.406863e+02
         vertex 2.870000e+02 -1.900000e+02 -3.520000e+02
         vertex 2.950000e+02 -2.041421e+02 -3.406863e+02
      endloop
   endfacet
   facet normal 0.000000e+00 -6.246959e-01 -7.808682e-01
      outer loop
         vertex 2.950000e+02 -2.041421e+02 -3.406863e+02
         vertex 2.870000e+02 -1.900000e+02 -3.520000e+02
         vertex 2.950000e+02 -1.900000e+02 -3.520000e+02
      endloop
   endfacet
   facet normal 0.000000e+00 -5.600683e-01 -8.284464e-01
      outer loop
         vertex 2.870000e+02 -2.041421e+02 -3.406863e+02
         vertex 2.950000e+02 -2.041421e+02 -3.406863e+02
         vertex 2.950000e+02 -2.066988e+02 -3.389579e+02
      endloop
   endfacet
   facet normal 0.000000e+00 -5.600683e-01 -8.284464e-01
      outer loop
         vertex 2.870000e+02 -2.041421e+02 -3.406863e+02
         vertex 2.950000e+02 -2.066988e+02 -3.389579e+02
         vertex 2.870000e+02 -2.066988e+02 -3.389579e+02
      endloop
   endfacet
   facet normal 0.000000e+00 -4.300379e-01 -9.028108e-01
      outer loop
         vertex 2.870000e+02 -2.066988e+02 -3.389579e+02
         vertex 2.950000e+02 -2.066988e+02 -3.389579e+02
         vertex 2.950000e+02 -2.094725e+02 -3.376367e+02
      endloop
   endfacet
   facet normal 0.000000e+00 -4.300379e-01 -9.028108e-01
      outer loop
         vertex 2.870000e+02 -2.066988e+02 -3.389579e+02
         vertex 2.950000e+02 -2.094725e+02 -3.376367e+02
         vertex 2.870000e+02 -2.094725e+02 -3.376367e+02
      endloop
   endfacet
   facet normal 0.000000e+00 -2.978185e-01 -9.546225e-01
      outer loop
         vertex 2.870000e+02 -2.094725e+02 -3.376367e+02
         vertex 2.950000e+02 -2.094725e+02 -3.376367e+02
         vertex 2.950000e+02 -2.126151e+02 -3.366563e+02
      endloop
   endfacet
   facet normal 0.000000e+00 -2.978185e-01 -9.546225e-01
      outer loop
         vertex 2.870000e+02 -2.094725e+02 -3.376367e+02
         vertex 2.950000e+02 -2.126151e+02 -3.366563e+02
         vertex 2.870000e+02 -2.126151e+02 -3.366563e+02
      endloop
   endfacet
   facet normal 0.000000e+00 -1.607311e-01 -9.869982e-01
      outer loop
         vertex 2.870000e+02 -2.126151e+02 -3.366563e+02
         vertex 2.950000e+02 -2.126151e+02 -3.366563e+02
         vertex 2.950000e+02 -2.160045e+02 -3.361043e+02
      endloop
   endfacet
   facet normal 0.000000e+00 -1.607311e-01 -9.869982e-01
      outer loop
         vertex 2.870000e+02 -2.126151e+02 -3.366563e+02
         vertex 2.950000e+02 -2.160045e+02 -3.361043e+02
         vertex 2.870000e+02 -2.160045e+02 -3.361043e+02
      endloop
   endfacet
   facet normal 0.000000e+00 -4.569348e-02 -9.989555e-01
      outer loop
         vertex 2.870000e+02 -2.160045e+02 -3.361043e+02
         vertex 2.950000e+02 -2.160045e+02 -3.361043e+02
         vertex 2.950000e+02 -2.182843e+02 -3.360000e+02
      endloop
   endfacet
   facet normal 0.000000e+00 -4.569348e-02 -9.989555e-01
      outer loop
         vertex 2.870000e+02 -2.160045e+02 -3.361043e+02
         vertex 2.950000e+02 -2.182843e+02 -3.360000e+02
         vertex 2.870000e+02 -2.182843e+02 -3.360000e+02
      endloop
   endfacet
   facet normal 0.000000e+00 0.000000e+00 -1.000000e+00
      outer loop
         vertex 2.870000e+02 -2.182843e+02 -3.360000e+02
         vertex 2.950000e+02 -2.182843e+02 -3.360000e+02
         vertex 2.870000e+02 -3.350000e+02 -3.360000e+02
      endloop
   endfacet
   facet normal 0.000000e+00 0.000000e+00 -1.000000e+00
      outer loop
         vertex 2.870000e+02 -3.350000e+02 -3.360000e+02
         vertex 2.950000e+02 -2.182843e+02 -3.360000e+02
         vertex 2.950000e+02 -3.400000e+02 -3.360000e+02
      endloop
   endfacet
   facet normal -0.000000e+00 -0.000000e+00 -1.000000e+00
      outer loop
         vertex 2.870000e+02 -3.350000e+02 -3.360000e+02
         vertex 2.950000e+02 -3.400000e+02 -3.360000e+02
         vertex 2.850000e+02 -3.350000e+02 -3.360000e+02
      endloop
   endfacet
   facet normal 0.000000e+00 0.000000e+00 -1.000000e+00
      outer loop
         vertex 2.850000e+02 -3.350000e+02 -3.360000e+02
         vertex 2.950000e+02 -3.400000e+02 -3.360000e+02
         vertex 2.850000e+02 -3.400000e+02 -3.360000e+02
      endloop
   endfacet
   facet normal 0.000000e+00 -1.000000e+00 0.000000e+00
      outer loop
         vertex 1.500000e+02 -3.350000e+02 -3.360000e+02
         vertex 1.500000e+02 -3.350000e+02 -3.520000e+02
         vertex 1.600000e+02 -3.350000e+02 -3.520000e+02
      endloop
   endfacet
   facet normal 0.000000e+00 -1.000000e+00 0.000000e+00
      outer loop
         vertex 1.600000e+02 -3.350000e+02 -3.840000e+02
         vertex 2.085000e+02 -3.350000e+02 -3.840000e+02
         vertex 1.600000e+02 -3.350000e+02 -3.520000e+02
      endloop
   endfacet
   facet normal 0.000000e+00 -1.000000e+00 0.000000e+00
      outer loop
         vertex 1.600000e+02 -3.350000e+02 -3.520000e+02
         vertex 2.085000e+02 -3.350000e+02 -3.840000e+02
         vertex 2.085000e+02 -3.350000e+02 -3.640000e+02
      endloop
   endfacet
   facet normal 0.000000e+00 -1.000000e+00 0.000000e+00
      outer loop
         vertex 1.600000e+02 -3.350000e+02 -3.520000e+02
         vertex 2.085000e+02 -3.350000e+02 -3.640000e+02
         vertex 1.500000e+02 -3.350000e+02 -3.360000e+02
      endloop
   endfacet
   facet normal 0.000000e+00 -1.000000e+00 0.000000e+00
      outer loop
         vertex 1.500000e+02 -3.350000e+02 -3.360000e+02
         vertex 2.085000e+02 -3.350000e+02 -3.640000e+02
         vertex 2.850000e+02 -3.350000e+02 -3.360000e+02
      endloop
   endfacet
   facet normal 0.000000e+00 -1.000000e+00 0.000000e+00
      outer loop
         vertex 2.285000e+02 -3.350000e+02 -3.840000e+02
         vertex 2.770000e+02 -3.350000e+02 -3.840000e+02
         vertex 2.285000e+02 -3.350000e+02 -3.640000e+02
      endloop
   endfacet
   facet normal 0.000000e+00 -1.000000e+00 0.000000e+00
      outer loop
         vertex 2.285000e+02 -3.350000e+02 -3.640000e+02
         vertex 2.770000e+02 -3.350000e+02 -3.840000e+02
         vertex 2.770000e+02 -3.350000e+02 -3.520000e+02
      endloop
   endfacet
   facet normal 0.000000e+00 -1.000000e+00 0.000000e+00
      outer loop
         vertex 2.870000e+02 -3.350000e+02 -3.520000e+02
         vertex 2.870000e+02 -3.350000e+02 -3.360000e+02
         vertex 2.770000e+02 -3.350000e+02 -3.520000e+02
      endloop
   endfacet
   facet normal 0.000000e+00 -1.000000e+00 0.000000e+00
      outer loop
         vertex 2.770000e+02 -3.350000e+02 -3.520000e+02
         vertex 2.870000e+02 -3.350000e+02 -3.360000e+02
         vertex 2.850000e+02 -3.350000e+02 -3.360000e+02
      endloop
   endfacet
   facet normal -0.000000e+00 -1.000000e+00 0.000000e+00
      outer loop
         vertex 2.770000e+02 -3.350000e+02 -3.520000e+02
         vertex 2.850000e+02 -3.350000e+02 -3.360000e+02
         vertex 2.285000e+02 -3.350000e+02 -3.640000e+02
      endloop
   endfacet
   facet normal 0.000000e+00 -1.000000e+00 0.000000e+00
      outer loop
         vertex 2.285000e+02 -3.350000e+02 -3.640000e+02
         vertex 2.850000e+02 -3.350000e+02 -3.360000e+02
         vertex 2.085000e+02 -3.350000e+02 -3.640000e+02
      endloop
   endfacet
   facet normal 0.000000e+00 -1.000000e+00 0.000000e+00
      outer loop
         vertex -1.600000e+02 -3.350000e+02 -3.520000e+02
         vertex -1.500000e+02 -3.350000e+02 -3.520000e+02
         vertex -1.500000e+02 -3.350000e+02 -3.360000e+02
      endloop
   endfacet
   facet normal 0.000000e+00 -1.000000e+00 0.000000e+00
      outer loop
         vertex -2.085000e+02 -3.350000e+02 -3.640000e+02
         vertex -2.085000e+02 -3.350000e+02 -3.840000e+02
         vertex -1.600000e+02 -3.350000e+02 -3.840000e+02
      endloop
   endfacet
   facet normal 0.000000e+00 -1.000000e+00 0.000000e+00
      outer loop
         vertex -2.870000e+02 -3.350000e+02 -3.360000e+02
         vertex -2.870000e+02 -3.350000e+02 -3.520000e+02
         vertex -2.850000e+02 -3.350000e+02 -3.360000e+02
      endloop
   endfacet
   facet normal 0.000000e+00 -1.000000e+00 -0.000000e+00
      outer loop
         vertex -2.850000e+02 -3.350000e+02 -3.360000e+02
         vertex -2.870000e+02 -3.350000e+02 -3.520000e+02
         vertex -2.770000e+02 -3.350000e+02 -3.520000e+02
      endloop
   endfacet
   facet normal 0.000000e+00 -1.000000e+00 0.000000e+00
      outer loop
         vertex -2.850000e+02 -3.350000e+02 -3.360000e+02
         vertex -2.770000e+02 -3.350000e+02 -3.520000e+02
         vertex -1.500000e+02 -3.350000e+02 -3.360000e+02
      endloop
   endfacet
   facet normal 0.000000e+00 -1.000000e+00 0.000000e+00
      outer loop
         vertex -1.600000e+02 -3.350000e+02 -3.840000e+02
         vertex -1.600000e+02 -3.350000e+02 -3.520000e+02
         vertex -2.085000e+02 -3.350000e+02 -3.640000e+02
      endloop
   endfacet
   facet normal 0.000000e+00 -1.000000e+00 0.000000e+00
      outer loop
         vertex -2.085000e+02 -3.350000e+02 -3.640000e+02
         vertex -1.600000e+02 -3.350000e+02 -3.520000e+02
         vertex -1.500000e+02 -3.350000e+02 -3.360000e+02
      endloop
   endfacet
   facet normal 0.000000e+00 -1.000000e+00 0.000000e+00
      outer loop
         vertex -2.085000e+02 -3.350000e+02 -3.640000e+02
         vertex -1.500000e+02 -3.350000e+02 -3.360000e+02
         vertex -2.285000e+02 -3.350000e+02 -3.640000e+02
      endloop
   endfacet
   facet normal 0.000000e+00 -1.000000e+00 0.000000e+00
      outer loop
         vertex -2.285000e+02 -3.350000e+02 -3.640000e+02
         vertex -1.500000e+02 -3.350000e+02 -3.360000e+02
         vertex -2.770000e+02 -3.350000e+02 -3.520000e+02
      endloop
   endfacet
   facet normal -0.000000e+00 -1.000000e+00 -0.000000e+00
      outer loop
         vertex -2.285000e+02 -3.350000e+02 -3.640000e+02
         vertex -2.770000e+02 -3.350000e+02 -3.520000e+02
         vertex -2.285000e+02 -3.350000e+02 -3.840000e+02
      endloop
   endfacet
   facet normal 0.000000e+00 -1.000000e+00 0.000000e+00
      outer loop
         vertex -2.285000e+02 -3.350000e+02 -3.840000e+02
         vertex -2.770000e+02 -3.350000e+02 -3.520000e+02
         vertex -2.770000e+02 -3.350000e+02 -3.840000e+02
      endloop
   endfacet
   facet normal 0.000000e+00 -1.000000e+00 0.000000e+00
      outer loop
         vertex -2.085000e+02 1.850000e+02 -3.840000e+02
         vertex -1.600000e+02 1.850000e+02 -3.840000e+02
         vertex -2.085000e+02 1.850000e+02 -3.640000e+02
      endloop
   endfacet
   facet normal 0.000000e+00 -1.000000e+00 0.000000e+00
      outer loop
         vertex -2.085000e+02 1.850000e+02 -3.640000e+02
         vertex -1.600000e+02 1.850000e+02 -3.840000e+02
         vertex -1.600000e+02 1.850000e+02 -3.520000e+02
      endloop
   endfacet
   facet normal 0.000000e+00 -1.000000e+00 0.000000e+00
      outer loop
         vertex -2.085000e+02 1.850000e+02 -3.640000e+02
         vertex -1.600000e+02 1.850000e+02 -3.520000e+02
         vertex -2.285000e+02 1.850000e+02 -3.640000e+02
      endloop
   endfacet
   facet normal 0.000000e+00 -1.000000e+00 0.000000e+00
      outer loop
         vertex -2.285000e+02 1.850000e+02 -3.640000e+02
         vertex -1.600000e+02 1.850000e+02 -3.520000e+02
         vertex -2.770000e+02 1.850000e+02 -3.520000e+02
      endloop
   endfacet
   facet normal -0.000000e+00 -1.000000e+00 -0.000000e+00
      outer loop
         vertex -2.285000e+02 1.850000e+02 -3.640000e+02
         vertex -2.770000e+02 1.850000e+02 -3.520000e+02
         vertex -2.285000e+02 1.850000e+02 -3.840000e+02
      endloop
   endfacet
   facet normal 0.000000e+00 -1.000000e+00 0.000000e+00
      outer loop
         vertex -2.285000e+02 1.850000e+02 -3.840000e+02
         vertex -2.770000e+02 1.850000e+02 -3.520000e+02
         vertex -2.770000e+02 1.850000e+02 -3.840000e+02
      endloop
   endfacet
   facet normal 0.000000e+00 0.000000e+00 -1.000000e+00
      outer loop
         vertex -2.085000e+02 3.350000e+02 -3.840000e+02
         vertex -1.600000e+02 3.350000e+02 -3.840000e+02
         vertex -2.085000e+02 1.850000e+02 -3.840000e+02
      endloop
   endfacet
   facet normal 0.000000e+00 0.000000e+00 -1.000000e+00
      outer loop
         vertex -2.085000e+02 1.850000e+02 -3.840000e+02
         vertex -1.600000e+02 3.350000e+02 -3.840000e+02
         vertex -1.600000e+02 1.850000e+02 -3.840000e+02
      endloop
   endfacet
   facet normal -1.000000e+00 0.000000e+00 0.000000e+00
      outer loop
         vertex -2.770000e+02 1.850000e+02 -3.840000e+02
         vertex -2.770000e+02 1.850000e+02 -3.520000e+02
         vertex -2.770000e+02 2.000000e+02 -3.840000e+02
      endloop
   endfacet
   facet normal -1.000000e+00 0.000000e+00 0.000000e+00
      outer loop
         vertex -2.770000e+02 2.000000e+02 -3.840000e+02
         vertex -2.770000e+02 1.850000e+02 -3.520000e+02
         vertex -2.770000e+02 2.000000e+02 -3.520000e+02
      endloop
   endfacet
   facet normal 1.000000e+00 0.000000e+00 0.000000e+00
      outer loop
         vertex -1.600000e+02 1.850000e+02 -3.840000e+02
         vertex -1.600000e+02 3.350000e+02 -3.840000e+02
         vertex -1.600000e+02 1.850000e+02 -3.520000e+02
      endloop
   endfacet
   facet normal 1.000000e+00 -0.000000e+00 0.000000e+00
      outer loop
         vertex -1.600000e+02 1.850000e+02 -3.520000e+02
         vertex -1.600000e+02 3.350000e+02 -3.840000e+02
         vertex -1.600000e+02 3.350000e+02 -3.520000e+02
      endloop
   endfacet
   facet normal -1.000000e+00 0.000000e+00 0.000000e+00
      outer loop
         vertex -2.770000e+02 3.200000e+02 -3.520000e+02
         vertex -2.770000e+02 3.350000e+02 -3.520000e+02
         vertex -2.770000e+02 3.200000e+02 -3.840000e+02
      endloop
   endfacet
   facet normal -1.000000e+00 0.000000e+00 0.000000e+00
      outer loop
         vertex -2.770000e+02 3.200000e+02 -3.840000e+02
         vertex -2.770000e+02 3.350000e+02 -3.520000e+02
         vertex -2.770000e+02 3.350000e+02 -3.840000e+02
      endloop
   endfacet
   facet normal 0.000000e+00 0.000000e+00 -1.000000e+00
      outer loop
         vertex -2.770000e+02 3.200000e+02 -3.840000e+02
         vertex -2.770000e+02 3.350000e+02 -3.840000e+02
         vertex -2.285000e+02 3.350000e+02 -3.840000e+02
      endloop
   endfacet
   facet normal 0.000000e+00 0.000000e+00 -1.000000e+00
      outer loop
         vertex -2.770000e+02 3.200000e+02 -3.840000e+02
         vertex -2.285000e+02 3.350000e+02 -3.840000e+02
         vertex -2.770000e+02 2.000000e+02 -3.840000e+02
      endloop
   endfacet
   facet normal 0.000000e+00 0.000000e+00 -1.000000e+00
      outer loop
         vertex -2.770000e+02 2.000000e+02 -3.840000e+02
         vertex -2.285000e+02 3.350000e+02 -3.840000e+02
         vertex -2.285000e+02 1.850000e+02 -3.840000e+02
      endloop
   endfacet
   facet normal 0.000000e+00 0.000000e+00 -1.000000e+00
      outer loop
         vertex -2.770000e+02 2.000000e+02 -3.840000e+02
         vertex -2.285000e+02 1.850000e+02 -3.840000e+02
         vertex -2.770000e+02 1.850000e+02 -3.840000e+02
      endloop
   endfacet
   facet normal -0.000000e+00 0.000000e+00 1.000000e+00
      outer loop
         vertex -2.970000e+02 3.200000e+02 -3.520000e+02
         vertex -2.970000e+02 2.000000e+02 -3.520000e+02
         vertex -2.870000e+02 3.200000e+02 -3.520000e+02
      endloop
   endfacet
   facet normal 0.000000e+00 0.000000e+00 1.000000e+00
      outer loop
         vertex -2.870000e+02 3.200000e+02 -3.520000e+02
         vertex -2.970000e+02 2.000000e+02 -3.520000e+02
         vertex -2.870000e+02 2.000000e+02 -3.520000e+02
      endloop
   endfacet
   facet normal -1.000000e+00 0.000000e+00 0.000000e+00
      outer loop
         vertex -2.970000e+02 2.000000e+02 -3.680000e+02
         vertex -2.970000e+02 2.000000e+02 -3.520000e+02
         vertex -2.970000e+02 3.200000e+02 -3.680000e+02
      endloop
   endfacet
   facet normal -1.000000e+00 0.000000e+00 0.000000e+00
      outer loop
         vertex -2.970000e+02 3.200000e+02 -3.680000e+02
         vertex -2.970000e+02 2.000000e+02 -3.520000e+02
         vertex -2.970000e+02 3.200000e+02 -3.520000e+02
      endloop
   endfacet
   facet normal -6.246955e-01 0.000000e+00 -7.808685e-01
      outer loop
         vertex -2.770000e+02 2.000000e+02 -3.840000e+02
         vertex -2.970000e+02 2.000000e+02 -3.680000e+02
         vertex -2.770000e+02 3.200000e+02 -3.840000e+02
      endloop
   endfacet
   facet normal -6.246955e-01 0.000000e+00 -7.808685e-01
      outer loop
         vertex -2.770000e+02 3.200000e+02 -3.840000e+02
         vertex -2.970000e+02 2.000000e+02 -3.680000e+02
         vertex -2.970000e+02 3.200000e+02 -3.680000e+02
      endloop
   endfacet
   facet normal 0.000000e+00 -1.000000e+00 0.000000e+00
      outer loop
         vertex -2.970000e+02 2.000000e+02 -3.520000e+02
         vertex -2.970000e+02 2.000000e+02 -3.680000e+02
         vertex -2.870000e+02 2.000000e+02 -3.520000e+02
      endloop
   endfacet
   facet normal 0.000000e+00 -1.000000e+00 -0.000000e+00
      outer loop
         vertex -2.870000e+02 2.000000e+02 -3.520000e+02
         vertex -2.970000e+02 2.000000e+02 -3.680000e+02
         vertex -2.770000e+02 2.000000e+02 -3.840000e+02
      endloop
   endfacet
   facet normal 0.000000e+00 -1.000000e+00 0.000000e+00
      outer loop
         vertex -2.870000e+02 2.000000e+02 -3.520000e+02
         vertex -2.770000e+02 2.000000e+02 -3.840000e+02
         vertex -2.770000e+02 2.000000e+02 -3.520000e+02
      endloop
   endfacet
   facet normal -0.000000e+00 1.000000e+00 0.000000e+00
      outer loop
         vertex -2.970000e+02 3.200000e+02 -3.680000e+02
         vertex -2.970000e+02 3.200000e+02 -3.520000e+02
         vertex -2.770000e+02 3.200000e+02 -3.840000e+02
      endloop
   endfacet
   facet normal 0.000000e+00 1.000000e+00 0.000000e+00
      outer loop
         vertex -2.770000e+02 3.200000e+02 -3.840000e+02
         vertex -2.970000e+02 3.200000e+02 -3.520000e+02
         vertex -2.870000e+02 3.200000e+02 -3.520000e+02
      endloop
   endfacet
   facet normal 0.000000e+00 1.000000e+00 -0.000000e+00
      outer loop
         vertex -2.770000e+02 3.200000e+02 -3.840000e+02
         vertex -2.870000e+02 3.200000e+02 -3.520000e+02
         vertex -2.770000e+02 3.200000e+02 -3.520000e+02
      endloop
   endfacet
   facet normal -1.000000e+00 -0.000000e+00 -0.000000e+00
      outer loop
         vertex -2.085000e+02 3.350000e+02 -3.640000e+02
         vertex -2.085000e+02 3.350000e+02 -3.840000e+02
         vertex -2.085000e+02 1.850000e+02 -3.640000e+02
      endloop
   endfacet
   facet normal -1.000000e+00 0.000000e+00 0.000000e+00
      outer loop
         vertex -2.085000e+02 1.850000e+02 -3.640000e+02
         vertex -2.085000e+02 3.350000e+02 -3.840000e+02
         vertex -2.085000e+02 1.850000e+02 -3.840000e+02
      endloop
   endfacet
   facet normal 1.000000e+00 0.000000e+00 0.000000e+00
      outer loop
         vertex -2.285000e+02 3.350000e+02 -3.640000e+02
         vertex -2.285000e+02 1.850000e+02 -3.640000e+02
         vertex -2.285000e+02 3.350000e+02 -3.840000e+02
      endloop
   endfacet
   facet normal 1.000000e+00 0.000000e+00 0.000000e+00
      outer loop
         vertex -2.285000e+02 3.350000e+02 -3.840000e+02
         vertex -2.285000e+02 1.850000e+02 -3.640000e+02
         vertex -2.285000e+02 1.850000e+02 -3.840000e+02
      endloop
   endfacet
   facet normal 0.000000e+00 0.000000e+00 1.000000e+00
      outer loop
         vertex 2.870000e+02 2.000000e+02 -3.520000e+02
         vertex 2.970000e+02 2.000000e+02 -3.520000e+02
         vertex 2.870000e+02 3.200000e+02 -3.520000e+02
      endloop
   endfacet
   facet normal -0.000000e+00 0.000000e+00 1.000000e+00
      outer loop
         vertex 2.870000e+02 3.200000e+02 -3.520000e+02
         vertex 2.970000e+02 2.000000e+02 -3.520000e+02
         vertex 2.970000e+02 3.200000e+02 -3.520000e+02
      endloop
   endfacet
   facet normal 0.000000e+00 -1.000000e+00 0.000000e+00
      outer loop
         vertex 2.285000e+02 1.850000e+02 -3.640000e+02
         vertex 2.285000e+02 1.850000e+02 -3.840000e+02
         vertex 2.770000e+02 1.850000e+02 -3.840000e+02
      endloop
   endfacet
   facet normal 0.000000e+00 -1.000000e+00 0.000000e+00
      outer loop
         vertex 1.600000e+02 1.850000e+02 -3.520000e+02
         vertex 1.600000e+02 1.850000e+02 -3.840000e+02
         vertex 2.085000e+02 1.850000e+02 -3.840000e+02
      endloop
   endfacet
   facet normal 0.000000e+00 -1.000000e+00 0.000000e+00
      outer loop
         vertex 2.085000e+02 1.850000e+02 -3.840000e+02
         vertex 2.085000e+02 1.850000e+02 -3.640000e+02
         vertex 1.600000e+02 1.850000e+02 -3.520000e+02
      endloop
   endfacet
   facet normal 0.000000e+00 -1.000000e+00 0.000000e+00
      outer loop
         vertex 1.600000e+02 1.850000e+02 -3.520000e+02
         vertex 2.085000e+02 1.850000e+02 -3.640000e+02
         vertex 2.285000e+02 1.850000e+02 -3.640000e+02
      endloop
   endfacet
   facet normal 0.000000e+00 -1.000000e+00 0.000000e+00
      outer loop
         vertex 1.600000e+02 1.850000e+02 -3.520000e+02
         vertex 2.285000e+02 1.850000e+02 -3.640000e+02
         vertex 2.770000e+02 1.850000e+02 -3.520000e+02
      endloop
   endfacet
   facet normal 0.000000e+00 -1.000000e+00 -0.000000e+00
      outer loop
         vertex 2.770000e+02 1.850000e+02 -3.520000e+02
         vertex 2.285000e+02 1.850000e+02 -3.640000e+02
         vertex 2.770000e+02 1.850000e+02 -3.840000e+02
      endloop
   endfacet
   facet normal 0.000000e+00 0.000000e+00 -1.000000e+00
      outer loop
         vertex 1.600000e+02 3.350000e+02 -3.840000e+02
         vertex 2.085000e+02 3.350000e+02 -3.840000e+02
         vertex 1.600000e+02 1.850000e+02 -3.840000e+02
      endloop
   endfacet
   facet normal 0.000000e+00 0.000000e+00 -1.000000e+00
      outer loop
         vertex 1.600000e+02 1.850000e+02 -3.840000e+02
         vertex 2.085000e+02 3.350000e+02 -3.840000e+02
         vertex 2.085000e+02 1.850000e+02 -3.840000e+02
      endloop
   endfacet
   facet normal 1.000000e+00 -0.000000e+00 0.000000e+00
      outer loop
         vertex 2.770000e+02 1.850000e+02 -3.520000e+02
         vertex 2.770000e+02 1.850000e+02 -3.840000e+02
         vertex 2.770000e+02 2.000000e+02 -3.520000e+02
      endloop
   endfacet
   facet normal 1.000000e+00 0.000000e+00 0.000000e+00
      outer loop
         vertex 2.770000e+02 2.000000e+02 -3.520000e+02
         vertex 2.770000e+02 1.850000e+02 -3.840000e+02
         vertex 2.770000e+02 2.000000e+02 -3.840000e+02
      endloop
   endfacet
   facet normal -1.000000e+00 0.000000e+00 0.000000e+00
      outer loop
         vertex 1.600000e+02 3.350000e+02 -3.840000e+02
         vertex 1.600000e+02 1.850000e+02 -3.840000e+02
         vertex 1.600000e+02 3.350000e+02 -3.520000e+02
      endloop
   endfacet
   facet normal -1.000000e+00 -0.000000e+00 0.000000e+00
      outer loop
         vertex 1.600000e+02 3.350000e+02 -3.520000e+02
         vertex 1.600000e+02 1.850000e+02 -3.840000e+02
         vertex 1.600000e+02 1.850000e+02 -3.520000e+02
      endloop
   endfacet
   facet normal 1.000000e+00 0.000000e+00 0.000000e+00
      outer loop
         vertex 2.770000e+02 3.350000e+02 -3.520000e+02
         vertex 2.770000e+02 3.200000e+02 -3.520000e+02
         vertex 2.770000e+02 3.350000e+02 -3.840000e+02
      endloop
   endfacet
   facet normal 1.000000e+00 0.000000e+00 0.000000e+00
      outer loop
         vertex 2.770000e+02 3.350000e+02 -3.840000e+02
         vertex 2.770000e+02 3.200000e+02 -3.520000e+02
         vertex 2.770000e+02 3.200000e+02 -3.840000e+02
      endloop
   endfacet
   facet normal 0.000000e+00 0.000000e+00 -1.000000e+00
      outer loop
         vertex 2.770000e+02 1.850000e+02 -3.840000e+02
         vertex 2.285000e+02 1.850000e+02 -3.840000e+02
         vertex 2.770000e+02 2.000000e+02 -3.840000e+02
      endloop
   endfacet
   facet normal -0.000000e+00 0.000000e+00 -1.000000e+00
      outer loop
         vertex 2.770000e+02 2.000000e+02 -3.840000e+02
         vertex 2.285000e+02 1.850000e+02 -3.840000e+02
         vertex 2.285000e+02 3.350000e+02 -3.840000e+02
      endloop
   endfacet
   facet normal 0.000000e+00 0.000000e+00 -1.000000e+00
      outer loop
         vertex 2.770000e+02 2.000000e+02 -3.840000e+02
         vertex 2.285000e+02 3.350000e+02 -3.840000e+02
         vertex 2.770000e+02 3.200000e+02 -3.840000e+02
      endloop
   endfacet
   facet normal 0.000000e+00 0.000000e+00 -1.000000e+00
      outer loop
         vertex 2.770000e+02 3.200000e+02 -3.840000e+02
         vertex 2.285000e+02 3.350000e+02 -3.840000e+02
         vertex 2.770000e+02 3.350000e+02 -3.840000e+02
      endloop
   endfacet
   facet normal 1.000000e+00 -0.000000e+00 0.000000e+00
      outer loop
         vertex 2.970000e+02 2.000000e+02 -3.520000e+02
         vertex 2.970000e+02 2.000000e+02 -3.680000e+02
         vertex 2.970000e+02 3.200000e+02 -3.520000e+02
      endloop
   endfacet
   facet normal 1.000000e+00 0.000000e+00 0.000000e+00
      outer loop
         vertex 2.970000e+02 3.200000e+02 -3.520000e+02
         vertex 2.970000e+02 2.000000e+02 -3.680000e+02
         vertex 2.970000e+02 3.200000e+02 -3.680000e+02
      endloop
   endfacet
   facet normal 6.246955e-01 0.000000e+00 -7.808685e-01
      outer loop
         vertex 2.970000e+02 2.000000e+02 -3.680000e+02
         vertex 2.770000e+02 2.000000e+02 -3.840000e+02
         vertex 2.970000e+02 3.200000e+02 -3.680000e+02
      endloop
   endfacet
   facet normal 6.246955e-01 0.000000e+00 -7.808685e-01
      outer loop
         vertex 2.970000e+02 3.200000e+02 -3.680000e+02
         vertex 2.770000e+02 2.000000e+02 -3.840000e+02
         vertex 2.770000e+02 3.200000e+02 -3.840000e+02
      endloop
   endfacet
   facet normal -0.000000e+00 -1.000000e+00 0.000000e+00
      outer loop
         vertex 2.970000e+02 2.000000e+02 -3.680000e+02
         vertex 2.970000e+02 2.000000e+02 -3.520000e+02
         vertex 2.770000e+02 2.000000e+02 -3.840000e+02
      endloop
   endfacet
   facet normal 0.000000e+00 -1.000000e+00 0.000000e+00
      outer loop
         vertex 2.770000e+02 2.000000e+02 -3.840000e+02
         vertex 2.970000e+02 2.000000e+02 -3.520000e+02
         vertex 2.870000e+02 2.000000e+02 -3.520000e+02
      endloop
   endfacet
   facet normal 0.000000e+00 -1.000000e+00 0.000000e+00
      outer loop
         vertex 2.770000e+02 2.000000e+02 -3.840000e+02
         vertex 2.870000e+02 2.000000e+02 -3.520000e+02
         vertex 2.770000e+02 2.000000e+02 -3.520000e+02
      endloop
   endfacet
   facet normal 0.000000e+00 1.000000e+00 0.000000e+00
      outer loop
         vertex 2.970000e+02 3.200000e+02 -3.520000e+02
         vertex 2.970000e+02 3.200000e+02 -3.680000e+02
         vertex 2.870000e+02 3.200000e+02 -3.520000e+02
      endloop
   endfacet
   facet normal 0.000000e+00 1.000000e+00 0.000000e+00
      outer loop
         vertex 2.870000e+02 3.200000e+02 -3.520000e+02
         vertex 2.970000e+02 3.200000e+02 -3.680000e+02
         vertex 2.770000e+02 3.200000e+02 -3.840000e+02
      endloop
   endfacet
   facet normal 0.000000e+00 1.000000e+00 0.000000e+00
      outer loop
         vertex 2.870000e+02 3.200000e+02 -3.520000e+02
         vertex 2.770000e+02 3.200000e+02 -3.840000e+02
         vertex 2.770000e+02 3.200000e+02 -3.520000e+02
      endloop
   endfacet
   facet normal 1.000000e+00 0.000000e+00 -0.000000e+00
      outer loop
         vertex 2.085000e+02 3.350000e+02 -3.840000e+02
         vertex 2.085000e+02 3.350000e+02 -3.640000e+02
         vertex 2.085000e+02 1.850000e+02 -3.840000e+02
      endloop
   endfacet
   facet normal 1.000000e+00 0.000000e+00 0.000000e+00
      outer loop
         vertex 2.085000e+02 1.850000e+02 -3.840000e+02
         vertex 2.085000e+02 3.350000e+02 -3.640000e+02
         vertex 2.085000e+02 1.850000e+02 -3.640000e+02
      endloop
   endfacet
   facet normal -1.000000e+00 0.000000e+00 0.000000e+00
      outer loop
         vertex 2.285000e+02 1.850000e+02 -3.640000e+02
         vertex 2.285000e+02 3.350000e+02 -3.640000e+02
         vertex 2.285000e+02 1.850000e+02 -3.840000e+02
      endloop
   endfacet
   facet normal -1.000000e+00 0.000000e+00 0.000000e+00
      outer loop
         vertex 2.285000e+02 1.850000e+02 -3.840000e+02
         vertex 2.285000e+02 3.350000e+02 -3.640000e+02
         vertex 2.285000e+02 3.350000e+02 -3.840000e+02
      endloop
   endfacet
   facet normal 0.000000e+00 1.000000e+00 -0.000000e+00
      outer loop
         vertex 2.085000e+02 -1.850000e+02 -3.840000e+02
         vertex 1.600000e+02 -1.850000e+02 -3.840000e+02
         vertex 2.085000e+02 -1.850000e+02 -3.640000e+02
      endloop
   endfacet
   facet normal 0.000000e+00 1.000000e+00 0.000000e+00
      outer loop
         vertex 2.085000e+02 -1.850000e+02 -3.640000e+02
         vertex 1.600000e+02 -1.850000e+02 -3.840000e+02
         vertex 1.600000e+02 -1.850000e+02 -3.520000e+02
      endloop
   endfacet
   facet normal 0.000000e+00 1.000000e+00 -0.000000e+00
      outer loop
         vertex 2.085000e+02 -1.850000e+02 -3.640000e+02
         vertex 1.600000e+02 -1.850000e+02 -3.520000e+02
         vertex 2.285000e+02 -1.850000e+02 -3.640000e+02
      endloop
   endfacet
   facet normal 0.000000e+00 1.000000e+00 -0.000000e+00
      outer loop
         vertex 2.285000e+02 -1.850000e+02 -3.640000e+02
         vertex 1.600000e+02 -1.850000e+02 -3.520000e+02
         vertex 2.770000e+02 -1.850000e+02 -3.520000e+02
      endloop
   endfacet
   facet normal -0.000000e+00 1.000000e+00 0.000000e+00
      outer loop
         vertex 2.285000e+02 -1.850000e+02 -3.640000e+02
         vertex 2.770000e+02 -1.850000e+02 -3.520000e+02
         vertex 2.285000e+02 -1.850000e+02 -3.840000e+02
      endloop
   endfacet
   facet normal 0.000000e+00 1.000000e+00 0.000000e+00
      outer loop
         vertex 2.285000e+02 -1.850000e+02 -3.840000e+02
         vertex 2.770000e+02 -1.850000e+02 -3.520000e+02
         vertex 2.770000e+02 -1.850000e+02 -3.840000e+02
      endloop
   endfacet
   facet normal 0.000000e+00 0.000000e+00 -1.000000e+00
      outer loop
         vertex 2.085000e+02 -3.350000e+02 -3.840000e+02
         vertex 1.600000e+02 -3.350000e+02 -3.840000e+02
         vertex 2.085000e+02 -1.850000e+02 -3.840000e+02
      endloop
   endfacet
   facet normal -0.000000e+00 0.000000e+00 -1.000000e+00
      outer loop
         vertex 2.085000e+02 -1.850000e+02 -3.840000e+02
         vertex 1.600000e+02 -3.350000e+02 -3.840000e+02
         vertex 1.600000e+02 -1.850000e+02 -3.840000e+02
      endloop
   endfacet
   facet normal 1.000000e+00 0.000000e+00 -0.000000e+00
      outer loop
         vertex 2.770000e+02 -1.850000e+02 -3.840000e+02
         vertex 2.770000e+02 -1.850000e+02 -3.520000e+02
         vertex 2.770000e+02 -2.000000e+02 -3.840000e+02
      endloop
   endfacet
   facet normal 1.000000e+00 0.000000e+00 0.000000e+00
      outer loop
         vertex 2.770000e+02 -2.000000e+02 -3.840000e+02
         vertex 2.770000e+02 -1.850000e+02 -3.520000e+02
         vertex 2.770000e+02 -2.000000e+02 -3.520000e+02
      endloop
   endfacet
   facet normal -1.000000e+00 0.000000e+00 0.000000e+00
      outer loop
         vertex 1.600000e+02 -1.850000e+02 -3.840000e+02
         vertex 1.600000e+02 -3.350000e+02 -3.840000e+02
         vertex 1.600000e+02 -1.850000e+02 -3.520000e+02
      endloop
   endfacet
   facet normal -1.000000e+00 -0.000000e+00 0.000000e+00
      outer loop
         vertex 1.600000e+02 -1.850000e+02 -3.520000e+02
         vertex 1.600000e+02 -3.350000e+02 -3.840000e+02
         vertex 1.600000e+02 -3.350000e+02 -3.520000e+02
      endloop
   endfacet
   facet normal 1.000000e+00 0.000000e+00 0.000000e+00
      outer loop
         vertex 2.770000e+02 -3.200000e+02 -3.520000e+02
         vertex 2.770000e+02 -3.350000e+02 -3.520000e+02
         vertex 2.770000e+02 -3.200000e+02 -3.840000e+02
      endloop
   endfacet
   facet normal 1.000000e+00 0.000000e+00 0.000000e+00
      outer loop
         vertex 2.770000e+02 -3.200000e+02 -3.840000e+02
         vertex 2.770000e+02 -3.350000e+02 -3.520000e+02
         vertex 2.770000e+02 -3.350000e+02 -3.840000e+02
      endloop
   endfacet
   facet normal 0.000000e+00 -0.000000e+00 -1.000000e+00
      outer loop
         vertex 2.770000e+02 -3.200000e+02 -3.840000e+02
         vertex 2.770000e+02 -3.350000e+02 -3.840000e+02
         vertex 2.285000e+02 -3.350000e+02 -3.840000e+02
      endloop
   endfacet
   facet normal -0.000000e+00 0.000000e+00 -1.000000e+00
      outer loop
         vertex 2.770000e+02 -3.200000e+02 -3.840000e+02
         vertex 2.285000e+02 -3.350000e+02 -3.840000e+02
         vertex 2.770000e+02 -2.000000e+02 -3.840000e+02
      endloop
   endfacet
   facet normal -0.000000e+00 0.000000e+00 -1.000000e+00
      outer loop
         vertex 2.770000e+02 -2.000000e+02 -3.840000e+02
         vertex 2.285000e+02 -3.350000e+02 -3.840000e+02
         vertex 2.285000e+02 -1.850000e+02 -3.840000e+02
      endloop
   endfacet
   facet normal 0.000000e+00 0.000000e+00 -1.000000e+00
      outer loop
         vertex 2.770000e+02 -2.000000e+02 -3.840000e+02
         vertex 2.285000e+02 -1.850000e+02 -3.840000e+02
         vertex 2.770000e+02 -1.850000e+02 -3.840000e+02
      endloop
   endfacet
   facet normal 0.000000e+00 -0.000000e+00 1.000000e+00
      outer loop
         vertex 2.970000e+02 -3.200000e+02 -3.520000e+02
         vertex 2.970000e+02 -2.000000e+02 -3.520000e+02
         vertex 2.870000e+02 -3.200000e+02 -3.520000e+02
      endloop
   endfacet
   facet normal 0.000000e+00 0.000000e+00 1.000000e+00
      outer loop
         vertex 2.870000e+02 -3.200000e+02 -3.520000e+02
         vertex 2.970000e+02 -2.000000e+02 -3.520000e+02
         vertex 2.870000e+02 -2.000000e+02 -3.520000e+02
      endloop
   endfacet
   facet normal 1.000000e+00 0.000000e+00 -0.000000e+00
      outer loop
         vertex 2.970000e+02 -2.000000e+02 -3.680000e+02
         vertex 2.970000e+02 -2.000000e+02 -3.520000e+02
         vertex 2.970000e+02 -3.200000e+02 -3.680000e+02
      endloop
   endfacet
   facet normal 1.000000e+00 0.000000e+00 0.000000e+00
      outer loop
         vertex 2.970000e+02 -3.200000e+02 -3.680000e+02
         vertex 2.970000e+02 -2.000000e+02 -3.520000e+02
         vertex 2.970000e+02 -3.200000e+02 -3.520000e+02
      endloop
   endfacet
   facet normal 6.246955e-01 0.000000e+00 -7.808685e-01
      outer loop
         vertex 2.770000e+02 -2.000000e+02 -3.840000e+02
         vertex 2.970000e+02 -2.000000e+02 -3.680000e+02
         vertex 2.770000e+02 -3.200000e+02 -3.840000e+02
      endloop
   endfacet
   facet normal 6.246955e-01 0.000000e+00 -7.808685e-01
      outer loop
         vertex 2.770000e+02 -3.200000e+02 -3.840000e+02
         vertex 2.970000e+02 -2.000000e+02 -3.680000e+02
         vertex 2.970000e+02 -3.200000e+02 -3.680000e+02
      endloop
   endfacet
   facet normal 0.000000e+00 1.000000e+00 0.000000e+00
      outer loop
         vertex 2.970000e+02 -2.000000e+02 -3.520000e+02
         vertex 2.970000e+02 -2.000000e+02 -3.680000e+02
         vertex 2.870000e+02 -2.000000e+02 -3.520000e+02
      endloop
   endfacet
   facet normal 0.000000e+00 1.000000e+00 0.000000e+00
      outer loop
         vertex 2.870000e+02 -2.000000e+02 -3.520000e+02
         vertex 2.970000e+02 -2.000000e+02 -3.680000e+02
         vertex 2.770000e+02 -2.000000e+02 -3.840000e+02
      endloop
   endfacet
   facet normal 0.000000e+00 1.000000e+00 0.000000e+00
      outer loop
         vertex 2.870000e+02 -2.000000e+02 -3.520000e+02
         vertex 2.770000e+02 -2.000000e+02 -3.840000e+02
         vertex 2.770000e+02 -2.000000e+02 -3.520000e+02
      endloop
   endfacet
   facet normal -0.000000e+00 -1.000000e+00 0.000000e+00
      outer loop
         vertex 2.970000e+02 -3.200000e+02 -3.680000e+02
         vertex 2.970000e+02 -3.200000e+02 -3.520000e+02
         vertex 2.770000e+02 -3.200000e+02 -3.840000e+02
      endloop
   endfacet
   facet normal 0.000000e+00 -1.000000e+00 0.000000e+00
      outer loop
         vertex 2.770000e+02 -3.200000e+02 -3.840000e+02
         vertex 2.970000e+02 -3.200000e+02 -3.520000e+02
         vertex 2.870000e+02 -3.200000e+02 -3.520000e+02
      endloop
   endfacet
   facet normal 0.000000e+00 -1.000000e+00 0.000000e+00
      outer loop
         vertex 2.770000e+02 -3.200000e+02 -3.840000e+02
         vertex 2.870000e+02 -3.200000e+02 -3.520000e+02
         vertex 2.770000e+02 -3.200000e+02 -3.520000e+02
      endloop
   endfacet
   facet normal 1.000000e+00 -0.000000e+00 0.000000e+00
      outer loop
         vertex 2.085000e+02 -3.350000e+02 -3.640000e+02
         vertex 2.085000e+02 -3.350000e+02 -3.840000e+02
         vertex 2.085000e+02 -1.850000e+02 -3.640000e+02
      endloop
   endfacet
   facet normal 1.000000e+00 0.000000e+00 0.000000e+00
      outer loop
         vertex 2.085000e+02 -1.850000e+02 -3.640000e+02
         vertex 2.085000e+02 -3.350000e+02 -3.840000e+02
         vertex 2.085000e+02 -1.850000e+02 -3.840000e+02
      endloop
   endfacet
   facet normal -1.000000e+00 0.000000e+00 0.000000e+00
      outer loop
         vertex 2.285000e+02 -3.350000e+02 -3.640000e+02
         vertex 2.285000e+02 -1.850000e+02 -3.640000e+02
         vertex 2.285000e+02 -3.350000e+02 -3.840000e+02
      endloop
   endfacet
   facet normal -1.000000e+00 0.000000e+00 0.000000e+00
      outer loop
         vertex 2.285000e+02 -3.350000e+02 -3.840000e+02
         vertex 2.285000e+02 -1.850000e+02 -3.640000e+02
         vertex 2.285000e+02 -1.850000e+02 -3.840000e+02
      endloop
   endfacet
   facet normal 0.000000e+00 0.000000e+00 1.000000e+00
      outer loop
         vertex -2.870000e+02 -2.000000e+02 -3.520000e+02
         vertex -2.970000e+02 -2.000000e+02 -3.520000e+02
         vertex -2.870000e+02 -3.200000e+02 -3.520000e+02
      endloop
   endfacet
   facet normal 0.000000e+00 0.000000e+00 1.000000e+00
      outer loop
         vertex -2.870000e+02 -3.200000e+02 -3.520000e+02
         vertex -2.970000e+02 -2.000000e+02 -3.520000e+02
         vertex -2.970000e+02 -3.200000e+02 -3.520000e+02
      endloop
   endfacet
   facet normal 0.000000e+00 1.000000e+00 0.000000e+00
      outer loop
         vertex -2.285000e+02 -1.850000e+02 -3.640000e+02
         vertex -2.285000e+02 -1.850000e+02 -3.840000e+02
         vertex -2.770000e+02 -1.850000e+02 -3.840000e+02
      endloop
   endfacet
   facet normal 0.000000e+00 1.000000e+00 0.000000e+00
      outer loop
         vertex -1.600000e+02 -1.850000e+02 -3.520000e+02
         vertex -1.600000e+02 -1.850000e+02 -3.840000e+02
         vertex -2.085000e+02 -1.850000e+02 -3.840000e+02
      endloop
   endfacet
   facet normal 0.000000e+00 1.000000e+00 0.000000e+00
      outer loop
         vertex -2.085000e+02 -1.850000e+02 -3.840000e+02
         vertex -2.085000e+02 -1.850000e+02 -3.640000e+02
         vertex -1.600000e+02 -1.850000e+02 -3.520000e+02
      endloop
   endfacet
   facet normal 0.000000e+00 1.000000e+00 0.000000e+00
      outer loop
         vertex -1.600000e+02 -1.850000e+02 -3.520000e+02
         vertex -2.085000e+02 -1.850000e+02 -3.640000e+02
         vertex -2.285000e+02 -1.850000e+02 -3.640000e+02
      endloop
   endfacet
   facet normal 0.000000e+00 1.000000e+00 0.000000e+00
      outer loop
         vertex -1.600000e+02 -1.850000e+02 -3.520000e+02
         vertex -2.285000e+02 -1.850000e+02 -3.640000e+02
         vertex -2.770000e+02 -1.850000e+02 -3.520000e+02
      endloop
   endfacet
   facet normal 0.000000e+00 1.000000e+00 0.000000e+00
      outer loop
         vertex -2.770000e+02 -1.850000e+02 -3.520000e+02
         vertex -2.285000e+02 -1.850000e+02 -3.640000e+02
         vertex -2.770000e+02 -1.850000e+02 -3.840000e+02
      endloop
   endfacet
   facet normal 0.000000e+00 0.000000e+00 -1.000000e+00
      outer loop
         vertex -1.600000e+02 -3.350000e+02 -3.840000e+02
         vertex -2.085000e+02 -3.350000e+02 -3.840000e+02
         vertex -1.600000e+02 -1.850000e+02 -3.840000e+02
      endloop
   endfacet
   facet normal -0.000000e+00 0.000000e+00 -1.000000e+00
      outer loop
         vertex -1.600000e+02 -1.850000e+02 -3.840000e+02
         vertex -2.085000e+02 -3.350000e+02 -3.840000e+02
         vertex -2.085000e+02 -1.850000e+02 -3.840000e+02
      endloop
   endfacet
   facet normal -1.000000e+00 -0.000000e+00 -0.000000e+00
      outer loop
         vertex -2.770000e+02 -1.850000e+02 -3.520000e+02
         vertex -2.770000e+02 -1.850000e+02 -3.840000e+02
         vertex -2.770000e+02 -2.000000e+02 -3.520000e+02
      endloop
   endfacet
   facet normal -1.000000e+00 0.000000e+00 0.000000e+00
      outer loop
         vertex -2.770000e+02 -2.000000e+02 -3.520000e+02
         vertex -2.770000e+02 -1.850000e+02 -3.840000e+02
         vertex -2.770000e+02 -2.000000e+02 -3.840000e+02
      endloop
   endfacet
   facet normal 1.000000e+00 0.000000e+00 0.000000e+00
      outer loop
         vertex -1.600000e+02 -3.350000e+02 -3.840000e+02
         vertex -1.600000e+02 -1.850000e+02 -3.840000e+02
         vertex -1.600000e+02 -3.350000e+02 -3.520000e+02
      endloop
   endfacet
   facet normal 1.000000e+00 -0.000000e+00 0.000000e+00
      outer loop
         vertex -1.600000e+02 -3.350000e+02 -3.520000e+02
         vertex -1.600000e+02 -1.850000e+02 -3.840000e+02
         vertex -1.600000e+02 -1.850000e+02 -3.520000e+02
      endloop
   endfacet
   facet normal -1.000000e+00 0.000000e+00 0.000000e+00
      outer loop
         vertex -2.770000e+02 -3.350000e+02 -3.520000e+02
         vertex -2.770000e+02 -3.200000e+02 -3.520000e+02
         vertex -2.770000e+02 -3.350000e+02 -3.840000e+02
      endloop
   endfacet
   facet normal -1.000000e+00 0.000000e+00 0.000000e+00
      outer loop
         vertex -2.770000e+02 -3.350000e+02 -3.840000e+02
         vertex -2.770000e+02 -3.200000e+02 -3.520000e+02
         vertex -2.770000e+02 -3.200000e+02 -3.840000e+02
      endloop
   endfacet
   facet normal 0.000000e+00 0.000000e+00 -1.000000e+00
      outer loop
         vertex -2.770000e+02 -1.850000e+02 -3.840000e+02
         vertex -2.285000e+02 -1.850000e+02 -3.840000e+02
         vertex -2.770000e+02 -2.000000e+02 -3.840000e+02
      endloop
   endfacet
   facet normal 0.000000e+00 0.000000e+00 -1.000000e+00
      outer loop
         vertex -2.770000e+02 -2.000000e+02 -3.840000e+02
         vertex -2.285000e+02 -1.850000e+02 -3.840000e+02
         vertex -2.285000e+02 -3.350000e+02 -3.840000e+02
      endloop
   endfacet
   facet normal 0.000000e+00 0.000000e+00 -1.000000e+00
      outer loop
         vertex -2.770000e+02 -2.000000e+02 -3.840000e+02
         vertex -2.285000e+02 -3.350000e+02 -3.840000e+02
         vertex -2.770000e+02 -3.200000e+02 -3.840000e+02
      endloop
   endfacet
   facet normal 0.000000e+00 0.000000e+00 -1.000000e+00
      outer loop
         vertex -2.770000e+02 -3.200000e+02 -3.840000e+02
         vertex -2.285000e+02 -3.350000e+02 -3.840000e+02
         vertex -2.770000e+02 -3.350000e+02 -3.840000e+02
      endloop
   endfacet
   facet normal -1.000000e+00 -0.000000e+00 -0.000000e+00
      outer loop
         vertex -2.970000e+02 -2.000000e+02 -3.520000e+02
         vertex -2.970000e+02 -2.000000e+02 -3.680000e+02
         vertex -2.970000e+02 -3.200000e+02 -3.520000e+02
      endloop
   endfacet
   facet normal -1.000000e+00 0.000000e+00 0.000000e+00
      outer loop
         vertex -2.970000e+02 -3.200000e+02 -3.520000e+02
         vertex -2.970000e+02 -2.000000e+02 -3.680000e+02
         vertex -2.970000e+02 -3.200000e+02 -3.680000e+02
      endloop
   endfacet
   facet normal -6.246955e-01 -0.000000e+00 -7.808685e-01
      outer loop
         vertex -2.970000e+02 -2.000000e+02 -3.680000e+02
         vertex -2.770000e+02 -2.000000e+02 -3.840000e+02
         vertex -2.970000e+02 -3.200000e+02 -3.680000e+02
      endloop
   endfacet
   facet normal -6.246955e-01 0.000000e+00 -7.808685e-01
      outer loop
         vertex -2.970000e+02 -3.200000e+02 -3.680000e+02
         vertex -2.770000e+02 -2.000000e+02 -3.840000e+02
         vertex -2.770000e+02 -3.200000e+02 -3.840000e+02
      endloop
   endfacet
   facet normal -0.000000e+00 1.000000e+00 0.000000e+00
      outer loop
         vertex -2.970000e+02 -2.000000e+02 -3.680000e+02
         vertex -2.970000e+02 -2.000000e+02 -3.520000e+02
         vertex -2.770000e+02 -2.000000e+02 -3.840000e+02
      endloop
   endfacet
   facet normal 0.000000e+00 1.000000e+00 0.000000e+00
      outer loop
         vertex -2.770000e+02 -2.000000e+02 -3.840000e+02
         vertex -2.970000e+02 -2.000000e+02 -3.520000e+02
         vertex -2.870000e+02 -2.000000e+02 -3.520000e+02
      endloop
   endfacet
   facet normal 0.000000e+00 1.000000e+00 -0.000000e+00
      outer loop
         vertex -2.770000e+02 -2.000000e+02 -3.840000e+02
         vertex -2.870000e+02 -2.000000e+02 -3.520000e+02
         vertex -2.770000e+02 -2.000000e+02 -3.520000e+02
      endloop
   endfacet
   facet normal 0.000000e+00 -1.000000e+00 0.000000e+00
      outer loop
         vertex -2.970000e+02 -3.200000e+02 -3.520000e+02
         vertex -2.970000e+02 -3.200000e+02 -3.680000e+02
         vertex -2.870000e+02 -3.200000e+02 -3.520000e+02
      endloop
   endfacet
   facet normal 0.000000e+00 -1.000000e+00 -0.000000e+00
      outer loop
         vertex -2.870000e+02 -3.200000e+02 -3.520000e+02
         vertex -2.970000e+02 -3.200000e+02 -3.680000e+02
         vertex -2.770000e+02 -3.200000e+02 -3.840000e+02
      endloop
   endfacet
   facet normal 0.000000e+00 -1.000000e+00 0.000000e+00
      outer loop
         vertex -2.870000e+02 -3.200000e+02 -3.520000e+02
         vertex -2.770000e+02 -3.200000e+02 -3.840000e+02
         vertex -2.770000e+02 -3.200000e+02 -3.520000e+02
      endloop
   endfacet
   facet normal -1.000000e+00 0.000000e+00 0.000000e+00
      outer loop
         vertex -2.085000e+02 -3.350000e+02 -3.840000e+02
         vertex -2.085000e+02 -3.350000e+02 -3.640000e+02
         vertex -2.085000e+02 -1.850000e+02 -3.840000e+02
      endloop
   endfacet
   facet normal -1.000000e+00 0.000000e+00 0.000000e+00
      outer loop
         vertex -2.085000e+02 -1.850000e+02 -3.840000e+02
         vertex -2.085000e+02 -3.350000e+02 -3.640000e+02
         vertex -2.085000e+02 -1.850000e+02 -3.640000e+02
      endloop
   endfacet
   facet normal 1.000000e+00 0.000000e+00 0.000000e+00
      outer loop
         vertex -2.285000e+02 -1.850000e+02 -3.640000e+02
         vertex -2.285000e+02 -3.350000e+02 -3.640000e+02
         vertex -2.285000e+02 -1.850000e+02 -3.840000e+02
      endloop
   endfacet
   facet normal 1.000000e+00 0.000000e+00 0.000000e+00
      outer loop
         vertex -2.285000e+02 -1.850000e+02 -3.840000e+02
         vertex -2.285000e+02 -3.350000e+02 -3.640000e+02
         vertex -2.285000e+02 -3.350000e+02 -3.840000e+02
      endloop
   endfacet
   facet normal 0.000000e+00 0.000000e+00 -1.000000e+00
      outer loop
         vertex -2.285000e+02 -3.350000e+02 -3.640000e+02
         vertex -2.285000e+02 -1.850000e+02 -3.640000e+02
         vertex -2.085000e+02 -3.350000e+02 -3.640000e+02
      endloop
   endfacet
   facet normal 0.000000e+00 0.000000e+00 -1.000000e+00
      outer loop
         vertex -2.085000e+02 -3.350000e+02 -3.640000e+02
         vertex -2.285000e+02 -1.850000e+02 -3.640000e+02
         vertex -2.085000e+02 -1.850000e+02 -3.640000e+02
      endloop
   endfacet
   facet normal 0.000000e+00 0.000000e+00 -1.000000e+00
      outer loop
         vertex 2.085000e+02 -3.350000e+02 -3.640000e+02
         vertex 2.085000e+02 -1.850000e+02 -3.640000e+02
         vertex 2.285000e+02 -3.350000e+02 -3.640000e+02
      endloop
   endfacet
   facet normal 0.000000e+00 0.000000e+00 -1.000000e+00
      outer loop
         vertex 2.285000e+02 -3.350000e+02 -3.640000e+02
         vertex 2.085000e+02 -1.850000e+02 -3.640000e+02
         vertex 2.285000e+02 -1.850000e+02 -3.640000e+02
      endloop
   endfacet
   facet normal 0.000000e+00 0.000000e+00 -1.000000e+00
      outer loop
         vertex 2.285000e+02 1.850000e+02 -3.640000e+02
         vertex 2.085000e+02 1.850000e+02 -3.640000e+02
         vertex 2.285000e+02 3.350000e+02 -3.640000e+02
      endloop
   endfacet
   facet normal -0.000000e+00 0.000000e+00 -1.000000e+00
      outer loop
         vertex 2.285000e+02 3.350000e+02 -3.640000e+02
         vertex 2.085000e+02 1.850000e+02 -3.640000e+02
         vertex 2.085000e+02 3.350000e+02 -3.640000e+02
      endloop
   endfacet
   facet normal 0.000000e+00 0.000000e+00 -1.000000e+00
      outer loop
         vertex -2.085000e+02 1.850000e+02 -3.640000e+02
         vertex -2.285000e+02 1.850000e+02 -3.640000e+02
         vertex -2.085000e+02 3.350000e+02 -3.640000e+02
      endloop
   endfacet
   facet normal -0.000000e+00 0.000000e+00 -1.000000e+00
      outer loop
         vertex -2.085000e+02 3.350000e+02 -3.640000e+02
         vertex -2.285000e+02 1.850000e+02 -3.640000e+02
         vertex -2.285000e+02 3.350000e+02 -3.640000e+02
      endloop
   endfacet
endsolid