solid cradle-frame
   facet normal -0.000000e+00 -1.000000e+00 -0.000000e+00
      outer loop
         vertex -3.375000e+02 -2.250000e+02 6.000000e+01
         vertex -4.875000e+02 -2.250000e+02 6.000000e+01
         vertex -3.375000e+02 -2.250000e+02 -2.400000e+02
      endloop
   endfacet
   facet normal -0.000000e+00 -1.000000e+00 0.000000e+00
      outer loop
         vertex -3.375000e+02 -2.250000e+02 -2.400000e+02
         vertex -4.875000e+02 -2.250000e+02 6.000000e+01
         vertex -4.875000e+02 -2.250000e+02 -3.150000e+02
      endloop
   endfacet
   facet normal 0.000000e+00 -1.000000e+00 -0.000000e+00
      outer loop
         vertex -3.375000e+02 -2.250000e+02 -2.400000e+02
         vertex -4.875000e+02 -2.250000e+02 -3.150000e+02
         vertex 3.375000e+02 -2.250000e+02 -2.400000e+02
      endloop
   endfacet
   facet normal 0.000000e+00 -1.000000e+00 -0.000000e+00
      outer loop
         vertex 3.375000e+02 -2.250000e+02 -2.400000e+02
         vertex -4.875000e+02 -2.250000e+02 -3.150000e+02
         vertex 4.875000e+02 -2.250000e+02 -3.150000e+02
      endloop
   endfacet
   facet normal 0.000000e+00 -1.000000e+00 0.000000e+00
      outer loop
         vertex 3.375000e+02 -2.250000e+02 -2.400000e+02
         vertex 4.875000e+02 -2.250000e+02 -3.150000e+02
         vertex 3.375000e+02 -2.250000e+02 6.000000e+01
      endloop
   endfacet
   facet normal 0.000000e+00 -1.000000e+00 0.000000e+00
      outer loop
         vertex 3.375000e+02 -2.250000e+02 6.000000e+01
         vertex 4.875000e+02 -2.250000e+02 -3.150000e+02
         vertex 4.875000e+02 -2.250000e+02 6.000000e+01
      endloop
   endfacet
   facet normal 0.000000e+00 9.985334e-01 5.413836e-02
      outer loop
         vertex 4.875000e+02 2.250000e+02 6.000000e+01
         vertex 3.375000e+02 2.250000e+02 6.000000e+01
         vertex 3.375000e+02 2.236810e+02 8.432678e+01
      endloop
   endfacet
   facet normal 0.000000e+00 9.985334e-01 5.413836e-02
      outer loop
         vertex 4.875000e+02 2.250000e+02 6.000000e+01
         vertex 3.375000e+02 2.236810e+02 8.432678e+01
         vertex 4.875000e+02 2.236810e+02 8.432678e+01
      endloop
   endfacet
   facet normal 0.000000e+00 9.868265e-01 1.617820e-01
      outer loop
         vertex 4.875000e+02 2.236810e+02 8.432678e+01
         vertex 3.375000e+02 2.236810e+02 8.432678e+01
         vertex 3.375000e+02 2.197396e+02 1.083684e+02
      endloop
   endfacet
   facet normal 0.000000e+00 9.868265e-01 1.617820e-01
      outer loop
         vertex 4.875000e+02 2.236810e+02 8.432678e+01
         vertex 3.375000e+02 2.197396e+02 1.083684e+02
         vertex 4.875000e+02 2.197396e+02 1.083684e+02
      endloop
   endfacet
   facet normal 0.000000e+00 9.635500e-01 2.675284e-01
      outer loop
         vertex 4.875000e+02 2.197396e+02 1.083684e+02
         vertex 3.375000e+02 2.197396e+02 1.083684e+02
         vertex 3.375000e+02 2.132220e+02 1.318429e+02
      endloop
   endfacet
   facet normal 0.000000e+00 9.635500e-01 2.675284e-01
      outer loop
         vertex 4.875000e+02 2.197396e+02 1.083684e+02
         vertex 3.375000e+02 2.132220e+02 1.318429e+02
         vertex 4.875000e+02 2.132220e+02 1.318429e+02
      endloop
   endfacet
   facet normal 0.000000e+00 9.289766e-01 3.701384e-01
      outer loop
         vertex 4.875000e+02 2.132220e+02 1.318429e+02
         vertex 3.375000e+02 2.132220e+02 1.318429e+02
         vertex 3.375000e+02 2.042045e+02 1.544750e+02
      endloop
   endfacet
   facet normal 0.000000e+00 9.289766e-01 3.701384e-01
      outer loop
         vertex 4.875000e+02 2.132220e+02 1.318429e+02
         vertex 3.375000e+02 2.042045e+02 1.544750e+02
         vertex 4.875000e+02 2.042045e+02 1.544750e+02
      endloop
   endfacet
   facet normal 0.000000e+00 8.835119e-01 4.684086e-01
      outer loop
         vertex 4.875000e+02 2.042045e+02 1.544750e+02
         vertex 3.375000e+02 2.042045e+02 1.544750e+02
         vertex 3.375000e+02 1.927929e+02 1.759996e+02
      endloop
   endfacet
   facet normal 0.000000e+00 8.835119e-01 4.684086e-01
      outer loop
         vertex 4.875000e+02 2.042045e+02 1.544750e+02
         vertex 3.375000e+02 1.927929e+02 1.759996e+02
         vertex 4.875000e+02 1.927929e+02 1.759996e+02
      endloop
   endfacet
   facet normal 0.000000e+00 8.276893e-01 5.611867e-01
      outer loop
         vertex 4.875000e+02 1.927929e+02 1.759996e+02
         vertex 3.375000e+02 1.927929e+02 1.759996e+02
         vertex 3.375000e+02 1.791209e+02 1.961642e+02
      endloop
   endfacet
   facet normal 0.000000e+00 8.276893e-01 5.611867e-01
      outer loop
         vertex 4.875000e+02 1.927929e+02 1.759996e+02
         vertex 3.375000e+02 1.791209e+02 1.961642e+02
         vertex 4.875000e+02 1.791209e+02 1.961642e+02
      endloop
   endfacet
   facet normal 0.000000e+00 7.621619e-01 6.473864e-01
      outer loop
         vertex 4.875000e+02 1.791209e+02 1.961642e+02
         vertex 3.375000e+02 1.791209e+02 1.961642e+02
         vertex 3.375000e+02 1.633490e+02 2.147324e+02
      endloop
   endfacet
   facet normal 0.000000e+00 7.621619e-01 6.473864e-01
      outer loop
         vertex 4.875000e+02 1.791209e+02 1.961642e+02
         vertex 3.375000e+02 1.633490e+02 2.147324e+02
         vertex 4.875000e+02 1.633490e+02 2.147324e+02
      endloop
   endfacet
   facet normal 0.000000e+00 6.876997e-01 7.259953e-01
      outer loop
         vertex 4.875000e+02 1.633490e+02 2.147324e+02
         vertex 3.375000e+02 1.633490e+02 2.147324e+02
         vertex 3.375000e+02 1.456619e+02 2.314865e+02
      endloop
   endfacet
   facet normal 0.000000e+00 6.876997e-01 7.259953e-01
      outer loop
         vertex 4.875000e+02 1.633490e+02 2.147324e+02
         vertex 3.375000e+02 1.456619e+02 2.314865e+02
         vertex 4.875000e+02 1.456619e+02 2.314865e+02
      endloop
   endfacet
   facet normal 0.000000e+00 6.051738e-01 7.960934e-01
      outer loop
         vertex 4.875000e+02 1.456619e+02 2.314865e+02
         vertex 3.375000e+02 1.456619e+02 2.314865e+02
         vertex 3.375000e+02 1.262671e+02 2.462300e+02
      endloop
   endfacet
   facet normal 0.000000e+00 6.051738e-01 7.960934e-01
      outer loop
         vertex 4.875000e+02 1.456619e+02 2.314865e+02
         vertex 3.375000e+02 1.262671e+02 2.462300e+02
         vertex 4.875000e+02 1.262671e+02 2.462300e+02
      endloop
   endfacet
   facet normal 0.000000e+00 5.155544e-01 8.568569e-01
      outer loop
         vertex 4.875000e+02 1.262671e+02 2.462300e+02
         vertex 3.375000e+02 1.262671e+02 2.462300e+02
         vertex 3.375000e+02 1.053919e+02 2.587902e+02
      endloop
   endfacet
   facet normal 0.000000e+00 5.155544e-01 8.568569e-01
      outer loop
         vertex 4.875000e+02 1.262671e+02 2.462300e+02
         vertex 3.375000e+02 1.053919e+02 2.587902e+02
         vertex 4.875000e+02 1.053919e+02 2.587902e+02
      endloop
   endfacet
   facet normal 0.000000e+00 4.198883e-01 9.075758e-01
      outer loop
         vertex 4.875000e+02 1.053919e+02 2.587902e+02
         vertex 3.375000e+02 1.053919e+02 2.587902e+02
         vertex 3.375000e+02 8.328108e+01 2.690198e+02
      endloop
   endfacet
   facet normal 0.000000e+00 4.198883e-01 9.075758e-01
      outer loop
         vertex 4.875000e+02 1.053919e+02 2.587902e+02
         vertex 3.375000e+02 8.328108e+01 2.690198e+02
         vertex 4.875000e+02 8.328108e+01 2.690198e+02
      endloop
   endfacet
   facet normal 0.000000e+00 3.193021e-01 9.476530e-01
      outer loop
         vertex 4.875000e+02 8.328108e+01 2.690198e+02
         vertex 3.375000e+02 8.328108e+01 2.690198e+02
         vertex 3.375000e+02 6.019388e+01 2.767988e+02
      endloop
   endfacet
   facet normal 0.000000e+00 3.193021e-01 9.476530e-01
      outer loop
         vertex 4.875000e+02 8.328108e+01 2.690198e+02
         vertex 3.375000e+02 6.019388e+01 2.767988e+02
         vertex 4.875000e+02 6.019388e+01 2.767988e+02
      endloop
   endfacet
   facet normal 0.000000e+00 2.149705e-01 9.766205e-01
      outer loop
         vertex 4.875000e+02 6.019388e+01 2.767988e+02
         vertex 3.375000e+02 6.019388e+01 2.767988e+02
         vertex 3.375000e+02 3.640095e+01 2.820360e+02
      endloop
   endfacet
   facet normal 0.000000e+00 2.149705e-01 9.766205e-01
      outer loop
         vertex 4.875000e+02 6.019388e+01 2.767988e+02
         vertex 3.375000e+02 3.640095e+01 2.820360e+02
         vertex 4.875000e+02 3.640095e+01 2.820360e+02
      endloop
   endfacet
   facet normal 0.000000e+00 1.081189e-01 9.941380e-01
      outer loop
         vertex 4.875000e+02 3.640095e+01 2.820360e+02
         vertex 3.375000e+02 3.640095e+01 2.820360e+02
         vertex 3.375000e+02 1.218125e+01 2.846700e+02
      endloop
   endfacet
   facet normal 0.000000e+00 1.081189e-01 9.941380e-01
      outer loop
         vertex 4.875000e+02 3.640095e+01 2.820360e+02
         vertex 3.375000e+02 1.218125e+01 2.846700e+02
         vertex 4.875000e+02 1.218125e+01 2.846700e+02
      endloop
   endfacet
   facet normal 0.000000e+00 0.000000e+00 1.000000e+00
      outer loop
         vertex 4.875000e+02 1.218125e+01 2.846700e+02
         vertex 3.375000e+02 1.218125e+01 2.846700e+02
         vertex 3.375000e+02 -1.218125e+01 2.846700e+02
      endloop
   endfacet
   facet normal 0.000000e+00 0.000000e+00 1.000000e+00
      outer loop
         vertex 4.875000e+02 1.218125e+01 2.846700e+02
         vertex 3.375000e+02 -1.218125e+01 2.846700e+02
         vertex 4.875000e+02 -1.218125e+01 2.846700e+02
      endloop
   endfacet
   facet normal 0.000000e+00 -1.081189e-01 9.941380e-01
      outer loop
         vertex 4.875000e+02 -1.218125e+01 2.846700e+02
         vertex 3.375000e+02 -1.218125e+01 2.846700e+02
         vertex 3.375000e+02 -3.640095e+01 2.820360e+02
      endloop
   endfacet
   facet normal 0.000000e+00 -1.081189e-01 9.941380e-01
      outer loop
         vertex 4.875000e+02 -1.218125e+01 2.846700e+02
         vertex 3.375000e+02 -3.640095e+01 2.820360e+02
         vertex 4.875000e+02 -3.640095e+01 2.820360e+02
      endloop
   endfacet
   facet normal 0.000000e+00 -2.149705e-01 9.766205e-01
      outer loop
         vertex 4.875000e+02 -3.640095e+01 2.820360e+02
         vertex 3.375000e+02 -3.640095e+01 2.820360e+02
         vertex 3.375000e+02 -6.019388e+01 2.767988e+02
      endloop
   endfacet
   facet normal 0.000000e+00 -2.149705e-01 9.766205e-01
      outer loop
         vertex 4.875000e+02 -3.640095e+01 2.820360e+02
         vertex 3.375000e+02 -6.019388e+01 2.767988e+02
         vertex 4.875000e+02 -6.019388e+01 2.767988e+02
      endloop
   endfacet
   facet normal 0.000000e+00 -3.193021e-01 9.476530e-01
      outer loop
         vertex 4.875000e+02 -6.019388e+01 2.767988e+02
         vertex 3.375000e+02 -6.019388e+01 2.767988e+02
         vertex 3.375000e+02 -8.328108e+01 2.690198e+02
      endloop
   endfacet
   facet normal 0.000000e+00 -3.193021e-01 9.476530e-01
      outer loop
         vertex 4.875000e+02 -6.019388e+01 2.767988e+02
         vertex 3.375000e+02 -8.328108e+01 2.690198e+02
         vertex 4.875000e+02 -8.328108e+01 2.690198e+02
      endloop
   endfacet
   facet normal 0.000000e+00 -4.198883e-01 9.075758e-01
      outer loop
         vertex 4.875000e+02 -8.328108e+01 2.690198e+02
         vertex 3.375000e+02 -8.328108e+01 2.690198e+02
         vertex 3.375000e+02 -1.053919e+02 2.587902e+02
      endloop
   endfacet
   facet normal 0.000000e+00 -4.198883e-01 9.075758e-01
      outer loop
         vertex 4.875000e+02 -8.328108e+01 2.690198e+02
         vertex 3.375000e+02 -1.053919e+02 2.587902e+02
         vertex 4.875000e+02 -1.053919e+02 2.587902e+02
      endloop
   endfacet
   facet normal 0.000000e+00 -5.155544e-01 8.568569e-01
      outer loop
         vertex 4.875000e+02 -1.053919e+02 2.587902e+02
         vertex 3.375000e+02 -1.053919e+02 2.587902e+02
         vertex 3.375000e+02 -1.262671e+02 2.462300e+02
      endloop
   endfacet
   facet normal 0.000000e+00 -5.155544e-01 8.568569e-01
      outer loop
         vertex 4.875000e+02 -1.053919e+02 2.587902e+02
         vertex 3.375000e+02 -1.262671e+02 2.462300e+02
         vertex 4.875000e+02 -1.262671e+02 2.462300e+02
      endloop
   endfacet
   facet normal 0.000000e+00 -6.051738e-01 7.960934e-01
      outer loop
         vertex 4.875000e+02 -1.262671e+02 2.462300e+02
         vertex 3.375000e+02 -1.262671e+02 2.462300e+02
         vertex 3.375000e+02 -1.456619e+02 2.314865e+02
      endloop
   endfacet
   facet normal 0.000000e+00 -6.051738e-01 7.960934e-01
      outer loop
         vertex 4.875000e+02 -1.262671e+02 2.462300e+02
         vertex 3.375000e+02 -1.456619e+02 2.314865e+02
         vertex 4.875000e+02 -1.456619e+02 2.314865e+02
      endloop
   endfacet
   facet normal 0.000000e+00 -6.876997e-01 7.259953e-01
      outer loop
         vertex 4.875000e+02 -1.456619e+02 2.314865e+02
         vertex 3.375000e+02 -1.456619e+02 2.314865e+02
         vertex 3.375000e+02 -1.633490e+02 2.147324e+02
      endloop
   endfacet
   facet normal 0.000000e+00 -6.876997e-01 7.259953e-01
      outer loop
         vertex 4.875000e+02 -1.456619e+02 2.314865e+02
         vertex 3.375000e+02 -1.633490e+02 2.147324e+02
         vertex 4.875000e+02 -1.633490e+02 2.147324e+02
      endloop
   endfacet
   facet normal 0.000000e+00 -7.621619e-01 6.473864e-01
      outer loop
         vertex 4.875000e+02 -1.633490e+02 2.147324e+02
         vertex 3.375000e+02 -1.633490e+02 2.147324e+02
         vertex 3.375000e+02 -1.791209e+02 1.961642e+02
      endloop
   endfacet
   facet normal 0.000000e+00 -7.621619e-01 6.473864e-01
      outer loop
         vertex 4.875000e+02 -1.633490e+02 2.147324e+02
         vertex 3.375000e+02 -1.791209e+02 1.961642e+02
         vertex 4.875000e+02 -1.791209e+02 1.961642e+02
      endloop
   endfacet
   facet normal 0.000000e+00 -8.276893e-01 5.611867e-01
      outer loop
         vertex 4.875000e+02 -1.791209e+02 1.961642e+02
         vertex 3.375000e+02 -1.791209e+02 1.961642e+02
         vertex 3.375000e+02 -1.927929e+02 1.759996e+02
      endloop
   endfacet
   facet normal 0.000000e+00 -8.276893e-01 5.611867e-01
      outer loop
         vertex 4.875000e+02 -1.791209e+02 1.961642e+02
         vertex 3.375000e+02 -1.927929e+02 1.759996e+02
         vertex 4.875000e+02 -1.927929e+02 1.759996e+02
      endloop
   endfacet
   facet normal 0.000000e+00 -8.835119e-01 4.684086e-01
      outer loop
         vertex 4.875000e+02 -1.927929e+02 1.759996e+02
         vertex 3.375000e+02 -1.927929e+02 1.759996e+02
         vertex 3.375000e+02 -2.042045e+02 1.544750e+02
      endloop
   endfacet
   facet normal 0.000000e+00 -8.835119e-01 4.684086e-01
      outer loop
         vertex 4.875000e+02 -1.927929e+02 1.759996e+02
         vertex 3.375000e+02 -2.042045e+02 1.544750e+02
         vertex 4.875000e+02 -2.042045e+02 1.544750e+02
      endloop
   endfacet
   facet normal 0.000000e+00 -9.289766e-01 3.701384e-01
      outer loop
         vertex 4.875000e+02 -2.042045e+02 1.544750e+02
         vertex 3.375000e+02 -2.042045e+02 1.544750e+02
         vertex 3.375000e+02 -2.132220e+02 1.318429e+02
      endloop
   endfacet
   facet normal 0.000000e+00 -9.289766e-01 3.701384e-01
      outer loop
         vertex 4.875000e+02 -2.042045e+02 1.544750e+02
         vertex 3.375000e+02 -2.132220e+02 1.318429e+02
         vertex 4.875000e+02 -2.132220e+02 1.318429e+02
      endloop
   endfacet
   facet normal 0.000000e+00 -9.635500e-01 2.675284e-01
      outer loop
         vertex 4.875000e+02 -2.132220e+02 1.318429e+02
         vertex 3.375000e+02 -2.132220e+02 1.318429e+02
         vertex 3.375000e+02 -2.197396e+02 1.083684e+02
      endloop
   endfacet
   facet normal 0.000000e+00 -9.635500e-01 2.675284e-01
      outer loop
         vertex 4.875000e+02 -2.132220e+02 1.318429e+02
         vertex 3.375000e+02 -2.197396e+02 1.083684e+02
         vertex 4.875000e+02 -2.197396e+02 1.083684e+02
      endloop
   endfacet
   facet normal 0.000000e+00 -9.868265e-01 1.617820e-01
      outer loop
         vertex 4.875000e+02 -2.197396e+02 1.083684e+02
         vertex 3.375000e+02 -2.197396e+02 1.083684e+02
         vertex 3.375000e+02 -2.236810e+02 8.432678e+01
      endloop
   endfacet
   facet normal 0.000000e+00 -9.868265e-01 1.617820e-01
      outer loop
         vertex 4.875000e+02 -2.197396e+02 1.083684e+02
         vertex 3.375000e+02 -2.236810e+02 8.432678e+01
         vertex 4.875000e+02 -2.236810e+02 8.432678e+01
      endloop
   endfacet
   facet normal 0.000000e+00 -9.985334e-01 5.413836e-02
      outer loop
         vertex 4.875000e+02 -2.236810e+02 8.432678e+01
         vertex 3.375000e+02 -2.236810e+02 8.432678e+01
         vertex 3.375000e+02 -2.250000e+02 6.000000e+01
      endloop
   endfacet
   facet normal 0.000000e+00 -9.985334e-01 5.413836e-02
      outer loop
         vertex 4.875000e+02 -2.236810e+02 8.432678e+01
         vertex 3.375000e+02 -2.250000e+02 6.000000e+01
         vertex 4.875000e+02 -2.250000e+02 6.000000e+01
      endloop
   endfacet
   facet normal -0.000000e+00 1.000000e+00 0.000000e+00
      outer loop
         vertex 3.375000e+02 2.250000e+02 6.000000e+01
         vertex 4.875000e+02 2.250000e+02 6.000000e+01
         vertex 3.375000e+02 2.250000e+02 -2.400000e+02
      endloop
   endfacet
   facet normal -0.000000e+00 1.000000e+00 0.000000e+00
      outer loop
         vertex 3.375000e+02 2.250000e+02 -2.400000e+02
         vertex 4.875000e+02 2.250000e+02 6.000000e+01
         vertex 4.875000e+02 2.250000e+02 -3.150000e+02
      endloop
   endfacet
   facet normal 0.000000e+00 1.000000e+00 0.000000e+00
      outer loop
         vertex 3.375000e+02 2.250000e+02 -2.400000e+02
         vertex 4.875000e+02 2.250000e+02 -3.150000e+02
         vertex -3.375000e+02 2.250000e+02 -2.400000e+02
      endloop
   endfacet
   facet normal 0.000000e+00 1.000000e+00 0.000000e+00
      outer loop
         vertex -3.375000e+02 2.250000e+02 -2.400000e+02
         vertex 4.875000e+02 2.250000e+02 -3.150000e+02
         vertex -4.875000e+02 2.250000e+02 -3.150000e+02
      endloop
   endfacet
   facet normal 0.000000e+00 1.000000e+00 -0.000000e+00
      outer loop
         vertex -3.375000e+02 2.250000e+02 -2.400000e+02
         vertex -4.875000e+02 2.250000e+02 -3.150000e+02
         vertex -3.375000e+02 2.250000e+02 6.000000e+01
      endloop
   endfacet
   facet normal 0.000000e+00 1.000000e+00 0.000000e+00
      outer loop
         vertex -3.375000e+02 2.250000e+02 6.000000e+01
         vertex -4.875000e+02 2.250000e+02 -3.150000e+02
         vertex -4.875000e+02 2.250000e+02 6.000000e+01
      endloop
   endfacet
   facet normal 1.000000e+00 0.000000e+00 0.000000e+00
      outer loop
         vertex 4.875000e+02 2.197396e+02 1.083684e+02
         vertex 4.875000e+02 2.132220e+02 1.318429e+02
         vertex 4.875000e+02 -2.236810e+02 8.432678e+01
      endloop
   endfacet
   facet normal 1.000000e+00 0.000000e+00 0.000000e+00
      outer loop
         vertex 4.875000e+02 -2.250000e+02 -3.150000e+02
         vertex 4.875000e+02 2.250000e+02 -3.150000e+02
         vertex 4.875000e+02 -2.250000e+02 6.000000e+01
      endloop
   endfacet
   facet normal 1.000000e+00 -0.000000e+00 0.000000e+00
      outer loop
         vertex 4.875000e+02 -2.250000e+02 6.000000e+01
         vertex 4.875000e+02 2.250000e+02 -3.150000e+02
         vertex 4.875000e+02 2.250000e+02 6.000000e+01
      endloop
   endfacet
   facet normal 1.000000e+00 0.000000e+00 0.000000e+00
      outer loop
         vertex 4.875000e+02 -2.250000e+02 6.000000e+01
         vertex 4.875000e+02 2.250000e+02 6.000000e+01
         vertex 4.875000e+02 -2.236810e+02 8.432678e+01
      endloop
   endfacet
   facet normal 1.000000e+00 -0.000000e+00 0.000000e+00
      outer loop
         vertex 4.875000e+02 -2.236810e+02 8.432678e+01
         vertex 4.875000e+02 2.250000e+02 6.000000e+01
         vertex 4.875000e+02 2.236810e+02 8.432678e+01
      endloop
   endfacet
   facet normal 1.000000e+00 0.000000e+00 0.000000e+00
      outer loop
         vertex 4.875000e+02 -2.236810e+02 8.432678e+01
         vertex 4.875000e+02 2.236810e+02 8.432678e+01
         vertex 4.875000e+02 2.197396e+02 1.083684e+02
      endloop
   endfacet
   facet normal 1.000000e+00 0.000000e+00 0.000000e+00
      outer loop
         vertex 4.875000e+02 8.328108e+01 2.690198e+02
         vertex 4.875000e+02 -2.236810e+02 8.432678e+01
         vertex 4.875000e+02 1.053919e+02 2.587902e+02
      endloop
   endfacet
   facet normal 1.000000e+00 0.000000e+00 0.000000e+00
      outer loop
         vertex 4.875000e+02 1.053919e+02 2.587902e+02
         vertex 4.875000e+02 -2.236810e+02 8.432678e+01
         vertex 4.875000e+02 1.262671e+02 2.462300e+02
      endloop
   endfacet
   facet normal 1.000000e+00 0.000000e+00 0.000000e+00
      outer loop
         vertex 4.875000e+02 8.328108e+01 2.690198e+02
         vertex 4.875000e+02 6.019388e+01 2.767988e+02
         vertex 4.875000e+02 -2.236810e+02 8.432678e+01
      endloop
   endfacet
   facet normal 1.000000e+00 0.000000e+00 0.000000e+00
      outer loop
         vertex 4.875000e+02 -2.236810e+02 8.432678e+01
         vertex 4.875000e+02 6.019388e+01 2.767988e+02
         vertex 4.875000e+02 3.640095e+01 2.820360e+02
      endloop
   endfacet
   facet normal 1.000000e+00 0.000000e+00 0.000000e+00
      outer loop
         vertex 4.875000e+02 -2.236810e+02 8.432678e+01
         vertex 4.875000e+02 3.640095e+01 2.820360e+02
         vertex 4.875000e+02 1.218125e+01 2.846700e+02
      endloop
   endfacet
   facet normal 1.000000e+00 0.000000e+00 0.000000e+00
      outer loop
         vertex 4.875000e+02 2.132220e+02 1.318429e+02
         vertex 4.875000e+02 2.042045e+02 1.544750e+02
         vertex 4.875000e+02 -2.236810e+02 8.432678e+01
      endloop
   endfacet
   facet normal 1.000000e+00 0.000000e+00 0.000000e+00
      outer loop
         vertex 4.875000e+02 -2.236810e+02 8.432678e+01
         vertex 4.875000e+02 2.042045e+02 1.544750e+02
         vertex 4.875000e+02 1.927929e+02 1.759996e+02
      endloop
   endfacet
   facet normal 1.000000e+00 0.000000e+00 0.000000e+00
      outer loop
         vertex 4.875000e+02 -2.236810e+02 8.432678e+01
         vertex 4.875000e+02 1.927929e+02 1.759996e+02
         vertex 4.875000e+02 1.791209e+02 1.961642e+02
      endloop
   endfacet
   facet normal 1.000000e+00 0.000000e+00 0.000000e+00
      outer loop
         vertex 4.875000e+02 1.218125e+01 2.846700e+02
         vertex 4.875000e+02 -1.218125e+01 2.846700e+02
         vertex 4.875000e+02 -2.236810e+02 8.432678e+01
      endloop
   endfacet
   facet normal 1.000000e+00 0.000000e+00 0.000000e+00
      outer loop
         vertex 4.875000e+02 -2.236810e+02 8.432678e+01
         vertex 4.875000e+02 -1.218125e+01 2.846700e+02
         vertex 4.875000e+02 -3.640095e+01 2.820360e+02
      endloop
   endfacet
   facet normal 1.000000e+00 0.000000e+00 0.000000e+00
      outer loop
         vertex 4.875000e+02 -2.236810e+02 8.432678e+01
         vertex 4.875000e+02 -3.640095e+01 2.820360e+02
         vertex 4.875000e+02 -6.019388e+01 2.767988e+02
      endloop
   endfacet
   facet normal 1.000000e+00 0.000000e+00 0.000000e+00
      outer loop
         vertex 4.875000e+02 1.791209e+02 1.961642e+02
         vertex 4.875000e+02 1.633490e+02 2.147324e+02
         vertex 4.875000e+02 -2.236810e+02 8.432678e+01
      endloop
   endfacet
   facet normal 1.000000e+00 0.000000e+00 0.000000e+00
      outer loop
         vertex 4.875000e+02 -2.236810e+02 8.432678e+01
         vertex 4.875000e+02 1.633490e+02 2.147324e+02
         vertex 4.875000e+02 1.456619e+02 2.314865e+02
      endloop
   endfacet
   facet normal 1.000000e+00 0.000000e+00 0.000000e+00
      outer loop
         vertex 4.875000e+02 -2.236810e+02 8.432678e+01
         vertex 4.875000e+02 1.456619e+02 2.314865e+02
         vertex 4.875000e+02 1.262671e+02 2.462300e+02
      endloop
   endfacet
   facet normal 1.000000e+00 0.000000e+00 0.000000e+00
      outer loop
         vertex 4.875000e+02 -6.019388e+01 2.767988e+02
         vertex 4.875000e+02 -8.328108e+01 2.690198e+02
         vertex 4.875000e+02 -2.236810e+02 8.432678e+01
      endloop
   endfacet
   facet normal 1.000000e+00 0.000000e+00 0.000000e+00
      outer loop
         vertex 4.875000e+02 -2.236810e+02 8.432678e+01
         vertex 4.875000e+02 -8.328108e+01 2.690198e+02
         vertex 4.875000e+02 -1.053919e+02 2.587902e+02
      endloop
   endfacet
   facet normal 1.000000e+00 0.000000e+00 0.000000e+00
      outer loop
         vertex 4.875000e+02 -2.236810e+02 8.432678e+01
         vertex 4.875000e+02 -1.053919e+02 2.587902e+02
         vertex 4.875000e+02 -1.262671e+02 2.462300e+02
      endloop
   endfacet
   facet normal 1.000000e+00 0.000000e+00 0.000000e+00
      outer loop
         vertex 4.875000e+02 -1.927929e+02 1.759996e+02
         vertex 4.875000e+02 -2.042045e+02 1.544750e+02
         vertex 4.875000e+02 -2.132220e+02 1.318429e+02
      endloop
   endfacet
   facet normal 1.000000e+00 0.000000e+00 0.000000e+00
      outer loop
         vertex 4.875000e+02 -1.262671e+02 2.462300e+02
         vertex 4.875000e+02 -1.456619e+02 2.314865e+02
         vertex 4.875000e+02 -2.236810e+02 8.432678e+01
      endloop
   endfacet
   facet normal 1.000000e+00 0.000000e+00 0.000000e+00
      outer loop
         vertex 4.875000e+02 -2.236810e+02 8.432678e+01
         vertex 4.875000e+02 -1.456619e+02 2.314865e+02
         vertex 4.875000e+02 -1.633490e+02 2.147324e+02
      endloop
   endfacet
   facet normal 1.000000e+00 0.000000e+00 0.000000e+00
      outer loop
         vertex 4.875000e+02 -2.236810e+02 8.432678e+01
         vertex 4.875000e+02 -1.633490e+02 2.147324e+02
         vertex 4.875000e+02 -2.197396e+02 1.083684e+02
      endloop
   endfacet
   facet normal 1.000000e+00 0.000000e+00 0.000000e+00
      outer loop
         vertex 4.875000e+02 -2.197396e+02 1.083684e+02
         vertex 4.875000e+02 -1.633490e+02 2.147324e+02
         vertex 4.875000e+02 -2.132220e+02 1.318429e+02
      endloop
   endfacet
   facet normal 1.000000e+00 0.000000e+00 0.000000e+00
      outer loop
         vertex 4.875000e+02 -2.132220e+02 1.318429e+02
         vertex 4.875000e+02 -1.633490e+02 2.147324e+02
         vertex 4.875000e+02 -1.791209e+02 1.961642e+02
      endloop
   endfacet
   facet normal 1.000000e+00 0.000000e+00 0.000000e+00
      outer loop
         vertex 4.875000e+02 -2.132220e+02 1.318429e+02
         vertex 4.875000e+02 -1.791209e+02 1.961642e+02
         vertex 4.875000e+02 -1.927929e+02 1.759996e+02
      endloop
   endfacet
   facet normal -1.000000e+00 0.000000e+00 0.000000e+00
      outer loop
         vertex 3.375000e+02 -7.814168e+00 1.043163e+02
         vertex 3.375000e+02 -1.218125e+01 2.846700e+02
         vertex 3.375000e+02 3.846319e-14 1.050000e+02
      endloop
   endfacet
   facet normal -1.000000e+00 0.000000e+00 0.000000e+00
      outer loop
         vertex 3.375000e+02 3.846319e-14 1.050000e+02
         vertex 3.375000e+02 -1.218125e+01 2.846700e+02
         vertex 3.375000e+02 1.218125e+01 2.846700e+02
      endloop
   endfacet
   facet normal -1.000000e+00 0.000000e+00 0.000000e+00
      outer loop
         vertex 3.375000e+02 3.846319e-14 1.050000e+02
         vertex 3.375000e+02 1.218125e+01 2.846700e+02
         vertex 3.375000e+02 7.814168e+00 1.043163e+02
      endloop
   endfacet
   facet normal -1.000000e+00 0.000000e+00 -0.000000e+00
      outer loop
         vertex 3.375000e+02 1.218125e+01 2.846700e+02
         vertex 3.375000e+02 3.640095e+01 2.820360e+02
         vertex 3.375000e+02 7.814168e+00 1.043163e+02
      endloop
   endfacet
   facet normal -1.000000e+00 0.000000e+00 0.000000e+00
      outer loop
         vertex 3.375000e+02 7.814168e+00 1.043163e+02
         vertex 3.375000e+02 3.640095e+01 2.820360e+02
         vertex 3.375000e+02 6.019388e+01 2.767988e+02
      endloop
   endfacet
   facet normal -1.000000e+00 0.000000e+00 0.000000e+00
      outer loop
         vertex 3.375000e+02 7.814168e+00 1.043163e+02
         vertex 3.375000e+02 6.019388e+01 2.767988e+02
         vertex 3.375000e+02 1.539091e+01 1.022862e+02
      endloop
   endfacet
   facet normal -1.000000e+00 0.000000e+00 0.000000e+00
      outer loop
         vertex 3.375000e+02 1.539091e+01 1.022862e+02
         vertex 3.375000e+02 6.019388e+01 2.767988e+02
         vertex 3.375000e+02 8.328108e+01 2.690198e+02
      endloop
   endfacet
   facet normal -1.000000e+00 0.000000e+00 0.000000e+00
      outer loop
         vertex 3.375000e+02 1.539091e+01 1.022862e+02
         vertex 3.375000e+02 8.328108e+01 2.690198e+02
         vertex 3.375000e+02 2.250000e+01 9.897114e+01
      endloop
   endfacet
   facet normal -1.000000e+00 -0.000000e+00 0.000000e+00
      outer loop
         vertex 3.375000e+02 -3.447200e+01 8.892544e+01
         vertex 3.375000e+02 -3.897114e+01 8.250000e+01
         vertex 3.375000e+02 -1.927929e+02 1.759996e+02
      endloop
   endfacet
   facet normal -1.000000e+00 0.000000e+00 -0.000000e+00
      outer loop
         vertex 3.375000e+02 8.328108e+01 2.690198e+02
         vertex 3.375000e+02 1.053919e+02 2.587902e+02
         vertex 3.375000e+02 2.250000e+01 9.897114e+01
      endloop
   endfacet
   facet normal -1.000000e+00 0.000000e+00 0.000000e+00
      outer loop
         vertex 3.375000e+02 2.250000e+01 9.897114e+01
         vertex 3.375000e+02 1.053919e+02 2.587902e+02
         vertex 3.375000e+02 1.262671e+02 2.462300e+02
      endloop
   endfacet
   facet normal -1.000000e+00 0.000000e+00 0.000000e+00
      outer loop
         vertex 3.375000e+02 2.250000e+01 9.897114e+01
         vertex 3.375000e+02 1.262671e+02 2.462300e+02
         vertex 3.375000e+02 2.892544e+01 9.447200e+01
      endloop
   endfacet
   facet normal -1.000000e+00 0.000000e+00 0.000000e+00
      outer loop
         vertex 3.375000e+02 -1.539091e+01 1.022862e+02
         vertex 3.375000e+02 -6.019388e+01 2.767988e+02
         vertex 3.375000e+02 -7.814168e+00 1.043163e+02
      endloop
   endfacet
   facet normal -1.000000e+00 0.000000e+00 0.000000e+00
      outer loop
         vertex 3.375000e+02 -7.814168e+00 1.043163e+02
         vertex 3.375000e+02 -6.019388e+01 2.767988e+02
         vertex 3.375000e+02 -3.640095e+01 2.820360e+02
      endloop
   endfacet
   facet normal -1.000000e+00 0.000000e+00 0.000000e+00
      outer loop
         vertex 3.375000e+02 -7.814168e+00 1.043163e+02
         vertex 3.375000e+02 -3.640095e+01 2.820360e+02
         vertex 3.375000e+02 -1.218125e+01 2.846700e+02
      endloop
   endfacet
   facet normal -1.000000e+00 0.000000e+00 0.000000e+00
      outer loop
         vertex 3.375000e+02 -2.892544e+01 9.447200e+01
         vertex 3.375000e+02 -1.262671e+02 2.462300e+02
         vertex 3.375000e+02 -2.250000e+01 9.897114e+01
      endloop
   endfacet
   facet normal -1.000000e+00 0.000000e+00 0.000000e+00
      outer loop
         vertex 3.375000e+02 -2.250000e+01 9.897114e+01
         vertex 3.375000e+02 -1.262671e+02 2.462300e+02
         vertex 3.375000e+02 -1.053919e+02 2.587902e+02
      endloop
   endfacet
   facet normal -1.000000e+00 0.000000e+00 0.000000e+00
      outer loop
         vertex 3.375000e+02 -2.250000e+01 9.897114e+01
         vertex 3.375000e+02 -1.053919e+02 2.587902e+02
         vertex 3.375000e+02 -1.539091e+01 1.022862e+02
      endloop
   endfacet
   facet normal -1.000000e+00 0.000000e+00 0.000000e+00
      outer loop
         vertex 3.375000e+02 -1.539091e+01 1.022862e+02
         vertex 3.375000e+02 -1.053919e+02 2.587902e+02
         vertex 3.375000e+02 -8.328108e+01 2.690198e+02
      endloop
   endfacet
   facet normal -1.000000e+00 0.000000e+00 0.000000e+00
      outer loop
         vertex 3.375000e+02 -1.539091e+01 1.022862e+02
         vertex 3.375000e+02 -8.328108e+01 2.690198e+02
         vertex 3.375000e+02 -6.019388e+01 2.767988e+02
      endloop
   endfacet
   facet normal -1.000000e+00 0.000000e+00 -0.000000e+00
      outer loop
         vertex 3.375000e+02 -1.927929e+02 1.759996e+02
         vertex 3.375000e+02 -3.897114e+01 8.250000e+01
         vertex 3.375000e+02 -2.042045e+02 1.544750e+02
      endloop
   endfacet
   facet normal -1.000000e+00 0.000000e+00 0.000000e+00
      outer loop
         vertex 3.375000e+02 -2.042045e+02 1.544750e+02
         vertex 3.375000e+02 -3.897114e+01 8.250000e+01
         vertex 3.375000e+02 -4.228617e+01 7.539091e+01
      endloop
   endfacet
   facet normal -1.000000e+00 0.000000e+00 -0.000000e+00
      outer loop
         vertex 3.375000e+02 -2.042045e+02 1.544750e+02
         vertex 3.375000e+02 -4.228617e+01 7.539091e+01
         vertex 3.375000e+02 -2.132220e+02 1.318429e+02
      endloop
   endfacet
   facet normal -1.000000e+00 -0.000000e+00 0.000000e+00
      outer loop
         vertex 3.375000e+02 -2.250000e+01 2.102886e+01
         vertex 3.375000e+02 -2.250000e+02 -2.400000e+02
         vertex 3.375000e+02 -2.892544e+01 2.552800e+01
      endloop
   endfacet
   facet normal -1.000000e+00 -0.000000e+00 0.000000e+00
      outer loop
         vertex 3.375000e+02 -2.892544e+01 2.552800e+01
         vertex 3.375000e+02 -2.250000e+02 -2.400000e+02
         vertex 3.375000e+02 -3.447200e+01 3.107456e+01
      endloop
   endfacet
   facet normal -1.000000e+00 0.000000e+00 0.000000e+00
      outer loop
         vertex 3.375000e+02 7.814168e+00 1.568365e+01
         vertex 3.375000e+02 1.539091e+01 1.771383e+01
         vertex 3.375000e+02 2.250000e+02 -2.400000e+02
      endloop
   endfacet
   facet normal -1.000000e+00 0.000000e+00 0.000000e+00
      outer loop
         vertex 3.375000e+02 2.250000e+02 -2.400000e+02
         vertex 3.375000e+02 1.539091e+01 1.771383e+01
         vertex 3.375000e+02 2.250000e+01 2.102886e+01
      endloop
   endfacet
   facet normal -1.000000e+00 0.000000e+00 0.000000e+00
      outer loop
         vertex 3.375000e+02 2.250000e+02 -2.400000e+02
         vertex 3.375000e+02 2.250000e+01 2.102886e+01
         vertex 3.375000e+02 2.892544e+01 2.552800e+01
      endloop
   endfacet
   facet normal -1.000000e+00 0.000000e+00 0.000000e+00
      outer loop
         vertex 3.375000e+02 -1.927929e+02 1.759996e+02
         vertex 3.375000e+02 -1.791209e+02 1.961642e+02
         vertex 3.375000e+02 -3.447200e+01 8.892544e+01
      endloop
   endfacet
   facet normal -1.000000e+00 0.000000e+00 0.000000e+00
      outer loop
         vertex 3.375000e+02 -3.447200e+01 8.892544e+01
         vertex 3.375000e+02 -1.791209e+02 1.961642e+02
         vertex 3.375000e+02 -1.633490e+02 2.147324e+02
      endloop
   endfacet
   facet normal -1.000000e+00 0.000000e+00 0.000000e+00
      outer loop
         vertex 3.375000e+02 -3.447200e+01 8.892544e+01
         vertex 3.375000e+02 -1.633490e+02 2.147324e+02
         vertex 3.375000e+02 -2.892544e+01 9.447200e+01
      endloop
   endfacet
   facet normal -1.000000e+00 0.000000e+00 0.000000e+00
      outer loop
         vertex 3.375000e+02 -2.892544e+01 9.447200e+01
         vertex 3.375000e+02 -1.633490e+02 2.147324e+02
         vertex 3.375000e+02 -1.456619e+02 2.314865e+02
      endloop
   endfacet
   facet normal -1.000000e+00 0.000000e+00 0.000000e+00
      outer loop
         vertex 3.375000e+02 -2.892544e+01 9.447200e+01
         vertex 3.375000e+02 -1.456619e+02 2.314865e+02
         vertex 3.375000e+02 -1.262671e+02 2.462300e+02
      endloop
   endfacet
   facet normal -1.000000e+00 0.000000e+00 -0.000000e+00
      outer loop
         vertex 3.375000e+02 -2.132220e+02 1.318429e+02
         vertex 3.375000e+02 -4.228617e+01 7.539091e+01
         vertex 3.375000e+02 -2.197396e+02 1.083684e+02
      endloop
   endfacet
   facet normal -1.000000e+00 0.000000e+00 0.000000e+00
      outer loop
         vertex 3.375000e+02 -2.197396e+02 1.083684e+02
         vertex 3.375000e+02 -4.228617e+01 7.539091e+01
         vertex 3.375000e+02 -4.431635e+01 6.781417e+01
      endloop
   endfacet
   facet normal -1.000000e+00 0.000000e+00 -0.000000e+00
      outer loop
         vertex 3.375000e+02 -2.197396e+02 1.083684e+02
         vertex 3.375000e+02 -4.431635e+01 6.781417e+01
         vertex 3.375000e+02 -2.236810e+02 8.432678e+01
      endloop
   endfacet
   facet normal -1.000000e+00 0.000000e+00 0.000000e+00
      outer loop
         vertex 3.375000e+02 -2.236810e+02 8.432678e+01
         vertex 3.375000e+02 -4.431635e+01 6.781417e+01
         vertex 3.375000e+02 -4.500000e+01 6.000000e+01
      endloop
   endfacet
   facet normal -1.000000e+00 0.000000e+00 -0.000000e+00
      outer loop
         vertex 3.375000e+02 -2.236810e+02 8.432678e+01
         vertex 3.375000e+02 -4.500000e+01 6.000000e+01
         vertex 3.375000e+02 -2.250000e+02 6.000000e+01
      endloop
   endfacet
   facet normal -1.000000e+00 0.000000e+00 -0.000000e+00
      outer loop
         vertex 3.375000e+02 -2.250000e+01 2.102886e+01
         vertex 3.375000e+02 -1.539091e+01 1.771383e+01
         vertex 3.375000e+02 -2.250000e+02 -2.400000e+02
      endloop
   endfacet
   facet normal -1.000000e+00 0.000000e+00 0.000000e+00
      outer loop
         vertex 3.375000e+02 -2.250000e+02 -2.400000e+02
         vertex 3.375000e+02 -1.539091e+01 1.771383e+01
         vertex 3.375000e+02 -7.814168e+00 1.568365e+01
      endloop
   endfacet
   facet normal -1.000000e+00 0.000000e+00 0.000000e+00
      outer loop
         vertex 3.375000e+02 -2.250000e+02 -2.400000e+02
         vertex 3.375000e+02 -7.814168e+00 1.568365e+01
         vertex 3.375000e+02 2.250000e+02 -2.400000e+02
      endloop
   endfacet
   facet normal -1.000000e+00 0.000000e+00 0.000000e+00
      outer loop
         vertex 3.375000e+02 2.250000e+02 -2.400000e+02
         vertex 3.375000e+02 -7.814168e+00 1.568365e+01
         vertex 3.375000e+02 2.193046e-14 1.500000e+01
      endloop
   endfacet
   facet normal -1.000000e+00 0.000000e+00 0.000000e+00
      outer loop
         vertex 3.375000e+02 2.250000e+02 -2.400000e+02
         vertex 3.375000e+02 2.193046e-14 1.500000e+01
         vertex 3.375000e+02 7.814168e+00 1.568365e+01
      endloop
   endfacet
   facet normal -1.000000e+00 -0.000000e+00 -0.000000e+00
      outer loop
         vertex 3.375000e+02 -4.500000e+01 6.000000e+01
         vertex 3.375000e+02 -4.431635e+01 5.218583e+01
         vertex 3.375000e+02 -2.250000e+02 6.000000e+01
      endloop
   endfacet
   facet normal -1.000000e+00 0.000000e+00 0.000000e+00
      outer loop
         vertex 3.375000e+02 -2.250000e+02 6.000000e+01
         vertex 3.375000e+02 -4.431635e+01 5.218583e+01
         vertex 3.375000e+02 -4.228617e+01 4.460909e+01
      endloop
   endfacet
   facet normal -1.000000e+00 0.000000e+00 0.000000e+00
      outer loop
         vertex 3.375000e+02 -2.250000e+02 6.000000e+01
         vertex 3.375000e+02 -4.228617e+01 4.460909e+01
         vertex 3.375000e+02 -2.250000e+02 -2.400000e+02
      endloop
   endfacet
   facet normal -1.000000e+00 0.000000e+00 0.000000e+00
      outer loop
         vertex 3.375000e+02 -2.250000e+02 -2.400000e+02
         vertex 3.375000e+02 -4.228617e+01 4.460909e+01
         vertex 3.375000e+02 -3.897114e+01 3.750000e+01
      endloop
   endfacet
   facet normal -1.000000e+00 0.000000e+00 0.000000e+00
      outer loop
         vertex 3.375000e+02 -2.250000e+02 -2.400000e+02
         vertex 3.375000e+02 -3.897114e+01 3.750000e+01
         vertex 3.375000e+02 -3.447200e+01 3.107456e+01
      endloop
   endfacet
   facet normal -1.000000e+00 0.000000e+00 0.000000e+00
      outer loop
         vertex 3.375000e+02 3.897114e+01 8.250000e+01
         vertex 3.375000e+02 2.042045e+02 1.544750e+02
         vertex 3.375000e+02 4.228617e+01 7.539091e+01
      endloop
   endfacet
   facet normal -1.000000e+00 0.000000e+00 0.000000e+00
      outer loop
         vertex 3.375000e+02 4.228617e+01 7.539091e+01
         vertex 3.375000e+02 2.042045e+02 1.544750e+02
         vertex 3.375000e+02 2.132220e+02 1.318429e+02
      endloop
   endfacet
   facet normal -1.000000e+00 0.000000e+00 0.000000e+00
      outer loop
         vertex 3.375000e+02 4.228617e+01 7.539091e+01
         vertex 3.375000e+02 2.132220e+02 1.318429e+02
         vertex 3.375000e+02 4.431635e+01 6.781417e+01
      endloop
   endfacet
   facet normal -1.000000e+00 0.000000e+00 -0.000000e+00
      outer loop
         vertex 3.375000e+02 1.262671e+02 2.462300e+02
         vertex 3.375000e+02 1.456619e+02 2.314865e+02
         vertex 3.375000e+02 2.892544e+01 9.447200e+01
      endloop
   endfacet
   facet normal -1.000000e+00 0.000000e+00 0.000000e+00
      outer loop
         vertex 3.375000e+02 2.892544e+01 9.447200e+01
         vertex 3.375000e+02 1.456619e+02 2.314865e+02
         vertex 3.375000e+02 1.633490e+02 2.147324e+02
      endloop
   endfacet
   facet normal -1.000000e+00 0.000000e+00 0.000000e+00
      outer loop
         vertex 3.375000e+02 2.892544e+01 9.447200e+01
         vertex 3.375000e+02 1.633490e+02 2.147324e+02
         vertex 3.375000e+02 3.447200e+01 8.892544e+01
      endloop
   endfacet
   facet normal -1.000000e+00 0.000000e+00 0.000000e+00
      outer loop
         vertex 3.375000e+02 3.447200e+01 8.892544e+01
         vertex 3.375000e+02 1.633490e+02 2.147324e+02
         vertex 3.375000e+02 1.791209e+02 1.961642e+02
      endloop
   endfacet
   facet normal -1.000000e+00 0.000000e+00 0.000000e+00
      outer loop
         vertex 3.375000e+02 3.447200e+01 8.892544e+01
         vertex 3.375000e+02 1.791209e+02 1.961642e+02
         vertex 3.375000e+02 3.897114e+01 8.250000e+01
      endloop
   endfacet
   facet normal -1.000000e+00 0.000000e+00 0.000000e+00
      outer loop
         vertex 3.375000e+02 3.897114e+01 8.250000e+01
         vertex 3.375000e+02 1.791209e+02 1.961642e+02
         vertex 3.375000e+02 1.927929e+02 1.759996e+02
      endloop
   endfacet
   facet normal -1.000000e+00 0.000000e+00 0.000000e+00
      outer loop
         vertex 3.375000e+02 3.897114e+01 8.250000e+01
         vertex 3.375000e+02 1.927929e+02 1.759996e+02
         vertex 3.375000e+02 2.042045e+02 1.544750e+02
      endloop
   endfacet
   facet normal -1.000000e+00 0.000000e+00 -0.000000e+00
      outer loop
         vertex 3.375000e+02 4.228617e+01 4.460909e+01
         vertex 3.375000e+02 2.250000e+02 6.000000e+01
         vertex 3.375000e+02 3.897114e+01 3.750000e+01
      endloop
   endfacet
   facet normal -1.000000e+00 0.000000e+00 0.000000e+00
      outer loop
         vertex 3.375000e+02 3.897114e+01 3.750000e+01
         vertex 3.375000e+02 2.250000e+02 6.000000e+01
         vertex 3.375000e+02 2.250000e+02 -2.400000e+02
      endloop
   endfacet
   facet normal -1.000000e+00 0.000000e+00 -0.000000e+00
      outer loop
         vertex 3.375000e+02 3.897114e+01 3.750000e+01
         vertex 3.375000e+02 2.250000e+02 -2.400000e+02
         vertex 3.375000e+02 3.447200e+01 3.107456e+01
      endloop
   endfacet
   facet normal -1.000000e+00 0.000000e+00 -0.000000e+00
      outer loop
         vertex 3.375000e+02 3.447200e+01 3.107456e+01
         vertex 3.375000e+02 2.250000e+02 -2.400000e+02
         vertex 3.375000e+02 2.892544e+01 2.552800e+01
      endloop
   endfacet
   facet normal -1.000000e+00 0.000000e+00 0.000000e+00
      outer loop
         vertex 3.375000e+02 4.228617e+01 4.460909e+01
         vertex 3.375000e+02 4.431635e+01 5.218583e+01
         vertex 3.375000e+02 2.250000e+02 6.000000e+01
      endloop
   endfacet
   facet normal -1.000000e+00 -0.000000e+00 0.000000e+00
      outer loop
         vertex 3.375000e+02 2.250000e+02 6.000000e+01
         vertex 3.375000e+02 4.431635e+01 5.218583e+01
         vertex 3.375000e+02 4.500000e+01 6.000000e+01
      endloop
   endfacet
   facet normal -1.000000e+00 0.000000e+00 0.000000e+00
      outer loop
         vertex 3.375000e+02 2.250000e+02 6.000000e+01
         vertex 3.375000e+02 4.500000e+01 6.000000e+01
         vertex 3.375000e+02 2.236810e+02 8.432678e+01
      endloop
   endfacet
   facet normal -1.000000e+00 0.000000e+00 0.000000e+00
      outer loop
         vertex 3.375000e+02 2.236810e+02 8.432678e+01
         vertex 3.375000e+02 4.500000e+01 6.000000e+01
         vertex 3.375000e+02 4.431635e+01 6.781417e+01
      endloop
   endfacet
   facet normal -1.000000e+00 -0.000000e+00 0.000000e+00
      outer loop
         vertex 3.375000e+02 2.236810e+02 8.432678e+01
         vertex 3.375000e+02 4.431635e+01 6.781417e+01
         vertex 3.375000e+02 2.197396e+02 1.083684e+02
      endloop
   endfacet
   facet normal -1.000000e+00 -0.000000e+00 0.000000e+00
      outer loop
         vertex 3.375000e+02 2.197396e+02 1.083684e+02
         vertex 3.375000e+02 4.431635e+01 6.781417e+01
         vertex 3.375000e+02 2.132220e+02 1.318429e+02
      endloop
   endfacet
   facet normal -0.000000e+00 0.000000e+00 1.000000e+00
      outer loop
         vertex -3.375000e+02 2.250000e+02 -2.400000e+02
         vertex -3.375000e+02 -2.250000e+02 -2.400000e+02
         vertex 3.375000e+02 2.250000e+02 -2.400000e+02
      endloop
   endfacet
   facet normal 0.000000e+00 0.000000e+00 1.000000e+00
      outer loop
         vertex 3.375000e+02 2.250000e+02 -2.400000e+02
         vertex -3.375000e+02 -2.250000e+02 -2.400000e+02
         vertex 3.375000e+02 -2.250000e+02 -2.400000e+02
      endloop
   endfacet
   facet normal 0.000000e+00 -9.985334e-01 5.413836e-02
      outer loop
         vertex -4.875000e+02 -2.250000e+02 6.000000e+01
         vertex -3.375000e+02 -2.250000e+02 6.000000e+01
         vertex -3.375000e+02 -2.236810e+02 8.432678e+01
      endloop
   endfacet
   facet normal 0.000000e+00 -9.985334e-01 5.413836e-02
      outer loop
         vertex -4.875000e+02 -2.250000e+02 6.000000e+01
         vertex -3.375000e+02 -2.236810e+02 8.432678e+01
         vertex -4.875000e+02 -2.236810e+02 8.432678e+01
      endloop
   endfacet
   facet normal 0.000000e+00 -9.868265e-01 1.617820e-01
      outer loop
         vertex -4.875000e+02 -2.236810e+02 8.432678e+01
         vertex -3.375000e+02 -2.236810e+02 8.432678e+01
         vertex -3.375000e+02 -2.197396e+02 1.083684e+02
      endloop
   endfacet
   facet normal 0.000000e+00 -9.868265e-01 1.617820e-01
      outer loop
         vertex -4.875000e+02 -2.236810e+02 8.432678e+01
         vertex -3.375000e+02 -2.197396e+02 1.083684e+02
         vertex -4.875000e+02 -2.197396e+02 1.083684e+02
      endloop
   endfacet
   facet normal 0.000000e+00 -9.635500e-01 2.675284e-01
      outer loop
         vertex -4.875000e+02 -2.197396e+02 1.083684e+02
         vertex -3.375000e+02 -2.197396e+02 1.083684e+02
         vertex -3.375000e+02 -2.132220e+02 1.318429e+02
      endloop
   endfacet
   facet normal 0.000000e+00 -9.635500e-01 2.675284e-01
      outer loop
         vertex -4.875000e+02 -2.197396e+02 1.083684e+02
         vertex -3.375000e+02 -2.132220e+02 1.318429e+02
         vertex -4.875000e+02 -2.132220e+02 1.318429e+02
      endloop
   endfacet
   facet normal 0.000000e+00 -9.289766e-01 3.701384e-01
      outer loop
         vertex -4.875000e+02 -2.132220e+02 1.318429e+02
         vertex -3.375000e+02 -2.132220e+02 1.318429e+02
         vertex -3.375000e+02 -2.042045e+02 1.544750e+02
      endloop
   endfacet
   facet normal 0.000000e+00 -9.289766e-01 3.701384e-01
      outer loop
         vertex -4.875000e+02 -2.132220e+02 1.318429e+02
         vertex -3.375000e+02 -2.042045e+02 1.544750e+02
         vertex -4.875000e+02 -2.042045e+02 1.544750e+02
      endloop
   endfacet
   facet normal 0.000000e+00 -8.835119e-01 4.684086e-01
      outer loop
         vertex -4.875000e+02 -2.042045e+02 1.544750e+02
         vertex -3.375000e+02 -2.042045e+02 1.544750e+02
         vertex -3.375000e+02 -1.927929e+02 1.759996e+02
      endloop
   endfacet
   facet normal 0.000000e+00 -8.835119e-01 4.684086e-01
      outer loop
         vertex -4.875000e+02 -2.042045e+02 1.544750e+02
         vertex -3.375000e+02 -1.927929e+02 1.759996e+02
         vertex -4.875000e+02 -1.927929e+02 1.759996e+02
      endloop
   endfacet
   facet normal 0.000000e+00 -8.276893e-01 5.611867e-01
      outer loop
         vertex -4.875000e+02 -1.927929e+02 1.759996e+02
         vertex -3.375000e+02 -1.927929e+02 1.759996e+02
         vertex -3.375000e+02 -1.791209e+02 1.961642e+02
      endloop
   endfacet
   facet normal 0.000000e+00 -8.276893e-01 5.611867e-01
      outer loop
         vertex -4.875000e+02 -1.927929e+02 1.759996e+02
         vertex -3.375000e+02 -1.791209e+02 1.961642e+02
         vertex -4.875000e+02 -1.791209e+02 1.961642e+02
      endloop
   endfacet
   facet normal 0.000000e+00 -7.621619e-01 6.473864e-01
      outer loop
         vertex -4.875000e+02 -1.791209e+02 1.961642e+02
         vertex -3.375000e+02 -1.791209e+02 1.961642e+02
         vertex -3.375000e+02 -1.633490e+02 2.147324e+02
      endloop
   endfacet
   facet normal 0.000000e+00 -7.621619e-01 6.473864e-01
      outer loop
         vertex -4.875000e+02 -1.791209e+02 1.961642e+02
         vertex -3.375000e+02 -1.633490e+02 2.147324e+02
         vertex -4.875000e+02 -1.633490e+02 2.147324e+02
      endloop
   endfacet
   facet normal 0.000000e+00 -6.876997e-01 7.259953e-01
      outer loop
         vertex -4.875000e+02 -1.633490e+02 2.147324e+02
         vertex -3.375000e+02 -1.633490e+02 2.147324e+02
         vertex -3.375000e+02 -1.456619e+02 2.314865e+02
      endloop
   endfacet
   facet normal 0.000000e+00 -6.876997e-01 7.259953e-01
      outer loop
         vertex -4.875000e+02 -1.633490e+02 2.147324e+02
         vertex -3.375000e+02 -1.456619e+02 2.314865e+02
         vertex -4.875000e+02 -1.456619e+02 2.314865e+02
      endloop
   endfacet
   facet normal 0.000000e+00 -6.051738e-01 7.960934e-01
      outer loop
         vertex -4.875000e+02 -1.456619e+02 2.314865e+02
         vertex -3.375000e+02 -1.456619e+02 2.314865e+02
         vertex -3.375000e+02 -1.262671e+02 2.462300e+02
      endloop
   endfacet
   facet normal 0.000000e+00 -6.051738e-01 7.960934e-01
      outer loop
         vertex -4.875000e+02 -1.456619e+02 2.314865e+02
         vertex -3.375000e+02 -1.262671e+02 2.462300e+02
         vertex -4.875000e+02 -1.262671e+02 2.462300e+02
      endloop
   endfacet
   facet normal 0.000000e+00 -5.155544e-01 8.568569e-01
      outer loop
         vertex -4.875000e+02 -1.262671e+02 2.462300e+02
         vertex -3.375000e+02 -1.262671e+02 2.462300e+02
         vertex -3.375000e+02 -1.053919e+02 2.587902e+02
      endloop
   endfacet
   facet normal 0.000000e+00 -5.155544e-01 8.568569e-01
      outer loop
         vertex -4.875000e+02 -1.262671e+02 2.462300e+02
         vertex -3.375000e+02 -1.053919e+02 2.587902e+02
         vertex -4.875000e+02 -1.053919e+02 2.587902e+02
      endloop
   endfacet
   facet normal 0.000000e+00 -4.198883e-01 9.075758e-01
      outer loop
         vertex -4.875000e+02 -1.053919e+02 2.587902e+02
         vertex -3.375000e+02 -1.053919e+02 2.587902e+02
         vertex -3.375000e+02 -8.328108e+01 2.690198e+02
      endloop
   endfacet
   facet normal 0.000000e+00 -4.198883e-01 9.075758e-01
      outer loop
         vertex -4.875000e+02 -1.053919e+02 2.587902e+02
         vertex -3.375000e+02 -8.328108e+01 2.690198e+02
         vertex -4.875000e+02 -8.328108e+01 2.690198e+02
      endloop
   endfacet
   facet normal 0.000000e+00 -3.193021e-01 9.476530e-01
      outer loop
         vertex -4.875000e+02 -8.328108e+01 2.690198e+02
         vertex -3.375000e+02 -8.328108e+01 2.690198e+02
         vertex -3.375000e+02 -6.019388e+01 2.767988e+02
      endloop
   endfacet
   facet normal 0.000000e+00 -3.193021e-01 9.476530e-01
      outer loop
         vertex -4.875000e+02 -8.328108e+01 2.690198e+02
         vertex -3.375000e+02 -6.019388e+01 2.767988e+02
         vertex -4.875000e+02 -6.019388e+01 2.767988e+02
      endloop
   endfacet
   facet normal 0.000000e+00 -2.149705e-01 9.766205e-01
      outer loop
         vertex -4.875000e+02 -6.019388e+01 2.767988e+02
         vertex -3.375000e+02 -6.019388e+01 2.767988e+02
         vertex -3.375000e+02 -3.640095e+01 2.820360e+02
      endloop
   endfacet
   facet normal 0.000000e+00 -2.149705e-01 9.766205e-01
      outer loop
         vertex -4.875000e+02 -6.019388e+01 2.767988e+02
         vertex -3.375000e+02 -3.640095e+01 2.820360e+02
         vertex -4.875000e+02 -3.640095e+01 2.820360e+02
      endloop
   endfacet
   facet normal 0.000000e+00 -1.081189e-01 9.941380e-01
      outer loop
         vertex -4.875000e+02 -3.640095e+01 2.820360e+02
         vertex -3.375000e+02 -3.640095e+01 2.820360e+02
         vertex -3.375000e+02 -1.218125e+01 2.846700e+02
      endloop
   endfacet
   facet normal 0.000000e+00 -1.081189e-01 9.941380e-01
      outer loop
         vertex -4.875000e+02 -3.640095e+01 2.820360e+02
         vertex -3.375000e+02 -1.218125e+01 2.846700e+02
         vertex -4.875000e+02 -1.218125e+01 2.846700e+02
      endloop
   endfacet
   facet normal 0.000000e+00 0.000000e+00 1.000000e+00
      outer loop
         vertex -4.875000e+02 -1.218125e+01 2.846700e+02
         vertex -3.375000e+02 -1.218125e+01 2.846700e+02
         vertex -3.375000e+02 1.218125e+01 2.846700e+02
      endloop
   endfacet
   facet normal 0.000000e+00 0.000000e+00 1.000000e+00
      outer loop
         vertex -4.875000e+02 -1.218125e+01 2.846700e+02
         vertex -3.375000e+02 1.218125e+01 2.846700e+02
         vertex -4.875000e+02 1.218125e+01 2.846700e+02
      endloop
   endfacet
   facet normal -0.000000e+00 1.081189e-01 9.941380e-01
      outer loop
         vertex -4.875000e+02 1.218125e+01 2.846700e+02
         vertex -3.375000e+02 1.218125e+01 2.846700e+02
         vertex -3.375000e+02 3.640095e+01 2.820360e+02
      endloop
   endfacet
   facet normal 0.000000e+00 1.081189e-01 9.941380e-01
      outer loop
         vertex -4.875000e+02 1.218125e+01 2.846700e+02
         vertex -3.375000e+02 3.640095e+01 2.820360e+02
         vertex -4.875000e+02 3.640095e+01 2.820360e+02
      endloop
   endfacet
   facet normal -0.000000e+00 2.149705e-01 9.766205e-01
      outer loop
         vertex -4.875000e+02 3.640095e+01 2.820360e+02
         vertex -3.375000e+02 3.640095e+01 2.820360e+02
         vertex -3.375000e+02 6.019388e+01 2.767988e+02
      endloop
   endfacet
   facet normal 0.000000e+00 2.149705e-01 9.766205e-01
      outer loop
         vertex -4.875000e+02 3.640095e+01 2.820360e+02
         vertex -3.375000e+02 6.019388e+01 2.767988e+02
         vertex -4.875000e+02 6.019388e+01 2.767988e+02
      endloop
   endfacet
   facet normal -0.000000e+00 3.193021e-01 9.476530e-01
      outer loop
         vertex -4.875000e+02 6.019388e+01 2.767988e+02
         vertex -3.375000e+02 6.019388e+01 2.767988e+02
         vertex -3.375000e+02 8.328108e+01 2.690198e+02
      endloop
   endfacet
   facet normal 0.000000e+00 3.193021e-01 9.476530e-01
      outer loop
         vertex -4.875000e+02 6.019388e+01 2.767988e+02
         vertex -3.375000e+02 8.328108e+01 2.690198e+02
         vertex -4.875000e+02 8.328108e+01 2.690198e+02
      endloop
   endfacet
   facet normal -0.000000e+00 4.198883e-01 9.075758e-01
      outer loop
         vertex -4.875000e+02 8.328108e+01 2.690198e+02
         vertex -3.375000e+02 8.328108e+01 2.690198e+02
         vertex -3.375000e+02 1.053919e+02 2.587902e+02
      endloop
   endfacet
   facet normal 0.000000e+00 4.198883e-01 9.075758e-01
      outer loop
         vertex -4.875000e+02 8.328108e+01 2.690198e+02
         vertex -3.375000e+02 1.053919e+02 2.587902e+02
         vertex -4.875000e+02 1.053919e+02 2.587902e+02
      endloop
   endfacet
   facet normal -0.000000e+00 5.155544e-01 8.568569e-01
      outer loop
         vertex -4.875000e+02 1.053919e+02 2.587902e+02
         vertex -3.375000e+02 1.053919e+02 2.587902e+02
         vertex -3.375000e+02 1.262671e+02 2.462300e+02
      endloop
   endfacet
   facet normal 0.000000e+00 5.155544e-01 8.568569e-01
      outer loop
         vertex -4.875000e+02 1.053919e+02 2.587902e+02
         vertex -3.375000e+02 1.262671e+02 2.462300e+02
         vertex -4.875000e+02 1.262671e+02 2.462300e+02
      endloop
   endfacet
   facet normal -0.000000e+00 6.051738e-01 7.960934e-01
      outer loop
         vertex -4.875000e+02 1.262671e+02 2.462300e+02
         vertex -3.375000e+02 1.262671e+02 2.462300e+02
         vertex -3.375000e+02 1.456619e+02 2.314865e+02
      endloop
   endfacet
   facet normal 0.000000e+00 6.051738e-01 7.960934e-01
      outer loop
         vertex -4.875000e+02 1.262671e+02 2.462300e+02
         vertex -3.375000e+02 1.456619e+02 2.314865e+02
         vertex -4.875000e+02 1.456619e+02 2.314865e+02
      endloop
   endfacet
   facet normal -0.000000e+00 6.876997e-01 7.259953e-01
      outer loop
         vertex -4.875000e+02 1.456619e+02 2.314865e+02
         vertex -3.375000e+02 1.456619e+02 2.314865e+02
         vertex -3.375000e+02 1.633490e+02 2.147324e+02
      endloop
   endfacet
   facet normal 0.000000e+00 6.876997e-01 7.259953e-01
      outer loop
         vertex -4.875000e+02 1.456619e+02 2.314865e+02
         vertex -3.375000e+02 1.633490e+02 2.147324e+02
         vertex -4.875000e+02 1.633490e+02 2.147324e+02
      endloop
   endfacet
   facet normal -0.000000e+00 7.621619e-01 6.473864e-01
      outer loop
         vertex -4.875000e+02 1.633490e+02 2.147324e+02
         vertex -3.375000e+02 1.633490e+02 2.147324e+02
         vertex -3.375000e+02 1.791209e+02 1.961642e+02
      endloop
   endfacet
   facet normal 0.000000e+00 7.621619e-01 6.473864e-01
      outer loop
         vertex -4.875000e+02 1.633490e+02 2.147324e+02
         vertex -3.375000e+02 1.791209e+02 1.961642e+02
         vertex -4.875000e+02 1.791209e+02 1.961642e+02
      endloop
   endfacet
   facet normal -0.000000e+00 8.276893e-01 5.611867e-01
      outer loop
         vertex -4.875000e+02 1.791209e+02 1.961642e+02
         vertex -3.375000e+02 1.791209e+02 1.961642e+02
         vertex -3.375000e+02 1.927929e+02 1.759996e+02
      endloop
   endfacet
   facet normal 0.000000e+00 8.276893e-01 5.611867e-01
      outer loop
         vertex -4.875000e+02 1.791209e+02 1.961642e+02
         vertex -3.375000e+02 1.927929e+02 1.759996e+02
         vertex -4.875000e+02 1.927929e+02 1.759996e+02
      endloop
   endfacet
   facet normal -0.000000e+00 8.835119e-01 4.684086e-01
      outer loop
         vertex -4.875000e+02 1.927929e+02 1.759996e+02
         vertex -3.375000e+02 1.927929e+02 1.759996e+02
         vertex -3.375000e+02 2.042045e+02 1.544750e+02
      endloop
   endfacet
   facet normal 0.000000e+00 8.835119e-01 4.684086e-01
      outer loop
         vertex -4.875000e+02 1.927929e+02 1.759996e+02
         vertex -3.375000e+02 2.042045e+02 1.544750e+02
         vertex -4.875000e+02 2.042045e+02 1.544750e+02
      endloop
   endfacet
   facet normal -0.000000e+00 9.289766e-01 3.701384e-01
      outer loop
         vertex -4.875000e+02 2.042045e+02 1.544750e+02
         vertex -3.375000e+02 2.042045e+02 1.544750e+02
         vertex -3.375000e+02 2.132220e+02 1.318429e+02
      endloop
   endfacet
   facet normal 0.000000e+00 9.289766e-01 3.701384e-01
      outer loop
         vertex -4.875000e+02 2.042045e+02 1.544750e+02
         vertex -3.375000e+02 2.132220e+02 1.318429e+02
         vertex -4.875000e+02 2.132220e+02 1.318429e+02
      endloop
   endfacet
   facet normal -0.000000e+00 9.635500e-01 2.675284e-01
      outer loop
         vertex -4.875000e+02 2.132220e+02 1.318429e+02
         vertex -3.375000e+02 2.132220e+02 1.318429e+02
         vertex -3.375000e+02 2.197396e+02 1.083684e+02
      endloop
   endfacet
   facet normal 0.000000e+00 9.635500e-01 2.675284e-01
      outer loop
         vertex -4.875000e+02 2.132220e+02 1.318429e+02
         vertex -3.375000e+02 2.197396e+02 1.083684e+02
         vertex -4.875000e+02 2.197396e+02 1.083684e+02
      endloop
   endfacet
   facet normal -0.000000e+00 9.868265e-01 1.617820e-01
      outer loop
         vertex -4.875000e+02 2.197396e+02 1.083684e+02
         vertex -3.375000e+02 2.197396e+02 1.083684e+02
         vertex -3.375000e+02 2.236810e+02 8.432678e+01
      endloop
   endfacet
   facet normal 0.000000e+00 9.868265e-01 1.617820e-01
      outer loop
         vertex -4.875000e+02 2.197396e+02 1.083684e+02
         vertex -3.375000e+02 2.236810e+02 8.432678e+01
         vertex -4.875000e+02 2.236810e+02 8.432678e+01
      endloop
   endfacet
   facet normal -0.000000e+00 9.985334e-01 5.413836e-02
      outer loop
         vertex -4.875000e+02 2.236810e+02 8.432678e+01
         vertex -3.375000e+02 2.236810e+02 8.432678e+01
         vertex -3.375000e+02 2.250000e+02 6.000000e+01
      endloop
   endfacet
   facet normal 0.000000e+00 9.985334e-01 5.413836e-02
      outer loop
         vertex -4.875000e+02 2.236810e+02 8.432678e+01
         vertex -3.375000e+02 2.250000e+02 6.000000e+01
         vertex -4.875000e+02 2.250000e+02 6.000000e+01
      endloop
   endfacet
   facet normal -1.000000e+00 0.000000e+00 0.000000e+00
      outer loop
         vertex -4.875000e+02 2.250000e+02 -3.150000e+02
         vertex -4.875000e+02 -2.250000e+02 -3.150000e+02
         vertex -4.875000e+02 2.250000e+02 6.000000e+01
      endloop
   endfacet
   facet normal -1.000000e+00 -0.000000e+00 0.000000e+00
      outer loop
         vertex -4.875000e+02 2.250000e+02 6.000000e+01
         vertex -4.875000e+02 -2.250000e+02 -3.150000e+02
         vertex -4.875000e+02 -2.250000e+02 6.000000e+01
      endloop
   endfacet
   facet normal -1.000000e+00 0.000000e+00 0.000000e+00
      outer loop
         vertex -4.875000e+02 -2.250000e+02 6.000000e+01
         vertex -4.875000e+02 -2.236810e+02 8.432678e+01
         vertex -4.875000e+02 2.250000e+02 6.000000e+01
      endloop
   endfacet
   facet normal -1.000000e+00 0.000000e+00 0.000000e+00
      outer loop
         vertex -4.875000e+02 2.250000e+02 6.000000e+01
         vertex -4.875000e+02 -2.236810e+02 8.432678e+01
         vertex -4.875000e+02 -2.197396e+02 1.083684e+02
      endloop
   endfacet
   facet normal -1.000000e+00 0.000000e+00 0.000000e+00
      outer loop
         vertex -4.875000e+02 2.250000e+02 6.000000e+01
         vertex -4.875000e+02 -2.197396e+02 1.083684e+02
         vertex -4.875000e+02 -2.132220e+02 1.318429e+02
      endloop
   endfacet
   facet normal -1.000000e+00 0.000000e+00 0.000000e+00
      outer loop
         vertex -4.875000e+02 -1.262671e+02 2.462300e+02
         vertex -4.875000e+02 -1.053919e+02 2.587902e+02
         vertex -4.875000e+02 2.250000e+02 6.000000e+01
      endloop
   endfacet
   facet normal -1.000000e+00 0.000000e+00 0.000000e+00
      outer loop
         vertex -4.875000e+02 2.250000e+02 6.000000e+01
         vertex -4.875000e+02 -1.053919e+02 2.587902e+02
         vertex -4.875000e+02 -8.328108e+01 2.690198e+02
      endloop
   endfacet
   facet normal -1.000000e+00 0.000000e+00 0.000000e+00
      outer loop
         vertex -4.875000e+02 2.250000e+02 6.000000e+01
         vertex -4.875000e+02 -8.328108e+01 2.690198e+02
         vertex -4.875000e+02 -6.019388e+01 2.767988e+02
      endloop
   endfacet
   facet normal -1.000000e+00 0.000000e+00 0.000000e+00
      outer loop
         vertex -4.875000e+02 -2.132220e+02 1.318429e+02
         vertex -4.875000e+02 -2.042045e+02 1.544750e+02
         vertex -4.875000e+02 2.250000e+02 6.000000e+01
      endloop
   endfacet
   facet normal -1.000000e+00 0.000000e+00 0.000000e+00
      outer loop
         vertex -4.875000e+02 2.250000e+02 6.000000e+01
         vertex -4.875000e+02 -2.042045e+02 1.544750e+02
         vertex -4.875000e+02 -1.927929e+02 1.759996e+02
      endloop
   endfacet
   facet normal -1.000000e+00 0.000000e+00 0.000000e+00
      outer loop
         vertex -4.875000e+02 2.250000e+02 6.000000e+01
         vertex -4.875000e+02 -1.927929e+02 1.759996e+02
         vertex -4.875000e+02 -1.791209e+02 1.961642e+02
      endloop
   endfacet
   facet normal -1.000000e+00 0.000000e+00 0.000000e+00
      outer loop
         vertex -4.875000e+02 -6.019388e+01 2.767988e+02
         vertex -4.875000e+02 -3.640095e+01 2.820360e+02
         vertex -4.875000e+02 2.250000e+02 6.000000e+01
      endloop
   endfacet
   facet normal -1.000000e+00 0.000000e+00 0.000000e+00
      outer loop
         vertex -4.875000e+02 2.250000e+02 6.000000e+01
         vertex -4.875000e+02 -3.640095e+01 2.820360e+02
         vertex -4.875000e+02 -1.218125e+01 2.846700e+02
      endloop
   endfacet
   facet normal -1.000000e+00 0.000000e+00 0.000000e+00
      outer loop
         vertex -4.875000e+02 2.250000e+02 6.000000e+01
         vertex -4.875000e+02 -1.218125e+01 2.846700e+02
         vertex -4.875000e+02 1.218125e+01 2.846700e+02
      endloop
   endfacet
   facet normal -1.000000e+00 0.000000e+00 0.000000e+00
      outer loop
         vertex -4.875000e+02 -1.791209e+02 1.961642e+02
         vertex -4.875000e+02 -1.633490e+02 2.147324e+02
         vertex -4.875000e+02 2.250000e+02 6.000000e+01
      endloop
   endfacet
   facet normal -1.000000e+00 0.000000e+00 0.000000e+00
      outer loop
         vertex -4.875000e+02 2.250000e+02 6.000000e+01
         vertex -4.875000e+02 -1.633490e+02 2.147324e+02
         vertex -4.875000e+02 -1.456619e+02 2.314865e+02
      endloop
   endfacet
   facet normal -1.000000e+00 0.000000e+00 0.000000e+00
      outer loop
         vertex -4.875000e+02 2.250000e+02 6.000000e+01
         vertex -4.875000e+02 -1.456619e+02 2.314865e+02
         vertex -4.875000e+02 -1.262671e+02 2.462300e+02
      endloop
   endfacet
   facet normal -1.000000e+00 0.000000e+00 0.000000e+00
      outer loop
         vertex -4.875000e+02 1.218125e+01 2.846700e+02
         vertex -4.875000e+02 3.640095e+01 2.820360e+02
         vertex -4.875000e+02 2.250000e+02 6.000000e+01
      endloop
   endfacet
   facet normal -1.000000e+00 0.000000e+00 0.000000e+00
      outer loop
         vertex -4.875000e+02 2.250000e+02 6.000000e+01
         vertex -4.875000e+02 3.640095e+01 2.820360e+02
         vertex -4.875000e+02 6.019388e+01 2.767988e+02
      endloop
   endfacet
   facet normal -1.000000e+00 0.000000e+00 0.000000e+00
      outer loop
         vertex -4.875000e+02 2.250000e+02 6.000000e+01
         vertex -4.875000e+02 6.019388e+01 2.767988e+02
         vertex -4.875000e+02 8.328108e+01 2.690198e+02
      endloop
   endfacet
   facet normal -1.000000e+00 0.000000e+00 0.000000e+00
      outer loop
         vertex -4.875000e+02 8.328108e+01 2.690198e+02
         vertex -4.875000e+02 1.053919e+02 2.587902e+02
         vertex -4.875000e+02 2.250000e+02 6.000000e+01
      endloop
   endfacet
   facet normal -1.000000e+00 0.000000e+00 0.000000e+00
      outer loop
         vertex -4.875000e+02 2.250000e+02 6.000000e+01
         vertex -4.875000e+02 1.053919e+02 2.587902e+02
         vertex -4.875000e+02 1.262671e+02 2.462300e+02
      endloop
   endfacet
   facet normal -1.000000e+00 0.000000e+00 0.000000e+00
      outer loop
         vertex -4.875000e+02 2.250000e+02 6.000000e+01
         vertex -4.875000e+02 1.262671e+02 2.462300e+02
         vertex -4.875000e+02 1.456619e+02 2.314865e+02
      endloop
   endfacet
   facet normal -1.000000e+00 0.000000e+00 0.000000e+00
      outer loop
         vertex -4.875000e+02 2.250000e+02 6.000000e+01
         vertex -4.875000e+02 1.927929e+02 1.759996e+02
         vertex -4.875000e+02 2.236810e+02 8.432678e+01
      endloop
   endfacet
   facet normal -1.000000e+00 0.000000e+00 0.000000e+00
      outer loop
         vertex -4.875000e+02 2.236810e+02 8.432678e+01
         vertex -4.875000e+02 1.927929e+02 1.759996e+02
         vertex -4.875000e+02 2.042045e+02 1.544750e+02
      endloop
   endfacet
   facet normal -1.000000e+00 0.000000e+00 0.000000e+00
      outer loop
         vertex -4.875000e+02 2.236810e+02 8.432678e+01
         vertex -4.875000e+02 2.042045e+02 1.544750e+02
         vertex -4.875000e+02 2.197396e+02 1.083684e+02
      endloop
   endfacet
   facet normal -1.000000e+00 0.000000e+00 0.000000e+00
      outer loop
         vertex -4.875000e+02 2.197396e+02 1.083684e+02
         vertex -4.875000e+02 2.042045e+02 1.544750e+02
         vertex -4.875000e+02 2.132220e+02 1.318429e+02
      endloop
   endfacet
   facet normal -1.000000e+00 0.000000e+00 0.000000e+00
      outer loop
         vertex -4.875000e+02 1.456619e+02 2.314865e+02
         vertex -4.875000e+02 1.633490e+02 2.147324e+02
         vertex -4.875000e+02 2.250000e+02 6.000000e+01
      endloop
   endfacet
   facet normal -1.000000e+00 0.000000e+00 0.000000e+00
      outer loop
         vertex -4.875000e+02 2.250000e+02 6.000000e+01
         vertex -4.875000e+02 1.633490e+02 2.147324e+02
         vertex -4.875000e+02 1.791209e+02 1.961642e+02
      endloop
   endfacet
   facet normal -1.000000e+00 0.000000e+00 0.000000e+00
      outer loop
         vertex -4.875000e+02 2.250000e+02 6.000000e+01
         vertex -4.875000e+02 1.791209e+02 1.961642e+02
         vertex -4.875000e+02 1.927929e+02 1.759996e+02
      endloop
   endfacet
   facet normal 1.000000e+00 0.000000e+00 0.000000e+00
      outer loop
         vertex -3.375000e+02 -7.814168e+00 1.568365e+01
         vertex -3.375000e+02 -2.250000e+02 -2.400000e+02
         vertex -3.375000e+02 3.846319e-14 1.500000e+01
      endloop
   endfacet
   facet normal 1.000000e+00 0.000000e+00 0.000000e+00
      outer loop
         vertex -3.375000e+02 3.846319e-14 1.500000e+01
         vertex -3.375000e+02 -2.250000e+02 -2.400000e+02
         vertex -3.375000e+02 2.250000e+02 -2.400000e+02
      endloop
   endfacet
   facet normal 1.000000e+00 -0.000000e+00 0.000000e+00
      outer loop
         vertex -3.375000e+02 3.846319e-14 1.500000e+01
         vertex -3.375000e+02 2.250000e+02 -2.400000e+02
         vertex -3.375000e+02 7.814168e+00 1.568365e+01
      endloop
   endfacet
   facet normal 1.000000e+00 0.000000e+00 0.000000e+00
      outer loop
         vertex -3.375000e+02 -7.814168e+00 1.568365e+01
         vertex -3.375000e+02 -1.539091e+01 1.771383e+01
         vertex -3.375000e+02 -2.250000e+02 -2.400000e+02
      endloop
   endfacet
   facet normal 1.000000e+00 0.000000e+00 0.000000e+00
      outer loop
         vertex -3.375000e+02 -2.250000e+02 -2.400000e+02
         vertex -3.375000e+02 -1.539091e+01 1.771383e+01
         vertex -3.375000e+02 -2.250000e+01 2.102886e+01
      endloop
   endfacet
   facet normal 1.000000e+00 0.000000e+00 0.000000e+00
      outer loop
         vertex -3.375000e+02 -2.250000e+02 -2.400000e+02
         vertex -3.375000e+02 -2.250000e+01 2.102886e+01
         vertex -3.375000e+02 -2.892544e+01 2.552800e+01
      endloop
   endfacet
   facet normal 1.000000e+00 0.000000e+00 -0.000000e+00
      outer loop
         vertex -3.375000e+02 7.814168e+00 1.043163e+02
         vertex -3.375000e+02 1.218125e+01 2.846700e+02
         vertex -3.375000e+02 2.193046e-14 1.050000e+02
      endloop
   endfacet
   facet normal 1.000000e+00 0.000000e+00 -0.000000e+00
      outer loop
         vertex -3.375000e+02 2.193046e-14 1.050000e+02
         vertex -3.375000e+02 1.218125e+01 2.846700e+02
         vertex -3.375000e+02 -1.218125e+01 2.846700e+02
      endloop
   endfacet
   facet normal 1.000000e+00 0.000000e+00 0.000000e+00
      outer loop
         vertex -3.375000e+02 2.193046e-14 1.050000e+02
         vertex -3.375000e+02 -1.218125e+01 2.846700e+02
         vertex -3.375000e+02 -7.814168e+00 1.043163e+02
      endloop
   endfacet
   facet normal 1.000000e+00 0.000000e+00 0.000000e+00
      outer loop
         vertex -3.375000e+02 -2.892544e+01 2.552800e+01
         vertex -3.375000e+02 -3.447200e+01 3.107456e+01
         vertex -3.375000e+02 -2.250000e+02 -2.400000e+02
      endloop
   endfacet
   facet normal 1.000000e+00 0.000000e+00 0.000000e+00
      outer loop
         vertex -3.375000e+02 -2.250000e+02 -2.400000e+02
         vertex -3.375000e+02 -3.447200e+01 3.107456e+01
         vertex -3.375000e+02 -3.897114e+01 3.750000e+01
      endloop
   endfacet
   facet normal 1.000000e+00 0.000000e+00 0.000000e+00
      outer loop
         vertex -3.375000e+02 -2.250000e+02 -2.400000e+02
         vertex -3.375000e+02 -3.897114e+01 3.750000e+01
         vertex -3.375000e+02 -2.250000e+02 6.000000e+01
      endloop
   endfacet
   facet normal 1.000000e+00 0.000000e+00 0.000000e+00
      outer loop
         vertex -3.375000e+02 -2.250000e+02 6.000000e+01
         vertex -3.375000e+02 -3.897114e+01 3.750000e+01
         vertex -3.375000e+02 -4.228617e+01 4.460909e+01
      endloop
   endfacet
   facet normal 1.000000e+00 0.000000e+00 -0.000000e+00
      outer loop
         vertex -3.375000e+02 1.539091e+01 1.022862e+02
         vertex -3.375000e+02 6.019388e+01 2.767988e+02
         vertex -3.375000e+02 7.814168e+00 1.043163e+02
      endloop
   endfacet
   facet normal 1.000000e+00 0.000000e+00 0.000000e+00
      outer loop
         vertex -3.375000e+02 7.814168e+00 1.043163e+02
         vertex -3.375000e+02 6.019388e+01 2.767988e+02
         vertex -3.375000e+02 3.640095e+01 2.820360e+02
      endloop
   endfacet
   facet normal 1.000000e+00 0.000000e+00 0.000000e+00
      outer loop
         vertex -3.375000e+02 7.814168e+00 1.043163e+02
         vertex -3.375000e+02 3.640095e+01 2.820360e+02
         vertex -3.375000e+02 1.218125e+01 2.846700e+02
      endloop
   endfacet
   facet normal 1.000000e+00 -0.000000e+00 0.000000e+00
      outer loop
         vertex -3.375000e+02 4.228617e+01 7.539091e+01
         vertex -3.375000e+02 4.431635e+01 6.781417e+01
         vertex -3.375000e+02 2.197396e+02 1.083684e+02
      endloop
   endfacet
   facet normal 1.000000e+00 0.000000e+00 -0.000000e+00
      outer loop
         vertex -3.375000e+02 2.892544e+01 9.447200e+01
         vertex -3.375000e+02 1.262671e+02 2.462300e+02
         vertex -3.375000e+02 2.250000e+01 9.897114e+01
      endloop
   endfacet
   facet normal 1.000000e+00 0.000000e+00 0.000000e+00
      outer loop
         vertex -3.375000e+02 2.250000e+01 9.897114e+01
         vertex -3.375000e+02 1.262671e+02 2.462300e+02
         vertex -3.375000e+02 1.053919e+02 2.587902e+02
      endloop
   endfacet
   facet normal 1.000000e+00 0.000000e+00 -0.000000e+00
      outer loop
         vertex -3.375000e+02 2.250000e+01 9.897114e+01
         vertex -3.375000e+02 1.053919e+02 2.587902e+02
         vertex -3.375000e+02 1.539091e+01 1.022862e+02
      endloop
   endfacet
   facet normal 1.000000e+00 0.000000e+00 0.000000e+00
      outer loop
         vertex -3.375000e+02 1.539091e+01 1.022862e+02
         vertex -3.375000e+02 1.053919e+02 2.587902e+02
         vertex -3.375000e+02 8.328108e+01 2.690198e+02
      endloop
   endfacet
   facet normal 1.000000e+00 0.000000e+00 0.000000e+00
      outer loop
         vertex -3.375000e+02 1.539091e+01 1.022862e+02
         vertex -3.375000e+02 8.328108e+01 2.690198e+02
         vertex -3.375000e+02 6.019388e+01 2.767988e+02
      endloop
   endfacet
   facet normal 1.000000e+00 0.000000e+00 0.000000e+00
      outer loop
         vertex -3.375000e+02 2.250000e+02 -2.400000e+02
         vertex -3.375000e+02 3.447200e+01 3.107456e+01
         vertex -3.375000e+02 2.892544e+01 2.552800e+01
      endloop
   endfacet
   facet normal 1.000000e+00 0.000000e+00 -0.000000e+00
      outer loop
         vertex -3.375000e+02 3.447200e+01 8.892544e+01
         vertex -3.375000e+02 1.633490e+02 2.147324e+02
         vertex -3.375000e+02 2.892544e+01 9.447200e+01
      endloop
   endfacet
   facet normal 1.000000e+00 0.000000e+00 0.000000e+00
      outer loop
         vertex -3.375000e+02 2.892544e+01 9.447200e+01
         vertex -3.375000e+02 1.633490e+02 2.147324e+02
         vertex -3.375000e+02 1.456619e+02 2.314865e+02
      endloop
   endfacet
   facet normal 1.000000e+00 0.000000e+00 0.000000e+00
      outer loop
         vertex -3.375000e+02 2.892544e+01 9.447200e+01
         vertex -3.375000e+02 1.456619e+02 2.314865e+02
         vertex -3.375000e+02 1.262671e+02 2.462300e+02
      endloop
   endfacet
   facet normal 1.000000e+00 0.000000e+00 0.000000e+00
      outer loop
         vertex -3.375000e+02 2.197396e+02 1.083684e+02
         vertex -3.375000e+02 4.431635e+01 6.781417e+01
         vertex -3.375000e+02 2.236810e+02 8.432678e+01
      endloop
   endfacet
   facet normal 1.000000e+00 0.000000e+00 0.000000e+00
      outer loop
         vertex -3.375000e+02 2.236810e+02 8.432678e+01
         vertex -3.375000e+02 4.431635e+01 6.781417e+01
         vertex -3.375000e+02 4.500000e+01 6.000000e+01
      endloop
   endfacet
   facet normal 1.000000e+00 0.000000e+00 0.000000e+00
      outer loop
         vertex -3.375000e+02 2.236810e+02 8.432678e+01
         vertex -3.375000e+02 4.500000e+01 6.000000e+01
         vertex -3.375000e+02 2.250000e+02 6.000000e+01
      endloop
   endfacet
   facet normal 1.000000e+00 0.000000e+00 0.000000e+00
      outer loop
         vertex -3.375000e+02 2.892544e+01 2.552800e+01
         vertex -3.375000e+02 2.250000e+01 2.102886e+01
         vertex -3.375000e+02 2.250000e+02 -2.400000e+02
      endloop
   endfacet
   facet normal 1.000000e+00 0.000000e+00 0.000000e+00
      outer loop
         vertex -3.375000e+02 2.250000e+02 -2.400000e+02
         vertex -3.375000e+02 2.250000e+01 2.102886e+01
         vertex -3.375000e+02 1.539091e+01 1.771383e+01
      endloop
   endfacet
   facet normal 1.000000e+00 0.000000e+00 0.000000e+00
      outer loop
         vertex -3.375000e+02 2.250000e+02 -2.400000e+02
         vertex -3.375000e+02 1.539091e+01 1.771383e+01
         vertex -3.375000e+02 7.814168e+00 1.568365e+01
      endloop
   endfacet
   facet normal 1.000000e+00 0.000000e+00 0.000000e+00
      outer loop
         vertex -3.375000e+02 -2.892544e+01 9.447200e+01
         vertex -3.375000e+02 -1.633490e+02 2.147324e+02
         vertex -3.375000e+02 -3.447200e+01 8.892544e+01
      endloop
   endfacet
   facet normal 1.000000e+00 0.000000e+00 0.000000e+00
      outer loop
         vertex -3.375000e+02 -3.447200e+01 8.892544e+01
         vertex -3.375000e+02 -1.633490e+02 2.147324e+02
         vertex -3.375000e+02 -1.791209e+02 1.961642e+02
      endloop
   endfacet
   facet normal 1.000000e+00 0.000000e+00 0.000000e+00
      outer loop
         vertex -3.375000e+02 -3.447200e+01 8.892544e+01
         vertex -3.375000e+02 -1.791209e+02 1.961642e+02
         vertex -3.375000e+02 -3.897114e+01 8.250000e+01
      endloop
   endfacet
   facet normal 1.000000e+00 0.000000e+00 0.000000e+00
      outer loop
         vertex -3.375000e+02 2.197396e+02 1.083684e+02
         vertex -3.375000e+02 2.132220e+02 1.318429e+02
         vertex -3.375000e+02 4.228617e+01 7.539091e+01
      endloop
   endfacet
   facet normal 1.000000e+00 0.000000e+00 0.000000e+00
      outer loop
         vertex -3.375000e+02 4.228617e+01 7.539091e+01
         vertex -3.375000e+02 2.132220e+02 1.318429e+02
         vertex -3.375000e+02 2.042045e+02 1.544750e+02
      endloop
   endfacet
   facet normal 1.000000e+00 0.000000e+00 -0.000000e+00
      outer loop
         vertex -3.375000e+02 4.228617e+01 7.539091e+01
         vertex -3.375000e+02 2.042045e+02 1.544750e+02
         vertex -3.375000e+02 3.897114e+01 8.250000e+01
      endloop
   endfacet
   facet normal 1.000000e+00 0.000000e+00 0.000000e+00
      outer loop
         vertex -3.375000e+02 3.897114e+01 8.250000e+01
         vertex -3.375000e+02 2.042045e+02 1.544750e+02
         vertex -3.375000e+02 1.927929e+02 1.759996e+02
      endloop
   endfacet
   facet normal 1.000000e+00 0.000000e+00 -0.000000e+00
      outer loop
         vertex -3.375000e+02 3.897114e+01 8.250000e+01
         vertex -3.375000e+02 1.927929e+02 1.759996e+02
         vertex -3.375000e+02 3.447200e+01 8.892544e+01
      endloop
   endfacet
   facet normal 1.000000e+00 0.000000e+00 0.000000e+00
      outer loop
         vertex -3.375000e+02 3.447200e+01 8.892544e+01
         vertex -3.375000e+02 1.927929e+02 1.759996e+02
         vertex -3.375000e+02 1.791209e+02 1.961642e+02
      endloop
   endfacet
   facet normal 1.000000e+00 0.000000e+00 0.000000e+00
      outer loop
         vertex -3.375000e+02 3.447200e+01 8.892544e+01
         vertex -3.375000e+02 1.791209e+02 1.961642e+02
         vertex -3.375000e+02 1.633490e+02 2.147324e+02
      endloop
   endfacet
   facet normal 1.000000e+00 0.000000e+00 0.000000e+00
      outer loop
         vertex -3.375000e+02 -2.250000e+01 9.897114e+01
         vertex -3.375000e+02 -1.262671e+02 2.462300e+02
         vertex -3.375000e+02 -2.892544e+01 9.447200e+01
      endloop
   endfacet
   facet normal 1.000000e+00 0.000000e+00 0.000000e+00
      outer loop
         vertex -3.375000e+02 -2.892544e+01 9.447200e+01
         vertex -3.375000e+02 -1.262671e+02 2.462300e+02
         vertex -3.375000e+02 -1.456619e+02 2.314865e+02
      endloop
   endfacet
   facet normal 1.000000e+00 0.000000e+00 0.000000e+00
      outer loop
         vertex -3.375000e+02 -2.892544e+01 9.447200e+01
         vertex -3.375000e+02 -1.456619e+02 2.314865e+02
         vertex -3.375000e+02 -1.633490e+02 2.147324e+02
      endloop
   endfacet
   facet normal 1.000000e+00 0.000000e+00 0.000000e+00
      outer loop
         vertex -3.375000e+02 -1.218125e+01 2.846700e+02
         vertex -3.375000e+02 -3.640095e+01 2.820360e+02
         vertex -3.375000e+02 -7.814168e+00 1.043163e+02
      endloop
   endfacet
   facet normal 1.000000e+00 0.000000e+00 0.000000e+00
      outer loop
         vertex -3.375000e+02 -7.814168e+00 1.043163e+02
         vertex -3.375000e+02 -3.640095e+01 2.820360e+02
         vertex -3.375000e+02 -6.019388e+01 2.767988e+02
      endloop
   endfacet
   facet normal 1.000000e+00 0.000000e+00 0.000000e+00
      outer loop
         vertex -3.375000e+02 -7.814168e+00 1.043163e+02
         vertex -3.375000e+02 -6.019388e+01 2.767988e+02
         vertex -3.375000e+02 -1.539091e+01 1.022862e+02
      endloop
   endfacet
   facet normal 1.000000e+00 0.000000e+00 0.000000e+00
      outer loop
         vertex -3.375000e+02 -1.539091e+01 1.022862e+02
         vertex -3.375000e+02 -6.019388e+01 2.767988e+02
         vertex -3.375000e+02 -8.328108e+01 2.690198e+02
      endloop
   endfacet
   facet normal 1.000000e+00 0.000000e+00 0.000000e+00
      outer loop
         vertex -3.375000e+02 -1.539091e+01 1.022862e+02
         vertex -3.375000e+02 -8.328108e+01 2.690198e+02
         vertex -3.375000e+02 -2.250000e+01 9.897114e+01
      endloop
   endfacet
   facet normal 1.000000e+00 0.000000e+00 0.000000e+00
      outer loop
         vertex -3.375000e+02 -2.250000e+01 9.897114e+01
         vertex -3.375000e+02 -8.328108e+01 2.690198e+02
         vertex -3.375000e+02 -1.053919e+02 2.587902e+02
      endloop
   endfacet
   facet normal 1.000000e+00 0.000000e+00 0.000000e+00
      outer loop
         vertex -3.375000e+02 -2.250000e+01 9.897114e+01
         vertex -3.375000e+02 -1.053919e+02 2.587902e+02
         vertex -3.375000e+02 -1.262671e+02 2.462300e+02
      endloop
   endfacet
   facet normal 1.000000e+00 0.000000e+00 0.000000e+00
      outer loop
         vertex -3.375000e+02 -4.228617e+01 4.460909e+01
         vertex -3.375000e+02 -4.431635e+01 5.218583e+01
         vertex -3.375000e+02 -2.250000e+02 6.000000e+01
      endloop
   endfacet
   facet normal 1.000000e+00 -0.000000e+00 0.000000e+00
      outer loop
         vertex -3.375000e+02 -2.250000e+02 6.000000e+01
         vertex -3.375000e+02 -4.431635e+01 5.218583e+01
         vertex -3.375000e+02 -4.500000e+01 6.000000e+01
      endloop
   endfacet
   facet normal 1.000000e+00 0.000000e+00 0.000000e+00
      outer loop
         vertex -3.375000e+02 -2.250000e+02 6.000000e+01
         vertex -3.375000e+02 -4.500000e+01 6.000000e+01
         vertex -3.375000e+02 -2.236810e+02 8.432678e+01
      endloop
   endfacet
   facet normal 1.000000e+00 0.000000e+00 0.000000e+00
      outer loop
         vertex -3.375000e+02 -2.236810e+02 8.432678e+01
         vertex -3.375000e+02 -4.500000e+01 6.000000e+01
         vertex -3.375000e+02 -4.431635e+01 6.781417e+01
      endloop
   endfacet
   facet normal 1.000000e+00 0.000000e+00 0.000000e+00
      outer loop
         vertex -3.375000e+02 -1.791209e+02 1.961642e+02
         vertex -3.375000e+02 -1.927929e+02 1.759996e+02
         vertex -3.375000e+02 -3.897114e+01 8.250000e+01
      endloop
   endfacet
   facet normal 1.000000e+00 0.000000e+00 0.000000e+00
      outer loop
         vertex -3.375000e+02 -3.897114e+01 8.250000e+01
         vertex -3.375000e+02 -1.927929e+02 1.759996e+02
         vertex -3.375000e+02 -2.042045e+02 1.544750e+02
      endloop
   endfacet
   facet normal 1.000000e+00 0.000000e+00 0.000000e+00
      outer loop
         vertex -3.375000e+02 -3.897114e+01 8.250000e+01
         vertex -3.375000e+02 -2.042045e+02 1.544750e+02
         vertex -3.375000e+02 -4.228617e+01 7.539091e+01
      endloop
   endfacet
   facet normal 1.000000e+00 0.000000e+00 0.000000e+00
      outer loop
         vertex -3.375000e+02 -4.228617e+01 7.539091e+01
         vertex -3.375000e+02 -2.042045e+02 1.544750e+02
         vertex -3.375000e+02 -2.132220e+02 1.318429e+02
      endloop
   endfacet
   facet normal 1.000000e+00 0.000000e+00 0.000000e+00
      outer loop
         vertex -3.375000e+02 -4.228617e+01 7.539091e+01
         vertex -3.375000e+02 -2.132220e+02 1.318429e+02
         vertex -3.375000e+02 -4.431635e+01 6.781417e+01
      endloop
   endfacet
   facet normal 1.000000e+00 0.000000e+00 0.000000e+00
      outer loop
         vertex -3.375000e+02 -4.431635e+01 6.781417e+01
         vertex -3.375000e+02 -2.132220e+02 1.318429e+02
         vertex -3.375000e+02 -2.197396e+02 1.083684e+02
      endloop
   endfacet
   facet normal 1.000000e+00 0.000000e+00 0.000000e+00
      outer loop
         vertex -3.375000e+02 -4.431635e+01 6.781417e+01
         vertex -3.375000e+02 -2.197396e+02 1.083684e+02
         vertex -3.375000e+02 -2.236810e+02 8.432678e+01
      endloop
   endfacet
   facet normal 1.000000e+00 -0.000000e+00 0.000000e+00
      outer loop
         vertex -3.375000e+02 4.500000e+01 6.000000e+01
         vertex -3.375000e+02 4.431635e+01 5.218583e+01
         vertex -3.375000e+02 2.250000e+02 6.000000e+01
      endloop
   endfacet
   facet normal 1.000000e+00 0.000000e+00 0.000000e+00
      outer loop
         vertex -3.375000e+02 2.250000e+02 6.000000e+01
         vertex -3.375000e+02 4.431635e+01 5.218583e+01
         vertex -3.375000e+02 4.228617e+01 4.460909e+01
      endloop
   endfacet
   facet normal 1.000000e+00 0.000000e+00 0.000000e+00
      outer loop
         vertex -3.375000e+02 2.250000e+02 6.000000e+01
         vertex -3.375000e+02 4.228617e+01 4.460909e+01
         vertex -3.375000e+02 2.250000e+02 -2.400000e+02
      endloop
   endfacet
   facet normal 1.000000e+00 0.000000e+00 0.000000e+00
      outer loop
         vertex -3.375000e+02 2.250000e+02 -2.400000e+02
         vertex -3.375000e+02 4.228617e+01 4.460909e+01
         vertex -3.375000e+02 3.897114e+01 3.750000e+01
      endloop
   endfacet
   facet normal 1.000000e+00 0.000000e+00 0.000000e+00
      outer loop
         vertex -3.375000e+02 2.250000e+02 -2.400000e+02
         vertex -3.375000e+02 3.897114e+01 3.750000e+01
         vertex -3.375000e+02 3.447200e+01 3.107456e+01
      endloop
   endfacet
   facet normal -0.000000e+00 -0.000000e+00 -1.000000e+00
      outer loop
         vertex 4.875000e+02 2.250000e+02 -3.150000e+02
         vertex 4.875000e+02 -2.250000e+02 -3.150000e+02
         vertex -4.875000e+02 2.250000e+02 -3.150000e+02
      endloop
   endfacet
   facet normal 0.000000e+00 0.000000e+00 -1.000000e+00
      outer loop
         vertex -4.875000e+02 2.250000e+02 -3.150000e+02
         vertex 4.875000e+02 -2.250000e+02 -3.150000e+02
         vertex -4.875000e+02 -2.250000e+02 -3.150000e+02
      endloop
   endfacet
   facet normal 0.000000e+00 8.715577e-02 -9.961947e-01
      outer loop
         vertex 3.375000e+02 2.193046e-14 1.500000e+01
         vertex 2.475000e+02 7.814168e+00 1.568365e+01
         vertex 3.375000e+02 7.814168e+00 1.568365e+01
      endloop
   endfacet
   facet normal 0.000000e+00 2.588190e-01 -9.659258e-01
      outer loop
         vertex 3.375000e+02 7.814168e+00 1.568365e+01
         vertex 2.475000e+02 7.814168e+00 1.568365e+01
         vertex 2.475000e+02 1.539091e+01 1.771383e+01
      endloop
   endfacet
   facet normal 0.000000e+00 2.588190e-01 -9.659258e-01
      outer loop
         vertex 3.375000e+02 7.814168e+00 1.568365e+01
         vertex 2.475000e+02 1.539091e+01 1.771383e+01
         vertex 3.375000e+02 1.539091e+01 1.771383e+01
      endloop
   endfacet
   facet normal 0.000000e+00 4.226183e-01 -9.063077e-01
      outer loop
         vertex 3.375000e+02 1.539091e+01 1.771383e+01
         vertex 2.475000e+02 1.539091e+01 1.771383e+01
         vertex 2.475000e+02 2.250000e+01 2.102886e+01
      endloop
   endfacet
   facet normal 0.000000e+00 4.226183e-01 -9.063077e-01
      outer loop
         vertex 3.375000e+02 1.539091e+01 1.771383e+01
         vertex 2.475000e+02 2.250000e+01 2.102886e+01
         vertex 3.375000e+02 2.250000e+01 2.102886e+01
      endloop
   endfacet
   facet normal 0.000000e+00 5.735764e-01 -8.191520e-01
      outer loop
         vertex 3.375000e+02 2.250000e+01 2.102886e+01
         vertex 2.475000e+02 2.250000e+01 2.102886e+01
         vertex 2.475000e+02 2.892544e+01 2.552800e+01
      endloop
   endfacet
   facet normal 0.000000e+00 5.735764e-01 -8.191520e-01
      outer loop
         vertex 3.375000e+02 2.250000e+01 2.102886e+01
         vertex 2.475000e+02 2.892544e+01 2.552800e+01
         vertex 3.375000e+02 2.892544e+01 2.552800e+01
      endloop
   endfacet
   facet normal 0.000000e+00 7.071068e-01 -7.071068e-01
      outer loop
         vertex 3.375000e+02 2.892544e+01 2.552800e+01
         vertex 2.475000e+02 2.892544e+01 2.552800e+01
         vertex 2.475000e+02 3.447200e+01 3.107456e+01
      endloop
   endfacet
   facet normal 0.000000e+00 7.071068e-01 -7.071068e-01
      outer loop
         vertex 3.375000e+02 2.892544e+01 2.552800e+01
         vertex 2.475000e+02 3.447200e+01 3.107456e+01
         vertex 3.375000e+02 3.447200e+01 3.107456e+01
      endloop
   endfacet
   facet normal 0.000000e+00 8.191520e-01 -5.735765e-01
      outer loop
         vertex 3.375000e+02 3.447200e+01 3.107456e+01
         vertex 2.475000e+02 3.447200e+01 3.107456e+01
         vertex 2.475000e+02 3.897114e+01 3.750000e+01
      endloop
   endfacet
   facet normal 0.000000e+00 8.191520e-01 -5.735765e-01
      outer loop
         vertex 3.375000e+02 3.447200e+01 3.107456e+01
         vertex 2.475000e+02 3.897114e+01 3.750000e+01
         vertex 3.375000e+02 3.897114e+01 3.750000e+01
      endloop
   endfacet
   facet normal 0.000000e+00 9.063078e-01 -4.226183e-01
      outer loop
         vertex 3.375000e+02 3.897114e+01 3.750000e+01
         vertex 2.475000e+02 3.897114e+01 3.750000e+01
         vertex 2.475000e+02 4.228617e+01 4.460909e+01
      endloop
   endfacet
   facet normal 0.000000e+00 9.063078e-01 -4.226183e-01
      outer loop
         vertex 3.375000e+02 3.897114e+01 3.750000e+01
         vertex 2.475000e+02 4.228617e+01 4.460909e+01
         vertex 3.375000e+02 4.228617e+01 4.460909e+01
      endloop
   endfacet
   facet normal 0.000000e+00 9.659259e-01 -2.588187e-01
      outer loop
         vertex 3.375000e+02 4.228617e+01 4.460909e+01
         vertex 2.475000e+02 4.228617e+01 4.460909e+01
         vertex 2.475000e+02 4.431635e+01 5.218583e+01
      endloop
   endfacet
   facet normal 0.000000e+00 9.659259e-01 -2.588187e-01
      outer loop
         vertex 3.375000e+02 4.228617e+01 4.460909e+01
         vertex 2.475000e+02 4.431635e+01 5.218583e+01
         vertex 3.375000e+02 4.431635e+01 5.218583e+01
      endloop
   endfacet
   facet normal 0.000000e+00 9.961947e-01 -8.715615e-02
      outer loop
         vertex 3.375000e+02 4.431635e+01 5.218583e+01
         vertex 2.475000e+02 4.431635e+01 5.218583e+01
         vertex 2.475000e+02 4.500000e+01 6.000000e+01
      endloop
   endfacet
   facet normal 0.000000e+00 9.961947e-01 -8.715615e-02
      outer loop
         vertex 3.375000e+02 4.431635e+01 5.218583e+01
         vertex 2.475000e+02 4.500000e+01 6.000000e+01
         vertex 3.375000e+02 4.500000e+01 6.000000e+01
      endloop
   endfacet
   facet normal 0.000000e+00 9.961947e-01 8.715607e-02
      outer loop
         vertex 3.375000e+02 4.500000e+01 6.000000e+01
         vertex 2.475000e+02 4.500000e+01 6.000000e+01
         vertex 2.475000e+02 4.431635e+01 6.781417e+01
      endloop
   endfacet
   facet normal 0.000000e+00 9.961947e-01 8.715607e-02
      outer loop
         vertex 3.375000e+02 4.500000e+01 6.000000e+01
         vertex 2.475000e+02 4.431635e+01 6.781417e+01
         vertex 3.375000e+02 4.431635e+01 6.781417e+01
      endloop
   endfacet
   facet normal 0.000000e+00 9.659259e-01 2.588189e-01
      outer loop
         vertex 3.375000e+02 4.431635e+01 6.781417e+01
         vertex 2.475000e+02 4.431635e+01 6.781417e+01
         vertex 2.475000e+02 4.228617e+01 7.539091e+01
      endloop
   endfacet
   facet normal 0.000000e+00 9.659259e-01 2.588189e-01
      outer loop
         vertex 3.375000e+02 4.431635e+01 6.781417e+01
         vertex 2.475000e+02 4.228617e+01 7.539091e+01
         vertex 3.375000e+02 4.228617e+01 7.539091e+01
      endloop
   endfacet
   facet normal 0.000000e+00 9.063079e-01 4.226180e-01
      outer loop
         vertex 3.375000e+02 4.228617e+01 7.539091e+01
         vertex 2.475000e+02 4.228617e+01 7.539091e+01
         vertex 2.475000e+02 3.897114e+01 8.250000e+01
      endloop
   endfacet
   facet normal 0.000000e+00 9.063079e-01 4.226180e-01
      outer loop
         vertex 3.375000e+02 4.228617e+01 7.539091e+01
         vertex 2.475000e+02 3.897114e+01 8.250000e+01
         vertex 3.375000e+02 3.897114e+01 8.250000e+01
      endloop
   endfacet
   facet normal 0.000000e+00 8.191519e-01 5.735767e-01
      outer loop
         vertex 3.375000e+02 3.897114e+01 8.250000e+01
         vertex 2.475000e+02 3.897114e+01 8.250000e+01
         vertex 2.475000e+02 3.447200e+01 8.892544e+01
      endloop
   endfacet
   facet normal 0.000000e+00 8.191519e-01 5.735767e-01
      outer loop
         vertex 3.375000e+02 3.897114e+01 8.250000e+01
         vertex 2.475000e+02 3.447200e+01 8.892544e+01
         vertex 3.375000e+02 3.447200e+01 8.892544e+01
      endloop
   endfacet
   facet normal 0.000000e+00 7.071067e-01 7.071069e-01
      outer loop
         vertex 3.375000e+02 3.447200e+01 8.892544e+01
         vertex 2.475000e+02 3.447200e+01 8.892544e+01
         vertex 2.475000e+02 2.892544e+01 9.447200e+01
      endloop
   endfacet
   facet normal 0.000000e+00 7.071067e-01 7.071069e-01
      outer loop
         vertex 3.375000e+02 3.447200e+01 8.892544e+01
         vertex 2.475000e+02 2.892544e+01 9.447200e+01
         vertex 3.375000e+02 2.892544e+01 9.447200e+01
      endloop
   endfacet
   facet normal 0.000000e+00 5.735766e-01 8.191519e-01
      outer loop
         vertex 3.375000e+02 2.892544e+01 9.447200e+01
         vertex 2.475000e+02 2.892544e+01 9.447200e+01
         vertex 2.475000e+02 2.250000e+01 9.897114e+01
      endloop
   endfacet
   facet normal 0.000000e+00 5.735766e-01 8.191519e-01
      outer loop
         vertex 3.375000e+02 2.892544e+01 9.447200e+01
         vertex 2.475000e+02 2.250000e+01 9.897114e+01
         vertex 3.375000e+02 2.250000e+01 9.897114e+01
      endloop
   endfacet
   facet normal 0.000000e+00 4.226181e-01 9.063078e-01
      outer loop
         vertex 3.375000e+02 2.250000e+01 9.897114e+01
         vertex 2.475000e+02 2.250000e+01 9.897114e+01
         vertex 2.475000e+02 1.539091e+01 1.022862e+02
      endloop
   endfacet
   facet normal 0.000000e+00 4.226181e-01 9.063078e-01
      outer loop
         vertex 3.375000e+02 2.250000e+01 9.897114e+01
         vertex 2.475000e+02 1.539091e+01 1.022862e+02
         vertex 3.375000e+02 1.539091e+01 1.022862e+02
      endloop
   endfacet
   facet normal 0.000000e+00 2.588188e-01 9.659259e-01
      outer loop
         vertex 3.375000e+02 1.539091e+01 1.022862e+02
         vertex 2.475000e+02 1.539091e+01 1.022862e+02
         vertex 2.475000e+02 7.814168e+00 1.043163e+02
      endloop
   endfacet
   facet normal 0.000000e+00 2.588188e-01 9.659259e-01
      outer loop
         vertex 3.375000e+02 1.539091e+01 1.022862e+02
         vertex 2.475000e+02 7.814168e+00 1.043163e+02
         vertex 3.375000e+02 7.814168e+00 1.043163e+02
      endloop
   endfacet
   facet normal 0.000000e+00 8.715565e-02 9.961947e-01
      outer loop
         vertex 3.375000e+02 7.814168e+00 1.043163e+02
         vertex 2.475000e+02 7.814168e+00 1.043163e+02
         vertex 2.475000e+02 2.744137e-14 1.050000e+02
      endloop
   endfacet
   facet normal 0.000000e+00 8.715565e-02 9.961947e-01
      outer loop
         vertex 3.375000e+02 7.814168e+00 1.043163e+02
         vertex 2.475000e+02 2.744137e-14 1.050000e+02
         vertex 3.375000e+02 2.744137e-14 1.050000e+02
      endloop
   endfacet
   facet normal 0.000000e+00 -8.715565e-02 9.961947e-01
      outer loop
         vertex 3.375000e+02 2.744137e-14 1.050000e+02
         vertex 2.475000e+02 2.744137e-14 1.050000e+02
         vertex 2.475000e+02 -7.814168e+00 1.043163e+02
      endloop
   endfacet
   facet normal 0.000000e+00 -8.715565e-02 9.961947e-01
      outer loop
         vertex 3.375000e+02 2.744137e-14 1.050000e+02
         vertex 2.475000e+02 -7.814168e+00 1.043163e+02
         vertex 3.375000e+02 -7.814168e+00 1.043163e+02
      endloop
   endfacet
   facet normal 0.000000e+00 -2.588188e-01 9.659259e-01
      outer loop
         vertex 3.375000e+02 -7.814168e+00 1.043163e+02
         vertex 2.475000e+02 -7.814168e+00 1.043163e+02
         vertex 2.475000e+02 -1.539091e+01 1.022862e+02
      endloop
   endfacet
   facet normal 0.000000e+00 -2.588188e-01 9.659259e-01
      outer loop
         vertex 3.375000e+02 -7.814168e+00 1.043163e+02
         vertex 2.475000e+02 -1.539091e+01 1.022862e+02
         vertex 3.375000e+02 -1.539091e+01 1.022862e+02
      endloop
   endfacet
   facet normal 0.000000e+00 -4.226181e-01 9.063078e-01
      outer loop
         vertex 3.375000e+02 -1.539091e+01 1.022862e+02
         vertex 2.475000e+02 -1.539091e+01 1.022862e+02
         vertex 2.475000e+02 -2.250000e+01 9.897114e+01
      endloop
   endfacet
   facet normal 0.000000e+00 -4.226181e-01 9.063078e-01
      outer loop
         vertex 3.375000e+02 -1.539091e+01 1.022862e+02
         vertex 2.475000e+02 -2.250000e+01 9.897114e+01
         vertex 3.375000e+02 -2.250000e+01 9.897114e+01
      endloop
   endfacet
   facet normal 0.000000e+00 -5.735766e-01 8.191519e-01
      outer loop
         vertex 3.375000e+02 -2.250000e+01 9.897114e+01
         vertex 2.475000e+02 -2.250000e+01 9.897114e+01
         vertex 2.475000e+02 -2.892544e+01 9.447200e+01
      endloop
   endfacet
   facet normal 0.000000e+00 -5.735766e-01 8.191519e-01
      outer loop
         vertex 3.375000e+02 -2.250000e+01 9.897114e+01
         vertex 2.475000e+02 -2.892544e+01 9.447200e+01
         vertex 3.375000e+02 -2.892544e+01 9.447200e+01
      endloop
   endfacet
   facet normal 0.000000e+00 -7.071067e-01 7.071069e-01
      outer loop
         vertex 3.375000e+02 -2.892544e+01 9.447200e+01
         vertex 2.475000e+02 -2.892544e+01 9.447200e+01
         vertex 2.475000e+02 -3.447200e+01 8.892544e+01
      endloop
   endfacet
   facet normal 0.000000e+00 -7.071067e-01 7.071069e-01
      outer loop
         vertex 3.375000e+02 -2.892544e+01 9.447200e+01
         vertex 2.475000e+02 -3.447200e+01 8.892544e+01
         vertex 3.375000e+02 -3.447200e+01 8.892544e+01
      endloop
   endfacet
   facet normal 0.000000e+00 -8.191519e-01 5.735767e-01
      outer loop
         vertex 3.375000e+02 -3.447200e+01 8.892544e+01
         vertex 2.475000e+02 -3.447200e+01 8.892544e+01
         vertex 2.475000e+02 -3.897114e+01 8.250000e+01
      endloop
   endfacet
   facet normal 0.000000e+00 -8.191519e-01 5.735767e-01
      outer loop
         vertex 3.375000e+02 -3.447200e+01 8.892544e+01
         vertex 2.475000e+02 -3.897114e+01 8.250000e+01
         vertex 3.375000e+02 -3.897114e+01 8.250000e+01
      endloop
   endfacet
   facet normal 0.000000e+00 -9.063079e-01 4.226180e-01
      outer loop
         vertex 3.375000e+02 -3.897114e+01 8.250000e+01
         vertex 2.475000e+02 -3.897114e+01 8.250000e+01
         vertex 2.475000e+02 -4.228617e+01 7.539091e+01
      endloop
   endfacet
   facet normal 0.000000e+00 -9.063079e-01 4.226180e-01
      outer loop
         vertex 3.375000e+02 -3.897114e+01 8.250000e+01
         vertex 2.475000e+02 -4.228617e+01 7.539091e+01
         vertex 3.375000e+02 -4.228617e+01 7.539091e+01
      endloop
   endfacet
   facet normal 0.000000e+00 -9.659259e-01 2.588189e-01
      outer loop
         vertex 3.375000e+02 -4.228617e+01 7.539091e+01
         vertex 2.475000e+02 -4.228617e+01 7.539091e+01
         vertex 2.475000e+02 -4.431635e+01 6.781417e+01
      endloop
   endfacet
   facet normal 0.000000e+00 -9.659259e-01 2.588189e-01
      outer loop
         vertex 3.375000e+02 -4.228617e+01 7.539091e+01
         vertex 2.475000e+02 -4.431635e+01 6.781417e+01
         vertex 3.375000e+02 -4.431635e+01 6.781417e+01
      endloop
   endfacet
   facet normal 0.000000e+00 -9.961947e-01 8.715607e-02
      outer loop
         vertex 3.375000e+02 -4.431635e+01 6.781417e+01
         vertex 2.475000e+02 -4.431635e+01 6.781417e+01
         vertex 2.475000e+02 -4.500000e+01 6.000000e+01
      endloop
   endfacet
   facet normal 0.000000e+00 -9.961947e-01 8.715607e-02
      outer loop
         vertex 3.375000e+02 -4.431635e+01 6.781417e+01
         vertex 2.475000e+02 -4.500000e+01 6.000000e+01
         vertex 3.375000e+02 -4.500000e+01 6.000000e+01
      endloop
   endfacet
   facet normal -0.000000e+00 -9.961947e-01 -8.715615e-02
      outer loop
         vertex 3.375000e+02 -4.500000e+01 6.000000e+01
         vertex 2.475000e+02 -4.500000e+01 6.000000e+01
         vertex 2.475000e+02 -4.431635e+01 5.218583e+01
      endloop
   endfacet
   facet normal 0.000000e+00 -9.961947e-01 -8.715615e-02
      outer loop
         vertex 3.375000e+02 -4.500000e+01 6.000000e+01
         vertex 2.475000e+02 -4.431635e+01 5.218583e+01
         vertex 3.375000e+02 -4.431635e+01 5.218583e+01
      endloop
   endfacet
   facet normal -0.000000e+00 -9.659259e-01 -2.588187e-01
      outer loop
         vertex 3.375000e+02 -4.431635e+01 5.218583e+01
         vertex 2.475000e+02 -4.431635e+01 5.218583e+01
         vertex 2.475000e+02 -4.228617e+01 4.460909e+01
      endloop
   endfacet
   facet normal 0.000000e+00 -9.659259e-01 -2.588187e-01
      outer loop
         vertex 3.375000e+02 -4.431635e+01 5.218583e+01
         vertex 2.475000e+02 -4.228617e+01 4.460909e+01
         vertex 3.375000e+02 -4.228617e+01 4.460909e+01
      endloop
   endfacet
   facet normal -0.000000e+00 -9.063078e-01 -4.226183e-01
      outer loop
         vertex 3.375000e+02 -4.228617e+01 4.460909e+01
         vertex 2.475000e+02 -4.228617e+01 4.460909e+01
         vertex 2.475000e+02 -3.897114e+01 3.750000e+01
      endloop
   endfacet
   facet normal 0.000000e+00 -9.063078e-01 -4.226183e-01
      outer loop
         vertex 3.375000e+02 -4.228617e+01 4.460909e+01
         vertex 2.475000e+02 -3.897114e+01 3.750000e+01
         vertex 3.375000e+02 -3.897114e+01 3.750000e+01
      endloop
   endfacet
   facet normal -0.000000e+00 -8.191520e-01 -5.735765e-01
      outer loop
         vertex 3.375000e+02 -3.897114e+01 3.750000e+01
         vertex 2.475000e+02 -3.897114e+01 3.750000e+01
         vertex 2.475000e+02 -3.447200e+01 3.107456e+01
      endloop
   endfacet
   facet normal 0.000000e+00 -8.191520e-01 -5.735765e-01
      outer loop
         vertex 3.375000e+02 -3.897114e+01 3.750000e+01
         vertex 2.475000e+02 -3.447200e+01 3.107456e+01
         vertex 3.375000e+02 -3.447200e+01 3.107456e+01
      endloop
   endfacet
   facet normal -0.000000e+00 -7.071068e-01 -7.071068e-01
      outer loop
         vertex 3.375000e+02 -3.447200e+01 3.107456e+01
         vertex 2.475000e+02 -3.447200e+01 3.107456e+01
         vertex 2.475000e+02 -2.892544e+01 2.552800e+01
      endloop
   endfacet
   facet normal 0.000000e+00 -7.071068e-01 -7.071068e-01
      outer loop
         vertex 3.375000e+02 -3.447200e+01 3.107456e+01
         vertex 2.475000e+02 -2.892544e+01 2.552800e+01
         vertex 3.375000e+02 -2.892544e+01 2.552800e+01
      endloop
   endfacet
   facet normal -0.000000e+00 -5.735764e-01 -8.191520e-01
      outer loop
         vertex 3.375000e+02 -2.892544e+01 2.552800e+01
         vertex 2.475000e+02 -2.892544e+01 2.552800e+01
         vertex 2.475000e+02 -2.250000e+01 2.102886e+01
      endloop
   endfacet
   facet normal 0.000000e+00 -5.735764e-01 -8.191520e-01
      outer loop
         vertex 3.375000e+02 -2.892544e+01 2.552800e+01
         vertex 2.475000e+02 -2.250000e+01 2.102886e+01
         vertex 3.375000e+02 -2.250000e+01 2.102886e+01
      endloop
   endfacet
   facet normal -0.000000e+00 -4.226183e-01 -9.063077e-01
      outer loop
         vertex 3.375000e+02 -2.250000e+01 2.102886e+01
         vertex 2.475000e+02 -2.250000e+01 2.102886e+01
         vertex 2.475000e+02 -1.539091e+01 1.771383e+01
      endloop
   endfacet
   facet normal 0.000000e+00 -4.226183e-01 -9.063077e-01
      outer loop
         vertex 3.375000e+02 -2.250000e+01 2.102886e+01
         vertex 2.475000e+02 -1.539091e+01 1.771383e+01
         vertex 3.375000e+02 -1.539091e+01 1.771383e+01
      endloop
   endfacet
   facet normal -0.000000e+00 -2.588190e-01 -9.659258e-01
      outer loop
         vertex 3.375000e+02 -1.539091e+01 1.771383e+01
         vertex 2.475000e+02 -1.539091e+01 1.771383e+01
         vertex 2.475000e+02 -7.814168e+00 1.568365e+01
      endloop
   endfacet
   facet normal 0.000000e+00 -2.588190e-01 -9.659258e-01
      outer loop
         vertex 3.375000e+02 -1.539091e+01 1.771383e+01
         vertex 2.475000e+02 -7.814168e+00 1.568365e+01
         vertex 3.375000e+02 -7.814168e+00 1.568365e+01
      endloop
   endfacet
   facet normal -0.000000e+00 -8.715577e-02 -9.961947e-01
      outer loop
         vertex 3.375000e+02 -7.814168e+00 1.568365e+01
         vertex 2.475000e+02 -7.814168e+00 1.568365e+01
         vertex 2.475000e+02 2.193046e-14 1.500000e+01
      endloop
   endfacet
   facet normal 0.000000e+00 -8.715577e-02 -9.961947e-01
      outer loop
         vertex 3.375000e+02 -7.814168e+00 1.568365e+01
         vertex 2.475000e+02 2.193046e-14 1.500000e+01
         vertex 3.375000e+02 2.193046e-14 1.500000e+01
      endloop
   endfacet
   facet normal 0.000000e+00 8.715577e-02 -9.961947e-01
      outer loop
         vertex 3.375000e+02 2.193046e-14 1.500000e+01
         vertex 2.475000e+02 2.193046e-14 1.500000e+01
         vertex 2.475000e+02 7.814168e+00 1.568365e+01
      endloop
   endfacet
   facet normal -1.000000e+00 0.000000e+00 0.000000e+00
      outer loop
         vertex 2.475000e+02 -1.539091e+01 1.022862e+02
         vertex 2.475000e+02 -7.814168e+00 1.043163e+02
         vertex 2.475000e+02 2.193046e-14 6.000000e+01
      endloop
   endfacet
   facet normal -1.000000e+00 0.000000e+00 0.000000e+00
      outer loop
         vertex 2.475000e+02 2.193046e-14 6.000000e+01
         vertex 2.475000e+02 -7.814168e+00 1.043163e+02
         vertex 2.475000e+02 2.744137e-14 1.050000e+02
      endloop
   endfacet
   facet normal -1.000000e+00 0.000000e+00 0.000000e+00
      outer loop
         vertex 2.475000e+02 2.193046e-14 6.000000e+01
         vertex 2.475000e+02 2.744137e-14 1.050000e+02
         vertex 2.475000e+02 7.814168e+00 1.043163e+02
      endloop
   endfacet
   facet normal -1.000000e+00 0.000000e+00 0.000000e+00
      outer loop
         vertex 2.475000e+02 -3.447200e+01 8.892544e+01
         vertex 2.475000e+02 -2.892544e+01 9.447200e+01
         vertex 2.475000e+02 2.193046e-14 6.000000e+01
      endloop
   endfacet
   facet normal -1.000000e+00 0.000000e+00 0.000000e+00
      outer loop
         vertex 2.475000e+02 2.193046e-14 6.000000e+01
         vertex 2.475000e+02 -2.892544e+01 9.447200e+01
         vertex 2.475000e+02 -2.250000e+01 9.897114e+01
      endloop
   endfacet
   facet normal -1.000000e+00 0.000000e+00 0.000000e+00
      outer loop
         vertex 2.475000e+02 2.193046e-14 6.000000e+01
         vertex 2.475000e+02 -2.250000e+01 9.897114e+01
         vertex 2.475000e+02 -1.539091e+01 1.022862e+02
      endloop
   endfacet
   facet normal -1.000000e+00 0.000000e+00 0.000000e+00
      outer loop
         vertex 2.475000e+02 -4.431635e+01 6.781417e+01
         vertex 2.475000e+02 -4.228617e+01 7.539091e+01
         vertex 2.475000e+02 2.193046e-14 6.000000e+01
      endloop
   endfacet
   facet normal -1.000000e+00 0.000000e+00 0.000000e+00
      outer loop
         vertex 2.475000e+02 2.193046e-14 6.000000e+01
         vertex 2.475000e+02 -4.228617e+01 7.539091e+01
         vertex 2.475000e+02 -3.897114e+01 8.250000e+01
      endloop
   endfacet
   facet normal -1.000000e+00 0.000000e+00 0.000000e+00
      outer loop
         vertex 2.475000e+02 2.193046e-14 6.000000e+01
         vertex 2.475000e+02 -3.897114e+01 8.250000e+01
         vertex 2.475000e+02 -3.447200e+01 8.892544e+01
      endloop
   endfacet
   facet normal -1.000000e+00 0.000000e+00 0.000000e+00
      outer loop
         vertex 2.475000e+02 -4.228617e+01 4.460909e+01
         vertex 2.475000e+02 -4.431635e+01 5.218583e+01
         vertex 2.475000e+02 2.193046e-14 6.000000e+01
      endloop
   endfacet
   facet normal -1.000000e+00 -0.000000e+00 0.000000e+00
      outer loop
         vertex 2.475000e+02 2.193046e-14 6.000000e+01
         vertex 2.475000e+02 -4.431635e+01 5.218583e+01
         vertex 2.475000e+02 -4.500000e+01 6.000000e+01
      endloop
   endfacet
   facet normal -1.000000e+00 0.000000e+00 0.000000e+00
      outer loop
         vertex 2.475000e+02 2.193046e-14 6.000000e+01
         vertex 2.475000e+02 -4.500000e+01 6.000000e+01
         vertex 2.475000e+02 -4.431635e+01 6.781417e+01
      endloop
   endfacet
   facet normal -1.000000e+00 0.000000e+00 0.000000e+00
      outer loop
         vertex 2.475000e+02 -2.892544e+01 2.552800e+01
         vertex 2.475000e+02 -3.447200e+01 3.107456e+01
         vertex 2.475000e+02 2.193046e-14 6.000000e+01
      endloop
   endfacet
   facet normal -1.000000e+00 0.000000e+00 0.000000e+00
      outer loop
         vertex 2.475000e+02 2.193046e-14 6.000000e+01
         vertex 2.475000e+02 -3.447200e+01 3.107456e+01
         vertex 2.475000e+02 -3.897114e+01 3.750000e+01
      endloop
   endfacet
   facet normal -1.000000e+00 0.000000e+00 0.000000e+00
      outer loop
         vertex 2.475000e+02 2.193046e-14 6.000000e+01
         vertex 2.475000e+02 -3.897114e+01 3.750000e+01
         vertex 2.475000e+02 -4.228617e+01 4.460909e+01
      endloop
   endfacet
   facet normal -1.000000e+00 0.000000e+00 0.000000e+00
      outer loop
         vertex 2.475000e+02 -7.814168e+00 1.568365e+01
         vertex 2.475000e+02 -1.539091e+01 1.771383e+01
         vertex 2.475000e+02 2.193046e-14 6.000000e+01
      endloop
   endfacet
   facet normal -1.000000e+00 0.000000e+00 0.000000e+00
      outer loop
         vertex 2.475000e+02 2.193046e-14 6.000000e+01
         vertex 2.475000e+02 -1.539091e+01 1.771383e+01
         vertex 2.475000e+02 -2.250000e+01 2.102886e+01
      endloop
   endfacet
   facet normal -1.000000e+00 0.000000e+00 0.000000e+00
      outer loop
         vertex 2.475000e+02 2.193046e-14 6.000000e+01
         vertex 2.475000e+02 -2.250000e+01 2.102886e+01
         vertex 2.475000e+02 -2.892544e+01 2.552800e+01
      endloop
   endfacet
   facet normal -1.000000e+00 -0.000000e+00 0.000000e+00
      outer loop
         vertex 2.475000e+02 1.539091e+01 1.771383e+01
         vertex 2.475000e+02 7.814168e+00 1.568365e+01
         vertex 2.475000e+02 2.193046e-14 6.000000e+01
      endloop
   endfacet
   facet normal -1.000000e+00 0.000000e+00 0.000000e+00
      outer loop
         vertex 2.475000e+02 2.193046e-14 6.000000e+01
         vertex 2.475000e+02 7.814168e+00 1.568365e+01
         vertex 2.475000e+02 2.193046e-14 1.500000e+01
      endloop
   endfacet
   facet normal -1.000000e+00 0.000000e+00 -0.000000e+00
      outer loop
         vertex 2.475000e+02 2.193046e-14 6.000000e+01
         vertex 2.475000e+02 2.193046e-14 1.500000e+01
         vertex 2.475000e+02 -7.814168e+00 1.568365e+01
      endloop
   endfacet
   facet normal -1.000000e+00 -0.000000e+00 0.000000e+00
      outer loop
         vertex 2.475000e+02 3.447200e+01 3.107456e+01
         vertex 2.475000e+02 2.892544e+01 2.552800e+01
         vertex 2.475000e+02 2.193046e-14 6.000000e+01
      endloop
   endfacet
   facet normal -1.000000e+00 0.000000e+00 0.000000e+00
      outer loop
         vertex 2.475000e+02 2.193046e-14 6.000000e+01
         vertex 2.475000e+02 2.892544e+01 2.552800e+01
         vertex 2.475000e+02 2.250000e+01 2.102886e+01
      endloop
   endfacet
   facet normal -1.000000e+00 0.000000e+00 0.000000e+00
      outer loop
         vertex 2.475000e+02 2.193046e-14 6.000000e+01
         vertex 2.475000e+02 2.250000e+01 2.102886e+01
         vertex 2.475000e+02 1.539091e+01 1.771383e+01
      endloop
   endfacet
   facet normal -1.000000e+00 -0.000000e+00 0.000000e+00
      outer loop
         vertex 2.475000e+02 4.431635e+01 5.218583e+01
         vertex 2.475000e+02 4.228617e+01 4.460909e+01
         vertex 2.475000e+02 2.193046e-14 6.000000e+01
      endloop
   endfacet
   facet normal -1.000000e+00 0.000000e+00 0.000000e+00
      outer loop
         vertex 2.475000e+02 2.193046e-14 6.000000e+01
         vertex 2.475000e+02 4.228617e+01 4.460909e+01
         vertex 2.475000e+02 3.897114e+01 3.750000e+01
      endloop
   endfacet
   facet normal -1.000000e+00 0.000000e+00 0.000000e+00
      outer loop
         vertex 2.475000e+02 2.193046e-14 6.000000e+01
         vertex 2.475000e+02 3.897114e+01 3.750000e+01
         vertex 2.475000e+02 3.447200e+01 3.107456e+01
      endloop
   endfacet
   facet normal -1.000000e+00 0.000000e+00 -0.000000e+00
      outer loop
         vertex 2.475000e+02 4.228617e+01 7.539091e+01
         vertex 2.475000e+02 4.431635e+01 6.781417e+01
         vertex 2.475000e+02 2.193046e-14 6.000000e+01
      endloop
   endfacet
   facet normal -1.000000e+00 0.000000e+00 0.000000e+00
      outer loop
         vertex 2.475000e+02 2.193046e-14 6.000000e+01
         vertex 2.475000e+02 4.431635e+01 6.781417e+01
         vertex 2.475000e+02 4.500000e+01 6.000000e+01
      endloop
   endfacet
   facet normal -1.000000e+00 0.000000e+00 0.000000e+00
      outer loop
         vertex 2.475000e+02 2.193046e-14 6.000000e+01
         vertex 2.475000e+02 4.500000e+01 6.000000e+01
         vertex 2.475000e+02 4.431635e+01 5.218583e+01
      endloop
   endfacet
   facet normal -1.000000e+00 0.000000e+00 -0.000000e+00
      outer loop
         vertex 2.475000e+02 2.892544e+01 9.447200e+01
         vertex 2.475000e+02 3.447200e+01 8.892544e+01
         vertex 2.475000e+02 2.193046e-14 6.000000e+01
      endloop
   endfacet
   facet normal -1.000000e+00 0.000000e+00 0.000000e+00
      outer loop
         vertex 2.475000e+02 2.193046e-14 6.000000e+01
         vertex 2.475000e+02 3.447200e+01 8.892544e+01
         vertex 2.475000e+02 3.897114e+01 8.250000e+01
      endloop
   endfacet
   facet normal -1.000000e+00 0.000000e+00 0.000000e+00
      outer loop
         vertex 2.475000e+02 2.193046e-14 6.000000e+01
         vertex 2.475000e+02 3.897114e+01 8.250000e+01
         vertex 2.475000e+02 4.228617e+01 7.539091e+01
      endloop
   endfacet
   facet normal -1.000000e+00 0.000000e+00 -0.000000e+00
      outer loop
         vertex 2.475000e+02 7.814168e+00 1.043163e+02
         vertex 2.475000e+02 1.539091e+01 1.022862e+02
         vertex 2.475000e+02 2.193046e-14 6.000000e+01
      endloop
   endfacet
   facet normal -1.000000e+00 0.000000e+00 0.000000e+00
      outer loop
         vertex 2.475000e+02 2.193046e-14 6.000000e+01
         vertex 2.475000e+02 1.539091e+01 1.022862e+02
         vertex 2.475000e+02 2.250000e+01 9.897114e+01
      endloop
   endfacet
   facet normal -1.000000e+00 0.000000e+00 0.000000e+00
      outer loop
         vertex 2.475000e+02 2.193046e-14 6.000000e+01
         vertex 2.475000e+02 2.250000e+01 9.897114e+01
         vertex 2.475000e+02 2.892544e+01 9.447200e+01
      endloop
   endfacet
   facet normal 0.000000e+00 8.715565e-02 9.961947e-01
      outer loop
         vertex -3.375000e+02 2.193046e-14 1.050000e+02
         vertex -2.475000e+02 7.814168e+00 1.043163e+02
         vertex -3.375000e+02 7.814168e+00 1.043163e+02
      endloop
   endfacet
   facet normal -0.000000e+00 2.588188e-01 9.659259e-01
      outer loop
         vertex -3.375000e+02 7.814168e+00 1.043163e+02
         vertex -2.475000e+02 7.814168e+00 1.043163e+02
         vertex -2.475000e+02 1.539091e+01 1.022862e+02
      endloop
   endfacet
   facet normal 0.000000e+00 2.588188e-01 9.659259e-01
      outer loop
         vertex -3.375000e+02 7.814168e+00 1.043163e+02
         vertex -2.475000e+02 1.539091e+01 1.022862e+02
         vertex -3.375000e+02 1.539091e+01 1.022862e+02
      endloop
   endfacet
   facet normal -0.000000e+00 4.226181e-01 9.063078e-01
      outer loop
         vertex -3.375000e+02 1.539091e+01 1.022862e+02
         vertex -2.475000e+02 1.539091e+01 1.022862e+02
         vertex -2.475000e+02 2.250000e+01 9.897114e+01
      endloop
   endfacet
   facet normal 0.000000e+00 4.226181e-01 9.063078e-01
      outer loop
         vertex -3.375000e+02 1.539091e+01 1.022862e+02
         vertex -2.475000e+02 2.250000e+01 9.897114e+01
         vertex -3.375000e+02 2.250000e+01 9.897114e+01
      endloop
   endfacet
   facet normal -0.000000e+00 5.735766e-01 8.191519e-01
      outer loop
         vertex -3.375000e+02 2.250000e+01 9.897114e+01
         vertex -2.475000e+02 2.250000e+01 9.897114e+01
         vertex -2.475000e+02 2.892544e+01 9.447200e+01
      endloop
   endfacet
   facet normal 0.000000e+00 5.735766e-01 8.191519e-01
      outer loop
         vertex -3.375000e+02 2.250000e+01 9.897114e+01
         vertex -2.475000e+02 2.892544e+01 9.447200e+01
         vertex -3.375000e+02 2.892544e+01 9.447200e+01
      endloop
   endfacet
   facet normal -0.000000e+00 7.071067e-01 7.071069e-01
      outer loop
         vertex -3.375000e+02 2.892544e+01 9.447200e+01
         vertex -2.475000e+02 2.892544e+01 9.447200e+01
         vertex -2.475000e+02 3.447200e+01 8.892544e+01
      endloop
   endfacet
   facet normal 0.000000e+00 7.071067e-01 7.071069e-01
      outer loop
         vertex -3.375000e+02 2.892544e+01 9.447200e+01
         vertex -2.475000e+02 3.447200e+01 8.892544e+01
         vertex -3.375000e+02 3.447200e+01 8.892544e+01
      endloop
   endfacet
   facet normal -0.000000e+00 8.191519e-01 5.735767e-01
      outer loop
         vertex -3.375000e+02 3.447200e+01 8.892544e+01
         vertex -2.475000e+02 3.447200e+01 8.892544e+01
         vertex -2.475000e+02 3.897114e+01 8.250000e+01
      endloop
   endfacet
   facet normal 0.000000e+00 8.191519e-01 5.735767e-01
      outer loop
         vertex -3.375000e+02 3.447200e+01 8.892544e+01
         vertex -2.475000e+02 3.897114e+01 8.250000e+01
         vertex -3.375000e+02 3.897114e+01 8.250000e+01
      endloop
   endfacet
   facet normal -0.000000e+00 9.063079e-01 4.226180e-01
      outer loop
         vertex -3.375000e+02 3.897114e+01 8.250000e+01
         vertex -2.475000e+02 3.897114e+01 8.250000e+01
         vertex -2.475000e+02 4.228617e+01 7.539091e+01
      endloop
   endfacet
   facet normal 0.000000e+00 9.063079e-01 4.226180e-01
      outer loop
         vertex -3.375000e+02 3.897114e+01 8.250000e+01
         vertex -2.475000e+02 4.228617e+01 7.539091e+01
         vertex -3.375000e+02 4.228617e+01 7.539091e+01
      endloop
   endfacet
   facet normal -0.000000e+00 9.659259e-01 2.588189e-01
      outer loop
         vertex -3.375000e+02 4.228617e+01 7.539091e+01
         vertex -2.475000e+02 4.228617e+01 7.539091e+01
         vertex -2.475000e+02 4.431635e+01 6.781417e+01
      endloop
   endfacet
   facet normal 0.000000e+00 9.659259e-01 2.588189e-01
      outer loop
         vertex -3.375000e+02 4.228617e+01 7.539091e+01
         vertex -2.475000e+02 4.431635e+01 6.781417e+01
         vertex -3.375000e+02 4.431635e+01 6.781417e+01
      endloop
   endfacet
   facet normal -0.000000e+00 9.961947e-01 8.715607e-02
      outer loop
         vertex -3.375000e+02 4.431635e+01 6.781417e+01
         vertex -2.475000e+02 4.431635e+01 6.781417e+01
         vertex -2.475000e+02 4.500000e+01 6.000000e+01
      endloop
   endfacet
   facet normal 0.000000e+00 9.961947e-01 8.715607e-02
      outer loop
         vertex -3.375000e+02 4.431635e+01 6.781417e+01
         vertex -2.475000e+02 4.500000e+01 6.000000e+01
         vertex -3.375000e+02 4.500000e+01 6.000000e+01
      endloop
   endfacet
   facet normal 0.000000e+00 9.961947e-01 -8.715615e-02
      outer loop
         vertex -3.375000e+02 4.500000e+01 6.000000e+01
         vertex -2.475000e+02 4.500000e+01 6.000000e+01
         vertex -2.475000e+02 4.431635e+01 5.218583e+01
      endloop
   endfacet
   facet normal 0.000000e+00 9.961947e-01 -8.715615e-02
      outer loop
         vertex -3.375000e+02 4.500000e+01 6.000000e+01
         vertex -2.475000e+02 4.431635e+01 5.218583e+01
         vertex -3.375000e+02 4.431635e+01 5.218583e+01
      endloop
   endfacet
   facet normal 0.000000e+00 9.659259e-01 -2.588187e-01
      outer loop
         vertex -3.375000e+02 4.431635e+01 5.218583e+01
         vertex -2.475000e+02 4.431635e+01 5.218583e+01
         vertex -2.475000e+02 4.228617e+01 4.460909e+01
      endloop
   endfacet
   facet normal 0.000000e+00 9.659259e-01 -2.588187e-01
      outer loop
         vertex -3.375000e+02 4.431635e+01 5.218583e+01
         vertex -2.475000e+02 4.228617e+01 4.460909e+01
         vertex -3.375000e+02 4.228617e+01 4.460909e+01
      endloop
   endfacet
   facet normal 0.000000e+00 9.063078e-01 -4.226183e-01
      outer loop
         vertex -3.375000e+02 4.228617e+01 4.460909e+01
         vertex -2.475000e+02 4.228617e+01 4.460909e+01
         vertex -2.475000e+02 3.897114e+01 3.750000e+01
      endloop
   endfacet
   facet normal 0.000000e+00 9.063078e-01 -4.226183e-01
      outer loop
         vertex -3.375000e+02 4.228617e+01 4.460909e+01
         vertex -2.475000e+02 3.897114e+01 3.750000e+01
         vertex -3.375000e+02 3.897114e+01 3.750000e+01
      endloop
   endfacet
   facet normal 0.000000e+00 8.191520e-01 -5.735765e-01
      outer loop
         vertex -3.375000e+02 3.897114e+01 3.750000e+01
         vertex -2.475000e+02 3.897114e+01 3.750000e+01
         vertex -2.475000e+02 3.447200e+01 3.107456e+01
      endloop
   endfacet
   facet normal 0.000000e+00 8.191520e-01 -5.735765e-01
      outer loop
         vertex -3.375000e+02 3.897114e+01 3.750000e+01
         vertex -2.475000e+02 3.447200e+01 3.107456e+01
         vertex -3.375000e+02 3.447200e+01 3.107456e+01
      endloop
   endfacet
   facet normal 0.000000e+00 7.071068e-01 -7.071068e-01
      outer loop
         vertex -3.375000e+02 3.447200e+01 3.107456e+01
         vertex -2.475000e+02 3.447200e+01 3.107456e+01
         vertex -2.475000e+02 2.892544e+01 2.552800e+01
      endloop
   endfacet
   facet normal 0.000000e+00 7.071068e-01 -7.071068e-01
      outer loop
         vertex -3.375000e+02 3.447200e+01 3.107456e+01
         vertex -2.475000e+02 2.892544e+01 2.552800e+01
         vertex -3.375000e+02 2.892544e+01 2.552800e+01
      endloop
   endfacet
   facet normal 0.000000e+00 5.735764e-01 -8.191520e-01
      outer loop
         vertex -3.375000e+02 2.892544e+01 2.552800e+01
         vertex -2.475000e+02 2.892544e+01 2.552800e+01
         vertex -2.475000e+02 2.250000e+01 2.102886e+01
      endloop
   endfacet
   facet normal 0.000000e+00 5.735764e-01 -8.191520e-01
      outer loop
         vertex -3.375000e+02 2.892544e+01 2.552800e+01
         vertex -2.475000e+02 2.250000e+01 2.102886e+01
         vertex -3.375000e+02 2.250000e+01 2.102886e+01
      endloop
   endfacet
   facet normal 0.000000e+00 4.226183e-01 -9.063077e-01
      outer loop
         vertex -3.375000e+02 2.250000e+01 2.102886e+01
         vertex -2.475000e+02 2.250000e+01 2.102886e+01
         vertex -2.475000e+02 1.539091e+01 1.771383e+01
      endloop
   endfacet
   facet normal 0.000000e+00 4.226183e-01 -9.063077e-01
      outer loop
         vertex -3.375000e+02 2.250000e+01 2.102886e+01
         vertex -2.475000e+02 1.539091e+01 1.771383e+01
         vertex -3.375000e+02 1.539091e+01 1.771383e+01
      endloop
   endfacet
   facet normal 0.000000e+00 2.588190e-01 -9.659258e-01
      outer loop
         vertex -3.375000e+02 1.539091e+01 1.771383e+01
         vertex -2.475000e+02 1.539091e+01 1.771383e+01
         vertex -2.475000e+02 7.814168e+00 1.568365e+01
      endloop
   endfacet
   facet normal 0.000000e+00 2.588190e-01 -9.659258e-01
      outer loop
         vertex -3.375000e+02 1.539091e+01 1.771383e+01
         vertex -2.475000e+02 7.814168e+00 1.568365e+01
         vertex -3.375000e+02 7.814168e+00 1.568365e+01
      endloop
   endfacet
   facet normal 0.000000e+00 8.715577e-02 -9.961947e-01
      outer loop
         vertex -3.375000e+02 7.814168e+00 1.568365e+01
         vertex -2.475000e+02 7.814168e+00 1.568365e+01
         vertex -2.475000e+02 2.744137e-14 1.500000e+01
      endloop
   endfacet
   facet normal 0.000000e+00 8.715577e-02 -9.961947e-01
      outer loop
         vertex -3.375000e+02 7.814168e+00 1.568365e+01
         vertex -2.475000e+02 2.744137e-14 1.500000e+01
         vertex -3.375000e+02 2.744137e-14 1.500000e+01
      endloop
   endfacet
   facet normal 0.000000e+00 -8.715577e-02 -9.961947e-01
      outer loop
         vertex -3.375000e+02 2.744137e-14 1.500000e+01
         vertex -2.475000e+02 2.744137e-14 1.500000e+01
         vertex -2.475000e+02 -7.814168e+00 1.568365e+01
      endloop
   endfacet
   facet normal 0.000000e+00 -8.715577e-02 -9.961947e-01
      outer loop
         vertex -3.375000e+02 2.744137e-14 1.500000e+01
         vertex -2.475000e+02 -7.814168e+00 1.568365e+01
         vertex -3.375000e+02 -7.814168e+00 1.568365e+01
      endloop
   endfacet
   facet normal 0.000000e+00 -2.588190e-01 -9.659258e-01
      outer loop
         vertex -3.375000e+02 -7.814168e+00 1.568365e+01
         vertex -2.475000e+02 -7.814168e+00 1.568365e+01
         vertex -2.475000e+02 -1.539091e+01 1.771383e+01
      endloop
   endfacet
   facet normal 0.000000e+00 -2.588190e-01 -9.659258e-01
      outer loop
         vertex -3.375000e+02 -7.814168e+00 1.568365e+01
         vertex -2.475000e+02 -1.539091e+01 1.771383e+01
         vertex -3.375000e+02 -1.539091e+01 1.771383e+01
      endloop
   endfacet
   facet normal 0.000000e+00 -4.226183e-01 -9.063077e-01
      outer loop
         vertex -3.375000e+02 -1.539091e+01 1.771383e+01
         vertex -2.475000e+02 -1.539091e+01 1.771383e+01
         vertex -2.475000e+02 -2.250000e+01 2.102886e+01
      endloop
   endfacet
   facet normal 0.000000e+00 -4.226183e-01 -9.063077e-01
      outer loop
         vertex -3.375000e+02 -1.539091e+01 1.771383e+01
         vertex -2.475000e+02 -2.250000e+01 2.102886e+01
         vertex -3.375000e+02 -2.250000e+01 2.102886e+01
      endloop
   endfacet
   facet normal 0.000000e+00 -5.735764e-01 -8.191520e-01
      outer loop
         vertex -3.375000e+02 -2.250000e+01 2.102886e+01
         vertex -2.475000e+02 -2.250000e+01 2.102886e+01
         vertex -2.475000e+02 -2.892544e+01 2.552800e+01
      endloop
   endfacet
   facet normal 0.000000e+00 -5.735764e-01 -8.191520e-01
      outer loop
         vertex -3.375000e+02 -2.250000e+01 2.102886e+01
         vertex -2.475000e+02 -2.892544e+01 2.552800e+01
         vertex -3.375000e+02 -2.892544e+01 2.552800e+01
      endloop
   endfacet
   facet normal 0.000000e+00 -7.071068e-01 -7.071068e-01
      outer loop
         vertex -3.375000e+02 -2.892544e+01 2.552800e+01
         vertex -2.475000e+02 -2.892544e+01 2.552800e+01
         vertex -2.475000e+02 -3.447200e+01 3.107456e+01
      endloop
   endfacet
   facet normal 0.000000e+00 -7.071068e-01 -7.071068e-01
      outer loop
         vertex -3.375000e+02 -2.892544e+01 2.552800e+01
         vertex -2.475000e+02 -3.447200e+01 3.107456e+01
         vertex -3.375000e+02 -3.447200e+01 3.107456e+01
      endloop
   endfacet
   facet normal 0.000000e+00 -8.191520e-01 -5.735765e-01
      outer loop
         vertex -3.375000e+02 -3.447200e+01 3.107456e+01
         vertex -2.475000e+02 -3.447200e+01 3.107456e+01
         vertex -2.475000e+02 -3.897114e+01 3.750000e+01
      endloop
   endfacet
   facet normal 0.000000e+00 -8.191520e-01 -5.735765e-01
      outer loop
         vertex -3.375000e+02 -3.447200e+01 3.107456e+01
         vertex -2.475000e+02 -3.897114e+01 3.750000e+01
         vertex -3.375000e+02 -3.897114e+01 3.750000e+01
      endloop
   endfacet
   facet normal 0.000000e+00 -9.063078e-01 -4.226183e-01
      outer loop
         vertex -3.375000e+02 -3.897114e+01 3.750000e+01
         vertex -2.475000e+02 -3.897114e+01 3.750000e+01
         vertex -2.475000e+02 -4.228617e+01 4.460909e+01
      endloop
   endfacet
   facet normal 0.000000e+00 -9.063078e-01 -4.226183e-01
      outer loop
         vertex -3.375000e+02 -3.897114e+01 3.750000e+01
         vertex -2.475000e+02 -4.228617e+01 4.460909e+01
         vertex -3.375000e+02 -4.228617e+01 4.460909e+01
      endloop
   endfacet
   facet normal 0.000000e+00 -9.659259e-01 -2.588187e-01
      outer loop
         vertex -3.375000e+02 -4.228617e+01 4.460909e+01
         vertex -2.475000e+02 -4.228617e+01 4.460909e+01
         vertex -2.475000e+02 -4.431635e+01 5.218583e+01
      endloop
   endfacet
   facet normal 0.000000e+00 -9.659259e-01 -2.588187e-01
      outer loop
         vertex -3.375000e+02 -4.228617e+01 4.460909e+01
         vertex -2.475000e+02 -4.431635e+01 5.218583e+01
         vertex -3.375000e+02 -4.431635e+01 5.218583e+01
      endloop
   endfacet
   facet normal 0.000000e+00 -9.961947e-01 -8.715615e-02
      outer loop
         vertex -3.375000e+02 -4.431635e+01 5.218583e+01
         vertex -2.475000e+02 -4.431635e+01 5.218583e+01
         vertex -2.475000e+02 -4.500000e+01 6.000000e+01
      endloop
   endfacet
   facet normal 0.000000e+00 -9.961947e-01 -8.715615e-02
      outer loop
         vertex -3.375000e+02 -4.431635e+01 5.218583e+01
         vertex -2.475000e+02 -4.500000e+01 6.000000e+01
         vertex -3.375000e+02 -4.500000e+01 6.000000e+01
      endloop
   endfacet
   facet normal 0.000000e+00 -9.961947e-01 8.715607e-02
      outer loop
         vertex -3.375000e+02 -4.500000e+01 6.000000e+01
         vertex -2.475000e+02 -4.500000e+01 6.000000e+01
         vertex -2.475000e+02 -4.431635e+01 6.781417e+01
      endloop
   endfacet
   facet normal 0.000000e+00 -9.961947e-01 8.715607e-02
      outer loop
         vertex -3.375000e+02 -4.500000e+01 6.000000e+01
         vertex -2.475000e+02 -4.431635e+01 6.781417e+01
         vertex -3.375000e+02 -4.431635e+01 6.781417e+01
      endloop
   endfacet
   facet normal 0.000000e+00 -9.659259e-01 2.588189e-01
      outer loop
         vertex -3.375000e+02 -4.431635e+01 6.781417e+01
         vertex -2.475000e+02 -4.431635e+01 6.781417e+01
         vertex -2.475000e+02 -4.228617e+01 7.539091e+01
      endloop
   endfacet
   facet normal 0.000000e+00 -9.659259e-01 2.588189e-01
      outer loop
         vertex -3.375000e+02 -4.431635e+01 6.781417e+01
         vertex -2.475000e+02 -4.228617e+01 7.539091e+01
         vertex -3.375000e+02 -4.228617e+01 7.539091e+01
      endloop
   endfacet
   facet normal 0.000000e+00 -9.063079e-01 4.226180e-01
      outer loop
         vertex -3.375000e+02 -4.228617e+01 7.539091e+01
         vertex -2.475000e+02 -4.228617e+01 7.539091e+01
         vertex -2.475000e+02 -3.897114e+01 8.250000e+01
      endloop
   endfacet
   facet normal 0.000000e+00 -9.063079e-01 4.226180e-01
      outer loop
         vertex -3.375000e+02 -4.228617e+01 7.539091e+01
         vertex -2.475000e+02 -3.897114e+01 8.250000e+01
         vertex -3.375000e+02 -3.897114e+01 8.250000e+01
      endloop
   endfacet
   facet normal 0.000000e+00 -8.191519e-01 5.735767e-01
      outer loop
         vertex -3.375000e+02 -3.897114e+01 8.250000e+01
         vertex -2.475000e+02 -3.897114e+01 8.250000e+01
         vertex -2.475000e+02 -3.447200e+01 8.892544e+01
      endloop
   endfacet
   facet normal 0.000000e+00 -8.191519e-01 5.735767e-01
      outer loop
         vertex -3.375000e+02 -3.897114e+01 8.250000e+01
         vertex -2.475000e+02 -3.447200e+01 8.892544e+01
         vertex -3.375000e+02 -3.447200e+01 8.892544e+01
      endloop
   endfacet
   facet normal 0.000000e+00 -7.071067e-01 7.071069e-01
      outer loop
         vertex -3.375000e+02 -3.447200e+01 8.892544e+01
         vertex -2.475000e+02 -3.447200e+01 8.892544e+01
         vertex -2.475000e+02 -2.892544e+01 9.447200e+01
      endloop
   endfacet
   facet normal 0.000000e+00 -7.071067e-01 7.071069e-01
      outer loop
         vertex -3.375000e+02 -3.447200e+01 8.892544e+01
         vertex -2.475000e+02 -2.892544e+01 9.447200e+01
         vertex -3.375000e+02 -2.892544e+01 9.447200e+01
      endloop
   endfacet
   facet normal 0.000000e+00 -5.735766e-01 8.191519e-01
      outer loop
         vertex -3.375000e+02 -2.892544e+01 9.447200e+01
         vertex -2.475000e+02 -2.892544e+01 9.447200e+01
         vertex -2.475000e+02 -2.250000e+01 9.897114e+01
      endloop
   endfacet
   facet normal 0.000000e+00 -5.735766e-01 8.191519e-01
      outer loop
         vertex -3.375000e+02 -2.892544e+01 9.447200e+01
         vertex -2.475000e+02 -2.250000e+01 9.897114e+01
         vertex -3.375000e+02 -2.250000e+01 9.897114e+01
      endloop
   endfacet
   facet normal 0.000000e+00 -4.226181e-01 9.063078e-01
      outer loop
         vertex -3.375000e+02 -2.250000e+01 9.897114e+01
         vertex -2.475000e+02 -2.250000e+01 9.897114e+01
         vertex -2.475000e+02 -1.539091e+01 1.022862e+02
      endloop
   endfacet
   facet normal 0.000000e+00 -4.226181e-01 9.063078e-01
      outer loop
         vertex -3.375000e+02 -2.250000e+01 9.897114e+01
         vertex -2.475000e+02 -1.539091e+01 1.022862e+02
         vertex -3.375000e+02 -1.539091e+01 1.022862e+02
      endloop
   endfacet
   facet normal 0.000000e+00 -2.588188e-01 9.659259e-01
      outer loop
         vertex -3.375000e+02 -1.539091e+01 1.022862e+02
         vertex -2.475000e+02 -1.539091e+01 1.022862e+02
         vertex -2.475000e+02 -7.814168e+00 1.043163e+02
      endloop
   endfacet
   facet normal 0.000000e+00 -2.588188e-01 9.659259e-01
      outer loop
         vertex -3.375000e+02 -1.539091e+01 1.022862e+02
         vertex -2.475000e+02 -7.814168e+00 1.043163e+02
         vertex -3.375000e+02 -7.814168e+00 1.043163e+02
      endloop
   endfacet
   facet normal 0.000000e+00 -8.715565e-02 9.961947e-01
      outer loop
         vertex -3.375000e+02 -7.814168e+00 1.043163e+02
         vertex -2.475000e+02 -7.814168e+00 1.043163e+02
         vertex -2.475000e+02 2.193046e-14 1.050000e+02
      endloop
   endfacet
   facet normal 0.000000e+00 -8.715565e-02 9.961947e-01
      outer loop
         vertex -3.375000e+02 -7.814168e+00 1.043163e+02
         vertex -2.475000e+02 2.193046e-14 1.050000e+02
         vertex -3.375000e+02 2.193046e-14 1.050000e+02
      endloop
   endfacet
   facet normal -0.000000e+00 8.715565e-02 9.961947e-01
      outer loop
         vertex -3.375000e+02 2.193046e-14 1.050000e+02
         vertex -2.475000e+02 2.193046e-14 1.050000e+02
         vertex -2.475000e+02 7.814168e+00 1.043163e+02
      endloop
   endfacet
   facet normal 1.000000e+00 0.000000e+00 0.000000e+00
      outer loop
         vertex -2.475000e+02 1.539091e+01 1.022862e+02
         vertex -2.475000e+02 7.814168e+00 1.043163e+02
         vertex -2.475000e+02 2.193046e-14 6.000000e+01
      endloop
   endfacet
   facet normal 1.000000e+00 0.000000e+00 0.000000e+00
      outer loop
         vertex -2.475000e+02 2.193046e-14 6.000000e+01
         vertex -2.475000e+02 7.814168e+00 1.043163e+02
         vertex -2.475000e+02 2.193046e-14 1.050000e+02
      endloop
   endfacet
   facet normal 1.000000e+00 0.000000e+00 -0.000000e+00
      outer loop
         vertex -2.475000e+02 2.193046e-14 6.000000e+01
         vertex -2.475000e+02 2.193046e-14 1.050000e+02
         vertex -2.475000e+02 -7.814168e+00 1.043163e+02
      endloop
   endfacet
   facet normal 1.000000e+00 0.000000e+00 0.000000e+00
      outer loop
         vertex -2.475000e+02 3.447200e+01 8.892544e+01
         vertex -2.475000e+02 2.892544e+01 9.447200e+01
         vertex -2.475000e+02 2.193046e-14 6.000000e+01
      endloop
   endfacet
   facet normal 1.000000e+00 0.000000e+00 0.000000e+00
      outer loop
         vertex -2.475000e+02 2.193046e-14 6.000000e+01
         vertex -2.475000e+02 2.892544e+01 9.447200e+01
         vertex -2.475000e+02 2.250000e+01 9.897114e+01
      endloop
   endfacet
   facet normal 1.000000e+00 0.000000e+00 0.000000e+00
      outer loop
         vertex -2.475000e+02 2.193046e-14 6.000000e+01
         vertex -2.475000e+02 2.250000e+01 9.897114e+01
         vertex -2.475000e+02 1.539091e+01 1.022862e+02
      endloop
   endfacet
   facet normal 1.000000e+00 0.000000e+00 0.000000e+00
      outer loop
         vertex -2.475000e+02 4.431635e+01 6.781417e+01
         vertex -2.475000e+02 4.228617e+01 7.539091e+01
         vertex -2.475000e+02 2.193046e-14 6.000000e+01
      endloop
   endfacet
   facet normal 1.000000e+00 0.000000e+00 0.000000e+00
      outer loop
         vertex -2.475000e+02 2.193046e-14 6.000000e+01
         vertex -2.475000e+02 4.228617e+01 7.539091e+01
         vertex -2.475000e+02 3.897114e+01 8.250000e+01
      endloop
   endfacet
   facet normal 1.000000e+00 0.000000e+00 0.000000e+00
      outer loop
         vertex -2.475000e+02 2.193046e-14 6.000000e+01
         vertex -2.475000e+02 3.897114e+01 8.250000e+01
         vertex -2.475000e+02 3.447200e+01 8.892544e+01
      endloop
   endfacet
   facet normal 1.000000e+00 0.000000e+00 -0.000000e+00
      outer loop
         vertex -2.475000e+02 4.228617e+01 4.460909e+01
         vertex -2.475000e+02 4.431635e+01 5.218583e+01
         vertex -2.475000e+02 2.193046e-14 6.000000e+01
      endloop
   endfacet
   facet normal 1.000000e+00 -0.000000e+00 0.000000e+00
      outer loop
         vertex -2.475000e+02 2.193046e-14 6.000000e+01
         vertex -2.475000e+02 4.431635e+01 5.218583e+01
         vertex -2.475000e+02 4.500000e+01 6.000000e+01
      endloop
   endfacet
   facet normal 1.000000e+00 0.000000e+00 0.000000e+00
      outer loop
         vertex -2.475000e+02 2.193046e-14 6.000000e+01
         vertex -2.475000e+02 4.500000e+01 6.000000e+01
         vertex -2.475000e+02 4.431635e+01 6.781417e+01
      endloop
   endfacet
   facet normal 1.000000e+00 0.000000e+00 -0.000000e+00
      outer loop
         vertex -2.475000e+02 2.892544e+01 2.552800e+01
         vertex -2.475000e+02 3.447200e+01 3.107456e+01
         vertex -2.475000e+02 2.193046e-14 6.000000e+01
      endloop
   endfacet
   facet normal 1.000000e+00 0.000000e+00 0.000000e+00
      outer loop
         vertex -2.475000e+02 2.193046e-14 6.000000e+01
         vertex -2.475000e+02 3.447200e+01 3.107456e+01
         vertex -2.475000e+02 3.897114e+01 3.750000e+01
      endloop
   endfacet
   facet normal 1.000000e+00 0.000000e+00 0.000000e+00
      outer loop
         vertex -2.475000e+02 2.193046e-14 6.000000e+01
         vertex -2.475000e+02 3.897114e+01 3.750000e+01
         vertex -2.475000e+02 4.228617e+01 4.460909e+01
      endloop
   endfacet
   facet normal 1.000000e+00 0.000000e+00 -0.000000e+00
      outer loop
         vertex -2.475000e+02 7.814168e+00 1.568365e+01
         vertex -2.475000e+02 1.539091e+01 1.771383e+01
         vertex -2.475000e+02 2.193046e-14 6.000000e+01
      endloop
   endfacet
   facet normal 1.000000e+00 0.000000e+00 0.000000e+00
      outer loop
         vertex -2.475000e+02 2.193046e-14 6.000000e+01
         vertex -2.475000e+02 1.539091e+01 1.771383e+01
         vertex -2.475000e+02 2.250000e+01 2.102886e+01
      endloop
   endfacet
   facet normal 1.000000e+00 0.000000e+00 0.000000e+00
      outer loop
         vertex -2.475000e+02 2.193046e-14 6.000000e+01
         vertex -2.475000e+02 2.250000e+01 2.102886e+01
         vertex -2.475000e+02 2.892544e+01 2.552800e+01
      endloop
   endfacet
   facet normal 1.000000e+00 -0.000000e+00 0.000000e+00
      outer loop
         vertex -2.475000e+02 -1.539091e+01 1.771383e+01
         vertex -2.475000e+02 -7.814168e+00 1.568365e+01
         vertex -2.475000e+02 2.193046e-14 6.000000e+01
      endloop
   endfacet
   facet normal 1.000000e+00 0.000000e+00 0.000000e+00
      outer loop
         vertex -2.475000e+02 2.193046e-14 6.000000e+01
         vertex -2.475000e+02 -7.814168e+00 1.568365e+01
         vertex -2.475000e+02 2.744137e-14 1.500000e+01
      endloop
   endfacet
   facet normal 1.000000e+00 0.000000e+00 0.000000e+00
      outer loop
         vertex -2.475000e+02 2.193046e-14 6.000000e+01
         vertex -2.475000e+02 2.744137e-14 1.500000e+01
         vertex -2.475000e+02 7.814168e+00 1.568365e+01
      endloop
   endfacet
   facet normal 1.000000e+00 -0.000000e+00 0.000000e+00
      outer loop
         vertex -2.475000e+02 -3.447200e+01 3.107456e+01
         vertex -2.475000e+02 -2.892544e+01 2.552800e+01
         vertex -2.475000e+02 2.193046e-14 6.000000e+01
      endloop
   endfacet
   facet normal 1.000000e+00 0.000000e+00 0.000000e+00
      outer loop
         vertex -2.475000e+02 2.193046e-14 6.000000e+01
         vertex -2.475000e+02 -2.892544e+01 2.552800e+01
         vertex -2.475000e+02 -2.250000e+01 2.102886e+01
      endloop
   endfacet
   facet normal 1.000000e+00 0.000000e+00 0.000000e+00
      outer loop
         vertex -2.475000e+02 2.193046e-14 6.000000e+01
         vertex -2.475000e+02 -2.250000e+01 2.102886e+01
         vertex -2.475000e+02 -1.539091e+01 1.771383e+01
      endloop
   endfacet
   facet normal 1.000000e+00 -0.000000e+00 0.000000e+00
      outer loop
         vertex -2.475000e+02 -4.431635e+01 5.218583e+01
         vertex -2.475000e+02 -4.228617e+01 4.460909e+01
         vertex -2.475000e+02 2.193046e-14 6.000000e+01
      endloop
   endfacet
   facet normal 1.000000e+00 0.000000e+00 0.000000e+00
      outer loop
         vertex -2.475000e+02 2.193046e-14 6.000000e+01
         vertex -2.475000e+02 -4.228617e+01 4.460909e+01
         vertex -2.475000e+02 -3.897114e+01 3.750000e+01
      endloop
   endfacet
   facet normal 1.000000e+00 0.000000e+00 0.000000e+00
      outer loop
         vertex -2.475000e+02 2.193046e-14 6.000000e+01
         vertex -2.475000e+02 -3.897114e+01 3.750000e+01
         vertex -2.475000e+02 -3.447200e+01 3.107456e+01
      endloop
   endfacet
   facet normal 1.000000e+00 0.000000e+00 0.000000e+00
      outer loop
         vertex -2.475000e+02 -4.228617e+01 7.539091e+01
         vertex -2.475000e+02 -4.431635e+01 6.781417e+01
         vertex -2.475000e+02 2.193046e-14 6.000000e+01
      endloop
   endfacet
   facet normal 1.000000e+00 0.000000e+00 0.000000e+00
      outer loop
         vertex -2.475000e+02 2.193046e-14 6.000000e+01
         vertex -2.475000e+02 -4.431635e+01 6.781417e+01
         vertex -2.475000e+02 -4.500000e+01 6.000000e+01
      endloop
   endfacet
   facet normal 1.000000e+00 0.000000e+00 0.000000e+00
      outer loop
         vertex -2.475000e+02 2.193046e-14 6.000000e+01
         vertex -2.475000e+02 -4.500000e+01 6.000000e+01
         vertex -2.475000e+02 -4.431635e+01 5.218583e+01
      endloop
   endfacet
   facet normal 1.000000e+00 0.000000e+00 0.000000e+00
      outer loop
         vertex -2.475000e+02 -2.892544e+01 9.447200e+01
         vertex -2.475000e+02 -3.447200e+01 8.892544e+01
         vertex -2.475000e+02 2.193046e-14 6.000000e+01
      endloop
   endfacet
   facet normal 1.000000e+00 0.000000e+00 0.000000e+00
      outer loop
         vertex -2.475000e+02 2.193046e-14 6.000000e+01
         vertex -2.475000e+02 -3.447200e+01 8.892544e+01
         vertex -2.475000e+02 -3.897114e+01 8.250000e+01
      endloop
   endfacet
   facet normal 1.000000e+00 0.000000e+00 0.000000e+00
      outer loop
         vertex -2.475000e+02 2.193046e-14 6.000000e+01
         vertex -2.475000e+02 -3.897114e+01 8.250000e+01
         vertex -2.475000e+02 -4.228617e+01 7.539091e+01
      endloop
   endfacet
   facet normal 1.000000e+00 0.000000e+00 0.000000e+00
      outer loop
         vertex -2.475000e+02 -7.814168e+00 1.043163e+02
         vertex -2.475000e+02 -1.539091e+01 1.022862e+02
         vertex -2.475000e+02 2.193046e-14 6.000000e+01
      endloop
   endfacet
   facet normal 1.000000e+00 0.000000e+00 0.000000e+00
      outer loop
         vertex -2.475000e+02 2.193046e-14 6.000000e+01
         vertex -2.475000e+02 -1.539091e+01 1.022862e+02
         vertex -2.475000e+02 -2.250000e+01 9.897114e+01
      endloop
   endfacet
   facet normal 1.000000e+00 0.000000e+00 0.000000e+00
      outer loop
         vertex -2.475000e+02 2.193046e-14 6.000000e+01
         vertex -2.475000e+02 -2.250000e+01 9.897114e+01
         vertex -2.475000e+02 -2.892544e+01 9.447200e+01
      endloop
   endfacet
endsolid