solid cradle
   facet normal 1.000000e+00 0.000000e+00 0.000000e+00
      outer loop
         vertex 3.000000e+02 -5.781044e+01 -4.515680e+01
         vertex 3.000000e+02 -7.053423e+01 -3.708204e+01
         vertex 3.000000e+02 -1.500000e+02 -1.200000e+02
      endloop
   endfacet
   facet normal 1.000000e+00 0.000000e+00 0.000000e+00
      outer loop
         vertex 3.000000e+02 -1.500000e+02 -1.200000e+02
         vertex 3.000000e+02 -1.013194e+02 -4.299216e+00
         vertex 3.000000e+02 -1.500000e+02 3.925630e+00
      endloop
   endfacet
   facet normal 1.000000e+00 -0.000000e+00 0.000000e+00
      outer loop
         vertex 3.000000e+02 -1.500000e+02 3.925630e+00
         vertex 3.000000e+02 -1.013194e+02 -4.299216e+00
         vertex 3.000000e+02 -1.085792e+02 8.906485e+00
      endloop
   endfacet
   facet normal 1.000000e+00 0.000000e+00 0.000000e+00
      outer loop
         vertex 3.000000e+02 -1.500000e+02 3.925630e+00
         vertex 3.000000e+02 -1.085792e+02 8.906485e+00
         vertex 3.000000e+02 -1.141268e+02 2.291796e+01
      endloop
   endfacet
   facet normal 1.000000e+00 0.000000e+00 0.000000e+00
      outer loop
         vertex 3.000000e+02 -1.141268e+02 2.291796e+01
         vertex 3.000000e+02 -1.178745e+02 3.751424e+01
         vertex 3.000000e+02 -1.500000e+02 3.925630e+00
      endloop
   endfacet
   facet normal 1.000000e+00 0.000000e+00 0.000000e+00
      outer loop
         vertex 3.000000e+02 -1.500000e+02 3.925630e+00
         vertex 3.000000e+02 -1.178745e+02 3.751424e+01
         vertex 3.000000e+02 -1.197632e+02 5.246514e+01
      endloop
   endfacet
   facet normal 1.000000e+00 0.000000e+00 0.000000e+00
      outer loop
         vertex 3.000000e+02 -1.500000e+02 3.925630e+00
         vertex 3.000000e+02 -1.197632e+02 5.246514e+01
         vertex 3.000000e+02 -1.197632e+02 6.753486e+01
      endloop
   endfacet
   facet normal 1.000000e+00 0.000000e+00 0.000000e+00
      outer loop
         vertex 3.000000e+02 -7.053423e+01 -3.708204e+01
         vertex 3.000000e+02 -8.214565e+01 -2.747623e+01
         vertex 3.000000e+02 -1.500000e+02 -1.200000e+02
      endloop
   endfacet
   facet normal 1.000000e+00 0.000000e+00 0.000000e+00
      outer loop
         vertex 3.000000e+02 -1.500000e+02 -1.200000e+02
         vertex 3.000000e+02 -8.214565e+01 -2.747623e+01
         vertex 3.000000e+02 -9.246159e+01 -1.649088e+01
      endloop
   endfacet
   facet normal 1.000000e+00 0.000000e+00 0.000000e+00
      outer loop
         vertex 3.000000e+02 -1.500000e+02 -1.200000e+02
         vertex 3.000000e+02 -9.246159e+01 -1.649088e+01
         vertex 3.000000e+02 -1.013194e+02 -4.299216e+00
      endloop
   endfacet
   facet normal 1.000000e+00 0.000000e+00 0.000000e+00
      outer loop
         vertex 3.000000e+02 1.500000e+02 -1.200000e+02
         vertex 3.000000e+02 9.246159e+01 -1.649088e+01
         vertex 3.000000e+02 8.214565e+01 -2.747623e+01
      endloop
   endfacet
   facet normal 1.000000e+00 0.000000e+00 -0.000000e+00
      outer loop
         vertex 3.000000e+02 -1.197632e+02 6.753486e+01
         vertex 3.000000e+02 -1.178745e+02 8.248576e+01
         vertex 3.000000e+02 -1.500000e+02 3.925630e+00
      endloop
   endfacet
   facet normal 1.000000e+00 0.000000e+00 0.000000e+00
      outer loop
         vertex 3.000000e+02 -1.500000e+02 3.925630e+00
         vertex 3.000000e+02 -1.178745e+02 8.248576e+01
         vertex 3.000000e+02 -1.141268e+02 9.708204e+01
      endloop
   endfacet
   facet normal 1.000000e+00 0.000000e+00 0.000000e+00
      outer loop
         vertex 3.000000e+02 -1.500000e+02 3.925630e+00
         vertex 3.000000e+02 -1.141268e+02 9.708204e+01
         vertex 3.000000e+02 -1.120532e+02 1.029427e+02
      endloop
   endfacet
   facet normal 1.000000e+00 -0.000000e+00 -0.000000e+00
      outer loop
         vertex 3.000000e+02 1.178745e+02 8.248576e+01
         vertex 3.000000e+02 1.500000e+02 3.925630e+00
         vertex 3.000000e+02 1.141268e+02 9.708204e+01
      endloop
   endfacet
   facet normal 1.000000e+00 -0.000000e+00 -0.000000e+00
      outer loop
         vertex 3.000000e+02 1.141268e+02 9.708204e+01
         vertex 3.000000e+02 1.500000e+02 3.925630e+00
         vertex 3.000000e+02 1.120532e+02 1.029427e+02
      endloop
   endfacet
   facet normal 1.000000e+00 0.000000e+00 0.000000e+00
      outer loop
         vertex 3.000000e+02 1.178745e+02 8.248576e+01
         vertex 3.000000e+02 1.197632e+02 6.753486e+01
         vertex 3.000000e+02 1.500000e+02 3.925630e+00
      endloop
   endfacet
   facet normal 1.000000e+00 0.000000e+00 0.000000e+00
      outer loop
         vertex 3.000000e+02 1.500000e+02 3.925630e+00
         vertex 3.000000e+02 1.197632e+02 6.753486e+01
         vertex 3.000000e+02 1.197632e+02 5.246514e+01
      endloop
   endfacet
   facet normal 1.000000e+00 0.000000e+00 0.000000e+00
      outer loop
         vertex 3.000000e+02 1.500000e+02 3.925630e+00
         vertex 3.000000e+02 1.197632e+02 5.246514e+01
         vertex 3.000000e+02 1.178745e+02 3.751424e+01
      endloop
   endfacet
   facet normal 1.000000e+00 0.000000e+00 0.000000e+00
      outer loop
         vertex 3.000000e+02 -1.503999e+01 -5.905376e+01
         vertex 3.000000e+02 -2.984279e+01 -5.622998e+01
         vertex 3.000000e+02 -1.500000e+02 -1.200000e+02
      endloop
   endfacet
   facet normal 1.000000e+00 0.000000e+00 0.000000e+00
      outer loop
         vertex 3.000000e+02 -1.500000e+02 -1.200000e+02
         vertex 3.000000e+02 -2.984279e+01 -5.622998e+01
         vertex 3.000000e+02 -4.417495e+01 -5.157318e+01
      endloop
   endfacet
   facet normal 1.000000e+00 0.000000e+00 0.000000e+00
      outer loop
         vertex 3.000000e+02 -1.500000e+02 -1.200000e+02
         vertex 3.000000e+02 -4.417495e+01 -5.157318e+01
         vertex 3.000000e+02 -5.781044e+01 -4.515680e+01
      endloop
   endfacet
   facet normal 1.000000e+00 0.000000e+00 0.000000e+00
      outer loop
         vertex 3.000000e+02 1.178745e+02 3.751424e+01
         vertex 3.000000e+02 1.141268e+02 2.291796e+01
         vertex 3.000000e+02 1.500000e+02 3.925630e+00
      endloop
   endfacet
   facet normal 1.000000e+00 0.000000e+00 0.000000e+00
      outer loop
         vertex 3.000000e+02 1.500000e+02 3.925630e+00
         vertex 3.000000e+02 1.141268e+02 2.291796e+01
         vertex 3.000000e+02 1.085792e+02 8.906485e+00
      endloop
   endfacet
   facet normal 1.000000e+00 0.000000e+00 0.000000e+00
      outer loop
         vertex 3.000000e+02 1.500000e+02 3.925630e+00
         vertex 3.000000e+02 1.085792e+02 8.906485e+00
         vertex 3.000000e+02 1.500000e+02 -1.200000e+02
      endloop
   endfacet
   facet normal 1.000000e+00 0.000000e+00 0.000000e+00
      outer loop
         vertex 3.000000e+02 1.500000e+02 -1.200000e+02
         vertex 3.000000e+02 1.085792e+02 8.906485e+00
         vertex 3.000000e+02 1.013194e+02 -4.299216e+00
      endloop
   endfacet
   facet normal 1.000000e+00 0.000000e+00 0.000000e+00
      outer loop
         vertex 3.000000e+02 1.500000e+02 -1.200000e+02
         vertex 3.000000e+02 1.013194e+02 -4.299216e+00
         vertex 3.000000e+02 9.246159e+01 -1.649088e+01
      endloop
   endfacet
   facet normal 1.000000e+00 0.000000e+00 0.000000e+00
      outer loop
         vertex 3.000000e+02 8.214565e+01 -2.747623e+01
         vertex 3.000000e+02 7.053423e+01 -3.708204e+01
         vertex 3.000000e+02 1.500000e+02 -1.200000e+02
      endloop
   endfacet
   facet normal 1.000000e+00 0.000000e+00 0.000000e+00
      outer loop
         vertex 3.000000e+02 1.500000e+02 -1.200000e+02
         vertex 3.000000e+02 7.053423e+01 -3.708204e+01
         vertex 3.000000e+02 5.781044e+01 -4.515680e+01
      endloop
   endfacet
   facet normal 1.000000e+00 0.000000e+00 0.000000e+00
      outer loop
         vertex 3.000000e+02 1.500000e+02 -1.200000e+02
         vertex 3.000000e+02 5.781044e+01 -4.515680e+01
         vertex 3.000000e+02 4.417495e+01 -5.157318e+01
      endloop
   endfacet
   facet normal 1.000000e+00 0.000000e+00 0.000000e+00
      outer loop
         vertex 3.000000e+02 4.417495e+01 -5.157318e+01
         vertex 3.000000e+02 2.984279e+01 -5.622998e+01
         vertex 3.000000e+02 1.500000e+02 -1.200000e+02
      endloop
   endfacet
   facet normal 1.000000e+00 0.000000e+00 0.000000e+00
      outer loop
         vertex 3.000000e+02 1.500000e+02 -1.200000e+02
         vertex 3.000000e+02 2.984279e+01 -5.622998e+01
         vertex 3.000000e+02 1.503999e+01 -5.905376e+01
      endloop
   endfacet
   facet normal 1.000000e+00 0.000000e+00 0.000000e+00
      outer loop
         vertex 3.000000e+02 1.500000e+02 -1.200000e+02
         vertex 3.000000e+02 1.503999e+01 -5.905376e+01
         vertex 3.000000e+02 -1.500000e+02 -1.200000e+02
      endloop
   endfacet
   facet normal 1.000000e+00 0.000000e+00 0.000000e+00
      outer loop
         vertex 3.000000e+02 -1.500000e+02 -1.200000e+02
         vertex 3.000000e+02 1.503999e+01 -5.905376e+01
         vertex 3.000000e+02 0.000000e+00 -6.000000e+01
      endloop
   endfacet
   facet normal 1.000000e+00 0.000000e+00 0.000000e+00
      outer loop
         vertex 3.000000e+02 -1.500000e+02 -1.200000e+02
         vertex 3.000000e+02 0.000000e+00 -6.000000e+01
         vertex 3.000000e+02 -1.503999e+01 -5.905376e+01
      endloop
   endfacet
   facet normal -1.000000e+00 0.000000e+00 0.000000e+00
      outer loop
         vertex -3.000000e+02 1.141268e+02 2.291796e+01
         vertex -3.000000e+02 1.178745e+02 3.751424e+01
         vertex -3.000000e+02 1.500000e+02 3.925630e+00
      endloop
   endfacet
   facet normal -1.000000e+00 0.000000e+00 0.000000e+00
      outer loop
         vertex -3.000000e+02 1.500000e+02 3.925630e+00
         vertex -3.000000e+02 1.178745e+02 3.751424e+01
         vertex -3.000000e+02 1.197632e+02 5.246514e+01
      endloop
   endfacet
   facet normal -1.000000e+00 0.000000e+00 0.000000e+00
      outer loop
         vertex -3.000000e+02 1.500000e+02 3.925630e+00
         vertex -3.000000e+02 1.197632e+02 5.246514e+01
         vertex -3.000000e+02 1.197632e+02 6.753486e+01
      endloop
   endfacet
   facet normal -1.000000e+00 0.000000e+00 0.000000e+00
      outer loop
         vertex -3.000000e+02 2.984279e+01 -5.622998e+01
         vertex -3.000000e+02 4.417495e+01 -5.157318e+01
         vertex -3.000000e+02 1.500000e+02 -1.200000e+02
      endloop
   endfacet
   facet normal -1.000000e+00 0.000000e+00 0.000000e+00
      outer loop
         vertex -3.000000e+02 1.197632e+02 6.753486e+01
         vertex -3.000000e+02 1.178745e+02 8.248576e+01
         vertex -3.000000e+02 1.500000e+02 3.925630e+00
      endloop
   endfacet
   facet normal -1.000000e+00 0.000000e+00 0.000000e+00
      outer loop
         vertex -3.000000e+02 1.500000e+02 3.925630e+00
         vertex -3.000000e+02 1.178745e+02 8.248576e+01
         vertex -3.000000e+02 1.141268e+02 9.708204e+01
      endloop
   endfacet
   facet normal -1.000000e+00 0.000000e+00 0.000000e+00
      outer loop
         vertex -3.000000e+02 1.500000e+02 3.925630e+00
         vertex -3.000000e+02 1.141268e+02 9.708204e+01
         vertex -3.000000e+02 1.120532e+02 1.029427e+02
      endloop
   endfacet
   facet normal -1.000000e+00 -0.000000e+00 0.000000e+00
      outer loop
         vertex -3.000000e+02 -1.178745e+02 8.248576e+01
         vertex -3.000000e+02 -1.500000e+02 3.925630e+00
         vertex -3.000000e+02 -1.141268e+02 9.708204e+01
      endloop
   endfacet
   facet normal -1.000000e+00 -0.000000e+00 0.000000e+00
      outer loop
         vertex -3.000000e+02 -1.141268e+02 9.708204e+01
         vertex -3.000000e+02 -1.500000e+02 3.925630e+00
         vertex -3.000000e+02 -1.120532e+02 1.029427e+02
      endloop
   endfacet
   facet normal -1.000000e+00 -0.000000e+00 0.000000e+00
      outer loop
         vertex -3.000000e+02 -7.053423e+01 -3.708204e+01
         vertex -3.000000e+02 -1.500000e+02 -1.200000e+02
         vertex -3.000000e+02 -8.214565e+01 -2.747623e+01
      endloop
   endfacet
   facet normal -1.000000e+00 -0.000000e+00 0.000000e+00
      outer loop
         vertex -3.000000e+02 -8.214565e+01 -2.747623e+01
         vertex -3.000000e+02 -1.500000e+02 -1.200000e+02
         vertex -3.000000e+02 -9.246159e+01 -1.649088e+01
      endloop
   endfacet
   facet normal -1.000000e+00 0.000000e+00 0.000000e+00
      outer loop
         vertex -3.000000e+02 4.417495e+01 -5.157318e+01
         vertex -3.000000e+02 5.781044e+01 -4.515680e+01
         vertex -3.000000e+02 1.500000e+02 -1.200000e+02
      endloop
   endfacet
   facet normal -1.000000e+00 0.000000e+00 0.000000e+00
      outer loop
         vertex -3.000000e+02 1.500000e+02 -1.200000e+02
         vertex -3.000000e+02 5.781044e+01 -4.515680e+01
         vertex -3.000000e+02 7.053423e+01 -3.708204e+01
      endloop
   endfacet
   facet normal -1.000000e+00 0.000000e+00 0.000000e+00
      outer loop
         vertex -3.000000e+02 1.500000e+02 -1.200000e+02
         vertex -3.000000e+02 7.053423e+01 -3.708204e+01
         vertex -3.000000e+02 8.214565e+01 -2.747623e+01
      endloop
   endfacet
   facet normal -1.000000e+00 0.000000e+00 0.000000e+00
      outer loop
         vertex -3.000000e+02 -1.178745e+02 8.248576e+01
         vertex -3.000000e+02 -1.197632e+02 6.753486e+01
         vertex -3.000000e+02 -1.500000e+02 3.925630e+00
      endloop
   endfacet
   facet normal -1.000000e+00 0.000000e+00 0.000000e+00
      outer loop
         vertex -3.000000e+02 -1.500000e+02 3.925630e+00
         vertex -3.000000e+02 -1.197632e+02 6.753486e+01
         vertex -3.000000e+02 -1.197632e+02 5.246514e+01
      endloop
   endfacet
   facet normal -1.000000e+00 0.000000e+00 0.000000e+00
      outer loop
         vertex -3.000000e+02 -1.500000e+02 3.925630e+00
         vertex -3.000000e+02 -1.197632e+02 5.246514e+01
         vertex -3.000000e+02 -1.178745e+02 3.751424e+01
      endloop
   endfacet
   facet normal -1.000000e+00 0.000000e+00 0.000000e+00
      outer loop
         vertex -3.000000e+02 8.214565e+01 -2.747623e+01
         vertex -3.000000e+02 9.246159e+01 -1.649088e+01
         vertex -3.000000e+02 1.500000e+02 -1.200000e+02
      endloop
   endfacet
   facet normal -1.000000e+00 0.000000e+00 0.000000e+00
      outer loop
         vertex -3.000000e+02 1.500000e+02 -1.200000e+02
         vertex -3.000000e+02 9.246159e+01 -1.649088e+01
         vertex -3.000000e+02 1.013194e+02 -4.299216e+00
      endloop
   endfacet
   facet normal -1.000000e+00 0.000000e+00 0.000000e+00
      outer loop
         vertex -3.000000e+02 1.500000e+02 -1.200000e+02
         vertex -3.000000e+02 1.013194e+02 -4.299216e+00
         vertex -3.000000e+02 1.500000e+02 3.925630e+00
      endloop
   endfacet
   facet normal -1.000000e+00 -0.000000e+00 0.000000e+00
      outer loop
         vertex -3.000000e+02 1.500000e+02 3.925630e+00
         vertex -3.000000e+02 1.013194e+02 -4.299216e+00
         vertex -3.000000e+02 1.085792e+02 8.906485e+00
      endloop
   endfacet
   facet normal -1.000000e+00 0.000000e+00 0.000000e+00
      outer loop
         vertex -3.000000e+02 1.500000e+02 3.925630e+00
         vertex -3.000000e+02 1.085792e+02 8.906485e+00
         vertex -3.000000e+02 1.141268e+02 2.291796e+01
      endloop
   endfacet
   facet normal -1.000000e+00 0.000000e+00 -0.000000e+00
      outer loop
         vertex -3.000000e+02 -1.178745e+02 3.751424e+01
         vertex -3.000000e+02 -1.141268e+02 2.291796e+01
         vertex -3.000000e+02 -1.500000e+02 3.925630e+00
      endloop
   endfacet
   facet normal -1.000000e+00 0.000000e+00 0.000000e+00
      outer loop
         vertex -3.000000e+02 -1.500000e+02 3.925630e+00
         vertex -3.000000e+02 -1.141268e+02 2.291796e+01
         vertex -3.000000e+02 -1.085792e+02 8.906485e+00
      endloop
   endfacet
   facet normal -1.000000e+00 0.000000e+00 0.000000e+00
      outer loop
         vertex -3.000000e+02 -1.500000e+02 3.925630e+00
         vertex -3.000000e+02 -1.085792e+02 8.906485e+00
         vertex -3.000000e+02 -1.500000e+02 -1.200000e+02
      endloop
   endfacet
   facet normal -1.000000e+00 0.000000e+00 0.000000e+00
      outer loop
         vertex -3.000000e+02 -1.500000e+02 -1.200000e+02
         vertex -3.000000e+02 -1.085792e+02 8.906485e+00
         vertex -3.000000e+02 -1.013194e+02 -4.299216e+00
      endloop
   endfacet
   facet normal -1.000000e+00 0.000000e+00 0.000000e+00
      outer loop
         vertex -3.000000e+02 -1.500000e+02 -1.200000e+02
         vertex -3.000000e+02 -1.013194e+02 -4.299216e+00
         vertex -3.000000e+02 -9.246159e+01 -1.649088e+01
      endloop
   endfacet
   facet normal -1.000000e+00 0.000000e+00 -0.000000e+00
      outer loop
         vertex -3.000000e+02 -7.053423e+01 -3.708204e+01
         vertex -3.000000e+02 -5.781044e+01 -4.515680e+01
         vertex -3.000000e+02 -1.500000e+02 -1.200000e+02
      endloop
   endfacet
   facet normal -1.000000e+00 0.000000e+00 0.000000e+00
      outer loop
         vertex -3.000000e+02 -1.500000e+02 -1.200000e+02
         vertex -3.000000e+02 -5.781044e+01 -4.515680e+01
         vertex -3.000000e+02 -4.417495e+01 -5.157318e+01
      endloop
   endfacet
   facet normal -1.000000e+00 0.000000e+00 0.000000e+00
      outer loop
         vertex -3.000000e+02 -1.500000e+02 -1.200000e+02
         vertex -3.000000e+02 -4.417495e+01 -5.157318e+01
         vertex -3.000000e+02 -2.984279e+01 -5.622998e+01
      endloop
   endfacet
   facet normal -1.000000e+00 0.000000e+00 -0.000000e+00
      outer loop
         vertex -3.000000e+02 -2.984279e+01 -5.622998e+01
         vertex -3.000000e+02 -1.503999e+01 -5.905376e+01
         vertex -3.000000e+02 -1.500000e+02 -1.200000e+02
      endloop
   endfacet
   facet normal -1.000000e+00 0.000000e+00 0.000000e+00
      outer loop
         vertex -3.000000e+02 -1.500000e+02 -1.200000e+02
         vertex -3.000000e+02 -1.503999e+01 -5.905376e+01
         vertex -3.000000e+02 0.000000e+00 -6.000000e+01
      endloop
   endfacet
   facet normal -1.000000e+00 0.000000e+00 0.000000e+00
      outer loop
         vertex -3.000000e+02 -1.500000e+02 -1.200000e+02
         vertex -3.000000e+02 0.000000e+00 -6.000000e+01
         vertex -3.000000e+02 1.500000e+02 -1.200000e+02
      endloop
   endfacet
   facet normal -1.000000e+00 0.000000e+00 0.000000e+00
      outer loop
         vertex -3.000000e+02 1.500000e+02 -1.200000e+02
         vertex -3.000000e+02 0.000000e+00 -6.000000e+01
         vertex -3.000000e+02 1.503999e+01 -5.905376e+01
      endloop
   endfacet
   facet normal -1.000000e+00 0.000000e+00 0.000000e+00
      outer loop
         vertex -3.000000e+02 1.500000e+02 -1.200000e+02
         vertex -3.000000e+02 1.503999e+01 -5.905376e+01
         vertex -3.000000e+02 2.984279e+01 -5.622998e+01
      endloop
   endfacet
   facet normal 2.425356e-01 -9.701425e-01 0.000000e+00
      outer loop
         vertex 1.819017e+01 -2.204525e+02 -4.500000e+01
         vertex 1.819017e+01 -2.204525e+02 -1.200000e+02
         vertex 2.286800e+02 -1.678300e+02 -4.500000e+01
      endloop
   endfacet
   facet normal 2.425356e-01 -9.701425e-01 2.074826e-08
      outer loop
         vertex 2.286800e+02 -1.678300e+02 -4.500000e+01
         vertex 1.819017e+01 -2.204525e+02 -1.200000e+02
         vertex 3.000000e+02 -1.500000e+02 -1.200000e+02
      endloop
   endfacet
   facet normal 2.425355e-01 -9.701425e-01 0.000000e+00
      outer loop
         vertex 3.000000e+02 -1.500000e+02 3.925630e+00
         vertex 2.330291e+02 -1.667427e+02 -3.976229e+01
         vertex 3.000000e+02 -1.500000e+02 -1.200000e+02
      endloop
   endfacet
   facet normal 2.425327e-01 -9.701432e-01 -2.465232e-06
      outer loop
         vertex 3.000000e+02 -1.500000e+02 -1.200000e+02
         vertex 2.330291e+02 -1.667427e+02 -3.976229e+01
         vertex 2.323025e+02 -1.669244e+02 -4.031013e+01
      endloop
   endfacet
   facet normal 2.425406e-01 -9.701413e-01 4.660639e-06
      outer loop
         vertex 2.323025e+02 -1.669244e+02 -4.031013e+01
         vertex 2.315570e+02 -1.671107e+02 -4.101761e+01
         vertex 3.000000e+02 -1.500000e+02 -1.200000e+02
      endloop
   endfacet
   facet normal 2.425377e-01 -9.701420e-01 2.032989e-06
      outer loop
         vertex 3.000000e+02 -1.500000e+02 -1.200000e+02
         vertex 2.315570e+02 -1.671107e+02 -4.101761e+01
         vertex 2.300302e+02 -1.674924e+02 -4.289042e+01
      endloop
   endfacet
   facet normal 2.425346e-01 -9.701428e-01 -1.004577e-06
      outer loop
         vertex 3.000000e+02 -1.500000e+02 -1.200000e+02
         vertex 2.300302e+02 -1.674924e+02 -4.289042e+01
         vertex 2.286800e+02 -1.678300e+02 -4.500000e+01
      endloop
   endfacet
   facet normal -2.425355e-01 -9.701425e-01 0.000000e+00
      outer loop
         vertex -2.330291e+02 -1.667427e+02 -3.976229e+01
         vertex -3.000000e+02 -1.500000e+02 3.925630e+00
         vertex -3.000000e+02 -1.500000e+02 -1.200000e+02
      endloop
   endfacet
   facet normal -2.425356e-01 -9.701425e-01 0.000000e+00
      outer loop
         vertex -1.819017e+01 -2.204525e+02 -1.200000e+02
         vertex -1.819017e+01 -2.204525e+02 -4.500000e+01
         vertex -3.000000e+02 -1.500000e+02 -1.200000e+02
      endloop
   endfacet
   facet normal -2.425356e-01 -9.701425e-01 2.777836e-08
      outer loop
         vertex -3.000000e+02 -1.500000e+02 -1.200000e+02
         vertex -1.819017e+01 -2.204525e+02 -4.500000e+01
         vertex -2.286800e+02 -1.678300e+02 -4.500000e+01
      endloop
   endfacet
   facet normal -2.425346e-01 -9.701428e-01 -1.004577e-06
      outer loop
         vertex -3.000000e+02 -1.500000e+02 -1.200000e+02
         vertex -2.286800e+02 -1.678300e+02 -4.500000e+01
         vertex -2.300302e+02 -1.674924e+02 -4.289042e+01
      endloop
   endfacet
   facet normal -2.425377e-01 -9.701420e-01 2.032989e-06
      outer loop
         vertex -2.300302e+02 -1.674924e+02 -4.289042e+01
         vertex -2.315570e+02 -1.671107e+02 -4.101761e+01
         vertex -3.000000e+02 -1.500000e+02 -1.200000e+02
      endloop
   endfacet
   facet normal -2.425406e-01 -9.701413e-01 4.660639e-06
      outer loop
         vertex -3.000000e+02 -1.500000e+02 -1.200000e+02
         vertex -2.315570e+02 -1.671107e+02 -4.101761e+01
         vertex -2.323025e+02 -1.669244e+02 -4.031013e+01
      endloop
   endfacet
   facet normal -2.425327e-01 -9.701432e-01 -2.465232e-06
      outer loop
         vertex -3.000000e+02 -1.500000e+02 -1.200000e+02
         vertex -2.323025e+02 -1.669244e+02 -4.031013e+01
         vertex -2.330291e+02 -1.667427e+02 -3.976229e+01
      endloop
   endfacet
   facet normal -2.425356e-01 9.701425e-01 0.000000e+00
      outer loop
         vertex -1.819017e+01 2.204525e+02 -4.500000e+01
         vertex -1.819017e+01 2.204525e+02 -1.200000e+02
         vertex -2.286800e+02 1.678300e+02 -4.500000e+01
      endloop
   endfacet
   facet normal -2.425356e-01 9.701425e-01 2.074826e-08
      outer loop
         vertex -2.286800e+02 1.678300e+02 -4.500000e+01
         vertex -1.819017e+01 2.204525e+02 -1.200000e+02
         vertex -3.000000e+02 1.500000e+02 -1.200000e+02
      endloop
   endfacet
   facet normal -2.425355e-01 9.701425e-01 0.000000e+00
      outer loop
         vertex -3.000000e+02 1.500000e+02 3.925630e+00
         vertex -2.330291e+02 1.667427e+02 -3.976229e+01
         vertex -3.000000e+02 1.500000e+02 -1.200000e+02
      endloop
   endfacet
   facet normal -2.425327e-01 9.701432e-01 -2.465232e-06
      outer loop
         vertex -3.000000e+02 1.500000e+02 -1.200000e+02
         vertex -2.330291e+02 1.667427e+02 -3.976229e+01
         vertex -2.323025e+02 1.669244e+02 -4.031013e+01
      endloop
   endfacet
   facet normal -2.425406e-01 9.701413e-01 4.660639e-06
      outer loop
         vertex -2.323025e+02 1.669244e+02 -4.031013e+01
         vertex -2.315570e+02 1.671107e+02 -4.101761e+01
         vertex -3.000000e+02 1.500000e+02 -1.200000e+02
      endloop
   endfacet
   facet normal -2.425377e-01 9.701420e-01 2.032989e-06
      outer loop
         vertex -3.000000e+02 1.500000e+02 -1.200000e+02
         vertex -2.315570e+02 1.671107e+02 -4.101761e+01
         vertex -2.300302e+02 1.674924e+02 -4.289042e+01
      endloop
   endfacet
   facet normal -2.425346e-01 9.701428e-01 -1.004577e-06
      outer loop
         vertex -3.000000e+02 1.500000e+02 -1.200000e+02
         vertex -2.300302e+02 1.674924e+02 -4.289042e+01
         vertex -2.286800e+02 1.678300e+02 -4.500000e+01
      endloop
   endfacet
   facet normal 2.425355e-01 9.701425e-01 0.000000e+00
      outer loop
         vertex 2.330291e+02 1.667427e+02 -3.976229e+01
         vertex 3.000000e+02 1.500000e+02 3.925630e+00
         vertex 3.000000e+02 1.500000e+02 -1.200000e+02
      endloop
   endfacet
   facet normal 2.425356e-01 9.701425e-01 -0.000000e+00
      outer loop
         vertex 1.819017e+01 2.204525e+02 -1.200000e+02
         vertex 1.819017e+01 2.204525e+02 -4.500000e+01
         vertex 3.000000e+02 1.500000e+02 -1.200000e+02
      endloop
   endfacet
   facet normal 2.425356e-01 9.701425e-01 2.777836e-08
      outer loop
         vertex 3.000000e+02 1.500000e+02 -1.200000e+02
         vertex 1.819017e+01 2.204525e+02 -4.500000e+01
         vertex 2.286800e+02 1.678300e+02 -4.500000e+01
      endloop
   endfacet
   facet normal 2.425346e-01 9.701428e-01 -1.004577e-06
      outer loop
         vertex 3.000000e+02 1.500000e+02 -1.200000e+02
         vertex 2.286800e+02 1.678300e+02 -4.500000e+01
         vertex 2.300302e+02 1.674924e+02 -4.289042e+01
      endloop
   endfacet
   facet normal 2.425377e-01 9.701420e-01 2.032989e-06
      outer loop
         vertex 2.300302e+02 1.674924e+02 -4.289042e+01
         vertex 2.315570e+02 1.671107e+02 -4.101761e+01
         vertex 3.000000e+02 1.500000e+02 -1.200000e+02
      endloop
   endfacet
   facet normal 2.425406e-01 9.701413e-01 4.660639e-06
      outer loop
         vertex 3.000000e+02 1.500000e+02 -1.200000e+02
         vertex 2.315570e+02 1.671107e+02 -4.101761e+01
         vertex 2.323025e+02 1.669244e+02 -4.031013e+01
      endloop
   endfacet
   facet normal 2.425327e-01 9.701432e-01 -2.465232e-06
      outer loop
         vertex 3.000000e+02 1.500000e+02 -1.200000e+02
         vertex 2.323025e+02 1.669244e+02 -4.031013e+01
         vertex 2.330291e+02 1.667427e+02 -3.976229e+01
      endloop
   endfacet
   facet normal 0.000000e+00 0.000000e+00 1.000000e+00
      outer loop
         vertex 1.819017e+01 -2.204525e+02 -4.500000e+01
         vertex 2.275282e+02 -1.670038e+02 -4.500000e+01
         vertex 2.270711e+02 -1.665622e+02 -4.500000e+01
      endloop
   endfacet
   facet normal 0.000000e+00 0.000000e+00 1.000000e+00
      outer loop
         vertex 2.286800e+02 -1.678300e+02 -4.500000e+01
         vertex 2.285463e+02 -1.677514e+02 -4.500000e+01
         vertex 1.819017e+01 -2.204525e+02 -4.500000e+01
      endloop
   endfacet
   facet normal 0.000000e+00 0.000000e+00 1.000000e+00
      outer loop
         vertex 1.819017e+01 -2.204525e+02 -4.500000e+01
         vertex 2.285463e+02 -1.677514e+02 -4.500000e+01
         vertex 2.280211e+02 -1.674012e+02 -4.500000e+01
      endloop
   endfacet
   facet normal 0.000000e+00 0.000000e+00 1.000000e+00
      outer loop
         vertex 1.819017e+01 -2.204525e+02 -4.500000e+01
         vertex 2.280211e+02 -1.674012e+02 -4.500000e+01
         vertex 2.275282e+02 -1.670038e+02 -4.500000e+01
      endloop
   endfacet
   facet normal 0.000000e+00 0.000000e+00 1.000000e+00
      outer loop
         vertex 2.286800e+02 1.678300e+02 -4.500000e+01
         vertex 1.819017e+01 2.204525e+02 -4.500000e+01
         vertex 2.285462e+02 1.677513e+02 -4.500000e+01
      endloop
   endfacet
   facet normal 0.000000e+00 0.000000e+00 1.000000e+00
      outer loop
         vertex 2.285462e+02 1.677513e+02 -4.500000e+01
         vertex 1.819017e+01 2.204525e+02 -4.500000e+01
         vertex 2.280211e+02 1.674012e+02 -4.500000e+01
      endloop
   endfacet
   facet normal -0.000000e+00 0.000000e+00 1.000000e+00
      outer loop
         vertex -2.275282e+02 1.670038e+02 -4.500000e+01
         vertex -2.270711e+02 1.665622e+02 -4.500000e+01
         vertex -1.819017e+01 2.204525e+02 -4.500000e+01
      endloop
   endfacet
   facet normal 0.000000e+00 0.000000e+00 1.000000e+00
      outer loop
         vertex -1.819017e+01 2.204525e+02 -4.500000e+01
         vertex -2.270711e+02 1.665622e+02 -4.500000e+01
         vertex -2.266530e+02 1.660793e+02 -4.500000e+01
      endloop
   endfacet
   facet normal 0.000000e+00 0.000000e+00 1.000000e+00
      outer loop
         vertex -1.819017e+01 2.204525e+02 -4.500000e+01
         vertex -2.266530e+02 1.660793e+02 -4.500000e+01
         vertex -2.259453e+02 1.650039e+02 -4.500000e+01
      endloop
   endfacet
   facet normal 0.000000e+00 -0.000000e+00 1.000000e+00
      outer loop
         vertex 2.266530e+02 1.660793e+02 -4.500000e+01
         vertex 2.270711e+02 1.665622e+02 -4.500000e+01
         vertex 1.819017e+01 2.204525e+02 -4.500000e+01
      endloop
   endfacet
   facet normal 0.000000e+00 0.000000e+00 1.000000e+00
      outer loop
         vertex 1.819017e+01 2.204525e+02 -4.500000e+01
         vertex 2.270711e+02 1.665622e+02 -4.500000e+01
         vertex 2.275282e+02 1.670038e+02 -4.500000e+01
      endloop
   endfacet
   facet normal 0.000000e+00 0.000000e+00 1.000000e+00
      outer loop
         vertex 1.819017e+01 2.204525e+02 -4.500000e+01
         vertex 2.275282e+02 1.670038e+02 -4.500000e+01
         vertex 2.280211e+02 1.674012e+02 -4.500000e+01
      endloop
   endfacet
   facet normal -0.000000e+00 0.000000e+00 1.000000e+00
      outer loop
         vertex -2.286800e+02 1.678300e+02 -4.500000e+01
         vertex -2.285463e+02 1.677514e+02 -4.500000e+01
         vertex -1.819017e+01 2.204525e+02 -4.500000e+01
      endloop
   endfacet
   facet normal 0.000000e+00 0.000000e+00 1.000000e+00
      outer loop
         vertex -1.819017e+01 2.204525e+02 -4.500000e+01
         vertex -2.285463e+02 1.677514e+02 -4.500000e+01
         vertex -2.280211e+02 1.674012e+02 -4.500000e+01
      endloop
   endfacet
   facet normal 0.000000e+00 0.000000e+00 1.000000e+00
      outer loop
         vertex -1.819017e+01 2.204525e+02 -4.500000e+01
         vertex -2.280211e+02 1.674012e+02 -4.500000e+01
         vertex -2.275282e+02 1.670038e+02 -4.500000e+01
      endloop
   endfacet
   facet normal -0.000000e+00 0.000000e+00 1.000000e+00
      outer loop
         vertex -2.286800e+02 -1.678300e+02 -4.500000e+01
         vertex -1.819017e+01 -2.204525e+02 -4.500000e+01
         vertex -2.285462e+02 -1.677513e+02 -4.500000e+01
      endloop
   endfacet
   facet normal -0.000000e+00 0.000000e+00 1.000000e+00
      outer loop
         vertex -2.285462e+02 -1.677513e+02 -4.500000e+01
         vertex -1.819017e+01 -2.204525e+02 -4.500000e+01
         vertex -2.280211e+02 -1.674012e+02 -4.500000e+01
      endloop
   endfacet
   facet normal 0.000000e+00 0.000000e+00 1.000000e+00
      outer loop
         vertex -2.266530e+02 -1.660793e+02 -4.500000e+01
         vertex -2.270711e+02 -1.665622e+02 -4.500000e+01
         vertex -1.819017e+01 -2.204525e+02 -4.500000e+01
      endloop
   endfacet
   facet normal 0.000000e+00 0.000000e+00 1.000000e+00
      outer loop
         vertex -1.819017e+01 -2.204525e+02 -4.500000e+01
         vertex -2.270711e+02 -1.665622e+02 -4.500000e+01
         vertex -2.275282e+02 -1.670038e+02 -4.500000e+01
      endloop
   endfacet
   facet normal 0.000000e+00 0.000000e+00 1.000000e+00
      outer loop
         vertex -1.819017e+01 -2.204525e+02 -4.500000e+01
         vertex -2.275282e+02 -1.670038e+02 -4.500000e+01
         vertex -2.280211e+02 -1.674012e+02 -4.500000e+01
      endloop
   endfacet
   facet normal 0.000000e+00 0.000000e+00 1.000000e+00
      outer loop
         vertex -2.251070e+02 -1.625246e+02 -4.500000e+01
         vertex -2.254251e+02 -1.638077e+02 -4.500000e+01
         vertex -1.819017e+01 -2.204525e+02 -4.500000e+01
      endloop
   endfacet
   facet normal 0.000000e+00 0.000000e+00 1.000000e+00
      outer loop
         vertex -1.819017e+01 -2.204525e+02 -4.500000e+01
         vertex -2.254251e+02 -1.638077e+02 -4.500000e+01
         vertex -2.259453e+02 -1.650039e+02 -4.500000e+01
      endloop
   endfacet
   facet normal 0.000000e+00 0.000000e+00 1.000000e+00
      outer loop
         vertex -1.819017e+01 -2.204525e+02 -4.500000e+01
         vertex -2.259453e+02 -1.650039e+02 -4.500000e+01
         vertex -2.266530e+02 -1.660793e+02 -4.500000e+01
      endloop
   endfacet
   facet normal -0.000000e+00 0.000000e+00 1.000000e+00
      outer loop
         vertex -9.163745e+00 -2.221298e+02 -4.500000e+01
         vertex -2.353510e-14 -2.226918e+02 -4.500000e+01
         vertex 9.163745e+00 -2.221298e+02 -4.500000e+01
      endloop
   endfacet
   facet normal 0.000000e+00 0.000000e+00 1.000000e+00
      outer loop
         vertex 2.270711e+02 -1.665622e+02 -4.500000e+01
         vertex 2.266530e+02 -1.660793e+02 -4.500000e+01
         vertex 1.819017e+01 -2.204525e+02 -4.500000e+01
      endloop
   endfacet
   facet normal 0.000000e+00 0.000000e+00 1.000000e+00
      outer loop
         vertex 1.819017e+01 -2.204525e+02 -4.500000e+01
         vertex 2.266530e+02 -1.660793e+02 -4.500000e+01
         vertex 2.259453e+02 -1.650039e+02 -4.500000e+01
      endloop
   endfacet
   facet normal 0.000000e+00 0.000000e+00 1.000000e+00
      outer loop
         vertex 1.819017e+01 -2.204525e+02 -4.500000e+01
         vertex 2.259453e+02 -1.650039e+02 -4.500000e+01
         vertex 2.254251e+02 -1.638077e+02 -4.500000e+01
      endloop
   endfacet
   facet normal 0.000000e+00 -0.000000e+00 1.000000e+00
      outer loop
         vertex 2.251070e+02 1.625246e+02 -4.500000e+01
         vertex 2.254251e+02 1.638077e+02 -4.500000e+01
         vertex 1.819017e+01 2.204525e+02 -4.500000e+01
      endloop
   endfacet
   facet normal 0.000000e+00 0.000000e+00 1.000000e+00
      outer loop
         vertex 1.819017e+01 2.204525e+02 -4.500000e+01
         vertex 2.254251e+02 1.638077e+02 -4.500000e+01
         vertex 2.259453e+02 1.650039e+02 -4.500000e+01
      endloop
   endfacet
   facet normal 0.000000e+00 0.000000e+00 1.000000e+00
      outer loop
         vertex 1.819017e+01 2.204525e+02 -4.500000e+01
         vertex 2.259453e+02 1.650039e+02 -4.500000e+01
         vertex 2.266530e+02 1.660793e+02 -4.500000e+01
      endloop
   endfacet
   facet normal 0.000000e+00 0.000000e+00 1.000000e+00
      outer loop
         vertex 9.163745e+00 2.221298e+02 -4.500000e+01
         vertex -2.303100e-15 2.226918e+02 -4.500000e+01
         vertex -9.163745e+00 2.221298e+02 -4.500000e+01
      endloop
   endfacet
   facet normal 0.000000e+00 -0.000000e+00 1.000000e+00
      outer loop
         vertex -1.711060e+02 3.636969e+01 -4.500000e+01
         vertex -1.663669e+02 5.405590e+01 -4.500000e+01
         vertex -2.250000e+02 1.611906e+02 -4.500000e+01
      endloop
   endfacet
   facet normal 0.000000e+00 0.000000e+00 1.000000e+00
      outer loop
         vertex 1.711060e+02 3.636969e+01 -4.500000e+01
         vertex 1.739703e+02 1.828501e+01 -4.500000e+01
         vertex 2.251070e+02 -1.625246e+02 -4.500000e+01
      endloop
   endfacet
   facet normal 0.000000e+00 0.000000e+00 1.000000e+00
      outer loop
         vertex 2.251070e+02 -1.625246e+02 -4.500000e+01
         vertex 1.739703e+02 1.828501e+01 -4.500000e+01
         vertex 1.749286e+02 0.000000e+00 -4.500000e+01
      endloop
   endfacet
   facet normal 0.000000e+00 0.000000e+00 1.000000e+00
      outer loop
         vertex 2.251070e+02 -1.625246e+02 -4.500000e+01
         vertex 1.749286e+02 0.000000e+00 -4.500000e+01
         vertex 2.254251e+02 -1.638077e+02 -4.500000e+01
      endloop
   endfacet
   facet normal 0.000000e+00 0.000000e+00 1.000000e+00
      outer loop
         vertex -1.828501e+01 1.739703e+02 -4.500000e+01
         vertex 1.071129e-14 1.749286e+02 -4.500000e+01
         vertex -1.819017e+01 2.204525e+02 -4.500000e+01
      endloop
   endfacet
   facet normal -0.000000e+00 -0.000000e+00 1.000000e+00
      outer loop
         vertex 1.071129e-14 1.749286e+02 -4.500000e+01
         vertex 1.828501e+01 1.739703e+02 -4.500000e+01
         vertex -1.819017e+01 2.204525e+02 -4.500000e+01
      endloop
   endfacet
   facet normal 0.000000e+00 0.000000e+00 1.000000e+00
      outer loop
         vertex -1.819017e+01 2.204525e+02 -4.500000e+01
         vertex 1.828501e+01 1.739703e+02 -4.500000e+01
         vertex 3.636969e+01 1.711060e+02 -4.500000e+01
      endloop
   endfacet
   facet normal 0.000000e+00 0.000000e+00 1.000000e+00
      outer loop
         vertex -1.819017e+01 2.204525e+02 -4.500000e+01
         vertex 3.636969e+01 1.711060e+02 -4.500000e+01
         vertex 5.405590e+01 1.663669e+02 -4.500000e+01
      endloop
   endfacet
   facet normal 0.000000e+00 0.000000e+00 1.000000e+00
      outer loop
         vertex 9.163745e+00 2.221298e+02 -4.500000e+01
         vertex -9.163745e+00 2.221298e+02 -4.500000e+01
         vertex 1.819017e+01 2.204525e+02 -4.500000e+01
      endloop
   endfacet
   facet normal 0.000000e+00 0.000000e+00 1.000000e+00
      outer loop
         vertex 1.819017e+01 2.204525e+02 -4.500000e+01
         vertex -9.163745e+00 2.221298e+02 -4.500000e+01
         vertex -1.819017e+01 2.204525e+02 -4.500000e+01
      endloop
   endfacet
   facet normal 0.000000e+00 0.000000e+00 1.000000e+00
      outer loop
         vertex 1.819017e+01 2.204525e+02 -4.500000e+01
         vertex -1.819017e+01 2.204525e+02 -4.500000e+01
         vertex 2.251070e+02 1.625246e+02 -4.500000e+01
      endloop
   endfacet
   facet normal 0.000000e+00 0.000000e+00 1.000000e+00
      outer loop
         vertex 2.251070e+02 1.625246e+02 -4.500000e+01
         vertex -1.819017e+01 2.204525e+02 -4.500000e+01
         vertex 5.405590e+01 1.663669e+02 -4.500000e+01
      endloop
   endfacet
   facet normal 0.000000e+00 0.000000e+00 1.000000e+00
      outer loop
         vertex 2.251070e+02 1.625246e+02 -4.500000e+01
         vertex 5.405590e+01 1.663669e+02 -4.500000e+01
         vertex 7.114986e+01 1.598052e+02 -4.500000e+01
      endloop
   endfacet
   facet normal -0.000000e+00 0.000000e+00 1.000000e+00
      outer loop
         vertex 7.114986e+01 1.598052e+02 -4.500000e+01
         vertex 8.746428e+01 1.514926e+02 -4.500000e+01
         vertex 2.251070e+02 1.625246e+02 -4.500000e+01
      endloop
   endfacet
   facet normal 0.000000e+00 0.000000e+00 1.000000e+00
      outer loop
         vertex 2.251070e+02 1.625246e+02 -4.500000e+01
         vertex 8.746428e+01 1.514926e+02 -4.500000e+01
         vertex 1.028204e+02 1.415202e+02 -4.500000e+01
      endloop
   endfacet
   facet normal 0.000000e+00 0.000000e+00 1.000000e+00
      outer loop
         vertex 2.251070e+02 1.625246e+02 -4.500000e+01
         vertex 1.028204e+02 1.415202e+02 -4.500000e+01
         vertex 1.170501e+02 1.299973e+02 -4.500000e+01
      endloop
   endfacet
   facet normal 0.000000e+00 -0.000000e+00 1.000000e+00
      outer loop
         vertex -3.636969e+01 1.711060e+02 -4.500000e+01
         vertex -1.828501e+01 1.739703e+02 -4.500000e+01
         vertex -2.251070e+02 1.625246e+02 -4.500000e+01
      endloop
   endfacet
   facet normal 0.000000e+00 0.000000e+00 1.000000e+00
      outer loop
         vertex -2.251070e+02 1.625246e+02 -4.500000e+01
         vertex -1.828501e+01 1.739703e+02 -4.500000e+01
         vertex -1.819017e+01 2.204525e+02 -4.500000e+01
      endloop
   endfacet
   facet normal 0.000000e+00 -0.000000e+00 1.000000e+00
      outer loop
         vertex -2.251070e+02 1.625246e+02 -4.500000e+01
         vertex -1.819017e+01 2.204525e+02 -4.500000e+01
         vertex -2.254251e+02 1.638077e+02 -4.500000e+01
      endloop
   endfacet
   facet normal 0.000000e+00 -0.000000e+00 1.000000e+00
      outer loop
         vertex -2.254251e+02 1.638077e+02 -4.500000e+01
         vertex -1.819017e+01 2.204525e+02 -4.500000e+01
         vertex -2.259453e+02 1.650039e+02 -4.500000e+01
      endloop
   endfacet
   facet normal -0.000000e+00 0.000000e+00 1.000000e+00
      outer loop
         vertex 1.170501e+02 1.299973e+02 -4.500000e+01
         vertex 1.299973e+02 1.170501e+02 -4.500000e+01
         vertex 2.251070e+02 1.625246e+02 -4.500000e+01
      endloop
   endfacet
   facet normal 0.000000e+00 0.000000e+00 1.000000e+00
      outer loop
         vertex 2.251070e+02 1.625246e+02 -4.500000e+01
         vertex 1.299973e+02 1.170501e+02 -4.500000e+01
         vertex 1.415202e+02 1.028204e+02 -4.500000e+01
      endloop
   endfacet
   facet normal 0.000000e+00 0.000000e+00 1.000000e+00
      outer loop
         vertex 2.251070e+02 1.625246e+02 -4.500000e+01
         vertex 1.415202e+02 1.028204e+02 -4.500000e+01
         vertex 2.250000e+02 1.611906e+02 -4.500000e+01
      endloop
   endfacet
   facet normal 0.000000e+00 0.000000e+00 1.000000e+00
      outer loop
         vertex 2.250000e+02 1.611906e+02 -4.500000e+01
         vertex 1.415202e+02 1.028204e+02 -4.500000e+01
         vertex 1.514926e+02 8.746428e+01 -4.500000e+01
      endloop
   endfacet
   facet normal 0.000000e+00 0.000000e+00 1.000000e+00
      outer loop
         vertex 2.250000e+02 1.611906e+02 -4.500000e+01
         vertex 1.514926e+02 8.746428e+01 -4.500000e+01
         vertex 1.598052e+02 7.114986e+01 -4.500000e+01
      endloop
   endfacet
   facet normal 0.000000e+00 -0.000000e+00 1.000000e+00
      outer loop
         vertex -1.299973e+02 1.170501e+02 -4.500000e+01
         vertex -1.170501e+02 1.299973e+02 -4.500000e+01
         vertex -2.251070e+02 1.625246e+02 -4.500000e+01
      endloop
   endfacet
   facet normal 0.000000e+00 0.000000e+00 1.000000e+00
      outer loop
         vertex -2.251070e+02 1.625246e+02 -4.500000e+01
         vertex -1.170501e+02 1.299973e+02 -4.500000e+01
         vertex -1.028204e+02 1.415202e+02 -4.500000e+01
      endloop
   endfacet
   facet normal 0.000000e+00 0.000000e+00 1.000000e+00
      outer loop
         vertex -2.251070e+02 1.625246e+02 -4.500000e+01
         vertex -1.028204e+02 1.415202e+02 -4.500000e+01
         vertex -8.746428e+01 1.514926e+02 -4.500000e+01
      endloop
   endfacet
   facet normal -0.000000e+00 0.000000e+00 1.000000e+00
      outer loop
         vertex 1.598052e+02 7.114986e+01 -4.500000e+01
         vertex 1.663669e+02 5.405590e+01 -4.500000e+01
         vertex 2.250000e+02 1.611906e+02 -4.500000e+01
      endloop
   endfacet
   facet normal 0.000000e+00 0.000000e+00 1.000000e+00
      outer loop
         vertex 2.250000e+02 1.611906e+02 -4.500000e+01
         vertex 1.663669e+02 5.405590e+01 -4.500000e+01
         vertex 1.711060e+02 3.636969e+01 -4.500000e+01
      endloop
   endfacet
   facet normal 0.000000e+00 0.000000e+00 1.000000e+00
      outer loop
         vertex 2.250000e+02 1.611906e+02 -4.500000e+01
         vertex 1.711060e+02 3.636969e+01 -4.500000e+01
         vertex 2.250000e+02 -1.611906e+02 -4.500000e+01
      endloop
   endfacet
   facet normal 0.000000e+00 0.000000e+00 1.000000e+00
      outer loop
         vertex 2.250000e+02 -1.611906e+02 -4.500000e+01
         vertex 1.711060e+02 3.636969e+01 -4.500000e+01
         vertex 2.251070e+02 -1.625246e+02 -4.500000e+01
      endloop
   endfacet
   facet normal 0.000000e+00 0.000000e+00 1.000000e+00
      outer loop
         vertex 1.749286e+02 0.000000e+00 -4.500000e+01
         vertex 1.739703e+02 -1.828501e+01 -4.500000e+01
         vertex 2.254251e+02 -1.638077e+02 -4.500000e+01
      endloop
   endfacet
   facet normal 0.000000e+00 0.000000e+00 1.000000e+00
      outer loop
         vertex 2.254251e+02 -1.638077e+02 -4.500000e+01
         vertex 1.739703e+02 -1.828501e+01 -4.500000e+01
         vertex 1.711060e+02 -3.636969e+01 -4.500000e+01
      endloop
   endfacet
   facet normal 0.000000e+00 0.000000e+00 1.000000e+00
      outer loop
         vertex 2.254251e+02 -1.638077e+02 -4.500000e+01
         vertex 1.711060e+02 -3.636969e+01 -4.500000e+01
         vertex 1.663669e+02 -5.405590e+01 -4.500000e+01
      endloop
   endfacet
   facet normal 0.000000e+00 0.000000e+00 1.000000e+00
      outer loop
         vertex 1.663669e+02 -5.405590e+01 -4.500000e+01
         vertex 1.598052e+02 -7.114986e+01 -4.500000e+01
         vertex 2.254251e+02 -1.638077e+02 -4.500000e+01
      endloop
   endfacet
   facet normal 0.000000e+00 0.000000e+00 1.000000e+00
      outer loop
         vertex 2.254251e+02 -1.638077e+02 -4.500000e+01
         vertex 1.598052e+02 -7.114986e+01 -4.500000e+01
         vertex 1.514926e+02 -8.746428e+01 -4.500000e+01
      endloop
   endfacet
   facet normal 0.000000e+00 0.000000e+00 1.000000e+00
      outer loop
         vertex 2.254251e+02 -1.638077e+02 -4.500000e+01
         vertex 1.514926e+02 -8.746428e+01 -4.500000e+01
         vertex 1.415202e+02 -1.028204e+02 -4.500000e+01
      endloop
   endfacet
   facet normal 0.000000e+00 -0.000000e+00 1.000000e+00
      outer loop
         vertex -1.663669e+02 5.405590e+01 -4.500000e+01
         vertex -1.598052e+02 7.114986e+01 -4.500000e+01
         vertex -2.250000e+02 1.611906e+02 -4.500000e+01
      endloop
   endfacet
   facet normal 0.000000e+00 0.000000e+00 1.000000e+00
      outer loop
         vertex -2.250000e+02 1.611906e+02 -4.500000e+01
         vertex -1.598052e+02 7.114986e+01 -4.500000e+01
         vertex -1.514926e+02 8.746428e+01 -4.500000e+01
      endloop
   endfacet
   facet normal -0.000000e+00 -0.000000e+00 1.000000e+00
      outer loop
         vertex -2.250000e+02 1.611906e+02 -4.500000e+01
         vertex -1.514926e+02 8.746428e+01 -4.500000e+01
         vertex -2.251070e+02 1.625246e+02 -4.500000e+01
      endloop
   endfacet
   facet normal 0.000000e+00 0.000000e+00 1.000000e+00
      outer loop
         vertex -2.251070e+02 1.625246e+02 -4.500000e+01
         vertex -1.514926e+02 8.746428e+01 -4.500000e+01
         vertex -1.415202e+02 1.028204e+02 -4.500000e+01
      endloop
   endfacet
   facet normal 0.000000e+00 0.000000e+00 1.000000e+00
      outer loop
         vertex -2.251070e+02 1.625246e+02 -4.500000e+01
         vertex -1.415202e+02 1.028204e+02 -4.500000e+01
         vertex -1.299973e+02 1.170501e+02 -4.500000e+01
      endloop
   endfacet
   facet normal 0.000000e+00 -0.000000e+00 1.000000e+00
      outer loop
         vertex -8.746428e+01 1.514926e+02 -4.500000e+01
         vertex -7.114986e+01 1.598052e+02 -4.500000e+01
         vertex -2.251070e+02 1.625246e+02 -4.500000e+01
      endloop
   endfacet
   facet normal -0.000000e+00 0.000000e+00 1.000000e+00
      outer loop
         vertex -2.251070e+02 1.625246e+02 -4.500000e+01
         vertex -7.114986e+01 1.598052e+02 -4.500000e+01
         vertex -5.405590e+01 1.663669e+02 -4.500000e+01
      endloop
   endfacet
   facet normal 0.000000e+00 0.000000e+00 1.000000e+00
      outer loop
         vertex -2.251070e+02 1.625246e+02 -4.500000e+01
         vertex -5.405590e+01 1.663669e+02 -4.500000e+01
         vertex -3.636969e+01 1.711060e+02 -4.500000e+01
      endloop
   endfacet
   facet normal 0.000000e+00 0.000000e+00 1.000000e+00
      outer loop
         vertex 1.415202e+02 -1.028204e+02 -4.500000e+01
         vertex 1.299973e+02 -1.170501e+02 -4.500000e+01
         vertex 2.254251e+02 -1.638077e+02 -4.500000e+01
      endloop
   endfacet
   facet normal 0.000000e+00 0.000000e+00 1.000000e+00
      outer loop
         vertex 2.254251e+02 -1.638077e+02 -4.500000e+01
         vertex 1.299973e+02 -1.170501e+02 -4.500000e+01
         vertex 1.170501e+02 -1.299973e+02 -4.500000e+01
      endloop
   endfacet
   facet normal 0.000000e+00 0.000000e+00 1.000000e+00
      outer loop
         vertex 2.254251e+02 -1.638077e+02 -4.500000e+01
         vertex 1.170501e+02 -1.299973e+02 -4.500000e+01
         vertex 1.028204e+02 -1.415202e+02 -4.500000e+01
      endloop
   endfacet
   facet normal 0.000000e+00 0.000000e+00 1.000000e+00
      outer loop
         vertex 3.636969e+01 -1.711060e+02 -4.500000e+01
         vertex 1.828501e+01 -1.739703e+02 -4.500000e+01
         vertex 1.819017e+01 -2.204525e+02 -4.500000e+01
      endloop
   endfacet
   facet normal 0.000000e+00 -0.000000e+00 1.000000e+00
      outer loop
         vertex 1.819017e+01 -2.204525e+02 -4.500000e+01
         vertex 1.828501e+01 -1.739703e+02 -4.500000e+01
         vertex -3.213386e-14 -1.749286e+02 -4.500000e+01
      endloop
   endfacet
   facet normal 0.000000e+00 0.000000e+00 1.000000e+00
      outer loop
         vertex 1.028204e+02 -1.415202e+02 -4.500000e+01
         vertex 8.746428e+01 -1.514926e+02 -4.500000e+01
         vertex 2.254251e+02 -1.638077e+02 -4.500000e+01
      endloop
   endfacet
   facet normal 0.000000e+00 0.000000e+00 1.000000e+00
      outer loop
         vertex 2.254251e+02 -1.638077e+02 -4.500000e+01
         vertex 8.746428e+01 -1.514926e+02 -4.500000e+01
         vertex 7.114986e+01 -1.598052e+02 -4.500000e+01
      endloop
   endfacet
   facet normal 0.000000e+00 0.000000e+00 1.000000e+00
      outer loop
         vertex 2.254251e+02 -1.638077e+02 -4.500000e+01
         vertex 7.114986e+01 -1.598052e+02 -4.500000e+01
         vertex 1.819017e+01 -2.204525e+02 -4.500000e+01
      endloop
   endfacet
   facet normal 0.000000e+00 0.000000e+00 1.000000e+00
      outer loop
         vertex 1.819017e+01 -2.204525e+02 -4.500000e+01
         vertex 7.114986e+01 -1.598052e+02 -4.500000e+01
         vertex 5.405590e+01 -1.663669e+02 -4.500000e+01
      endloop
   endfacet
   facet normal 0.000000e+00 0.000000e+00 1.000000e+00
      outer loop
         vertex 1.819017e+01 -2.204525e+02 -4.500000e+01
         vertex 5.405590e+01 -1.663669e+02 -4.500000e+01
         vertex 3.636969e+01 -1.711060e+02 -4.500000e+01
      endloop
   endfacet
   facet normal 0.000000e+00 0.000000e+00 1.000000e+00
      outer loop
         vertex -7.114986e+01 -1.598052e+02 -4.500000e+01
         vertex -8.746428e+01 -1.514926e+02 -4.500000e+01
         vertex -2.251070e+02 -1.625246e+02 -4.500000e+01
      endloop
   endfacet
   facet normal 0.000000e+00 0.000000e+00 1.000000e+00
      outer loop
         vertex -2.251070e+02 -1.625246e+02 -4.500000e+01
         vertex -8.746428e+01 -1.514926e+02 -4.500000e+01
         vertex -1.028204e+02 -1.415202e+02 -4.500000e+01
      endloop
   endfacet
   facet normal 0.000000e+00 0.000000e+00 1.000000e+00
      outer loop
         vertex -2.251070e+02 -1.625246e+02 -4.500000e+01
         vertex -1.028204e+02 -1.415202e+02 -4.500000e+01
         vertex -1.170501e+02 -1.299973e+02 -4.500000e+01
      endloop
   endfacet
   facet normal 0.000000e+00 0.000000e+00 1.000000e+00
      outer loop
         vertex -1.170501e+02 -1.299973e+02 -4.500000e+01
         vertex -1.299973e+02 -1.170501e+02 -4.500000e+01
         vertex -2.251070e+02 -1.625246e+02 -4.500000e+01
      endloop
   endfacet
   facet normal 0.000000e+00 0.000000e+00 1.000000e+00
      outer loop
         vertex -2.251070e+02 -1.625246e+02 -4.500000e+01
         vertex -1.299973e+02 -1.170501e+02 -4.500000e+01
         vertex -1.415202e+02 -1.028204e+02 -4.500000e+01
      endloop
   endfacet
   facet normal 0.000000e+00 0.000000e+00 1.000000e+00
      outer loop
         vertex -2.251070e+02 -1.625246e+02 -4.500000e+01
         vertex -1.415202e+02 -1.028204e+02 -4.500000e+01
         vertex -2.250000e+02 -1.611906e+02 -4.500000e+01
      endloop
   endfacet
   facet normal 0.000000e+00 0.000000e+00 1.000000e+00
      outer loop
         vertex -2.250000e+02 -1.611906e+02 -4.500000e+01
         vertex -1.415202e+02 -1.028204e+02 -4.500000e+01
         vertex -1.514926e+02 -8.746428e+01 -4.500000e+01
      endloop
   endfacet
   facet normal 0.000000e+00 0.000000e+00 1.000000e+00
      outer loop
         vertex -1.514926e+02 -8.746428e+01 -4.500000e+01
         vertex -1.598052e+02 -7.114986e+01 -4.500000e+01
         vertex -2.250000e+02 -1.611906e+02 -4.500000e+01
      endloop
   endfacet
   facet normal 0.000000e+00 0.000000e+00 1.000000e+00
      outer loop
         vertex -2.250000e+02 -1.611906e+02 -4.500000e+01
         vertex -1.598052e+02 -7.114986e+01 -4.500000e+01
         vertex -1.663669e+02 -5.405590e+01 -4.500000e+01
      endloop
   endfacet
   facet normal 0.000000e+00 0.000000e+00 1.000000e+00
      outer loop
         vertex -2.250000e+02 -1.611906e+02 -4.500000e+01
         vertex -1.663669e+02 -5.405590e+01 -4.500000e+01
         vertex -1.711060e+02 -3.636969e+01 -4.500000e+01
      endloop
   endfacet
   facet normal 0.000000e+00 0.000000e+00 1.000000e+00
      outer loop
         vertex -3.213386e-14 -1.749286e+02 -4.500000e+01
         vertex -1.828501e+01 -1.739703e+02 -4.500000e+01
         vertex 1.819017e+01 -2.204525e+02 -4.500000e+01
      endloop
   endfacet
   facet normal 0.000000e+00 0.000000e+00 1.000000e+00
      outer loop
         vertex 1.819017e+01 -2.204525e+02 -4.500000e+01
         vertex -1.828501e+01 -1.739703e+02 -4.500000e+01
         vertex -3.636969e+01 -1.711060e+02 -4.500000e+01
      endloop
   endfacet
   facet normal 0.000000e+00 0.000000e+00 1.000000e+00
      outer loop
         vertex 1.819017e+01 -2.204525e+02 -4.500000e+01
         vertex -3.636969e+01 -1.711060e+02 -4.500000e+01
         vertex -5.405590e+01 -1.663669e+02 -4.500000e+01
      endloop
   endfacet
   facet normal 0.000000e+00 -0.000000e+00 1.000000e+00
      outer loop
         vertex -9.163745e+00 -2.221298e+02 -4.500000e+01
         vertex 9.163745e+00 -2.221298e+02 -4.500000e+01
         vertex -1.819017e+01 -2.204525e+02 -4.500000e+01
      endloop
   endfacet
   facet normal -0.000000e+00 0.000000e+00 1.000000e+00
      outer loop
         vertex -1.819017e+01 -2.204525e+02 -4.500000e+01
         vertex 9.163745e+00 -2.221298e+02 -4.500000e+01
         vertex 1.819017e+01 -2.204525e+02 -4.500000e+01
      endloop
   endfacet
   facet normal 0.000000e+00 -0.000000e+00 1.000000e+00
      outer loop
         vertex -1.819017e+01 -2.204525e+02 -4.500000e+01
         vertex 1.819017e+01 -2.204525e+02 -4.500000e+01
         vertex -2.251070e+02 -1.625246e+02 -4.500000e+01
      endloop
   endfacet
   facet normal 0.000000e+00 0.000000e+00 1.000000e+00
      outer loop
         vertex -2.251070e+02 -1.625246e+02 -4.500000e+01
         vertex 1.819017e+01 -2.204525e+02 -4.500000e+01
         vertex -5.405590e+01 -1.663669e+02 -4.500000e+01
      endloop
   endfacet
   facet normal -0.000000e+00 0.000000e+00 1.000000e+00
      outer loop
         vertex -2.251070e+02 -1.625246e+02 -4.500000e+01
         vertex -5.405590e+01 -1.663669e+02 -4.500000e+01
         vertex -7.114986e+01 -1.598052e+02 -4.500000e+01
      endloop
   endfacet
   facet normal 0.000000e+00 0.000000e+00 1.000000e+00
      outer loop
         vertex -1.711060e+02 -3.636969e+01 -4.500000e+01
         vertex -1.739703e+02 -1.828501e+01 -4.500000e+01
         vertex -2.250000e+02 -1.611906e+02 -4.500000e+01
      endloop
   endfacet
   facet normal 0.000000e+00 0.000000e+00 1.000000e+00
      outer loop
         vertex -2.250000e+02 -1.611906e+02 -4.500000e+01
         vertex -1.739703e+02 -1.828501e+01 -4.500000e+01
         vertex -1.749286e+02 2.142257e-14 -4.500000e+01
      endloop
   endfacet
   facet normal 0.000000e+00 0.000000e+00 1.000000e+00
      outer loop
         vertex -2.250000e+02 -1.611906e+02 -4.500000e+01
         vertex -1.749286e+02 2.142257e-14 -4.500000e+01
         vertex -2.250000e+02 1.611906e+02 -4.500000e+01
      endloop
   endfacet
   facet normal 0.000000e+00 0.000000e+00 1.000000e+00
      outer loop
         vertex -2.250000e+02 1.611906e+02 -4.500000e+01
         vertex -1.749286e+02 2.142257e-14 -4.500000e+01
         vertex -1.739703e+02 1.828501e+01 -4.500000e+01
      endloop
   endfacet
   facet normal 0.000000e+00 0.000000e+00 1.000000e+00
      outer loop
         vertex -2.250000e+02 1.611906e+02 -4.500000e+01
         vertex -1.739703e+02 1.828501e+01 -4.500000e+01
         vertex -1.711060e+02 3.636969e+01 -4.500000e+01
      endloop
   endfacet
   facet normal -9.986295e-01 -5.233605e-02 0.000000e+00
      outer loop
         vertex 1.749286e+02 -4.284514e-14 -9.000000e+01
         vertex 1.749286e+02 -4.284514e-14 -4.500000e+01
         vertex 1.739703e+02 1.828501e+01 -9.000000e+01
      endloop
   endfacet
   facet normal -9.986295e-01 -5.233605e-02 0.000000e+00
      outer loop
         vertex 1.739703e+02 1.828501e+01 -9.000000e+01
         vertex 1.749286e+02 -4.284514e-14 -4.500000e+01
         vertex 1.739703e+02 1.828501e+01 -4.500000e+01
      endloop
   endfacet
   facet normal -9.876883e-01 -1.564344e-01 0.000000e+00
      outer loop
         vertex 1.739703e+02 1.828501e+01 -9.000000e+01
         vertex 1.739703e+02 1.828501e+01 -4.500000e+01
         vertex 1.711060e+02 3.636969e+01 -9.000000e+01
      endloop
   endfacet
   facet normal -9.876883e-01 -1.564344e-01 0.000000e+00
      outer loop
         vertex 1.711060e+02 3.636969e+01 -9.000000e+01
         vertex 1.739703e+02 1.828501e+01 -4.500000e+01
         vertex 1.711060e+02 3.636969e+01 -4.500000e+01
      endloop
   endfacet
   facet normal -9.659259e-01 -2.588189e-01 0.000000e+00
      outer loop
         vertex 1.711060e+02 3.636969e+01 -9.000000e+01
         vertex 1.711060e+02 3.636969e+01 -4.500000e+01
         vertex 1.663669e+02 5.405590e+01 -9.000000e+01
      endloop
   endfacet
   facet normal -9.659259e-01 -2.588189e-01 0.000000e+00
      outer loop
         vertex 1.663669e+02 5.405590e+01 -9.000000e+01
         vertex 1.711060e+02 3.636969e+01 -4.500000e+01
         vertex 1.663669e+02 5.405590e+01 -4.500000e+01
      endloop
   endfacet
   facet normal -9.335804e-01 -3.583679e-01 0.000000e+00
      outer loop
         vertex 1.663669e+02 5.405590e+01 -9.000000e+01
         vertex 1.663669e+02 5.405590e+01 -4.500000e+01
         vertex 1.598052e+02 7.114986e+01 -9.000000e+01
      endloop
   endfacet
   facet normal -9.335804e-01 -3.583679e-01 0.000000e+00
      outer loop
         vertex 1.598052e+02 7.114986e+01 -9.000000e+01
         vertex 1.663669e+02 5.405590e+01 -4.500000e+01
         vertex 1.598052e+02 7.114986e+01 -4.500000e+01
      endloop
   endfacet
   facet normal -8.910066e-01 -4.539904e-01 0.000000e+00
      outer loop
         vertex 1.598052e+02 7.114986e+01 -9.000000e+01
         vertex 1.598052e+02 7.114986e+01 -4.500000e+01
         vertex 1.514926e+02 8.746428e+01 -9.000000e+01
      endloop
   endfacet
   facet normal -8.910066e-01 -4.539904e-01 0.000000e+00
      outer loop
         vertex 1.514926e+02 8.746428e+01 -9.000000e+01
         vertex 1.598052e+02 7.114986e+01 -4.500000e+01
         vertex 1.514926e+02 8.746428e+01 -4.500000e+01
      endloop
   endfacet
   facet normal -8.386703e-01 -5.446394e-01 0.000000e+00
      outer loop
         vertex 1.514926e+02 8.746428e+01 -9.000000e+01
         vertex 1.514926e+02 8.746428e+01 -4.500000e+01
         vertex 1.415202e+02 1.028204e+02 -9.000000e+01
      endloop
   endfacet
   facet normal -8.386703e-01 -5.446394e-01 0.000000e+00
      outer loop
         vertex 1.415202e+02 1.028204e+02 -9.000000e+01
         vertex 1.514926e+02 8.746428e+01 -4.500000e+01
         vertex 1.415202e+02 1.028204e+02 -4.500000e+01
      endloop
   endfacet
   facet normal -7.771461e-01 -6.293202e-01 0.000000e+00
      outer loop
         vertex 1.415202e+02 1.028204e+02 -9.000000e+01
         vertex 1.415202e+02 1.028204e+02 -4.500000e+01
         vertex 1.299973e+02 1.170501e+02 -9.000000e+01
      endloop
   endfacet
   facet normal -7.771461e-01 -6.293202e-01 0.000000e+00
      outer loop
         vertex 1.299973e+02 1.170501e+02 -9.000000e+01
         vertex 1.415202e+02 1.028204e+02 -4.500000e+01
         vertex 1.299973e+02 1.170501e+02 -4.500000e+01
      endloop
   endfacet
   facet normal -7.071068e-01 -7.071068e-01 0.000000e+00
      outer loop
         vertex 1.299973e+02 1.170501e+02 -9.000000e+01
         vertex 1.299973e+02 1.170501e+02 -4.500000e+01
         vertex 1.170501e+02 1.299973e+02 -9.000000e+01
      endloop
   endfacet
   facet normal -7.071068e-01 -7.071068e-01 0.000000e+00
      outer loop
         vertex 1.170501e+02 1.299973e+02 -9.000000e+01
         vertex 1.299973e+02 1.170501e+02 -4.500000e+01
         vertex 1.170501e+02 1.299973e+02 -4.500000e+01
      endloop
   endfacet
   facet normal -6.293202e-01 -7.771461e-01 0.000000e+00
      outer loop
         vertex 1.170501e+02 1.299973e+02 -9.000000e+01
         vertex 1.170501e+02 1.299973e+02 -4.500000e+01
         vertex 1.028204e+02 1.415202e+02 -9.000000e+01
      endloop
   endfacet
   facet normal -6.293202e-01 -7.771461e-01 0.000000e+00
      outer loop
         vertex 1.028204e+02 1.415202e+02 -9.000000e+01
         vertex 1.170501e+02 1.299973e+02 -4.500000e+01
         vertex 1.028204e+02 1.415202e+02 -4.500000e+01
      endloop
   endfacet
   facet normal -5.446394e-01 -8.386703e-01 0.000000e+00
      outer loop
         vertex 1.028204e+02 1.415202e+02 -9.000000e+01
         vertex 1.028204e+02 1.415202e+02 -4.500000e+01
         vertex 8.746428e+01 1.514926e+02 -9.000000e+01
      endloop
   endfacet
   facet normal -5.446394e-01 -8.386703e-01 0.000000e+00
      outer loop
         vertex 8.746428e+01 1.514926e+02 -9.000000e+01
         vertex 1.028204e+02 1.415202e+02 -4.500000e+01
         vertex 8.746428e+01 1.514926e+02 -4.500000e+01
      endloop
   endfacet
   facet normal -4.539904e-01 -8.910066e-01 0.000000e+00
      outer loop
         vertex 8.746428e+01 1.514926e+02 -9.000000e+01
         vertex 8.746428e+01 1.514926e+02 -4.500000e+01
         vertex 7.114986e+01 1.598052e+02 -9.000000e+01
      endloop
   endfacet
   facet normal -4.539904e-01 -8.910066e-01 0.000000e+00
      outer loop
         vertex 7.114986e+01 1.598052e+02 -9.000000e+01
         vertex 8.746428e+01 1.514926e+02 -4.500000e+01
         vertex 7.114986e+01 1.598052e+02 -4.500000e+01
      endloop
   endfacet
   facet normal -3.583679e-01 -9.335804e-01 0.000000e+00
      outer loop
         vertex 7.114986e+01 1.598052e+02 -9.000000e+01
         vertex 7.114986e+01 1.598052e+02 -4.500000e+01
         vertex 5.405590e+01 1.663669e+02 -9.000000e+01
      endloop
   endfacet
   facet normal -3.583679e-01 -9.335804e-01 0.000000e+00
      outer loop
         vertex 5.405590e+01 1.663669e+02 -9.000000e+01
         vertex 7.114986e+01 1.598052e+02 -4.500000e+01
         vertex 5.405590e+01 1.663669e+02 -4.500000e+01
      endloop
   endfacet
   facet normal -2.588189e-01 -9.659259e-01 0.000000e+00
      outer loop
         vertex 5.405590e+01 1.663669e+02 -9.000000e+01
         vertex 5.405590e+01 1.663669e+02 -4.500000e+01
         vertex 3.636969e+01 1.711060e+02 -9.000000e+01
      endloop
   endfacet
   facet normal -2.588189e-01 -9.659259e-01 0.000000e+00
      outer loop
         vertex 3.636969e+01 1.711060e+02 -9.000000e+01
         vertex 5.405590e+01 1.663669e+02 -4.500000e+01
         vertex 3.636969e+01 1.711060e+02 -4.500000e+01
      endloop
   endfacet
   facet normal -1.564344e-01 -9.876883e-01 0.000000e+00
      outer loop
         vertex 3.636969e+01 1.711060e+02 -9.000000e+01
         vertex 3.636969e+01 1.711060e+02 -4.500000e+01
         vertex 1.828501e+01 1.739703e+02 -9.000000e+01
      endloop
   endfacet
   facet normal -1.564344e-01 -9.876883e-01 0.000000e+00
      outer loop
         vertex 1.828501e+01 1.739703e+02 -9.000000e+01
         vertex 3.636969e+01 1.711060e+02 -4.500000e+01
         vertex 1.828501e+01 1.739703e+02 -4.500000e+01
      endloop
   endfacet
   facet normal -5.233605e-02 -9.986295e-01 0.000000e+00
      outer loop
         vertex 1.828501e+01 1.739703e+02 -9.000000e+01
         vertex 1.828501e+01 1.739703e+02 -4.500000e+01
         vertex 1.071129e-14 1.749286e+02 -9.000000e+01
      endloop
   endfacet
   facet normal -5.233605e-02 -9.986295e-01 0.000000e+00
      outer loop
         vertex 1.071129e-14 1.749286e+02 -9.000000e+01
         vertex 1.828501e+01 1.739703e+02 -4.500000e+01
         vertex 1.071129e-14 1.749286e+02 -4.500000e+01
      endloop
   endfacet
   facet normal 5.233605e-02 -9.986295e-01 0.000000e+00
      outer loop
         vertex 1.071129e-14 1.749286e+02 -9.000000e+01
         vertex 1.071129e-14 1.749286e+02 -4.500000e+01
         vertex -1.828501e+01 1.739703e+02 -9.000000e+01
      endloop
   endfacet
   facet normal 5.233605e-02 -9.986295e-01 0.000000e+00
      outer loop
         vertex -1.828501e+01 1.739703e+02 -9.000000e+01
         vertex 1.071129e-14 1.749286e+02 -4.500000e+01
         vertex -1.828501e+01 1.739703e+02 -4.500000e+01
      endloop
   endfacet
   facet normal 1.564344e-01 -9.876883e-01 0.000000e+00
      outer loop
         vertex -1.828501e+01 1.739703e+02 -9.000000e+01
         vertex -1.828501e+01 1.739703e+02 -4.500000e+01
         vertex -3.636969e+01 1.711060e+02 -9.000000e+01
      endloop
   endfacet
   facet normal 1.564344e-01 -9.876883e-01 0.000000e+00
      outer loop
         vertex -3.636969e+01 1.711060e+02 -9.000000e+01
         vertex -1.828501e+01 1.739703e+02 -4.500000e+01
         vertex -3.636969e+01 1.711060e+02 -4.500000e+01
      endloop
   endfacet
   facet normal 2.588189e-01 -9.659259e-01 0.000000e+00
      outer loop
         vertex -3.636969e+01 1.711060e+02 -9.000000e+01
         vertex -3.636969e+01 1.711060e+02 -4.500000e+01
         vertex -5.405590e+01 1.663669e+02 -9.000000e+01
      endloop
   endfacet
   facet normal 2.588189e-01 -9.659259e-01 0.000000e+00
      outer loop
         vertex -5.405590e+01 1.663669e+02 -9.000000e+01
         vertex -3.636969e+01 1.711060e+02 -4.500000e+01
         vertex -5.405590e+01 1.663669e+02 -4.500000e+01
      endloop
   endfacet
   facet normal 3.583679e-01 -9.335804e-01 0.000000e+00
      outer loop
         vertex -5.405590e+01 1.663669e+02 -9.000000e+01
         vertex -5.405590e+01 1.663669e+02 -4.500000e+01
         vertex -7.114986e+01 1.598052e+02 -9.000000e+01
      endloop
   endfacet
   facet normal 3.583679e-01 -9.335804e-01 0.000000e+00
      outer loop
         vertex -7.114986e+01 1.598052e+02 -9.000000e+01
         vertex -5.405590e+01 1.663669e+02 -4.500000e+01
         vertex -7.114986e+01 1.598052e+02 -4.500000e+01
      endloop
   endfacet
   facet normal 4.539904e-01 -8.910066e-01 0.000000e+00
      outer loop
         vertex -7.114986e+01 1.598052e+02 -9.000000e+01
         vertex -7.114986e+01 1.598052e+02 -4.500000e+01
         vertex -8.746428e+01 1.514926e+02 -9.000000e+01
      endloop
   endfacet
   facet normal 4.539904e-01 -8.910066e-01 0.000000e+00
      outer loop
         vertex -8.746428e+01 1.514926e+02 -9.000000e+01
         vertex -7.114986e+01 1.598052e+02 -4.500000e+01
         vertex -8.746428e+01 1.514926e+02 -4.500000e+01
      endloop
   endfacet
   facet normal 5.446394e-01 -8.386703e-01 0.000000e+00
      outer loop
         vertex -8.746428e+01 1.514926e+02 -9.000000e+01
         vertex -8.746428e+01 1.514926e+02 -4.500000e+01
         vertex -1.028204e+02 1.415202e+02 -9.000000e+01
      endloop
   endfacet
   facet normal 5.446394e-01 -8.386703e-01 0.000000e+00
      outer loop
         vertex -1.028204e+02 1.415202e+02 -9.000000e+01
         vertex -8.746428e+01 1.514926e+02 -4.500000e+01
         vertex -1.028204e+02 1.415202e+02 -4.500000e+01
      endloop
   endfacet
   facet normal 6.293202e-01 -7.771461e-01 0.000000e+00
      outer loop
         vertex -1.028204e+02 1.415202e+02 -9.000000e+01
         vertex -1.028204e+02 1.415202e+02 -4.500000e+01
         vertex -1.170501e+02 1.299973e+02 -9.000000e+01
      endloop
   endfacet
   facet normal 6.293202e-01 -7.771461e-01 0.000000e+00
      outer loop
         vertex -1.170501e+02 1.299973e+02 -9.000000e+01
         vertex -1.028204e+02 1.415202e+02 -4.500000e+01
         vertex -1.170501e+02 1.299973e+02 -4.500000e+01
      endloop
   endfacet
   facet normal 7.071068e-01 -7.071068e-01 0.000000e+00
      outer loop
         vertex -1.170501e+02 1.299973e+02 -9.000000e+01
         vertex -1.170501e+02 1.299973e+02 -4.500000e+01
         vertex -1.299973e+02 1.170501e+02 -9.000000e+01
      endloop
   endfacet
   facet normal 7.071068e-01 -7.071068e-01 0.000000e+00
      outer loop
         vertex -1.299973e+02 1.170501e+02 -9.000000e+01
         vertex -1.170501e+02 1.299973e+02 -4.500000e+01
         vertex -1.299973e+02 1.170501e+02 -4.500000e+01
      endloop
   endfacet
   facet normal 7.771461e-01 -6.293202e-01 0.000000e+00
      outer loop
         vertex -1.299973e+02 1.170501e+02 -9.000000e+01
         vertex -1.299973e+02 1.170501e+02 -4.500000e+01
         vertex -1.415202e+02 1.028204e+02 -9.000000e+01
      endloop
   endfacet
   facet normal 7.771461e-01 -6.293202e-01 0.000000e+00
      outer loop
         vertex -1.415202e+02 1.028204e+02 -9.000000e+01
         vertex -1.299973e+02 1.170501e+02 -4.500000e+01
         vertex -1.415202e+02 1.028204e+02 -4.500000e+01
      endloop
   endfacet
   facet normal 8.386703e-01 -5.446394e-01 0.000000e+00
      outer loop
         vertex -1.415202e+02 1.028204e+02 -9.000000e+01
         vertex -1.415202e+02 1.028204e+02 -4.500000e+01
         vertex -1.514926e+02 8.746428e+01 -9.000000e+01
      endloop
   endfacet
   facet normal 8.386703e-01 -5.446394e-01 0.000000e+00
      outer loop
         vertex -1.514926e+02 8.746428e+01 -9.000000e+01
         vertex -1.415202e+02 1.028204e+02 -4.500000e+01
         vertex -1.514926e+02 8.746428e+01 -4.500000e+01
      endloop
   endfacet
   facet normal 8.910066e-01 -4.539904e-01 0.000000e+00
      outer loop
         vertex -1.514926e+02 8.746428e+01 -9.000000e+01
         vertex -1.514926e+02 8.746428e+01 -4.500000e+01
         vertex -1.598052e+02 7.114986e+01 -9.000000e+01
      endloop
   endfacet
   facet normal 8.910066e-01 -4.539904e-01 0.000000e+00
      outer loop
         vertex -1.598052e+02 7.114986e+01 -9.000000e+01
         vertex -1.514926e+02 8.746428e+01 -4.500000e+01
         vertex -1.598052e+02 7.114986e+01 -4.500000e+01
      endloop
   endfacet
   facet normal 9.335804e-01 -3.583679e-01 0.000000e+00
      outer loop
         vertex -1.598052e+02 7.114986e+01 -9.000000e+01
         vertex -1.598052e+02 7.114986e+01 -4.500000e+01
         vertex -1.663669e+02 5.405590e+01 -9.000000e+01
      endloop
   endfacet
   facet normal 9.335804e-01 -3.583679e-01 0.000000e+00
      outer loop
         vertex -1.663669e+02 5.405590e+01 -9.000000e+01
         vertex -1.598052e+02 7.114986e+01 -4.500000e+01
         vertex -1.663669e+02 5.405590e+01 -4.500000e+01
      endloop
   endfacet
   facet normal 9.659259e-01 -2.588189e-01 0.000000e+00
      outer loop
         vertex -1.663669e+02 5.405590e+01 -9.000000e+01
         vertex -1.663669e+02 5.405590e+01 -4.500000e+01
         vertex -1.711060e+02 3.636969e+01 -9.000000e+01
      endloop
   endfacet
   facet normal 9.659259e-01 -2.588189e-01 0.000000e+00
      outer loop
         vertex -1.711060e+02 3.636969e+01 -9.000000e+01
         vertex -1.663669e+02 5.405590e+01 -4.500000e+01
         vertex -1.711060e+02 3.636969e+01 -4.500000e+01
      endloop
   endfacet
   facet normal 9.876883e-01 -1.564344e-01 0.000000e+00
      outer loop
         vertex -1.711060e+02 3.636969e+01 -9.000000e+01
         vertex -1.711060e+02 3.636969e+01 -4.500000e+01
         vertex -1.739703e+02 1.828501e+01 -9.000000e+01
      endloop
   endfacet
   facet normal 9.876883e-01 -1.564344e-01 0.000000e+00
      outer loop
         vertex -1.739703e+02 1.828501e+01 -9.000000e+01
         vertex -1.711060e+02 3.636969e+01 -4.500000e+01
         vertex -1.739703e+02 1.828501e+01 -4.500000e+01
      endloop
   endfacet
   facet normal 9.986295e-01 -5.233605e-02 0.000000e+00
      outer loop
         vertex -1.739703e+02 1.828501e+01 -9.000000e+01
         vertex -1.739703e+02 1.828501e+01 -4.500000e+01
         vertex -1.749286e+02 2.142257e-14 -9.000000e+01
      endloop
   endfacet
   facet normal 9.986295e-01 -5.233605e-02 0.000000e+00
      outer loop
         vertex -1.749286e+02 2.142257e-14 -9.000000e+01
         vertex -1.739703e+02 1.828501e+01 -4.500000e+01
         vertex -1.749286e+02 2.142257e-14 -4.500000e+01
      endloop
   endfacet
   facet normal 9.986295e-01 5.233605e-02 -0.000000e+00
      outer loop
         vertex -1.749286e+02 2.142257e-14 -9.000000e+01
         vertex -1.749286e+02 2.142257e-14 -4.500000e+01
         vertex -1.739703e+02 -1.828501e+01 -9.000000e+01
      endloop
   endfacet
   facet normal 9.986295e-01 5.233605e-02 -0.000000e+00
      outer loop
         vertex -1.739703e+02 -1.828501e+01 -9.000000e+01
         vertex -1.749286e+02 2.142257e-14 -4.500000e+01
         vertex -1.739703e+02 -1.828501e+01 -4.500000e+01
      endloop
   endfacet
   facet normal 9.876883e-01 1.564344e-01 -0.000000e+00
      outer loop
         vertex -1.739703e+02 -1.828501e+01 -9.000000e+01
         vertex -1.739703e+02 -1.828501e+01 -4.500000e+01
         vertex -1.711060e+02 -3.636969e+01 -9.000000e+01
      endloop
   endfacet
   facet normal 9.876883e-01 1.564344e-01 -0.000000e+00
      outer loop
         vertex -1.711060e+02 -3.636969e+01 -9.000000e+01
         vertex -1.739703e+02 -1.828501e+01 -4.500000e+01
         vertex -1.711060e+02 -3.636969e+01 -4.500000e+01
      endloop
   endfacet
   facet normal 9.659259e-01 2.588189e-01 -0.000000e+00
      outer loop
         vertex -1.711060e+02 -3.636969e+01 -9.000000e+01
         vertex -1.711060e+02 -3.636969e+01 -4.500000e+01
         vertex -1.663669e+02 -5.405590e+01 -9.000000e+01
      endloop
   endfacet
   facet normal 9.659259e-01 2.588189e-01 -0.000000e+00
      outer loop
         vertex -1.663669e+02 -5.405590e+01 -9.000000e+01
         vertex -1.711060e+02 -3.636969e+01 -4.500000e+01
         vertex -1.663669e+02 -5.405590e+01 -4.500000e+01
      endloop
   endfacet
   facet normal 9.335804e-01 3.583679e-01 -0.000000e+00
      outer loop
         vertex -1.663669e+02 -5.405590e+01 -9.000000e+01
         vertex -1.663669e+02 -5.405590e+01 -4.500000e+01
         vertex -1.598052e+02 -7.114986e+01 -9.000000e+01
      endloop
   endfacet
   facet normal 9.335804e-01 3.583679e-01 -0.000000e+00
      outer loop
         vertex -1.598052e+02 -7.114986e+01 -9.000000e+01
         vertex -1.663669e+02 -5.405590e+01 -4.500000e+01
         vertex -1.598052e+02 -7.114986e+01 -4.500000e+01
      endloop
   endfacet
   facet normal 8.910066e-01 4.539904e-01 -0.000000e+00
      outer loop
         vertex -1.598052e+02 -7.114986e+01 -9.000000e+01
         vertex -1.598052e+02 -7.114986e+01 -4.500000e+01
         vertex -1.514926e+02 -8.746428e+01 -9.000000e+01
      endloop
   endfacet
   facet normal 8.910066e-01 4.539904e-01 -0.000000e+00
      outer loop
         vertex -1.514926e+02 -8.746428e+01 -9.000000e+01
         vertex -1.598052e+02 -7.114986e+01 -4.500000e+01
         vertex -1.514926e+02 -8.746428e+01 -4.500000e+01
      endloop
   endfacet
   facet normal 8.386703e-01 5.446394e-01 -0.000000e+00
      outer loop
         vertex -1.514926e+02 -8.746428e+01 -9.000000e+01
         vertex -1.514926e+02 -8.746428e+01 -4.500000e+01
         vertex -1.415202e+02 -1.028204e+02 -9.000000e+01
      endloop
   endfacet
   facet normal 8.386703e-01 5.446394e-01 -0.000000e+00
      outer loop
         vertex -1.415202e+02 -1.028204e+02 -9.000000e+01
         vertex -1.514926e+02 -8.746428e+01 -4.500000e+01
         vertex -1.415202e+02 -1.028204e+02 -4.500000e+01
      endloop
   endfacet
   facet normal 7.771461e-01 6.293202e-01 -0.000000e+00
      outer loop
         vertex -1.415202e+02 -1.028204e+02 -9.000000e+01
         vertex -1.415202e+02 -1.028204e+02 -4.500000e+01
         vertex -1.299973e+02 -1.170501e+02 -9.000000e+01
      endloop
   endfacet
   facet normal 7.771461e-01 6.293202e-01 -0.000000e+00
      outer loop
         vertex -1.299973e+02 -1.170501e+02 -9.000000e+01
         vertex -1.415202e+02 -1.028204e+02 -4.500000e+01
         vertex -1.299973e+02 -1.170501e+02 -4.500000e+01
      endloop
   endfacet
   facet normal 7.071068e-01 7.071068e-01 -0.000000e+00
      outer loop
         vertex -1.299973e+02 -1.170501e+02 -9.000000e+01
         vertex -1.299973e+02 -1.170501e+02 -4.500000e+01
         vertex -1.170501e+02 -1.299973e+02 -9.000000e+01
      endloop
   endfacet
   facet normal 7.071068e-01 7.071068e-01 -0.000000e+00
      outer loop
         vertex -1.170501e+02 -1.299973e+02 -9.000000e+01
         vertex -1.299973e+02 -1.170501e+02 -4.500000e+01
         vertex -1.170501e+02 -1.299973e+02 -4.500000e+01
      endloop
   endfacet
   facet normal 6.293202e-01 7.771461e-01 -0.000000e+00
      outer loop
         vertex -1.170501e+02 -1.299973e+02 -9.000000e+01
         vertex -1.170501e+02 -1.299973e+02 -4.500000e+01
         vertex -1.028204e+02 -1.415202e+02 -9.000000e+01
      endloop
   endfacet
   facet normal 6.293202e-01 7.771461e-01 -0.000000e+00
      outer loop
         vertex -1.028204e+02 -1.415202e+02 -9.000000e+01
         vertex -1.170501e+02 -1.299973e+02 -4.500000e+01
         vertex -1.028204e+02 -1.415202e+02 -4.500000e+01
      endloop
   endfacet
   facet normal 5.446394e-01 8.386703e-01 -0.000000e+00
      outer loop
         vertex -1.028204e+02 -1.415202e+02 -9.000000e+01
         vertex -1.028204e+02 -1.415202e+02 -4.500000e+01
         vertex -8.746428e+01 -1.514926e+02 -9.000000e+01
      endloop
   endfacet
   facet normal 5.446394e-01 8.386703e-01 -0.000000e+00
      outer loop
         vertex -8.746428e+01 -1.514926e+02 -9.000000e+01
         vertex -1.028204e+02 -1.415202e+02 -4.500000e+01
         vertex -8.746428e+01 -1.514926e+02 -4.500000e+01
      endloop
   endfacet
   facet normal 4.539904e-01 8.910066e-01 -0.000000e+00
      outer loop
         vertex -8.746428e+01 -1.514926e+02 -9.000000e+01
         vertex -8.746428e+01 -1.514926e+02 -4.500000e+01
         vertex -7.114986e+01 -1.598052e+02 -9.000000e+01
      endloop
   endfacet
   facet normal 4.539904e-01 8.910066e-01 -0.000000e+00
      outer loop
         vertex -7.114986e+01 -1.598052e+02 -9.000000e+01
         vertex -8.746428e+01 -1.514926e+02 -4.500000e+01
         vertex -7.114986e+01 -1.598052e+02 -4.500000e+01
      endloop
   endfacet
   facet normal 3.583679e-01 9.335804e-01 -0.000000e+00
      outer loop
         vertex -7.114986e+01 -1.598052e+02 -9.000000e+01
         vertex -7.114986e+01 -1.598052e+02 -4.500000e+01
         vertex -5.405590e+01 -1.663669e+02 -9.000000e+01
      endloop
   endfacet
   facet normal 3.583679e-01 9.335804e-01 -0.000000e+00
      outer loop
         vertex -5.405590e+01 -1.663669e+02 -9.000000e+01
         vertex -7.114986e+01 -1.598052e+02 -4.500000e+01
         vertex -5.405590e+01 -1.663669e+02 -4.500000e+01
      endloop
   endfacet
   facet normal 2.588189e-01 9.659259e-01 -0.000000e+00
      outer loop
         vertex -5.405590e+01 -1.663669e+02 -9.000000e+01
         vertex -5.405590e+01 -1.663669e+02 -4.500000e+01
         vertex -3.636969e+01 -1.711060e+02 -9.000000e+01
      endloop
   endfacet
   facet normal 2.588189e-01 9.659259e-01 -0.000000e+00
      outer loop
         vertex -3.636969e+01 -1.711060e+02 -9.000000e+01
         vertex -5.405590e+01 -1.663669e+02 -4.500000e+01
         vertex -3.636969e+01 -1.711060e+02 -4.500000e+01
      endloop
   endfacet
   facet normal 1.564344e-01 9.876883e-01 -0.000000e+00
      outer loop
         vertex -3.636969e+01 -1.711060e+02 -9.000000e+01
         vertex -3.636969e+01 -1.711060e+02 -4.500000e+01
         vertex -1.828501e+01 -1.739703e+02 -9.000000e+01
      endloop
   endfacet
   facet normal 1.564344e-01 9.876883e-01 -0.000000e+00
      outer loop
         vertex -1.828501e+01 -1.739703e+02 -9.000000e+01
         vertex -3.636969e+01 -1.711060e+02 -4.500000e+01
         vertex -1.828501e+01 -1.739703e+02 -4.500000e+01
      endloop
   endfacet
   facet normal 5.233605e-02 9.986295e-01 -0.000000e+00
      outer loop
         vertex -1.828501e+01 -1.739703e+02 -9.000000e+01
         vertex -1.828501e+01 -1.739703e+02 -4.500000e+01
         vertex -3.213386e-14 -1.749286e+02 -9.000000e+01
      endloop
   endfacet
   facet normal 5.233605e-02 9.986295e-01 -0.000000e+00
      outer loop
         vertex -3.213386e-14 -1.749286e+02 -9.000000e+01
         vertex -1.828501e+01 -1.739703e+02 -4.500000e+01
         vertex -3.213386e-14 -1.749286e+02 -4.500000e+01
      endloop
   endfacet
   facet normal -5.233605e-02 9.986295e-01 0.000000e+00
      outer loop
         vertex -3.213386e-14 -1.749286e+02 -9.000000e+01
         vertex -3.213386e-14 -1.749286e+02 -4.500000e+01
         vertex 1.828501e+01 -1.739703e+02 -9.000000e+01
      endloop
   endfacet
   facet normal -5.233605e-02 9.986295e-01 0.000000e+00
      outer loop
         vertex 1.828501e+01 -1.739703e+02 -9.000000e+01
         vertex -3.213386e-14 -1.749286e+02 -4.500000e+01
         vertex 1.828501e+01 -1.739703e+02 -4.500000e+01
      endloop
   endfacet
   facet normal -1.564344e-01 9.876883e-01 0.000000e+00
      outer loop
         vertex 1.828501e+01 -1.739703e+02 -9.000000e+01
         vertex 1.828501e+01 -1.739703e+02 -4.500000e+01
         vertex 3.636969e+01 -1.711060e+02 -9.000000e+01
      endloop
   endfacet
   facet normal -1.564344e-01 9.876883e-01 0.000000e+00
      outer loop
         vertex 3.636969e+01 -1.711060e+02 -9.000000e+01
         vertex 1.828501e+01 -1.739703e+02 -4.500000e+01
         vertex 3.636969e+01 -1.711060e+02 -4.500000e+01
      endloop
   endfacet
   facet normal -2.588189e-01 9.659259e-01 0.000000e+00
      outer loop
         vertex 3.636969e+01 -1.711060e+02 -9.000000e+01
         vertex 3.636969e+01 -1.711060e+02 -4.500000e+01
         vertex 5.405590e+01 -1.663669e+02 -9.000000e+01
      endloop
   endfacet
   facet normal -2.588189e-01 9.659259e-01 0.000000e+00
      outer loop
         vertex 5.405590e+01 -1.663669e+02 -9.000000e+01
         vertex 3.636969e+01 -1.711060e+02 -4.500000e+01
         vertex 5.405590e+01 -1.663669e+02 -4.500000e+01
      endloop
   endfacet
   facet normal -3.583679e-01 9.335804e-01 0.000000e+00
      outer loop
         vertex 5.405590e+01 -1.663669e+02 -9.000000e+01
         vertex 5.405590e+01 -1.663669e+02 -4.500000e+01
         vertex 7.114986e+01 -1.598052e+02 -9.000000e+01
      endloop
   endfacet
   facet normal -3.583679e-01 9.335804e-01 0.000000e+00
      outer loop
         vertex 7.114986e+01 -1.598052e+02 -9.000000e+01
         vertex 5.405590e+01 -1.663669e+02 -4.500000e+01
         vertex 7.114986e+01 -1.598052e+02 -4.500000e+01
      endloop
   endfacet
   facet normal -4.539904e-01 8.910066e-01 0.000000e+00
      outer loop
         vertex 7.114986e+01 -1.598052e+02 -9.000000e+01
         vertex 7.114986e+01 -1.598052e+02 -4.500000e+01
         vertex 8.746428e+01 -1.514926e+02 -9.000000e+01
      endloop
   endfacet
   facet normal -4.539904e-01 8.910066e-01 0.000000e+00
      outer loop
         vertex 8.746428e+01 -1.514926e+02 -9.000000e+01
         vertex 7.114986e+01 -1.598052e+02 -4.500000e+01
         vertex 8.746428e+01 -1.514926e+02 -4.500000e+01
      endloop
   endfacet
   facet normal -5.446394e-01 8.386703e-01 0.000000e+00
      outer loop
         vertex 8.746428e+01 -1.514926e+02 -9.000000e+01
         vertex 8.746428e+01 -1.514926e+02 -4.500000e+01
         vertex 1.028204e+02 -1.415202e+02 -9.000000e+01
      endloop
   endfacet
   facet normal -5.446394e-01 8.386703e-01 0.000000e+00
      outer loop
         vertex 1.028204e+02 -1.415202e+02 -9.000000e+01
         vertex 8.746428e+01 -1.514926e+02 -4.500000e+01
         vertex 1.028204e+02 -1.415202e+02 -4.500000e+01
      endloop
   endfacet
   facet normal -6.293202e-01 7.771461e-01 0.000000e+00
      outer loop
         vertex 1.028204e+02 -1.415202e+02 -9.000000e+01
         vertex 1.028204e+02 -1.415202e+02 -4.500000e+01
         vertex 1.170501e+02 -1.299973e+02 -9.000000e+01
      endloop
   endfacet
   facet normal -6.293202e-01 7.771461e-01 0.000000e+00
      outer loop
         vertex 1.170501e+02 -1.299973e+02 -9.000000e+01
         vertex 1.028204e+02 -1.415202e+02 -4.500000e+01
         vertex 1.170501e+02 -1.299973e+02 -4.500000e+01
      endloop
   endfacet
   facet normal -7.071068e-01 7.071068e-01 0.000000e+00
      outer loop
         vertex 1.170501e+02 -1.299973e+02 -9.000000e+01
         vertex 1.170501e+02 -1.299973e+02 -4.500000e+01
         vertex 1.299973e+02 -1.170501e+02 -9.000000e+01
      endloop
   endfacet
   facet normal -7.071068e-01 7.071068e-01 0.000000e+00
      outer loop
         vertex 1.299973e+02 -1.170501e+02 -9.000000e+01
         vertex 1.170501e+02 -1.299973e+02 -4.500000e+01
         vertex 1.299973e+02 -1.170501e+02 -4.500000e+01
      endloop
   endfacet
   facet normal -7.771461e-01 6.293202e-01 0.000000e+00
      outer loop
         vertex 1.299973e+02 -1.170501e+02 -9.000000e+01
         vertex 1.299973e+02 -1.170501e+02 -4.500000e+01
         vertex 1.415202e+02 -1.028204e+02 -9.000000e+01
      endloop
   endfacet
   facet normal -7.771461e-01 6.293202e-01 0.000000e+00
      outer loop
         vertex 1.415202e+02 -1.028204e+02 -9.000000e+01
         vertex 1.299973e+02 -1.170501e+02 -4.500000e+01
         vertex 1.415202e+02 -1.028204e+02 -4.500000e+01
      endloop
   endfacet
   facet normal -8.386703e-01 5.446394e-01 0.000000e+00
      outer loop
         vertex 1.415202e+02 -1.028204e+02 -9.000000e+01
         vertex 1.415202e+02 -1.028204e+02 -4.500000e+01
         vertex 1.514926e+02 -8.746428e+01 -9.000000e+01
      endloop
   endfacet
   facet normal -8.386703e-01 5.446394e-01 0.000000e+00
      outer loop
         vertex 1.514926e+02 -8.746428e+01 -9.000000e+01
         vertex 1.415202e+02 -1.028204e+02 -4.500000e+01
         vertex 1.514926e+02 -8.746428e+01 -4.500000e+01
      endloop
   endfacet
   facet normal -8.910066e-01 4.539904e-01 0.000000e+00
      outer loop
         vertex 1.514926e+02 -8.746428e+01 -9.000000e+01
         vertex 1.514926e+02 -8.746428e+01 -4.500000e+01
         vertex 1.598052e+02 -7.114986e+01 -9.000000e+01
      endloop
   endfacet
   facet normal -8.910066e-01 4.539904e-01 0.000000e+00
      outer loop
         vertex 1.598052e+02 -7.114986e+01 -9.000000e+01
         vertex 1.514926e+02 -8.746428e+01 -4.500000e+01
         vertex 1.598052e+02 -7.114986e+01 -4.500000e+01
      endloop
   endfacet
   facet normal -9.335804e-01 3.583679e-01 0.000000e+00
      outer loop
         vertex 1.598052e+02 -7.114986e+01 -9.000000e+01
         vertex 1.598052e+02 -7.114986e+01 -4.500000e+01
         vertex 1.663669e+02 -5.405590e+01 -9.000000e+01
      endloop
   endfacet
   facet normal -9.335804e-01 3.583679e-01 0.000000e+00
      outer loop
         vertex 1.663669e+02 -5.405590e+01 -9.000000e+01
         vertex 1.598052e+02 -7.114986e+01 -4.500000e+01
         vertex 1.663669e+02 -5.405590e+01 -4.500000e+01
      endloop
   endfacet
   facet normal -9.659259e-01 2.588189e-01 0.000000e+00
      outer loop
         vertex 1.663669e+02 -5.405590e+01 -9.000000e+01
         vertex 1.663669e+02 -5.405590e+01 -4.500000e+01
         vertex 1.711060e+02 -3.636969e+01 -9.000000e+01
      endloop
   endfacet
   facet normal -9.659259e-01 2.588189e-01 0.000000e+00
      outer loop
         vertex 1.711060e+02 -3.636969e+01 -9.000000e+01
         vertex 1.663669e+02 -5.405590e+01 -4.500000e+01
         vertex 1.711060e+02 -3.636969e+01 -4.500000e+01
      endloop
   endfacet
   facet normal -9.876883e-01 1.564344e-01 0.000000e+00
      outer loop
         vertex 1.711060e+02 -3.636969e+01 -9.000000e+01
         vertex 1.711060e+02 -3.636969e+01 -4.500000e+01
         vertex 1.739703e+02 -1.828501e+01 -9.000000e+01
      endloop
   endfacet
   facet normal -9.876883e-01 1.564344e-01 0.000000e+00
      outer loop
         vertex 1.739703e+02 -1.828501e+01 -9.000000e+01
         vertex 1.711060e+02 -3.636969e+01 -4.500000e+01
         vertex 1.739703e+02 -1.828501e+01 -4.500000e+01
      endloop
   endfacet
   facet normal -9.986295e-01 5.233605e-02 0.000000e+00
      outer loop
         vertex 1.739703e+02 -1.828501e+01 -9.000000e+01
         vertex 1.739703e+02 -1.828501e+01 -4.500000e+01
         vertex 1.749286e+02 -4.284514e-14 -9.000000e+01
      endloop
   endfacet
   facet normal -9.986295e-01 5.233605e-02 0.000000e+00
      outer loop
         vertex 1.749286e+02 -4.284514e-14 -9.000000e+01
         vertex 1.739703e+02 -1.828501e+01 -4.500000e+01
         vertex 1.749286e+02 -4.284514e-14 -4.500000e+01
      endloop
   endfacet
   facet normal -0.000000e+00 -0.000000e+00 -1.000000e+00
      outer loop
         vertex 3.000000e+02 1.500000e+02 -1.200000e+02
         vertex 3.000000e+02 -1.500000e+02 -1.200000e+02
         vertex 1.819017e+01 2.204525e+02 -1.200000e+02
      endloop
   endfacet
   facet normal 0.000000e+00 0.000000e+00 -1.000000e+00
      outer loop
         vertex 1.819017e+01 2.204525e+02 -1.200000e+02
         vertex 3.000000e+02 -1.500000e+02 -1.200000e+02
         vertex 1.819017e+01 -2.204525e+02 -1.200000e+02
      endloop
   endfacet
   facet normal 0.000000e+00 0.000000e+00 -1.000000e+00
      outer loop
         vertex -3.000000e+02 -1.500000e+02 -1.200000e+02
         vertex -3.000000e+02 1.500000e+02 -1.200000e+02
         vertex -1.819017e+01 -2.204525e+02 -1.200000e+02
      endloop
   endfacet
   facet normal 0.000000e+00 0.000000e+00 -1.000000e+00
      outer loop
         vertex -1.819017e+01 -2.204525e+02 -1.200000e+02
         vertex -3.000000e+02 1.500000e+02 -1.200000e+02
         vertex -1.819017e+01 2.204525e+02 -1.200000e+02
      endloop
   endfacet
   facet normal 0.000000e+00 0.000000e+00 -1.000000e+00
      outer loop
         vertex -1.819017e+01 -2.204525e+02 -1.200000e+02
         vertex -1.819017e+01 2.204525e+02 -1.200000e+02
         vertex -9.163745e+00 -2.221298e+02 -1.200000e+02
      endloop
   endfacet
   facet normal 0.000000e+00 0.000000e+00 -1.000000e+00
      outer loop
         vertex -9.163745e+00 -2.221298e+02 -1.200000e+02
         vertex -1.819017e+01 2.204525e+02 -1.200000e+02
         vertex -2.353510e-14 -2.226918e+02 -1.200000e+02
      endloop
   endfacet
   facet normal 0.000000e+00 0.000000e+00 -1.000000e+00
      outer loop
         vertex -9.163745e+00 2.221298e+02 -1.200000e+02
         vertex -2.303100e-15 2.226918e+02 -1.200000e+02
         vertex 1.819017e+01 -2.204525e+02 -1.200000e+02
      endloop
   endfacet
   facet normal 0.000000e+00 0.000000e+00 -1.000000e+00
      outer loop
         vertex 1.819017e+01 -2.204525e+02 -1.200000e+02
         vertex -2.303100e-15 2.226918e+02 -1.200000e+02
         vertex 9.163745e+00 2.221298e+02 -1.200000e+02
      endloop
   endfacet
   facet normal 0.000000e+00 0.000000e+00 -1.000000e+00
      outer loop
         vertex 1.819017e+01 -2.204525e+02 -1.200000e+02
         vertex 9.163745e+00 2.221298e+02 -1.200000e+02
         vertex 1.819017e+01 2.204525e+02 -1.200000e+02
      endloop
   endfacet
   facet normal 0.000000e+00 -0.000000e+00 -1.000000e+00
      outer loop
         vertex -9.163745e+00 2.221298e+02 -1.200000e+02
         vertex 1.819017e+01 -2.204525e+02 -1.200000e+02
         vertex -1.819017e+01 2.204525e+02 -1.200000e+02
      endloop
   endfacet
   facet normal 0.000000e+00 0.000000e+00 -1.000000e+00
      outer loop
         vertex -1.819017e+01 2.204525e+02 -1.200000e+02
         vertex 1.819017e+01 -2.204525e+02 -1.200000e+02
         vertex 9.163745e+00 -2.221298e+02 -1.200000e+02
      endloop
   endfacet
   facet normal 0.000000e+00 0.000000e+00 -1.000000e+00
      outer loop
         vertex -1.819017e+01 2.204525e+02 -1.200000e+02
         vertex 9.163745e+00 -2.221298e+02 -1.200000e+02
         vertex -2.353510e-14 -2.226918e+02 -1.200000e+02
      endloop
   endfacet
   facet normal 0.000000e+00 0.000000e+00 1.000000e+00
      outer loop
         vertex -1.711060e+02 3.636969e+01 -9.000000e+01
         vertex -1.739703e+02 1.828501e+01 -9.000000e+01
         vertex 0.000000e+00 0.000000e+00 -9.000000e+01
      endloop
   endfacet
   facet normal 0.000000e+00 0.000000e+00 1.000000e+00
      outer loop
         vertex 0.000000e+00 0.000000e+00 -9.000000e+01
         vertex -1.739703e+02 1.828501e+01 -9.000000e+01
         vertex -1.749286e+02 6.426771e-14 -9.000000e+01
      endloop
   endfacet
   facet normal 0.000000e+00 0.000000e+00 1.000000e+00
      outer loop
         vertex 0.000000e+00 0.000000e+00 -9.000000e+01
         vertex -1.749286e+02 6.426771e-14 -9.000000e+01
         vertex -1.739703e+02 -1.828501e+01 -9.000000e+01
      endloop
   endfacet
   facet normal 0.000000e+00 0.000000e+00 1.000000e+00
      outer loop
         vertex -1.514926e+02 8.746428e+01 -9.000000e+01
         vertex -1.598052e+02 7.114986e+01 -9.000000e+01
         vertex 0.000000e+00 0.000000e+00 -9.000000e+01
      endloop
   endfacet
   facet normal 0.000000e+00 0.000000e+00 1.000000e+00
      outer loop
         vertex 0.000000e+00 0.000000e+00 -9.000000e+01
         vertex -1.598052e+02 7.114986e+01 -9.000000e+01
         vertex -1.663669e+02 5.405590e+01 -9.000000e+01
      endloop
   endfacet
   facet normal 0.000000e+00 0.000000e+00 1.000000e+00
      outer loop
         vertex 0.000000e+00 0.000000e+00 -9.000000e+01
         vertex -1.663669e+02 5.405590e+01 -9.000000e+01
         vertex -1.711060e+02 3.636969e+01 -9.000000e+01
      endloop
   endfacet
   facet normal 0.000000e+00 0.000000e+00 1.000000e+00
      outer loop
         vertex -1.170501e+02 1.299973e+02 -9.000000e+01
         vertex -1.299973e+02 1.170501e+02 -9.000000e+01
         vertex 0.000000e+00 0.000000e+00 -9.000000e+01
      endloop
   endfacet
   facet normal 0.000000e+00 0.000000e+00 1.000000e+00
      outer loop
         vertex 0.000000e+00 0.000000e+00 -9.000000e+01
         vertex -1.299973e+02 1.170501e+02 -9.000000e+01
         vertex -1.415202e+02 1.028204e+02 -9.000000e+01
      endloop
   endfacet
   facet normal 0.000000e+00 0.000000e+00 1.000000e+00
      outer loop
         vertex 0.000000e+00 0.000000e+00 -9.000000e+01
         vertex -1.415202e+02 1.028204e+02 -9.000000e+01
         vertex -1.514926e+02 8.746428e+01 -9.000000e+01
      endloop
   endfacet
   facet normal 0.000000e+00 0.000000e+00 1.000000e+00
      outer loop
         vertex -7.114986e+01 1.598052e+02 -9.000000e+01
         vertex -8.746428e+01 1.514926e+02 -9.000000e+01
         vertex 0.000000e+00 0.000000e+00 -9.000000e+01
      endloop
   endfacet
   facet normal 0.000000e+00 0.000000e+00 1.000000e+00
      outer loop
         vertex 0.000000e+00 0.000000e+00 -9.000000e+01
         vertex -8.746428e+01 1.514926e+02 -9.000000e+01
         vertex -1.028204e+02 1.415202e+02 -9.000000e+01
      endloop
   endfacet
   facet normal 0.000000e+00 0.000000e+00 1.000000e+00
      outer loop
         vertex 0.000000e+00 0.000000e+00 -9.000000e+01
         vertex -1.028204e+02 1.415202e+02 -9.000000e+01
         vertex -1.170501e+02 1.299973e+02 -9.000000e+01
      endloop
   endfacet
   facet normal 0.000000e+00 0.000000e+00 1.000000e+00
      outer loop
         vertex -1.828501e+01 1.739703e+02 -9.000000e+01
         vertex -3.636969e+01 1.711060e+02 -9.000000e+01
         vertex 0.000000e+00 0.000000e+00 -9.000000e+01
      endloop
   endfacet
   facet normal 0.000000e+00 0.000000e+00 1.000000e+00
      outer loop
         vertex 0.000000e+00 0.000000e+00 -9.000000e+01
         vertex -3.636969e+01 1.711060e+02 -9.000000e+01
         vertex -5.405590e+01 1.663669e+02 -9.000000e+01
      endloop
   endfacet
   facet normal 0.000000e+00 0.000000e+00 1.000000e+00
      outer loop
         vertex 0.000000e+00 0.000000e+00 -9.000000e+01
         vertex -5.405590e+01 1.663669e+02 -9.000000e+01
         vertex -7.114986e+01 1.598052e+02 -9.000000e+01
      endloop
   endfacet
   facet normal 0.000000e+00 0.000000e+00 1.000000e+00
      outer loop
         vertex 3.636969e+01 1.711060e+02 -9.000000e+01
         vertex 1.828501e+01 1.739703e+02 -9.000000e+01
         vertex 0.000000e+00 0.000000e+00 -9.000000e+01
      endloop
   endfacet
   facet normal 0.000000e+00 0.000000e+00 1.000000e+00
      outer loop
         vertex 0.000000e+00 0.000000e+00 -9.000000e+01
         vertex 1.828501e+01 1.739703e+02 -9.000000e+01
         vertex 1.071129e-14 1.749286e+02 -9.000000e+01
      endloop
   endfacet
   facet normal 0.000000e+00 -0.000000e+00 1.000000e+00
      outer loop
         vertex 0.000000e+00 0.000000e+00 -9.000000e+01
         vertex 1.071129e-14 1.749286e+02 -9.000000e+01
         vertex -1.828501e+01 1.739703e+02 -9.000000e+01
      endloop
   endfacet
   facet normal 0.000000e+00 0.000000e+00 1.000000e+00
      outer loop
         vertex 8.746428e+01 1.514926e+02 -9.000000e+01
         vertex 7.114986e+01 1.598052e+02 -9.000000e+01
         vertex 0.000000e+00 0.000000e+00 -9.000000e+01
      endloop
   endfacet
   facet normal 0.000000e+00 0.000000e+00 1.000000e+00
      outer loop
         vertex 0.000000e+00 0.000000e+00 -9.000000e+01
         vertex 7.114986e+01 1.598052e+02 -9.000000e+01
         vertex 5.405590e+01 1.663669e+02 -9.000000e+01
      endloop
   endfacet
   facet normal 0.000000e+00 0.000000e+00 1.000000e+00
      outer loop
         vertex 0.000000e+00 0.000000e+00 -9.000000e+01
         vertex 5.405590e+01 1.663669e+02 -9.000000e+01
         vertex 3.636969e+01 1.711060e+02 -9.000000e+01
      endloop
   endfacet
   facet normal 0.000000e+00 0.000000e+00 1.000000e+00
      outer loop
         vertex 1.299973e+02 1.170501e+02 -9.000000e+01
         vertex 1.170501e+02 1.299973e+02 -9.000000e+01
         vertex 0.000000e+00 0.000000e+00 -9.000000e+01
      endloop
   endfacet
   facet normal 0.000000e+00 0.000000e+00 1.000000e+00
      outer loop
         vertex 0.000000e+00 0.000000e+00 -9.000000e+01
         vertex 1.170501e+02 1.299973e+02 -9.000000e+01
         vertex 1.028204e+02 1.415202e+02 -9.000000e+01
      endloop
   endfacet
   facet normal 0.000000e+00 0.000000e+00 1.000000e+00
      outer loop
         vertex 0.000000e+00 0.000000e+00 -9.000000e+01
         vertex 1.028204e+02 1.415202e+02 -9.000000e+01
         vertex 8.746428e+01 1.514926e+02 -9.000000e+01
      endloop
   endfacet
   facet normal 0.000000e+00 0.000000e+00 1.000000e+00
      outer loop
         vertex 1.598052e+02 7.114986e+01 -9.000000e+01
         vertex 1.514926e+02 8.746428e+01 -9.000000e+01
         vertex 0.000000e+00 0.000000e+00 -9.000000e+01
      endloop
   endfacet
   facet normal 0.000000e+00 0.000000e+00 1.000000e+00
      outer loop
         vertex 0.000000e+00 0.000000e+00 -9.000000e+01
         vertex 1.514926e+02 8.746428e+01 -9.000000e+01
         vertex 1.415202e+02 1.028204e+02 -9.000000e+01
      endloop
   endfacet
   facet normal 0.000000e+00 0.000000e+00 1.000000e+00
      outer loop
         vertex 0.000000e+00 0.000000e+00 -9.000000e+01
         vertex 1.415202e+02 1.028204e+02 -9.000000e+01
         vertex 1.299973e+02 1.170501e+02 -9.000000e+01
      endloop
   endfacet
   facet normal 0.000000e+00 0.000000e+00 1.000000e+00
      outer loop
         vertex 1.739703e+02 1.828501e+01 -9.000000e+01
         vertex 1.711060e+02 3.636969e+01 -9.000000e+01
         vertex 0.000000e+00 0.000000e+00 -9.000000e+01
      endloop
   endfacet
   facet normal 0.000000e+00 0.000000e+00 1.000000e+00
      outer loop
         vertex 0.000000e+00 0.000000e+00 -9.000000e+01
         vertex 1.711060e+02 3.636969e+01 -9.000000e+01
         vertex 1.663669e+02 5.405590e+01 -9.000000e+01
      endloop
   endfacet
   facet normal 0.000000e+00 0.000000e+00 1.000000e+00
      outer loop
         vertex 0.000000e+00 0.000000e+00 -9.000000e+01
         vertex 1.663669e+02 5.405590e+01 -9.000000e+01
         vertex 1.598052e+02 7.114986e+01 -9.000000e+01
      endloop
   endfacet
   facet normal 0.000000e+00 -0.000000e+00 1.000000e+00
      outer loop
         vertex 1.711060e+02 -3.636969e+01 -9.000000e+01
         vertex 1.739703e+02 -1.828501e+01 -9.000000e+01
         vertex 0.000000e+00 0.000000e+00 -9.000000e+01
      endloop
   endfacet
   facet normal 0.000000e+00 0.000000e+00 1.000000e+00
      outer loop
         vertex 0.000000e+00 0.000000e+00 -9.000000e+01
         vertex 1.739703e+02 -1.828501e+01 -9.000000e+01
         vertex 1.749286e+02 -4.284514e-14 -9.000000e+01
      endloop
   endfacet
   facet normal -0.000000e+00 0.000000e+00 1.000000e+00
      outer loop
         vertex 0.000000e+00 0.000000e+00 -9.000000e+01
         vertex 1.749286e+02 -4.284514e-14 -9.000000e+01
         vertex 1.739703e+02 1.828501e+01 -9.000000e+01
      endloop
   endfacet
   facet normal 0.000000e+00 -0.000000e+00 1.000000e+00
      outer loop
         vertex 1.514926e+02 -8.746428e+01 -9.000000e+01
         vertex 1.598052e+02 -7.114986e+01 -9.000000e+01
         vertex 0.000000e+00 0.000000e+00 -9.000000e+01
      endloop
   endfacet
   facet normal 0.000000e+00 0.000000e+00 1.000000e+00
      outer loop
         vertex 0.000000e+00 0.000000e+00 -9.000000e+01
         vertex 1.598052e+02 -7.114986e+01 -9.000000e+01
         vertex 1.663669e+02 -5.405590e+01 -9.000000e+01
      endloop
   endfacet
   facet normal 0.000000e+00 0.000000e+00 1.000000e+00
      outer loop
         vertex 0.000000e+00 0.000000e+00 -9.000000e+01
         vertex 1.663669e+02 -5.405590e+01 -9.000000e+01
         vertex 1.711060e+02 -3.636969e+01 -9.000000e+01
      endloop
   endfacet
   facet normal 0.000000e+00 -0.000000e+00 1.000000e+00
      outer loop
         vertex 1.170501e+02 -1.299973e+02 -9.000000e+01
         vertex 1.299973e+02 -1.170501e+02 -9.000000e+01
         vertex 0.000000e+00 0.000000e+00 -9.000000e+01
      endloop
   endfacet
   facet normal 0.000000e+00 0.000000e+00 1.000000e+00
      outer loop
         vertex 0.000000e+00 0.000000e+00 -9.000000e+01
         vertex 1.299973e+02 -1.170501e+02 -9.000000e+01
         vertex 1.415202e+02 -1.028204e+02 -9.000000e+01
      endloop
   endfacet
   facet normal 0.000000e+00 0.000000e+00 1.000000e+00
      outer loop
         vertex 0.000000e+00 0.000000e+00 -9.000000e+01
         vertex 1.415202e+02 -1.028204e+02 -9.000000e+01
         vertex 1.514926e+02 -8.746428e+01 -9.000000e+01
      endloop
   endfacet
   facet normal 0.000000e+00 -0.000000e+00 1.000000e+00
      outer loop
         vertex 7.114986e+01 -1.598052e+02 -9.000000e+01
         vertex 8.746428e+01 -1.514926e+02 -9.000000e+01
         vertex 0.000000e+00 0.000000e+00 -9.000000e+01
      endloop
   endfacet
   facet normal 0.000000e+00 0.000000e+00 1.000000e+00
      outer loop
         vertex 0.000000e+00 0.000000e+00 -9.000000e+01
         vertex 8.746428e+01 -1.514926e+02 -9.000000e+01
         vertex 1.028204e+02 -1.415202e+02 -9.000000e+01
      endloop
   endfacet
   facet normal 0.000000e+00 0.000000e+00 1.000000e+00
      outer loop
         vertex 0.000000e+00 0.000000e+00 -9.000000e+01
         vertex 1.028204e+02 -1.415202e+02 -9.000000e+01
         vertex 1.170501e+02 -1.299973e+02 -9.000000e+01
      endloop
   endfacet
   facet normal 0.000000e+00 -0.000000e+00 1.000000e+00
      outer loop
         vertex 1.828501e+01 -1.739703e+02 -9.000000e+01
         vertex 3.636969e+01 -1.711060e+02 -9.000000e+01
         vertex 0.000000e+00 0.000000e+00 -9.000000e+01
      endloop
   endfacet
   facet normal 0.000000e+00 0.000000e+00 1.000000e+00
      outer loop
         vertex 0.000000e+00 0.000000e+00 -9.000000e+01
         vertex 3.636969e+01 -1.711060e+02 -9.000000e+01
         vertex 5.405590e+01 -1.663669e+02 -9.000000e+01
      endloop
   endfacet
   facet normal 0.000000e+00 0.000000e+00 1.000000e+00
      outer loop
         vertex 0.000000e+00 0.000000e+00 -9.000000e+01
         vertex 5.405590e+01 -1.663669e+02 -9.000000e+01
         vertex 7.114986e+01 -1.598052e+02 -9.000000e+01
      endloop
   endfacet
   facet normal -0.000000e+00 0.000000e+00 1.000000e+00
      outer loop
         vertex -3.636969e+01 -1.711060e+02 -9.000000e+01
         vertex -1.828501e+01 -1.739703e+02 -9.000000e+01
         vertex 0.000000e+00 0.000000e+00 -9.000000e+01
      endloop
   endfacet
   facet normal 0.000000e+00 0.000000e+00 1.000000e+00
      outer loop
         vertex 0.000000e+00 0.000000e+00 -9.000000e+01
         vertex -1.828501e+01 -1.739703e+02 -9.000000e+01
         vertex -3.213386e-14 -1.749286e+02 -9.000000e+01
      endloop
   endfacet
   facet normal 0.000000e+00 0.000000e+00 1.000000e+00
      outer loop
         vertex 0.000000e+00 0.000000e+00 -9.000000e+01
         vertex -3.213386e-14 -1.749286e+02 -9.000000e+01
         vertex 1.828501e+01 -1.739703e+02 -9.000000e+01
      endloop
   endfacet
   facet normal -0.000000e+00 0.000000e+00 1.000000e+00
      outer loop
         vertex -8.746428e+01 -1.514926e+02 -9.000000e+01
         vertex -7.114986e+01 -1.598052e+02 -9.000000e+01
         vertex 0.000000e+00 0.000000e+00 -9.000000e+01
      endloop
   endfacet
   facet normal 0.000000e+00 0.000000e+00 1.000000e+00
      outer loop
         vertex 0.000000e+00 0.000000e+00 -9.000000e+01
         vertex -7.114986e+01 -1.598052e+02 -9.000000e+01
         vertex -5.405590e+01 -1.663669e+02 -9.000000e+01
      endloop
   endfacet
   facet normal 0.000000e+00 0.000000e+00 1.000000e+00
      outer loop
         vertex 0.000000e+00 0.000000e+00 -9.000000e+01
         vertex -5.405590e+01 -1.663669e+02 -9.000000e+01
         vertex -3.636969e+01 -1.711060e+02 -9.000000e+01
      endloop
   endfacet
   facet normal -0.000000e+00 0.000000e+00 1.000000e+00
      outer loop
         vertex -1.299973e+02 -1.170501e+02 -9.000000e+01
         vertex -1.170501e+02 -1.299973e+02 -9.000000e+01
         vertex 0.000000e+00 0.000000e+00 -9.000000e+01
      endloop
   endfacet
   facet normal 0.000000e+00 0.000000e+00 1.000000e+00
      outer loop
         vertex 0.000000e+00 0.000000e+00 -9.000000e+01
         vertex -1.170501e+02 -1.299973e+02 -9.000000e+01
         vertex -1.028204e+02 -1.415202e+02 -9.000000e+01
      endloop
   endfacet
   facet normal 0.000000e+00 0.000000e+00 1.000000e+00
      outer loop
         vertex 0.000000e+00 0.000000e+00 -9.000000e+01
         vertex -1.028204e+02 -1.415202e+02 -9.000000e+01
         vertex -8.746428e+01 -1.514926e+02 -9.000000e+01
      endloop
   endfacet
   facet normal -0.000000e+00 0.000000e+00 1.000000e+00
      outer loop
         vertex -1.598052e+02 -7.114986e+01 -9.000000e+01
         vertex -1.514926e+02 -8.746428e+01 -9.000000e+01
         vertex 0.000000e+00 0.000000e+00 -9.000000e+01
      endloop
   endfacet
   facet normal 0.000000e+00 0.000000e+00 1.000000e+00
      outer loop
         vertex 0.000000e+00 0.000000e+00 -9.000000e+01
         vertex -1.514926e+02 -8.746428e+01 -9.000000e+01
         vertex -1.415202e+02 -1.028204e+02 -9.000000e+01
      endloop
   endfacet
   facet normal 0.000000e+00 0.000000e+00 1.000000e+00
      outer loop
         vertex 0.000000e+00 0.000000e+00 -9.000000e+01
         vertex -1.415202e+02 -1.028204e+02 -9.000000e+01
         vertex -1.299973e+02 -1.170501e+02 -9.000000e+01
      endloop
   endfacet
   facet normal -0.000000e+00 0.000000e+00 1.000000e+00
      outer loop
         vertex -1.739703e+02 -1.828501e+01 -9.000000e+01
         vertex -1.711060e+02 -3.636969e+01 -9.000000e+01
         vertex 0.000000e+00 0.000000e+00 -9.000000e+01
      endloop
   endfacet
   facet normal 0.000000e+00 0.000000e+00 1.000000e+00
      outer loop
         vertex 0.000000e+00 0.000000e+00 -9.000000e+01
         vertex -1.711060e+02 -3.636969e+01 -9.000000e+01
         vertex -1.663669e+02 -5.405590e+01 -9.000000e+01
      endloop
   endfacet
   facet normal 0.000000e+00 0.000000e+00 1.000000e+00
      outer loop
         vertex 0.000000e+00 0.000000e+00 -9.000000e+01
         vertex -1.663669e+02 -5.405590e+01 -9.000000e+01
         vertex -1.598052e+02 -7.114986e+01 -9.000000e+01
      endloop
   endfacet
   facet normal -4.365769e-07 -9.696863e-02 9.952874e-01
      outer loop
         vertex 2.688094e+02 -8.222275e+00 1.797180e+02
         vertex 2.687056e+02 -1.504075e+01 1.790537e+02
         vertex 3.375000e+02 -1.503999e+01 1.790538e+02
      endloop
   endfacet
   facet normal 1.483431e-02 9.426295e-01 3.335110e-01
      outer loop
         vertex 3.000000e+02 1.141268e+02 9.708204e+01
         vertex 3.000000e+02 1.120532e+02 1.029427e+02
         vertex 3.375000e+02 1.085792e+02 1.110935e+02
      endloop
   endfacet
   facet normal 0.000000e+00 9.297766e-01 3.681244e-01
      outer loop
         vertex 3.375000e+02 1.085792e+02 1.110935e+02
         vertex 3.375000e+02 1.141268e+02 9.708204e+01
         vertex 3.000000e+02 1.141268e+02 9.708204e+01
      endloop
   endfacet
   facet normal -0.000000e+00 9.685831e-01 2.486902e-01
      outer loop
         vertex 3.000000e+02 1.141268e+02 9.708204e+01
         vertex 3.375000e+02 1.141268e+02 9.708204e+01
         vertex 3.375000e+02 1.178745e+02 8.248576e+01
      endloop
   endfacet
   facet normal 0.000000e+00 9.685831e-01 2.486902e-01
      outer loop
         vertex 3.000000e+02 1.141268e+02 9.708204e+01
         vertex 3.375000e+02 1.178745e+02 8.248576e+01
         vertex 3.000000e+02 1.178745e+02 8.248576e+01
      endloop
   endfacet
   facet normal -0.000000e+00 9.921147e-01 1.253332e-01
      outer loop
         vertex 3.000000e+02 1.178745e+02 8.248576e+01
         vertex 3.375000e+02 1.178745e+02 8.248576e+01
         vertex 3.375000e+02 1.197632e+02 6.753486e+01
      endloop
   endfacet
   facet normal 0.000000e+00 9.921147e-01 1.253332e-01
      outer loop
         vertex 3.000000e+02 1.178745e+02 8.248576e+01
         vertex 3.375000e+02 1.197632e+02 6.753486e+01
         vertex 3.000000e+02 1.197632e+02 6.753486e+01
      endloop
   endfacet
   facet normal -0.000000e+00 1.000000e+00 0.000000e+00
      outer loop
         vertex 3.000000e+02 1.197632e+02 6.753486e+01
         vertex 3.375000e+02 1.197632e+02 6.753486e+01
         vertex 3.375000e+02 1.197632e+02 5.246514e+01
      endloop
   endfacet
   facet normal 0.000000e+00 1.000000e+00 0.000000e+00
      outer loop
         vertex 3.000000e+02 1.197632e+02 6.753486e+01
         vertex 3.375000e+02 1.197632e+02 5.246514e+01
         vertex 3.000000e+02 1.197632e+02 5.246514e+01
      endloop
   endfacet
   facet normal 0.000000e+00 9.921147e-01 -1.253332e-01
      outer loop
         vertex 3.000000e+02 1.197632e+02 5.246514e+01
         vertex 3.375000e+02 1.197632e+02 5.246514e+01
         vertex 3.375000e+02 1.178745e+02 3.751424e+01
      endloop
   endfacet
   facet normal 0.000000e+00 9.921147e-01 -1.253332e-01
      outer loop
         vertex 3.000000e+02 1.197632e+02 5.246514e+01
         vertex 3.375000e+02 1.178745e+02 3.751424e+01
         vertex 3.000000e+02 1.178745e+02 3.751424e+01
      endloop
   endfacet
   facet normal 0.000000e+00 9.685831e-01 -2.486902e-01
      outer loop
         vertex 3.000000e+02 1.178745e+02 3.751424e+01
         vertex 3.375000e+02 1.178745e+02 3.751424e+01
         vertex 3.375000e+02 1.141268e+02 2.291796e+01
      endloop
   endfacet
   facet normal 0.000000e+00 9.685831e-01 -2.486902e-01
      outer loop
         vertex 3.000000e+02 1.178745e+02 3.751424e+01
         vertex 3.375000e+02 1.141268e+02 2.291796e+01
         vertex 3.000000e+02 1.141268e+02 2.291796e+01
      endloop
   endfacet
   facet normal 0.000000e+00 9.297766e-01 -3.681243e-01
      outer loop
         vertex 3.000000e+02 1.141268e+02 2.291796e+01
         vertex 3.375000e+02 1.141268e+02 2.291796e+01
         vertex 3.375000e+02 1.085792e+02 8.906485e+00
      endloop
   endfacet
   facet normal 0.000000e+00 9.297766e-01 -3.681243e-01
      outer loop
         vertex 3.000000e+02 1.141268e+02 2.291796e+01
         vertex 3.375000e+02 1.085792e+02 8.906485e+00
         vertex 3.000000e+02 1.085792e+02 8.906485e+00
      endloop
   endfacet
   facet normal 0.000000e+00 8.763066e-01 -4.817538e-01
      outer loop
         vertex 3.000000e+02 1.085792e+02 8.906485e+00
         vertex 3.375000e+02 1.085792e+02 8.906485e+00
         vertex 3.375000e+02 1.013194e+02 -4.299216e+00
      endloop
   endfacet
   facet normal 0.000000e+00 8.763066e-01 -4.817538e-01
      outer loop
         vertex 3.000000e+02 1.085792e+02 8.906485e+00
         vertex 3.375000e+02 1.013194e+02 -4.299216e+00
         vertex 3.000000e+02 1.013194e+02 -4.299216e+00
      endloop
   endfacet
   facet normal 0.000000e+00 8.090169e-01 -5.877854e-01
      outer loop
         vertex 3.000000e+02 1.013194e+02 -4.299216e+00
         vertex 3.375000e+02 1.013194e+02 -4.299216e+00
         vertex 3.375000e+02 9.246159e+01 -1.649088e+01
      endloop
   endfacet
   facet normal 0.000000e+00 8.090169e-01 -5.877854e-01
      outer loop
         vertex 3.000000e+02 1.013194e+02 -4.299216e+00
         vertex 3.375000e+02 9.246159e+01 -1.649088e+01
         vertex 3.000000e+02 9.246159e+01 -1.649088e+01
      endloop
   endfacet
   facet normal 0.000000e+00 7.289687e-01 -6.845470e-01
      outer loop
         vertex 3.000000e+02 9.246159e+01 -1.649088e+01
         vertex 3.375000e+02 9.246159e+01 -1.649088e+01
         vertex 3.375000e+02 8.214565e+01 -2.747623e+01
      endloop
   endfacet
   facet normal 0.000000e+00 7.289687e-01 -6.845470e-01
      outer loop
         vertex 3.000000e+02 9.246159e+01 -1.649088e+01
         vertex 3.375000e+02 8.214565e+01 -2.747623e+01
         vertex 3.000000e+02 8.214565e+01 -2.747623e+01
      endloop
   endfacet
   facet normal 0.000000e+00 6.374239e-01 -7.705133e-01
      outer loop
         vertex 3.000000e+02 8.214565e+01 -2.747623e+01
         vertex 3.375000e+02 8.214565e+01 -2.747623e+01
         vertex 3.375000e+02 7.053423e+01 -3.708204e+01
      endloop
   endfacet
   facet normal 0.000000e+00 6.374239e-01 -7.705133e-01
      outer loop
         vertex 3.000000e+02 8.214565e+01 -2.747623e+01
         vertex 3.375000e+02 7.053423e+01 -3.708204e+01
         vertex 3.000000e+02 7.053423e+01 -3.708204e+01
      endloop
   endfacet
   facet normal 0.000000e+00 5.358269e-01 -8.443279e-01
      outer loop
         vertex 3.000000e+02 7.053423e+01 -3.708204e+01
         vertex 3.375000e+02 7.053423e+01 -3.708204e+01
         vertex 3.375000e+02 5.781044e+01 -4.515680e+01
      endloop
   endfacet
   facet normal 0.000000e+00 5.358269e-01 -8.443279e-01
      outer loop
         vertex 3.000000e+02 7.053423e+01 -3.708204e+01
         vertex 3.375000e+02 5.781044e+01 -4.515680e+01
         vertex 3.000000e+02 5.781044e+01 -4.515680e+01
      endloop
   endfacet
   facet normal 0.000000e+00 4.257793e-01 -9.048270e-01
      outer loop
         vertex 3.000000e+02 5.781044e+01 -4.515680e+01
         vertex 3.375000e+02 5.781044e+01 -4.515680e+01
         vertex 3.375000e+02 4.417495e+01 -5.157318e+01
      endloop
   endfacet
   facet normal 0.000000e+00 4.257793e-01 -9.048270e-01
      outer loop
         vertex 3.000000e+02 5.781044e+01 -4.515680e+01
         vertex 3.375000e+02 4.417495e+01 -5.157318e+01
         vertex 3.000000e+02 4.417495e+01 -5.157318e+01
      endloop
   endfacet
   facet normal 0.000000e+00 3.090169e-01 -9.510566e-01
      outer loop
         vertex 3.000000e+02 4.417495e+01 -5.157318e+01
         vertex 3.375000e+02 4.417495e+01 -5.157318e+01
         vertex 3.375000e+02 2.984279e+01 -5.622998e+01
      endloop
   endfacet
   facet normal 0.000000e+00 3.090169e-01 -9.510566e-01
      outer loop
         vertex 3.000000e+02 4.417495e+01 -5.157318e+01
         vertex 3.375000e+02 2.984279e+01 -5.622998e+01
         vertex 3.000000e+02 2.984279e+01 -5.622998e+01
      endloop
   endfacet
   facet normal 0.000000e+00 1.873813e-01 -9.822872e-01
      outer loop
         vertex 3.000000e+02 2.984279e+01 -5.622998e+01
         vertex 3.375000e+02 2.984279e+01 -5.622998e+01
         vertex 3.375000e+02 1.503999e+01 -5.905376e+01
      endloop
   endfacet
   facet normal 0.000000e+00 1.873813e-01 -9.822872e-01
      outer loop
         vertex 3.000000e+02 2.984279e+01 -5.622998e+01
         vertex 3.375000e+02 1.503999e+01 -5.905376e+01
         vertex 3.000000e+02 1.503999e+01 -5.905376e+01
      endloop
   endfacet
   facet normal 0.000000e+00 6.279046e-02 -9.980267e-01
      outer loop
         vertex 3.000000e+02 1.503999e+01 -5.905376e+01
         vertex 3.375000e+02 1.503999e+01 -5.905376e+01
         vertex 3.375000e+02 2.193046e-14 -6.000000e+01
      endloop
   endfacet
   facet normal -5.096156e-17 6.279046e-02 -9.980267e-01
      outer loop
         vertex 3.000000e+02 1.503999e+01 -5.905376e+01
         vertex 3.375000e+02 2.193046e-14 -6.000000e+01
         vertex 3.000000e+02 -7.461062e-15 -6.000000e+01
      endloop
   endfacet
   facet normal 4.921353e-17 -6.279046e-02 -9.980267e-01
      outer loop
         vertex 3.000000e+02 -7.461062e-15 -6.000000e+01
         vertex 3.375000e+02 2.193046e-14 -6.000000e+01
         vertex 3.375000e+02 -1.503999e+01 -5.905376e+01
      endloop
   endfacet
   facet normal 0.000000e+00 -6.279046e-02 -9.980267e-01
      outer loop
         vertex 3.000000e+02 -7.461062e-15 -6.000000e+01
         vertex 3.375000e+02 -1.503999e+01 -5.905376e+01
         vertex 3.000000e+02 -1.503999e+01 -5.905376e+01
      endloop
   endfacet
   facet normal 0.000000e+00 -1.873813e-01 -9.822872e-01
      outer loop
         vertex 3.000000e+02 -1.503999e+01 -5.905376e+01
         vertex 3.375000e+02 -1.503999e+01 -5.905376e+01
         vertex 3.375000e+02 -2.984279e+01 -5.622998e+01
      endloop
   endfacet
   facet normal 0.000000e+00 -1.873813e-01 -9.822872e-01
      outer loop
         vertex 3.000000e+02 -1.503999e+01 -5.905376e+01
         vertex 3.375000e+02 -2.984279e+01 -5.622998e+01
         vertex 3.000000e+02 -2.984279e+01 -5.622998e+01
      endloop
   endfacet
   facet normal 0.000000e+00 -3.090169e-01 -9.510566e-01
      outer loop
         vertex 3.000000e+02 -2.984279e+01 -5.622998e+01
         vertex 3.375000e+02 -2.984279e+01 -5.622998e+01
         vertex 3.375000e+02 -4.417495e+01 -5.157318e+01
      endloop
   endfacet
   facet normal 0.000000e+00 -3.090169e-01 -9.510566e-01
      outer loop
         vertex 3.000000e+02 -2.984279e+01 -5.622998e+01
         vertex 3.375000e+02 -4.417495e+01 -5.157318e+01
         vertex 3.000000e+02 -4.417495e+01 -5.157318e+01
      endloop
   endfacet
   facet normal 0.000000e+00 -4.257793e-01 -9.048270e-01
      outer loop
         vertex 3.000000e+02 -4.417495e+01 -5.157318e+01
         vertex 3.375000e+02 -4.417495e+01 -5.157318e+01
         vertex 3.375000e+02 -5.781044e+01 -4.515680e+01
      endloop
   endfacet
   facet normal 0.000000e+00 -4.257793e-01 -9.048270e-01
      outer loop
         vertex 3.000000e+02 -4.417495e+01 -5.157318e+01
         vertex 3.375000e+02 -5.781044e+01 -4.515680e+01
         vertex 3.000000e+02 -5.781044e+01 -4.515680e+01
      endloop
   endfacet
   facet normal 0.000000e+00 -5.358269e-01 -8.443279e-01
      outer loop
         vertex 3.000000e+02 -5.781044e+01 -4.515680e+01
         vertex 3.375000e+02 -5.781044e+01 -4.515680e+01
         vertex 3.375000e+02 -7.053423e+01 -3.708204e+01
      endloop
   endfacet
   facet normal 0.000000e+00 -5.358269e-01 -8.443279e-01
      outer loop
         vertex 3.000000e+02 -5.781044e+01 -4.515680e+01
         vertex 3.375000e+02 -7.053423e+01 -3.708204e+01
         vertex 3.000000e+02 -7.053423e+01 -3.708204e+01
      endloop
   endfacet
   facet normal 0.000000e+00 -6.374239e-01 -7.705133e-01
      outer loop
         vertex 3.000000e+02 -7.053423e+01 -3.708204e+01
         vertex 3.375000e+02 -7.053423e+01 -3.708204e+01
         vertex 3.375000e+02 -8.214565e+01 -2.747623e+01
      endloop
   endfacet
   facet normal 0.000000e+00 -6.374239e-01 -7.705133e-01
      outer loop
         vertex 3.000000e+02 -7.053423e+01 -3.708204e+01
         vertex 3.375000e+02 -8.214565e+01 -2.747623e+01
         vertex 3.000000e+02 -8.214565e+01 -2.747623e+01
      endloop
   endfacet
   facet normal 0.000000e+00 -7.289687e-01 -6.845470e-01
      outer loop
         vertex 3.000000e+02 -8.214565e+01 -2.747623e+01
         vertex 3.375000e+02 -8.214565e+01 -2.747623e+01
         vertex 3.375000e+02 -9.246159e+01 -1.649088e+01
      endloop
   endfacet
   facet normal 0.000000e+00 -7.289687e-01 -6.845470e-01
      outer loop
         vertex 3.000000e+02 -8.214565e+01 -2.747623e+01
         vertex 3.375000e+02 -9.246159e+01 -1.649088e+01
         vertex 3.000000e+02 -9.246159e+01 -1.649088e+01
      endloop
   endfacet
   facet normal 0.000000e+00 -8.090169e-01 -5.877854e-01
      outer loop
         vertex 3.000000e+02 -9.246159e+01 -1.649088e+01
         vertex 3.375000e+02 -9.246159e+01 -1.649088e+01
         vertex 3.375000e+02 -1.013194e+02 -4.299216e+00
      endloop
   endfacet
   facet normal 0.000000e+00 -8.090169e-01 -5.877854e-01
      outer loop
         vertex 3.000000e+02 -9.246159e+01 -1.649088e+01
         vertex 3.375000e+02 -1.013194e+02 -4.299216e+00
         vertex 3.000000e+02 -1.013194e+02 -4.299216e+00
      endloop
   endfacet
   facet normal 0.000000e+00 -8.763066e-01 -4.817538e-01
      outer loop
         vertex 3.000000e+02 -1.013194e+02 -4.299216e+00
         vertex 3.375000e+02 -1.013194e+02 -4.299216e+00
         vertex 3.375000e+02 -1.085792e+02 8.906485e+00
      endloop
   endfacet
   facet normal 0.000000e+00 -8.763066e-01 -4.817538e-01
      outer loop
         vertex 3.000000e+02 -1.013194e+02 -4.299216e+00
         vertex 3.375000e+02 -1.085792e+02 8.906485e+00
         vertex 3.000000e+02 -1.085792e+02 8.906485e+00
      endloop
   endfacet
   facet normal 0.000000e+00 -9.297766e-01 -3.681243e-01
      outer loop
         vertex 3.000000e+02 -1.085792e+02 8.906485e+00
         vertex 3.375000e+02 -1.085792e+02 8.906485e+00
         vertex 3.375000e+02 -1.141268e+02 2.291796e+01
      endloop
   endfacet
   facet normal 0.000000e+00 -9.297766e-01 -3.681243e-01
      outer loop
         vertex 3.000000e+02 -1.085792e+02 8.906485e+00
         vertex 3.375000e+02 -1.141268e+02 2.291796e+01
         vertex 3.000000e+02 -1.141268e+02 2.291796e+01
      endloop
   endfacet
   facet normal 0.000000e+00 -9.685831e-01 -2.486902e-01
      outer loop
         vertex 3.000000e+02 -1.141268e+02 2.291796e+01
         vertex 3.375000e+02 -1.141268e+02 2.291796e+01
         vertex 3.375000e+02 -1.178745e+02 3.751424e+01
      endloop
   endfacet
   facet normal 0.000000e+00 -9.685831e-01 -2.486902e-01
      outer loop
         vertex 3.000000e+02 -1.141268e+02 2.291796e+01
         vertex 3.375000e+02 -1.178745e+02 3.751424e+01
         vertex 3.000000e+02 -1.178745e+02 3.751424e+01
      endloop
   endfacet
   facet normal 0.000000e+00 -9.921147e-01 -1.253332e-01
      outer loop
         vertex 3.000000e+02 -1.178745e+02 3.751424e+01
         vertex 3.375000e+02 -1.178745e+02 3.751424e+01
         vertex 3.375000e+02 -1.197632e+02 5.246514e+01
      endloop
   endfacet
   facet normal 0.000000e+00 -9.921147e-01 -1.253332e-01
      outer loop
         vertex 3.000000e+02 -1.178745e+02 3.751424e+01
         vertex 3.375000e+02 -1.197632e+02 5.246514e+01
         vertex 3.000000e+02 -1.197632e+02 5.246514e+01
      endloop
   endfacet
   facet normal 0.000000e+00 -1.000000e+00 0.000000e+00
      outer loop
         vertex 3.000000e+02 -1.197632e+02 5.246514e+01
         vertex 3.375000e+02 -1.197632e+02 5.246514e+01
         vertex 3.375000e+02 -1.197632e+02 6.753486e+01
      endloop
   endfacet
   facet normal 0.000000e+00 -1.000000e+00 0.000000e+00
      outer loop
         vertex 3.000000e+02 -1.197632e+02 5.246514e+01
         vertex 3.375000e+02 -1.197632e+02 6.753486e+01
         vertex 3.000000e+02 -1.197632e+02 6.753486e+01
      endloop
   endfacet
   facet normal 0.000000e+00 -9.921147e-01 1.253332e-01
      outer loop
         vertex 3.000000e+02 -1.197632e+02 6.753486e+01
         vertex 3.375000e+02 -1.197632e+02 6.753486e+01
         vertex 3.375000e+02 -1.178745e+02 8.248576e+01
      endloop
   endfacet
   facet normal 0.000000e+00 -9.921147e-01 1.253332e-01
      outer loop
         vertex 3.000000e+02 -1.197632e+02 6.753486e+01
         vertex 3.375000e+02 -1.178745e+02 8.248576e+01
         vertex 3.000000e+02 -1.178745e+02 8.248576e+01
      endloop
   endfacet
   facet normal 0.000000e+00 -9.685831e-01 2.486902e-01
      outer loop
         vertex 3.000000e+02 -1.178745e+02 8.248576e+01
         vertex 3.375000e+02 -1.178745e+02 8.248576e+01
         vertex 3.375000e+02 -1.141268e+02 9.708204e+01
      endloop
   endfacet
   facet normal 0.000000e+00 -9.685831e-01 2.486902e-01
      outer loop
         vertex 3.000000e+02 -1.178745e+02 8.248576e+01
         vertex 3.375000e+02 -1.141268e+02 9.708204e+01
         vertex 3.000000e+02 -1.141268e+02 9.708204e+01
      endloop
   endfacet
   facet normal 0.000000e+00 -9.199319e-01 3.920782e-01
      outer loop
         vertex 2.580866e+02 -1.085800e+02 1.110919e+02
         vertex 2.568133e+02 -1.120532e+02 1.029427e+02
         vertex 3.000000e+02 -1.120532e+02 1.029427e+02
      endloop
   endfacet
   facet normal 0.000000e+00 -9.427332e-01 3.335477e-01
      outer loop
         vertex 3.000000e+02 -1.141268e+02 9.708204e+01
         vertex 3.375000e+02 -1.141268e+02 9.708204e+01
         vertex 3.000000e+02 -1.120532e+02 1.029427e+02
      endloop
   endfacet
   facet normal 6.120097e-03 -9.297592e-01 3.681175e-01
      outer loop
         vertex 3.000000e+02 -1.120532e+02 1.029427e+02
         vertex 3.375000e+02 -1.141268e+02 9.708204e+01
         vertex 3.375000e+02 -1.085792e+02 1.110935e+02
      endloop
   endfacet
   facet normal 8.082987e-07 -9.199304e-01 3.920817e-01
      outer loop
         vertex 3.000000e+02 -1.120532e+02 1.029427e+02
         vertex 3.375000e+02 -1.085792e+02 1.110935e+02
         vertex 2.580866e+02 -1.085800e+02 1.110919e+02
      endloop
   endfacet
   facet normal 2.238737e-06 -8.090170e-01 5.877852e-01
      outer loop
         vertex 3.375000e+02 -1.013194e+02 1.242992e+02
         vertex 3.375000e+02 -9.246159e+01 1.364909e+02
         vertex 2.620548e+02 -9.246330e+01 1.364888e+02
      endloop
   endfacet
   facet normal 4.445897e-03 -7.957301e-01 6.056351e-01
      outer loop
         vertex 2.620548e+02 -9.246330e+01 1.364888e+02
         vertex 2.608619e+02 -9.828069e+01 1.288542e+02
         vertex 3.375000e+02 -1.013194e+02 1.242992e+02
      endloop
   endfacet
   facet normal -7.303636e-07 -8.318889e-01 5.549422e-01
      outer loop
         vertex 3.375000e+02 -1.013194e+02 1.242992e+02
         vertex 2.608619e+02 -9.828069e+01 1.288542e+02
         vertex 2.601499e+02 -1.013206e+02 1.242972e+02
      endloop
   endfacet
   facet normal 1.934378e-06 -8.763066e-01 4.817538e-01
      outer loop
         vertex 3.375000e+02 -1.013194e+02 1.242992e+02
         vertex 2.601499e+02 -1.013206e+02 1.242972e+02
         vertex 3.375000e+02 -1.085792e+02 1.110935e+02
      endloop
   endfacet
   facet normal 4.168237e-03 -8.657946e-01 5.003821e-01
      outer loop
         vertex 3.375000e+02 -1.085792e+02 1.110935e+02
         vertex 2.601499e+02 -1.013206e+02 1.242972e+02
         vertex 2.588241e+02 -1.062308e+02 1.158123e+02
      endloop
   endfacet
   facet normal -5.038316e-07 -8.952610e-01 4.455421e-01
      outer loop
         vertex 3.375000e+02 -1.085792e+02 1.110935e+02
         vertex 2.588241e+02 -1.062308e+02 1.158123e+02
         vertex 2.580866e+02 -1.085800e+02 1.110919e+02
      endloop
   endfacet
   facet normal 2.388020e-06 -6.374236e-01 7.705136e-01
      outer loop
         vertex 3.375000e+02 -8.214565e+01 1.474762e+02
         vertex 3.375000e+02 -7.053423e+01 1.570820e+02
         vertex 2.652723e+02 -7.053643e+01 1.570804e+02
      endloop
   endfacet
   facet normal 5.007688e-03 -6.187442e-01 7.855766e-01
      outer loop
         vertex 2.652723e+02 -7.053643e+01 1.570804e+02
         vertex 2.643837e+02 -7.776389e+01 1.513935e+02
         vertex 3.375000e+02 -8.214565e+01 1.474762e+02
      endloop
   endfacet
   facet normal -1.049567e-06 -6.664992e-01 7.455057e-01
      outer loop
         vertex 3.375000e+02 -8.214565e+01 1.474762e+02
         vertex 2.643837e+02 -7.776389e+01 1.513935e+02
         vertex 2.637713e+02 -8.214769e+01 1.474743e+02
      endloop
   endfacet
   facet normal 2.263146e-06 -7.289689e-01 6.845469e-01
      outer loop
         vertex 3.375000e+02 -8.214565e+01 1.474762e+02
         vertex 2.637713e+02 -8.214769e+01 1.474743e+02
         vertex 3.375000e+02 -9.246159e+01 1.364909e+02
      endloop
   endfacet
   facet normal 4.727039e-03 -7.129389e-01 7.012102e-01
      outer loop
         vertex 3.375000e+02 -9.246159e+01 1.364909e+02
         vertex 2.637713e+02 -8.214769e+01 1.474743e+02
         vertex 2.627251e+02 -8.873997e+01 1.407788e+02
      endloop
   endfacet
   facet normal -8.411391e-07 -7.552255e-01 6.554651e-01
      outer loop
         vertex 3.375000e+02 -9.246159e+01 1.364909e+02
         vertex 2.627251e+02 -8.873997e+01 1.407788e+02
         vertex 2.620548e+02 -9.246330e+01 1.364888e+02
      endloop
   endfacet
   facet normal 1.790539e-06 -4.257795e-01 9.048269e-01
      outer loop
         vertex 3.375000e+02 -5.781044e+01 1.651568e+02
         vertex 3.375000e+02 -4.417495e+01 1.715732e+02
         vertex 2.675366e+02 -4.417682e+01 1.715724e+02
      endloop
   endfacet
   facet normal 5.551832e-03 -4.023139e-01 9.154850e-01
      outer loop
         vertex 2.675366e+02 -4.417682e+01 1.715724e+02
         vertex 2.669836e+02 -5.223856e+01 1.680330e+02
         vertex 3.375000e+02 -5.781044e+01 1.651568e+02
      endloop
   endfacet
   facet normal -8.703890e-07 -4.587039e-01 8.885892e-01
      outer loop
         vertex 3.375000e+02 -5.781044e+01 1.651568e+02
         vertex 2.669836e+02 -5.223856e+01 1.680330e+02
         vertex 2.665340e+02 -5.781259e+01 1.651556e+02
      endloop
   endfacet
   facet normal 2.195750e-06 -5.358267e-01 8.443280e-01
      outer loop
         vertex 3.375000e+02 -5.781044e+01 1.651568e+02
         vertex 2.665340e+02 -5.781259e+01 1.651556e+02
         vertex 3.375000e+02 -7.053423e+01 1.570820e+02
      endloop
   endfacet
   facet normal 5.283996e-03 -5.146491e-01 8.573846e-01
      outer loop
         vertex 3.375000e+02 -7.053423e+01 1.570820e+02
         vertex 2.665340e+02 -5.781259e+01 1.651556e+02
         vertex 2.658108e+02 -6.553067e+01 1.605273e+02
      endloop
   endfacet
   facet normal -9.236582e-07 -5.671276e-01 8.236299e-01
      outer loop
         vertex 3.375000e+02 -7.053423e+01 1.570820e+02
         vertex 2.658108e+02 -6.553067e+01 1.605273e+02
         vertex 2.652723e+02 -7.053643e+01 1.570804e+02
      endloop
   endfacet
   facet normal 5.831305e-07 -1.873813e-01 9.822872e-01
      outer loop
         vertex 3.375000e+02 -1.503999e+01 1.790538e+02
         vertex 2.687056e+02 -1.504075e+01 1.790537e+02
         vertex 3.375000e+02 -2.984279e+01 1.762300e+02
      endloop
   endfacet
   facet normal 6.042771e-03 -1.602107e-01 9.870643e-01
      outer loop
         vertex 2.687056e+02 -1.504075e+01 1.790537e+02
         vertex 2.684950e+02 -2.335113e+01 1.777061e+02
         vertex 3.375000e+02 -2.984279e+01 1.762300e+02
      endloop
   endfacet
   facet normal -5.509399e-07 -2.217313e-01 9.751078e-01
      outer loop
         vertex 3.375000e+02 -2.984279e+01 1.762300e+02
         vertex 2.684950e+02 -2.335113e+01 1.777061e+02
         vertex 2.682643e+02 -2.984419e+01 1.762296e+02
      endloop
   endfacet
   facet normal 1.339181e-06 -3.090173e-01 9.510564e-01
      outer loop
         vertex 3.375000e+02 -2.984279e+01 1.762300e+02
         vertex 2.682643e+02 -2.984419e+01 1.762296e+02
         vertex 3.375000e+02 -4.417495e+01 1.715732e+02
      endloop
   endfacet
   facet normal 5.806035e-03 -2.835362e-01 9.589440e-01
      outer loop
         vertex 3.375000e+02 -4.417495e+01 1.715732e+02
         vertex 2.682643e+02 -2.984419e+01 1.762296e+02
         vertex 2.678832e+02 -3.810259e+01 1.737901e+02
      endloop
   endfacet
   facet normal -7.997862e-07 -3.429559e-01 9.393515e-01
      outer loop
         vertex 3.375000e+02 -4.417495e+01 1.715732e+02
         vertex 2.678832e+02 -3.810259e+01 1.737901e+02
         vertex 2.675366e+02 -4.417682e+01 1.715724e+02
      endloop
   endfacet
   facet normal 6.257869e-03 -3.431404e-02 9.993915e-01
      outer loop
         vertex 2.688094e+02 -8.222275e+00 1.797180e+02
         vertex 3.375000e+02 -1.503999e+01 1.790538e+02
         vertex 2.688535e+02 -2.909811e-05 1.800000e+02
      endloop
   endfacet
   facet normal 2.661591e-08 -6.279070e-02 9.980267e-01
      outer loop
         vertex 2.688535e+02 -2.909811e-05 1.800000e+02
         vertex 3.375000e+02 -1.503999e+01 1.790538e+02
         vertex 3.375000e+02 3.662622e-14 1.800000e+02
      endloop
   endfacet
   facet normal -1.243909e-08 2.934558e-02 9.995693e-01
      outer loop
         vertex 2.688535e+02 -2.909811e-05 1.800000e+02
         vertex 3.375000e+02 3.662622e-14 1.800000e+02
         vertex 2.688212e+02 7.039876e+00 1.797933e+02
      endloop
   endfacet
   facet normal 3.432878e-03 6.279033e-02 9.980208e-01
      outer loop
         vertex 2.688212e+02 7.039876e+00 1.797933e+02
         vertex 3.375000e+02 3.662622e-14 1.800000e+02
         vertex 3.375000e+02 1.503999e+01 1.790538e+02
      endloop
   endfacet
   facet normal -3.432516e-07 9.205408e-02 9.957540e-01
      outer loop
         vertex 2.688212e+02 7.039876e+00 1.797933e+02
         vertex 3.375000e+02 1.503999e+01 1.790538e+02
         vertex 2.687056e+02 1.504070e+01 1.790537e+02
      endloop
   endfacet
   facet normal 3.191796e-07 1.551951e-01 9.878838e-01
      outer loop
         vertex 2.687056e+02 1.504070e+01 1.790537e+02
         vertex 3.375000e+02 1.503999e+01 1.790538e+02
         vertex 2.685301e+02 2.218906e+01 1.779307e+02
      endloop
   endfacet
   facet normal 3.427697e-03 1.873802e-01 9.822815e-01
      outer loop
         vertex 2.685301e+02 2.218906e+01 1.779307e+02
         vertex 3.375000e+02 1.503999e+01 1.790538e+02
         vertex 3.375000e+02 2.984279e+01 1.762300e+02
      endloop
   endfacet
   facet normal -7.413780e-07 2.169211e-01 9.761891e-01
      outer loop
         vertex 2.685301e+02 2.218906e+01 1.779307e+02
         vertex 3.375000e+02 2.984279e+01 1.762300e+02
         vertex 2.682643e+02 2.984416e+01 1.762296e+02
      endloop
   endfacet
   facet normal 5.624271e-07 2.785694e-01 9.604161e-01
      outer loop
         vertex 2.682643e+02 2.984416e+01 1.762296e+02
         vertex 3.375000e+02 2.984279e+01 1.762300e+02
         vertex 2.679409e+02 3.698067e+01 1.741597e+02
      endloop
   endfacet
   facet normal 3.403563e-03 3.090155e-01 9.510509e-01
      outer loop
         vertex 2.679409e+02 3.698067e+01 1.741597e+02
         vertex 3.375000e+02 2.984279e+01 1.762300e+02
         vertex 3.375000e+02 4.417495e+01 1.715732e+02
      endloop
   endfacet
   facet normal -9.237957e-07 3.383289e-01 9.410279e-01
      outer loop
         vertex 2.679409e+02 3.698067e+01 1.741597e+02
         vertex 3.375000e+02 4.417495e+01 1.715732e+02
         vertex 2.675366e+02 4.417683e+01 1.715724e+02
      endloop
   endfacet
   facet normal 9.168050e-07 3.975019e-01 9.176013e-01
      outer loop
         vertex 2.675366e+02 4.417683e+01 1.715724e+02
         vertex 3.375000e+02 4.417495e+01 1.715732e+02
         vertex 2.670629e+02 5.117565e+01 1.685406e+02
      endloop
   endfacet
   facet normal 3.361383e-03 4.257771e-01 9.048218e-01
      outer loop
         vertex 2.670629e+02 5.117565e+01 1.685406e+02
         vertex 3.375000e+02 4.417495e+01 1.715732e+02
         vertex 3.375000e+02 5.781044e+01 1.651568e+02
      endloop
   endfacet
   facet normal -9.643048e-07 4.543369e-01 8.908299e-01
      outer loop
         vertex 2.670629e+02 5.117565e+01 1.685406e+02
         vertex 3.375000e+02 5.781044e+01 1.651568e+02
         vertex 2.665340e+02 5.781263e+01 1.651556e+02
      endloop
   endfacet
   facet normal 1.269583e-06 5.100915e-01 8.601201e-01
      outer loop
         vertex 2.665340e+02 5.781263e+01 1.651556e+02
         vertex 3.375000e+02 5.781044e+01 1.651568e+02
         vertex 2.659102e+02 6.454423e+01 1.611634e+02
      endloop
   endfacet
   facet normal 3.302827e-03 5.358238e-01 8.443234e-01
      outer loop
         vertex 2.659102e+02 6.454423e+01 1.611634e+02
         vertex 3.375000e+02 5.781044e+01 1.651568e+02
         vertex 3.375000e+02 7.053423e+01 1.570820e+02
      endloop
   endfacet
   facet normal -1.096116e-06 5.630936e-01 8.263931e-01
      outer loop
         vertex 2.659102e+02 6.454423e+01 1.611634e+02
         vertex 3.375000e+02 7.053423e+01 1.570820e+02
         vertex 2.652723e+02 7.053649e+01 1.570804e+02
      endloop
   endfacet
   facet normal 1.368213e-06 6.145368e-01 7.888882e-01
      outer loop
         vertex 2.652723e+02 7.053649e+01 1.570804e+02
         vertex 3.375000e+02 7.053423e+01 1.570820e+02
         vertex 2.645014e+02 7.686970e+01 1.521469e+02
      endloop
   endfacet
   facet normal 3.229901e-03 6.374203e-01 7.705096e-01
      outer loop
         vertex 2.645014e+02 7.686970e+01 1.521469e+02
         vertex 3.375000e+02 7.053423e+01 1.570820e+02
         vertex 3.375000e+02 8.214565e+01 1.474762e+02
      endloop
   endfacet
   facet normal -1.187286e-06 6.628583e-01 7.487449e-01
      outer loop
         vertex 2.645014e+02 7.686970e+01 1.521469e+02
         vertex 3.375000e+02 8.214565e+01 1.474762e+02
         vertex 2.637713e+02 8.214778e+01 1.474742e+02
      endloop
   endfacet
   facet normal 1.329990e-06 7.091660e-01 7.050415e-01
      outer loop
         vertex 2.637713e+02 8.214778e+01 1.474742e+02
         vertex 3.375000e+02 8.214565e+01 1.474762e+02
         vertex 2.628591e+02 8.795189e+01 1.416362e+02
      endloop
   endfacet
   facet normal 3.145303e-03 7.289653e-01 6.845435e-01
      outer loop
         vertex 2.628591e+02 8.795189e+01 1.416362e+02
         vertex 3.375000e+02 8.214565e+01 1.474762e+02
         vertex 3.375000e+02 9.246159e+01 1.364909e+02
      endloop
   endfacet
   facet normal -1.015696e-06 7.520361e-01 6.591219e-01
      outer loop
         vertex 2.628591e+02 8.795189e+01 1.416362e+02
         vertex 3.375000e+02 9.246159e+01 1.364909e+02
         vertex 2.620548e+02 9.246340e+01 1.364887e+02
      endloop
   endfacet
   facet normal 1.387111e-06 7.924654e-01 6.099169e-01
      outer loop
         vertex 2.620548e+02 9.246340e+01 1.364887e+02
         vertex 3.375000e+02 9.246159e+01 1.364909e+02
         vertex 2.610099e+02 9.761055e+01 1.298010e+02
      endloop
   endfacet
   facet normal 3.051199e-03 8.090133e-01 5.877825e-01
      outer loop
         vertex 2.610099e+02 9.761055e+01 1.298010e+02
         vertex 3.375000e+02 9.246159e+01 1.364909e+02
         vertex 3.375000e+02 1.013194e+02 1.242992e+02
      endloop
   endfacet
   facet normal -9.192421e-07 8.291974e-01 5.589559e-01
      outer loop
         vertex 2.610099e+02 9.761055e+01 1.298010e+02
         vertex 3.375000e+02 1.013194e+02 1.242992e+02
         vertex 2.601499e+02 1.013207e+02 1.242970e+02
      endloop
   endfacet
   facet normal 1.209892e-06 8.630984e-01 5.050358e-01
      outer loop
         vertex 2.601499e+02 1.013207e+02 1.242970e+02
         vertex 3.375000e+02 1.013194e+02 1.242992e+02
         vertex 2.589836e+02 1.056883e+02 1.168329e+02
      endloop
   endfacet
   facet normal 2.950099e-03 8.763028e-01 4.817517e-01
      outer loop
         vertex 2.589836e+02 1.056883e+02 1.168329e+02
         vertex 3.375000e+02 1.013194e+02 1.242992e+02
         vertex 3.375000e+02 1.085792e+02 1.110935e+02
      endloop
   endfacet
   facet normal -7.097259e-07 8.931055e-01 4.498473e-01
      outer loop
         vertex 2.589836e+02 1.056883e+02 1.168329e+02
         vertex 3.375000e+02 1.085792e+02 1.110935e+02
         vertex 2.580865e+02 1.085802e+02 1.110916e+02
      endloop
   endfacet
   facet normal 1.027720e-06 9.199308e-01 3.920808e-01
      outer loop
         vertex 2.580865e+02 1.085802e+02 1.110916e+02
         vertex 3.375000e+02 1.085792e+02 1.110935e+02
         vertex 3.000000e+02 1.120532e+02 1.029427e+02
      endloop
   endfacet
   facet normal 0.000000e+00 9.199327e-01 3.920764e-01
      outer loop
         vertex 2.580865e+02 1.085802e+02 1.110916e+02
         vertex 3.000000e+02 1.120532e+02 1.029427e+02
         vertex 2.568133e+02 1.120532e+02 1.029427e+02
      endloop
   endfacet
   facet normal -0.000000e+00 9.337769e-01 3.578557e-01
      outer loop
         vertex 2.568133e+02 1.120532e+02 1.029427e+02
         vertex 3.000000e+02 1.120532e+02 1.029427e+02
         vertex 2.330291e+02 1.667427e+02 -3.976229e+01
      endloop
   endfacet
   facet normal -1.243685e-07 9.337769e-01 3.578558e-01
      outer loop
         vertex 2.330291e+02 1.667427e+02 -3.976229e+01
         vertex 3.000000e+02 1.120532e+02 1.029427e+02
         vertex 3.000000e+02 1.500000e+02 3.925630e+00
      endloop
   endfacet
   facet normal 9.682084e-08 9.337769e-01 3.578557e-01
      outer loop
         vertex -2.330291e+02 1.667427e+02 -3.976229e+01
         vertex -3.000000e+02 1.500000e+02 3.925630e+00
         vertex -2.568133e+02 1.120532e+02 1.029427e+02
      endloop
   endfacet
   facet normal 0.000000e+00 9.337769e-01 3.578558e-01
      outer loop
         vertex -2.568133e+02 1.120532e+02 1.029427e+02
         vertex -3.000000e+02 1.500000e+02 3.925630e+00
         vertex -3.000000e+02 1.120532e+02 1.029427e+02
      endloop
   endfacet
   facet normal 4.365769e-07 9.696863e-02 9.952874e-01
      outer loop
         vertex -2.688094e+02 8.222275e+00 1.797180e+02
         vertex -2.687056e+02 1.504075e+01 1.790537e+02
         vertex -3.375000e+02 1.503999e+01 1.790538e+02
      endloop
   endfacet
   facet normal -1.483431e-02 -9.426295e-01 3.335110e-01
      outer loop
         vertex -3.000000e+02 -1.141268e+02 9.708204e+01
         vertex -3.000000e+02 -1.120532e+02 1.029427e+02
         vertex -3.375000e+02 -1.085792e+02 1.110935e+02
      endloop
   endfacet
   facet normal 0.000000e+00 -9.297766e-01 3.681244e-01
      outer loop
         vertex -3.375000e+02 -1.085792e+02 1.110935e+02
         vertex -3.375000e+02 -1.141268e+02 9.708204e+01
         vertex -3.000000e+02 -1.141268e+02 9.708204e+01
      endloop
   endfacet
   facet normal 0.000000e+00 -9.685831e-01 2.486902e-01
      outer loop
         vertex -3.000000e+02 -1.141268e+02 9.708204e+01
         vertex -3.375000e+02 -1.141268e+02 9.708204e+01
         vertex -3.375000e+02 -1.178745e+02 8.248576e+01
      endloop
   endfacet
   facet normal 0.000000e+00 -9.685831e-01 2.486902e-01
      outer loop
         vertex -3.000000e+02 -1.141268e+02 9.708204e+01
         vertex -3.375000e+02 -1.178745e+02 8.248576e+01
         vertex -3.000000e+02 -1.178745e+02 8.248576e+01
      endloop
   endfacet
   facet normal 0.000000e+00 -9.921147e-01 1.253332e-01
      outer loop
         vertex -3.000000e+02 -1.178745e+02 8.248576e+01
         vertex -3.375000e+02 -1.178745e+02 8.248576e+01
         vertex -3.375000e+02 -1.197632e+02 6.753486e+01
      endloop
   endfacet
   facet normal 0.000000e+00 -9.921147e-01 1.253332e-01
      outer loop
         vertex -3.000000e+02 -1.178745e+02 8.248576e+01
         vertex -3.375000e+02 -1.197632e+02 6.753486e+01
         vertex -3.000000e+02 -1.197632e+02 6.753486e+01
      endloop
   endfacet
   facet normal -0.000000e+00 -1.000000e+00 0.000000e+00
      outer loop
         vertex -3.000000e+02 -1.197632e+02 6.753486e+01
         vertex -3.375000e+02 -1.197632e+02 6.753486e+01
         vertex -3.375000e+02 -1.197632e+02 5.246514e+01
      endloop
   endfacet
   facet normal 0.000000e+00 -1.000000e+00 -0.000000e+00
      outer loop
         vertex -3.000000e+02 -1.197632e+02 6.753486e+01
         vertex -3.375000e+02 -1.197632e+02 5.246514e+01
         vertex -3.000000e+02 -1.197632e+02 5.246514e+01
      endloop
   endfacet
   facet normal -0.000000e+00 -9.921147e-01 -1.253332e-01
      outer loop
         vertex -3.000000e+02 -1.197632e+02 5.246514e+01
         vertex -3.375000e+02 -1.197632e+02 5.246514e+01
         vertex -3.375000e+02 -1.178745e+02 3.751424e+01
      endloop
   endfacet
   facet normal 0.000000e+00 -9.921147e-01 -1.253332e-01
      outer loop
         vertex -3.000000e+02 -1.197632e+02 5.246514e+01
         vertex -3.375000e+02 -1.178745e+02 3.751424e+01
         vertex -3.000000e+02 -1.178745e+02 3.751424e+01
      endloop
   endfacet
   facet normal -0.000000e+00 -9.685831e-01 -2.486902e-01
      outer loop
         vertex -3.000000e+02 -1.178745e+02 3.751424e+01
         vertex -3.375000e+02 -1.178745e+02 3.751424e+01
         vertex -3.375000e+02 -1.141268e+02 2.291796e+01
      endloop
   endfacet
   facet normal 0.000000e+00 -9.685831e-01 -2.486902e-01
      outer loop
         vertex -3.000000e+02 -1.178745e+02 3.751424e+01
         vertex -3.375000e+02 -1.141268e+02 2.291796e+01
         vertex -3.000000e+02 -1.141268e+02 2.291796e+01
      endloop
   endfacet
   facet normal -0.000000e+00 -9.297766e-01 -3.681243e-01
      outer loop
         vertex -3.000000e+02 -1.141268e+02 2.291796e+01
         vertex -3.375000e+02 -1.141268e+02 2.291796e+01
         vertex -3.375000e+02 -1.085792e+02 8.906485e+00
      endloop
   endfacet
   facet normal 0.000000e+00 -9.297766e-01 -3.681243e-01
      outer loop
         vertex -3.000000e+02 -1.141268e+02 2.291796e+01
         vertex -3.375000e+02 -1.085792e+02 8.906485e+00
         vertex -3.000000e+02 -1.085792e+02 8.906485e+00
      endloop
   endfacet
   facet normal -0.000000e+00 -8.763066e-01 -4.817538e-01
      outer loop
         vertex -3.000000e+02 -1.085792e+02 8.906485e+00
         vertex -3.375000e+02 -1.085792e+02 8.906485e+00
         vertex -3.375000e+02 -1.013194e+02 -4.299216e+00
      endloop
   endfacet
   facet normal 0.000000e+00 -8.763066e-01 -4.817538e-01
      outer loop
         vertex -3.000000e+02 -1.085792e+02 8.906485e+00
         vertex -3.375000e+02 -1.013194e+02 -4.299216e+00
         vertex -3.000000e+02 -1.013194e+02 -4.299216e+00
      endloop
   endfacet
   facet normal -0.000000e+00 -8.090169e-01 -5.877854e-01
      outer loop
         vertex -3.000000e+02 -1.013194e+02 -4.299216e+00
         vertex -3.375000e+02 -1.013194e+02 -4.299216e+00
         vertex -3.375000e+02 -9.246159e+01 -1.649088e+01
      endloop
   endfacet
   facet normal 0.000000e+00 -8.090169e-01 -5.877854e-01
      outer loop
         vertex -3.000000e+02 -1.013194e+02 -4.299216e+00
         vertex -3.375000e+02 -9.246159e+01 -1.649088e+01
         vertex -3.000000e+02 -9.246159e+01 -1.649088e+01
      endloop
   endfacet
   facet normal -0.000000e+00 -7.289687e-01 -6.845470e-01
      outer loop
         vertex -3.000000e+02 -9.246159e+01 -1.649088e+01
         vertex -3.375000e+02 -9.246159e+01 -1.649088e+01
         vertex -3.375000e+02 -8.214565e+01 -2.747623e+01
      endloop
   endfacet
   facet normal 0.000000e+00 -7.289687e-01 -6.845470e-01
      outer loop
         vertex -3.000000e+02 -9.246159e+01 -1.649088e+01
         vertex -3.375000e+02 -8.214565e+01 -2.747623e+01
         vertex -3.000000e+02 -8.214565e+01 -2.747623e+01
      endloop
   endfacet
   facet normal -0.000000e+00 -6.374239e-01 -7.705133e-01
      outer loop
         vertex -3.000000e+02 -8.214565e+01 -2.747623e+01
         vertex -3.375000e+02 -8.214565e+01 -2.747623e+01
         vertex -3.375000e+02 -7.053423e+01 -3.708204e+01
      endloop
   endfacet
   facet normal 0.000000e+00 -6.374239e-01 -7.705133e-01
      outer loop
         vertex -3.000000e+02 -8.214565e+01 -2.747623e+01
         vertex -3.375000e+02 -7.053423e+01 -3.708204e+01
         vertex -3.000000e+02 -7.053423e+01 -3.708204e+01
      endloop
   endfacet
   facet normal -0.000000e+00 -5.358269e-01 -8.443279e-01
      outer loop
         vertex -3.000000e+02 -7.053423e+01 -3.708204e+01
         vertex -3.375000e+02 -7.053423e+01 -3.708204e+01
         vertex -3.375000e+02 -5.781044e+01 -4.515680e+01
      endloop
   endfacet
   facet normal 0.000000e+00 -5.358269e-01 -8.443279e-01
      outer loop
         vertex -3.000000e+02 -7.053423e+01 -3.708204e+01
         vertex -3.375000e+02 -5.781044e+01 -4.515680e+01
         vertex -3.000000e+02 -5.781044e+01 -4.515680e+01
      endloop
   endfacet
   facet normal -0.000000e+00 -4.257793e-01 -9.048270e-01
      outer loop
         vertex -3.000000e+02 -5.781044e+01 -4.515680e+01
         vertex -3.375000e+02 -5.781044e+01 -4.515680e+01
         vertex -3.375000e+02 -4.417495e+01 -5.157318e+01
      endloop
   endfacet
   facet normal 0.000000e+00 -4.257793e-01 -9.048270e-01
      outer loop
         vertex -3.000000e+02 -5.781044e+01 -4.515680e+01
         vertex -3.375000e+02 -4.417495e+01 -5.157318e+01
         vertex -3.000000e+02 -4.417495e+01 -5.157318e+01
      endloop
   endfacet
   facet normal -0.000000e+00 -3.090169e-01 -9.510566e-01
      outer loop
         vertex -3.000000e+02 -4.417495e+01 -5.157318e+01
         vertex -3.375000e+02 -4.417495e+01 -5.157318e+01
         vertex -3.375000e+02 -2.984279e+01 -5.622998e+01
      endloop
   endfacet
   facet normal 0.000000e+00 -3.090169e-01 -9.510566e-01
      outer loop
         vertex -3.000000e+02 -4.417495e+01 -5.157318e+01
         vertex -3.375000e+02 -2.984279e+01 -5.622998e+01
         vertex -3.000000e+02 -2.984279e+01 -5.622998e+01
      endloop
   endfacet
   facet normal -0.000000e+00 -1.873813e-01 -9.822872e-01
      outer loop
         vertex -3.000000e+02 -2.984279e+01 -5.622998e+01
         vertex -3.375000e+02 -2.984279e+01 -5.622998e+01
         vertex -3.375000e+02 -1.503999e+01 -5.905376e+01
      endloop
   endfacet
   facet normal 0.000000e+00 -1.873813e-01 -9.822872e-01
      outer loop
         vertex -3.000000e+02 -2.984279e+01 -5.622998e+01
         vertex -3.375000e+02 -1.503999e+01 -5.905376e+01
         vertex -3.000000e+02 -1.503999e+01 -5.905376e+01
      endloop
   endfacet
   facet normal -0.000000e+00 -6.279046e-02 -9.980267e-01
      outer loop
         vertex -3.000000e+02 -1.503999e+01 -5.905376e+01
         vertex -3.375000e+02 -1.503999e+01 -5.905376e+01
         vertex -3.375000e+02 2.193046e-14 -6.000000e+01
      endloop
   endfacet
   facet normal -5.096156e-17 -6.279046e-02 -9.980267e-01
      outer loop
         vertex -3.000000e+02 -1.503999e+01 -5.905376e+01
         vertex -3.375000e+02 2.193046e-14 -6.000000e+01
         vertex -3.000000e+02 -7.461062e-15 -6.000000e+01
      endloop
   endfacet
   facet normal 4.921353e-17 6.279046e-02 -9.980267e-01
      outer loop
         vertex -3.000000e+02 -7.461062e-15 -6.000000e+01
         vertex -3.375000e+02 2.193046e-14 -6.000000e+01
         vertex -3.375000e+02 1.503999e+01 -5.905376e+01
      endloop
   endfacet
   facet normal 0.000000e+00 6.279046e-02 -9.980267e-01
      outer loop
         vertex -3.000000e+02 -7.461062e-15 -6.000000e+01
         vertex -3.375000e+02 1.503999e+01 -5.905376e+01
         vertex -3.000000e+02 1.503999e+01 -5.905376e+01
      endloop
   endfacet
   facet normal 0.000000e+00 1.873813e-01 -9.822872e-01
      outer loop
         vertex -3.000000e+02 1.503999e+01 -5.905376e+01
         vertex -3.375000e+02 1.503999e+01 -5.905376e+01
         vertex -3.375000e+02 2.984279e+01 -5.622998e+01
      endloop
   endfacet
   facet normal 0.000000e+00 1.873813e-01 -9.822872e-01
      outer loop
         vertex -3.000000e+02 1.503999e+01 -5.905376e+01
         vertex -3.375000e+02 2.984279e+01 -5.622998e+01
         vertex -3.000000e+02 2.984279e+01 -5.622998e+01
      endloop
   endfacet
   facet normal 0.000000e+00 3.090169e-01 -9.510566e-01
      outer loop
         vertex -3.000000e+02 2.984279e+01 -5.622998e+01
         vertex -3.375000e+02 2.984279e+01 -5.622998e+01
         vertex -3.375000e+02 4.417495e+01 -5.157318e+01
      endloop
   endfacet
   facet normal 0.000000e+00 3.090169e-01 -9.510566e-01
      outer loop
         vertex -3.000000e+02 2.984279e+01 -5.622998e+01
         vertex -3.375000e+02 4.417495e+01 -5.157318e+01
         vertex -3.000000e+02 4.417495e+01 -5.157318e+01
      endloop
   endfacet
   facet normal 0.000000e+00 4.257793e-01 -9.048270e-01
      outer loop
         vertex -3.000000e+02 4.417495e+01 -5.157318e+01
         vertex -3.375000e+02 4.417495e+01 -5.157318e+01
         vertex -3.375000e+02 5.781044e+01 -4.515680e+01
      endloop
   endfacet
   facet normal 0.000000e+00 4.257793e-01 -9.048270e-01
      outer loop
         vertex -3.000000e+02 4.417495e+01 -5.157318e+01
         vertex -3.375000e+02 5.781044e+01 -4.515680e+01
         vertex -3.000000e+02 5.781044e+01 -4.515680e+01
      endloop
   endfacet
   facet normal 0.000000e+00 5.358269e-01 -8.443279e-01
      outer loop
         vertex -3.000000e+02 5.781044e+01 -4.515680e+01
         vertex -3.375000e+02 5.781044e+01 -4.515680e+01
         vertex -3.375000e+02 7.053423e+01 -3.708204e+01
      endloop
   endfacet
   facet normal 0.000000e+00 5.358269e-01 -8.443279e-01
      outer loop
         vertex -3.000000e+02 5.781044e+01 -4.515680e+01
         vertex -3.375000e+02 7.053423e+01 -3.708204e+01
         vertex -3.000000e+02 7.053423e+01 -3.708204e+01
      endloop
   endfacet
   facet normal 0.000000e+00 6.374239e-01 -7.705133e-01
      outer loop
         vertex -3.000000e+02 7.053423e+01 -3.708204e+01
         vertex -3.375000e+02 7.053423e+01 -3.708204e+01
         vertex -3.375000e+02 8.214565e+01 -2.747623e+01
      endloop
   endfacet
   facet normal 0.000000e+00 6.374239e-01 -7.705133e-01
      outer loop
         vertex -3.000000e+02 7.053423e+01 -3.708204e+01
         vertex -3.375000e+02 8.214565e+01 -2.747623e+01
         vertex -3.000000e+02 8.214565e+01 -2.747623e+01
      endloop
   endfacet
   facet normal 0.000000e+00 7.289687e-01 -6.845470e-01
      outer loop
         vertex -3.000000e+02 8.214565e+01 -2.747623e+01
         vertex -3.375000e+02 8.214565e+01 -2.747623e+01
         vertex -3.375000e+02 9.246159e+01 -1.649088e+01
      endloop
   endfacet
   facet normal 0.000000e+00 7.289687e-01 -6.845470e-01
      outer loop
         vertex -3.000000e+02 8.214565e+01 -2.747623e+01
         vertex -3.375000e+02 9.246159e+01 -1.649088e+01
         vertex -3.000000e+02 9.246159e+01 -1.649088e+01
      endloop
   endfacet
   facet normal 0.000000e+00 8.090169e-01 -5.877854e-01
      outer loop
         vertex -3.000000e+02 9.246159e+01 -1.649088e+01
         vertex -3.375000e+02 9.246159e+01 -1.649088e+01
         vertex -3.375000e+02 1.013194e+02 -4.299216e+00
      endloop
   endfacet
   facet normal 0.000000e+00 8.090169e-01 -5.877854e-01
      outer loop
         vertex -3.000000e+02 9.246159e+01 -1.649088e+01
         vertex -3.375000e+02 1.013194e+02 -4.299216e+00
         vertex -3.000000e+02 1.013194e+02 -4.299216e+00
      endloop
   endfacet
   facet normal 0.000000e+00 8.763066e-01 -4.817538e-01
      outer loop
         vertex -3.000000e+02 1.013194e+02 -4.299216e+00
         vertex -3.375000e+02 1.013194e+02 -4.299216e+00
         vertex -3.375000e+02 1.085792e+02 8.906485e+00
      endloop
   endfacet
   facet normal 0.000000e+00 8.763066e-01 -4.817538e-01
      outer loop
         vertex -3.000000e+02 1.013194e+02 -4.299216e+00
         vertex -3.375000e+02 1.085792e+02 8.906485e+00
         vertex -3.000000e+02 1.085792e+02 8.906485e+00
      endloop
   endfacet
   facet normal 0.000000e+00 9.297766e-01 -3.681243e-01
      outer loop
         vertex -3.000000e+02 1.085792e+02 8.906485e+00
         vertex -3.375000e+02 1.085792e+02 8.906485e+00
         vertex -3.375000e+02 1.141268e+02 2.291796e+01
      endloop
   endfacet
   facet normal 0.000000e+00 9.297766e-01 -3.681243e-01
      outer loop
         vertex -3.000000e+02 1.085792e+02 8.906485e+00
         vertex -3.375000e+02 1.141268e+02 2.291796e+01
         vertex -3.000000e+02 1.141268e+02 2.291796e+01
      endloop
   endfacet
   facet normal 0.000000e+00 9.685831e-01 -2.486902e-01
      outer loop
         vertex -3.000000e+02 1.141268e+02 2.291796e+01
         vertex -3.375000e+02 1.141268e+02 2.291796e+01
         vertex -3.375000e+02 1.178745e+02 3.751424e+01
      endloop
   endfacet
   facet normal 0.000000e+00 9.685831e-01 -2.486902e-01
      outer loop
         vertex -3.000000e+02 1.141268e+02 2.291796e+01
         vertex -3.375000e+02 1.178745e+02 3.751424e+01
         vertex -3.000000e+02 1.178745e+02 3.751424e+01
      endloop
   endfacet
   facet normal 0.000000e+00 9.921147e-01 -1.253332e-01
      outer loop
         vertex -3.000000e+02 1.178745e+02 3.751424e+01
         vertex -3.375000e+02 1.178745e+02 3.751424e+01
         vertex -3.375000e+02 1.197632e+02 5.246514e+01
      endloop
   endfacet
   facet normal 0.000000e+00 9.921147e-01 -1.253332e-01
      outer loop
         vertex -3.000000e+02 1.178745e+02 3.751424e+01
         vertex -3.375000e+02 1.197632e+02 5.246514e+01
         vertex -3.000000e+02 1.197632e+02 5.246514e+01
      endloop
   endfacet
   facet normal 0.000000e+00 1.000000e+00 0.000000e+00
      outer loop
         vertex -3.000000e+02 1.197632e+02 5.246514e+01
         vertex -3.375000e+02 1.197632e+02 5.246514e+01
         vertex -3.375000e+02 1.197632e+02 6.753486e+01
      endloop
   endfacet
   facet normal 0.000000e+00 1.000000e+00 -0.000000e+00
      outer loop
         vertex -3.000000e+02 1.197632e+02 5.246514e+01
         vertex -3.375000e+02 1.197632e+02 6.753486e+01
         vertex -3.000000e+02 1.197632e+02 6.753486e+01
      endloop
   endfacet
   facet normal 0.000000e+00 9.921147e-01 1.253332e-01
      outer loop
         vertex -3.000000e+02 1.197632e+02 6.753486e+01
         vertex -3.375000e+02 1.197632e+02 6.753486e+01
         vertex -3.375000e+02 1.178745e+02 8.248576e+01
      endloop
   endfacet
   facet normal 0.000000e+00 9.921147e-01 1.253332e-01
      outer loop
         vertex -3.000000e+02 1.197632e+02 6.753486e+01
         vertex -3.375000e+02 1.178745e+02 8.248576e+01
         vertex -3.000000e+02 1.178745e+02 8.248576e+01
      endloop
   endfacet
   facet normal 0.000000e+00 9.685831e-01 2.486902e-01
      outer loop
         vertex -3.000000e+02 1.178745e+02 8.248576e+01
         vertex -3.375000e+02 1.178745e+02 8.248576e+01
         vertex -3.375000e+02 1.141268e+02 9.708204e+01
      endloop
   endfacet
   facet normal 0.000000e+00 9.685831e-01 2.486902e-01
      outer loop
         vertex -3.000000e+02 1.178745e+02 8.248576e+01
         vertex -3.375000e+02 1.141268e+02 9.708204e+01
         vertex -3.000000e+02 1.141268e+02 9.708204e+01
      endloop
   endfacet
   facet normal 0.000000e+00 9.199319e-01 3.920782e-01
      outer loop
         vertex -2.580866e+02 1.085800e+02 1.110919e+02
         vertex -2.568133e+02 1.120532e+02 1.029427e+02
         vertex -3.000000e+02 1.120532e+02 1.029427e+02
      endloop
   endfacet
   facet normal 0.000000e+00 9.427332e-01 3.335477e-01
      outer loop
         vertex -3.000000e+02 1.141268e+02 9.708204e+01
         vertex -3.375000e+02 1.141268e+02 9.708204e+01
         vertex -3.000000e+02 1.120532e+02 1.029427e+02
      endloop
   endfacet
   facet normal -6.120097e-03 9.297592e-01 3.681175e-01
      outer loop
         vertex -3.000000e+02 1.120532e+02 1.029427e+02
         vertex -3.375000e+02 1.141268e+02 9.708204e+01
         vertex -3.375000e+02 1.085792e+02 1.110935e+02
      endloop
   endfacet
   facet normal -8.082987e-07 9.199304e-01 3.920817e-01
      outer loop
         vertex -3.000000e+02 1.120532e+02 1.029427e+02
         vertex -3.375000e+02 1.085792e+02 1.110935e+02
         vertex -2.580866e+02 1.085800e+02 1.110919e+02
      endloop
   endfacet
   facet normal -2.238737e-06 8.090170e-01 5.877852e-01
      outer loop
         vertex -3.375000e+02 1.013194e+02 1.242992e+02
         vertex -3.375000e+02 9.246159e+01 1.364909e+02
         vertex -2.620548e+02 9.246330e+01 1.364888e+02
      endloop
   endfacet
   facet normal -4.445897e-03 7.957301e-01 6.056351e-01
      outer loop
         vertex -2.620548e+02 9.246330e+01 1.364888e+02
         vertex -2.608619e+02 9.828069e+01 1.288542e+02
         vertex -3.375000e+02 1.013194e+02 1.242992e+02
      endloop
   endfacet
   facet normal 7.303636e-07 8.318889e-01 5.549422e-01
      outer loop
         vertex -3.375000e+02 1.013194e+02 1.242992e+02
         vertex -2.608619e+02 9.828069e+01 1.288542e+02
         vertex -2.601499e+02 1.013206e+02 1.242972e+02
      endloop
   endfacet
   facet normal -1.934378e-06 8.763066e-01 4.817538e-01
      outer loop
         vertex -3.375000e+02 1.013194e+02 1.242992e+02
         vertex -2.601499e+02 1.013206e+02 1.242972e+02
         vertex -3.375000e+02 1.085792e+02 1.110935e+02
      endloop
   endfacet
   facet normal -4.168237e-03 8.657946e-01 5.003821e-01
      outer loop
         vertex -3.375000e+02 1.085792e+02 1.110935e+02
         vertex -2.601499e+02 1.013206e+02 1.242972e+02
         vertex -2.588241e+02 1.062308e+02 1.158123e+02
      endloop
   endfacet
   facet normal 5.038316e-07 8.952610e-01 4.455421e-01
      outer loop
         vertex -3.375000e+02 1.085792e+02 1.110935e+02
         vertex -2.588241e+02 1.062308e+02 1.158123e+02
         vertex -2.580866e+02 1.085800e+02 1.110919e+02
      endloop
   endfacet
   facet normal -2.388020e-06 6.374236e-01 7.705136e-01
      outer loop
         vertex -3.375000e+02 8.214565e+01 1.474762e+02
         vertex -3.375000e+02 7.053423e+01 1.570820e+02
         vertex -2.652723e+02 7.053643e+01 1.570804e+02
      endloop
   endfacet
   facet normal -5.007688e-03 6.187442e-01 7.855766e-01
      outer loop
         vertex -2.652723e+02 7.053643e+01 1.570804e+02
         vertex -2.643837e+02 7.776389e+01 1.513935e+02
         vertex -3.375000e+02 8.214565e+01 1.474762e+02
      endloop
   endfacet
   facet normal 1.049567e-06 6.664992e-01 7.455057e-01
      outer loop
         vertex -3.375000e+02 8.214565e+01 1.474762e+02
         vertex -2.643837e+02 7.776389e+01 1.513935e+02
         vertex -2.637713e+02 8.214769e+01 1.474743e+02
      endloop
   endfacet
   facet normal -2.263146e-06 7.289689e-01 6.845469e-01
      outer loop
         vertex -3.375000e+02 8.214565e+01 1.474762e+02
         vertex -2.637713e+02 8.214769e+01 1.474743e+02
         vertex -3.375000e+02 9.246159e+01 1.364909e+02
      endloop
   endfacet
   facet normal -4.727039e-03 7.129389e-01 7.012102e-01
      outer loop
         vertex -3.375000e+02 9.246159e+01 1.364909e+02
         vertex -2.637713e+02 8.214769e+01 1.474743e+02
         vertex -2.627251e+02 8.873997e+01 1.407788e+02
      endloop
   endfacet
   facet normal 8.411391e-07 7.552255e-01 6.554651e-01
      outer loop
         vertex -3.375000e+02 9.246159e+01 1.364909e+02
         vertex -2.627251e+02 8.873997e+01 1.407788e+02
         vertex -2.620548e+02 9.246330e+01 1.364888e+02
      endloop
   endfacet
   facet normal -1.790539e-06 4.257795e-01 9.048269e-01
      outer loop
         vertex -3.375000e+02 5.781044e+01 1.651568e+02
         vertex -3.375000e+02 4.417495e+01 1.715732e+02
         vertex -2.675366e+02 4.417682e+01 1.715724e+02
      endloop
   endfacet
   facet normal -5.551832e-03 4.023139e-01 9.154850e-01
      outer loop
         vertex -2.675366e+02 4.417682e+01 1.715724e+02
         vertex -2.669836e+02 5.223856e+01 1.680330e+02
         vertex -3.375000e+02 5.781044e+01 1.651568e+02
      endloop
   endfacet
   facet normal 8.703890e-07 4.587039e-01 8.885892e-01
      outer loop
         vertex -3.375000e+02 5.781044e+01 1.651568e+02
         vertex -2.669836e+02 5.223856e+01 1.680330e+02
         vertex -2.665340e+02 5.781259e+01 1.651556e+02
      endloop
   endfacet
   facet normal -2.195750e-06 5.358267e-01 8.443280e-01
      outer loop
         vertex -3.375000e+02 5.781044e+01 1.651568e+02
         vertex -2.665340e+02 5.781259e+01 1.651556e+02
         vertex -3.375000e+02 7.053423e+01 1.570820e+02
      endloop
   endfacet
   facet normal -5.283996e-03 5.146491e-01 8.573846e-01
      outer loop
         vertex -3.375000e+02 7.053423e+01 1.570820e+02
         vertex -2.665340e+02 5.781259e+01 1.651556e+02
         vertex -2.658108e+02 6.553067e+01 1.605273e+02
      endloop
   endfacet
   facet normal 9.236582e-07 5.671276e-01 8.236299e-01
      outer loop
         vertex -3.375000e+02 7.053423e+01 1.570820e+02
         vertex -2.658108e+02 6.553067e+01 1.605273e+02
         vertex -2.652723e+02 7.053643e+01 1.570804e+02
      endloop
   endfacet
   facet normal -5.831305e-07 1.873813e-01 9.822872e-01
      outer loop
         vertex -3.375000e+02 1.503999e+01 1.790538e+02
         vertex -2.687056e+02 1.504075e+01 1.790537e+02
         vertex -3.375000e+02 2.984279e+01 1.762300e+02
      endloop
   endfacet
   facet normal -6.042771e-03 1.602107e-01 9.870643e-01
      outer loop
         vertex -2.687056e+02 1.504075e+01 1.790537e+02
         vertex -2.684950e+02 2.335113e+01 1.777061e+02
         vertex -3.375000e+02 2.984279e+01 1.762300e+02
      endloop
   endfacet
   facet normal 5.509399e-07 2.217313e-01 9.751078e-01
      outer loop
         vertex -3.375000e+02 2.984279e+01 1.762300e+02
         vertex -2.684950e+02 2.335113e+01 1.777061e+02
         vertex -2.682643e+02 2.984419e+01 1.762296e+02
      endloop
   endfacet
   facet normal -1.339181e-06 3.090173e-01 9.510564e-01
      outer loop
         vertex -3.375000e+02 2.984279e+01 1.762300e+02
         vertex -2.682643e+02 2.984419e+01 1.762296e+02
         vertex -3.375000e+02 4.417495e+01 1.715732e+02
      endloop
   endfacet
   facet normal -5.806035e-03 2.835362e-01 9.589440e-01
      outer loop
         vertex -3.375000e+02 4.417495e+01 1.715732e+02
         vertex -2.682643e+02 2.984419e+01 1.762296e+02
         vertex -2.678832e+02 3.810259e+01 1.737901e+02
      endloop
   endfacet
   facet normal 7.997862e-07 3.429559e-01 9.393515e-01
      outer loop
         vertex -3.375000e+02 4.417495e+01 1.715732e+02
         vertex -2.678832e+02 3.810259e+01 1.737901e+02
         vertex -2.675366e+02 4.417682e+01 1.715724e+02
      endloop
   endfacet
   facet normal -6.257869e-03 3.431404e-02 9.993915e-01
      outer loop
         vertex -2.688094e+02 8.222275e+00 1.797180e+02
         vertex -3.375000e+02 1.503999e+01 1.790538e+02
         vertex -2.688535e+02 2.909811e-05 1.800000e+02
      endloop
   endfacet
   facet normal -2.661591e-08 6.279070e-02 9.980267e-01
      outer loop
         vertex -2.688535e+02 2.909811e-05 1.800000e+02
         vertex -3.375000e+02 1.503999e+01 1.790538e+02
         vertex -3.375000e+02 3.662622e-14 1.800000e+02
      endloop
   endfacet
   facet normal 1.243909e-08 -2.934558e-02 9.995693e-01
      outer loop
         vertex -2.688535e+02 2.909811e-05 1.800000e+02
         vertex -3.375000e+02 3.662622e-14 1.800000e+02
         vertex -2.688212e+02 -7.039876e+00 1.797933e+02
      endloop
   endfacet
   facet normal -3.432878e-03 -6.279033e-02 9.980208e-01
      outer loop
         vertex -2.688212e+02 -7.039876e+00 1.797933e+02
         vertex -3.375000e+02 3.662622e-14 1.800000e+02
         vertex -3.375000e+02 -1.503999e+01 1.790538e+02
      endloop
   endfacet
   facet normal 3.432516e-07 -9.205408e-02 9.957540e-01
      outer loop
         vertex -2.688212e+02 -7.039876e+00 1.797933e+02
         vertex -3.375000e+02 -1.503999e+01 1.790538e+02
         vertex -2.687056e+02 -1.504070e+01 1.790537e+02
      endloop
   endfacet
   facet normal -3.191796e-07 -1.551951e-01 9.878838e-01
      outer loop
         vertex -2.687056e+02 -1.504070e+01 1.790537e+02
         vertex -3.375000e+02 -1.503999e+01 1.790538e+02
         vertex -2.685301e+02 -2.218906e+01 1.779307e+02
      endloop
   endfacet
   facet normal -3.427697e-03 -1.873802e-01 9.822815e-01
      outer loop
         vertex -2.685301e+02 -2.218906e+01 1.779307e+02
         vertex -3.375000e+02 -1.503999e+01 1.790538e+02
         vertex -3.375000e+02 -2.984279e+01 1.762300e+02
      endloop
   endfacet
   facet normal 7.413780e-07 -2.169211e-01 9.761891e-01
      outer loop
         vertex -2.685301e+02 -2.218906e+01 1.779307e+02
         vertex -3.375000e+02 -2.984279e+01 1.762300e+02
         vertex -2.682643e+02 -2.984416e+01 1.762296e+02
      endloop
   endfacet
   facet normal -5.624271e-07 -2.785694e-01 9.604161e-01
      outer loop
         vertex -2.682643e+02 -2.984416e+01 1.762296e+02
         vertex -3.375000e+02 -2.984279e+01 1.762300e+02
         vertex -2.679409e+02 -3.698067e+01 1.741597e+02
      endloop
   endfacet
   facet normal -3.403563e-03 -3.090155e-01 9.510509e-01
      outer loop
         vertex -2.679409e+02 -3.698067e+01 1.741597e+02
         vertex -3.375000e+02 -2.984279e+01 1.762300e+02
         vertex -3.375000e+02 -4.417495e+01 1.715732e+02
      endloop
   endfacet
   facet normal 9.237957e-07 -3.383289e-01 9.410279e-01
      outer loop
         vertex -2.679409e+02 -3.698067e+01 1.741597e+02
         vertex -3.375000e+02 -4.417495e+01 1.715732e+02
         vertex -2.675366e+02 -4.417683e+01 1.715724e+02
      endloop
   endfacet
   facet normal -9.168050e-07 -3.975019e-01 9.176013e-01
      outer loop
         vertex -2.675366e+02 -4.417683e+01 1.715724e+02
         vertex -3.375000e+02 -4.417495e+01 1.715732e+02
         vertex -2.670629e+02 -5.117565e+01 1.685406e+02
      endloop
   endfacet
   facet normal -3.361383e-03 -4.257771e-01 9.048218e-01
      outer loop
         vertex -2.670629e+02 -5.117565e+01 1.685406e+02
         vertex -3.375000e+02 -4.417495e+01 1.715732e+02
         vertex -3.375000e+02 -5.781044e+01 1.651568e+02
      endloop
   endfacet
   facet normal 9.643048e-07 -4.543369e-01 8.908299e-01
      outer loop
         vertex -2.670629e+02 -5.117565e+01 1.685406e+02
         vertex -3.375000e+02 -5.781044e+01 1.651568e+02
         vertex -2.665340e+02 -5.781263e+01 1.651556e+02
      endloop
   endfacet
   facet normal -1.269583e-06 -5.100915e-01 8.601201e-01
      outer loop
         vertex -2.665340e+02 -5.781263e+01 1.651556e+02
         vertex -3.375000e+02 -5.781044e+01 1.651568e+02
         vertex -2.659102e+02 -6.454423e+01 1.611634e+02
      endloop
   endfacet
   facet normal -3.302827e-03 -5.358238e-01 8.443234e-01
      outer loop
         vertex -2.659102e+02 -6.454423e+01 1.611634e+02
         vertex -3.375000e+02 -5.781044e+01 1.651568e+02
         vertex -3.375000e+02 -7.053423e+01 1.570820e+02
      endloop
   endfacet
   facet normal 1.096116e-06 -5.630936e-01 8.263931e-01
      outer loop
         vertex -2.659102e+02 -6.454423e+01 1.611634e+02
         vertex -3.375000e+02 -7.053423e+01 1.570820e+02
         vertex -2.652723e+02 -7.053649e+01 1.570804e+02
      endloop
   endfacet
   facet normal -1.368213e-06 -6.145368e-01 7.888882e-01
      outer loop
         vertex -2.652723e+02 -7.053649e+01 1.570804e+02
         vertex -3.375000e+02 -7.053423e+01 1.570820e+02
         vertex -2.645014e+02 -7.686970e+01 1.521469e+02
      endloop
   endfacet
   facet normal -3.229901e-03 -6.374203e-01 7.705096e-01
      outer loop
         vertex -2.645014e+02 -7.686970e+01 1.521469e+02
         vertex -3.375000e+02 -7.053423e+01 1.570820e+02
         vertex -3.375000e+02 -8.214565e+01 1.474762e+02
      endloop
   endfacet
   facet normal 1.187286e-06 -6.628583e-01 7.487449e-01
      outer loop
         vertex -2.645014e+02 -7.686970e+01 1.521469e+02
         vertex -3.375000e+02 -8.214565e+01 1.474762e+02
         vertex -2.637713e+02 -8.214778e+01 1.474742e+02
      endloop
   endfacet
   facet normal -1.329990e-06 -7.091660e-01 7.050415e-01
      outer loop
         vertex -2.637713e+02 -8.214778e+01 1.474742e+02
         vertex -3.375000e+02 -8.214565e+01 1.474762e+02
         vertex -2.628591e+02 -8.795189e+01 1.416362e+02
      endloop
   endfacet
   facet normal -3.145303e-03 -7.289653e-01 6.845435e-01
      outer loop
         vertex -2.628591e+02 -8.795189e+01 1.416362e+02
         vertex -3.375000e+02 -8.214565e+01 1.474762e+02
         vertex -3.375000e+02 -9.246159e+01 1.364909e+02
      endloop
   endfacet
   facet normal 1.015696e-06 -7.520361e-01 6.591219e-01
      outer loop
         vertex -2.628591e+02 -8.795189e+01 1.416362e+02
         vertex -3.375000e+02 -9.246159e+01 1.364909e+02
         vertex -2.620548e+02 -9.246340e+01 1.364887e+02
      endloop
   endfacet
   facet normal -1.387111e-06 -7.924654e-01 6.099169e-01
      outer loop
         vertex -2.620548e+02 -9.246340e+01 1.364887e+02
         vertex -3.375000e+02 -9.246159e+01 1.364909e+02
         vertex -2.610099e+02 -9.761055e+01 1.298010e+02
      endloop
   endfacet
   facet normal -3.051199e-03 -8.090133e-01 5.877825e-01
      outer loop
         vertex -2.610099e+02 -9.761055e+01 1.298010e+02
         vertex -3.375000e+02 -9.246159e+01 1.364909e+02
         vertex -3.375000e+02 -1.013194e+02 1.242992e+02
      endloop
   endfacet
   facet normal 9.192421e-07 -8.291974e-01 5.589559e-01
      outer loop
         vertex -2.610099e+02 -9.761055e+01 1.298010e+02
         vertex -3.375000e+02 -1.013194e+02 1.242992e+02
         vertex -2.601499e+02 -1.013207e+02 1.242970e+02
      endloop
   endfacet
   facet normal -1.209892e-06 -8.630984e-01 5.050358e-01
      outer loop
         vertex -2.601499e+02 -1.013207e+02 1.242970e+02
         vertex -3.375000e+02 -1.013194e+02 1.242992e+02
         vertex -2.589836e+02 -1.056883e+02 1.168329e+02
      endloop
   endfacet
   facet normal -2.950099e-03 -8.763028e-01 4.817517e-01
      outer loop
         vertex -2.589836e+02 -1.056883e+02 1.168329e+02
         vertex -3.375000e+02 -1.013194e+02 1.242992e+02
         vertex -3.375000e+02 -1.085792e+02 1.110935e+02
      endloop
   endfacet
   facet normal 7.097259e-07 -8.931055e-01 4.498473e-01
      outer loop
         vertex -2.589836e+02 -1.056883e+02 1.168329e+02
         vertex -3.375000e+02 -1.085792e+02 1.110935e+02
         vertex -2.580865e+02 -1.085802e+02 1.110916e+02
      endloop
   endfacet
   facet normal -1.027720e-06 -9.199308e-01 3.920808e-01
      outer loop
         vertex -2.580865e+02 -1.085802e+02 1.110916e+02
         vertex -3.375000e+02 -1.085792e+02 1.110935e+02
         vertex -3.000000e+02 -1.120532e+02 1.029427e+02
      endloop
   endfacet
   facet normal 0.000000e+00 -9.199327e-01 3.920764e-01
      outer loop
         vertex -2.580865e+02 -1.085802e+02 1.110916e+02
         vertex -3.000000e+02 -1.120532e+02 1.029427e+02
         vertex -2.568133e+02 -1.120532e+02 1.029427e+02
      endloop
   endfacet
   facet normal 0.000000e+00 -9.337769e-01 3.578557e-01
      outer loop
         vertex -2.568133e+02 -1.120532e+02 1.029427e+02
         vertex -3.000000e+02 -1.120532e+02 1.029427e+02
         vertex -2.330291e+02 -1.667427e+02 -3.976229e+01
      endloop
   endfacet
   facet normal 1.243685e-07 -9.337769e-01 3.578558e-01
      outer loop
         vertex -2.330291e+02 -1.667427e+02 -3.976229e+01
         vertex -3.000000e+02 -1.120532e+02 1.029427e+02
         vertex -3.000000e+02 -1.500000e+02 3.925630e+00
      endloop
   endfacet
   facet normal -9.682084e-08 -9.337769e-01 3.578557e-01
      outer loop
         vertex 2.330291e+02 -1.667427e+02 -3.976229e+01
         vertex 3.000000e+02 -1.500000e+02 3.925630e+00
         vertex 2.568133e+02 -1.120532e+02 1.029427e+02
      endloop
   endfacet
   facet normal 0.000000e+00 -9.337769e-01 3.578558e-01
      outer loop
         vertex 2.568133e+02 -1.120532e+02 1.029427e+02
         vertex 3.000000e+02 -1.500000e+02 3.925630e+00
         vertex 3.000000e+02 -1.120532e+02 1.029427e+02
      endloop
   endfacet
   facet normal 0.000000e+00 3.007054e-01 -9.537171e-01
      outer loop
         vertex 3.375000e+02 -1.539091e+01 1.022862e+02
         vertex 2.495477e+02 -1.539091e+01 1.022862e+02
         vertex 2.497444e+02 -1.164686e+01 1.034667e+02
      endloop
   endfacet
   facet normal -1.951301e-03 2.588183e-01 -9.659241e-01
      outer loop
         vertex 3.375000e+02 -1.539091e+01 1.022862e+02
         vertex 2.497444e+02 -1.164686e+01 1.034667e+02
         vertex 3.375000e+02 -7.814168e+00 1.043163e+02
      endloop
   endfacet
   facet normal 0.000000e+00 3.826841e-01 -9.238793e-01
      outer loop
         vertex 2.495477e+02 -1.539091e+01 1.022862e+02
         vertex 3.375000e+02 -1.539091e+01 1.022862e+02
         vertex 2.492973e+02 -1.901782e+01 1.007838e+02
      endloop
   endfacet
   facet normal -1.941382e-03 4.226174e-01 -9.063061e-01
      outer loop
         vertex 2.492973e+02 -1.901782e+01 1.007838e+02
         vertex 3.375000e+02 -1.539091e+01 1.022862e+02
         vertex 3.375000e+02 -2.250000e+01 9.897114e+01
      endloop
   endfacet
   facet normal 0.000000e+00 4.617478e-01 -8.870113e-01
      outer loop
         vertex 2.492973e+02 -1.901782e+01 1.007838e+02
         vertex 3.375000e+02 -2.250000e+01 9.897114e+01
         vertex 2.489952e+02 -2.250000e+01 9.897114e+01
      endloop
   endfacet
   facet normal 0.000000e+00 5.373002e-01 -8.433911e-01
      outer loop
         vertex 2.489952e+02 -2.250000e+01 9.897114e+01
         vertex 3.375000e+02 -2.250000e+01 9.897114e+01
         vertex 2.486436e+02 -2.581094e+01 9.686184e+01
      endloop
   endfacet
   facet normal -1.927115e-03 5.735755e-01 -8.191504e-01
      outer loop
         vertex 2.486436e+02 -2.581094e+01 9.686184e+01
         vertex 3.375000e+02 -2.250000e+01 9.897114e+01
         vertex 3.375000e+02 -2.892544e+01 9.447200e+01
      endloop
   endfacet
   facet normal 0.000000e+00 6.087612e-01 -7.933535e-01
      outer loop
         vertex 2.486436e+02 -2.581094e+01 9.686184e+01
         vertex 3.375000e+02 -2.892544e+01 9.447200e+01
         vertex 2.482453e+02 -2.892544e+01 9.447200e+01
      endloop
   endfacet
   facet normal 0.000000e+00 7.071067e-01 -7.071069e-01
      outer loop
         vertex 2.482453e+02 -2.892544e+01 9.447200e+01
         vertex 3.375000e+02 -2.892544e+01 9.447200e+01
         vertex 3.375000e+02 -3.447200e+01 8.892544e+01
      endloop
   endfacet
   facet normal 0.000000e+00 7.071067e-01 -7.071069e-01
      outer loop
         vertex 2.482453e+02 -2.892544e+01 9.447200e+01
         vertex 3.375000e+02 -3.447200e+01 8.892544e+01
         vertex 2.473209e+02 -3.447200e+01 8.892544e+01
      endloop
   endfacet
   facet normal 0.000000e+00 8.191519e-01 -5.735767e-01
      outer loop
         vertex 2.473209e+02 -3.447200e+01 8.892544e+01
         vertex 3.375000e+02 -3.447200e+01 8.892544e+01
         vertex 3.375000e+02 -3.897114e+01 8.250000e+01
      endloop
   endfacet
   facet normal 0.000000e+00 8.191519e-01 -5.735767e-01
      outer loop
         vertex 2.473209e+02 -3.447200e+01 8.892544e+01
         vertex 3.375000e+02 -3.897114e+01 8.250000e+01
         vertex 2.462500e+02 -3.897114e+01 8.250000e+01
      endloop
   endfacet
   facet normal 0.000000e+00 9.063079e-01 -4.226180e-01
      outer loop
         vertex 2.462500e+02 -3.897114e+01 8.250000e+01
         vertex 3.375000e+02 -3.897114e+01 8.250000e+01
         vertex 3.375000e+02 -4.228617e+01 7.539091e+01
      endloop
   endfacet
   facet normal 0.000000e+00 9.063079e-01 -4.226180e-01
      outer loop
         vertex 2.462500e+02 -3.897114e+01 8.250000e+01
         vertex 3.375000e+02 -4.228617e+01 7.539091e+01
         vertex 2.450652e+02 -4.228617e+01 7.539091e+01
      endloop
   endfacet
   facet normal 0.000000e+00 9.659259e-01 -2.588189e-01
      outer loop
         vertex 2.450652e+02 -4.228617e+01 7.539091e+01
         vertex 3.375000e+02 -4.228617e+01 7.539091e+01
         vertex 3.375000e+02 -4.431635e+01 6.781417e+01
      endloop
   endfacet
   facet normal 0.000000e+00 9.659259e-01 -2.588189e-01
      outer loop
         vertex 2.450652e+02 -4.228617e+01 7.539091e+01
         vertex 3.375000e+02 -4.431635e+01 6.781417e+01
         vertex 2.438024e+02 -4.431635e+01 6.781417e+01
      endloop
   endfacet
   facet normal 0.000000e+00 9.961947e-01 -8.715607e-02
      outer loop
         vertex 2.438024e+02 -4.431635e+01 6.781417e+01
         vertex 3.375000e+02 -4.431635e+01 6.781417e+01
         vertex 3.375000e+02 -4.500000e+01 6.000000e+01
      endloop
   endfacet
   facet normal 0.000000e+00 9.961947e-01 -8.715607e-02
      outer loop
         vertex 2.438024e+02 -4.431635e+01 6.781417e+01
         vertex 3.375000e+02 -4.500000e+01 6.000000e+01
         vertex 2.425000e+02 -4.500000e+01 6.000000e+01
      endloop
   endfacet
   facet normal -0.000000e+00 9.961947e-01 8.715615e-02
      outer loop
         vertex 2.425000e+02 -4.500000e+01 6.000000e+01
         vertex 3.375000e+02 -4.500000e+01 6.000000e+01
         vertex 3.375000e+02 -4.431635e+01 5.218583e+01
      endloop
   endfacet
   facet normal 0.000000e+00 9.961947e-01 8.715615e-02
      outer loop
         vertex 2.425000e+02 -4.500000e+01 6.000000e+01
         vertex 3.375000e+02 -4.431635e+01 5.218583e+01
         vertex 2.411976e+02 -4.431635e+01 5.218583e+01
      endloop
   endfacet
   facet normal -0.000000e+00 9.659259e-01 2.588187e-01
      outer loop
         vertex 2.411976e+02 -4.431635e+01 5.218583e+01
         vertex 3.375000e+02 -4.431635e+01 5.218583e+01
         vertex 3.375000e+02 -4.228617e+01 4.460909e+01
      endloop
   endfacet
   facet normal 0.000000e+00 9.659259e-01 2.588187e-01
      outer loop
         vertex 2.411976e+02 -4.431635e+01 5.218583e+01
         vertex 3.375000e+02 -4.228617e+01 4.460909e+01
         vertex 2.399348e+02 -4.228617e+01 4.460909e+01
      endloop
   endfacet
   facet normal -0.000000e+00 9.063078e-01 4.226183e-01
      outer loop
         vertex 2.399348e+02 -4.228617e+01 4.460909e+01
         vertex 3.375000e+02 -4.228617e+01 4.460909e+01
         vertex 3.375000e+02 -3.897114e+01 3.750000e+01
      endloop
   endfacet
   facet normal 0.000000e+00 9.063078e-01 4.226183e-01
      outer loop
         vertex 2.399348e+02 -4.228617e+01 4.460909e+01
         vertex 3.375000e+02 -3.897114e+01 3.750000e+01
         vertex 2.387500e+02 -3.897114e+01 3.750000e+01
      endloop
   endfacet
   facet normal -0.000000e+00 8.191520e-01 5.735765e-01
      outer loop
         vertex 2.387500e+02 -3.897114e+01 3.750000e+01
         vertex 3.375000e+02 -3.897114e+01 3.750000e+01
         vertex 3.375000e+02 -3.447200e+01 3.107456e+01
      endloop
   endfacet
   facet normal 0.000000e+00 8.191520e-01 5.735765e-01
      outer loop
         vertex 2.387500e+02 -3.897114e+01 3.750000e+01
         vertex 3.375000e+02 -3.447200e+01 3.107456e+01
         vertex 2.376791e+02 -3.447200e+01 3.107456e+01
      endloop
   endfacet
   facet normal -0.000000e+00 7.071068e-01 7.071068e-01
      outer loop
         vertex 2.376791e+02 -3.447200e+01 3.107456e+01
         vertex 3.375000e+02 -3.447200e+01 3.107456e+01
         vertex 3.375000e+02 -2.892544e+01 2.552800e+01
      endloop
   endfacet
   facet normal 0.000000e+00 7.071068e-01 7.071068e-01
      outer loop
         vertex 2.376791e+02 -3.447200e+01 3.107456e+01
         vertex 3.375000e+02 -2.892544e+01 2.552800e+01
         vertex 2.367547e+02 -2.892544e+01 2.552800e+01
      endloop
   endfacet
   facet normal -0.000000e+00 6.087615e-01 7.933533e-01
      outer loop
         vertex 2.367547e+02 -2.892544e+01 2.552800e+01
         vertex 3.375000e+02 -2.892544e+01 2.552800e+01
         vertex 2.363564e+02 -2.581094e+01 2.313816e+01
      endloop
   endfacet
   facet normal -1.693026e-03 5.735756e-01 8.191509e-01
      outer loop
         vertex 2.363564e+02 -2.581094e+01 2.313816e+01
         vertex 3.375000e+02 -2.892544e+01 2.552800e+01
         vertex 3.375000e+02 -2.250000e+01 2.102886e+01
      endloop
   endfacet
   facet normal 0.000000e+00 5.372995e-01 8.433915e-01
      outer loop
         vertex 2.363564e+02 -2.581094e+01 2.313816e+01
         vertex 3.375000e+02 -2.250000e+01 2.102886e+01
         vertex 2.360048e+02 -2.250000e+01 2.102886e+01
      endloop
   endfacet
   facet normal -0.000000e+00 4.617485e-01 8.870109e-01
      outer loop
         vertex 2.360048e+02 -2.250000e+01 2.102886e+01
         vertex 3.375000e+02 -2.250000e+01 2.102886e+01
         vertex 2.357027e+02 -1.901782e+01 1.921615e+01
      endloop
   endfacet
   facet normal -1.682144e-03 4.226177e-01 9.063065e-01
      outer loop
         vertex 2.357027e+02 -1.901782e+01 1.921615e+01
         vertex 3.375000e+02 -2.250000e+01 2.102886e+01
         vertex 3.375000e+02 -1.539091e+01 1.771383e+01
      endloop
   endfacet
   facet normal 0.000000e+00 3.826837e-01 9.238794e-01
      outer loop
         vertex 2.357027e+02 -1.901782e+01 1.921615e+01
         vertex 3.375000e+02 -1.539091e+01 1.771383e+01
         vertex 2.354523e+02 -1.539091e+01 1.771383e+01
      endloop
   endfacet
   facet normal -0.000000e+00 3.007058e-01 9.537169e-01
      outer loop
         vertex 2.354523e+02 -1.539091e+01 1.771383e+01
         vertex 3.375000e+02 -1.539091e+01 1.771383e+01
         vertex 2.352556e+02 -1.164686e+01 1.653334e+01
      endloop
   endfacet
   facet normal -1.674795e-03 2.588187e-01 9.659245e-01
      outer loop
         vertex 2.352556e+02 -1.164686e+01 1.653334e+01
         vertex 3.375000e+02 -1.539091e+01 1.771383e+01
         vertex 3.375000e+02 -7.814168e+00 1.568365e+01
      endloop
   endfacet
   facet normal 0.000000e+00 2.164396e-01 9.762960e-01
      outer loop
         vertex 2.352556e+02 -1.164686e+01 1.653334e+01
         vertex 3.375000e+02 -7.814168e+00 1.568365e+01
         vertex 2.351139e+02 -7.814168e+00 1.568365e+01
      endloop
   endfacet
   facet normal -0.000000e+00 1.305262e-01 9.914449e-01
      outer loop
         vertex 2.351139e+02 -7.814168e+00 1.568365e+01
         vertex 3.375000e+02 -7.814168e+00 1.568365e+01
         vertex 2.350285e+02 -3.922008e+00 1.517124e+01
      endloop
   endfacet
   facet normal -1.671084e-03 8.715565e-02 9.961933e-01
      outer loop
         vertex 2.350285e+02 -3.922008e+00 1.517124e+01
         vertex 3.375000e+02 -7.814168e+00 1.568365e+01
         vertex 3.375000e+02 1.090864e-14 1.500000e+01
      endloop
   endfacet
   facet normal 4.473148e-18 4.361938e-02 9.990482e-01
      outer loop
         vertex 2.350285e+02 -3.922008e+00 1.517124e+01
         vertex 3.375000e+02 1.090864e-14 1.500000e+01
         vertex 2.350000e+02 2.193046e-14 1.500000e+01
      endloop
   endfacet
   facet normal -4.690390e-18 -4.361938e-02 9.990482e-01
      outer loop
         vertex 2.350000e+02 2.193046e-14 1.500000e+01
         vertex 3.375000e+02 1.090864e-14 1.500000e+01
         vertex 2.350285e+02 3.922008e+00 1.517124e+01
      endloop
   endfacet
   facet normal -1.671084e-03 -8.715565e-02 9.961933e-01
      outer loop
         vertex 2.350285e+02 3.922008e+00 1.517124e+01
         vertex 3.375000e+02 1.090864e-14 1.500000e+01
         vertex 3.375000e+02 7.814168e+00 1.568365e+01
      endloop
   endfacet
   facet normal 0.000000e+00 -1.305262e-01 9.914449e-01
      outer loop
         vertex 2.350285e+02 3.922008e+00 1.517124e+01
         vertex 3.375000e+02 7.814168e+00 1.568365e+01
         vertex 2.351139e+02 7.814168e+00 1.568365e+01
      endloop
   endfacet
   facet normal 0.000000e+00 -2.164396e-01 9.762960e-01
      outer loop
         vertex 2.351139e+02 7.814168e+00 1.568365e+01
         vertex 3.375000e+02 7.814168e+00 1.568365e+01
         vertex 2.352556e+02 1.164686e+01 1.653334e+01
      endloop
   endfacet
   facet normal -1.674795e-03 -2.588187e-01 9.659245e-01
      outer loop
         vertex 2.352556e+02 1.164686e+01 1.653334e+01
         vertex 3.375000e+02 7.814168e+00 1.568365e+01
         vertex 3.375000e+02 1.539091e+01 1.771383e+01
      endloop
   endfacet
   facet normal 0.000000e+00 -3.007058e-01 9.537169e-01
      outer loop
         vertex 2.352556e+02 1.164686e+01 1.653334e+01
         vertex 3.375000e+02 1.539091e+01 1.771383e+01
         vertex 2.354523e+02 1.539091e+01 1.771383e+01
      endloop
   endfacet
   facet normal 0.000000e+00 -3.826837e-01 9.238794e-01
      outer loop
         vertex 2.354523e+02 1.539091e+01 1.771383e+01
         vertex 3.375000e+02 1.539091e+01 1.771383e+01
         vertex 2.357027e+02 1.901782e+01 1.921615e+01
      endloop
   endfacet
   facet normal -1.682144e-03 -4.226177e-01 9.063065e-01
      outer loop
         vertex 2.357027e+02 1.901782e+01 1.921615e+01
         vertex 3.375000e+02 1.539091e+01 1.771383e+01
         vertex 3.375000e+02 2.250000e+01 2.102886e+01
      endloop
   endfacet
   facet normal 0.000000e+00 -4.617485e-01 8.870109e-01
      outer loop
         vertex 2.357027e+02 1.901782e+01 1.921615e+01
         vertex 3.375000e+02 2.250000e+01 2.102886e+01
         vertex 2.360048e+02 2.250000e+01 2.102886e+01
      endloop
   endfacet
   facet normal 0.000000e+00 -5.372995e-01 8.433915e-01
      outer loop
         vertex 2.360048e+02 2.250000e+01 2.102886e+01
         vertex 3.375000e+02 2.250000e+01 2.102886e+01
         vertex 2.363564e+02 2.581094e+01 2.313816e+01
      endloop
   endfacet
   facet normal -1.693026e-03 -5.735756e-01 8.191509e-01
      outer loop
         vertex 2.363564e+02 2.581094e+01 2.313816e+01
         vertex 3.375000e+02 2.250000e+01 2.102886e+01
         vertex 3.375000e+02 2.892544e+01 2.552800e+01
      endloop
   endfacet
   facet normal 0.000000e+00 -6.087615e-01 7.933533e-01
      outer loop
         vertex 2.363564e+02 2.581094e+01 2.313816e+01
         vertex 3.375000e+02 2.892544e+01 2.552800e+01
         vertex 2.367547e+02 2.892544e+01 2.552800e+01
      endloop
   endfacet
   facet normal 0.000000e+00 -7.071068e-01 7.071068e-01
      outer loop
         vertex 2.367547e+02 2.892544e+01 2.552800e+01
         vertex 3.375000e+02 2.892544e+01 2.552800e+01
         vertex 3.375000e+02 3.447200e+01 3.107456e+01
      endloop
   endfacet
   facet normal 0.000000e+00 -7.071068e-01 7.071068e-01
      outer loop
         vertex 2.367547e+02 2.892544e+01 2.552800e+01
         vertex 3.375000e+02 3.447200e+01 3.107456e+01
         vertex 2.376791e+02 3.447200e+01 3.107456e+01
      endloop
   endfacet
   facet normal 0.000000e+00 -8.191520e-01 5.735765e-01
      outer loop
         vertex 2.376791e+02 3.447200e+01 3.107456e+01
         vertex 3.375000e+02 3.447200e+01 3.107456e+01
         vertex 3.375000e+02 3.897114e+01 3.750000e+01
      endloop
   endfacet
   facet normal 0.000000e+00 -8.191520e-01 5.735765e-01
      outer loop
         vertex 2.376791e+02 3.447200e+01 3.107456e+01
         vertex 3.375000e+02 3.897114e+01 3.750000e+01
         vertex 2.387500e+02 3.897114e+01 3.750000e+01
      endloop
   endfacet
   facet normal 0.000000e+00 -9.063078e-01 4.226183e-01
      outer loop
         vertex 2.387500e+02 3.897114e+01 3.750000e+01
         vertex 3.375000e+02 3.897114e+01 3.750000e+01
         vertex 3.375000e+02 4.228617e+01 4.460909e+01
      endloop
   endfacet
   facet normal 0.000000e+00 -9.063078e-01 4.226183e-01
      outer loop
         vertex 2.387500e+02 3.897114e+01 3.750000e+01
         vertex 3.375000e+02 4.228617e+01 4.460909e+01
         vertex 2.399348e+02 4.228617e+01 4.460909e+01
      endloop
   endfacet
   facet normal 0.000000e+00 -9.659259e-01 2.588187e-01
      outer loop
         vertex 2.399348e+02 4.228617e+01 4.460909e+01
         vertex 3.375000e+02 4.228617e+01 4.460909e+01
         vertex 3.375000e+02 4.431635e+01 5.218583e+01
      endloop
   endfacet
   facet normal 0.000000e+00 -9.659259e-01 2.588187e-01
      outer loop
         vertex 2.399348e+02 4.228617e+01 4.460909e+01
         vertex 3.375000e+02 4.431635e+01 5.218583e+01
         vertex 2.411976e+02 4.431635e+01 5.218583e+01
      endloop
   endfacet
   facet normal 0.000000e+00 -9.961947e-01 8.715615e-02
      outer loop
         vertex 2.411976e+02 4.431635e+01 5.218583e+01
         vertex 3.375000e+02 4.431635e+01 5.218583e+01
         vertex 3.375000e+02 4.500000e+01 6.000000e+01
      endloop
   endfacet
   facet normal 0.000000e+00 -9.961947e-01 8.715615e-02
      outer loop
         vertex 2.411976e+02 4.431635e+01 5.218583e+01
         vertex 3.375000e+02 4.500000e+01 6.000000e+01
         vertex 2.425000e+02 4.500000e+01 6.000000e+01
      endloop
   endfacet
   facet normal 0.000000e+00 -9.961947e-01 -8.715607e-02
      outer loop
         vertex 2.425000e+02 4.500000e+01 6.000000e+01
         vertex 3.375000e+02 4.500000e+01 6.000000e+01
         vertex 3.375000e+02 4.431635e+01 6.781417e+01
      endloop
   endfacet
   facet normal 0.000000e+00 -9.961947e-01 -8.715607e-02
      outer loop
         vertex 2.425000e+02 4.500000e+01 6.000000e+01
         vertex 3.375000e+02 4.431635e+01 6.781417e+01
         vertex 2.438024e+02 4.431635e+01 6.781417e+01
      endloop
   endfacet
   facet normal 0.000000e+00 -9.659259e-01 -2.588189e-01
      outer loop
         vertex 2.438024e+02 4.431635e+01 6.781417e+01
         vertex 3.375000e+02 4.431635e+01 6.781417e+01
         vertex 3.375000e+02 4.228617e+01 7.539091e+01
      endloop
   endfacet
   facet normal 0.000000e+00 -9.659259e-01 -2.588189e-01
      outer loop
         vertex 2.438024e+02 4.431635e+01 6.781417e+01
         vertex 3.375000e+02 4.228617e+01 7.539091e+01
         vertex 2.450652e+02 4.228617e+01 7.539091e+01
      endloop
   endfacet
   facet normal 0.000000e+00 -9.063079e-01 -4.226180e-01
      outer loop
         vertex 2.450652e+02 4.228617e+01 7.539091e+01
         vertex 3.375000e+02 4.228617e+01 7.539091e+01
         vertex 3.375000e+02 3.897114e+01 8.250000e+01
      endloop
   endfacet
   facet normal 0.000000e+00 -9.063079e-01 -4.226180e-01
      outer loop
         vertex 2.450652e+02 4.228617e+01 7.539091e+01
         vertex 3.375000e+02 3.897114e+01 8.250000e+01
         vertex 2.462500e+02 3.897114e+01 8.250000e+01
      endloop
   endfacet
   facet normal 0.000000e+00 -8.191519e-01 -5.735767e-01
      outer loop
         vertex 2.462500e+02 3.897114e+01 8.250000e+01
         vertex 3.375000e+02 3.897114e+01 8.250000e+01
         vertex 3.375000e+02 3.447200e+01 8.892544e+01
      endloop
   endfacet
   facet normal 0.000000e+00 -8.191519e-01 -5.735767e-01
      outer loop
         vertex 2.462500e+02 3.897114e+01 8.250000e+01
         vertex 3.375000e+02 3.447200e+01 8.892544e+01
         vertex 2.473209e+02 3.447200e+01 8.892544e+01
      endloop
   endfacet
   facet normal 0.000000e+00 -7.071067e-01 -7.071069e-01
      outer loop
         vertex 2.473209e+02 3.447200e+01 8.892544e+01
         vertex 3.375000e+02 3.447200e+01 8.892544e+01
         vertex 3.375000e+02 2.892544e+01 9.447200e+01
      endloop
   endfacet
   facet normal 0.000000e+00 -7.071067e-01 -7.071069e-01
      outer loop
         vertex 2.473209e+02 3.447200e+01 8.892544e+01
         vertex 3.375000e+02 2.892544e+01 9.447200e+01
         vertex 2.482453e+02 2.892544e+01 9.447200e+01
      endloop
   endfacet
   facet normal -0.000000e+00 -5.735766e-01 -8.191519e-01
      outer loop
         vertex 3.375000e+02 2.250000e+01 9.897114e+01
         vertex 2.489952e+02 2.250000e+01 9.897114e+01
         vertex 3.375000e+02 2.892544e+01 9.447200e+01
      endloop
   endfacet
   facet normal -3.835423e-03 -5.375859e-01 -8.432003e-01
      outer loop
         vertex 3.375000e+02 2.892544e+01 9.447200e+01
         vertex 2.489952e+02 2.250000e+01 9.897114e+01
         vertex 2.486436e+02 2.581094e+01 9.686184e+01
      endloop
   endfacet
   facet normal -0.000000e+00 -6.087612e-01 -7.933535e-01
      outer loop
         vertex 3.375000e+02 2.892544e+01 9.447200e+01
         vertex 2.486436e+02 2.581094e+01 9.686184e+01
         vertex 2.482453e+02 2.892544e+01 9.447200e+01
      endloop
   endfacet
   facet normal 0.000000e+00 -2.588188e-01 -9.659259e-01
      outer loop
         vertex 3.375000e+02 1.539091e+01 1.022862e+02
         vertex 3.375000e+02 7.814168e+00 1.043163e+02
         vertex 2.498861e+02 7.814168e+00 1.043163e+02
      endloop
   endfacet
   facet normal -3.892608e-03 -2.165750e-01 -9.762582e-01
      outer loop
         vertex 2.498861e+02 7.814168e+00 1.043163e+02
         vertex 2.497444e+02 1.164686e+01 1.034667e+02
         vertex 3.375000e+02 1.539091e+01 1.022862e+02
      endloop
   endfacet
   facet normal -0.000000e+00 -3.007054e-01 -9.537171e-01
      outer loop
         vertex 3.375000e+02 1.539091e+01 1.022862e+02
         vertex 2.497444e+02 1.164686e+01 1.034667e+02
         vertex 2.495477e+02 1.539091e+01 1.022862e+02
      endloop
   endfacet
   facet normal -0.000000e+00 -4.226181e-01 -9.063078e-01
      outer loop
         vertex 3.375000e+02 1.539091e+01 1.022862e+02
         vertex 2.495477e+02 1.539091e+01 1.022862e+02
         vertex 3.375000e+02 2.250000e+01 9.897114e+01
      endloop
   endfacet
   facet normal -3.868107e-03 -3.829091e-01 -9.237779e-01
      outer loop
         vertex 3.375000e+02 2.250000e+01 9.897114e+01
         vertex 2.495477e+02 1.539091e+01 1.022862e+02
         vertex 2.492973e+02 1.901782e+01 1.007838e+02
      endloop
   endfacet
   facet normal -0.000000e+00 -4.617478e-01 -8.870113e-01
      outer loop
         vertex 3.375000e+02 2.250000e+01 9.897114e+01
         vertex 2.492973e+02 1.901782e+01 1.007838e+02
         vertex 2.489952e+02 2.250000e+01 9.897114e+01
      endloop
   endfacet
   facet normal 0.000000e+00 2.164396e-01 -9.762960e-01
      outer loop
         vertex 2.497444e+02 -1.164686e+01 1.034667e+02
         vertex 2.498861e+02 -7.814168e+00 1.043163e+02
         vertex 3.375000e+02 -7.814168e+00 1.043163e+02
      endloop
   endfacet
   facet normal 0.000000e+00 1.305265e-01 -9.914448e-01
      outer loop
         vertex 3.375000e+02 -7.814168e+00 1.043163e+02
         vertex 2.498861e+02 -7.814168e+00 1.043163e+02
         vertex 2.499715e+02 -3.922008e+00 1.048288e+02
      endloop
   endfacet
   facet normal -1.956388e-03 8.715548e-02 -9.961928e-01
      outer loop
         vertex 3.375000e+02 -7.814168e+00 1.043163e+02
         vertex 2.499715e+02 -3.922008e+00 1.048288e+02
         vertex 3.375000e+02 2.744137e-14 1.050000e+02
      endloop
   endfacet
   facet normal 0.000000e+00 4.361891e-02 -9.990482e-01
      outer loop
         vertex 3.375000e+02 2.744137e-14 1.050000e+02
         vertex 2.499715e+02 -3.922008e+00 1.048288e+02
         vertex 2.500000e+02 2.744137e-14 1.050000e+02
      endloop
   endfacet
   facet normal -0.000000e+00 -8.715565e-02 -9.961947e-01
      outer loop
         vertex 3.375000e+02 2.744137e-14 1.050000e+02
         vertex 2.500000e+02 2.744137e-14 1.050000e+02
         vertex 3.375000e+02 7.814168e+00 1.043163e+02
      endloop
   endfacet
   facet normal -3.907760e-03 -4.364695e-02 -9.990394e-01
      outer loop
         vertex 3.375000e+02 7.814168e+00 1.043163e+02
         vertex 2.500000e+02 2.744137e-14 1.050000e+02
         vertex 2.499715e+02 3.922008e+00 1.048288e+02
      endloop
   endfacet
   facet normal -0.000000e+00 -1.305265e-01 -9.914448e-01
      outer loop
         vertex 3.375000e+02 7.814168e+00 1.043163e+02
         vertex 2.499715e+02 3.922008e+00 1.048288e+02
         vertex 2.498861e+02 7.814168e+00 1.043163e+02
      endloop
   endfacet
   facet normal 0.000000e+00 1.305262e-01 9.914449e-01
      outer loop
         vertex -2.351139e+02 -7.814168e+00 1.568365e+01
         vertex -2.350285e+02 -3.922008e+00 1.517124e+01
         vertex -3.375000e+02 -7.814168e+00 1.568365e+01
      endloop
   endfacet
   facet normal 1.671084e-03 8.715565e-02 9.961933e-01
      outer loop
         vertex -3.375000e+02 -7.814168e+00 1.568365e+01
         vertex -2.350285e+02 -3.922008e+00 1.517124e+01
         vertex -3.375000e+02 1.090864e-14 1.500000e+01
      endloop
   endfacet
   facet normal 0.000000e+00 2.164396e-01 9.762960e-01
      outer loop
         vertex -2.351139e+02 -7.814168e+00 1.568365e+01
         vertex -3.375000e+02 -7.814168e+00 1.568365e+01
         vertex -2.352556e+02 -1.164686e+01 1.653334e+01
      endloop
   endfacet
   facet normal 1.674795e-03 2.588187e-01 9.659245e-01
      outer loop
         vertex -2.352556e+02 -1.164686e+01 1.653334e+01
         vertex -3.375000e+02 -7.814168e+00 1.568365e+01
         vertex -3.375000e+02 -1.539091e+01 1.771383e+01
      endloop
   endfacet
   facet normal 0.000000e+00 3.007058e-01 9.537169e-01
      outer loop
         vertex -2.352556e+02 -1.164686e+01 1.653334e+01
         vertex -3.375000e+02 -1.539091e+01 1.771383e+01
         vertex -2.354523e+02 -1.539091e+01 1.771383e+01
      endloop
   endfacet
   facet normal 0.000000e+00 3.826837e-01 9.238794e-01
      outer loop
         vertex -2.354523e+02 -1.539091e+01 1.771383e+01
         vertex -3.375000e+02 -1.539091e+01 1.771383e+01
         vertex -2.357027e+02 -1.901782e+01 1.921615e+01
      endloop
   endfacet
   facet normal 1.682144e-03 4.226177e-01 9.063065e-01
      outer loop
         vertex -2.357027e+02 -1.901782e+01 1.921615e+01
         vertex -3.375000e+02 -1.539091e+01 1.771383e+01
         vertex -3.375000e+02 -2.250000e+01 2.102886e+01
      endloop
   endfacet
   facet normal 0.000000e+00 4.617485e-01 8.870109e-01
      outer loop
         vertex -2.357027e+02 -1.901782e+01 1.921615e+01
         vertex -3.375000e+02 -2.250000e+01 2.102886e+01
         vertex -2.360048e+02 -2.250000e+01 2.102886e+01
      endloop
   endfacet
   facet normal 0.000000e+00 5.372995e-01 8.433915e-01
      outer loop
         vertex -2.360048e+02 -2.250000e+01 2.102886e+01
         vertex -3.375000e+02 -2.250000e+01 2.102886e+01
         vertex -2.363564e+02 -2.581094e+01 2.313816e+01
      endloop
   endfacet
   facet normal 1.693026e-03 5.735756e-01 8.191509e-01
      outer loop
         vertex -2.363564e+02 -2.581094e+01 2.313816e+01
         vertex -3.375000e+02 -2.250000e+01 2.102886e+01
         vertex -3.375000e+02 -2.892544e+01 2.552800e+01
      endloop
   endfacet
   facet normal 0.000000e+00 6.087615e-01 7.933533e-01
      outer loop
         vertex -2.363564e+02 -2.581094e+01 2.313816e+01
         vertex -3.375000e+02 -2.892544e+01 2.552800e+01
         vertex -2.367547e+02 -2.892544e+01 2.552800e+01
      endloop
   endfacet
   facet normal 0.000000e+00 7.071068e-01 7.071068e-01
      outer loop
         vertex -2.367547e+02 -2.892544e+01 2.552800e+01
         vertex -3.375000e+02 -2.892544e+01 2.552800e+01
         vertex -3.375000e+02 -3.447200e+01 3.107456e+01
      endloop
   endfacet
   facet normal 0.000000e+00 7.071068e-01 7.071068e-01
      outer loop
         vertex -2.367547e+02 -2.892544e+01 2.552800e+01
         vertex -3.375000e+02 -3.447200e+01 3.107456e+01
         vertex -2.376791e+02 -3.447200e+01 3.107456e+01
      endloop
   endfacet
   facet normal 0.000000e+00 8.191520e-01 5.735765e-01
      outer loop
         vertex -2.376791e+02 -3.447200e+01 3.107456e+01
         vertex -3.375000e+02 -3.447200e+01 3.107456e+01
         vertex -3.375000e+02 -3.897114e+01 3.750000e+01
      endloop
   endfacet
   facet normal 0.000000e+00 8.191520e-01 5.735765e-01
      outer loop
         vertex -2.376791e+02 -3.447200e+01 3.107456e+01
         vertex -3.375000e+02 -3.897114e+01 3.750000e+01
         vertex -2.387500e+02 -3.897114e+01 3.750000e+01
      endloop
   endfacet
   facet normal 0.000000e+00 9.063078e-01 4.226183e-01
      outer loop
         vertex -2.387500e+02 -3.897114e+01 3.750000e+01
         vertex -3.375000e+02 -3.897114e+01 3.750000e+01
         vertex -3.375000e+02 -4.228617e+01 4.460909e+01
      endloop
   endfacet
   facet normal 0.000000e+00 9.063078e-01 4.226183e-01
      outer loop
         vertex -2.387500e+02 -3.897114e+01 3.750000e+01
         vertex -3.375000e+02 -4.228617e+01 4.460909e+01
         vertex -2.399348e+02 -4.228617e+01 4.460909e+01
      endloop
   endfacet
   facet normal 0.000000e+00 9.659259e-01 2.588187e-01
      outer loop
         vertex -2.399348e+02 -4.228617e+01 4.460909e+01
         vertex -3.375000e+02 -4.228617e+01 4.460909e+01
         vertex -3.375000e+02 -4.431635e+01 5.218583e+01
      endloop
   endfacet
   facet normal 0.000000e+00 9.659259e-01 2.588187e-01
      outer loop
         vertex -2.399348e+02 -4.228617e+01 4.460909e+01
         vertex -3.375000e+02 -4.431635e+01 5.218583e+01
         vertex -2.411976e+02 -4.431635e+01 5.218583e+01
      endloop
   endfacet
   facet normal 0.000000e+00 9.961947e-01 8.715615e-02
      outer loop
         vertex -2.411976e+02 -4.431635e+01 5.218583e+01
         vertex -3.375000e+02 -4.431635e+01 5.218583e+01
         vertex -3.375000e+02 -4.500000e+01 6.000000e+01
      endloop
   endfacet
   facet normal 0.000000e+00 9.961947e-01 8.715615e-02
      outer loop
         vertex -2.411976e+02 -4.431635e+01 5.218583e+01
         vertex -3.375000e+02 -4.500000e+01 6.000000e+01
         vertex -2.425000e+02 -4.500000e+01 6.000000e+01
      endloop
   endfacet
   facet normal 0.000000e+00 9.961947e-01 -8.715607e-02
      outer loop
         vertex -2.425000e+02 -4.500000e+01 6.000000e+01
         vertex -3.375000e+02 -4.500000e+01 6.000000e+01
         vertex -3.375000e+02 -4.431635e+01 6.781417e+01
      endloop
   endfacet
   facet normal 0.000000e+00 9.961947e-01 -8.715607e-02
      outer loop
         vertex -2.425000e+02 -4.500000e+01 6.000000e+01
         vertex -3.375000e+02 -4.431635e+01 6.781417e+01
         vertex -2.438024e+02 -4.431635e+01 6.781417e+01
      endloop
   endfacet
   facet normal 0.000000e+00 9.659259e-01 -2.588189e-01
      outer loop
         vertex -2.438024e+02 -4.431635e+01 6.781417e+01
         vertex -3.375000e+02 -4.431635e+01 6.781417e+01
         vertex -3.375000e+02 -4.228617e+01 7.539091e+01
      endloop
   endfacet
   facet normal 0.000000e+00 9.659259e-01 -2.588189e-01
      outer loop
         vertex -2.438024e+02 -4.431635e+01 6.781417e+01
         vertex -3.375000e+02 -4.228617e+01 7.539091e+01
         vertex -2.450652e+02 -4.228617e+01 7.539091e+01
      endloop
   endfacet
   facet normal 0.000000e+00 9.063079e-01 -4.226180e-01
      outer loop
         vertex -2.450652e+02 -4.228617e+01 7.539091e+01
         vertex -3.375000e+02 -4.228617e+01 7.539091e+01
         vertex -3.375000e+02 -3.897114e+01 8.250000e+01
      endloop
   endfacet
   facet normal 0.000000e+00 9.063079e-01 -4.226180e-01
      outer loop
         vertex -2.450652e+02 -4.228617e+01 7.539091e+01
         vertex -3.375000e+02 -3.897114e+01 8.250000e+01
         vertex -2.462500e+02 -3.897114e+01 8.250000e+01
      endloop
   endfacet
   facet normal 0.000000e+00 8.191519e-01 -5.735767e-01
      outer loop
         vertex -2.462500e+02 -3.897114e+01 8.250000e+01
         vertex -3.375000e+02 -3.897114e+01 8.250000e+01
         vertex -3.375000e+02 -3.447200e+01 8.892544e+01
      endloop
   endfacet
   facet normal 0.000000e+00 8.191519e-01 -5.735767e-01
      outer loop
         vertex -2.462500e+02 -3.897114e+01 8.250000e+01
         vertex -3.375000e+02 -3.447200e+01 8.892544e+01
         vertex -2.473209e+02 -3.447200e+01 8.892544e+01
      endloop
   endfacet
   facet normal 0.000000e+00 7.071067e-01 -7.071069e-01
      outer loop
         vertex -2.473209e+02 -3.447200e+01 8.892544e+01
         vertex -3.375000e+02 -3.447200e+01 8.892544e+01
         vertex -3.375000e+02 -2.892544e+01 9.447200e+01
      endloop
   endfacet
   facet normal 0.000000e+00 7.071067e-01 -7.071069e-01
      outer loop
         vertex -2.473209e+02 -3.447200e+01 8.892544e+01
         vertex -3.375000e+02 -2.892544e+01 9.447200e+01
         vertex -2.482453e+02 -2.892544e+01 9.447200e+01
      endloop
   endfacet
   facet normal 0.000000e+00 5.735766e-01 -8.191519e-01
      outer loop
         vertex -3.375000e+02 -2.250000e+01 9.897114e+01
         vertex -2.489952e+02 -2.250000e+01 9.897114e+01
         vertex -3.375000e+02 -2.892544e+01 9.447200e+01
      endloop
   endfacet
   facet normal 3.835423e-03 5.375859e-01 -8.432003e-01
      outer loop
         vertex -3.375000e+02 -2.892544e+01 9.447200e+01
         vertex -2.489952e+02 -2.250000e+01 9.897114e+01
         vertex -2.486436e+02 -2.581094e+01 9.686184e+01
      endloop
   endfacet
   facet normal 0.000000e+00 6.087612e-01 -7.933535e-01
      outer loop
         vertex -3.375000e+02 -2.892544e+01 9.447200e+01
         vertex -2.486436e+02 -2.581094e+01 9.686184e+01
         vertex -2.482453e+02 -2.892544e+01 9.447200e+01
      endloop
   endfacet
   facet normal 0.000000e+00 2.588188e-01 -9.659259e-01
      outer loop
         vertex -3.375000e+02 -1.539091e+01 1.022862e+02
         vertex -3.375000e+02 -7.814168e+00 1.043163e+02
         vertex -2.498861e+02 -7.814168e+00 1.043163e+02
      endloop
   endfacet
   facet normal 3.892608e-03 2.165750e-01 -9.762582e-01
      outer loop
         vertex -2.498861e+02 -7.814168e+00 1.043163e+02
         vertex -2.497444e+02 -1.164686e+01 1.034667e+02
         vertex -3.375000e+02 -1.539091e+01 1.022862e+02
      endloop
   endfacet
   facet normal 0.000000e+00 3.007054e-01 -9.537171e-01
      outer loop
         vertex -3.375000e+02 -1.539091e+01 1.022862e+02
         vertex -2.497444e+02 -1.164686e+01 1.034667e+02
         vertex -2.495477e+02 -1.539091e+01 1.022862e+02
      endloop
   endfacet
   facet normal 0.000000e+00 4.226181e-01 -9.063078e-01
      outer loop
         vertex -3.375000e+02 -1.539091e+01 1.022862e+02
         vertex -2.495477e+02 -1.539091e+01 1.022862e+02
         vertex -3.375000e+02 -2.250000e+01 9.897114e+01
      endloop
   endfacet
   facet normal 3.868107e-03 3.829091e-01 -9.237779e-01
      outer loop
         vertex -3.375000e+02 -2.250000e+01 9.897114e+01
         vertex -2.495477e+02 -1.539091e+01 1.022862e+02
         vertex -2.492973e+02 -1.901782e+01 1.007838e+02
      endloop
   endfacet
   facet normal 0.000000e+00 4.617478e-01 -8.870113e-01
      outer loop
         vertex -3.375000e+02 -2.250000e+01 9.897114e+01
         vertex -2.492973e+02 -1.901782e+01 1.007838e+02
         vertex -2.489952e+02 -2.250000e+01 9.897114e+01
      endloop
   endfacet
   facet normal 1.956388e-03 -8.715548e-02 -9.961928e-01
      outer loop
         vertex -3.375000e+02 7.814168e+00 1.043163e+02
         vertex -2.499715e+02 3.922008e+00 1.048288e+02
         vertex -3.375000e+02 2.744137e-14 1.050000e+02
      endloop
   endfacet
   facet normal 0.000000e+00 -4.361891e-02 -9.990482e-01
      outer loop
         vertex -3.375000e+02 2.744137e-14 1.050000e+02
         vertex -2.499715e+02 3.922008e+00 1.048288e+02
         vertex -2.500000e+02 2.744137e-14 1.050000e+02
      endloop
   endfacet
   facet normal 0.000000e+00 8.715565e-02 -9.961947e-01
      outer loop
         vertex -3.375000e+02 2.744137e-14 1.050000e+02
         vertex -2.500000e+02 2.744137e-14 1.050000e+02
         vertex -3.375000e+02 -7.814168e+00 1.043163e+02
      endloop
   endfacet
   facet normal 3.907760e-03 4.364695e-02 -9.990394e-01
      outer loop
         vertex -3.375000e+02 -7.814168e+00 1.043163e+02
         vertex -2.500000e+02 2.744137e-14 1.050000e+02
         vertex -2.499715e+02 -3.922008e+00 1.048288e+02
      endloop
   endfacet
   facet normal 0.000000e+00 1.305265e-01 -9.914448e-01
      outer loop
         vertex -3.375000e+02 -7.814168e+00 1.043163e+02
         vertex -2.499715e+02 -3.922008e+00 1.048288e+02
         vertex -2.498861e+02 -7.814168e+00 1.043163e+02
      endloop
   endfacet
   facet normal 1.951301e-03 -2.588183e-01 -9.659241e-01
      outer loop
         vertex -3.375000e+02 1.539091e+01 1.022862e+02
         vertex -2.497444e+02 1.164686e+01 1.034667e+02
         vertex -3.375000e+02 7.814168e+00 1.043163e+02
      endloop
   endfacet
   facet normal 0.000000e+00 -2.164396e-01 -9.762960e-01
      outer loop
         vertex -3.375000e+02 7.814168e+00 1.043163e+02
         vertex -2.497444e+02 1.164686e+01 1.034667e+02
         vertex -2.498861e+02 7.814168e+00 1.043163e+02
      endloop
   endfacet
   facet normal 0.000000e+00 -1.305265e-01 -9.914448e-01
      outer loop
         vertex -3.375000e+02 7.814168e+00 1.043163e+02
         vertex -2.498861e+02 7.814168e+00 1.043163e+02
         vertex -2.499715e+02 3.922008e+00 1.048288e+02
      endloop
   endfacet
   facet normal 1.941382e-03 -4.226174e-01 -9.063061e-01
      outer loop
         vertex -3.375000e+02 2.250000e+01 9.897114e+01
         vertex -2.492973e+02 1.901782e+01 1.007838e+02
         vertex -3.375000e+02 1.539091e+01 1.022862e+02
      endloop
   endfacet
   facet normal 0.000000e+00 -3.826841e-01 -9.238793e-01
      outer loop
         vertex -3.375000e+02 1.539091e+01 1.022862e+02
         vertex -2.492973e+02 1.901782e+01 1.007838e+02
         vertex -2.495477e+02 1.539091e+01 1.022862e+02
      endloop
   endfacet
   facet normal 0.000000e+00 -3.007054e-01 -9.537171e-01
      outer loop
         vertex -3.375000e+02 1.539091e+01 1.022862e+02
         vertex -2.495477e+02 1.539091e+01 1.022862e+02
         vertex -2.497444e+02 1.164686e+01 1.034667e+02
      endloop
   endfacet
   facet normal 0.000000e+00 -7.071068e-01 7.071068e-01
      outer loop
         vertex -3.375000e+02 2.892544e+01 2.552800e+01
         vertex -2.376791e+02 3.447200e+01 3.107456e+01
         vertex -3.375000e+02 3.447200e+01 3.107456e+01
      endloop
   endfacet
   facet normal 0.000000e+00 -8.191520e-01 5.735765e-01
      outer loop
         vertex -3.375000e+02 3.447200e+01 3.107456e+01
         vertex -2.376791e+02 3.447200e+01 3.107456e+01
         vertex -2.387500e+02 3.897114e+01 3.750000e+01
      endloop
   endfacet
   facet normal 0.000000e+00 -8.191520e-01 5.735765e-01
      outer loop
         vertex -3.375000e+02 3.447200e+01 3.107456e+01
         vertex -2.387500e+02 3.897114e+01 3.750000e+01
         vertex -3.375000e+02 3.897114e+01 3.750000e+01
      endloop
   endfacet
   facet normal 0.000000e+00 -9.063078e-01 4.226183e-01
      outer loop
         vertex -3.375000e+02 3.897114e+01 3.750000e+01
         vertex -2.387500e+02 3.897114e+01 3.750000e+01
         vertex -2.399348e+02 4.228617e+01 4.460909e+01
      endloop
   endfacet
   facet normal 0.000000e+00 -9.063078e-01 4.226183e-01
      outer loop
         vertex -3.375000e+02 3.897114e+01 3.750000e+01
         vertex -2.399348e+02 4.228617e+01 4.460909e+01
         vertex -3.375000e+02 4.228617e+01 4.460909e+01
      endloop
   endfacet
   facet normal 0.000000e+00 -9.659259e-01 2.588187e-01
      outer loop
         vertex -3.375000e+02 4.228617e+01 4.460909e+01
         vertex -2.399348e+02 4.228617e+01 4.460909e+01
         vertex -2.411976e+02 4.431635e+01 5.218583e+01
      endloop
   endfacet
   facet normal 0.000000e+00 -9.659259e-01 2.588187e-01
      outer loop
         vertex -3.375000e+02 4.228617e+01 4.460909e+01
         vertex -2.411976e+02 4.431635e+01 5.218583e+01
         vertex -3.375000e+02 4.431635e+01 5.218583e+01
      endloop
   endfacet
   facet normal 0.000000e+00 -9.961947e-01 8.715615e-02
      outer loop
         vertex -3.375000e+02 4.431635e+01 5.218583e+01
         vertex -2.411976e+02 4.431635e+01 5.218583e+01
         vertex -2.425000e+02 4.500000e+01 6.000000e+01
      endloop
   endfacet
   facet normal 0.000000e+00 -9.961947e-01 8.715615e-02
      outer loop
         vertex -3.375000e+02 4.431635e+01 5.218583e+01
         vertex -2.425000e+02 4.500000e+01 6.000000e+01
         vertex -3.375000e+02 4.500000e+01 6.000000e+01
      endloop
   endfacet
   facet normal 0.000000e+00 -9.961947e-01 -8.715607e-02
      outer loop
         vertex -3.375000e+02 4.500000e+01 6.000000e+01
         vertex -2.425000e+02 4.500000e+01 6.000000e+01
         vertex -2.438024e+02 4.431635e+01 6.781417e+01
      endloop
   endfacet
   facet normal 0.000000e+00 -9.961947e-01 -8.715607e-02
      outer loop
         vertex -3.375000e+02 4.500000e+01 6.000000e+01
         vertex -2.438024e+02 4.431635e+01 6.781417e+01
         vertex -3.375000e+02 4.431635e+01 6.781417e+01
      endloop
   endfacet
   facet normal 0.000000e+00 -9.659259e-01 -2.588189e-01
      outer loop
         vertex -3.375000e+02 4.431635e+01 6.781417e+01
         vertex -2.438024e+02 4.431635e+01 6.781417e+01
         vertex -2.450652e+02 4.228617e+01 7.539091e+01
      endloop
   endfacet
   facet normal 0.000000e+00 -9.659259e-01 -2.588189e-01
      outer loop
         vertex -3.375000e+02 4.431635e+01 6.781417e+01
         vertex -2.450652e+02 4.228617e+01 7.539091e+01
         vertex -3.375000e+02 4.228617e+01 7.539091e+01
      endloop
   endfacet
   facet normal 0.000000e+00 -9.063079e-01 -4.226180e-01
      outer loop
         vertex -3.375000e+02 4.228617e+01 7.539091e+01
         vertex -2.450652e+02 4.228617e+01 7.539091e+01
         vertex -2.462500e+02 3.897114e+01 8.250000e+01
      endloop
   endfacet
   facet normal 0.000000e+00 -9.063079e-01 -4.226180e-01
      outer loop
         vertex -3.375000e+02 4.228617e+01 7.539091e+01
         vertex -2.462500e+02 3.897114e+01 8.250000e+01
         vertex -3.375000e+02 3.897114e+01 8.250000e+01
      endloop
   endfacet
   facet normal 0.000000e+00 -8.191519e-01 -5.735767e-01
      outer loop
         vertex -3.375000e+02 3.897114e+01 8.250000e+01
         vertex -2.462500e+02 3.897114e+01 8.250000e+01
         vertex -2.473209e+02 3.447200e+01 8.892544e+01
      endloop
   endfacet
   facet normal 0.000000e+00 -8.191519e-01 -5.735767e-01
      outer loop
         vertex -3.375000e+02 3.897114e+01 8.250000e+01
         vertex -2.473209e+02 3.447200e+01 8.892544e+01
         vertex -3.375000e+02 3.447200e+01 8.892544e+01
      endloop
   endfacet
   facet normal 0.000000e+00 -7.071067e-01 -7.071069e-01
      outer loop
         vertex -3.375000e+02 3.447200e+01 8.892544e+01
         vertex -2.473209e+02 3.447200e+01 8.892544e+01
         vertex -2.482453e+02 2.892544e+01 9.447200e+01
      endloop
   endfacet
   facet normal 0.000000e+00 -7.071067e-01 -7.071069e-01
      outer loop
         vertex -3.375000e+02 3.447200e+01 8.892544e+01
         vertex -2.482453e+02 2.892544e+01 9.447200e+01
         vertex -3.375000e+02 2.892544e+01 9.447200e+01
      endloop
   endfacet
   facet normal 0.000000e+00 -6.087612e-01 -7.933535e-01
      outer loop
         vertex -3.375000e+02 2.892544e+01 9.447200e+01
         vertex -2.482453e+02 2.892544e+01 9.447200e+01
         vertex -2.486436e+02 2.581094e+01 9.686184e+01
      endloop
   endfacet
   facet normal 1.927115e-03 -5.735755e-01 -8.191504e-01
      outer loop
         vertex -3.375000e+02 2.892544e+01 9.447200e+01
         vertex -2.486436e+02 2.581094e+01 9.686184e+01
         vertex -3.375000e+02 2.250000e+01 9.897114e+01
      endloop
   endfacet
   facet normal 0.000000e+00 -5.373002e-01 -8.433911e-01
      outer loop
         vertex -3.375000e+02 2.250000e+01 9.897114e+01
         vertex -2.486436e+02 2.581094e+01 9.686184e+01
         vertex -2.489952e+02 2.250000e+01 9.897114e+01
      endloop
   endfacet
   facet normal 0.000000e+00 -4.617478e-01 -8.870113e-01
      outer loop
         vertex -3.375000e+02 2.250000e+01 9.897114e+01
         vertex -2.489952e+02 2.250000e+01 9.897114e+01
         vertex -2.492973e+02 1.901782e+01 1.007838e+02
      endloop
   endfacet
   facet normal 1.693026e-03 -5.735756e-01 8.191509e-01
      outer loop
         vertex -3.375000e+02 2.250000e+01 2.102886e+01
         vertex -2.363564e+02 2.581094e+01 2.313816e+01
         vertex -3.375000e+02 2.892544e+01 2.552800e+01
      endloop
   endfacet
   facet normal 0.000000e+00 -6.087615e-01 7.933533e-01
      outer loop
         vertex -3.375000e+02 2.892544e+01 2.552800e+01
         vertex -2.363564e+02 2.581094e+01 2.313816e+01
         vertex -2.367547e+02 2.892544e+01 2.552800e+01
      endloop
   endfacet
   facet normal 0.000000e+00 -7.071068e-01 7.071068e-01
      outer loop
         vertex -3.375000e+02 2.892544e+01 2.552800e+01
         vertex -2.367547e+02 2.892544e+01 2.552800e+01
         vertex -2.376791e+02 3.447200e+01 3.107456e+01
      endloop
   endfacet
   facet normal 1.682144e-03 -4.226177e-01 9.063065e-01
      outer loop
         vertex -3.375000e+02 1.539091e+01 1.771383e+01
         vertex -2.357027e+02 1.901782e+01 1.921615e+01
         vertex -3.375000e+02 2.250000e+01 2.102886e+01
      endloop
   endfacet
   facet normal 0.000000e+00 -4.617485e-01 8.870109e-01
      outer loop
         vertex -3.375000e+02 2.250000e+01 2.102886e+01
         vertex -2.357027e+02 1.901782e+01 1.921615e+01
         vertex -2.360048e+02 2.250000e+01 2.102886e+01
      endloop
   endfacet
   facet normal 0.000000e+00 -5.372995e-01 8.433915e-01
      outer loop
         vertex -3.375000e+02 2.250000e+01 2.102886e+01
         vertex -2.360048e+02 2.250000e+01 2.102886e+01
         vertex -2.363564e+02 2.581094e+01 2.313816e+01
      endloop
   endfacet
   facet normal 1.674795e-03 -2.588187e-01 9.659245e-01
      outer loop
         vertex -3.375000e+02 7.814168e+00 1.568365e+01
         vertex -2.352556e+02 1.164686e+01 1.653334e+01
         vertex -3.375000e+02 1.539091e+01 1.771383e+01
      endloop
   endfacet
   facet normal 0.000000e+00 -3.007058e-01 9.537169e-01
      outer loop
         vertex -3.375000e+02 1.539091e+01 1.771383e+01
         vertex -2.352556e+02 1.164686e+01 1.653334e+01
         vertex -2.354523e+02 1.539091e+01 1.771383e+01
      endloop
   endfacet
   facet normal 0.000000e+00 -3.826837e-01 9.238794e-01
      outer loop
         vertex -3.375000e+02 1.539091e+01 1.771383e+01
         vertex -2.354523e+02 1.539091e+01 1.771383e+01
         vertex -2.357027e+02 1.901782e+01 1.921615e+01
      endloop
   endfacet
   facet normal -4.473148e-18 4.361938e-02 9.990482e-01
      outer loop
         vertex -2.350285e+02 -3.922008e+00 1.517124e+01
         vertex -2.350000e+02 2.193046e-14 1.500000e+01
         vertex -3.375000e+02 1.090864e-14 1.500000e+01
      endloop
   endfacet
   facet normal 4.690390e-18 -4.361938e-02 9.990482e-01
      outer loop
         vertex -3.375000e+02 1.090864e-14 1.500000e+01
         vertex -2.350000e+02 2.193046e-14 1.500000e+01
         vertex -2.350285e+02 3.922008e+00 1.517124e+01
      endloop
   endfacet
   facet normal 1.671084e-03 -8.715565e-02 9.961933e-01
      outer loop
         vertex -3.375000e+02 1.090864e-14 1.500000e+01
         vertex -2.350285e+02 3.922008e+00 1.517124e+01
         vertex -3.375000e+02 7.814168e+00 1.568365e+01
      endloop
   endfacet
   facet normal 0.000000e+00 -1.305262e-01 9.914449e-01
      outer loop
         vertex -3.375000e+02 7.814168e+00 1.568365e+01
         vertex -2.350285e+02 3.922008e+00 1.517124e+01
         vertex -2.351139e+02 7.814168e+00 1.568365e+01
      endloop
   endfacet
   facet normal 0.000000e+00 -2.164396e-01 9.762960e-01
      outer loop
         vertex -3.375000e+02 7.814168e+00 1.568365e+01
         vertex -2.351139e+02 7.814168e+00 1.568365e+01
         vertex -2.352556e+02 1.164686e+01 1.653334e+01
      endloop
   endfacet
   facet normal 1.000000e+00 0.000000e+00 0.000000e+00
      outer loop
         vertex 3.375000e+02 -2.250000e+01 9.897114e+01
         vertex 3.375000e+02 -7.053423e+01 1.570820e+02
         vertex 3.375000e+02 -2.892544e+01 9.447200e+01
      endloop
   endfacet
   facet normal 1.000000e+00 0.000000e+00 0.000000e+00
      outer loop
         vertex 3.375000e+02 -2.892544e+01 9.447200e+01
         vertex 3.375000e+02 -7.053423e+01 1.570820e+02
         vertex 3.375000e+02 -8.214565e+01 1.474762e+02
      endloop
   endfacet
   facet normal 1.000000e+00 0.000000e+00 0.000000e+00
      outer loop
         vertex 3.375000e+02 -2.892544e+01 9.447200e+01
         vertex 3.375000e+02 -8.214565e+01 1.474762e+02
         vertex 3.375000e+02 -3.447200e+01 8.892544e+01
      endloop
   endfacet
   facet normal 1.000000e+00 0.000000e+00 0.000000e+00
      outer loop
         vertex 3.375000e+02 -3.447200e+01 8.892544e+01
         vertex 3.375000e+02 -8.214565e+01 1.474762e+02
         vertex 3.375000e+02 -9.246159e+01 1.364909e+02
      endloop
   endfacet
   facet normal 1.000000e+00 0.000000e+00 0.000000e+00
      outer loop
         vertex 3.375000e+02 -3.447200e+01 8.892544e+01
         vertex 3.375000e+02 -9.246159e+01 1.364909e+02
         vertex 3.375000e+02 -3.897114e+01 8.250000e+01
      endloop
   endfacet
   facet normal 1.000000e+00 0.000000e+00 0.000000e+00
      outer loop
         vertex 3.375000e+02 -7.814168e+00 1.043163e+02
         vertex 3.375000e+02 -2.984279e+01 1.762300e+02
         vertex 3.375000e+02 -1.539091e+01 1.022862e+02
      endloop
   endfacet
   facet normal 1.000000e+00 0.000000e+00 0.000000e+00
      outer loop
         vertex 3.375000e+02 -1.539091e+01 1.022862e+02
         vertex 3.375000e+02 -2.984279e+01 1.762300e+02
         vertex 3.375000e+02 -4.417495e+01 1.715732e+02
      endloop
   endfacet
   facet normal 1.000000e+00 0.000000e+00 0.000000e+00
      outer loop
         vertex 3.375000e+02 -1.539091e+01 1.022862e+02
         vertex 3.375000e+02 -4.417495e+01 1.715732e+02
         vertex 3.375000e+02 -2.250000e+01 9.897114e+01
      endloop
   endfacet
   facet normal 1.000000e+00 0.000000e+00 0.000000e+00
      outer loop
         vertex 3.375000e+02 -2.250000e+01 9.897114e+01
         vertex 3.375000e+02 -4.417495e+01 1.715732e+02
         vertex 3.375000e+02 -5.781044e+01 1.651568e+02
      endloop
   endfacet
   facet normal 1.000000e+00 0.000000e+00 0.000000e+00
      outer loop
         vertex 3.375000e+02 -2.250000e+01 9.897114e+01
         vertex 3.375000e+02 -5.781044e+01 1.651568e+02
         vertex 3.375000e+02 -7.053423e+01 1.570820e+02
      endloop
   endfacet
   facet normal 1.000000e+00 0.000000e+00 -0.000000e+00
      outer loop
         vertex 3.375000e+02 1.539091e+01 1.022862e+02
         vertex 3.375000e+02 2.984279e+01 1.762300e+02
         vertex 3.375000e+02 7.814168e+00 1.043163e+02
      endloop
   endfacet
   facet normal 1.000000e+00 0.000000e+00 0.000000e+00
      outer loop
         vertex 3.375000e+02 7.814168e+00 1.043163e+02
         vertex 3.375000e+02 2.984279e+01 1.762300e+02
         vertex 3.375000e+02 1.503999e+01 1.790538e+02
      endloop
   endfacet
   facet normal 1.000000e+00 0.000000e+00 -0.000000e+00
      outer loop
         vertex 3.375000e+02 7.814168e+00 1.043163e+02
         vertex 3.375000e+02 1.503999e+01 1.790538e+02
         vertex 3.375000e+02 2.744137e-14 1.050000e+02
      endloop
   endfacet
   facet normal 1.000000e+00 0.000000e+00 0.000000e+00
      outer loop
         vertex 3.375000e+02 2.744137e-14 1.050000e+02
         vertex 3.375000e+02 1.503999e+01 1.790538e+02
         vertex 3.375000e+02 3.662622e-14 1.800000e+02
      endloop
   endfacet
   facet normal 1.000000e+00 0.000000e+00 -0.000000e+00
      outer loop
         vertex 3.375000e+02 2.744137e-14 1.050000e+02
         vertex 3.375000e+02 3.662622e-14 1.800000e+02
         vertex 3.375000e+02 -7.814168e+00 1.043163e+02
      endloop
   endfacet
   facet normal 1.000000e+00 0.000000e+00 -0.000000e+00
      outer loop
         vertex 3.375000e+02 -7.814168e+00 1.043163e+02
         vertex 3.375000e+02 3.662622e-14 1.800000e+02
         vertex 3.375000e+02 -1.503999e+01 1.790538e+02
      endloop
   endfacet
   facet normal 1.000000e+00 0.000000e+00 0.000000e+00
      outer loop
         vertex 3.375000e+02 -7.814168e+00 1.043163e+02
         vertex 3.375000e+02 -1.503999e+01 1.790538e+02
         vertex 3.375000e+02 -2.984279e+01 1.762300e+02
      endloop
   endfacet
   facet normal 1.000000e+00 0.000000e+00 0.000000e+00
      outer loop
         vertex 3.375000e+02 -1.539091e+01 1.771383e+01
         vertex 3.375000e+02 -2.984279e+01 -5.622998e+01
         vertex 3.375000e+02 -7.814168e+00 1.568365e+01
      endloop
   endfacet
   facet normal 1.000000e+00 0.000000e+00 0.000000e+00
      outer loop
         vertex 3.375000e+02 -7.814168e+00 1.568365e+01
         vertex 3.375000e+02 -2.984279e+01 -5.622998e+01
         vertex 3.375000e+02 -1.503999e+01 -5.905376e+01
      endloop
   endfacet
   facet normal 1.000000e+00 0.000000e+00 0.000000e+00
      outer loop
         vertex 3.375000e+02 -7.814168e+00 1.568365e+01
         vertex 3.375000e+02 -1.503999e+01 -5.905376e+01
         vertex 3.375000e+02 2.193046e-14 1.500000e+01
      endloop
   endfacet
   facet normal 1.000000e+00 0.000000e+00 0.000000e+00
      outer loop
         vertex 3.375000e+02 2.193046e-14 1.500000e+01
         vertex 3.375000e+02 -1.503999e+01 -5.905376e+01
         vertex 3.375000e+02 -7.461062e-15 -6.000000e+01
      endloop
   endfacet
   facet normal 1.000000e+00 -0.000000e+00 0.000000e+00
      outer loop
         vertex 3.375000e+02 2.193046e-14 1.500000e+01
         vertex 3.375000e+02 -7.461062e-15 -6.000000e+01
         vertex 3.375000e+02 7.814168e+00 1.568365e+01
      endloop
   endfacet
   facet normal 1.000000e+00 0.000000e+00 -0.000000e+00
      outer loop
         vertex 3.375000e+02 2.892544e+01 9.447200e+01
         vertex 3.375000e+02 7.053423e+01 1.570820e+02
         vertex 3.375000e+02 2.250000e+01 9.897114e+01
      endloop
   endfacet
   facet normal 1.000000e+00 0.000000e+00 0.000000e+00
      outer loop
         vertex 3.375000e+02 2.250000e+01 9.897114e+01
         vertex 3.375000e+02 7.053423e+01 1.570820e+02
         vertex 3.375000e+02 5.781044e+01 1.651568e+02
      endloop
   endfacet
   facet normal 1.000000e+00 0.000000e+00 -0.000000e+00
      outer loop
         vertex 3.375000e+02 2.250000e+01 9.897114e+01
         vertex 3.375000e+02 5.781044e+01 1.651568e+02
         vertex 3.375000e+02 1.539091e+01 1.022862e+02
      endloop
   endfacet
   facet normal 1.000000e+00 0.000000e+00 0.000000e+00
      outer loop
         vertex 3.375000e+02 1.539091e+01 1.022862e+02
         vertex 3.375000e+02 5.781044e+01 1.651568e+02
         vertex 3.375000e+02 4.417495e+01 1.715732e+02
      endloop
   endfacet
   facet normal 1.000000e+00 0.000000e+00 0.000000e+00
      outer loop
         vertex 3.375000e+02 1.539091e+01 1.022862e+02
         vertex 3.375000e+02 4.417495e+01 1.715732e+02
         vertex 3.375000e+02 2.984279e+01 1.762300e+02
      endloop
   endfacet
   facet normal 1.000000e+00 0.000000e+00 0.000000e+00
      outer loop
         vertex 3.375000e+02 -2.892544e+01 2.552800e+01
         vertex 3.375000e+02 -7.053423e+01 -3.708204e+01
         vertex 3.375000e+02 -2.250000e+01 2.102886e+01
      endloop
   endfacet
   facet normal 1.000000e+00 0.000000e+00 0.000000e+00
      outer loop
         vertex 3.375000e+02 -2.250000e+01 2.102886e+01
         vertex 3.375000e+02 -7.053423e+01 -3.708204e+01
         vertex 3.375000e+02 -5.781044e+01 -4.515680e+01
      endloop
   endfacet
   facet normal 1.000000e+00 0.000000e+00 0.000000e+00
      outer loop
         vertex 3.375000e+02 -2.250000e+01 2.102886e+01
         vertex 3.375000e+02 -5.781044e+01 -4.515680e+01
         vertex 3.375000e+02 -1.539091e+01 1.771383e+01
      endloop
   endfacet
   facet normal 1.000000e+00 0.000000e+00 0.000000e+00
      outer loop
         vertex 3.375000e+02 -1.539091e+01 1.771383e+01
         vertex 3.375000e+02 -5.781044e+01 -4.515680e+01
         vertex 3.375000e+02 -4.417495e+01 -5.157318e+01
      endloop
   endfacet
   facet normal 1.000000e+00 0.000000e+00 0.000000e+00
      outer loop
         vertex 3.375000e+02 -1.539091e+01 1.771383e+01
         vertex 3.375000e+02 -4.417495e+01 -5.157318e+01
         vertex 3.375000e+02 -2.984279e+01 -5.622998e+01
      endloop
   endfacet
   facet normal 1.000000e+00 0.000000e+00 0.000000e+00
      outer loop
         vertex 3.375000e+02 -4.228617e+01 4.460909e+01
         vertex 3.375000e+02 -1.085792e+02 8.906485e+00
         vertex 3.375000e+02 -3.897114e+01 3.750000e+01
      endloop
   endfacet
   facet normal 1.000000e+00 0.000000e+00 0.000000e+00
      outer loop
         vertex 3.375000e+02 -3.897114e+01 3.750000e+01
         vertex 3.375000e+02 -1.085792e+02 8.906485e+00
         vertex 3.375000e+02 -1.013194e+02 -4.299216e+00
      endloop
   endfacet
   facet normal 1.000000e+00 0.000000e+00 0.000000e+00
      outer loop
         vertex 3.375000e+02 -3.897114e+01 3.750000e+01
         vertex 3.375000e+02 -1.013194e+02 -4.299216e+00
         vertex 3.375000e+02 -3.447200e+01 3.107456e+01
      endloop
   endfacet
   facet normal 1.000000e+00 0.000000e+00 0.000000e+00
      outer loop
         vertex 3.375000e+02 -3.447200e+01 3.107456e+01
         vertex 3.375000e+02 -1.013194e+02 -4.299216e+00
         vertex 3.375000e+02 -9.246159e+01 -1.649088e+01
      endloop
   endfacet
   facet normal 1.000000e+00 0.000000e+00 0.000000e+00
      outer loop
         vertex 3.375000e+02 -3.447200e+01 3.107456e+01
         vertex 3.375000e+02 -9.246159e+01 -1.649088e+01
         vertex 3.375000e+02 -2.892544e+01 2.552800e+01
      endloop
   endfacet
   facet normal 1.000000e+00 0.000000e+00 0.000000e+00
      outer loop
         vertex 3.375000e+02 -2.892544e+01 2.552800e+01
         vertex 3.375000e+02 -9.246159e+01 -1.649088e+01
         vertex 3.375000e+02 -8.214565e+01 -2.747623e+01
      endloop
   endfacet
   facet normal 1.000000e+00 0.000000e+00 0.000000e+00
      outer loop
         vertex 3.375000e+02 -2.892544e+01 2.552800e+01
         vertex 3.375000e+02 -8.214565e+01 -2.747623e+01
         vertex 3.375000e+02 -7.053423e+01 -3.708204e+01
      endloop
   endfacet
   facet normal 1.000000e+00 0.000000e+00 -0.000000e+00
      outer loop
         vertex 3.375000e+02 4.228617e+01 7.539091e+01
         vertex 3.375000e+02 1.085792e+02 1.110935e+02
         vertex 3.375000e+02 3.897114e+01 8.250000e+01
      endloop
   endfacet
   facet normal 1.000000e+00 0.000000e+00 0.000000e+00
      outer loop
         vertex 3.375000e+02 3.897114e+01 8.250000e+01
         vertex 3.375000e+02 1.085792e+02 1.110935e+02
         vertex 3.375000e+02 1.013194e+02 1.242992e+02
      endloop
   endfacet
   facet normal 1.000000e+00 0.000000e+00 -0.000000e+00
      outer loop
         vertex 3.375000e+02 3.897114e+01 8.250000e+01
         vertex 3.375000e+02 1.013194e+02 1.242992e+02
         vertex 3.375000e+02 3.447200e+01 8.892544e+01
      endloop
   endfacet
   facet normal 1.000000e+00 0.000000e+00 0.000000e+00
      outer loop
         vertex 3.375000e+02 3.447200e+01 8.892544e+01
         vertex 3.375000e+02 1.013194e+02 1.242992e+02
         vertex 3.375000e+02 9.246159e+01 1.364909e+02
      endloop
   endfacet
   facet normal 1.000000e+00 0.000000e+00 -0.000000e+00
      outer loop
         vertex 3.375000e+02 3.447200e+01 8.892544e+01
         vertex 3.375000e+02 9.246159e+01 1.364909e+02
         vertex 3.375000e+02 2.892544e+01 9.447200e+01
      endloop
   endfacet
   facet normal 1.000000e+00 0.000000e+00 0.000000e+00
      outer loop
         vertex 3.375000e+02 2.892544e+01 9.447200e+01
         vertex 3.375000e+02 9.246159e+01 1.364909e+02
         vertex 3.375000e+02 8.214565e+01 1.474762e+02
      endloop
   endfacet
   facet normal 1.000000e+00 0.000000e+00 0.000000e+00
      outer loop
         vertex 3.375000e+02 2.892544e+01 9.447200e+01
         vertex 3.375000e+02 8.214565e+01 1.474762e+02
         vertex 3.375000e+02 7.053423e+01 1.570820e+02
      endloop
   endfacet
   facet normal 1.000000e+00 0.000000e+00 0.000000e+00
      outer loop
         vertex 3.375000e+02 -9.246159e+01 1.364909e+02
         vertex 3.375000e+02 -1.013194e+02 1.242992e+02
         vertex 3.375000e+02 -3.897114e+01 8.250000e+01
      endloop
   endfacet
   facet normal 1.000000e+00 0.000000e+00 0.000000e+00
      outer loop
         vertex 3.375000e+02 -3.897114e+01 8.250000e+01
         vertex 3.375000e+02 -1.013194e+02 1.242992e+02
         vertex 3.375000e+02 -1.085792e+02 1.110935e+02
      endloop
   endfacet
   facet normal 1.000000e+00 0.000000e+00 0.000000e+00
      outer loop
         vertex 3.375000e+02 -3.897114e+01 8.250000e+01
         vertex 3.375000e+02 -1.085792e+02 1.110935e+02
         vertex 3.375000e+02 -4.228617e+01 7.539091e+01
      endloop
   endfacet
   facet normal 1.000000e+00 0.000000e+00 0.000000e+00
      outer loop
         vertex 3.375000e+02 -4.228617e+01 7.539091e+01
         vertex 3.375000e+02 -1.085792e+02 1.110935e+02
         vertex 3.375000e+02 -1.141268e+02 9.708204e+01
      endloop
   endfacet
   facet normal 1.000000e+00 0.000000e+00 0.000000e+00
      outer loop
         vertex 3.375000e+02 -4.228617e+01 7.539091e+01
         vertex 3.375000e+02 -1.141268e+02 9.708204e+01
         vertex 3.375000e+02 -4.431635e+01 6.781417e+01
      endloop
   endfacet
   facet normal 1.000000e+00 0.000000e+00 0.000000e+00
      outer loop
         vertex 3.375000e+02 -4.431635e+01 6.781417e+01
         vertex 3.375000e+02 -1.141268e+02 9.708204e+01
         vertex 3.375000e+02 -1.178745e+02 8.248576e+01
      endloop
   endfacet
   facet normal 1.000000e+00 0.000000e+00 0.000000e+00
      outer loop
         vertex 3.375000e+02 -4.431635e+01 6.781417e+01
         vertex 3.375000e+02 -1.178745e+02 8.248576e+01
         vertex 3.375000e+02 -4.500000e+01 6.000000e+01
      endloop
   endfacet
   facet normal 1.000000e+00 -0.000000e+00 0.000000e+00
      outer loop
         vertex 3.375000e+02 2.250000e+01 2.102886e+01
         vertex 3.375000e+02 7.053423e+01 -3.708204e+01
         vertex 3.375000e+02 2.892544e+01 2.552800e+01
      endloop
   endfacet
   facet normal 1.000000e+00 0.000000e+00 0.000000e+00
      outer loop
         vertex 3.375000e+02 2.892544e+01 2.552800e+01
         vertex 3.375000e+02 7.053423e+01 -3.708204e+01
         vertex 3.375000e+02 8.214565e+01 -2.747623e+01
      endloop
   endfacet
   facet normal 1.000000e+00 -0.000000e+00 0.000000e+00
      outer loop
         vertex 3.375000e+02 2.892544e+01 2.552800e+01
         vertex 3.375000e+02 8.214565e+01 -2.747623e+01
         vertex 3.375000e+02 3.447200e+01 3.107456e+01
      endloop
   endfacet
   facet normal 1.000000e+00 0.000000e+00 0.000000e+00
      outer loop
         vertex 3.375000e+02 3.447200e+01 3.107456e+01
         vertex 3.375000e+02 8.214565e+01 -2.747623e+01
         vertex 3.375000e+02 9.246159e+01 -1.649088e+01
      endloop
   endfacet
   facet normal 1.000000e+00 -0.000000e+00 0.000000e+00
      outer loop
         vertex 3.375000e+02 3.447200e+01 3.107456e+01
         vertex 3.375000e+02 9.246159e+01 -1.649088e+01
         vertex 3.375000e+02 3.897114e+01 3.750000e+01
      endloop
   endfacet
   facet normal 1.000000e+00 0.000000e+00 0.000000e+00
      outer loop
         vertex 3.375000e+02 -1.178745e+02 8.248576e+01
         vertex 3.375000e+02 -1.197632e+02 6.753486e+01
         vertex 3.375000e+02 -4.500000e+01 6.000000e+01
      endloop
   endfacet
   facet normal 1.000000e+00 0.000000e+00 0.000000e+00
      outer loop
         vertex 3.375000e+02 -4.500000e+01 6.000000e+01
         vertex 3.375000e+02 -1.197632e+02 6.753486e+01
         vertex 3.375000e+02 -1.197632e+02 5.246514e+01
      endloop
   endfacet
   facet normal 1.000000e+00 0.000000e+00 0.000000e+00
      outer loop
         vertex 3.375000e+02 -4.500000e+01 6.000000e+01
         vertex 3.375000e+02 -1.197632e+02 5.246514e+01
         vertex 3.375000e+02 -4.431635e+01 5.218583e+01
      endloop
   endfacet
   facet normal 1.000000e+00 0.000000e+00 0.000000e+00
      outer loop
         vertex 3.375000e+02 -4.431635e+01 5.218583e+01
         vertex 3.375000e+02 -1.197632e+02 5.246514e+01
         vertex 3.375000e+02 -1.178745e+02 3.751424e+01
      endloop
   endfacet
   facet normal 1.000000e+00 0.000000e+00 0.000000e+00
      outer loop
         vertex 3.375000e+02 -4.431635e+01 5.218583e+01
         vertex 3.375000e+02 -1.178745e+02 3.751424e+01
         vertex 3.375000e+02 -4.228617e+01 4.460909e+01
      endloop
   endfacet
   facet normal 1.000000e+00 0.000000e+00 0.000000e+00
      outer loop
         vertex 3.375000e+02 -4.228617e+01 4.460909e+01
         vertex 3.375000e+02 -1.178745e+02 3.751424e+01
         vertex 3.375000e+02 -1.141268e+02 2.291796e+01
      endloop
   endfacet
   facet normal 1.000000e+00 0.000000e+00 0.000000e+00
      outer loop
         vertex 3.375000e+02 -4.228617e+01 4.460909e+01
         vertex 3.375000e+02 -1.141268e+02 2.291796e+01
         vertex 3.375000e+02 -1.085792e+02 8.906485e+00
      endloop
   endfacet
   facet normal 1.000000e+00 0.000000e+00 0.000000e+00
      outer loop
         vertex 3.375000e+02 -7.461062e-15 -6.000000e+01
         vertex 3.375000e+02 1.503999e+01 -5.905376e+01
         vertex 3.375000e+02 7.814168e+00 1.568365e+01
      endloop
   endfacet
   facet normal 1.000000e+00 0.000000e+00 0.000000e+00
      outer loop
         vertex 3.375000e+02 7.814168e+00 1.568365e+01
         vertex 3.375000e+02 1.503999e+01 -5.905376e+01
         vertex 3.375000e+02 2.984279e+01 -5.622998e+01
      endloop
   endfacet
   facet normal 1.000000e+00 -0.000000e+00 0.000000e+00
      outer loop
         vertex 3.375000e+02 7.814168e+00 1.568365e+01
         vertex 3.375000e+02 2.984279e+01 -5.622998e+01
         vertex 3.375000e+02 1.539091e+01 1.771383e+01
      endloop
   endfacet
   facet normal 1.000000e+00 0.000000e+00 0.000000e+00
      outer loop
         vertex 3.375000e+02 1.539091e+01 1.771383e+01
         vertex 3.375000e+02 2.984279e+01 -5.622998e+01
         vertex 3.375000e+02 4.417495e+01 -5.157318e+01
      endloop
   endfacet
   facet normal 1.000000e+00 -0.000000e+00 0.000000e+00
      outer loop
         vertex 3.375000e+02 1.539091e+01 1.771383e+01
         vertex 3.375000e+02 4.417495e+01 -5.157318e+01
         vertex 3.375000e+02 2.250000e+01 2.102886e+01
      endloop
   endfacet
   facet normal 1.000000e+00 0.000000e+00 0.000000e+00
      outer loop
         vertex 3.375000e+02 2.250000e+01 2.102886e+01
         vertex 3.375000e+02 4.417495e+01 -5.157318e+01
         vertex 3.375000e+02 5.781044e+01 -4.515680e+01
      endloop
   endfacet
   facet normal 1.000000e+00 0.000000e+00 0.000000e+00
      outer loop
         vertex 3.375000e+02 2.250000e+01 2.102886e+01
         vertex 3.375000e+02 5.781044e+01 -4.515680e+01
         vertex 3.375000e+02 7.053423e+01 -3.708204e+01
      endloop
   endfacet
   facet normal 1.000000e+00 0.000000e+00 -0.000000e+00
      outer loop
         vertex 3.375000e+02 4.500000e+01 6.000000e+01
         vertex 3.375000e+02 1.197632e+02 6.753486e+01
         vertex 3.375000e+02 4.431635e+01 6.781417e+01
      endloop
   endfacet
   facet normal 1.000000e+00 -0.000000e+00 0.000000e+00
      outer loop
         vertex 3.375000e+02 4.431635e+01 6.781417e+01
         vertex 3.375000e+02 1.197632e+02 6.753486e+01
         vertex 3.375000e+02 1.178745e+02 8.248576e+01
      endloop
   endfacet
   facet normal 1.000000e+00 0.000000e+00 -0.000000e+00
      outer loop
         vertex 3.375000e+02 4.431635e+01 6.781417e+01
         vertex 3.375000e+02 1.178745e+02 8.248576e+01
         vertex 3.375000e+02 4.228617e+01 7.539091e+01
      endloop
   endfacet
   facet normal 1.000000e+00 0.000000e+00 0.000000e+00
      outer loop
         vertex 3.375000e+02 4.228617e+01 7.539091e+01
         vertex 3.375000e+02 1.178745e+02 8.248576e+01
         vertex 3.375000e+02 1.141268e+02 9.708204e+01
      endloop
   endfacet
   facet normal 1.000000e+00 0.000000e+00 0.000000e+00
      outer loop
         vertex 3.375000e+02 4.228617e+01 7.539091e+01
         vertex 3.375000e+02 1.141268e+02 9.708204e+01
         vertex 3.375000e+02 1.085792e+02 1.110935e+02
      endloop
   endfacet
   facet normal 1.000000e+00 0.000000e+00 -0.000000e+00
      outer loop
         vertex 3.375000e+02 9.246159e+01 -1.649088e+01
         vertex 3.375000e+02 1.013194e+02 -4.299216e+00
         vertex 3.375000e+02 3.897114e+01 3.750000e+01
      endloop
   endfacet
   facet normal 1.000000e+00 0.000000e+00 0.000000e+00
      outer loop
         vertex 3.375000e+02 3.897114e+01 3.750000e+01
         vertex 3.375000e+02 1.013194e+02 -4.299216e+00
         vertex 3.375000e+02 1.085792e+02 8.906485e+00
      endloop
   endfacet
   facet normal 1.000000e+00 -0.000000e+00 0.000000e+00
      outer loop
         vertex 3.375000e+02 3.897114e+01 3.750000e+01
         vertex 3.375000e+02 1.085792e+02 8.906485e+00
         vertex 3.375000e+02 4.228617e+01 4.460909e+01
      endloop
   endfacet
   facet normal 1.000000e+00 0.000000e+00 0.000000e+00
      outer loop
         vertex 3.375000e+02 4.228617e+01 4.460909e+01
         vertex 3.375000e+02 1.085792e+02 8.906485e+00
         vertex 3.375000e+02 1.141268e+02 2.291796e+01
      endloop
   endfacet
   facet normal 1.000000e+00 -0.000000e+00 0.000000e+00
      outer loop
         vertex 3.375000e+02 4.228617e+01 4.460909e+01
         vertex 3.375000e+02 1.141268e+02 2.291796e+01
         vertex 3.375000e+02 4.431635e+01 5.218583e+01
      endloop
   endfacet
   facet normal 1.000000e+00 0.000000e+00 0.000000e+00
      outer loop
         vertex 3.375000e+02 4.431635e+01 5.218583e+01
         vertex 3.375000e+02 1.141268e+02 2.291796e+01
         vertex 3.375000e+02 1.178745e+02 3.751424e+01
      endloop
   endfacet
   facet normal 1.000000e+00 -0.000000e+00 0.000000e+00
      outer loop
         vertex 3.375000e+02 4.431635e+01 5.218583e+01
         vertex 3.375000e+02 1.178745e+02 3.751424e+01
         vertex 3.375000e+02 4.500000e+01 6.000000e+01
      endloop
   endfacet
   facet normal 1.000000e+00 0.000000e+00 0.000000e+00
      outer loop
         vertex 3.375000e+02 4.500000e+01 6.000000e+01
         vertex 3.375000e+02 1.178745e+02 3.751424e+01
         vertex 3.375000e+02 1.197632e+02 5.246514e+01
      endloop
   endfacet
   facet normal 1.000000e+00 -0.000000e+00 0.000000e+00
      outer loop
         vertex 3.375000e+02 4.500000e+01 6.000000e+01
         vertex 3.375000e+02 1.197632e+02 5.246514e+01
         vertex 3.375000e+02 1.197632e+02 6.753486e+01
      endloop
   endfacet
   facet normal -1.000000e+00 0.000000e+00 0.000000e+00
      outer loop
         vertex -3.375000e+02 -1.539091e+01 1.022862e+02
         vertex -3.375000e+02 -2.984279e+01 1.762300e+02
         vertex -3.375000e+02 -7.814168e+00 1.043163e+02
      endloop
   endfacet
   facet normal -1.000000e+00 0.000000e+00 0.000000e+00
      outer loop
         vertex -3.375000e+02 -7.814168e+00 1.043163e+02
         vertex -3.375000e+02 -2.984279e+01 1.762300e+02
         vertex -3.375000e+02 -1.503999e+01 1.790538e+02
      endloop
   endfacet
   facet normal -1.000000e+00 0.000000e+00 0.000000e+00
      outer loop
         vertex -3.375000e+02 -7.814168e+00 1.043163e+02
         vertex -3.375000e+02 -1.503999e+01 1.790538e+02
         vertex -3.375000e+02 2.744137e-14 1.050000e+02
      endloop
   endfacet
   facet normal -1.000000e+00 0.000000e+00 0.000000e+00
      outer loop
         vertex -3.375000e+02 2.744137e-14 1.050000e+02
         vertex -3.375000e+02 -1.503999e+01 1.790538e+02
         vertex -3.375000e+02 3.662622e-14 1.800000e+02
      endloop
   endfacet
   facet normal -1.000000e+00 0.000000e+00 0.000000e+00
      outer loop
         vertex -3.375000e+02 2.744137e-14 1.050000e+02
         vertex -3.375000e+02 3.662622e-14 1.800000e+02
         vertex -3.375000e+02 7.814168e+00 1.043163e+02
      endloop
   endfacet
   facet normal -1.000000e+00 0.000000e+00 0.000000e+00
      outer loop
         vertex -3.375000e+02 2.250000e+01 9.897114e+01
         vertex -3.375000e+02 7.053423e+01 1.570820e+02
         vertex -3.375000e+02 2.892544e+01 9.447200e+01
      endloop
   endfacet
   facet normal -1.000000e+00 0.000000e+00 0.000000e+00
      outer loop
         vertex -3.375000e+02 2.892544e+01 9.447200e+01
         vertex -3.375000e+02 7.053423e+01 1.570820e+02
         vertex -3.375000e+02 8.214565e+01 1.474762e+02
      endloop
   endfacet
   facet normal -1.000000e+00 0.000000e+00 0.000000e+00
      outer loop
         vertex -3.375000e+02 2.892544e+01 9.447200e+01
         vertex -3.375000e+02 8.214565e+01 1.474762e+02
         vertex -3.375000e+02 3.447200e+01 8.892544e+01
      endloop
   endfacet
   facet normal -1.000000e+00 0.000000e+00 0.000000e+00
      outer loop
         vertex -3.375000e+02 3.447200e+01 8.892544e+01
         vertex -3.375000e+02 8.214565e+01 1.474762e+02
         vertex -3.375000e+02 9.246159e+01 1.364909e+02
      endloop
   endfacet
   facet normal -1.000000e+00 0.000000e+00 0.000000e+00
      outer loop
         vertex -3.375000e+02 3.447200e+01 8.892544e+01
         vertex -3.375000e+02 9.246159e+01 1.364909e+02
         vertex -3.375000e+02 3.897114e+01 8.250000e+01
      endloop
   endfacet
   facet normal -1.000000e+00 0.000000e+00 0.000000e+00
      outer loop
         vertex -3.375000e+02 3.662622e-14 1.800000e+02
         vertex -3.375000e+02 1.503999e+01 1.790538e+02
         vertex -3.375000e+02 7.814168e+00 1.043163e+02
      endloop
   endfacet
   facet normal -1.000000e+00 0.000000e+00 0.000000e+00
      outer loop
         vertex -3.375000e+02 7.814168e+00 1.043163e+02
         vertex -3.375000e+02 1.503999e+01 1.790538e+02
         vertex -3.375000e+02 2.984279e+01 1.762300e+02
      endloop
   endfacet
   facet normal -1.000000e+00 0.000000e+00 0.000000e+00
      outer loop
         vertex -3.375000e+02 7.814168e+00 1.043163e+02
         vertex -3.375000e+02 2.984279e+01 1.762300e+02
         vertex -3.375000e+02 1.539091e+01 1.022862e+02
      endloop
   endfacet
   facet normal -1.000000e+00 0.000000e+00 0.000000e+00
      outer loop
         vertex -3.375000e+02 1.539091e+01 1.022862e+02
         vertex -3.375000e+02 2.984279e+01 1.762300e+02
         vertex -3.375000e+02 4.417495e+01 1.715732e+02
      endloop
   endfacet
   facet normal -1.000000e+00 0.000000e+00 0.000000e+00
      outer loop
         vertex -3.375000e+02 1.539091e+01 1.022862e+02
         vertex -3.375000e+02 4.417495e+01 1.715732e+02
         vertex -3.375000e+02 2.250000e+01 9.897114e+01
      endloop
   endfacet
   facet normal -1.000000e+00 0.000000e+00 0.000000e+00
      outer loop
         vertex -3.375000e+02 2.250000e+01 9.897114e+01
         vertex -3.375000e+02 4.417495e+01 1.715732e+02
         vertex -3.375000e+02 5.781044e+01 1.651568e+02
      endloop
   endfacet
   facet normal -1.000000e+00 0.000000e+00 0.000000e+00
      outer loop
         vertex -3.375000e+02 2.250000e+01 9.897114e+01
         vertex -3.375000e+02 5.781044e+01 1.651568e+02
         vertex -3.375000e+02 7.053423e+01 1.570820e+02
      endloop
   endfacet
   facet normal -1.000000e+00 0.000000e+00 0.000000e+00
      outer loop
         vertex -3.375000e+02 -2.892544e+01 9.447200e+01
         vertex -3.375000e+02 -7.053423e+01 1.570820e+02
         vertex -3.375000e+02 -2.250000e+01 9.897114e+01
      endloop
   endfacet
   facet normal -1.000000e+00 0.000000e+00 0.000000e+00
      outer loop
         vertex -3.375000e+02 -2.250000e+01 9.897114e+01
         vertex -3.375000e+02 -7.053423e+01 1.570820e+02
         vertex -3.375000e+02 -5.781044e+01 1.651568e+02
      endloop
   endfacet
   facet normal -1.000000e+00 0.000000e+00 0.000000e+00
      outer loop
         vertex -3.375000e+02 -2.250000e+01 9.897114e+01
         vertex -3.375000e+02 -5.781044e+01 1.651568e+02
         vertex -3.375000e+02 -1.539091e+01 1.022862e+02
      endloop
   endfacet
   facet normal -1.000000e+00 0.000000e+00 0.000000e+00
      outer loop
         vertex -3.375000e+02 -1.539091e+01 1.022862e+02
         vertex -3.375000e+02 -5.781044e+01 1.651568e+02
         vertex -3.375000e+02 -4.417495e+01 1.715732e+02
      endloop
   endfacet
   facet normal -1.000000e+00 0.000000e+00 0.000000e+00
      outer loop
         vertex -3.375000e+02 -1.539091e+01 1.022862e+02
         vertex -3.375000e+02 -4.417495e+01 1.715732e+02
         vertex -3.375000e+02 -2.984279e+01 1.762300e+02
      endloop
   endfacet
   facet normal -1.000000e+00 0.000000e+00 0.000000e+00
      outer loop
         vertex -3.375000e+02 -4.228617e+01 7.539091e+01
         vertex -3.375000e+02 -1.085792e+02 1.110935e+02
         vertex -3.375000e+02 -3.897114e+01 8.250000e+01
      endloop
   endfacet
   facet normal -1.000000e+00 0.000000e+00 0.000000e+00
      outer loop
         vertex -3.375000e+02 -3.897114e+01 8.250000e+01
         vertex -3.375000e+02 -1.085792e+02 1.110935e+02
         vertex -3.375000e+02 -1.013194e+02 1.242992e+02
      endloop
   endfacet
   facet normal -1.000000e+00 0.000000e+00 0.000000e+00
      outer loop
         vertex -3.375000e+02 -3.897114e+01 8.250000e+01
         vertex -3.375000e+02 -1.013194e+02 1.242992e+02
         vertex -3.375000e+02 -3.447200e+01 8.892544e+01
      endloop
   endfacet
   facet normal -1.000000e+00 0.000000e+00 0.000000e+00
      outer loop
         vertex -3.375000e+02 -3.447200e+01 8.892544e+01
         vertex -3.375000e+02 -1.013194e+02 1.242992e+02
         vertex -3.375000e+02 -9.246159e+01 1.364909e+02
      endloop
   endfacet
   facet normal -1.000000e+00 0.000000e+00 0.000000e+00
      outer loop
         vertex -3.375000e+02 -3.447200e+01 8.892544e+01
         vertex -3.375000e+02 -9.246159e+01 1.364909e+02
         vertex -3.375000e+02 -2.892544e+01 9.447200e+01
      endloop
   endfacet
   facet normal -1.000000e+00 0.000000e+00 0.000000e+00
      outer loop
         vertex -3.375000e+02 -2.892544e+01 9.447200e+01
         vertex -3.375000e+02 -9.246159e+01 1.364909e+02
         vertex -3.375000e+02 -8.214565e+01 1.474762e+02
      endloop
   endfacet
   facet normal -1.000000e+00 0.000000e+00 0.000000e+00
      outer loop
         vertex -3.375000e+02 -2.892544e+01 9.447200e+01
         vertex -3.375000e+02 -8.214565e+01 1.474762e+02
         vertex -3.375000e+02 -7.053423e+01 1.570820e+02
      endloop
   endfacet
   facet normal -1.000000e+00 -0.000000e+00 0.000000e+00
      outer loop
         vertex -3.375000e+02 -2.250000e+01 2.102886e+01
         vertex -3.375000e+02 -7.053423e+01 -3.708204e+01
         vertex -3.375000e+02 -2.892544e+01 2.552800e+01
      endloop
   endfacet
   facet normal -1.000000e+00 0.000000e+00 0.000000e+00
      outer loop
         vertex -3.375000e+02 -2.892544e+01 2.552800e+01
         vertex -3.375000e+02 -7.053423e+01 -3.708204e+01
         vertex -3.375000e+02 -8.214565e+01 -2.747623e+01
      endloop
   endfacet
   facet normal -1.000000e+00 -0.000000e+00 0.000000e+00
      outer loop
         vertex -3.375000e+02 -2.892544e+01 2.552800e+01
         vertex -3.375000e+02 -8.214565e+01 -2.747623e+01
         vertex -3.375000e+02 -3.447200e+01 3.107456e+01
      endloop
   endfacet
   facet normal -1.000000e+00 0.000000e+00 0.000000e+00
      outer loop
         vertex -3.375000e+02 -3.447200e+01 3.107456e+01
         vertex -3.375000e+02 -8.214565e+01 -2.747623e+01
         vertex -3.375000e+02 -9.246159e+01 -1.649088e+01
      endloop
   endfacet
   facet normal -1.000000e+00 -0.000000e+00 0.000000e+00
      outer loop
         vertex -3.375000e+02 -3.447200e+01 3.107456e+01
         vertex -3.375000e+02 -9.246159e+01 -1.649088e+01
         vertex -3.375000e+02 -3.897114e+01 3.750000e+01
      endloop
   endfacet
   facet normal -1.000000e+00 0.000000e+00 0.000000e+00
      outer loop
         vertex -3.375000e+02 -4.431635e+01 5.218583e+01
         vertex -3.375000e+02 -1.197632e+02 5.246514e+01
         vertex -3.375000e+02 -4.500000e+01 6.000000e+01
      endloop
   endfacet
   facet normal -1.000000e+00 -0.000000e+00 0.000000e+00
      outer loop
         vertex -3.375000e+02 -4.500000e+01 6.000000e+01
         vertex -3.375000e+02 -1.197632e+02 5.246514e+01
         vertex -3.375000e+02 -1.197632e+02 6.753486e+01
      endloop
   endfacet
   facet normal -1.000000e+00 0.000000e+00 0.000000e+00
      outer loop
         vertex -3.375000e+02 -4.500000e+01 6.000000e+01
         vertex -3.375000e+02 -1.197632e+02 6.753486e+01
         vertex -3.375000e+02 -4.431635e+01 6.781417e+01
      endloop
   endfacet
   facet normal -1.000000e+00 -0.000000e+00 0.000000e+00
      outer loop
         vertex -3.375000e+02 -4.431635e+01 6.781417e+01
         vertex -3.375000e+02 -1.197632e+02 6.753486e+01
         vertex -3.375000e+02 -1.178745e+02 8.248576e+01
      endloop
   endfacet
   facet normal -1.000000e+00 0.000000e+00 0.000000e+00
      outer loop
         vertex -3.375000e+02 -4.431635e+01 6.781417e+01
         vertex -3.375000e+02 -1.178745e+02 8.248576e+01
         vertex -3.375000e+02 -4.228617e+01 7.539091e+01
      endloop
   endfacet
   facet normal -1.000000e+00 0.000000e+00 0.000000e+00
      outer loop
         vertex -3.375000e+02 -4.228617e+01 7.539091e+01
         vertex -3.375000e+02 -1.178745e+02 8.248576e+01
         vertex -3.375000e+02 -1.141268e+02 9.708204e+01
      endloop
   endfacet
   facet normal -1.000000e+00 0.000000e+00 0.000000e+00
      outer loop
         vertex -3.375000e+02 -4.228617e+01 7.539091e+01
         vertex -3.375000e+02 -1.141268e+02 9.708204e+01
         vertex -3.375000e+02 -1.085792e+02 1.110935e+02
      endloop
   endfacet
   facet normal -1.000000e+00 -0.000000e+00 0.000000e+00
      outer loop
         vertex -3.375000e+02 -7.814168e+00 1.568365e+01
         vertex -3.375000e+02 -2.984279e+01 -5.622998e+01
         vertex -3.375000e+02 -1.539091e+01 1.771383e+01
      endloop
   endfacet
   facet normal -1.000000e+00 0.000000e+00 0.000000e+00
      outer loop
         vertex -3.375000e+02 -1.539091e+01 1.771383e+01
         vertex -3.375000e+02 -2.984279e+01 -5.622998e+01
         vertex -3.375000e+02 -4.417495e+01 -5.157318e+01
      endloop
   endfacet
   facet normal -1.000000e+00 -0.000000e+00 0.000000e+00
      outer loop
         vertex -3.375000e+02 -1.539091e+01 1.771383e+01
         vertex -3.375000e+02 -4.417495e+01 -5.157318e+01
         vertex -3.375000e+02 -2.250000e+01 2.102886e+01
      endloop
   endfacet
   facet normal -1.000000e+00 0.000000e+00 0.000000e+00
      outer loop
         vertex -3.375000e+02 -2.250000e+01 2.102886e+01
         vertex -3.375000e+02 -4.417495e+01 -5.157318e+01
         vertex -3.375000e+02 -5.781044e+01 -4.515680e+01
      endloop
   endfacet
   facet normal -1.000000e+00 0.000000e+00 0.000000e+00
      outer loop
         vertex -3.375000e+02 -2.250000e+01 2.102886e+01
         vertex -3.375000e+02 -5.781044e+01 -4.515680e+01
         vertex -3.375000e+02 -7.053423e+01 -3.708204e+01
      endloop
   endfacet
   facet normal -1.000000e+00 0.000000e+00 0.000000e+00
      outer loop
         vertex -3.375000e+02 -9.246159e+01 -1.649088e+01
         vertex -3.375000e+02 -1.013194e+02 -4.299216e+00
         vertex -3.375000e+02 -3.897114e+01 3.750000e+01
      endloop
   endfacet
   facet normal -1.000000e+00 0.000000e+00 0.000000e+00
      outer loop
         vertex -3.375000e+02 -3.897114e+01 3.750000e+01
         vertex -3.375000e+02 -1.013194e+02 -4.299216e+00
         vertex -3.375000e+02 -1.085792e+02 8.906485e+00
      endloop
   endfacet
   facet normal -1.000000e+00 -0.000000e+00 0.000000e+00
      outer loop
         vertex -3.375000e+02 -3.897114e+01 3.750000e+01
         vertex -3.375000e+02 -1.085792e+02 8.906485e+00
         vertex -3.375000e+02 -4.228617e+01 4.460909e+01
      endloop
   endfacet
   facet normal -1.000000e+00 0.000000e+00 0.000000e+00
      outer loop
         vertex -3.375000e+02 -4.228617e+01 4.460909e+01
         vertex -3.375000e+02 -1.085792e+02 8.906485e+00
         vertex -3.375000e+02 -1.141268e+02 2.291796e+01
      endloop
   endfacet
   facet normal -1.000000e+00 -0.000000e+00 0.000000e+00
      outer loop
         vertex -3.375000e+02 -4.228617e+01 4.460909e+01
         vertex -3.375000e+02 -1.141268e+02 2.291796e+01
         vertex -3.375000e+02 -4.431635e+01 5.218583e+01
      endloop
   endfacet
   facet normal -1.000000e+00 0.000000e+00 0.000000e+00
      outer loop
         vertex -3.375000e+02 -4.431635e+01 5.218583e+01
         vertex -3.375000e+02 -1.141268e+02 2.291796e+01
         vertex -3.375000e+02 -1.178745e+02 3.751424e+01
      endloop
   endfacet
   facet normal -1.000000e+00 -0.000000e+00 0.000000e+00
      outer loop
         vertex -3.375000e+02 -4.431635e+01 5.218583e+01
         vertex -3.375000e+02 -1.178745e+02 3.751424e+01
         vertex -3.375000e+02 -1.197632e+02 5.246514e+01
      endloop
   endfacet
   facet normal -1.000000e+00 0.000000e+00 -0.000000e+00
      outer loop
         vertex -3.375000e+02 1.539091e+01 1.771383e+01
         vertex -3.375000e+02 2.984279e+01 -5.622998e+01
         vertex -3.375000e+02 7.814168e+00 1.568365e+01
      endloop
   endfacet
   facet normal -1.000000e+00 0.000000e+00 0.000000e+00
      outer loop
         vertex -3.375000e+02 7.814168e+00 1.568365e+01
         vertex -3.375000e+02 2.984279e+01 -5.622998e+01
         vertex -3.375000e+02 1.503999e+01 -5.905376e+01
      endloop
   endfacet
   facet normal -1.000000e+00 0.000000e+00 -0.000000e+00
      outer loop
         vertex -3.375000e+02 7.814168e+00 1.568365e+01
         vertex -3.375000e+02 1.503999e+01 -5.905376e+01
         vertex -3.375000e+02 1.090864e-14 1.500000e+01
      endloop
   endfacet
   facet normal -1.000000e+00 0.000000e+00 0.000000e+00
      outer loop
         vertex -3.375000e+02 1.090864e-14 1.500000e+01
         vertex -3.375000e+02 1.503999e+01 -5.905376e+01
         vertex -3.375000e+02 2.193046e-14 -6.000000e+01
      endloop
   endfacet
   facet normal -1.000000e+00 -0.000000e+00 -0.000000e+00
      outer loop
         vertex -3.375000e+02 1.090864e-14 1.500000e+01
         vertex -3.375000e+02 2.193046e-14 -6.000000e+01
         vertex -3.375000e+02 -7.814168e+00 1.568365e+01
      endloop
   endfacet
   facet normal -1.000000e+00 0.000000e+00 -0.000000e+00
      outer loop
         vertex -3.375000e+02 -7.814168e+00 1.568365e+01
         vertex -3.375000e+02 2.193046e-14 -6.000000e+01
         vertex -3.375000e+02 -1.503999e+01 -5.905376e+01
      endloop
   endfacet
   facet normal -1.000000e+00 0.000000e+00 0.000000e+00
      outer loop
         vertex -3.375000e+02 -7.814168e+00 1.568365e+01
         vertex -3.375000e+02 -1.503999e+01 -5.905376e+01
         vertex -3.375000e+02 -2.984279e+01 -5.622998e+01
      endloop
   endfacet
   facet normal -1.000000e+00 0.000000e+00 -0.000000e+00
      outer loop
         vertex -3.375000e+02 2.892544e+01 2.552800e+01
         vertex -3.375000e+02 7.053423e+01 -3.708204e+01
         vertex -3.375000e+02 2.250000e+01 2.102886e+01
      endloop
   endfacet
   facet normal -1.000000e+00 0.000000e+00 0.000000e+00
      outer loop
         vertex -3.375000e+02 2.250000e+01 2.102886e+01
         vertex -3.375000e+02 7.053423e+01 -3.708204e+01
         vertex -3.375000e+02 5.781044e+01 -4.515680e+01
      endloop
   endfacet
   facet normal -1.000000e+00 0.000000e+00 -0.000000e+00
      outer loop
         vertex -3.375000e+02 2.250000e+01 2.102886e+01
         vertex -3.375000e+02 5.781044e+01 -4.515680e+01
         vertex -3.375000e+02 1.539091e+01 1.771383e+01
      endloop
   endfacet
   facet normal -1.000000e+00 0.000000e+00 0.000000e+00
      outer loop
         vertex -3.375000e+02 1.539091e+01 1.771383e+01
         vertex -3.375000e+02 5.781044e+01 -4.515680e+01
         vertex -3.375000e+02 4.417495e+01 -5.157318e+01
      endloop
   endfacet
   facet normal -1.000000e+00 0.000000e+00 0.000000e+00
      outer loop
         vertex -3.375000e+02 1.539091e+01 1.771383e+01
         vertex -3.375000e+02 4.417495e+01 -5.157318e+01
         vertex -3.375000e+02 2.984279e+01 -5.622998e+01
      endloop
   endfacet
   facet normal -1.000000e+00 0.000000e+00 -0.000000e+00
      outer loop
         vertex -3.375000e+02 4.228617e+01 4.460909e+01
         vertex -3.375000e+02 1.085792e+02 8.906485e+00
         vertex -3.375000e+02 3.897114e+01 3.750000e+01
      endloop
   endfacet
   facet normal -1.000000e+00 0.000000e+00 0.000000e+00
      outer loop
         vertex -3.375000e+02 3.897114e+01 3.750000e+01
         vertex -3.375000e+02 1.085792e+02 8.906485e+00
         vertex -3.375000e+02 1.013194e+02 -4.299216e+00
      endloop
   endfacet
   facet normal -1.000000e+00 0.000000e+00 -0.000000e+00
      outer loop
         vertex -3.375000e+02 3.897114e+01 3.750000e+01
         vertex -3.375000e+02 1.013194e+02 -4.299216e+00
         vertex -3.375000e+02 3.447200e+01 3.107456e+01
      endloop
   endfacet
   facet normal -1.000000e+00 0.000000e+00 0.000000e+00
      outer loop
         vertex -3.375000e+02 3.447200e+01 3.107456e+01
         vertex -3.375000e+02 1.013194e+02 -4.299216e+00
         vertex -3.375000e+02 9.246159e+01 -1.649088e+01
      endloop
   endfacet
   facet normal -1.000000e+00 0.000000e+00 -0.000000e+00
      outer loop
         vertex -3.375000e+02 3.447200e+01 3.107456e+01
         vertex -3.375000e+02 9.246159e+01 -1.649088e+01
         vertex -3.375000e+02 2.892544e+01 2.552800e+01
      endloop
   endfacet
   facet normal -1.000000e+00 0.000000e+00 0.000000e+00
      outer loop
         vertex -3.375000e+02 2.892544e+01 2.552800e+01
         vertex -3.375000e+02 9.246159e+01 -1.649088e+01
         vertex -3.375000e+02 8.214565e+01 -2.747623e+01
      endloop
   endfacet
   facet normal -1.000000e+00 0.000000e+00 0.000000e+00
      outer loop
         vertex -3.375000e+02 2.892544e+01 2.552800e+01
         vertex -3.375000e+02 8.214565e+01 -2.747623e+01
         vertex -3.375000e+02 7.053423e+01 -3.708204e+01
      endloop
   endfacet
   facet normal -1.000000e+00 0.000000e+00 0.000000e+00
      outer loop
         vertex -3.375000e+02 4.431635e+01 6.781417e+01
         vertex -3.375000e+02 1.197632e+02 6.753486e+01
         vertex -3.375000e+02 4.500000e+01 6.000000e+01
      endloop
   endfacet
   facet normal -1.000000e+00 0.000000e+00 0.000000e+00
      outer loop
         vertex -3.375000e+02 4.500000e+01 6.000000e+01
         vertex -3.375000e+02 1.197632e+02 6.753486e+01
         vertex -3.375000e+02 1.197632e+02 5.246514e+01
      endloop
   endfacet
   facet normal -1.000000e+00 0.000000e+00 -0.000000e+00
      outer loop
         vertex -3.375000e+02 4.500000e+01 6.000000e+01
         vertex -3.375000e+02 1.197632e+02 5.246514e+01
         vertex -3.375000e+02 4.431635e+01 5.218583e+01
      endloop
   endfacet
   facet normal -1.000000e+00 0.000000e+00 0.000000e+00
      outer loop
         vertex -3.375000e+02 4.431635e+01 5.218583e+01
         vertex -3.375000e+02 1.197632e+02 5.246514e+01
         vertex -3.375000e+02 1.178745e+02 3.751424e+01
      endloop
   endfacet
   facet normal -1.000000e+00 0.000000e+00 -0.000000e+00
      outer loop
         vertex -3.375000e+02 4.431635e+01 5.218583e+01
         vertex -3.375000e+02 1.178745e+02 3.751424e+01
         vertex -3.375000e+02 4.228617e+01 4.460909e+01
      endloop
   endfacet
   facet normal -1.000000e+00 0.000000e+00 0.000000e+00
      outer loop
         vertex -3.375000e+02 4.228617e+01 4.460909e+01
         vertex -3.375000e+02 1.178745e+02 3.751424e+01
         vertex -3.375000e+02 1.141268e+02 2.291796e+01
      endloop
   endfacet
   facet normal -1.000000e+00 0.000000e+00 0.000000e+00
      outer loop
         vertex -3.375000e+02 4.228617e+01 4.460909e+01
         vertex -3.375000e+02 1.141268e+02 2.291796e+01
         vertex -3.375000e+02 1.085792e+02 8.906485e+00
      endloop
   endfacet
   facet normal -1.000000e+00 0.000000e+00 -0.000000e+00
      outer loop
         vertex -3.375000e+02 9.246159e+01 1.364909e+02
         vertex -3.375000e+02 1.013194e+02 1.242992e+02
         vertex -3.375000e+02 3.897114e+01 8.250000e+01
      endloop
   endfacet
   facet normal -1.000000e+00 0.000000e+00 0.000000e+00
      outer loop
         vertex -3.375000e+02 3.897114e+01 8.250000e+01
         vertex -3.375000e+02 1.013194e+02 1.242992e+02
         vertex -3.375000e+02 1.085792e+02 1.110935e+02
      endloop
   endfacet
   facet normal -1.000000e+00 0.000000e+00 0.000000e+00
      outer loop
         vertex -3.375000e+02 3.897114e+01 8.250000e+01
         vertex -3.375000e+02 1.085792e+02 1.110935e+02
         vertex -3.375000e+02 4.228617e+01 7.539091e+01
      endloop
   endfacet
   facet normal -1.000000e+00 0.000000e+00 0.000000e+00
      outer loop
         vertex -3.375000e+02 4.228617e+01 7.539091e+01
         vertex -3.375000e+02 1.085792e+02 1.110935e+02
         vertex -3.375000e+02 1.141268e+02 9.708204e+01
      endloop
   endfacet
   facet normal -1.000000e+00 0.000000e+00 0.000000e+00
      outer loop
         vertex -3.375000e+02 4.228617e+01 7.539091e+01
         vertex -3.375000e+02 1.141268e+02 9.708204e+01
         vertex -3.375000e+02 4.431635e+01 6.781417e+01
      endloop
   endfacet
   facet normal -1.000000e+00 0.000000e+00 0.000000e+00
      outer loop
         vertex -3.375000e+02 4.431635e+01 6.781417e+01
         vertex -3.375000e+02 1.141268e+02 9.708204e+01
         vertex -3.375000e+02 1.178745e+02 8.248576e+01
      endloop
   endfacet
   facet normal -1.000000e+00 0.000000e+00 0.000000e+00
      outer loop
         vertex -3.375000e+02 4.431635e+01 6.781417e+01
         vertex -3.375000e+02 1.178745e+02 8.248576e+01
         vertex -3.375000e+02 1.197632e+02 6.753486e+01
      endloop
   endfacet
   facet normal 9.863939e-01 1.692949e-07 1.643992e-01
      outer loop
         vertex -2.399348e+02 4.228617e+01 4.460909e+01
         vertex -2.387500e+02 3.897114e+01 3.750000e+01
         vertex -2.250000e+02 1.611906e+02 -4.500000e+01
      endloop
   endfacet
   facet normal 9.863940e-01 -4.000043e-07 1.643984e-01
      outer loop
         vertex -2.250000e+02 1.611906e+02 -4.500000e+01
         vertex -2.387500e+02 3.897114e+01 3.750000e+01
         vertex -2.376791e+02 3.447200e+01 3.107456e+01
      endloop
   endfacet
   facet normal 9.863940e-01 -2.196150e-07 1.643987e-01
      outer loop
         vertex -2.250000e+02 1.611906e+02 -4.500000e+01
         vertex -2.376791e+02 3.447200e+01 3.107456e+01
         vertex -2.367547e+02 2.892544e+01 2.552800e+01
      endloop
   endfacet
   facet normal 9.863930e-01 2.134742e-06 1.644044e-01
      outer loop
         vertex -2.351139e+02 7.814168e+00 1.568365e+01
         vertex -2.350285e+02 3.922008e+00 1.517124e+01
         vertex -2.250000e+02 1.611906e+02 -4.500000e+01
      endloop
   endfacet
   facet normal 9.863943e-01 -9.117306e-07 1.643967e-01
      outer loop
         vertex -2.250000e+02 1.611906e+02 -4.500000e+01
         vertex -2.350285e+02 3.922008e+00 1.517124e+01
         vertex -2.350000e+02 2.775558e-14 1.500000e+01
      endloop
   endfacet
   facet normal 9.863939e-01 0.000000e+00 1.643991e-01
      outer loop
         vertex -2.250000e+02 1.611906e+02 -4.500000e+01
         vertex -2.350000e+02 2.775558e-14 1.500000e+01
         vertex -2.250000e+02 -1.611906e+02 -4.500000e+01
      endloop
   endfacet
   facet normal 9.863940e-01 4.000043e-07 1.643984e-01
      outer loop
         vertex -2.250000e+02 -1.611906e+02 -4.500000e+01
         vertex -2.376791e+02 -3.447200e+01 3.107456e+01
         vertex -2.387500e+02 -3.897114e+01 3.750000e+01
      endloop
   endfacet
   facet normal 9.863943e-01 9.117306e-07 1.643967e-01
      outer loop
         vertex -2.350000e+02 2.775558e-14 1.500000e+01
         vertex -2.350285e+02 -3.922008e+00 1.517124e+01
         vertex -2.250000e+02 -1.611906e+02 -4.500000e+01
      endloop
   endfacet
   facet normal 9.863930e-01 -2.134742e-06 1.644044e-01
      outer loop
         vertex -2.250000e+02 -1.611906e+02 -4.500000e+01
         vertex -2.350285e+02 -3.922008e+00 1.517124e+01
         vertex -2.351139e+02 -7.814168e+00 1.568365e+01
      endloop
   endfacet
   facet normal 9.863945e-01 1.462411e-06 1.643956e-01
      outer loop
         vertex -2.250000e+02 -1.611906e+02 -4.500000e+01
         vertex -2.351139e+02 -7.814168e+00 1.568365e+01
         vertex -2.352556e+02 -1.164686e+01 1.653334e+01
      endloop
   endfacet
   facet normal 9.863939e-01 -9.270471e-08 1.643991e-01
      outer loop
         vertex -2.462500e+02 3.897114e+01 8.250000e+01
         vertex -2.450652e+02 4.228617e+01 7.539091e+01
         vertex -2.494153e+02 1.050499e+02 1.014918e+02
      endloop
   endfacet
   facet normal 9.863940e-01 -3.330145e-07 1.643984e-01
      outer loop
         vertex -2.357027e+02 1.901782e+01 1.921615e+01
         vertex -2.354523e+02 1.539091e+01 1.771383e+01
         vertex -2.250000e+02 1.611906e+02 -4.500000e+01
      endloop
   endfacet
   facet normal 9.863936e-01 8.691415e-07 1.644011e-01
      outer loop
         vertex -2.250000e+02 1.611906e+02 -4.500000e+01
         vertex -2.354523e+02 1.539091e+01 1.771383e+01
         vertex -2.352556e+02 1.164686e+01 1.653334e+01
      endloop
   endfacet
   facet normal 9.863945e-01 -1.462411e-06 1.643956e-01
      outer loop
         vertex -2.250000e+02 1.611906e+02 -4.500000e+01
         vertex -2.352556e+02 1.164686e+01 1.653334e+01
         vertex -2.351139e+02 7.814168e+00 1.568365e+01
      endloop
   endfacet
   facet normal 9.863936e-01 -8.691415e-07 1.644011e-01
      outer loop
         vertex -2.352556e+02 -1.164686e+01 1.653334e+01
         vertex -2.354523e+02 -1.539091e+01 1.771383e+01
         vertex -2.250000e+02 -1.611906e+02 -4.500000e+01
      endloop
   endfacet
   facet normal 9.863940e-01 3.330145e-07 1.643984e-01
      outer loop
         vertex -2.250000e+02 -1.611906e+02 -4.500000e+01
         vertex -2.354523e+02 -1.539091e+01 1.771383e+01
         vertex -2.357027e+02 -1.901782e+01 1.921615e+01
      endloop
   endfacet
   facet normal 9.863938e-01 -3.808589e-07 1.643999e-01
      outer loop
         vertex -2.250000e+02 -1.611906e+02 -4.500000e+01
         vertex -2.357027e+02 -1.901782e+01 1.921615e+01
         vertex -2.360048e+02 -2.250000e+01 2.102886e+01
      endloop
   endfacet
   facet normal 9.863939e-01 1.708513e-07 1.643989e-01
      outer loop
         vertex -2.614232e+02 -6.599884e+00 1.735392e+02
         vertex -2.500000e+02 2.775558e-14 1.050000e+02
         vertex -2.614114e+02 7.708383e+00 1.734686e+02
      endloop
   endfacet
   facet normal 9.863939e-01 9.300043e-07 1.643988e-01
      outer loop
         vertex -2.614114e+02 7.708383e+00 1.734686e+02
         vertex -2.500000e+02 2.775558e-14 1.050000e+02
         vertex -2.499715e+02 3.922008e+00 1.048288e+02
      endloop
   endfacet
   facet normal 9.863939e-01 -1.413462e-08 1.643989e-01
      outer loop
         vertex -2.614114e+02 7.708383e+00 1.734686e+02
         vertex -2.499715e+02 3.922008e+00 1.048288e+02
         vertex -2.610971e+02 2.189168e+01 1.715825e+02
      endloop
   endfacet
   facet normal 9.863938e-01 -2.749368e-06 1.643996e-01
      outer loop
         vertex -2.610971e+02 2.189168e+01 1.715825e+02
         vertex -2.499715e+02 3.922008e+00 1.048288e+02
         vertex -2.498861e+02 7.814168e+00 1.043163e+02
      endloop
   endfacet
   facet normal 9.863939e-01 1.373845e-08 1.643990e-01
      outer loop
         vertex -2.610971e+02 2.189168e+01 1.715825e+02
         vertex -2.498861e+02 7.814168e+00 1.043163e+02
         vertex -2.604852e+02 3.572118e+01 1.679112e+02
      endloop
   endfacet
   facet normal 9.863940e-01 2.802964e-07 1.643986e-01
      outer loop
         vertex -2.360048e+02 -2.250000e+01 2.102886e+01
         vertex -2.363564e+02 -2.581094e+01 2.313816e+01
         vertex -2.250000e+02 -1.611906e+02 -4.500000e+01
      endloop
   endfacet
   facet normal 9.863939e-01 -7.858942e-08 1.643993e-01
      outer loop
         vertex -2.250000e+02 -1.611906e+02 -4.500000e+01
         vertex -2.363564e+02 -2.581094e+01 2.313816e+01
         vertex -2.367547e+02 -2.892544e+01 2.552800e+01
      endloop
   endfacet
   facet normal 9.863940e-01 2.196150e-07 1.643987e-01
      outer loop
         vertex -2.250000e+02 -1.611906e+02 -4.500000e+01
         vertex -2.367547e+02 -2.892544e+01 2.552800e+01
         vertex -2.376791e+02 -3.447200e+01 3.107456e+01
      endloop
   endfacet
   facet normal 9.863939e-01 -3.535460e-08 1.643991e-01
      outer loop
         vertex -2.605430e+02 -3.466938e+01 1.682577e+02
         vertex -2.497444e+02 -1.164686e+01 1.034667e+02
         vertex -2.611322e+02 -2.080224e+01 1.717930e+02
      endloop
   endfacet
   facet normal 9.863939e-01 -2.203430e-06 1.643988e-01
      outer loop
         vertex -2.611322e+02 -2.080224e+01 1.717930e+02
         vertex -2.497444e+02 -1.164686e+01 1.034667e+02
         vertex -2.498861e+02 -7.814168e+00 1.043163e+02
      endloop
   endfacet
   facet normal 9.863939e-01 -1.212206e-06 1.643990e-01
      outer loop
         vertex -2.611322e+02 -2.080224e+01 1.717930e+02
         vertex -2.498861e+02 -7.814168e+00 1.043163e+02
         vertex -2.614232e+02 -6.599884e+00 1.735392e+02
      endloop
   endfacet
   facet normal 9.863939e-01 2.836533e-06 1.643990e-01
      outer loop
         vertex -2.614232e+02 -6.599884e+00 1.735392e+02
         vertex -2.498861e+02 -7.814168e+00 1.043163e+02
         vertex -2.499715e+02 -3.922008e+00 1.048288e+02
      endloop
   endfacet
   facet normal 9.863940e-01 -9.291114e-07 1.643988e-01
      outer loop
         vertex -2.614232e+02 -6.599884e+00 1.735392e+02
         vertex -2.499715e+02 -3.922008e+00 1.048288e+02
         vertex -2.500000e+02 2.775558e-14 1.050000e+02
      endloop
   endfacet
   facet normal 9.863940e-01 2.068354e-07 1.643984e-01
      outer loop
         vertex -2.450652e+02 4.228617e+01 7.539091e+01
         vertex -2.438024e+02 4.431635e+01 6.781417e+01
         vertex -2.494153e+02 1.050499e+02 1.014918e+02
      endloop
   endfacet
   facet normal 9.863939e-01 -7.395942e-08 1.643989e-01
      outer loop
         vertex -2.494153e+02 1.050499e+02 1.014918e+02
         vertex -2.438024e+02 4.431635e+01 6.781417e+01
         vertex -2.425000e+02 4.500000e+01 6.000000e+01
      endloop
   endfacet
   facet normal 9.863939e-01 -1.230971e-07 1.643990e-01
      outer loop
         vertex -2.494153e+02 1.050499e+02 1.014918e+02
         vertex -2.425000e+02 4.500000e+01 6.000000e+01
         vertex -2.250000e+02 1.611906e+02 -4.500000e+01
      endloop
   endfacet
   facet normal 9.863939e-01 -3.694262e-08 1.643991e-01
      outer loop
         vertex -2.250000e+02 1.611906e+02 -4.500000e+01
         vertex -2.425000e+02 4.500000e+01 6.000000e+01
         vertex -2.411976e+02 4.431635e+01 5.218583e+01
      endloop
   endfacet
   facet normal 9.863938e-01 6.838312e-07 1.643999e-01
      outer loop
         vertex -2.250000e+02 1.611906e+02 -4.500000e+01
         vertex -2.411976e+02 4.431635e+01 5.218583e+01
         vertex -2.399348e+02 4.228617e+01 4.460909e+01
      endloop
   endfacet
   facet normal 9.863939e-01 7.858942e-08 1.643993e-01
      outer loop
         vertex -2.367547e+02 2.892544e+01 2.552800e+01
         vertex -2.363564e+02 2.581094e+01 2.313816e+01
         vertex -2.250000e+02 1.611906e+02 -4.500000e+01
      endloop
   endfacet
   facet normal 9.863940e-01 -2.802964e-07 1.643986e-01
      outer loop
         vertex -2.250000e+02 1.611906e+02 -4.500000e+01
         vertex -2.363564e+02 2.581094e+01 2.313816e+01
         vertex -2.360048e+02 2.250000e+01 2.102886e+01
      endloop
   endfacet
   facet normal 9.863938e-01 3.808589e-07 1.643999e-01
      outer loop
         vertex -2.250000e+02 1.611906e+02 -4.500000e+01
         vertex -2.360048e+02 2.250000e+01 2.102886e+01
         vertex -2.357027e+02 1.901782e+01 1.921615e+01
      endloop
   endfacet
   facet normal 9.863939e-01 -1.692949e-07 1.643992e-01
      outer loop
         vertex -2.387500e+02 -3.897114e+01 3.750000e+01
         vertex -2.399348e+02 -4.228617e+01 4.460909e+01
         vertex -2.250000e+02 -1.611906e+02 -4.500000e+01
      endloop
   endfacet
   facet normal 9.863938e-01 -6.838312e-07 1.643999e-01
      outer loop
         vertex -2.250000e+02 -1.611906e+02 -4.500000e+01
         vertex -2.399348e+02 -4.228617e+01 4.460909e+01
         vertex -2.411976e+02 -4.431635e+01 5.218583e+01
      endloop
   endfacet
   facet normal 9.863939e-01 1.130019e-07 1.643990e-01
      outer loop
         vertex -2.250000e+02 -1.611906e+02 -4.500000e+01
         vertex -2.411976e+02 -4.431635e+01 5.218583e+01
         vertex -2.494153e+02 -1.050499e+02 1.014918e+02
      endloop
   endfacet
   facet normal 9.863939e-01 1.987520e-07 1.643991e-01
      outer loop
         vertex -2.494153e+02 -1.050499e+02 1.014918e+02
         vertex -2.411976e+02 -4.431635e+01 5.218583e+01
         vertex -2.425000e+02 -4.500000e+01 6.000000e+01
      endloop
   endfacet
   facet normal 9.863941e-01 2.050425e-06 1.643982e-01
      outer loop
         vertex -2.498861e+02 7.814168e+00 1.043163e+02
         vertex -2.497444e+02 1.164686e+01 1.034667e+02
         vertex -2.604852e+02 3.572118e+01 1.679112e+02
      endloop
   endfacet
   facet normal 9.863938e-01 -1.484833e-06 1.643995e-01
      outer loop
         vertex -2.604852e+02 3.572118e+01 1.679112e+02
         vertex -2.497444e+02 1.164686e+01 1.034667e+02
         vertex -2.495477e+02 1.539091e+01 1.022862e+02
      endloop
   endfacet
   facet normal 9.863939e-01 -3.215334e-07 1.643991e-01
      outer loop
         vertex -2.604852e+02 3.572118e+01 1.679112e+02
         vertex -2.495477e+02 1.539091e+01 1.022862e+02
         vertex -2.595856e+02 4.897365e+01 1.625139e+02
      endloop
   endfacet
   facet normal 9.863940e-01 5.281718e-07 1.643986e-01
      outer loop
         vertex -2.595856e+02 4.897365e+01 1.625139e+02
         vertex -2.495477e+02 1.539091e+01 1.022862e+02
         vertex -2.492973e+02 1.901782e+01 1.007838e+02
      endloop
   endfacet
   facet normal 9.863940e-01 1.344764e-06 1.643983e-01
      outer loop
         vertex -2.595856e+02 4.897365e+01 1.625139e+02
         vertex -2.492973e+02 1.901782e+01 1.007838e+02
         vertex -2.584129e+02 6.143501e+01 1.554773e+02
      endloop
   endfacet
   facet normal 9.863939e-01 7.395942e-08 1.643989e-01
      outer loop
         vertex -2.425000e+02 -4.500000e+01 6.000000e+01
         vertex -2.438024e+02 -4.431635e+01 6.781417e+01
         vertex -2.494153e+02 -1.050499e+02 1.014918e+02
      endloop
   endfacet
   facet normal 9.863940e-01 -2.068354e-07 1.643984e-01
      outer loop
         vertex -2.494153e+02 -1.050499e+02 1.014918e+02
         vertex -2.438024e+02 -4.431635e+01 6.781417e+01
         vertex -2.450652e+02 -4.228617e+01 7.539091e+01
      endloop
   endfacet
   facet normal 9.863940e-01 -6.578193e-08 1.643987e-01
      outer loop
         vertex -2.494153e+02 -1.050499e+02 1.014918e+02
         vertex -2.450652e+02 -4.228617e+01 7.539091e+01
         vertex -2.515856e+02 -9.908281e+01 1.145138e+02
      endloop
   endfacet
   facet normal 9.863939e-01 1.714428e-07 1.643991e-01
      outer loop
         vertex -2.515856e+02 -9.908281e+01 1.145138e+02
         vertex -2.450652e+02 -4.228617e+01 7.539091e+01
         vertex -2.462500e+02 -3.897114e+01 8.250000e+01
      endloop
   endfacet
   facet normal 9.863940e-01 -1.902283e-07 1.643984e-01
      outer loop
         vertex -2.515856e+02 -9.908281e+01 1.145138e+02
         vertex -2.462500e+02 -3.897114e+01 8.250000e+01
         vertex -2.536119e+02 -9.150989e+01 1.266714e+02
      endloop
   endfacet
   facet normal 9.863940e-01 -2.127516e-07 1.643984e-01
      outer loop
         vertex -2.536119e+02 -9.150989e+01 1.266714e+02
         vertex -2.462500e+02 -3.897114e+01 8.250000e+01
         vertex -2.473209e+02 -3.447200e+01 8.892544e+01
      endloop
   endfacet
   facet normal 9.863938e-01 7.896027e-07 1.643999e-01
      outer loop
         vertex -2.536119e+02 -9.150989e+01 1.266714e+02
         vertex -2.473209e+02 -3.447200e+01 8.892544e+01
         vertex -2.554612e+02 -8.245490e+01 1.377669e+02
      endloop
   endfacet
   facet normal 9.863939e-01 -2.860442e-07 1.643988e-01
      outer loop
         vertex -2.554612e+02 -8.245490e+01 1.377669e+02
         vertex -2.473209e+02 -3.447200e+01 8.892544e+01
         vertex -2.482453e+02 -2.892544e+01 9.447200e+01
      endloop
   endfacet
   facet normal 9.863940e-01 -6.290834e-07 1.643984e-01
      outer loop
         vertex -2.554612e+02 -8.245490e+01 1.377669e+02
         vertex -2.482453e+02 -2.892544e+01 9.447200e+01
         vertex -2.571034e+02 -7.206534e+01 1.476207e+02
      endloop
   endfacet
   facet normal 9.863939e-01 5.638144e-07 1.643994e-01
      outer loop
         vertex -2.571034e+02 -7.206534e+01 1.476207e+02
         vertex -2.482453e+02 -2.892544e+01 9.447200e+01
         vertex -2.585123e+02 -6.051021e+01 1.560737e+02
      endloop
   endfacet
   facet normal 9.863939e-01 2.274911e-07 1.643992e-01
      outer loop
         vertex -2.482453e+02 -2.892544e+01 9.447200e+01
         vertex -2.486436e+02 -2.581094e+01 9.686184e+01
         vertex -2.585123e+02 -6.051021e+01 1.560737e+02
      endloop
   endfacet
   facet normal 9.863940e-01 -5.771392e-07 1.643987e-01
      outer loop
         vertex -2.585123e+02 -6.051021e+01 1.560737e+02
         vertex -2.486436e+02 -2.581094e+01 9.686184e+01
         vertex -2.489952e+02 -2.250000e+01 9.897114e+01
      endloop
   endfacet
   facet normal 9.863940e-01 -6.237521e-07 1.643987e-01
      outer loop
         vertex -2.585123e+02 -6.051021e+01 1.560737e+02
         vertex -2.489952e+02 -2.250000e+01 9.897114e+01
         vertex -2.596650e+02 -4.797717e+01 1.629898e+02
      endloop
   endfacet
   facet normal 9.863939e-01 8.906635e-07 1.643993e-01
      outer loop
         vertex -2.596650e+02 -4.797717e+01 1.629898e+02
         vertex -2.489952e+02 -2.250000e+01 9.897114e+01
         vertex -2.492973e+02 -1.901782e+01 1.007838e+02
      endloop
   endfacet
   facet normal 9.863938e-01 1.276412e-06 1.643995e-01
      outer loop
         vertex -2.596650e+02 -4.797717e+01 1.629898e+02
         vertex -2.492973e+02 -1.901782e+01 1.007838e+02
         vertex -2.605430e+02 -3.466938e+01 1.682577e+02
      endloop
   endfacet
   facet normal 9.863939e-01 -6.916857e-07 1.643990e-01
      outer loop
         vertex -2.605430e+02 -3.466938e+01 1.682577e+02
         vertex -2.492973e+02 -1.901782e+01 1.007838e+02
         vertex -2.495477e+02 -1.539091e+01 1.022862e+02
      endloop
   endfacet
   facet normal 9.863938e-01 1.428071e-06 1.643996e-01
      outer loop
         vertex -2.605430e+02 -3.466938e+01 1.682577e+02
         vertex -2.495477e+02 -1.539091e+01 1.022862e+02
         vertex -2.497444e+02 -1.164686e+01 1.034667e+02
      endloop
   endfacet
   facet normal 9.863941e-01 2.089950e-07 1.643981e-01
      outer loop
         vertex -2.494153e+02 1.050499e+02 1.014918e+02
         vertex -2.514262e+02 9.959138e+01 1.135570e+02
         vertex -2.462500e+02 3.897114e+01 8.250000e+01
      endloop
   endfacet
   facet normal 9.863937e-01 -9.823573e-07 1.644004e-01
      outer loop
         vertex -2.462500e+02 3.897114e+01 8.250000e+01
         vertex -2.514262e+02 9.959138e+01 1.135570e+02
         vertex -2.534640e+02 9.213815e+01 1.257838e+02
      endloop
   endfacet
   facet normal 9.863940e-01 4.980970e-07 1.643986e-01
      outer loop
         vertex -2.462500e+02 3.897114e+01 8.250000e+01
         vertex -2.534640e+02 9.213815e+01 1.257838e+02
         vertex -2.473209e+02 3.447200e+01 8.892544e+01
      endloop
   endfacet
   facet normal 9.863940e-01 3.399326e-07 1.643988e-01
      outer loop
         vertex -2.473209e+02 3.447200e+01 8.892544e+01
         vertex -2.534640e+02 9.213815e+01 1.257838e+02
         vertex -2.553272e+02 8.319372e+01 1.369631e+02
      endloop
   endfacet
   facet normal 9.863939e-01 3.078851e-07 1.643989e-01
      outer loop
         vertex -2.473209e+02 3.447200e+01 8.892544e+01
         vertex -2.553272e+02 8.319372e+01 1.369631e+02
         vertex -2.482453e+02 2.892544e+01 9.447200e+01
      endloop
   endfacet
   facet normal 9.863941e-01 9.643513e-07 1.643980e-01
      outer loop
         vertex -2.482453e+02 2.892544e+01 9.447200e+01
         vertex -2.553272e+02 8.319372e+01 1.369631e+02
         vertex -2.569857e+02 7.290365e+01 1.469144e+02
      endloop
   endfacet
   facet normal 9.863939e-01 -3.156308e-07 1.643991e-01
      outer loop
         vertex -2.482453e+02 2.892544e+01 9.447200e+01
         vertex -2.569857e+02 7.290365e+01 1.469144e+02
         vertex -2.486436e+02 2.581094e+01 9.686184e+01
      endloop
   endfacet
   facet normal 9.863937e-01 -1.465979e-06 1.644001e-01
      outer loop
         vertex -2.486436e+02 2.581094e+01 9.686184e+01
         vertex -2.569857e+02 7.290365e+01 1.469144e+02
         vertex -2.584129e+02 6.143501e+01 1.554773e+02
      endloop
   endfacet
   facet normal 9.863939e-01 6.677324e-07 1.643989e-01
      outer loop
         vertex -2.486436e+02 2.581094e+01 9.686184e+01
         vertex -2.584129e+02 6.143501e+01 1.554773e+02
         vertex -2.489952e+02 2.250000e+01 9.897114e+01
      endloop
   endfacet
   facet normal 9.863938e-01 -6.437911e-07 1.643998e-01
      outer loop
         vertex -2.489952e+02 2.250000e+01 9.897114e+01
         vertex -2.584129e+02 6.143501e+01 1.554773e+02
         vertex -2.492973e+02 1.901782e+01 1.007838e+02
      endloop
   endfacet
   facet normal -9.863940e-01 -4.000043e-07 1.643984e-01
      outer loop
         vertex 2.250000e+02 1.611906e+02 -4.500000e+01
         vertex 2.376791e+02 3.447200e+01 3.107456e+01
         vertex 2.387500e+02 3.897114e+01 3.750000e+01
      endloop
   endfacet
   facet normal -9.863939e-01 -1.692949e-07 1.643992e-01
      outer loop
         vertex 2.399348e+02 -4.228617e+01 4.460909e+01
         vertex 2.387500e+02 -3.897114e+01 3.750000e+01
         vertex 2.250000e+02 -1.611906e+02 -4.500000e+01
      endloop
   endfacet
   facet normal -9.863940e-01 4.000043e-07 1.643984e-01
      outer loop
         vertex 2.250000e+02 -1.611906e+02 -4.500000e+01
         vertex 2.387500e+02 -3.897114e+01 3.750000e+01
         vertex 2.376791e+02 -3.447200e+01 3.107456e+01
      endloop
   endfacet
   facet normal -9.863940e-01 2.196150e-07 1.643987e-01
      outer loop
         vertex 2.250000e+02 -1.611906e+02 -4.500000e+01
         vertex 2.376791e+02 -3.447200e+01 3.107456e+01
         vertex 2.367547e+02 -2.892544e+01 2.552800e+01
      endloop
   endfacet
   facet normal -9.863939e-01 3.535460e-08 1.643991e-01
      outer loop
         vertex 2.605430e+02 3.466938e+01 1.682577e+02
         vertex 2.497444e+02 1.164686e+01 1.034667e+02
         vertex 2.611322e+02 2.080224e+01 1.717930e+02
      endloop
   endfacet
   facet normal -9.863939e-01 2.203430e-06 1.643988e-01
      outer loop
         vertex 2.611322e+02 2.080224e+01 1.717930e+02
         vertex 2.497444e+02 1.164686e+01 1.034667e+02
         vertex 2.498861e+02 7.814168e+00 1.043163e+02
      endloop
   endfacet
   facet normal -9.863939e-01 1.212206e-06 1.643990e-01
      outer loop
         vertex 2.611322e+02 2.080224e+01 1.717930e+02
         vertex 2.498861e+02 7.814168e+00 1.043163e+02
         vertex 2.614232e+02 6.599884e+00 1.735392e+02
      endloop
   endfacet
   facet normal -9.863930e-01 -2.134742e-06 1.644044e-01
      outer loop
         vertex 2.351139e+02 -7.814168e+00 1.568365e+01
         vertex 2.350285e+02 -3.922008e+00 1.517124e+01
         vertex 2.250000e+02 -1.611906e+02 -4.500000e+01
      endloop
   endfacet
   facet normal -9.863943e-01 9.117306e-07 1.643967e-01
      outer loop
         vertex 2.250000e+02 -1.611906e+02 -4.500000e+01
         vertex 2.350285e+02 -3.922008e+00 1.517124e+01
         vertex 2.350000e+02 1.387779e-13 1.500000e+01
      endloop
   endfacet
   facet normal -9.863939e-01 0.000000e+00 1.643991e-01
      outer loop
         vertex 2.250000e+02 -1.611906e+02 -4.500000e+01
         vertex 2.350000e+02 1.387779e-13 1.500000e+01
         vertex 2.250000e+02 1.611906e+02 -4.500000e+01
      endloop
   endfacet
   facet normal -9.863939e-01 -2.836533e-06 1.643990e-01
      outer loop
         vertex 2.498861e+02 7.814168e+00 1.043163e+02
         vertex 2.499715e+02 3.922008e+00 1.048288e+02
         vertex 2.614232e+02 6.599884e+00 1.735392e+02
      endloop
   endfacet
   facet normal -9.863940e-01 9.291114e-07 1.643988e-01
      outer loop
         vertex 2.614232e+02 6.599884e+00 1.735392e+02
         vertex 2.499715e+02 3.922008e+00 1.048288e+02
         vertex 2.500000e+02 1.387779e-13 1.050000e+02
      endloop
   endfacet
   facet normal -9.863939e-01 -1.708513e-07 1.643989e-01
      outer loop
         vertex 2.614232e+02 6.599884e+00 1.735392e+02
         vertex 2.500000e+02 1.387779e-13 1.050000e+02
         vertex 2.614114e+02 -7.708383e+00 1.734686e+02
      endloop
   endfacet
   facet normal -9.863939e-01 -9.300043e-07 1.643988e-01
      outer loop
         vertex 2.614114e+02 -7.708383e+00 1.734686e+02
         vertex 2.500000e+02 1.387779e-13 1.050000e+02
         vertex 2.499715e+02 -3.922008e+00 1.048288e+02
      endloop
   endfacet
   facet normal -9.863939e-01 1.413462e-08 1.643989e-01
      outer loop
         vertex 2.614114e+02 -7.708383e+00 1.734686e+02
         vertex 2.499715e+02 -3.922008e+00 1.048288e+02
         vertex 2.610971e+02 -2.189168e+01 1.715825e+02
      endloop
   endfacet
   facet normal -9.863938e-01 2.749368e-06 1.643996e-01
      outer loop
         vertex 2.610971e+02 -2.189168e+01 1.715825e+02
         vertex 2.499715e+02 -3.922008e+00 1.048288e+02
         vertex 2.498861e+02 -7.814168e+00 1.043163e+02
      endloop
   endfacet
   facet normal -9.863939e-01 -1.373845e-08 1.643990e-01
      outer loop
         vertex 2.610971e+02 -2.189168e+01 1.715825e+02
         vertex 2.498861e+02 -7.814168e+00 1.043163e+02
         vertex 2.604852e+02 -3.572118e+01 1.679112e+02
      endloop
   endfacet
   facet normal -9.863939e-01 9.270471e-08 1.643991e-01
      outer loop
         vertex 2.462500e+02 -3.897114e+01 8.250000e+01
         vertex 2.450652e+02 -4.228617e+01 7.539091e+01
         vertex 2.494153e+02 -1.050499e+02 1.014918e+02
      endloop
   endfacet
   facet normal -9.863943e-01 -9.117306e-07 1.643967e-01
      outer loop
         vertex 2.350000e+02 1.387779e-13 1.500000e+01
         vertex 2.350285e+02 3.922008e+00 1.517124e+01
         vertex 2.250000e+02 1.611906e+02 -4.500000e+01
      endloop
   endfacet
   facet normal -9.863930e-01 2.134742e-06 1.644044e-01
      outer loop
         vertex 2.250000e+02 1.611906e+02 -4.500000e+01
         vertex 2.350285e+02 3.922008e+00 1.517124e+01
         vertex 2.351139e+02 7.814168e+00 1.568365e+01
      endloop
   endfacet
   facet normal -9.863945e-01 -1.462411e-06 1.643956e-01
      outer loop
         vertex 2.250000e+02 1.611906e+02 -4.500000e+01
         vertex 2.351139e+02 7.814168e+00 1.568365e+01
         vertex 2.352556e+02 1.164686e+01 1.653334e+01
      endloop
   endfacet
   facet normal -9.863939e-01 -5.638144e-07 1.643994e-01
      outer loop
         vertex 2.585123e+02 6.051021e+01 1.560737e+02
         vertex 2.571034e+02 7.206534e+01 1.476207e+02
         vertex 2.482453e+02 2.892544e+01 9.447200e+01
      endloop
   endfacet
   facet normal -9.863940e-01 6.290834e-07 1.643984e-01
      outer loop
         vertex 2.482453e+02 2.892544e+01 9.447200e+01
         vertex 2.571034e+02 7.206534e+01 1.476207e+02
         vertex 2.554612e+02 8.245490e+01 1.377669e+02
      endloop
   endfacet
   facet normal -9.863939e-01 2.860442e-07 1.643988e-01
      outer loop
         vertex 2.482453e+02 2.892544e+01 9.447200e+01
         vertex 2.554612e+02 8.245490e+01 1.377669e+02
         vertex 2.473209e+02 3.447200e+01 8.892544e+01
      endloop
   endfacet
   facet normal -9.863938e-01 -7.896027e-07 1.643999e-01
      outer loop
         vertex 2.473209e+02 3.447200e+01 8.892544e+01
         vertex 2.554612e+02 8.245490e+01 1.377669e+02
         vertex 2.536119e+02 9.150989e+01 1.266714e+02
      endloop
   endfacet
   facet normal -9.863940e-01 2.127516e-07 1.643984e-01
      outer loop
         vertex 2.473209e+02 3.447200e+01 8.892544e+01
         vertex 2.536119e+02 9.150989e+01 1.266714e+02
         vertex 2.462500e+02 3.897114e+01 8.250000e+01
      endloop
   endfacet
   facet normal -9.863940e-01 1.902283e-07 1.643984e-01
      outer loop
         vertex 2.462500e+02 3.897114e+01 8.250000e+01
         vertex 2.536119e+02 9.150989e+01 1.266714e+02
         vertex 2.515856e+02 9.908281e+01 1.145138e+02
      endloop
   endfacet
   facet normal -9.863939e-01 -1.714428e-07 1.643991e-01
      outer loop
         vertex 2.462500e+02 3.897114e+01 8.250000e+01
         vertex 2.515856e+02 9.908281e+01 1.145138e+02
         vertex 2.450652e+02 4.228617e+01 7.539091e+01
      endloop
   endfacet
   facet normal -9.863940e-01 6.578193e-08 1.643987e-01
      outer loop
         vertex 2.450652e+02 4.228617e+01 7.539091e+01
         vertex 2.515856e+02 9.908281e+01 1.145138e+02
         vertex 2.494153e+02 1.050499e+02 1.014918e+02
      endloop
   endfacet
   facet normal -9.863940e-01 2.068354e-07 1.643984e-01
      outer loop
         vertex 2.450652e+02 4.228617e+01 7.539091e+01
         vertex 2.494153e+02 1.050499e+02 1.014918e+02
         vertex 2.438024e+02 4.431635e+01 6.781417e+01
      endloop
   endfacet
   facet normal -9.863940e-01 3.330145e-07 1.643984e-01
      outer loop
         vertex 2.357027e+02 -1.901782e+01 1.921615e+01
         vertex 2.354523e+02 -1.539091e+01 1.771383e+01
         vertex 2.250000e+02 -1.611906e+02 -4.500000e+01
      endloop
   endfacet
   facet normal -9.863936e-01 -8.691415e-07 1.644011e-01
      outer loop
         vertex 2.250000e+02 -1.611906e+02 -4.500000e+01
         vertex 2.354523e+02 -1.539091e+01 1.771383e+01
         vertex 2.352556e+02 -1.164686e+01 1.653334e+01
      endloop
   endfacet
   facet normal -9.863945e-01 1.462411e-06 1.643956e-01
      outer loop
         vertex 2.250000e+02 -1.611906e+02 -4.500000e+01
         vertex 2.352556e+02 -1.164686e+01 1.653334e+01
         vertex 2.351139e+02 -7.814168e+00 1.568365e+01
      endloop
   endfacet
   facet normal -9.863939e-01 1.692949e-07 1.643992e-01
      outer loop
         vertex 2.387500e+02 3.897114e+01 3.750000e+01
         vertex 2.399348e+02 4.228617e+01 4.460909e+01
         vertex 2.250000e+02 1.611906e+02 -4.500000e+01
      endloop
   endfacet
   facet normal -9.863938e-01 6.838312e-07 1.643999e-01
      outer loop
         vertex 2.250000e+02 1.611906e+02 -4.500000e+01
         vertex 2.399348e+02 4.228617e+01 4.460909e+01
         vertex 2.411976e+02 4.431635e+01 5.218583e+01
      endloop
   endfacet
   facet normal -9.863939e-01 -1.130019e-07 1.643990e-01
      outer loop
         vertex 2.250000e+02 1.611906e+02 -4.500000e+01
         vertex 2.411976e+02 4.431635e+01 5.218583e+01
         vertex 2.494153e+02 1.050499e+02 1.014918e+02
      endloop
   endfacet
   facet normal -9.863939e-01 -1.987520e-07 1.643991e-01
      outer loop
         vertex 2.494153e+02 1.050499e+02 1.014918e+02
         vertex 2.411976e+02 4.431635e+01 5.218583e+01
         vertex 2.425000e+02 4.500000e+01 6.000000e+01
      endloop
   endfacet
   facet normal -9.863939e-01 -7.395942e-08 1.643989e-01
      outer loop
         vertex 2.494153e+02 1.050499e+02 1.014918e+02
         vertex 2.425000e+02 4.500000e+01 6.000000e+01
         vertex 2.438024e+02 4.431635e+01 6.781417e+01
      endloop
   endfacet
   facet normal -9.863939e-01 -2.274911e-07 1.643992e-01
      outer loop
         vertex 2.482453e+02 2.892544e+01 9.447200e+01
         vertex 2.486436e+02 2.581094e+01 9.686184e+01
         vertex 2.585123e+02 6.051021e+01 1.560737e+02
      endloop
   endfacet
   facet normal -9.863940e-01 5.771392e-07 1.643987e-01
      outer loop
         vertex 2.585123e+02 6.051021e+01 1.560737e+02
         vertex 2.486436e+02 2.581094e+01 9.686184e+01
         vertex 2.489952e+02 2.250000e+01 9.897114e+01
      endloop
   endfacet
   facet normal -9.863940e-01 6.237521e-07 1.643987e-01
      outer loop
         vertex 2.585123e+02 6.051021e+01 1.560737e+02
         vertex 2.489952e+02 2.250000e+01 9.897114e+01
         vertex 2.596650e+02 4.797717e+01 1.629898e+02
      endloop
   endfacet
   facet normal -9.863939e-01 -8.906635e-07 1.643993e-01
      outer loop
         vertex 2.596650e+02 4.797717e+01 1.629898e+02
         vertex 2.489952e+02 2.250000e+01 9.897114e+01
         vertex 2.492973e+02 1.901782e+01 1.007838e+02
      endloop
   endfacet
   facet normal -9.863938e-01 -1.276412e-06 1.643995e-01
      outer loop
         vertex 2.596650e+02 4.797717e+01 1.629898e+02
         vertex 2.492973e+02 1.901782e+01 1.007838e+02
         vertex 2.605430e+02 3.466938e+01 1.682577e+02
      endloop
   endfacet
   facet normal -9.863939e-01 6.916857e-07 1.643990e-01
      outer loop
         vertex 2.605430e+02 3.466938e+01 1.682577e+02
         vertex 2.492973e+02 1.901782e+01 1.007838e+02
         vertex 2.495477e+02 1.539091e+01 1.022862e+02
      endloop
   endfacet
   facet normal -9.863938e-01 -1.428071e-06 1.643996e-01
      outer loop
         vertex 2.605430e+02 3.466938e+01 1.682577e+02
         vertex 2.495477e+02 1.539091e+01 1.022862e+02
         vertex 2.497444e+02 1.164686e+01 1.034667e+02
      endloop
   endfacet
   facet normal -9.863941e-01 -2.050425e-06 1.643982e-01
      outer loop
         vertex 2.498861e+02 -7.814168e+00 1.043163e+02
         vertex 2.497444e+02 -1.164686e+01 1.034667e+02
         vertex 2.604852e+02 -3.572118e+01 1.679112e+02
      endloop
   endfacet
   facet normal -9.863938e-01 1.484833e-06 1.643995e-01
      outer loop
         vertex 2.604852e+02 -3.572118e+01 1.679112e+02
         vertex 2.497444e+02 -1.164686e+01 1.034667e+02
         vertex 2.495477e+02 -1.539091e+01 1.022862e+02
      endloop
   endfacet
   facet normal -9.863939e-01 3.215334e-07 1.643991e-01
      outer loop
         vertex 2.604852e+02 -3.572118e+01 1.679112e+02
         vertex 2.495477e+02 -1.539091e+01 1.022862e+02
         vertex 2.595856e+02 -4.897365e+01 1.625139e+02
      endloop
   endfacet
   facet normal -9.863940e-01 -5.281718e-07 1.643986e-01
      outer loop
         vertex 2.595856e+02 -4.897365e+01 1.625139e+02
         vertex 2.495477e+02 -1.539091e+01 1.022862e+02
         vertex 2.492973e+02 -1.901782e+01 1.007838e+02
      endloop
   endfacet
   facet normal -9.863940e-01 -1.344764e-06 1.643983e-01
      outer loop
         vertex 2.595856e+02 -4.897365e+01 1.625139e+02
         vertex 2.492973e+02 -1.901782e+01 1.007838e+02
         vertex 2.584129e+02 -6.143501e+01 1.554773e+02
      endloop
   endfacet
   facet normal -9.863940e-01 -2.068354e-07 1.643984e-01
      outer loop
         vertex 2.450652e+02 -4.228617e+01 7.539091e+01
         vertex 2.438024e+02 -4.431635e+01 6.781417e+01
         vertex 2.494153e+02 -1.050499e+02 1.014918e+02
      endloop
   endfacet
   facet normal -9.863939e-01 7.395942e-08 1.643989e-01
      outer loop
         vertex 2.494153e+02 -1.050499e+02 1.014918e+02
         vertex 2.438024e+02 -4.431635e+01 6.781417e+01
         vertex 2.425000e+02 -4.500000e+01 6.000000e+01
      endloop
   endfacet
   facet normal -9.863939e-01 1.230971e-07 1.643990e-01
      outer loop
         vertex 2.494153e+02 -1.050499e+02 1.014918e+02
         vertex 2.425000e+02 -4.500000e+01 6.000000e+01
         vertex 2.250000e+02 -1.611906e+02 -4.500000e+01
      endloop
   endfacet
   facet normal -9.863939e-01 3.694262e-08 1.643991e-01
      outer loop
         vertex 2.250000e+02 -1.611906e+02 -4.500000e+01
         vertex 2.425000e+02 -4.500000e+01 6.000000e+01
         vertex 2.411976e+02 -4.431635e+01 5.218583e+01
      endloop
   endfacet
   facet normal -9.863938e-01 -6.838312e-07 1.643999e-01
      outer loop
         vertex 2.250000e+02 -1.611906e+02 -4.500000e+01
         vertex 2.411976e+02 -4.431635e+01 5.218583e+01
         vertex 2.399348e+02 -4.228617e+01 4.460909e+01
      endloop
   endfacet
   facet normal -9.863936e-01 8.691415e-07 1.644011e-01
      outer loop
         vertex 2.352556e+02 1.164686e+01 1.653334e+01
         vertex 2.354523e+02 1.539091e+01 1.771383e+01
         vertex 2.250000e+02 1.611906e+02 -4.500000e+01
      endloop
   endfacet
   facet normal -9.863940e-01 -3.330145e-07 1.643984e-01
      outer loop
         vertex 2.250000e+02 1.611906e+02 -4.500000e+01
         vertex 2.354523e+02 1.539091e+01 1.771383e+01
         vertex 2.357027e+02 1.901782e+01 1.921615e+01
      endloop
   endfacet
   facet normal -9.863938e-01 3.808589e-07 1.643999e-01
      outer loop
         vertex 2.250000e+02 1.611906e+02 -4.500000e+01
         vertex 2.357027e+02 1.901782e+01 1.921615e+01
         vertex 2.360048e+02 2.250000e+01 2.102886e+01
      endloop
   endfacet
   facet normal -9.863941e-01 -2.089950e-07 1.643981e-01
      outer loop
         vertex 2.494153e+02 -1.050499e+02 1.014918e+02
         vertex 2.514262e+02 -9.959138e+01 1.135570e+02
         vertex 2.462500e+02 -3.897114e+01 8.250000e+01
      endloop
   endfacet
   facet normal -9.863937e-01 9.823573e-07 1.644004e-01
      outer loop
         vertex 2.462500e+02 -3.897114e+01 8.250000e+01
         vertex 2.514262e+02 -9.959138e+01 1.135570e+02
         vertex 2.534640e+02 -9.213815e+01 1.257838e+02
      endloop
   endfacet
   facet normal -9.863940e-01 -4.980970e-07 1.643986e-01
      outer loop
         vertex 2.462500e+02 -3.897114e+01 8.250000e+01
         vertex 2.534640e+02 -9.213815e+01 1.257838e+02
         vertex 2.473209e+02 -3.447200e+01 8.892544e+01
      endloop
   endfacet
   facet normal -9.863940e-01 -3.399326e-07 1.643988e-01
      outer loop
         vertex 2.473209e+02 -3.447200e+01 8.892544e+01
         vertex 2.534640e+02 -9.213815e+01 1.257838e+02
         vertex 2.553272e+02 -8.319372e+01 1.369631e+02
      endloop
   endfacet
   facet normal -9.863939e-01 -3.078851e-07 1.643989e-01
      outer loop
         vertex 2.473209e+02 -3.447200e+01 8.892544e+01
         vertex 2.553272e+02 -8.319372e+01 1.369631e+02
         vertex 2.482453e+02 -2.892544e+01 9.447200e+01
      endloop
   endfacet
   facet normal -9.863941e-01 -9.643513e-07 1.643980e-01
      outer loop
         vertex 2.482453e+02 -2.892544e+01 9.447200e+01
         vertex 2.553272e+02 -8.319372e+01 1.369631e+02
         vertex 2.569857e+02 -7.290365e+01 1.469144e+02
      endloop
   endfacet
   facet normal -9.863939e-01 3.156308e-07 1.643991e-01
      outer loop
         vertex 2.482453e+02 -2.892544e+01 9.447200e+01
         vertex 2.569857e+02 -7.290365e+01 1.469144e+02
         vertex 2.486436e+02 -2.581094e+01 9.686184e+01
      endloop
   endfacet
   facet normal -9.863937e-01 1.465979e-06 1.644001e-01
      outer loop
         vertex 2.486436e+02 -2.581094e+01 9.686184e+01
         vertex 2.569857e+02 -7.290365e+01 1.469144e+02
         vertex 2.584129e+02 -6.143501e+01 1.554773e+02
      endloop
   endfacet
   facet normal -9.863939e-01 -6.677324e-07 1.643989e-01
      outer loop
         vertex 2.486436e+02 -2.581094e+01 9.686184e+01
         vertex 2.584129e+02 -6.143501e+01 1.554773e+02
         vertex 2.489952e+02 -2.250000e+01 9.897114e+01
      endloop
   endfacet
   facet normal -9.863938e-01 6.437911e-07 1.643998e-01
      outer loop
         vertex 2.489952e+02 -2.250000e+01 9.897114e+01
         vertex 2.584129e+02 -6.143501e+01 1.554773e+02
         vertex 2.492973e+02 -1.901782e+01 1.007838e+02
      endloop
   endfacet
   facet normal -9.863939e-01 -7.858942e-08 1.643993e-01
      outer loop
         vertex 2.367547e+02 -2.892544e+01 2.552800e+01
         vertex 2.363564e+02 -2.581094e+01 2.313816e+01
         vertex 2.250000e+02 -1.611906e+02 -4.500000e+01
      endloop
   endfacet
   facet normal -9.863940e-01 2.802964e-07 1.643986e-01
      outer loop
         vertex 2.250000e+02 -1.611906e+02 -4.500000e+01
         vertex 2.363564e+02 -2.581094e+01 2.313816e+01
         vertex 2.360048e+02 -2.250000e+01 2.102886e+01
      endloop
   endfacet
   facet normal -9.863938e-01 -3.808589e-07 1.643999e-01
      outer loop
         vertex 2.250000e+02 -1.611906e+02 -4.500000e+01
         vertex 2.360048e+02 -2.250000e+01 2.102886e+01
         vertex 2.357027e+02 -1.901782e+01 1.921615e+01
      endloop
   endfacet
   facet normal -9.863940e-01 -2.802964e-07 1.643986e-01
      outer loop
         vertex 2.360048e+02 2.250000e+01 2.102886e+01
         vertex 2.363564e+02 2.581094e+01 2.313816e+01
         vertex 2.250000e+02 1.611906e+02 -4.500000e+01
      endloop
   endfacet
   facet normal -9.863939e-01 7.858942e-08 1.643993e-01
      outer loop
         vertex 2.250000e+02 1.611906e+02 -4.500000e+01
         vertex 2.363564e+02 2.581094e+01 2.313816e+01
         vertex 2.367547e+02 2.892544e+01 2.552800e+01
      endloop
   endfacet
   facet normal -9.863940e-01 -2.196150e-07 1.643987e-01
      outer loop
         vertex 2.250000e+02 1.611906e+02 -4.500000e+01
         vertex 2.367547e+02 2.892544e+01 2.552800e+01
         vertex 2.376791e+02 3.447200e+01 3.107456e+01
      endloop
   endfacet
   facet normal 1.827020e-01 -9.831683e-01 0.000000e+00
      outer loop
         vertex 1.819017e+01 -2.204525e+02 -1.200000e+02
         vertex 1.819017e+01 -2.204525e+02 -4.500000e+01
         vertex 9.163745e+00 -2.221298e+02 -4.500000e+01
      endloop
   endfacet
   facet normal 1.827020e-01 -9.831683e-01 0.000000e+00
      outer loop
         vertex 1.819017e+01 -2.204525e+02 -1.200000e+02
         vertex 9.163745e+00 -2.221298e+02 -4.500000e+01
         vertex 9.163745e+00 -2.221298e+02 -1.200000e+02
      endloop
   endfacet
   facet normal 6.120687e-02 -9.981251e-01 0.000000e+00
      outer loop
         vertex 9.163745e+00 -2.221298e+02 -1.200000e+02
         vertex 9.163745e+00 -2.221298e+02 -4.500000e+01
         vertex -2.353510e-14 -2.226918e+02 -4.500000e+01
      endloop
   endfacet
   facet normal 6.120687e-02 -9.981251e-01 0.000000e+00
      outer loop
         vertex 9.163745e+00 -2.221298e+02 -1.200000e+02
         vertex -2.353510e-14 -2.226918e+02 -4.500000e+01
         vertex -2.353510e-14 -2.226918e+02 -1.200000e+02
      endloop
   endfacet
   facet normal -6.120687e-02 -9.981251e-01 0.000000e+00
      outer loop
         vertex -2.353510e-14 -2.226918e+02 -1.200000e+02
         vertex -2.353510e-14 -2.226918e+02 -4.500000e+01
         vertex -9.163745e+00 -2.221298e+02 -4.500000e+01
      endloop
   endfacet
   facet normal -6.120687e-02 -9.981251e-01 0.000000e+00
      outer loop
         vertex -2.353510e-14 -2.226918e+02 -1.200000e+02
         vertex -9.163745e+00 -2.221298e+02 -4.500000e+01
         vertex -9.163745e+00 -2.221298e+02 -1.200000e+02
      endloop
   endfacet
   facet normal -1.827020e-01 -9.831683e-01 0.000000e+00
      outer loop
         vertex -9.163745e+00 -2.221298e+02 -1.200000e+02
         vertex -9.163745e+00 -2.221298e+02 -4.500000e+01
         vertex -1.819017e+01 -2.204525e+02 -4.500000e+01
      endloop
   endfacet
   facet normal -1.827020e-01 -9.831683e-01 0.000000e+00
      outer loop
         vertex -9.163745e+00 -2.221298e+02 -1.200000e+02
         vertex -1.819017e+01 -2.204525e+02 -4.500000e+01
         vertex -1.819017e+01 -2.204525e+02 -1.200000e+02
      endloop
   endfacet
   facet normal -1.827020e-01 9.831683e-01 0.000000e+00
      outer loop
         vertex -1.819017e+01 2.204525e+02 -1.200000e+02
         vertex -1.819017e+01 2.204525e+02 -4.500000e+01
         vertex -9.163745e+00 2.221298e+02 -4.500000e+01
      endloop
   endfacet
   facet normal -1.827020e-01 9.831683e-01 0.000000e+00
      outer loop
         vertex -1.819017e+01 2.204525e+02 -1.200000e+02
         vertex -9.163745e+00 2.221298e+02 -4.500000e+01
         vertex -9.163745e+00 2.221298e+02 -1.200000e+02
      endloop
   endfacet
   facet normal -6.120687e-02 9.981251e-01 0.000000e+00
      outer loop
         vertex -9.163745e+00 2.221298e+02 -1.200000e+02
         vertex -9.163745e+00 2.221298e+02 -4.500000e+01
         vertex -2.303100e-15 2.226918e+02 -4.500000e+01
      endloop
   endfacet
   facet normal -6.120687e-02 9.981251e-01 0.000000e+00
      outer loop
         vertex -9.163745e+00 2.221298e+02 -1.200000e+02
         vertex -2.303100e-15 2.226918e+02 -4.500000e+01
         vertex -2.303100e-15 2.226918e+02 -1.200000e+02
      endloop
   endfacet
   facet normal 6.120687e-02 9.981251e-01 -0.000000e+00
      outer loop
         vertex -2.303100e-15 2.226918e+02 -1.200000e+02
         vertex -2.303100e-15 2.226918e+02 -4.500000e+01
         vertex 9.163745e+00 2.221298e+02 -4.500000e+01
      endloop
   endfacet
   facet normal 6.120687e-02 9.981251e-01 0.000000e+00
      outer loop
         vertex -2.303100e-15 2.226918e+02 -1.200000e+02
         vertex 9.163745e+00 2.221298e+02 -4.500000e+01
         vertex 9.163745e+00 2.221298e+02 -1.200000e+02
      endloop
   endfacet
   facet normal 1.827020e-01 9.831683e-01 -0.000000e+00
      outer loop
         vertex 9.163745e+00 2.221298e+02 -1.200000e+02
         vertex 9.163745e+00 2.221298e+02 -4.500000e+01
         vertex 1.819017e+01 2.204525e+02 -4.500000e+01
      endloop
   endfacet
   facet normal 1.827020e-01 9.831683e-01 0.000000e+00
      outer loop
         vertex 9.163745e+00 2.221298e+02 -1.200000e+02
         vertex 1.819017e+01 2.204525e+02 -4.500000e+01
         vertex 1.819017e+01 2.204525e+02 -1.200000e+02
      endloop
   endfacet
   facet normal 4.601075e-01 -7.824093e-01 4.196865e-01
      outer loop
         vertex -2.300302e+02 -1.674924e+02 -4.289042e+01
         vertex -2.286800e+02 -1.678300e+02 -4.500000e+01
         vertex -2.285462e+02 -1.677513e+02 -4.500000e+01
      endloop
   endfacet
   facet normal 8.289894e-02 -9.258679e-01 3.686412e-01
      outer loop
         vertex -2.568133e+02 -1.120532e+02 1.029427e+02
         vertex -2.330291e+02 -1.667427e+02 -3.976229e+01
         vertex -2.555741e+02 -1.118856e+02 1.030850e+02
      endloop
   endfacet
   facet normal 4.180202e-02 -9.304881e-01 3.639293e-01
      outer loop
         vertex -2.555741e+02 -1.118856e+02 1.030850e+02
         vertex -2.330291e+02 -1.667427e+02 -3.976229e+01
         vertex -2.323025e+02 -1.669244e+02 -4.031013e+01
      endloop
   endfacet
   facet normal 7.885017e-01 -5.188416e-01 3.302551e-01
      outer loop
         vertex -2.512950e+02 -1.094172e+02 1.028522e+02
         vertex -2.259453e+02 -1.650039e+02 -4.500000e+01
         vertex -2.505456e+02 -1.084378e+02 1.026017e+02
      endloop
   endfacet
   facet normal 8.769729e-01 -3.813970e-01 2.923267e-01
      outer loop
         vertex -2.505456e+02 -1.084378e+02 1.026017e+02
         vertex -2.259453e+02 -1.650039e+02 -4.500000e+01
         vertex -2.254251e+02 -1.638077e+02 -4.500000e+01
      endloop
   endfacet
   facet normal 8.769744e-01 -3.813941e-01 2.923259e-01
      outer loop
         vertex -2.505456e+02 -1.084378e+02 1.026017e+02
         vertex -2.254251e+02 -1.638077e+02 -4.500000e+01
         vertex -2.499727e+02 -1.073629e+02 1.022853e+02
      endloop
   endfacet
   facet normal 9.407498e-01 -2.332182e-01 2.461689e-01
      outer loop
         vertex -2.499727e+02 -1.073629e+02 1.022853e+02
         vertex -2.254251e+02 -1.638077e+02 -4.500000e+01
         vertex -2.251070e+02 -1.625246e+02 -4.500000e+01
      endloop
   endfacet
   facet normal 9.407475e-01 -2.332251e-01 2.461712e-01
      outer loop
         vertex -2.499727e+02 -1.073629e+02 1.022853e+02
         vertex -2.251070e+02 -1.625246e+02 -4.500000e+01
         vertex -2.495923e+02 -1.062229e+02 1.019118e+02
      endloop
   endfacet
   facet normal 9.780379e-01 -7.848601e-02 1.930848e-01
      outer loop
         vertex -2.495923e+02 -1.062229e+02 1.019118e+02
         vertex -2.251070e+02 -1.625246e+02 -4.500000e+01
         vertex -2.250000e+02 -1.611906e+02 -4.500000e+01
      endloop
   endfacet
   facet normal 9.780394e-01 -7.847616e-02 1.930814e-01
      outer loop
         vertex -2.495923e+02 -1.062229e+02 1.019118e+02
         vertex -2.250000e+02 -1.611906e+02 -4.500000e+01
         vertex -2.494153e+02 -1.050499e+02 1.014918e+02
      endloop
   endfacet
   facet normal 6.777976e-01 -6.416247e-01 3.590378e-01
      outer loop
         vertex -2.521998e+02 -1.102737e+02 1.030296e+02
         vertex -2.270711e+02 -1.665622e+02 -4.500000e+01
         vertex -2.512950e+02 -1.094172e+02 1.028522e+02
      endloop
   endfacet
   facet normal 7.074157e-01 -6.125376e-01 3.526482e-01
      outer loop
         vertex -2.512950e+02 -1.094172e+02 1.028522e+02
         vertex -2.270711e+02 -1.665622e+02 -4.500000e+01
         vertex -2.266530e+02 -1.660793e+02 -4.500000e+01
      endloop
   endfacet
   facet normal 7.884991e-01 -5.188451e-01 3.302559e-01
      outer loop
         vertex -2.512950e+02 -1.094172e+02 1.028522e+02
         vertex -2.266530e+02 -1.660793e+02 -4.500000e+01
         vertex -2.259453e+02 -1.650039e+02 -4.500000e+01
      endloop
   endfacet
   facet normal 1.241562e-01 -9.194617e-01 3.730623e-01
      outer loop
         vertex -2.323025e+02 -1.669244e+02 -4.031013e+01
         vertex -2.315570e+02 -1.671107e+02 -4.101761e+01
         vertex -2.555741e+02 -1.118856e+02 1.030850e+02
      endloop
   endfacet
   facet normal 2.463621e-01 -8.905668e-01 3.823565e-01
      outer loop
         vertex -2.555741e+02 -1.118856e+02 1.030850e+02
         vertex -2.315570e+02 -1.671107e+02 -4.101761e+01
         vertex -2.300302e+02 -1.674924e+02 -4.289042e+01
      endloop
   endfacet
   facet normal 2.463662e-01 -8.905656e-01 3.823567e-01
      outer loop
         vertex -2.555741e+02 -1.118856e+02 1.030850e+02
         vertex -2.300302e+02 -1.674924e+02 -4.289042e+01
         vertex -2.543699e+02 -1.115256e+02 1.031477e+02
      endloop
   endfacet
   facet normal 4.029044e-01 -8.301849e-01 3.853064e-01
      outer loop
         vertex -2.543699e+02 -1.115256e+02 1.031477e+02
         vertex -2.300302e+02 -1.674924e+02 -4.289042e+01
         vertex -2.285462e+02 -1.677513e+02 -4.500000e+01
      endloop
   endfacet
   facet normal 4.028896e-01 -8.301921e-01 3.853066e-01
      outer loop
         vertex -2.543699e+02 -1.115256e+02 1.031477e+02
         vertex -2.285462e+02 -1.677513e+02 -4.500000e+01
         vertex -2.532345e+02 -1.109832e+02 1.031291e+02
      endloop
   endfacet
   facet normal 5.130813e-01 -7.694473e-01 3.803925e-01
      outer loop
         vertex -2.532345e+02 -1.109832e+02 1.031291e+02
         vertex -2.285462e+02 -1.677513e+02 -4.500000e+01
         vertex -2.280211e+02 -1.674012e+02 -4.500000e+01
      endloop
   endfacet
   facet normal 5.480610e-01 -7.463765e-01 3.775595e-01
      outer loop
         vertex -2.532345e+02 -1.109832e+02 1.031291e+02
         vertex -2.280211e+02 -1.674012e+02 -4.500000e+01
         vertex -2.521998e+02 -1.102737e+02 1.030296e+02
      endloop
   endfacet
   facet normal 5.821249e-01 -7.221056e-01 3.737568e-01
      outer loop
         vertex -2.521998e+02 -1.102737e+02 1.030296e+02
         vertex -2.280211e+02 -1.674012e+02 -4.500000e+01
         vertex -2.275282e+02 -1.670038e+02 -4.500000e+01
      endloop
   endfacet
   facet normal 6.470469e-01 -6.696856e-01 3.644880e-01
      outer loop
         vertex -2.521998e+02 -1.102737e+02 1.030296e+02
         vertex -2.275282e+02 -1.670038e+02 -4.500000e+01
         vertex -2.270711e+02 -1.665622e+02 -4.500000e+01
      endloop
   endfacet
   facet normal 7.739645e-02 9.127536e-01 4.011118e-01
      outer loop
         vertex -2.568133e+02 1.120532e+02 1.029427e+02
         vertex -2.580866e+02 1.085800e+02 1.110919e+02
         vertex -2.555741e+02 1.118856e+02 1.030850e+02
      endloop
   endfacet
   facet normal 2.302578e-01 8.718837e-01 4.322039e-01
      outer loop
         vertex -2.555741e+02 1.118856e+02 1.030850e+02
         vertex -2.580866e+02 1.085800e+02 1.110919e+02
         vertex -2.575979e+02 1.060554e+02 1.159245e+02
      endloop
   endfacet
   facet normal 2.375555e-01 8.698182e-01 4.324162e-01
      outer loop
         vertex -2.555741e+02 1.118856e+02 1.030850e+02
         vertex -2.575979e+02 1.060554e+02 1.159245e+02
         vertex -2.543699e+02 1.115256e+02 1.031477e+02
      endloop
   endfacet
   facet normal 3.944886e-01 8.110003e-01 4.320385e-01
      outer loop
         vertex -2.532345e+02 1.109832e+02 1.031291e+02
         vertex -2.543699e+02 1.115256e+02 1.031477e+02
         vertex -2.564054e+02 1.057021e+02 1.159377e+02
      endloop
   endfacet
   facet normal 5.404218e-01 7.293565e-01 4.195037e-01
      outer loop
         vertex -2.521998e+02 1.102737e+02 1.030296e+02
         vertex -2.532345e+02 1.109832e+02 1.031291e+02
         vertex -2.552794e+02 1.051809e+02 1.158515e+02
      endloop
   endfacet
   facet normal 6.712001e-01 6.271735e-01 3.951504e-01
      outer loop
         vertex -2.512950e+02 1.094172e+02 1.028522e+02
         vertex -2.521998e+02 1.102737e+02 1.030296e+02
         vertex -2.542509e+02 1.045059e+02 1.156683e+02
      endloop
   endfacet
   facet normal 7.831709e-01 5.072482e-01 3.596422e-01
      outer loop
         vertex -2.505456e+02 1.084378e+02 1.026017e+02
         vertex -2.512950e+02 1.094172e+02 1.028522e+02
         vertex -2.533482e+02 1.036957e+02 1.153931e+02
      endloop
   endfacet
   facet normal 8.731109e-01 3.729637e-01 3.139672e-01
      outer loop
         vertex -2.499727e+02 1.073629e+02 1.022853e+02
         vertex -2.505456e+02 1.084378e+02 1.026017e+02
         vertex -2.525961e+02 1.027727e+02 1.150335e+02
      endloop
   endfacet
   facet normal 9.384389e-01 2.281163e-01 2.594136e-01
      outer loop
         vertex -2.495923e+02 1.062229e+02 1.019118e+02
         vertex -2.499727e+02 1.073629e+02 1.022853e+02
         vertex -2.520152e+02 1.017621e+02 1.145993e+02
      endloop
   endfacet
   facet normal 9.772887e-01 7.677504e-02 1.975157e-01
      outer loop
         vertex -2.494153e+02 1.050499e+02 1.014918e+02
         vertex -2.495923e+02 1.062229e+02 1.019118e+02
         vertex -2.516217e+02 1.006919e+02 1.141026e+02
      endloop
   endfacet
   facet normal 2.542409e-01 7.345152e-01 6.291653e-01
      outer loop
         vertex -2.620548e+02 9.246330e+01 1.364888e+02
         vertex -2.615230e+02 8.856742e+01 1.408221e+02
         vertex -2.596484e+02 9.810320e+01 1.289321e+02
      endloop
   endfacet
   facet normal 8.526280e-02 8.866230e-01 4.545657e-01
      outer loop
         vertex -2.580866e+02 1.085800e+02 1.110919e+02
         vertex -2.588241e+02 1.062308e+02 1.158123e+02
         vertex -2.575979e+02 1.060554e+02 1.159245e+02
      endloop
   endfacet
   facet normal 7.622027e-02 8.577931e-01 5.083123e-01
      outer loop
         vertex -2.575979e+02 1.060554e+02 1.159245e+02
         vertex -2.588241e+02 1.062308e+02 1.158123e+02
         vertex -2.601499e+02 1.013206e+02 1.242972e+02
      endloop
   endfacet
   facet normal 2.516082e-01 8.075883e-01 5.333802e-01
      outer loop
         vertex -2.575979e+02 1.060554e+02 1.159245e+02
         vertex -2.601499e+02 1.013206e+02 1.242972e+02
         vertex -2.596484e+02 9.810320e+01 1.289321e+02
      endloop
   endfacet
   facet normal 8.426562e-02 8.228018e-01 5.620467e-01
      outer loop
         vertex -2.596484e+02 9.810320e+01 1.289321e+02
         vertex -2.601499e+02 1.013206e+02 1.242972e+02
         vertex -2.608619e+02 9.828069e+01 1.288542e+02
      endloop
   endfacet
   facet normal 7.588698e-02 7.873580e-01 6.118076e-01
      outer loop
         vertex -2.596484e+02 9.810320e+01 1.289321e+02
         vertex -2.608619e+02 9.828069e+01 1.288542e+02
         vertex -2.620548e+02 9.246330e+01 1.364888e+02
      endloop
   endfacet
   facet normal 2.588203e-01 5.574675e-01 7.888232e-01
      outer loop
         vertex -2.652723e+02 7.053643e+01 1.570804e+02
         vertex -2.646269e+02 6.538863e+01 1.605067e+02
         vertex -2.631914e+02 7.760329e+01 1.514035e+02
      endloop
   endfacet
   facet normal 8.330506e-02 7.461204e-01 6.605790e-01
      outer loop
         vertex -2.620548e+02 9.246330e+01 1.364888e+02
         vertex -2.627251e+02 8.873997e+01 1.407788e+02
         vertex -2.615230e+02 8.856742e+01 1.408221e+02
      endloop
   endfacet
   facet normal 7.572457e-02 7.045910e-01 7.055617e-01
      outer loop
         vertex -2.615230e+02 8.856742e+01 1.408221e+02
         vertex -2.627251e+02 8.873997e+01 1.407788e+02
         vertex -2.637713e+02 8.214769e+01 1.474743e+02
      endloop
   endfacet
   facet normal 2.566447e-01 6.506715e-01 7.146748e-01
      outer loop
         vertex -2.615230e+02 8.856742e+01 1.408221e+02
         vertex -2.637713e+02 8.214769e+01 1.474743e+02
         vertex -2.631914e+02 7.760329e+01 1.514035e+02
      endloop
   endfacet
   facet normal 8.235856e-02 6.578163e-01 7.486620e-01
      outer loop
         vertex -2.631914e+02 7.760329e+01 1.514035e+02
         vertex -2.637713e+02 8.214769e+01 1.474743e+02
         vertex -2.643837e+02 7.776389e+01 1.513935e+02
      endloop
   endfacet
   facet normal 7.570030e-02 6.108328e-01 7.881324e-01
      outer loop
         vertex -2.631914e+02 7.760329e+01 1.514035e+02
         vertex -2.643837e+02 7.776389e+01 1.513935e+02
         vertex -2.652723e+02 7.053643e+01 1.570804e+02
      endloop
   endfacet
   facet normal 2.623893e-01 3.489931e-01 8.996420e-01
      outer loop
         vertex -2.675366e+02 4.417682e+01 1.715724e+02
         vertex -2.667111e+02 3.801443e+01 1.737222e+02
         vertex -2.658064e+02 5.212099e+01 1.679861e+02
      endloop
   endfacet
   facet normal 8.143909e-02 5.592850e-01 8.249655e-01
      outer loop
         vertex -2.652723e+02 7.053643e+01 1.570804e+02
         vertex -2.658108e+02 6.553067e+01 1.605273e+02
         vertex -2.646269e+02 6.538863e+01 1.605067e+02
      endloop
   endfacet
   facet normal 7.581426e-02 5.075776e-01 8.582641e-01
      outer loop
         vertex -2.646269e+02 6.538863e+01 1.605067e+02
         vertex -2.658108e+02 6.553067e+01 1.605273e+02
         vertex -2.665340e+02 5.781259e+01 1.651556e+02
      endloop
   endfacet
   facet normal 2.607362e-01 4.563956e-01 8.507172e-01
      outer loop
         vertex -2.646269e+02 6.538863e+01 1.605067e+02
         vertex -2.665340e+02 5.781259e+01 1.651556e+02
         vertex -2.658064e+02 5.212099e+01 1.679861e+02
      endloop
   endfacet
   facet normal 8.058563e-02 4.520725e-01 8.883335e-01
      outer loop
         vertex -2.658064e+02 5.212099e+01 1.679861e+02
         vertex -2.665340e+02 5.781259e+01 1.651556e+02
         vertex -2.669836e+02 5.223856e+01 1.680330e+02
      endloop
   endfacet
   facet normal 7.609004e-02 3.964545e-01 9.148957e-01
      outer loop
         vertex -2.658064e+02 5.212099e+01 1.679861e+02
         vertex -2.669836e+02 5.223856e+01 1.680330e+02
         vertex -2.675366e+02 4.417682e+01 1.715724e+02
      endloop
   endfacet
   facet normal 2.648109e-01 1.214822e-01 9.566176e-01
      outer loop
         vertex -2.687056e+02 1.504075e+01 1.790537e+02
         vertex -2.676425e+02 8.202723e+00 1.796278e+02
         vertex -2.673264e+02 2.329611e+01 1.776235e+02
      endloop
   endfacet
   facet normal 7.976748e-02 3.378448e-01 9.378156e-01
      outer loop
         vertex -2.675366e+02 4.417682e+01 1.715724e+02
         vertex -2.678832e+02 3.810259e+01 1.737901e+02
         vertex -2.667111e+02 3.801443e+01 1.737222e+02
      endloop
   endfacet
   facet normal 7.648008e-02 2.792164e-01 9.571776e-01
      outer loop
         vertex -2.667111e+02 3.801443e+01 1.737222e+02
         vertex -2.678832e+02 3.810259e+01 1.737901e+02
         vertex -2.682643e+02 2.984419e+01 1.762296e+02
      endloop
   endfacet
   facet normal 2.637553e-01 2.368273e-01 9.350647e-01
      outer loop
         vertex -2.667111e+02 3.801443e+01 1.737222e+02
         vertex -2.682643e+02 2.984419e+01 1.762296e+02
         vertex -2.673264e+02 2.329611e+01 1.776235e+02
      endloop
   endfacet
   facet normal 7.900453e-02 2.183683e-01 9.726631e-01
      outer loop
         vertex -2.673264e+02 2.329611e+01 1.776235e+02
         vertex -2.682643e+02 2.984419e+01 1.762296e+02
         vertex -2.684950e+02 2.335113e+01 1.777061e+02
      endloop
   endfacet
   facet normal 7.698267e-02 1.576887e-01 9.844836e-01
      outer loop
         vertex -2.673264e+02 2.329611e+01 1.776235e+02
         vertex -2.684950e+02 2.335113e+01 1.777061e+02
         vertex -2.687056e+02 1.504075e+01 1.790537e+02
      endloop
   endfacet
   facet normal 2.660051e-01 -1.123923e-01 9.573971e-01
      outer loop
         vertex -2.687056e+02 -1.504070e+01 1.790537e+02
         vertex -2.673617e+02 -2.213672e+01 1.778473e+02
         vertex -2.676544e+02 -7.023130e+00 1.797028e+02
      endloop
   endfacet
   facet normal 7.832028e-02 9.548960e-02 9.923445e-01
      outer loop
         vertex -2.687056e+02 1.504075e+01 1.790537e+02
         vertex -2.688094e+02 8.222275e+00 1.797180e+02
         vertex -2.676425e+02 8.202723e+00 1.796278e+02
      endloop
   endfacet
   facet normal 7.760048e-02 3.376232e-02 9.964127e-01
      outer loop
         vertex -2.676425e+02 8.202723e+00 1.796278e+02
         vertex -2.688094e+02 8.222275e+00 1.797180e+02
         vertex -2.688535e+02 2.909811e-05 1.800000e+02
      endloop
   endfacet
   facet normal 2.655687e-01 4.546156e-03 9.640812e-01
      outer loop
         vertex -2.676425e+02 8.202723e+00 1.796278e+02
         vertex -2.688535e+02 2.909811e-05 1.800000e+02
         vertex -2.676544e+02 -7.023130e+00 1.797028e+02
      endloop
   endfacet
   facet normal 7.771912e-02 -2.890047e-02 9.965563e-01
      outer loop
         vertex -2.676544e+02 -7.023130e+00 1.797028e+02
         vertex -2.688535e+02 2.909811e-05 1.800000e+02
         vertex -2.688212e+02 -7.039876e+00 1.797933e+02
      endloop
   endfacet
   facet normal 7.831392e-02 -9.064963e-02 9.927989e-01
      outer loop
         vertex -2.676544e+02 -7.023130e+00 1.797028e+02
         vertex -2.688212e+02 -7.039876e+00 1.797933e+02
         vertex -2.687056e+02 -1.504070e+01 1.790537e+02
      endloop
   endfacet
   facet normal 2.659608e-01 -3.399449e-01 9.020545e-01
      outer loop
         vertex -2.675366e+02 -4.417683e+01 1.715724e+02
         vertex -2.658862e+02 -5.106018e+01 1.684918e+02
         vertex -2.667692e+02 -3.689496e+01 1.740904e+02
      endloop
   endfacet
   facet normal 7.718532e-02 -1.528830e-01 9.852255e-01
      outer loop
         vertex -2.687056e+02 -1.504070e+01 1.790537e+02
         vertex -2.685301e+02 -2.218906e+01 1.779307e+02
         vertex -2.673617e+02 -2.213672e+01 1.778473e+02
      endloop
   endfacet
   facet normal 7.908391e-02 -2.136241e-01 9.737096e-01
      outer loop
         vertex -2.673617e+02 -2.213672e+01 1.778473e+02
         vertex -2.685301e+02 -2.218906e+01 1.779307e+02
         vertex -2.682643e+02 -2.984416e+01 1.762296e+02
      endloop
   endfacet
   facet normal 2.661293e-01 -2.277501e-01 9.366456e-01
      outer loop
         vertex -2.673617e+02 -2.213672e+01 1.778473e+02
         vertex -2.682643e+02 -2.984416e+01 1.762296e+02
         vertex -2.667692e+02 -3.689496e+01 1.740904e+02
      endloop
   endfacet
   facet normal 7.677529e-02 -2.745363e-01 9.585069e-01
      outer loop
         vertex -2.667692e+02 -3.689496e+01 1.740904e+02
         vertex -2.682643e+02 -2.984416e+01 1.762296e+02
         vertex -2.679409e+02 -3.698067e+01 1.741597e+02
      endloop
   endfacet
   facet normal 7.994341e-02 -3.332661e-01 9.394375e-01
      outer loop
         vertex -2.667692e+02 -3.689496e+01 1.740904e+02
         vertex -2.679409e+02 -3.698067e+01 1.741597e+02
         vertex -2.675366e+02 -4.417683e+01 1.715724e+02
      endloop
   endfacet
   facet normal 7.647389e-02 -3.919748e-01 9.167919e-01
      outer loop
         vertex -2.675366e+02 -4.417683e+01 1.715724e+02
         vertex -2.670629e+02 -5.117565e+01 1.685406e+02
         vertex -2.658862e+02 -5.106018e+01 1.684918e+02
      endloop
   endfacet
   facet normal 8.085514e-02 -4.477289e-01 8.905062e-01
      outer loop
         vertex -2.658862e+02 -5.106018e+01 1.684918e+02
         vertex -2.670629e+02 -5.117565e+01 1.685406e+02
         vertex -2.665340e+02 -5.781263e+01 1.651556e+02
      endloop
   endfacet
   facet normal 2.654993e-01 -4.474122e-01 8.540096e-01
      outer loop
         vertex -2.658862e+02 -5.106018e+01 1.684918e+02
         vertex -2.665340e+02 -5.781263e+01 1.651556e+02
         vertex -2.647269e+02 -6.440386e+01 1.611407e+02
      endloop
   endfacet
   facet normal 7.628026e-02 -5.033664e-01 8.606995e-01
      outer loop
         vertex -2.665340e+02 -5.781263e+01 1.651556e+02
         vertex -2.659102e+02 -6.454423e+01 1.611634e+02
         vertex -2.647269e+02 -6.440386e+01 1.611407e+02
      endloop
   endfacet
   facet normal 8.179778e-02 -5.552447e-01 8.276548e-01
      outer loop
         vertex -2.647269e+02 -6.440386e+01 1.611407e+02
         vertex -2.659102e+02 -6.454423e+01 1.611634e+02
         vertex -2.652723e+02 -7.053649e+01 1.570804e+02
      endloop
   endfacet
   facet normal 2.647652e-01 -5.486062e-01 7.930515e-01
      outer loop
         vertex -2.647269e+02 -6.440386e+01 1.611407e+02
         vertex -2.652723e+02 -7.053649e+01 1.570804e+02
         vertex -2.633098e+02 -7.671028e+01 1.521544e+02
      endloop
   endfacet
   facet normal 7.621431e-02 -6.069595e-01 7.910699e-01
      outer loop
         vertex -2.652723e+02 -7.053649e+01 1.570804e+02
         vertex -2.645014e+02 -7.686970e+01 1.521469e+02
         vertex -2.633098e+02 -7.671028e+01 1.521544e+02
      endloop
   endfacet
   facet normal 8.277356e-02 -6.541403e-01 7.518305e-01
      outer loop
         vertex -2.633098e+02 -7.671028e+01 1.521544e+02
         vertex -2.645014e+02 -7.686970e+01 1.521469e+02
         vertex -2.637713e+02 -8.214778e+01 1.474742e+02
      endloop
   endfacet
   facet normal 2.637840e-01 -6.420105e-01 7.198892e-01
      outer loop
         vertex -2.633098e+02 -7.671028e+01 1.521544e+02
         vertex -2.637713e+02 -8.214778e+01 1.474742e+02
         vertex -2.616577e+02 -8.778001e+01 1.416769e+02
      endloop
   endfacet
   facet normal 7.630086e-02 -7.011123e-01 7.089568e-01
      outer loop
         vertex -2.637713e+02 -8.214778e+01 1.474742e+02
         vertex -2.628591e+02 -8.795189e+01 1.416362e+02
         vertex -2.616577e+02 -8.778001e+01 1.416769e+02
      endloop
   endfacet
   facet normal 8.379075e-02 -7.428653e-01 6.641764e-01
      outer loop
         vertex -2.616577e+02 -8.778001e+01 1.416769e+02
         vertex -2.628591e+02 -8.795189e+01 1.416362e+02
         vertex -2.620548e+02 -9.246340e+01 1.364887e+02
      endloop
   endfacet
   facet normal 2.625749e-01 -7.261582e-01 6.354123e-01
      outer loop
         vertex -2.616577e+02 -8.778001e+01 1.416769e+02
         vertex -2.620548e+02 -9.246340e+01 1.364887e+02
         vertex -2.597973e+02 -9.743318e+01 1.298763e+02
      endloop
   endfacet
   facet normal 7.651415e-02 -7.843282e-01 6.156094e-01
      outer loop
         vertex -2.620548e+02 -9.246340e+01 1.364887e+02
         vertex -2.610099e+02 -9.761055e+01 1.298010e+02
         vertex -2.597973e+02 -9.743318e+01 1.298763e+02
      endloop
   endfacet
   facet normal 8.481250e-02 -8.200174e-01 5.660197e-01
      outer loop
         vertex -2.597973e+02 -9.743318e+01 1.298763e+02
         vertex -2.610099e+02 -9.761055e+01 1.298010e+02
         vertex -2.601499e+02 -1.013207e+02 1.242970e+02
      endloop
   endfacet
   facet normal 2.611493e-01 -7.996593e-01 5.406904e-01
      outer loop
         vertex -2.597973e+02 -9.743318e+01 1.298763e+02
         vertex -2.601499e+02 -1.013207e+02 1.242970e+02
         vertex -2.577584e+02 -1.055125e+02 1.169425e+02
      endloop
   endfacet
   facet normal 7.739676e-02 -9.127543e-01 4.011100e-01
      outer loop
         vertex -2.568133e+02 -1.120532e+02 1.029427e+02
         vertex -2.555741e+02 -1.118856e+02 1.030850e+02
         vertex -2.580865e+02 -1.085802e+02 1.110916e+02
      endloop
   endfacet
   facet normal 2.595294e-01 -8.612144e-01 4.369831e-01
      outer loop
         vertex -2.580865e+02 -1.085802e+02 1.110916e+02
         vertex -2.555741e+02 -1.118856e+02 1.030850e+02
         vertex -2.577584e+02 -1.055125e+02 1.169425e+02
      endloop
   endfacet
   facet normal 8.585976e-02 -8.843533e-01 4.588543e-01
      outer loop
         vertex -2.580865e+02 -1.085802e+02 1.110916e+02
         vertex -2.577584e+02 -1.055125e+02 1.169425e+02
         vertex -2.589836e+02 -1.056883e+02 1.168329e+02
      endloop
   endfacet
   facet normal 7.688688e-02 -8.552601e-01 5.124632e-01
      outer loop
         vertex -2.589836e+02 -1.056883e+02 1.168329e+02
         vertex -2.577584e+02 -1.055125e+02 1.169425e+02
         vertex -2.601499e+02 -1.013207e+02 1.242970e+02
      endloop
   endfacet
   facet normal 2.514643e-01 8.651427e-01 4.339284e-01
      outer loop
         vertex -2.543699e+02 1.115256e+02 1.031477e+02
         vertex -2.575979e+02 1.060554e+02 1.159245e+02
         vertex -2.564054e+02 1.057021e+02 1.159377e+02
      endloop
   endfacet
   facet normal 2.347527e-01 8.124437e-01 5.336914e-01
      outer loop
         vertex -2.564054e+02 1.057021e+02 1.159377e+02
         vertex -2.575979e+02 1.060554e+02 1.159245e+02
         vertex -2.596484e+02 9.810320e+01 1.289321e+02
      endloop
   endfacet
   facet normal 2.489288e-01 8.077057e-01 5.344586e-01
      outer loop
         vertex -2.564054e+02 1.057021e+02 1.159377e+02
         vertex -2.596484e+02 9.810320e+01 1.289321e+02
         vertex -2.584675e+02 9.776554e+01 1.288924e+02
      endloop
   endfacet
   facet normal 2.329171e-01 7.403993e-01 6.305225e-01
      outer loop
         vertex -2.584675e+02 9.776554e+01 1.288924e+02
         vertex -2.596484e+02 9.810320e+01 1.289321e+02
         vertex -2.615230e+02 8.856742e+01 1.408221e+02
      endloop
   endfacet
   facet normal 2.459200e-01 7.361417e-01 6.305701e-01
      outer loop
         vertex -2.584675e+02 9.776554e+01 1.288924e+02
         vertex -2.615230e+02 8.856742e+01 1.408221e+02
         vertex -2.603524e+02 8.825379e+01 1.407317e+02
      endloop
   endfacet
   facet normal 2.314498e-01 6.571145e-01 7.173782e-01
      outer loop
         vertex -2.603524e+02 8.825379e+01 1.407317e+02
         vertex -2.615230e+02 8.856742e+01 1.408221e+02
         vertex -2.631914e+02 7.760329e+01 1.514035e+02
      endloop
   endfacet
   facet normal 2.431116e-01 6.534734e-01 7.168467e-01
      outer loop
         vertex -2.603524e+02 8.825379e+01 1.407317e+02
         vertex -2.631914e+02 7.760329e+01 1.514035e+02
         vertex -2.620298e+02 7.732175e+01 1.512662e+02
      endloop
   endfacet
   facet normal 2.304127e-01 5.639362e-01 7.930233e-01
      outer loop
         vertex -2.620298e+02 7.732175e+01 1.512662e+02
         vertex -2.631914e+02 7.760329e+01 1.514035e+02
         vertex -2.646269e+02 6.538863e+01 1.605067e+02
      endloop
   endfacet
   facet normal 2.404950e-01 5.610234e-01 7.920953e-01
      outer loop
         vertex -2.620298e+02 7.732175e+01 1.512662e+02
         vertex -2.646269e+02 6.538863e+01 1.605067e+02
         vertex -2.634729e+02 6.514660e+01 1.603277e+02
      endloop
   endfacet
   facet normal 2.297740e-01 4.623553e-01 8.564062e-01
      outer loop
         vertex -2.634729e+02 6.514660e+01 1.603277e+02
         vertex -2.646269e+02 6.538863e+01 1.605067e+02
         vertex -2.658064e+02 5.212099e+01 1.679861e+02
      endloop
   endfacet
   facet normal 2.380799e-01 4.602118e-01 8.552912e-01
      outer loop
         vertex -2.634729e+02 6.514660e+01 1.603277e+02
         vertex -2.658064e+02 5.212099e+01 1.679861e+02
         vertex -2.646586e+02 5.192498e+01 1.677720e+02
      endloop
   endfacet
   facet normal 2.295158e-01 3.539561e-01 9.066629e-01
      outer loop
         vertex -2.646586e+02 5.192498e+01 1.677720e+02
         vertex -2.658064e+02 5.212099e+01 1.679861e+02
         vertex -2.667111e+02 3.801443e+01 1.737222e+02
      endloop
   endfacet
   facet normal 2.359311e-01 3.525408e-01 9.055670e-01
      outer loop
         vertex -2.646586e+02 5.192498e+01 1.677720e+02
         vertex -2.667111e+02 3.801443e+01 1.737222e+02
         vertex -2.655679e+02 3.786976e+01 1.734807e+02
      endloop
   endfacet
   facet normal 2.296705e-01 2.403862e-01 9.431150e-01
      outer loop
         vertex -2.655679e+02 3.786976e+01 1.734807e+02
         vertex -2.667111e+02 3.801443e+01 1.737222e+02
         vertex -2.673264e+02 2.329611e+01 1.776235e+02
      endloop
   endfacet
   facet normal 2.340451e-01 2.396087e-01 9.422370e-01
      outer loop
         vertex -2.655679e+02 3.786976e+01 1.734807e+02
         vertex -2.673264e+02 2.329611e+01 1.776235e+02
         vertex -2.661864e+02 2.320674e+01 1.773631e+02
      endloop
   endfacet
   facet normal 2.302002e-01 1.233591e-01 9.652929e-01
      outer loop
         vertex -2.661864e+02 2.320674e+01 1.773631e+02
         vertex -2.673264e+02 2.329611e+01 1.776235e+02
         vertex -2.676425e+02 8.202723e+00 1.796278e+02
      endloop
   endfacet
   facet normal 2.324520e-01 1.230647e-01 9.647907e-01
      outer loop
         vertex -2.661864e+02 2.320674e+01 1.773631e+02
         vertex -2.676425e+02 8.202723e+00 1.796278e+02
         vertex -2.665041e+02 8.171130e+00 1.793575e+02
      endloop
   endfacet
   facet normal 2.310948e-01 4.616518e-03 9.729203e-01
      outer loop
         vertex -2.665041e+02 8.171130e+00 1.793575e+02
         vertex -2.676425e+02 8.202723e+00 1.796278e+02
         vertex -2.676544e+02 -7.023130e+00 1.797028e+02
      endloop
   endfacet
   facet normal 2.311706e-01 4.610372e-03 9.729023e-01
      outer loop
         vertex -2.665041e+02 8.171130e+00 1.793575e+02
         vertex -2.676544e+02 -7.023130e+00 1.797028e+02
         vertex -2.665160e+02 -6.996076e+00 1.794322e+02
      endloop
   endfacet
   facet normal 2.323321e-01 -1.140910e-01 9.659219e-01
      outer loop
         vertex -2.665160e+02 -6.996076e+00 1.794322e+02
         vertex -2.676544e+02 -7.023130e+00 1.797028e+02
         vertex -2.673617e+02 -2.213672e+01 1.778473e+02
      endloop
   endfacet
   facet normal 2.302455e-01 -1.140275e-01 9.664289e-01
      outer loop
         vertex -2.665160e+02 -6.996076e+00 1.794322e+02
         vertex -2.673617e+02 -2.213672e+01 1.778473e+02
         vertex -2.662218e+02 -2.205176e+01 1.775857e+02
      endloop
   endfacet
   facet normal 2.339132e-01 -2.310206e-01 9.444120e-01
      outer loop
         vertex -2.662218e+02 -2.205176e+01 1.775857e+02
         vertex -2.673617e+02 -2.213672e+01 1.778473e+02
         vertex -2.667692e+02 -3.689496e+01 1.740904e+02
      endloop
   endfacet
   facet normal 2.296656e-01 -2.311045e-01 9.454335e-01
      outer loop
         vertex -2.662218e+02 -2.205176e+01 1.775857e+02
         vertex -2.667692e+02 -3.689496e+01 1.740904e+02
         vertex -2.656263e+02 -3.675444e+01 1.738471e+02
      endloop
   endfacet
   facet normal 2.357844e-01 -3.444567e-01 9.087108e-01
      outer loop
         vertex -2.656263e+02 -3.675444e+01 1.738471e+02
         vertex -2.667692e+02 -3.689496e+01 1.740904e+02
         vertex -2.658862e+02 -5.106018e+01 1.684918e+02
      endloop
   endfacet
   facet normal 2.294683e-01 -3.448859e-01 9.101637e-01
      outer loop
         vertex -2.656263e+02 -3.675444e+01 1.738471e+02
         vertex -2.658862e+02 -5.106018e+01 1.684918e+02
         vertex -2.647387e+02 -5.086796e+01 1.682753e+02
      endloop
   endfacet
   facet normal 2.379419e-01 -4.527286e-01 8.593139e-01
      outer loop
         vertex -2.647387e+02 -5.086796e+01 1.682753e+02
         vertex -2.658862e+02 -5.106018e+01 1.684918e+02
         vertex -2.647269e+02 -6.440386e+01 1.611407e+02
      endloop
   endfacet
   facet normal 2.296595e-01 -4.536629e-01 8.610728e-01
      outer loop
         vertex -2.647387e+02 -5.086796e+01 1.682753e+02
         vertex -2.647269e+02 -6.440386e+01 1.611407e+02
         vertex -2.635734e+02 -6.416516e+01 1.609588e+02
      endloop
   endfacet
   facet normal 2.403532e-01 -5.542313e-01 7.969053e-01
      outer loop
         vertex -2.635734e+02 -6.416516e+01 1.609588e+02
         vertex -2.647269e+02 -6.440386e+01 1.611407e+02
         vertex -2.633098e+02 -7.671028e+01 1.521544e+02
      endloop
   endfacet
   facet normal 2.302501e-01 -5.557791e-01 7.988082e-01
      outer loop
         vertex -2.635734e+02 -6.416516e+01 1.609588e+02
         vertex -2.633098e+02 -7.671028e+01 1.521544e+02
         vertex -2.621489e+02 -7.643152e+01 1.520137e+02
      endloop
   endfacet
   facet normal 2.429928e-01 -6.474366e-01 7.223437e-01
      outer loop
         vertex -2.621489e+02 -7.643152e+01 1.520137e+02
         vertex -2.633098e+02 -7.671028e+01 1.521544e+02
         vertex -2.616577e+02 -8.778001e+01 1.416769e+02
      endloop
   endfacet
   facet normal 2.312306e-01 -6.496500e-01 7.242149e-01
      outer loop
         vertex -2.621489e+02 -7.643152e+01 1.520137e+02
         vertex -2.616577e+02 -8.778001e+01 1.416769e+02
         vertex -2.604879e+02 -8.746854e+01 1.415827e+02
      endloop
   endfacet
   facet normal 2.458229e-01 -7.309132e-01 6.366609e-01
      outer loop
         vertex -2.604879e+02 -8.746854e+01 1.415827e+02
         vertex -2.616577e+02 -8.778001e+01 1.416769e+02
         vertex -2.597973e+02 -9.743318e+01 1.298763e+02
      endloop
   endfacet
   facet normal 2.326183e-01 -7.337802e-01 6.383223e-01
      outer loop
         vertex -2.604879e+02 -8.746854e+01 1.415827e+02
         vertex -2.597973e+02 -9.743318e+01 1.298763e+02
         vertex -2.586172e+02 -9.709706e+01 1.298326e+02
      endloop
   endfacet
   facet normal 2.488296e-01 -8.033384e-01 5.410465e-01
      outer loop
         vertex -2.586172e+02 -9.709706e+01 1.298326e+02
         vertex -2.597973e+02 -9.743318e+01 1.298763e+02
         vertex -2.577584e+02 -1.055125e+02 1.169425e+02
      endloop
   endfacet
   facet normal 2.344026e-01 -8.067960e-01 5.423427e-01
      outer loop
         vertex -2.586172e+02 -9.709706e+01 1.298326e+02
         vertex -2.577584e+02 -1.055125e+02 1.169425e+02
         vertex -2.565668e+02 -1.051601e+02 1.169517e+02
      endloop
   endfacet
   facet normal 2.519833e-01 -8.635182e-01 4.368532e-01
      outer loop
         vertex -2.565668e+02 -1.051601e+02 1.169517e+02
         vertex -2.577584e+02 -1.055125e+02 1.169425e+02
         vertex -2.555741e+02 -1.118856e+02 1.030850e+02
      endloop
   endfacet
   facet normal 2.365767e-01 -8.674584e-01 4.376613e-01
      outer loop
         vertex -2.565668e+02 -1.051601e+02 1.169517e+02
         vertex -2.555741e+02 -1.118856e+02 1.030850e+02
         vertex -2.543699e+02 -1.115256e+02 1.031477e+02
      endloop
   endfacet
   facet normal 4.058660e-01 8.051497e-01 4.324428e-01
      outer loop
         vertex -2.532345e+02 1.109832e+02 1.031291e+02
         vertex -2.564054e+02 1.057021e+02 1.159377e+02
         vertex -2.552794e+02 1.051809e+02 1.158515e+02
      endloop
   endfacet
   facet normal 3.902742e-01 7.561068e-01 5.253461e-01
      outer loop
         vertex -2.552794e+02 1.051809e+02 1.158515e+02
         vertex -2.564054e+02 1.057021e+02 1.159377e+02
         vertex -2.584675e+02 9.776554e+01 1.288924e+02
      endloop
   endfacet
   facet normal 4.018581e-01 7.503310e-01 5.248938e-01
      outer loop
         vertex -2.552794e+02 1.051809e+02 1.158515e+02
         vertex -2.584675e+02 9.776554e+01 1.288924e+02
         vertex -2.573508e+02 9.727681e+01 1.287361e+02
      endloop
   endfacet
   facet normal 3.869765e-01 6.877797e-01 6.141728e-01
      outer loop
         vertex -2.573508e+02 9.727681e+01 1.287361e+02
         vertex -2.584675e+02 9.776554e+01 1.288924e+02
         vertex -2.603524e+02 8.825379e+01 1.407317e+02
      endloop
   endfacet
   facet normal 3.976639e-01 6.826926e-01 6.130205e-01
      outer loop
         vertex -2.573508e+02 9.727681e+01 1.287361e+02
         vertex -2.603524e+02 8.825379e+01 1.407317e+02
         vertex -2.592441e+02 8.780731e+01 1.405100e+02
      endloop
   endfacet
   facet normal 3.842390e-01 6.093757e-01 6.935572e-01
      outer loop
         vertex -2.592441e+02 8.780731e+01 1.405100e+02
         vertex -2.603524e+02 8.825379e+01 1.407317e+02
         vertex -2.620298e+02 7.732175e+01 1.512662e+02
      endloop
   endfacet
   facet normal 3.937934e-01 6.051413e-01 6.919038e-01
      outer loop
         vertex -2.592441e+02 8.780731e+01 1.405100e+02
         vertex -2.620298e+02 7.732175e+01 1.512662e+02
         vertex -2.609288e+02 7.692652e+01 1.509852e+02
      endloop
   endfacet
   facet normal 3.820299e-01 5.221990e-01 7.624706e-01
      outer loop
         vertex -2.609288e+02 7.692652e+01 1.509852e+02
         vertex -2.620298e+02 7.732175e+01 1.512662e+02
         vertex -2.634729e+02 6.514660e+01 1.603277e+02
      endloop
   endfacet
   facet normal 3.903157e-01 5.188776e-01 7.605390e-01
      outer loop
         vertex -2.609288e+02 7.692652e+01 1.509852e+02
         vertex -2.634729e+02 6.514660e+01 1.603277e+02
         vertex -2.623780e+02 6.481074e+01 1.599950e+02
      endloop
   endfacet
   facet normal 3.803972e-01 4.275988e-01 8.200349e-01
      outer loop
         vertex -2.623780e+02 6.481074e+01 1.599950e+02
         vertex -2.634729e+02 6.514660e+01 1.603277e+02
         vertex -2.646586e+02 5.192498e+01 1.677720e+02
      endloop
   endfacet
   facet normal 3.872421e-01 4.252039e-01 8.180741e-01
      outer loop
         vertex -2.623780e+02 6.481074e+01 1.599950e+02
         vertex -2.646586e+02 5.192498e+01 1.677720e+02
         vertex -2.635687e+02 5.165543e+01 1.673962e+02
      endloop
   endfacet
   facet normal 3.793264e-01 3.270101e-01 8.655495e-01
      outer loop
         vertex -2.635687e+02 5.165543e+01 1.673962e+02
         vertex -2.646586e+02 5.192498e+01 1.677720e+02
         vertex -2.655679e+02 3.786976e+01 1.734807e+02
      endloop
   endfacet
   facet normal 3.846023e-01 3.254724e-01 8.637990e-01
      outer loop
         vertex -2.635687e+02 5.165543e+01 1.673962e+02
         vertex -2.655679e+02 3.786976e+01 1.734807e+02
         vertex -2.644818e+02 3.767215e+01 1.730715e+02
      endloop
   endfacet
   facet normal 3.788210e-01 2.219140e-01 8.984702e-01
      outer loop
         vertex -2.644818e+02 3.767215e+01 1.730715e+02
         vertex -2.655679e+02 3.786976e+01 1.734807e+02
         vertex -2.661864e+02 2.320674e+01 1.773631e+02
      endloop
   endfacet
   facet normal 3.824288e-01 2.210951e-01 8.971428e-01
      outer loop
         vertex -2.644818e+02 3.767215e+01 1.730715e+02
         vertex -2.661864e+02 2.320674e+01 1.773631e+02
         vertex -2.651028e+02 2.308522e+01 1.769311e+02
      endloop
   endfacet
   facet normal 3.788798e-01 1.138195e-01 9.184199e-01
      outer loop
         vertex -2.651028e+02 2.308522e+01 1.769311e+02
         vertex -2.661864e+02 2.320674e+01 1.773631e+02
         vertex -2.665041e+02 8.171130e+00 1.793575e+02
      endloop
   endfacet
   facet normal 3.807345e-01 1.135264e-01 9.176890e-01
      outer loop
         vertex -2.651028e+02 2.308522e+01 1.769311e+02
         vertex -2.665041e+02 8.171130e+00 1.793575e+02
         vertex -2.654218e+02 8.128266e+00 1.789138e+02
      endloop
   endfacet
   facet normal 3.794820e-01 4.259106e-03 9.251893e-01
      outer loop
         vertex -2.654218e+02 8.128266e+00 1.789138e+02
         vertex -2.665041e+02 8.171130e+00 1.793575e+02
         vertex -2.665160e+02 -6.996076e+00 1.794322e+02
      endloop
   endfacet
   facet normal 3.795592e-01 4.252438e-03 9.251577e-01
      outer loop
         vertex -2.654218e+02 8.128266e+00 1.789138e+02
         vertex -2.665160e+02 -6.996076e+00 1.794322e+02
         vertex -2.654337e+02 -6.959373e+00 1.789880e+02
      endloop
   endfacet
   facet normal 3.806301e-01 -1.052382e-01 9.187196e-01
      outer loop
         vertex -2.654337e+02 -6.959373e+00 1.789880e+02
         vertex -2.665160e+02 -6.996076e+00 1.794322e+02
         vertex -2.662218e+02 -2.205176e+01 1.775857e+02
      endloop
   endfacet
   facet normal 3.789108e-01 -1.052146e-01 9.194327e-01
      outer loop
         vertex -2.654337e+02 -6.959373e+00 1.789880e+02
         vertex -2.662218e+02 -2.205176e+01 1.775857e+02
         vertex -2.651384e+02 -2.193627e+01 1.771524e+02
      endloop
   endfacet
   facet normal 3.822940e-01 -2.131456e-01 8.991219e-01
      outer loop
         vertex -2.651384e+02 -2.193627e+01 1.771524e+02
         vertex -2.662218e+02 -2.205176e+01 1.775857e+02
         vertex -2.656263e+02 -3.675444e+01 1.738471e+02
      endloop
   endfacet
   facet normal 3.787904e-01 -2.133500e-01 9.005552e-01
      outer loop
         vertex -2.651384e+02 -2.193627e+01 1.771524e+02
         vertex -2.656263e+02 -3.675444e+01 1.738471e+02
         vertex -2.645404e+02 -3.656258e+01 1.734358e+02
      endloop
   endfacet
   facet normal 3.844378e-01 -3.179674e-01 8.666628e-01
      outer loop
         vertex -2.645404e+02 -3.656258e+01 1.734358e+02
         vertex -2.656263e+02 -3.675444e+01 1.738471e+02
         vertex -2.647387e+02 -5.086796e+01 1.682753e+02
      endloop
   endfacet
   facet normal 3.792189e-01 -3.186352e-01 8.687144e-01
      outer loop
         vertex -2.645404e+02 -3.656258e+01 1.734358e+02
         vertex -2.647387e+02 -5.086796e+01 1.682753e+02
         vertex -2.636492e+02 -5.060377e+01 1.678966e+02
      endloop
   endfacet
   facet normal 3.870450e-01 -4.182344e-01 8.217518e-01
      outer loop
         vertex -2.636492e+02 -5.060377e+01 1.678966e+02
         vertex -2.647387e+02 -5.086796e+01 1.682753e+02
         vertex -2.635734e+02 -6.416516e+01 1.609588e+02
      endloop
   endfacet
   facet normal 3.802327e-01 -4.195536e-01 8.242560e-01
      outer loop
         vertex -2.636492e+02 -5.060377e+01 1.678966e+02
         vertex -2.635734e+02 -6.416516e+01 1.609588e+02
         vertex -2.624789e+02 -6.383415e+01 1.606224e+02
      endloop
   endfacet
   facet normal 3.901173e-01 -5.125162e-01 7.649416e-01
      outer loop
         vertex -2.624789e+02 -6.383415e+01 1.606224e+02
         vertex -2.635734e+02 -6.416516e+01 1.609588e+02
         vertex -2.621489e+02 -7.643152e+01 1.520137e+02
      endloop
   endfacet
   facet normal 3.817935e-01 -5.146308e-01 7.677167e-01
      outer loop
         vertex -2.624789e+02 -6.383415e+01 1.606224e+02
         vertex -2.621489e+02 -7.643152e+01 1.520137e+02
         vertex -2.610483e+02 -7.604057e+01 1.517285e+02
      endloop
   endfacet
   facet normal 3.935868e-01 -5.994532e-01 6.969544e-01
      outer loop
         vertex -2.610483e+02 -7.604057e+01 1.517285e+02
         vertex -2.621489e+02 -7.643152e+01 1.520137e+02
         vertex -2.604879e+02 -8.746854e+01 1.415827e+02
      endloop
   endfacet
   facet normal 3.839251e-01 -6.024287e-01 6.997722e-01
      outer loop
         vertex -2.610483e+02 -7.604057e+01 1.517285e+02
         vertex -2.604879e+02 -8.746854e+01 1.415827e+02
         vertex -2.593802e+02 -8.702566e+01 1.413563e+02
      endloop
   endfacet
   facet normal 3.974460e-01 -6.777342e-01 6.186380e-01
      outer loop
         vertex -2.593802e+02 -8.702566e+01 1.413563e+02
         vertex -2.604879e+02 -8.746854e+01 1.415827e+02
         vertex -2.586172e+02 -9.709706e+01 1.298326e+02
      endloop
   endfacet
   facet normal 3.866107e-01 -6.815759e-01 6.212781e-01
      outer loop
         vertex -2.593802e+02 -8.702566e+01 1.413563e+02
         vertex -2.586172e+02 -9.709706e+01 1.298326e+02
         vertex -2.575012e+02 -9.661120e+01 1.296712e+02
      endloop
   endfacet
   facet normal 4.016569e-01 -7.461349e-01 5.309939e-01
      outer loop
         vertex -2.575012e+02 -9.661120e+01 1.296712e+02
         vertex -2.586172e+02 -9.709706e+01 1.298326e+02
         vertex -2.565668e+02 -1.051601e+02 1.169517e+02
      endloop
   endfacet
   facet normal 3.898293e-01 -7.507845e-01 5.332501e-01
      outer loop
         vertex -2.575012e+02 -9.661120e+01 1.296712e+02
         vertex -2.565668e+02 -1.051601e+02 1.169517e+02
         vertex -2.554415e+02 -1.046410e+02 1.168600e+02
      endloop
   endfacet
   facet normal 4.061743e-01 -8.035231e-01 4.351701e-01
      outer loop
         vertex -2.554415e+02 -1.046410e+02 1.168600e+02
         vertex -2.565668e+02 -1.051601e+02 1.169517e+02
         vertex -2.543699e+02 -1.115256e+02 1.031477e+02
      endloop
   endfacet
   facet normal 3.935490e-01 -8.088675e-01 4.368667e-01
      outer loop
         vertex -2.554415e+02 -1.046410e+02 1.168600e+02
         vertex -2.543699e+02 -1.115256e+02 1.031477e+02
         vertex -2.532345e+02 -1.109832e+02 1.031291e+02
      endloop
   endfacet
   facet normal 5.491756e-01 7.230270e-01 4.190921e-01
      outer loop
         vertex -2.521998e+02 1.102737e+02 1.030296e+02
         vertex -2.552794e+02 1.051809e+02 1.158515e+02
         vertex -2.542509e+02 1.045059e+02 1.156683e+02
      endloop
   endfacet
   facet normal 5.351515e-01 6.790001e-01 5.025651e-01
      outer loop
         vertex -2.542509e+02 1.045059e+02 1.156683e+02
         vertex -2.552794e+02 1.051809e+02 1.158515e+02
         vertex -2.573508e+02 9.727681e+01 1.287361e+02
      endloop
   endfacet
   facet normal 5.441305e-01 6.727975e-01 5.012638e-01
      outer loop
         vertex -2.542509e+02 1.045059e+02 1.156683e+02
         vertex -2.573508e+02 9.727681e+01 1.287361e+02
         vertex -2.563285e+02 9.665012e+01 1.284675e+02
      endloop
   endfacet
   facet normal 5.307823e-01 6.166926e-01 5.813436e-01
      outer loop
         vertex -2.563285e+02 9.665012e+01 1.284675e+02
         vertex -2.573508e+02 9.727681e+01 1.287361e+02
         vertex -2.592441e+02 8.780731e+01 1.405100e+02
      endloop
   endfacet
   facet normal 5.390530e-01 6.113220e-01 5.794024e-01
      outer loop
         vertex -2.563285e+02 9.665012e+01 1.284675e+02
         vertex -2.592441e+02 8.780731e+01 1.405100e+02
         vertex -2.582272e+02 8.723969e+01 1.401628e+02
      endloop
   endfacet
   facet normal 5.270285e-01 5.456527e-01 6.515398e-01
      outer loop
         vertex -2.582272e+02 8.723969e+01 1.401628e+02
         vertex -2.592441e+02 8.780731e+01 1.405100e+02
         vertex -2.609288e+02 7.692652e+01 1.509852e+02
      endloop
   endfacet
   facet normal 5.344583e-01 5.412256e-01 6.491757e-01
      outer loop
         vertex -2.582272e+02 8.723969e+01 1.401628e+02
         vertex -2.609288e+02 7.692652e+01 1.509852e+02
         vertex -2.599167e+02 7.642778e+01 1.505678e+02
      endloop
   endfacet
   facet normal 5.239337e-01 4.670265e-01 7.123059e-01
      outer loop
         vertex -2.599167e+02 7.642778e+01 1.505678e+02
         vertex -2.609288e+02 7.692652e+01 1.509852e+02
         vertex -2.623780e+02 6.481074e+01 1.599950e+02
      endloop
   endfacet
   facet normal 5.303755e-01 4.636038e-01 7.097700e-01
      outer loop
         vertex -2.599167e+02 7.642778e+01 1.505678e+02
         vertex -2.623780e+02 6.481074e+01 1.599950e+02
         vertex -2.613699e+02 6.438951e+01 1.595168e+02
      endloop
   endfacet
   facet normal 5.215112e-01 3.820329e-01 7.629396e-01
      outer loop
         vertex -2.613699e+02 6.438951e+01 1.595168e+02
         vertex -2.623780e+02 6.481074e+01 1.599950e+02
         vertex -2.635687e+02 5.165543e+01 1.673962e+02
      endloop
   endfacet
   facet normal 5.268569e-01 3.795895e-01 7.604825e-01
      outer loop
         vertex -2.613699e+02 6.438951e+01 1.595168e+02
         vertex -2.635687e+02 5.165543e+01 1.673962e+02
         vertex -2.625639e+02 5.131904e+01 1.668680e+02
      endloop
   endfacet
   facet normal 5.197889e-01 2.919169e-01 8.028723e-01
      outer loop
         vertex -2.625639e+02 5.131904e+01 1.668680e+02
         vertex -2.635687e+02 5.165543e+01 1.673962e+02
         vertex -2.644818e+02 3.767215e+01 1.730715e+02
      endloop
   endfacet
   facet normal 5.239016e-01 2.903765e-01 8.007551e-01
      outer loop
         vertex -2.625639e+02 5.131904e+01 1.668680e+02
         vertex -2.644818e+02 3.767215e+01 1.730715e+02
         vertex -2.634794e+02 3.742645e+01 1.725049e+02
      endloop
   endfacet
   facet normal 5.187424e-01 1.979741e-01 8.316926e-01
      outer loop
         vertex -2.634794e+02 3.742645e+01 1.725049e+02
         vertex -2.644818e+02 3.767215e+01 1.730715e+02
         vertex -2.651028e+02 2.308522e+01 1.769311e+02
      endloop
   endfacet
   facet normal 5.215690e-01 1.971672e-01 8.301150e-01
      outer loop
         vertex -2.634794e+02 3.742645e+01 1.725049e+02
         vertex -2.651028e+02 2.308522e+01 1.769311e+02
         vertex -2.641021e+02 2.293451e+01 1.763382e+02
      endloop
   endfacet
   facet normal 5.184040e-01 1.014970e-01 8.490911e-01
      outer loop
         vertex -2.641021e+02 2.293451e+01 1.763382e+02
         vertex -2.651028e+02 2.308522e+01 1.769311e+02
         vertex -2.654218e+02 8.128266e+00 1.789138e+02
      endloop
   endfacet
   facet normal 5.198602e-01 1.012180e-01 8.482336e-01
      outer loop
         vertex -2.641021e+02 2.293451e+01 1.763382e+02
         vertex -2.654218e+02 8.128266e+00 1.789138e+02
         vertex -2.644220e+02 8.075174e+00 1.783074e+02
      endloop
   endfacet
   facet normal 5.187433e-01 3.796531e-03 8.549216e-01
      outer loop
         vertex -2.644220e+02 8.075174e+00 1.783074e+02
         vertex -2.654218e+02 8.128266e+00 1.789138e+02
         vertex -2.654337e+02 -6.959373e+00 1.789880e+02
      endloop
   endfacet
   facet normal 5.187979e-01 3.791358e-03 8.548885e-01
      outer loop
         vertex -2.644220e+02 8.075174e+00 1.783074e+02
         vertex -2.654337e+02 -6.959373e+00 1.789880e+02
         vertex -2.644340e+02 -6.913915e+00 1.783811e+02
      endloop
   endfacet
   facet normal 5.197523e-01 -9.382328e-02 8.491494e-01
      outer loop
         vertex -2.644340e+02 -6.913915e+00 1.783811e+02
         vertex -2.654337e+02 -6.959373e+00 1.789880e+02
         vertex -2.651384e+02 -2.193627e+01 1.771524e+02
      endloop
   endfacet
   facet normal 5.183870e-01 -9.382745e-02 8.499831e-01
      outer loop
         vertex -2.644340e+02 -6.913915e+00 1.783811e+02
         vertex -2.651384e+02 -2.193627e+01 1.771524e+02
         vertex -2.641378e+02 -2.179305e+01 1.765580e+02
      endloop
   endfacet
   facet normal 5.214037e-01 -1.900665e-01 8.318731e-01
      outer loop
         vertex -2.641378e+02 -2.179305e+01 1.765580e+02
         vertex -2.651384e+02 -2.193627e+01 1.771524e+02
         vertex -2.645404e+02 -3.656258e+01 1.734358e+02
      endloop
   endfacet
   facet normal 5.186767e-01 -1.903390e-01 8.335139e-01
      outer loop
         vertex -2.641378e+02 -2.179305e+01 1.765580e+02
         vertex -2.645404e+02 -3.656258e+01 1.734358e+02
         vertex -2.635382e+02 -3.632411e+01 1.728666e+02
      endloop
   endfacet
   facet normal 5.237134e-01 -2.836521e-01 8.032844e-01
      outer loop
         vertex -2.635382e+02 -3.632411e+01 1.728666e+02
         vertex -2.645404e+02 -3.656258e+01 1.734358e+02
         vertex -2.636492e+02 -5.060377e+01 1.678966e+02
      endloop
   endfacet
   facet normal 5.196476e-01 -2.844412e-01 8.056424e-01
      outer loop
         vertex -2.635382e+02 -3.632411e+01 1.728666e+02
         vertex -2.636492e+02 -5.060377e+01 1.678966e+02
         vertex -2.626446e+02 -5.027418e+01 1.673650e+02
      endloop
   endfacet
   facet normal 5.266314e-01 -3.733277e-01 7.637315e-01
      outer loop
         vertex -2.626446e+02 -5.027418e+01 1.673650e+02
         vertex -2.636492e+02 -5.060377e+01 1.678966e+02
         vertex -2.624789e+02 -6.383415e+01 1.606224e+02
      endloop
   endfacet
   facet normal 5.212995e-01 -3.748405e-01 7.666429e-01
      outer loop
         vertex -2.626446e+02 -5.027418e+01 1.673650e+02
         vertex -2.624789e+02 -6.383415e+01 1.606224e+02
         vertex -2.614712e+02 -6.341921e+01 1.601400e+02
      endloop
   endfacet
   facet normal 5.301274e-01 -4.578657e-01 7.136694e-01
      outer loop
         vertex -2.614712e+02 -6.341921e+01 1.601400e+02
         vertex -2.624789e+02 -6.383415e+01 1.606224e+02
         vertex -2.610483e+02 -7.604057e+01 1.517285e+02
      endloop
   endfacet
   facet normal 5.236455e-01 -4.602465e-01 7.169160e-01
      outer loop
         vertex -2.614712e+02 -6.341921e+01 1.601400e+02
         vertex -2.610483e+02 -7.604057e+01 1.517285e+02
         vertex -2.600366e+02 -7.554746e+01 1.513060e+02
      endloop
   endfacet
   facet normal 5.341873e-01 -5.360709e-01 6.536604e-01
      outer loop
         vertex -2.600366e+02 -7.554746e+01 1.513060e+02
         vertex -2.610483e+02 -7.604057e+01 1.517285e+02
         vertex -2.593802e+02 -8.702566e+01 1.413563e+02
      endloop
   endfacet
   facet normal 5.266704e-01 -5.394040e-01 6.570096e-01
      outer loop
         vertex -2.600366e+02 -7.554746e+01 1.513060e+02
         vertex -2.593802e+02 -8.702566e+01 1.413563e+02
         vertex -2.583637e+02 -8.646297e+01 1.410034e+02
      endloop
   endfacet
   facet normal 5.387701e-01 -6.067958e-01 5.844019e-01
      outer loop
         vertex -2.583637e+02 -8.646297e+01 1.410034e+02
         vertex -2.593802e+02 -8.702566e+01 1.413563e+02
         vertex -2.575012e+02 -9.661120e+01 1.296712e+02
      endloop
   endfacet
   facet normal 5.303384e-01 -6.111031e-01 5.876174e-01
      outer loop
         vertex -2.583637e+02 -8.646297e+01 1.410034e+02
         vertex -2.575012e+02 -9.661120e+01 1.296712e+02
         vertex -2.564792e+02 -9.598863e+01 1.293963e+02
      endloop
   endfacet
   facet normal 5.438199e-01 -6.689530e-01 5.067167e-01
      outer loop
         vertex -2.564792e+02 -9.598863e+01 1.293963e+02
         vertex -2.575012e+02 -9.661120e+01 1.296712e+02
         vertex -2.554415e+02 -1.046410e+02 1.168600e+02
      endloop
   endfacet
   facet normal 5.346422e-01 -6.741717e-01 5.095588e-01
      outer loop
         vertex -2.564792e+02 -9.598863e+01 1.293963e+02
         vertex -2.554415e+02 -1.046410e+02 1.168600e+02
         vertex -2.544135e+02 -1.039692e+02 1.166701e+02
      endloop
   endfacet
   facet normal 5.493092e-01 -7.214966e-01 4.215472e-01
      outer loop
         vertex -2.544135e+02 -1.039692e+02 1.166701e+02
         vertex -2.554415e+02 -1.046410e+02 1.168600e+02
         vertex -2.532345e+02 -1.109832e+02 1.031291e+02
      endloop
   endfacet
   facet normal 5.395632e-01 -7.275010e-01 4.238087e-01
      outer loop
         vertex -2.544135e+02 -1.039692e+02 1.166701e+02
         vertex -2.532345e+02 -1.109832e+02 1.031291e+02
         vertex -2.521998e+02 -1.102737e+02 1.030296e+02
      endloop
   endfacet
   facet normal 6.774871e-01 6.209672e-01 3.942220e-01
      outer loop
         vertex -2.512950e+02 1.094172e+02 1.028522e+02
         vertex -2.542509e+02 1.045059e+02 1.156683e+02
         vertex -2.533482e+02 1.036957e+02 1.153931e+02
      endloop
   endfacet
   facet normal 6.654339e-01 5.831743e-01 4.659458e-01
      outer loop
         vertex -2.533482e+02 1.036957e+02 1.153931e+02
         vertex -2.542509e+02 1.045059e+02 1.156683e+02
         vertex -2.563285e+02 9.665012e+01 1.284675e+02
      endloop
   endfacet
   facet normal 6.718807e-01 5.771629e-01 4.641759e-01
      outer loop
         vertex -2.533482e+02 1.036957e+02 1.153931e+02
         vertex -2.563285e+02 9.665012e+01 1.284675e+02
         vertex -2.554278e+02 9.590229e+01 1.280936e+02
      endloop
   endfacet
   facet normal 6.604280e-01 5.290235e-01 5.328874e-01
      outer loop
         vertex -2.554278e+02 9.590229e+01 1.280936e+02
         vertex -2.563285e+02 9.665012e+01 1.284675e+02
         vertex -2.582272e+02 8.723969e+01 1.401628e+02
      endloop
   endfacet
   facet normal 6.663914e-01 5.238570e-01 5.305623e-01
      outer loop
         vertex -2.554278e+02 9.590229e+01 1.280936e+02
         vertex -2.582272e+02 8.723969e+01 1.401628e+02
         vertex -2.573284e+02 8.656585e+01 1.396992e+02
      endloop
   endfacet
   facet normal 6.560855e-01 4.675728e-01 5.923913e-01
      outer loop
         vertex -2.573284e+02 8.656585e+01 1.396992e+02
         vertex -2.582272e+02 8.723969e+01 1.401628e+02
         vertex -2.599167e+02 7.642778e+01 1.505678e+02
      endloop
   endfacet
   facet normal 6.614545e-01 4.633511e-01 5.897319e-01
      outer loop
         vertex -2.573284e+02 8.656585e+01 1.396992e+02
         vertex -2.599167e+02 7.642778e+01 1.505678e+02
         vertex -2.590195e+02 7.583836e+01 1.500245e+02
      endloop
   endfacet
   facet normal 6.524437e-01 3.998176e-01 6.437881e-01
      outer loop
         vertex -2.590195e+02 7.583836e+01 1.500245e+02
         vertex -2.599167e+02 7.642778e+01 1.505678e+02
         vertex -2.613699e+02 6.438951e+01 1.595168e+02
      endloop
   endfacet
   facet normal 6.571232e-01 3.965709e-01 6.410309e-01
      outer loop
         vertex -2.590195e+02 7.583836e+01 1.500245e+02
         vertex -2.613699e+02 6.438951e+01 1.595168e+02
         vertex -2.604741e+02 6.389359e+01 1.589053e+02
      endloop
   endfacet
   facet normal 6.495400e-01 3.267844e-01 6.865200e-01
      outer loop
         vertex -2.604741e+02 6.389359e+01 1.589053e+02
         vertex -2.613699e+02 6.438951e+01 1.595168e+02
         vertex -2.625639e+02 5.131904e+01 1.668680e+02
      endloop
   endfacet
   facet normal 6.534285e-01 3.244881e-01 6.839142e-01
      outer loop
         vertex -2.604741e+02 6.389359e+01 1.589053e+02
         vertex -2.625639e+02 5.131904e+01 1.668680e+02
         vertex -2.616692e+02 5.092420e+01 1.662005e+02
      endloop
   endfacet
   facet normal 6.473867e-01 2.495352e-01 7.201546e-01
      outer loop
         vertex -2.616692e+02 5.092420e+01 1.662005e+02
         vertex -2.625639e+02 5.131904e+01 1.668680e+02
         vertex -2.634794e+02 3.742645e+01 1.725049e+02
      endloop
   endfacet
   facet normal 6.503905e-01 2.480984e-01 7.179410e-01
      outer loop
         vertex -2.616692e+02 5.092420e+01 1.662005e+02
         vertex -2.634794e+02 3.742645e+01 1.725049e+02
         vertex -2.625856e+02 3.713874e+01 1.717946e+02
      endloop
   endfacet
   facet normal 6.459826e-01 1.691425e-01 7.443771e-01
      outer loop
         vertex -2.625856e+02 3.713874e+01 1.717946e+02
         vertex -2.634794e+02 3.742645e+01 1.725049e+02
         vertex -2.641021e+02 2.293451e+01 1.763382e+02
      endloop
   endfacet
   facet normal 6.480388e-01 1.684042e-01 7.427555e-01
      outer loop
         vertex -2.625856e+02 3.713874e+01 1.717946e+02
         vertex -2.641021e+02 2.293451e+01 1.763382e+02
         vertex -2.632089e+02 2.275830e+01 1.755988e+02
      endloop
   endfacet
   facet normal 6.453351e-01 8.668702e-02 7.589651e-01
      outer loop
         vertex -2.632089e+02 2.275830e+01 1.755988e+02
         vertex -2.641021e+02 2.293451e+01 1.763382e+02
         vertex -2.644220e+02 8.075174e+00 1.783074e+02
      endloop
   endfacet
   facet normal 6.463981e-01 8.643748e-02 7.580884e-01
      outer loop
         vertex -2.632089e+02 2.275830e+01 1.755988e+02
         vertex -2.644220e+02 8.075174e+00 1.783074e+02
         vertex -2.635291e+02 8.013149e+00 1.775531e+02
      endloop
   endfacet
   facet normal 6.454443e-01 3.241981e-03 7.638005e-01
      outer loop
         vertex -2.635291e+02 8.013149e+00 1.775531e+02
         vertex -2.644220e+02 8.075174e+00 1.783074e+02
         vertex -2.644340e+02 -6.913915e+00 1.783811e+02
      endloop
   endfacet
   facet normal 6.454957e-01 3.236449e-03 7.637570e-01
      outer loop
         vertex -2.635291e+02 8.013149e+00 1.775531e+02
         vertex -2.644340e+02 -6.913915e+00 1.783811e+02
         vertex -2.635411e+02 -6.860810e+00 1.776263e+02
      endloop
   endfacet
   facet normal 6.463107e-01 -8.011600e-02 7.588570e-01
      outer loop
         vertex -2.635411e+02 -6.860810e+00 1.776263e+02
         vertex -2.644340e+02 -6.913915e+00 1.783811e+02
         vertex -2.641378e+02 -2.179305e+01 1.765580e+02
      endloop
   endfacet
   facet normal 6.453172e-01 -8.013659e-02 7.596998e-01
      outer loop
         vertex -2.635411e+02 -6.860810e+00 1.776263e+02
         vertex -2.641378e+02 -2.179305e+01 1.765580e+02
         vertex -2.632447e+02 -2.162562e+01 1.758170e+02
      endloop
   endfacet
   facet normal 6.478933e-01 -1.623267e-01 7.442341e-01
      outer loop
         vertex -2.632447e+02 -2.162562e+01 1.758170e+02
         vertex -2.641378e+02 -2.179305e+01 1.765580e+02
         vertex -2.635382e+02 -3.632411e+01 1.728666e+02
      endloop
   endfacet
   facet normal 6.458886e-01 -1.626230e-01 7.459100e-01
      outer loop
         vertex -2.632447e+02 -2.162562e+01 1.758170e+02
         vertex -2.635382e+02 -3.632411e+01 1.728666e+02
         vertex -2.626445e+02 -3.604488e+01 1.721536e+02
      endloop
   endfacet
   facet normal 6.501911e-01 -2.423371e-01 7.200863e-01
      outer loop
         vertex -2.626445e+02 -3.604488e+01 1.721536e+02
         vertex -2.635382e+02 -3.632411e+01 1.728666e+02
         vertex -2.626446e+02 -5.027418e+01 1.673650e+02
      endloop
   endfacet
   facet normal 6.472220e-01 -2.431443e-01 7.224849e-01
      outer loop
         vertex -2.626445e+02 -3.604488e+01 1.721536e+02
         vertex -2.626446e+02 -5.027418e+01 1.673650e+02
         vertex -2.617500e+02 -4.988741e+01 1.666938e+02
      endloop
   endfacet
   facet normal 6.531904e-01 -3.191091e-01 6.866671e-01
      outer loop
         vertex -2.617500e+02 -4.988741e+01 1.666938e+02
         vertex -2.626446e+02 -5.027418e+01 1.673650e+02
         vertex -2.614712e+02 -6.341921e+01 1.601400e+02
      endloop
   endfacet
   facet normal 6.492919e-01 -3.206331e-01 6.896480e-01
      outer loop
         vertex -2.617500e+02 -4.988741e+01 1.666938e+02
         vertex -2.614712e+02 -6.341921e+01 1.601400e+02
         vertex -2.605754e+02 -6.293080e+01 1.595238e+02
      endloop
   endfacet
   facet normal 6.568409e-01 -3.916338e-01 6.443470e-01
      outer loop
         vertex -2.605754e+02 -6.293080e+01 1.595238e+02
         vertex -2.614712e+02 -6.341921e+01 1.601400e+02
         vertex -2.600366e+02 -7.554746e+01 1.513060e+02
      endloop
   endfacet
   facet normal 6.521319e-01 -3.940037e-01 6.476767e-01
      outer loop
         vertex -2.605754e+02 -6.293080e+01 1.595238e+02
         vertex -2.600366e+02 -7.554746e+01 1.513060e+02
         vertex -2.591395e+02 -7.496490e+01 1.507572e+02
      endloop
   endfacet
   facet normal 6.611520e-01 -4.588923e-01 5.935451e-01
      outer loop
         vertex -2.591395e+02 -7.496490e+01 1.507572e+02
         vertex -2.600366e+02 -7.554746e+01 1.513060e+02
         vertex -2.583637e+02 -8.646297e+01 1.410034e+02
      endloop
   endfacet
   facet normal 6.556890e-01 -4.622096e-01 5.970211e-01
      outer loop
         vertex -2.591395e+02 -7.496490e+01 1.507572e+02
         vertex -2.583637e+02 -8.646297e+01 1.410034e+02
         vertex -2.574650e+02 -8.579521e+01 1.405334e+02
      endloop
   endfacet
   facet normal 6.660528e-01 -5.199331e-01 5.348300e-01
      outer loop
         vertex -2.574650e+02 -8.579521e+01 1.405334e+02
         vertex -2.583637e+02 -8.646297e+01 1.410034e+02
         vertex -2.564792e+02 -9.598863e+01 1.293963e+02
      endloop
   endfacet
   facet normal 6.599645e-01 -5.242029e-01 5.381991e-01
      outer loop
         vertex -2.574650e+02 -8.579521e+01 1.405334e+02
         vertex -2.564792e+02 -9.598863e+01 1.293963e+02
         vertex -2.555787e+02 -9.524602e+01 1.290153e+02
      endloop
   endfacet
   facet normal 6.715236e-01 -5.738024e-01 4.688356e-01
      outer loop
         vertex -2.555787e+02 -9.524602e+01 1.290153e+02
         vertex -2.564792e+02 -9.598863e+01 1.293963e+02
         vertex -2.544135e+02 -1.039692e+02 1.166701e+02
      endloop
   endfacet
   facet normal 6.649109e-01 -5.789879e-01 4.718756e-01
      outer loop
         vertex -2.555787e+02 -9.524602e+01 1.290153e+02
         vertex -2.544135e+02 -1.039692e+02 1.166701e+02
         vertex -2.535110e+02 -1.031633e+02 1.163872e+02
      endloop
   endfacet
   facet normal 6.775005e-01 -6.196104e-01 3.963282e-01
      outer loop
         vertex -2.535110e+02 -1.031633e+02 1.163872e+02
         vertex -2.544135e+02 -1.039692e+02 1.166701e+02
         vertex -2.521998e+02 -1.102737e+02 1.030296e+02
      endloop
   endfacet
   facet normal 6.704602e-01 -6.256275e-01 3.988401e-01
      outer loop
         vertex -2.535110e+02 -1.031633e+02 1.163872e+02
         vertex -2.521998e+02 -1.102737e+02 1.030296e+02
         vertex -2.512950e+02 -1.094172e+02 1.028522e+02
      endloop
   endfacet
   facet normal 7.872089e-01 5.017776e-01 3.584988e-01
      outer loop
         vertex -2.505456e+02 1.084378e+02 1.026017e+02
         vertex -2.533482e+02 1.036957e+02 1.153931e+02
         vertex -2.525961e+02 1.027727e+02 1.150335e+02
      endloop
   endfacet
   facet normal 7.774725e-01 4.712560e-01 4.164785e-01
      outer loop
         vertex -2.525961e+02 1.027727e+02 1.150335e+02
         vertex -2.533482e+02 1.036957e+02 1.153931e+02
         vertex -2.554278e+02 9.590229e+01 1.280936e+02
      endloop
   endfacet
   facet normal 7.816509e-01 4.659682e-01 4.146028e-01
      outer loop
         vertex -2.525961e+02 1.027727e+02 1.150335e+02
         vertex -2.554278e+02 9.590229e+01 1.280936e+02
         vertex -2.546730e+02 9.505341e+01 1.276247e+02
      endloop
   endfacet
   facet normal 7.724041e-01 4.270990e-01 4.700833e-01
      outer loop
         vertex -2.546730e+02 9.505341e+01 1.276247e+02
         vertex -2.554278e+02 9.590229e+01 1.280936e+02
         vertex -2.573284e+02 8.656585e+01 1.396992e+02
      endloop
   endfacet
   facet normal 7.762921e-01 4.225771e-01 4.677597e-01
      outer loop
         vertex -2.546730e+02 9.505341e+01 1.276247e+02
         vertex -2.573284e+02 8.656585e+01 1.396992e+02
         vertex -2.565712e+02 8.580348e+01 1.391314e+02
      endloop
   endfacet
   facet normal 7.679782e-01 3.771701e-01 5.176410e-01
      outer loop
         vertex -2.565712e+02 8.580348e+01 1.391314e+02
         vertex -2.573284e+02 8.656585e+01 1.396992e+02
         vertex -2.590195e+02 7.583836e+01 1.500245e+02
      endloop
   endfacet
   facet normal 7.715126e-01 3.734768e-01 5.150567e-01
      outer loop
         vertex -2.565712e+02 8.580348e+01 1.391314e+02
         vertex -2.590195e+02 7.583836e+01 1.500245e+02
         vertex -2.582603e+02 7.517342e+01 1.493696e+02
      endloop
   endfacet
   facet normal 7.642490e-01 3.222626e-01 5.586325e-01
      outer loop
         vertex -2.582603e+02 7.517342e+01 1.493696e+02
         vertex -2.590195e+02 7.583836e+01 1.500245e+02
         vertex -2.604741e+02 6.389359e+01 1.589053e+02
      endloop
   endfacet
   facet normal 7.673218e-01 3.194562e-01 5.560261e-01
      outer loop
         vertex -2.582603e+02 7.517342e+01 1.493696e+02
         vertex -2.604741e+02 6.389359e+01 1.589053e+02
         vertex -2.597133e+02 6.333549e+01 1.581760e+02
      endloop
   endfacet
   facet normal 7.612125e-01 2.632344e-01 5.926746e-01
      outer loop
         vertex -2.597133e+02 6.333549e+01 1.581760e+02
         vertex -2.604741e+02 6.389359e+01 1.589053e+02
         vertex -2.616692e+02 5.092420e+01 1.662005e+02
      endloop
   endfacet
   facet normal 7.637743e-01 2.612610e-01 5.902470e-01
      outer loop
         vertex -2.597133e+02 6.333549e+01 1.581760e+02
         vertex -2.616692e+02 5.092420e+01 1.662005e+02
         vertex -2.609070e+02 5.048076e+01 1.654105e+02
      endloop
   endfacet
   facet normal 7.589094e-01 2.009090e-01 6.194289e-01
      outer loop
         vertex -2.609070e+02 5.048076e+01 1.654105e+02
         vertex -2.616692e+02 5.092420e+01 1.662005e+02
         vertex -2.625856e+02 3.713874e+01 1.717946e+02
      endloop
   endfacet
   facet normal 7.609109e-01 1.996720e-01 6.173700e-01
      outer loop
         vertex -2.609070e+02 5.048076e+01 1.654105e+02
         vertex -2.625856e+02 3.713874e+01 1.717946e+02
         vertex -2.618224e+02 3.681609e+01 1.709582e+02
      endloop
   endfacet
   facet normal 7.573633e-01 1.361247e-01 6.386477e-01
      outer loop
         vertex -2.618224e+02 3.681609e+01 1.709582e+02
         vertex -2.625856e+02 3.713874e+01 1.717946e+02
         vertex -2.632089e+02 2.275830e+01 1.755988e+02
      endloop
   endfacet
   facet normal 7.587246e-01 1.355003e-01 6.371629e-01
      outer loop
         vertex -2.618224e+02 3.681609e+01 1.709582e+02
         vertex -2.632089e+02 2.275830e+01 1.755988e+02
         vertex -2.624450e+02 2.256090e+01 1.747311e+02
      endloop
   endfacet
   facet normal 7.565495e-01 6.974761e-02 6.502062e-01
      outer loop
         vertex -2.624450e+02 2.256090e+01 1.747311e+02
         vertex -2.632089e+02 2.275830e+01 1.755988e+02
         vertex -2.635291e+02 8.013149e+00 1.775531e+02
      endloop
   endfacet
   facet normal 7.572545e-01 6.954010e-02 6.494073e-01
      outer loop
         vertex -2.624450e+02 2.256090e+01 1.747311e+02
         vertex -2.635291e+02 8.013149e+00 1.775531e+02
         vertex -2.627648e+02 7.943700e+00 1.766693e+02
      endloop
   endfacet
   facet normal 7.564872e-01 2.606841e-03 6.540033e-01
      outer loop
         vertex -2.627648e+02 7.943700e+00 1.766693e+02
         vertex -2.635291e+02 8.013149e+00 1.775531e+02
         vertex -2.635411e+02 -6.860810e+00 1.776263e+02
      endloop
   endfacet
   facet normal 7.565047e-01 2.604609e-03 6.539830e-01
      outer loop
         vertex -2.627648e+02 7.943700e+00 1.766693e+02
         vertex -2.635411e+02 -6.860810e+00 1.776263e+02
         vertex -2.627768e+02 -6.801350e+00 1.767419e+02
      endloop
   endfacet
   facet normal 7.571605e-01 -6.445356e-02 6.500413e-01
      outer loop
         vertex -2.627768e+02 -6.801350e+00 1.767419e+02
         vertex -2.635411e+02 -6.860810e+00 1.776263e+02
         vertex -2.632447e+02 -2.162562e+01 1.758170e+02
      endloop
   endfacet
   facet normal 7.565148e-01 -6.447989e-02 6.507901e-01
      outer loop
         vertex -2.627768e+02 -6.801350e+00 1.767419e+02
         vertex -2.632447e+02 -2.162562e+01 1.758170e+02
         vertex -2.624807e+02 -2.143805e+01 1.749475e+02
      endloop
   endfacet
   facet normal 7.585874e-01 -1.306045e-01 6.383476e-01
      outer loop
         vertex -2.624807e+02 -2.143805e+01 1.749475e+02
         vertex -2.632447e+02 -2.162562e+01 1.758170e+02
         vertex -2.626445e+02 -3.604488e+01 1.721536e+02
      endloop
   endfacet
   facet normal 7.572517e-01 -1.308817e-01 6.398749e-01
      outer loop
         vertex -2.624807e+02 -2.143805e+01 1.749475e+02
         vertex -2.626445e+02 -3.604488e+01 1.721536e+02
         vertex -2.618811e+02 -3.573178e+01 1.713143e+02
      endloop
   endfacet
   facet normal 7.607141e-01 -1.950308e-01 6.190937e-01
      outer loop
         vertex -2.618811e+02 -3.573178e+01 1.713143e+02
         vertex -2.626445e+02 -3.604488e+01 1.721536e+02
         vertex -2.617500e+02 -4.988741e+01 1.666938e+02
      endloop
   endfacet
   facet normal 7.587423e-01 -1.957623e-01 6.212787e-01
      outer loop
         vertex -2.618811e+02 -3.573178e+01 1.713143e+02
         vertex -2.617500e+02 -4.988741e+01 1.666938e+02
         vertex -2.609877e+02 -4.945308e+01 1.658996e+02
      endloop
   endfacet
   facet normal 7.635467e-01 -2.569122e-01 5.924463e-01
      outer loop
         vertex -2.609877e+02 -4.945308e+01 1.658996e+02
         vertex -2.617500e+02 -4.988741e+01 1.666938e+02
         vertex -2.605754e+02 -6.293080e+01 1.595238e+02
      endloop
   endfacet
   facet normal 7.609750e-01 -2.582732e-01 5.951571e-01
      outer loop
         vertex -2.609877e+02 -4.945308e+01 1.658996e+02
         vertex -2.605754e+02 -6.293080e+01 1.595238e+02
         vertex -2.598145e+02 -6.238125e+01 1.587893e+02
      endloop
   endfacet
   facet normal 7.670544e-01 -3.154539e-01 5.586738e-01
      outer loop
         vertex -2.598145e+02 -6.238125e+01 1.587893e+02
         vertex -2.605754e+02 -6.293080e+01 1.595238e+02
         vertex -2.591395e+02 -7.496490e+01 1.507572e+02
      endloop
   endfacet
   facet normal 7.639241e-01 -3.175838e-01 5.617477e-01
      outer loop
         vertex -2.598145e+02 -6.238125e+01 1.587893e+02
         vertex -2.591395e+02 -7.496490e+01 1.507572e+02
         vertex -2.583802e+02 -7.430782e+01 1.500961e+02
      endloop
   endfacet
   facet normal 7.711934e-01 -3.698738e-01 5.181256e-01
      outer loop
         vertex -2.583802e+02 -7.430782e+01 1.500961e+02
         vertex -2.591395e+02 -7.496490e+01 1.507572e+02
         vertex -2.574650e+02 -8.579521e+01 1.405334e+02
      endloop
   endfacet
   facet normal 7.676059e-01 -3.728253e-01 5.213277e-01
      outer loop
         vertex -2.583802e+02 -7.430782e+01 1.500961e+02
         vertex -2.574650e+02 -8.579521e+01 1.405334e+02
         vertex -2.567077e+02 -8.503989e+01 1.399585e+02
      endloop
   endfacet
   facet normal 7.759629e-01 -4.193712e-01 4.711788e-01
      outer loop
         vertex -2.567077e+02 -8.503989e+01 1.399585e+02
         vertex -2.574650e+02 -8.579521e+01 1.405334e+02
         vertex -2.555787e+02 -9.524602e+01 1.290153e+02
      endloop
   endfacet
   facet normal 7.719641e-01 -4.231870e-01 4.743250e-01
      outer loop
         vertex -2.567077e+02 -8.503989e+01 1.399585e+02
         vertex -2.555787e+02 -9.524602e+01 1.290153e+02
         vertex -2.548238e+02 -9.440329e+01 1.285385e+02
      endloop
   endfacet
   facet normal 7.812923e-01 -4.632150e-01 4.183471e-01
      outer loop
         vertex -2.548238e+02 -9.440329e+01 1.285385e+02
         vertex -2.555787e+02 -9.524602e+01 1.290153e+02
         vertex -2.535110e+02 -1.031633e+02 1.163872e+02
      endloop
   endfacet
   facet normal 7.769594e-01 -4.678655e-01 4.212316e-01
      outer loop
         vertex -2.548238e+02 -9.440329e+01 1.285385e+02
         vertex -2.535110e+02 -1.031633e+02 1.163872e+02
         vertex -2.527586e+02 -1.022455e+02 1.160190e+02
      endloop
   endfacet
   facet normal 7.871279e-01 -5.006792e-01 3.602083e-01
      outer loop
         vertex -2.527586e+02 -1.022455e+02 1.160190e+02
         vertex -2.535110e+02 -1.031633e+02 1.163872e+02
         vertex -2.512950e+02 -1.094172e+02 1.028522e+02
      endloop
   endfacet
   facet normal 7.825817e-01 -5.060358e-01 3.626206e-01
      outer loop
         vertex -2.527586e+02 -1.022455e+02 1.160190e+02
         vertex -2.512950e+02 -1.094172e+02 1.028522e+02
         vertex -2.505456e+02 -1.084378e+02 1.026017e+02
      endloop
   endfacet
   facet normal 8.753052e-01 3.687052e-01 3.128853e-01
      outer loop
         vertex -2.499727e+02 1.073629e+02 1.022853e+02
         vertex -2.525961e+02 1.027727e+02 1.150335e+02
         vertex -2.520152e+02 1.017621e+02 1.145993e+02
      endloop
   endfacet
   facet normal 8.681597e-01 3.462902e-01 3.555024e-01
      outer loop
         vertex -2.520152e+02 1.017621e+02 1.145993e+02
         vertex -2.525961e+02 1.027727e+02 1.150335e+02
         vertex -2.546730e+02 9.505341e+01 1.276247e+02
      endloop
   endfacet
   facet normal 8.704631e-01 3.421734e-01 3.538521e-01
      outer loop
         vertex -2.520152e+02 1.017621e+02 1.145993e+02
         vertex -2.546730e+02 9.505341e+01 1.276247e+02
         vertex -2.540844e+02 9.412626e+01 1.270733e+02
      endloop
   endfacet
   facet normal 8.636732e-01 3.136299e-01 3.945947e-01
      outer loop
         vertex -2.540844e+02 9.412626e+01 1.270733e+02
         vertex -2.546730e+02 9.505341e+01 1.276247e+02
         vertex -2.565712e+02 8.580348e+01 1.391314e+02
      endloop
   endfacet
   facet normal 8.658481e-01 3.101043e-01 3.926098e-01
      outer loop
         vertex -2.540844e+02 9.412626e+01 1.270733e+02
         vertex -2.565712e+02 8.580348e+01 1.391314e+02
         vertex -2.559757e+02 8.497258e+01 1.384743e+02
      endloop
   endfacet
   facet normal 8.597470e-01 2.767812e-01 4.292171e-01
      outer loop
         vertex -2.559757e+02 8.497258e+01 1.384743e+02
         vertex -2.565712e+02 8.580348e+01 1.391314e+02
         vertex -2.582603e+02 7.517342e+01 1.493696e+02
      endloop
   endfacet
   facet normal 8.617223e-01 2.739383e-01 4.270744e-01
      outer loop
         vertex -2.559757e+02 8.497258e+01 1.384743e+02
         vertex -2.582603e+02 7.517342e+01 1.493696e+02
         vertex -2.576587e+02 7.445008e+01 1.486197e+02
      endloop
   endfacet
   facet normal 8.563951e-01 2.363726e-01 4.590376e-01
      outer loop
         vertex -2.576587e+02 7.445008e+01 1.486197e+02
         vertex -2.582603e+02 7.517342e+01 1.493696e+02
         vertex -2.597133e+02 6.333549e+01 1.581760e+02
      endloop
   endfacet
   facet normal 8.581428e-01 2.341974e-01 4.568834e-01
      outer loop
         vertex -2.576587e+02 7.445008e+01 1.486197e+02
         vertex -2.597133e+02 6.333549e+01 1.581760e+02
         vertex -2.591066e+02 6.272934e+01 1.573472e+02
      endloop
   endfacet
   facet normal 8.536643e-01 1.929794e-01 4.837522e-01
      outer loop
         vertex -2.591066e+02 6.272934e+01 1.573472e+02
         vertex -2.597133e+02 6.333549e+01 1.581760e+02
         vertex -2.609070e+02 5.048076e+01 1.654105e+02
      endloop
   endfacet
   facet normal 8.551180e-01 1.914682e-01 4.817812e-01
      outer loop
         vertex -2.591066e+02 6.272934e+01 1.573472e+02
         vertex -2.609070e+02 5.048076e+01 1.654105e+02
         vertex -2.602962e+02 4.999975e+01 1.645176e+02
      endloop
   endfacet
   facet normal 8.515529e-01 1.472355e-01 5.031694e-01
      outer loop
         vertex -2.602962e+02 4.999975e+01 1.645176e+02
         vertex -2.609070e+02 5.048076e+01 1.654105e+02
         vertex -2.618224e+02 3.681609e+01 1.709582e+02
      endloop
   endfacet
   facet normal 8.526979e-01 1.462891e-01 5.015035e-01
      outer loop
         vertex -2.602962e+02 4.999975e+01 1.645176e+02
         vertex -2.618224e+02 3.681609e+01 1.709582e+02
         vertex -2.612085e+02 3.646646e+01 1.700164e+02
      endloop
   endfacet
   facet normal 8.500990e-01 9.973112e-02 5.170932e-01
      outer loop
         vertex -2.612085e+02 3.646646e+01 1.700164e+02
         vertex -2.618224e+02 3.681609e+01 1.709582e+02
         vertex -2.624450e+02 2.256090e+01 1.747311e+02
      endloop
   endfacet
   facet normal 8.508777e-01 9.925804e-02 5.159022e-01
      outer loop
         vertex -2.612085e+02 3.646646e+01 1.700164e+02
         vertex -2.624450e+02 2.256090e+01 1.747311e+02
         vertex -2.618290e+02 2.234713e+01 1.737563e+02
      endloop
   endfacet
   facet normal 8.492845e-01 5.109147e-02 5.254574e-01
      outer loop
         vertex -2.618290e+02 2.234713e+01 1.737563e+02
         vertex -2.624450e+02 2.256090e+01 1.747311e+02
         vertex -2.627648e+02 7.943700e+00 1.766693e+02
      endloop
   endfacet
   facet normal 8.497039e-01 5.093017e-02 5.247946e-01
      outer loop
         vertex -2.618290e+02 2.234713e+01 1.737563e+02
         vertex -2.627648e+02 7.943700e+00 1.766693e+02
         vertex -2.621477e+02 7.868519e+00 1.756775e+02
      endloop
   endfacet
   facet normal 8.491421e-01 1.909972e-03 5.281610e-01
      outer loop
         vertex -2.621477e+02 7.868519e+00 1.756775e+02
         vertex -2.627648e+02 7.943700e+00 1.766693e+02
         vertex -2.627768e+02 -6.801350e+00 1.767419e+02
      endloop
   endfacet
   facet normal 8.491633e-01 1.906597e-03 5.281270e-01
      outer loop
         vertex -2.621477e+02 7.868519e+00 1.756775e+02
         vertex -2.627768e+02 -6.801350e+00 1.767419e+02
         vertex -2.621597e+02 -6.736984e+00 1.757494e+02
      endloop
   endfacet
   facet normal 8.496436e-01 -4.720426e-02 5.252405e-01
      outer loop
         vertex -2.621597e+02 -6.736984e+00 1.757494e+02
         vertex -2.627768e+02 -6.801350e+00 1.767419e+02
         vertex -2.624807e+02 -2.143805e+01 1.749475e+02
      endloop
   endfacet
   facet normal 8.492466e-01 -4.723047e-02 5.258798e-01
      outer loop
         vertex -2.621597e+02 -6.736984e+00 1.757494e+02
         vertex -2.624807e+02 -2.143805e+01 1.749475e+02
         vertex -2.618645e+02 -2.123495e+01 1.739707e+02
      endloop
   endfacet
   facet normal 8.507649e-01 -9.566743e-02 5.167658e-01
      outer loop
         vertex -2.618645e+02 -2.123495e+01 1.739707e+02
         vertex -2.624807e+02 -2.143805e+01 1.749475e+02
         vertex -2.618811e+02 -3.573178e+01 1.713143e+02
      endloop
   endfacet
   facet normal 8.500131e-01 -9.588561e-02 5.179611e-01
      outer loop
         vertex -2.618645e+02 -2.123495e+01 1.739707e+02
         vertex -2.618811e+02 -3.573178e+01 1.713143e+02
         vertex -2.612671e+02 -3.539253e+01 1.703694e+02
      endloop
   endfacet
   facet normal 8.525493e-01 -1.428763e-01 5.027385e-01
      outer loop
         vertex -2.612671e+02 -3.539253e+01 1.703694e+02
         vertex -2.618811e+02 -3.573178e+01 1.713143e+02
         vertex -2.609877e+02 -4.945308e+01 1.658996e+02
      endloop
   endfacet
   facet normal 8.514035e-01 -1.434623e-01 5.045102e-01
      outer loop
         vertex -2.612671e+02 -3.539253e+01 1.703694e+02
         vertex -2.609877e+02 -4.945308e+01 1.658996e+02
         vertex -2.603766e+02 -4.898201e+01 1.650024e+02
      endloop
   endfacet
   facet normal 8.549240e-01 -1.882722e-01 4.833824e-01
      outer loop
         vertex -2.603766e+02 -4.898201e+01 1.650024e+02
         vertex -2.609877e+02 -4.945308e+01 1.658996e+02
         vertex -2.598145e+02 -6.238125e+01 1.587893e+02
      endloop
   endfacet
   facet normal 8.534527e-01 -1.893433e-01 4.855591e-01
      outer loop
         vertex -2.603766e+02 -4.898201e+01 1.650024e+02
         vertex -2.598145e+02 -6.238125e+01 1.587893e+02
         vertex -2.592075e+02 -6.178446e+01 1.579551e+02
      endloop
   endfacet
   facet normal 8.579087e-01 -2.312559e-01 4.588173e-01
      outer loop
         vertex -2.592075e+02 -6.178446e+01 1.579551e+02
         vertex -2.598145e+02 -6.238125e+01 1.587893e+02
         vertex -2.583802e+02 -7.430782e+01 1.500961e+02
      endloop
   endfacet
   facet normal 8.561267e-01 -2.329277e-01 4.612936e-01
      outer loop
         vertex -2.592075e+02 -6.178446e+01 1.579551e+02
         vertex -2.583802e+02 -7.430782e+01 1.500961e+02
         vertex -2.577782e+02 -7.359312e+01 1.493397e+02
      endloop
   endfacet
   facet normal 8.614572e-01 -2.712737e-01 4.293041e-01
      outer loop
         vertex -2.577782e+02 -7.359312e+01 1.493397e+02
         vertex -2.583802e+02 -7.430782e+01 1.500961e+02
         vertex -2.567077e+02 -8.503989e+01 1.399585e+02
      endloop
   endfacet
   facet normal 8.594182e-01 -2.735983e-01 4.319079e-01
      outer loop
         vertex -2.577782e+02 -7.359312e+01 1.493397e+02
         vertex -2.567077e+02 -8.503989e+01 1.399585e+02
         vertex -2.561117e+02 -8.421682e+01 1.392939e+02
      endloop
   endfacet
   facet normal 8.655490e-01 -3.077490e-01 3.951144e-01
      outer loop
         vertex -2.561117e+02 -8.421682e+01 1.392939e+02
         vertex -2.567077e+02 -8.503989e+01 1.399585e+02
         vertex -2.548238e+02 -9.440329e+01 1.285385e+02
      endloop
   endfacet
   facet normal 8.632932e-01 -3.107534e-01 3.976898e-01
      outer loop
         vertex -2.561117e+02 -8.421682e+01 1.392939e+02
         vertex -2.548238e+02 -9.440329e+01 1.285385e+02
         vertex -2.542346e+02 -9.348301e+01 1.279786e+02
      endloop
   endfacet
   facet normal 8.701409e-01 -3.401393e-01 3.565952e-01
      outer loop
         vertex -2.542346e+02 -9.348301e+01 1.279786e+02
         vertex -2.548238e+02 -9.440329e+01 1.285385e+02
         vertex -2.527586e+02 -1.022455e+02 1.160190e+02
      endloop
   endfacet
   facet normal 8.677377e-01 -3.437717e-01 3.589600e-01
      outer loop
         vertex -2.542346e+02 -9.348301e+01 1.279786e+02
         vertex -2.527586e+02 -1.022455e+02 1.160190e+02
         vertex -2.521772e+02 -1.012407e+02 1.155756e+02
      endloop
   endfacet
   facet normal 8.752071e-01 -3.678752e-01 3.141344e-01
      outer loop
         vertex -2.521772e+02 -1.012407e+02 1.155756e+02
         vertex -2.527586e+02 -1.022455e+02 1.160190e+02
         vertex -2.505456e+02 -1.084378e+02 1.026017e+02
      endloop
   endfacet
   facet normal 8.726908e-01 -3.720946e-01 3.161586e-01
      outer loop
         vertex -2.521772e+02 -1.012407e+02 1.155756e+02
         vertex -2.505456e+02 -1.084378e+02 1.026017e+02
         vertex -2.499727e+02 -1.073629e+02 1.022853e+02
      endloop
   endfacet
   facet normal 9.393131e-01 2.253979e-01 2.586248e-01
      outer loop
         vertex -2.495923e+02 1.062229e+02 1.019118e+02
         vertex -2.520152e+02 1.017621e+02 1.145993e+02
         vertex -2.516217e+02 1.006919e+02 1.141026e+02
      endloop
   endfacet
   facet normal 9.349538e-01 2.117016e-01 2.846821e-01
      outer loop
         vertex -2.516217e+02 1.006919e+02 1.141026e+02
         vertex -2.520152e+02 1.017621e+02 1.145993e+02
         vertex -2.540844e+02 9.412626e+01 1.270733e+02
      endloop
   endfacet
   facet normal 9.358880e-01 2.090922e-01 2.835386e-01
      outer loop
         vertex -2.516217e+02 1.006919e+02 1.141026e+02
         vertex -2.540844e+02 9.412626e+01 1.270733e+02
         vertex -2.536778e+02 9.314573e+01 1.264541e+02
      endloop
   endfacet
   facet normal 9.317391e-01 1.916500e-01 3.084355e-01
      outer loop
         vertex -2.536778e+02 9.314573e+01 1.264541e+02
         vertex -2.540844e+02 9.412626e+01 1.270733e+02
         vertex -2.559757e+02 8.497258e+01 1.384743e+02
      endloop
   endfacet
   facet normal 9.326354e-01 1.894282e-01 3.070962e-01
      outer loop
         vertex -2.536778e+02 9.314573e+01 1.264541e+02
         vertex -2.559757e+02 8.497258e+01 1.384743e+02
         vertex -2.555574e+02 8.409499e+01 1.377452e+02
      endloop
   endfacet
   facet normal 9.289089e-01 1.690735e-01 3.294576e-01
      outer loop
         vertex -2.555574e+02 8.409499e+01 1.377452e+02
         vertex -2.559757e+02 8.497258e+01 1.384743e+02
         vertex -2.576587e+02 7.445008e+01 1.486197e+02
      endloop
   endfacet
   facet normal 9.297352e-01 1.672891e-01 3.280347e-01
      outer loop
         vertex -2.555574e+02 8.409499e+01 1.377452e+02
         vertex -2.576587e+02 7.445008e+01 1.486197e+02
         vertex -2.572302e+02 7.368694e+01 1.477943e+02
      endloop
   endfacet
   facet normal 9.264822e-01 1.443472e-01 3.475553e-01
      outer loop
         vertex -2.572302e+02 7.368694e+01 1.477943e+02
         vertex -2.576587e+02 7.445008e+01 1.486197e+02
         vertex -2.591066e+02 6.272934e+01 1.573472e+02
      endloop
   endfacet
   facet normal 9.272284e-01 1.429760e-01 3.461292e-01
      outer loop
         vertex -2.572302e+02 7.368694e+01 1.477943e+02
         vertex -2.591066e+02 6.272934e+01 1.573472e+02
         vertex -2.586695e+02 6.209046e+01 1.564400e+02
      endloop
   endfacet
   facet normal 9.244949e-01 1.178141e-01 3.625315e-01
      outer loop
         vertex -2.586695e+02 6.209046e+01 1.564400e+02
         vertex -2.591066e+02 6.272934e+01 1.573472e+02
         vertex -2.602962e+02 4.999975e+01 1.645176e+02
      endloop
   endfacet
   facet normal 9.251361e-01 1.168433e-01 3.612075e-01
      outer loop
         vertex -2.586695e+02 6.209046e+01 1.564400e+02
         vertex -2.602962e+02 4.999975e+01 1.645176e+02
         vertex -2.598521e+02 4.949317e+01 1.635440e+02
      endloop
   endfacet
   facet normal 9.229607e-01 8.985069e-02 3.742597e-01
      outer loop
         vertex -2.598521e+02 4.949317e+01 1.635440e+02
         vertex -2.602962e+02 4.999975e+01 1.645176e+02
         vertex -2.612085e+02 3.646646e+01 1.700164e+02
      endloop
   endfacet
   facet normal 9.234539e-01 8.926387e-02 3.731820e-01
      outer loop
         vertex -2.598521e+02 4.949317e+01 1.635440e+02
         vertex -2.612085e+02 3.646646e+01 1.700164e+02
         vertex -2.607591e+02 3.609847e+01 1.689923e+02
      endloop
   endfacet
   facet normal 9.218685e-01 6.085532e-02 3.826946e-01
      outer loop
         vertex -2.607591e+02 3.609847e+01 1.689923e+02
         vertex -2.612085e+02 3.646646e+01 1.700164e+02
         vertex -2.618290e+02 2.234713e+01 1.737563e+02
      endloop
   endfacet
   facet normal 9.222118e-01 6.055812e-02 3.819138e-01
      outer loop
         vertex -2.607591e+02 3.609847e+01 1.689923e+02
         vertex -2.618290e+02 2.234713e+01 1.737563e+02
         vertex -2.613760e+02 2.212222e+01 1.726981e+02
      endloop
   endfacet
   facet normal 9.212400e-01 3.116931e-02 3.877440e-01
      outer loop
         vertex -2.613760e+02 2.212222e+01 1.726981e+02
         vertex -2.618290e+02 2.234713e+01 1.737563e+02
         vertex -2.621477e+02 7.868519e+00 1.756775e+02
      endloop
   endfacet
   facet normal 9.214195e-01 3.107200e-02 3.873250e-01
      outer loop
         vertex -2.613760e+02 2.212222e+01 1.726981e+02
         vertex -2.621477e+02 7.868519e+00 1.756775e+02
         vertex -2.616929e+02 7.789439e+00 1.746019e+02
      endloop
   endfacet
   facet normal 9.210769e-01 1.164319e-03 3.893790e-01
      outer loop
         vertex -2.616929e+02 7.789439e+00 1.746019e+02
         vertex -2.621477e+02 7.868519e+00 1.756775e+02
         vertex -2.621597e+02 -6.736984e+00 1.757494e+02
      endloop
   endfacet
   facet normal 9.210776e-01 1.164170e-03 3.893773e-01
      outer loop
         vertex -2.616929e+02 7.789439e+00 1.746019e+02
         vertex -2.621597e+02 -6.736984e+00 1.757494e+02
         vertex -2.617048e+02 -6.669279e+00 1.746732e+02
      endloop
   endfacet
   facet normal 9.213708e-01 -2.879918e-02 3.876164e-01
      outer loop
         vertex -2.617048e+02 -6.669279e+00 1.746732e+02
         vertex -2.621597e+02 -6.736984e+00 1.757494e+02
         vertex -2.618645e+02 -2.123495e+01 1.739707e+02
      endloop
   endfacet
   facet normal 9.212171e-01 -2.881504e-02 3.879803e-01
      outer loop
         vertex -2.617048e+02 -6.669279e+00 1.746732e+02
         vertex -2.618645e+02 -2.123495e+01 1.739707e+02
         vertex -2.614114e+02 -2.102127e+01 1.729106e+02
      endloop
   endfacet
   facet normal 9.221433e-01 -5.836306e-02 3.824206e-01
      outer loop
         vertex -2.614114e+02 -2.102127e+01 1.729106e+02
         vertex -2.618645e+02 -2.123495e+01 1.739707e+02
         vertex -2.612671e+02 -3.539253e+01 1.703694e+02
      endloop
   endfacet
   facet normal 9.217916e-01 -5.851232e-02 3.832447e-01
      outer loop
         vertex -2.614114e+02 -2.102127e+01 1.729106e+02
         vertex -2.612671e+02 -3.539253e+01 1.703694e+02
         vertex -2.608173e+02 -3.503546e+01 1.693421e+02
      endloop
   endfacet
   facet normal 9.233394e-01 -8.718790e-02 3.739554e-01
      outer loop
         vertex -2.608173e+02 -3.503546e+01 1.693421e+02
         vertex -2.612671e+02 -3.539253e+01 1.703694e+02
         vertex -2.603766e+02 -4.898201e+01 1.650024e+02
      endloop
   endfacet
   facet normal 9.228496e-01 -8.755256e-02 3.750776e-01
      outer loop
         vertex -2.608173e+02 -3.503546e+01 1.693421e+02
         vertex -2.603766e+02 -4.898201e+01 1.650024e+02
         vertex -2.599320e+02 -4.848592e+01 1.640243e+02
      endloop
   endfacet
   facet normal 9.249977e-01 -1.148962e-01 3.621851e-01
      outer loop
         vertex -2.599320e+02 -4.848592e+01 1.640243e+02
         vertex -2.603766e+02 -4.898201e+01 1.650024e+02
         vertex -2.592075e+02 -6.178446e+01 1.579551e+02
      endloop
   endfacet
   facet normal 9.243532e-01 -1.155815e-01 3.636099e-01
      outer loop
         vertex -2.599320e+02 -4.848592e+01 1.640243e+02
         vertex -2.592075e+02 -6.178446e+01 1.579551e+02
         vertex -2.587697e+02 -6.115548e+01 1.570422e+02
      endloop
   endfacet
   facet normal 9.270730e-01 -1.411638e-01 3.472874e-01
      outer loop
         vertex -2.587697e+02 -6.115548e+01 1.570422e+02
         vertex -2.592075e+02 -6.178446e+01 1.579551e+02
         vertex -2.577782e+02 -7.359312e+01 1.493397e+02
      endloop
   endfacet
   facet normal 9.263035e-01 -1.422260e-01 3.489035e-01
      outer loop
         vertex -2.587697e+02 -6.115548e+01 1.570422e+02
         vertex -2.577782e+02 -7.359312e+01 1.493397e+02
         vertex -2.573489e+02 -7.283918e+01 1.485074e+02
      endloop
   endfacet
   facet normal 9.295577e-01 -1.656382e-01 3.293728e-01
      outer loop
         vertex -2.573489e+02 -7.283918e+01 1.485074e+02
         vertex -2.577782e+02 -7.359312e+01 1.493397e+02
         vertex -2.561117e+02 -8.421682e+01 1.392939e+02
      endloop
   endfacet
   facet normal 9.286817e-01 -1.671233e-01 3.310892e-01
      outer loop
         vertex -2.573489e+02 -7.283918e+01 1.485074e+02
         vertex -2.561117e+02 -8.421682e+01 1.392939e+02
         vertex -2.556925e+02 -8.334756e+01 1.385569e+02
      endloop
   endfacet
   facet normal 9.324261e-01 -1.879803e-01 3.086179e-01
      outer loop
         vertex -2.556925e+02 -8.334756e+01 1.385569e+02
         vertex -2.561117e+02 -8.421682e+01 1.392939e+02
         vertex -2.542346e+02 -9.348301e+01 1.279786e+02
      endloop
   endfacet
   facet normal 9.314787e-01 -1.898823e-01 3.103096e-01
      outer loop
         vertex -2.556925e+02 -8.334756e+01 1.385569e+02
         vertex -2.542346e+02 -9.348301e+01 1.279786e+02
         vertex -2.538270e+02 -9.250985e+01 1.273507e+02
      endloop
   endfacet
   facet normal 9.356622e-01 -2.078354e-01 2.852029e-01
      outer loop
         vertex -2.538270e+02 -9.250985e+01 1.273507e+02
         vertex -2.542346e+02 -9.348301e+01 1.279786e+02
         vertex -2.521772e+02 -1.012407e+02 1.155756e+02
      endloop
   endfacet
   facet normal 9.346558e-01 -2.101665e-01 2.867903e-01
      outer loop
         vertex -2.538270e+02 -9.250985e+01 1.273507e+02
         vertex -2.521772e+02 -1.012407e+02 1.155756e+02
         vertex -2.517826e+02 -1.001768e+02 1.150693e+02
      endloop
   endfacet
   facet normal 9.392213e-01 -2.249005e-01 2.593897e-01
      outer loop
         vertex -2.517826e+02 -1.001768e+02 1.150693e+02
         vertex -2.521772e+02 -1.012407e+02 1.155756e+02
         vertex -2.499727e+02 -1.073629e+02 1.022853e+02
      endloop
   endfacet
   facet normal 9.381931e-01 -2.275938e-01 2.607581e-01
      outer loop
         vertex -2.517826e+02 -1.001768e+02 1.150693e+02
         vertex -2.499727e+02 -1.073629e+02 1.022853e+02
         vertex -2.495923e+02 -1.062229e+02 1.019118e+02
      endloop
   endfacet
   facet normal 9.774195e-01 7.585907e-02 1.972221e-01
      outer loop
         vertex -2.494153e+02 1.050499e+02 1.014918e+02
         vertex -2.516217e+02 1.006919e+02 1.141026e+02
         vertex -2.514262e+02 9.959138e+01 1.135570e+02
      endloop
   endfacet
   facet normal 9.759559e-01 7.125030e-02 2.059937e-01
      outer loop
         vertex -2.514262e+02 9.959138e+01 1.135570e+02
         vertex -2.516217e+02 1.006919e+02 1.141026e+02
         vertex -2.536778e+02 9.314573e+01 1.264541e+02
      endloop
   endfacet
   facet normal 9.761112e-01 7.034577e-02 2.055687e-01
      outer loop
         vertex -2.514262e+02 9.959138e+01 1.135570e+02
         vertex -2.536778e+02 9.314573e+01 1.264541e+02
         vertex -2.534640e+02 9.213815e+01 1.257838e+02
      endloop
   endfacet
   facet normal 9.747157e-01 6.447846e-02 2.139436e-01
      outer loop
         vertex -2.534640e+02 9.213815e+01 1.257838e+02
         vertex -2.536778e+02 9.314573e+01 1.264541e+02
         vertex -2.555574e+02 8.409499e+01 1.377452e+02
      endloop
   endfacet
   facet normal 9.748697e-01 6.372845e-02 2.134662e-01
      outer loop
         vertex -2.534640e+02 9.213815e+01 1.257838e+02
         vertex -2.555574e+02 8.409499e+01 1.377452e+02
         vertex -2.553272e+02 8.319372e+01 1.369631e+02
      endloop
   endfacet
   facet normal 9.736164e-01 5.688156e-02 2.209880e-01
      outer loop
         vertex -2.553272e+02 8.319372e+01 1.369631e+02
         vertex -2.555574e+02 8.409499e+01 1.377452e+02
         vertex -2.572302e+02 7.368694e+01 1.477943e+02
      endloop
   endfacet
   facet normal 9.737684e-01 5.626654e-02 2.204748e-01
      outer loop
         vertex -2.553272e+02 8.319372e+01 1.369631e+02
         vertex -2.572302e+02 7.368694e+01 1.477943e+02
         vertex -2.569857e+02 7.290365e+01 1.469144e+02
      endloop
   endfacet
   facet normal 9.726743e-01 4.854940e-02 2.270412e-01
      outer loop
         vertex -2.569857e+02 7.290365e+01 1.469144e+02
         vertex -2.572302e+02 7.368694e+01 1.477943e+02
         vertex -2.586695e+02 6.209046e+01 1.564400e+02
      endloop
   endfacet
   facet normal 9.728180e-01 4.807324e-02 2.265261e-01
      outer loop
         vertex -2.569857e+02 7.290365e+01 1.469144e+02
         vertex -2.586695e+02 6.209046e+01 1.564400e+02
         vertex -2.584129e+02 6.143501e+01 1.554773e+02
      endloop
   endfacet
   facet normal 9.718991e-01 3.961311e-02 2.320410e-01
      outer loop
         vertex -2.584129e+02 6.143501e+01 1.554773e+02
         vertex -2.586695e+02 6.209046e+01 1.564400e+02
         vertex -2.598521e+02 4.949317e+01 1.635440e+02
      endloop
   endfacet
   facet normal 9.720154e-01 3.930507e-02 2.316057e-01
      outer loop
         vertex -2.584129e+02 6.143501e+01 1.554773e+02
         vertex -2.598521e+02 4.949317e+01 1.635440e+02
         vertex -2.595856e+02 4.897365e+01 1.625139e+02
      endloop
   endfacet
   facet normal 9.712837e-01 3.022413e-02 2.359968e-01
      outer loop
         vertex -2.595856e+02 4.897365e+01 1.625139e+02
         vertex -2.598521e+02 4.949317e+01 1.635440e+02
         vertex -2.607591e+02 3.609847e+01 1.689923e+02
      endloop
   endfacet
   facet normal 9.713840e-01 3.002015e-02 2.356095e-01
      outer loop
         vertex -2.595856e+02 4.897365e+01 1.625139e+02
         vertex -2.607591e+02 3.609847e+01 1.689923e+02
         vertex -2.604852e+02 3.572118e+01 1.679112e+02
      endloop
   endfacet
   facet normal 9.708510e-01 2.046763e-02 2.388082e-01
      outer loop
         vertex -2.604852e+02 3.572118e+01 1.679112e+02
         vertex -2.607591e+02 3.609847e+01 1.689923e+02
         vertex -2.613760e+02 2.212222e+01 1.726981e+02
      endloop
   endfacet
   facet normal 9.709255e-01 2.035933e-02 2.385144e-01
      outer loop
         vertex -2.604852e+02 3.572118e+01 1.679112e+02
         vertex -2.613760e+02 2.212222e+01 1.726981e+02
         vertex -2.610971e+02 2.189168e+01 1.715825e+02
      endloop
   endfacet
   facet normal 9.705989e-01 1.047856e-02 2.404746e-01
      outer loop
         vertex -2.610971e+02 2.189168e+01 1.715825e+02
         vertex -2.613760e+02 2.212222e+01 1.726981e+02
         vertex -2.616929e+02 7.789439e+00 1.746019e+02
      endloop
   endfacet
   facet normal 9.706330e-01 1.044787e-02 2.403380e-01
      outer loop
         vertex -2.610971e+02 2.189168e+01 1.715825e+02
         vertex -2.616929e+02 7.789439e+00 1.746019e+02
         vertex -2.614114e+02 7.708383e+00 1.734686e+02
      endloop
   endfacet
   facet normal 9.705179e-01 3.921937e-04 2.410286e-01
      outer loop
         vertex -2.614114e+02 7.708383e+00 1.734686e+02
         vertex -2.616929e+02 7.789439e+00 1.746019e+02
         vertex -2.617048e+02 -6.669279e+00 1.746732e+02
      endloop
   endfacet
   facet normal 9.705197e-01 3.915511e-04 2.410214e-01
      outer loop
         vertex -2.614114e+02 7.708383e+00 1.734686e+02
         vertex -2.617048e+02 -6.669279e+00 1.746732e+02
         vertex -2.614232e+02 -6.599884e+00 1.735392e+02
      endloop
   endfacet
   facet normal 9.706184e-01 -9.684366e-03 2.404293e-01
      outer loop
         vertex -2.614232e+02 -6.599884e+00 1.735392e+02
         vertex -2.617048e+02 -6.669279e+00 1.746732e+02
         vertex -2.614114e+02 -2.102127e+01 1.729106e+02
      endloop
   endfacet
   facet normal 9.705837e-01 -9.690475e-03 2.405688e-01
      outer loop
         vertex -2.614232e+02 -6.599884e+00 1.735392e+02
         vertex -2.614114e+02 -2.102127e+01 1.729106e+02
         vertex -2.611322e+02 -2.080224e+01 1.717930e+02
      endloop
   endfacet
   facet normal 9.708951e-01 -1.962425e-02 2.386996e-01
      outer loop
         vertex -2.611322e+02 -2.080224e+01 1.717930e+02
         vertex -2.614114e+02 -2.102127e+01 1.729106e+02
         vertex -2.608173e+02 -3.503546e+01 1.693421e+02
      endloop
   endfacet
   facet normal 9.708290e-01 -1.967134e-02 2.389646e-01
      outer loop
         vertex -2.611322e+02 -2.080224e+01 1.717930e+02
         vertex -2.608173e+02 -3.503546e+01 1.693421e+02
         vertex -2.605430e+02 -3.466938e+01 1.682577e+02
      endloop
   endfacet
   facet normal 9.713494e-01 -2.931228e-02 2.358415e-01
      outer loop
         vertex -2.605430e+02 -3.466938e+01 1.682577e+02
         vertex -2.608173e+02 -3.503546e+01 1.693421e+02
         vertex -2.599320e+02 -4.848592e+01 1.640243e+02
      endloop
   endfacet
   facet normal 9.712416e-01 -2.944768e-02 2.362679e-01
      outer loop
         vertex -2.605430e+02 -3.466938e+01 1.682577e+02
         vertex -2.599320e+02 -4.848592e+01 1.640243e+02
         vertex -2.596650e+02 -4.797717e+01 1.629898e+02
      endloop
   endfacet
   facet normal 9.719643e-01 -3.864624e-02 2.319308e-01
      outer loop
         vertex -2.596650e+02 -4.797717e+01 1.629898e+02
         vertex -2.599320e+02 -4.848592e+01 1.640243e+02
         vertex -2.587697e+02 -6.115548e+01 1.570422e+02
      endloop
   endfacet
   facet normal 9.718372e-01 -3.887749e-02 2.324241e-01
      outer loop
         vertex -2.596650e+02 -4.797717e+01 1.629898e+02
         vertex -2.587697e+02 -6.115548e+01 1.570422e+02
         vertex -2.585123e+02 -6.051021e+01 1.560737e+02
      endloop
   endfacet
   facet normal 9.727518e-01 -4.748115e-02 2.269348e-01
      outer loop
         vertex -2.585123e+02 -6.051021e+01 1.560737e+02
         vertex -2.587697e+02 -6.115548e+01 1.570422e+02
         vertex -2.573489e+02 -7.283918e+01 1.485074e+02
      endloop
   endfacet
   facet normal 9.726007e-01 -4.784556e-02 2.275053e-01
      outer loop
         vertex -2.585123e+02 -6.051021e+01 1.560737e+02
         vertex -2.573489e+02 -7.283918e+01 1.485074e+02
         vertex -2.571034e+02 -7.206534e+01 1.476207e+02
      endloop
   endfacet
   facet normal 9.736955e-01 -5.572154e-02 2.209350e-01
      outer loop
         vertex -2.571034e+02 -7.206534e+01 1.476207e+02
         vertex -2.573489e+02 -7.283918e+01 1.485074e+02
         vertex -2.556925e+02 -8.334756e+01 1.385569e+02
      endloop
   endfacet
   facet normal 9.735301e-01 -5.622458e-02 2.215354e-01
      outer loop
         vertex -2.571034e+02 -7.206534e+01 1.476207e+02
         vertex -2.556925e+02 -8.334756e+01 1.385569e+02
         vertex -2.554612e+02 -8.245490e+01 1.377669e+02
      endloop
   endfacet
   facet normal 9.747896e-01 -6.324052e-02 2.139765e-01
      outer loop
         vertex -2.554612e+02 -8.245490e+01 1.377669e+02
         vertex -2.556925e+02 -8.334756e+01 1.385569e+02
         vertex -2.538270e+02 -9.250985e+01 1.273507e+02
      endloop
   endfacet
   facet normal 9.746122e-01 -6.390182e-02 2.145870e-01
      outer loop
         vertex -2.554612e+02 -8.245490e+01 1.377669e+02
         vertex -2.538270e+02 -9.250985e+01 1.273507e+02
         vertex -2.536119e+02 -9.150989e+01 1.266714e+02
      endloop
   endfacet
   facet normal 9.760199e-01 -6.994337e-02 2.061385e-01
      outer loop
         vertex -2.536119e+02 -9.150989e+01 1.266714e+02
         vertex -2.538270e+02 -9.250985e+01 1.273507e+02
         vertex -2.517826e+02 -1.001768e+02 1.150693e+02
      endloop
   endfacet
   facet normal 9.758466e-01 -7.072182e-02 2.066926e-01
      outer loop
         vertex -2.536119e+02 -9.150989e+01 1.266714e+02
         vertex -2.517826e+02 -1.001768e+02 1.150693e+02
         vertex -2.515856e+02 -9.908281e+01 1.145138e+02
      endloop
   endfacet
   facet normal 9.773826e-01 -7.567904e-02 1.974739e-01
      outer loop
         vertex -2.515856e+02 -9.908281e+01 1.145138e+02
         vertex -2.517826e+02 -1.001768e+02 1.150693e+02
         vertex -2.495923e+02 -1.062229e+02 1.019118e+02
      endloop
   endfacet
   facet normal 9.772106e-01 -7.660095e-02 1.979690e-01
      outer loop
         vertex -2.515856e+02 -9.908281e+01 1.145138e+02
         vertex -2.495923e+02 -1.062229e+02 1.019118e+02
         vertex -2.494153e+02 -1.050499e+02 1.014918e+02
      endloop
   endfacet
   facet normal 4.601006e-01 7.824152e-01 4.196830e-01
      outer loop
         vertex -2.285463e+02 1.677514e+02 -4.500000e+01
         vertex -2.286800e+02 1.678300e+02 -4.500000e+01
         vertex -2.300302e+02 1.674924e+02 -4.289042e+01
      endloop
   endfacet
   facet normal 5.821249e-01 7.221056e-01 3.737568e-01
      outer loop
         vertex -2.275282e+02 1.670038e+02 -4.500000e+01
         vertex -2.280211e+02 1.674012e+02 -4.500000e+01
         vertex -2.521998e+02 1.102737e+02 1.030296e+02
      endloop
   endfacet
   facet normal 5.480610e-01 7.463765e-01 3.775595e-01
      outer loop
         vertex -2.521998e+02 1.102737e+02 1.030296e+02
         vertex -2.280211e+02 1.674012e+02 -4.500000e+01
         vertex -2.532345e+02 1.109832e+02 1.031291e+02
      endloop
   endfacet
   facet normal 6.470469e-01 6.696856e-01 3.644880e-01
      outer loop
         vertex -2.275282e+02 1.670038e+02 -4.500000e+01
         vertex -2.521998e+02 1.102737e+02 1.030296e+02
         vertex -2.270711e+02 1.665622e+02 -4.500000e+01
      endloop
   endfacet
   facet normal 6.777976e-01 6.416247e-01 3.590378e-01
      outer loop
         vertex -2.270711e+02 1.665622e+02 -4.500000e+01
         vertex -2.521998e+02 1.102737e+02 1.030296e+02
         vertex -2.512950e+02 1.094172e+02 1.028522e+02
      endloop
   endfacet
   facet normal 7.074157e-01 6.125376e-01 3.526482e-01
      outer loop
         vertex -2.270711e+02 1.665622e+02 -4.500000e+01
         vertex -2.512950e+02 1.094172e+02 1.028522e+02
         vertex -2.266530e+02 1.660793e+02 -4.500000e+01
      endloop
   endfacet
   facet normal 7.885017e-01 5.188416e-01 3.302550e-01
      outer loop
         vertex -2.266530e+02 1.660793e+02 -4.500000e+01
         vertex -2.512950e+02 1.094172e+02 1.028522e+02
         vertex -2.505456e+02 1.084378e+02 1.026017e+02
      endloop
   endfacet
   facet normal 7.884990e-01 5.188451e-01 3.302560e-01
      outer loop
         vertex -2.266530e+02 1.660793e+02 -4.500000e+01
         vertex -2.505456e+02 1.084378e+02 1.026017e+02
         vertex -2.259453e+02 1.650039e+02 -4.500000e+01
      endloop
   endfacet
   facet normal 8.769744e-01 3.813941e-01 2.923259e-01
      outer loop
         vertex -2.259453e+02 1.650039e+02 -4.500000e+01
         vertex -2.505456e+02 1.084378e+02 1.026017e+02
         vertex -2.499727e+02 1.073629e+02 1.022853e+02
      endloop
   endfacet
   facet normal 8.769728e-01 3.813970e-01 2.923267e-01
      outer loop
         vertex -2.259453e+02 1.650039e+02 -4.500000e+01
         vertex -2.499727e+02 1.073629e+02 1.022853e+02
         vertex -2.254251e+02 1.638077e+02 -4.500000e+01
      endloop
   endfacet
   facet normal 9.407475e-01 2.332251e-01 2.461712e-01
      outer loop
         vertex -2.254251e+02 1.638077e+02 -4.500000e+01
         vertex -2.499727e+02 1.073629e+02 1.022853e+02
         vertex -2.495923e+02 1.062229e+02 1.019118e+02
      endloop
   endfacet
   facet normal 9.407498e-01 2.332182e-01 2.461689e-01
      outer loop
         vertex -2.254251e+02 1.638077e+02 -4.500000e+01
         vertex -2.495923e+02 1.062229e+02 1.019118e+02
         vertex -2.251070e+02 1.625246e+02 -4.500000e+01
      endloop
   endfacet
   facet normal 9.780394e-01 7.847619e-02 1.930813e-01
      outer loop
         vertex -2.251070e+02 1.625246e+02 -4.500000e+01
         vertex -2.495923e+02 1.062229e+02 1.019118e+02
         vertex -2.494153e+02 1.050499e+02 1.014918e+02
      endloop
   endfacet
   facet normal 9.780379e-01 7.848601e-02 1.930849e-01
      outer loop
         vertex -2.251070e+02 1.625246e+02 -4.500000e+01
         vertex -2.494153e+02 1.050499e+02 1.014918e+02
         vertex -2.250000e+02 1.611906e+02 -4.500000e+01
      endloop
   endfacet
   facet normal 4.149241e-02 9.306424e-01 3.635699e-01
      outer loop
         vertex -2.323025e+02 1.669244e+02 -4.031013e+01
         vertex -2.330291e+02 1.667427e+02 -3.976229e+01
         vertex -2.568133e+02 1.120532e+02 1.029427e+02
      endloop
   endfacet
   facet normal 1.245470e-01 9.192629e-01 3.734218e-01
      outer loop
         vertex -2.323025e+02 1.669244e+02 -4.031013e+01
         vertex -2.568133e+02 1.120532e+02 1.029427e+02
         vertex -2.315570e+02 1.671107e+02 -4.101761e+01
      endloop
   endfacet
   facet normal 5.130711e-01 7.694538e-01 3.803932e-01
      outer loop
         vertex -2.280211e+02 1.674012e+02 -4.500000e+01
         vertex -2.285463e+02 1.677514e+02 -4.500000e+01
         vertex -2.532345e+02 1.109832e+02 1.031291e+02
      endloop
   endfacet
   facet normal 4.028942e-01 8.301898e-01 3.853066e-01
      outer loop
         vertex -2.532345e+02 1.109832e+02 1.031291e+02
         vertex -2.285463e+02 1.677514e+02 -4.500000e+01
         vertex -2.300302e+02 1.674924e+02 -4.289042e+01
      endloop
   endfacet
   facet normal 4.028895e-01 8.301920e-01 3.853067e-01
      outer loop
         vertex -2.532345e+02 1.109832e+02 1.031291e+02
         vertex -2.300302e+02 1.674924e+02 -4.289042e+01
         vertex -2.543699e+02 1.115256e+02 1.031477e+02
      endloop
   endfacet
   facet normal 2.463622e-01 8.905668e-01 3.823565e-01
      outer loop
         vertex -2.543699e+02 1.115256e+02 1.031477e+02
         vertex -2.300302e+02 1.674924e+02 -4.289042e+01
         vertex -2.315570e+02 1.671107e+02 -4.101761e+01
      endloop
   endfacet
   facet normal 2.463662e-01 8.905656e-01 3.823567e-01
      outer loop
         vertex -2.543699e+02 1.115256e+02 1.031477e+02
         vertex -2.315570e+02 1.671107e+02 -4.101761e+01
         vertex -2.555741e+02 1.118856e+02 1.030850e+02
      endloop
   endfacet
   facet normal 8.289894e-02 9.258679e-01 3.686412e-01
      outer loop
         vertex -2.555741e+02 1.118856e+02 1.030850e+02
         vertex -2.315570e+02 1.671107e+02 -4.101761e+01
         vertex -2.568133e+02 1.120532e+02 1.029427e+02
      endloop
   endfacet
   facet normal -4.601075e-01 7.824093e-01 4.196865e-01
      outer loop
         vertex 2.300302e+02 1.674924e+02 -4.289042e+01
         vertex 2.286800e+02 1.678300e+02 -4.500000e+01
         vertex 2.285462e+02 1.677513e+02 -4.500000e+01
      endloop
   endfacet
   facet normal -8.289894e-02 9.258679e-01 3.686412e-01
      outer loop
         vertex 2.568133e+02 1.120532e+02 1.029427e+02
         vertex 2.330291e+02 1.667427e+02 -3.976229e+01
         vertex 2.555741e+02 1.118856e+02 1.030850e+02
      endloop
   endfacet
   facet normal -4.180202e-02 9.304881e-01 3.639293e-01
      outer loop
         vertex 2.555741e+02 1.118856e+02 1.030850e+02
         vertex 2.330291e+02 1.667427e+02 -3.976229e+01
         vertex 2.323025e+02 1.669244e+02 -4.031013e+01
      endloop
   endfacet
   facet normal -7.885017e-01 5.188416e-01 3.302551e-01
      outer loop
         vertex 2.512950e+02 1.094172e+02 1.028522e+02
         vertex 2.259453e+02 1.650039e+02 -4.500000e+01
         vertex 2.505456e+02 1.084378e+02 1.026017e+02
      endloop
   endfacet
   facet normal -8.769729e-01 3.813970e-01 2.923267e-01
      outer loop
         vertex 2.505456e+02 1.084378e+02 1.026017e+02
         vertex 2.259453e+02 1.650039e+02 -4.500000e+01
         vertex 2.254251e+02 1.638077e+02 -4.500000e+01
      endloop
   endfacet
   facet normal -8.769744e-01 3.813941e-01 2.923259e-01
      outer loop
         vertex 2.505456e+02 1.084378e+02 1.026017e+02
         vertex 2.254251e+02 1.638077e+02 -4.500000e+01
         vertex 2.499727e+02 1.073629e+02 1.022853e+02
      endloop
   endfacet
   facet normal -9.407498e-01 2.332182e-01 2.461689e-01
      outer loop
         vertex 2.499727e+02 1.073629e+02 1.022853e+02
         vertex 2.254251e+02 1.638077e+02 -4.500000e+01
         vertex 2.251070e+02 1.625246e+02 -4.500000e+01
      endloop
   endfacet
   facet normal -9.407475e-01 2.332251e-01 2.461712e-01
      outer loop
         vertex 2.499727e+02 1.073629e+02 1.022853e+02
         vertex 2.251070e+02 1.625246e+02 -4.500000e+01
         vertex 2.495923e+02 1.062229e+02 1.019118e+02
      endloop
   endfacet
   facet normal -9.780379e-01 7.848601e-02 1.930848e-01
      outer loop
         vertex 2.495923e+02 1.062229e+02 1.019118e+02
         vertex 2.251070e+02 1.625246e+02 -4.500000e+01
         vertex 2.250000e+02 1.611906e+02 -4.500000e+01
      endloop
   endfacet
   facet normal -9.780394e-01 7.847616e-02 1.930814e-01
      outer loop
         vertex 2.495923e+02 1.062229e+02 1.019118e+02
         vertex 2.250000e+02 1.611906e+02 -4.500000e+01
         vertex 2.494153e+02 1.050499e+02 1.014918e+02
      endloop
   endfacet
   facet normal -6.777976e-01 6.416247e-01 3.590378e-01
      outer loop
         vertex 2.521998e+02 1.102737e+02 1.030296e+02
         vertex 2.270711e+02 1.665622e+02 -4.500000e+01
         vertex 2.512950e+02 1.094172e+02 1.028522e+02
      endloop
   endfacet
   facet normal -7.074157e-01 6.125376e-01 3.526482e-01
      outer loop
         vertex 2.512950e+02 1.094172e+02 1.028522e+02
         vertex 2.270711e+02 1.665622e+02 -4.500000e+01
         vertex 2.266530e+02 1.660793e+02 -4.500000e+01
      endloop
   endfacet
   facet normal -7.884991e-01 5.188451e-01 3.302559e-01
      outer loop
         vertex 2.512950e+02 1.094172e+02 1.028522e+02
         vertex 2.266530e+02 1.660793e+02 -4.500000e+01
         vertex 2.259453e+02 1.650039e+02 -4.500000e+01
      endloop
   endfacet
   facet normal -1.241562e-01 9.194617e-01 3.730623e-01
      outer loop
         vertex 2.323025e+02 1.669244e+02 -4.031013e+01
         vertex 2.315570e+02 1.671107e+02 -4.101761e+01
         vertex 2.555741e+02 1.118856e+02 1.030850e+02
      endloop
   endfacet
   facet normal -2.463621e-01 8.905668e-01 3.823565e-01
      outer loop
         vertex 2.555741e+02 1.118856e+02 1.030850e+02
         vertex 2.315570e+02 1.671107e+02 -4.101761e+01
         vertex 2.300302e+02 1.674924e+02 -4.289042e+01
      endloop
   endfacet
   facet normal -2.463662e-01 8.905656e-01 3.823567e-01
      outer loop
         vertex 2.555741e+02 1.118856e+02 1.030850e+02
         vertex 2.300302e+02 1.674924e+02 -4.289042e+01
         vertex 2.543699e+02 1.115256e+02 1.031477e+02
      endloop
   endfacet
   facet normal -4.029044e-01 8.301849e-01 3.853064e-01
      outer loop
         vertex 2.543699e+02 1.115256e+02 1.031477e+02
         vertex 2.300302e+02 1.674924e+02 -4.289042e+01
         vertex 2.285462e+02 1.677513e+02 -4.500000e+01
      endloop
   endfacet
   facet normal -4.028896e-01 8.301921e-01 3.853066e-01
      outer loop
         vertex 2.543699e+02 1.115256e+02 1.031477e+02
         vertex 2.285462e+02 1.677513e+02 -4.500000e+01
         vertex 2.532345e+02 1.109832e+02 1.031291e+02
      endloop
   endfacet
   facet normal -5.130813e-01 7.694473e-01 3.803925e-01
      outer loop
         vertex 2.532345e+02 1.109832e+02 1.031291e+02
         vertex 2.285462e+02 1.677513e+02 -4.500000e+01
         vertex 2.280211e+02 1.674012e+02 -4.500000e+01
      endloop
   endfacet
   facet normal -5.480610e-01 7.463765e-01 3.775595e-01
      outer loop
         vertex 2.532345e+02 1.109832e+02 1.031291e+02
         vertex 2.280211e+02 1.674012e+02 -4.500000e+01
         vertex 2.521998e+02 1.102737e+02 1.030296e+02
      endloop
   endfacet
   facet normal -5.821249e-01 7.221056e-01 3.737568e-01
      outer loop
         vertex 2.521998e+02 1.102737e+02 1.030296e+02
         vertex 2.280211e+02 1.674012e+02 -4.500000e+01
         vertex 2.275282e+02 1.670038e+02 -4.500000e+01
      endloop
   endfacet
   facet normal -6.470469e-01 6.696856e-01 3.644880e-01
      outer loop
         vertex 2.521998e+02 1.102737e+02 1.030296e+02
         vertex 2.275282e+02 1.670038e+02 -4.500000e+01
         vertex 2.270711e+02 1.665622e+02 -4.500000e+01
      endloop
   endfacet
   facet normal -7.739645e-02 -9.127536e-01 4.011118e-01
      outer loop
         vertex 2.568133e+02 -1.120532e+02 1.029427e+02
         vertex 2.580866e+02 -1.085800e+02 1.110919e+02
         vertex 2.555741e+02 -1.118856e+02 1.030850e+02
      endloop
   endfacet
   facet normal -2.302578e-01 -8.718837e-01 4.322039e-01
      outer loop
         vertex 2.555741e+02 -1.118856e+02 1.030850e+02
         vertex 2.580866e+02 -1.085800e+02 1.110919e+02
         vertex 2.575979e+02 -1.060554e+02 1.159245e+02
      endloop
   endfacet
   facet normal -2.375555e-01 -8.698182e-01 4.324162e-01
      outer loop
         vertex 2.555741e+02 -1.118856e+02 1.030850e+02
         vertex 2.575979e+02 -1.060554e+02 1.159245e+02
         vertex 2.543699e+02 -1.115256e+02 1.031477e+02
      endloop
   endfacet
   facet normal -3.944886e-01 -8.110003e-01 4.320385e-01
      outer loop
         vertex 2.532345e+02 -1.109832e+02 1.031291e+02
         vertex 2.543699e+02 -1.115256e+02 1.031477e+02
         vertex 2.564054e+02 -1.057021e+02 1.159377e+02
      endloop
   endfacet
   facet normal -5.404218e-01 -7.293565e-01 4.195037e-01
      outer loop
         vertex 2.521998e+02 -1.102737e+02 1.030296e+02
         vertex 2.532345e+02 -1.109832e+02 1.031291e+02
         vertex 2.552794e+02 -1.051809e+02 1.158515e+02
      endloop
   endfacet
   facet normal -6.712001e-01 -6.271735e-01 3.951504e-01
      outer loop
         vertex 2.512950e+02 -1.094172e+02 1.028522e+02
         vertex 2.521998e+02 -1.102737e+02 1.030296e+02
         vertex 2.542509e+02 -1.045059e+02 1.156683e+02
      endloop
   endfacet
   facet normal -7.831709e-01 -5.072482e-01 3.596422e-01
      outer loop
         vertex 2.505456e+02 -1.084378e+02 1.026017e+02
         vertex 2.512950e+02 -1.094172e+02 1.028522e+02
         vertex 2.533482e+02 -1.036957e+02 1.153931e+02
      endloop
   endfacet
   facet normal -8.731109e-01 -3.729637e-01 3.139672e-01
      outer loop
         vertex 2.499727e+02 -1.073629e+02 1.022853e+02
         vertex 2.505456e+02 -1.084378e+02 1.026017e+02
         vertex 2.525961e+02 -1.027727e+02 1.150335e+02
      endloop
   endfacet
   facet normal -9.384389e-01 -2.281163e-01 2.594136e-01
      outer loop
         vertex 2.495923e+02 -1.062229e+02 1.019118e+02
         vertex 2.499727e+02 -1.073629e+02 1.022853e+02
         vertex 2.520152e+02 -1.017621e+02 1.145993e+02
      endloop
   endfacet
   facet normal -9.772887e-01 -7.677504e-02 1.975157e-01
      outer loop
         vertex 2.494153e+02 -1.050499e+02 1.014918e+02
         vertex 2.495923e+02 -1.062229e+02 1.019118e+02
         vertex 2.516217e+02 -1.006919e+02 1.141026e+02
      endloop
   endfacet
   facet normal -2.542409e-01 -7.345152e-01 6.291653e-01
      outer loop
         vertex 2.620548e+02 -9.246330e+01 1.364888e+02
         vertex 2.615230e+02 -8.856742e+01 1.408221e+02
         vertex 2.596484e+02 -9.810320e+01 1.289321e+02
      endloop
   endfacet
   facet normal -8.526280e-02 -8.866230e-01 4.545657e-01
      outer loop
         vertex 2.580866e+02 -1.085800e+02 1.110919e+02
         vertex 2.588241e+02 -1.062308e+02 1.158123e+02
         vertex 2.575979e+02 -1.060554e+02 1.159245e+02
      endloop
   endfacet
   facet normal -7.622027e-02 -8.577931e-01 5.083123e-01
      outer loop
         vertex 2.575979e+02 -1.060554e+02 1.159245e+02
         vertex 2.588241e+02 -1.062308e+02 1.158123e+02
         vertex 2.601499e+02 -1.013206e+02 1.242972e+02
      endloop
   endfacet
   facet normal -2.516082e-01 -8.075883e-01 5.333802e-01
      outer loop
         vertex 2.575979e+02 -1.060554e+02 1.159245e+02
         vertex 2.601499e+02 -1.013206e+02 1.242972e+02
         vertex 2.596484e+02 -9.810320e+01 1.289321e+02
      endloop
   endfacet
   facet normal -8.426562e-02 -8.228018e-01 5.620467e-01
      outer loop
         vertex 2.596484e+02 -9.810320e+01 1.289321e+02
         vertex 2.601499e+02 -1.013206e+02 1.242972e+02
         vertex 2.608619e+02 -9.828069e+01 1.288542e+02
      endloop
   endfacet
   facet normal -7.588698e-02 -7.873580e-01 6.118076e-01
      outer loop
         vertex 2.596484e+02 -9.810320e+01 1.289321e+02
         vertex 2.608619e+02 -9.828069e+01 1.288542e+02
         vertex 2.620548e+02 -9.246330e+01 1.364888e+02
      endloop
   endfacet
   facet normal -2.588203e-01 -5.574675e-01 7.888232e-01
      outer loop
         vertex 2.652723e+02 -7.053643e+01 1.570804e+02
         vertex 2.646269e+02 -6.538863e+01 1.605067e+02
         vertex 2.631914e+02 -7.760329e+01 1.514035e+02
      endloop
   endfacet
   facet normal -8.330506e-02 -7.461204e-01 6.605790e-01
      outer loop
         vertex 2.620548e+02 -9.246330e+01 1.364888e+02
         vertex 2.627251e+02 -8.873997e+01 1.407788e+02
         vertex 2.615230e+02 -8.856742e+01 1.408221e+02
      endloop
   endfacet
   facet normal -7.572457e-02 -7.045910e-01 7.055617e-01
      outer loop
         vertex 2.615230e+02 -8.856742e+01 1.408221e+02
         vertex 2.627251e+02 -8.873997e+01 1.407788e+02
         vertex 2.637713e+02 -8.214769e+01 1.474743e+02
      endloop
   endfacet
   facet normal -2.566447e-01 -6.506715e-01 7.146748e-01
      outer loop
         vertex 2.615230e+02 -8.856742e+01 1.408221e+02
         vertex 2.637713e+02 -8.214769e+01 1.474743e+02
         vertex 2.631914e+02 -7.760329e+01 1.514035e+02
      endloop
   endfacet
   facet normal -8.235856e-02 -6.578163e-01 7.486620e-01
      outer loop
         vertex 2.631914e+02 -7.760329e+01 1.514035e+02
         vertex 2.637713e+02 -8.214769e+01 1.474743e+02
         vertex 2.643837e+02 -7.776389e+01 1.513935e+02
      endloop
   endfacet
   facet normal -7.570030e-02 -6.108328e-01 7.881324e-01
      outer loop
         vertex 2.631914e+02 -7.760329e+01 1.514035e+02
         vertex 2.643837e+02 -7.776389e+01 1.513935e+02
         vertex 2.652723e+02 -7.053643e+01 1.570804e+02
      endloop
   endfacet
   facet normal -2.623893e-01 -3.489931e-01 8.996420e-01
      outer loop
         vertex 2.675366e+02 -4.417682e+01 1.715724e+02
         vertex 2.667111e+02 -3.801443e+01 1.737222e+02
         vertex 2.658064e+02 -5.212099e+01 1.679861e+02
      endloop
   endfacet
   facet normal -8.143909e-02 -5.592850e-01 8.249655e-01
      outer loop
         vertex 2.652723e+02 -7.053643e+01 1.570804e+02
         vertex 2.658108e+02 -6.553067e+01 1.605273e+02
         vertex 2.646269e+02 -6.538863e+01 1.605067e+02
      endloop
   endfacet
   facet normal -7.581426e-02 -5.075776e-01 8.582641e-01
      outer loop
         vertex 2.646269e+02 -6.538863e+01 1.605067e+02
         vertex 2.658108e+02 -6.553067e+01 1.605273e+02
         vertex 2.665340e+02 -5.781259e+01 1.651556e+02
      endloop
   endfacet
   facet normal -2.607362e-01 -4.563956e-01 8.507172e-01
      outer loop
         vertex 2.646269e+02 -6.538863e+01 1.605067e+02
         vertex 2.665340e+02 -5.781259e+01 1.651556e+02
         vertex 2.658064e+02 -5.212099e+01 1.679861e+02
      endloop
   endfacet
   facet normal -8.058563e-02 -4.520725e-01 8.883335e-01
      outer loop
         vertex 2.658064e+02 -5.212099e+01 1.679861e+02
         vertex 2.665340e+02 -5.781259e+01 1.651556e+02
         vertex 2.669836e+02 -5.223856e+01 1.680330e+02
      endloop
   endfacet
   facet normal -7.609004e-02 -3.964545e-01 9.148957e-01
      outer loop
         vertex 2.658064e+02 -5.212099e+01 1.679861e+02
         vertex 2.669836e+02 -5.223856e+01 1.680330e+02
         vertex 2.675366e+02 -4.417682e+01 1.715724e+02
      endloop
   endfacet
   facet normal -2.648109e-01 -1.214822e-01 9.566176e-01
      outer loop
         vertex 2.687056e+02 -1.504075e+01 1.790537e+02
         vertex 2.676425e+02 -8.202723e+00 1.796278e+02
         vertex 2.673264e+02 -2.329611e+01 1.776235e+02
      endloop
   endfacet
   facet normal -7.976748e-02 -3.378448e-01 9.378156e-01
      outer loop
         vertex 2.675366e+02 -4.417682e+01 1.715724e+02
         vertex 2.678832e+02 -3.810259e+01 1.737901e+02
         vertex 2.667111e+02 -3.801443e+01 1.737222e+02
      endloop
   endfacet
   facet normal -7.648008e-02 -2.792164e-01 9.571776e-01
      outer loop
         vertex 2.667111e+02 -3.801443e+01 1.737222e+02
         vertex 2.678832e+02 -3.810259e+01 1.737901e+02
         vertex 2.682643e+02 -2.984419e+01 1.762296e+02
      endloop
   endfacet
   facet normal -2.637553e-01 -2.368273e-01 9.350647e-01
      outer loop
         vertex 2.667111e+02 -3.801443e+01 1.737222e+02
         vertex 2.682643e+02 -2.984419e+01 1.762296e+02
         vertex 2.673264e+02 -2.329611e+01 1.776235e+02
      endloop
   endfacet
   facet normal -7.900453e-02 -2.183683e-01 9.726631e-01
      outer loop
         vertex 2.673264e+02 -2.329611e+01 1.776235e+02
         vertex 2.682643e+02 -2.984419e+01 1.762296e+02
         vertex 2.684950e+02 -2.335113e+01 1.777061e+02
      endloop
   endfacet
   facet normal -7.698267e-02 -1.576887e-01 9.844836e-01
      outer loop
         vertex 2.673264e+02 -2.329611e+01 1.776235e+02
         vertex 2.684950e+02 -2.335113e+01 1.777061e+02
         vertex 2.687056e+02 -1.504075e+01 1.790537e+02
      endloop
   endfacet
   facet normal -2.660051e-01 1.123923e-01 9.573971e-01
      outer loop
         vertex 2.687056e+02 1.504070e+01 1.790537e+02
         vertex 2.673617e+02 2.213672e+01 1.778473e+02
         vertex 2.676544e+02 7.023130e+00 1.797028e+02
      endloop
   endfacet
   facet normal -7.832028e-02 -9.548960e-02 9.923445e-01
      outer loop
         vertex 2.687056e+02 -1.504075e+01 1.790537e+02
         vertex 2.688094e+02 -8.222275e+00 1.797180e+02
         vertex 2.676425e+02 -8.202723e+00 1.796278e+02
      endloop
   endfacet
   facet normal -7.760048e-02 -3.376232e-02 9.964127e-01
      outer loop
         vertex 2.676425e+02 -8.202723e+00 1.796278e+02
         vertex 2.688094e+02 -8.222275e+00 1.797180e+02
         vertex 2.688535e+02 -2.909811e-05 1.800000e+02
      endloop
   endfacet
   facet normal -2.655687e-01 -4.546156e-03 9.640812e-01
      outer loop
         vertex 2.676425e+02 -8.202723e+00 1.796278e+02
         vertex 2.688535e+02 -2.909811e-05 1.800000e+02
         vertex 2.676544e+02 7.023130e+00 1.797028e+02
      endloop
   endfacet
   facet normal -7.771912e-02 2.890047e-02 9.965563e-01
      outer loop
         vertex 2.676544e+02 7.023130e+00 1.797028e+02
         vertex 2.688535e+02 -2.909811e-05 1.800000e+02
         vertex 2.688212e+02 7.039876e+00 1.797933e+02
      endloop
   endfacet
   facet normal -7.831392e-02 9.064963e-02 9.927989e-01
      outer loop
         vertex 2.676544e+02 7.023130e+00 1.797028e+02
         vertex 2.688212e+02 7.039876e+00 1.797933e+02
         vertex 2.687056e+02 1.504070e+01 1.790537e+02
      endloop
   endfacet
   facet normal -2.659608e-01 3.399449e-01 9.020545e-01
      outer loop
         vertex 2.675366e+02 4.417683e+01 1.715724e+02
         vertex 2.658862e+02 5.106018e+01 1.684918e+02
         vertex 2.667692e+02 3.689496e+01 1.740904e+02
      endloop
   endfacet
   facet normal -7.718532e-02 1.528830e-01 9.852255e-01
      outer loop
         vertex 2.687056e+02 1.504070e+01 1.790537e+02
         vertex 2.685301e+02 2.218906e+01 1.779307e+02
         vertex 2.673617e+02 2.213672e+01 1.778473e+02
      endloop
   endfacet
   facet normal -7.908391e-02 2.136241e-01 9.737096e-01
      outer loop
         vertex 2.673617e+02 2.213672e+01 1.778473e+02
         vertex 2.685301e+02 2.218906e+01 1.779307e+02
         vertex 2.682643e+02 2.984416e+01 1.762296e+02
      endloop
   endfacet
   facet normal -2.661293e-01 2.277501e-01 9.366456e-01
      outer loop
         vertex 2.673617e+02 2.213672e+01 1.778473e+02
         vertex 2.682643e+02 2.984416e+01 1.762296e+02
         vertex 2.667692e+02 3.689496e+01 1.740904e+02
      endloop
   endfacet
   facet normal -7.677529e-02 2.745363e-01 9.585069e-01
      outer loop
         vertex 2.667692e+02 3.689496e+01 1.740904e+02
         vertex 2.682643e+02 2.984416e+01 1.762296e+02
         vertex 2.679409e+02 3.698067e+01 1.741597e+02
      endloop
   endfacet
   facet normal -7.994341e-02 3.332661e-01 9.394375e-01
      outer loop
         vertex 2.667692e+02 3.689496e+01 1.740904e+02
         vertex 2.679409e+02 3.698067e+01 1.741597e+02
         vertex 2.675366e+02 4.417683e+01 1.715724e+02
      endloop
   endfacet
   facet normal -7.647389e-02 3.919748e-01 9.167919e-01
      outer loop
         vertex 2.675366e+02 4.417683e+01 1.715724e+02
         vertex 2.670629e+02 5.117565e+01 1.685406e+02
         vertex 2.658862e+02 5.106018e+01 1.684918e+02
      endloop
   endfacet
   facet normal -8.085514e-02 4.477289e-01 8.905062e-01
      outer loop
         vertex 2.658862e+02 5.106018e+01 1.684918e+02
         vertex 2.670629e+02 5.117565e+01 1.685406e+02
         vertex 2.665340e+02 5.781263e+01 1.651556e+02
      endloop
   endfacet
   facet normal -2.654993e-01 4.474122e-01 8.540096e-01
      outer loop
         vertex 2.658862e+02 5.106018e+01 1.684918e+02
         vertex 2.665340e+02 5.781263e+01 1.651556e+02
         vertex 2.647269e+02 6.440386e+01 1.611407e+02
      endloop
   endfacet
   facet normal -7.628026e-02 5.033664e-01 8.606995e-01
      outer loop
         vertex 2.665340e+02 5.781263e+01 1.651556e+02
         vertex 2.659102e+02 6.454423e+01 1.611634e+02
         vertex 2.647269e+02 6.440386e+01 1.611407e+02
      endloop
   endfacet
   facet normal -8.179778e-02 5.552447e-01 8.276548e-01
      outer loop
         vertex 2.647269e+02 6.440386e+01 1.611407e+02
         vertex 2.659102e+02 6.454423e+01 1.611634e+02
         vertex 2.652723e+02 7.053649e+01 1.570804e+02
      endloop
   endfacet
   facet normal -2.647652e-01 5.486062e-01 7.930515e-01
      outer loop
         vertex 2.647269e+02 6.440386e+01 1.611407e+02
         vertex 2.652723e+02 7.053649e+01 1.570804e+02
         vertex 2.633098e+02 7.671028e+01 1.521544e+02
      endloop
   endfacet
   facet normal -7.621431e-02 6.069595e-01 7.910699e-01
      outer loop
         vertex 2.652723e+02 7.053649e+01 1.570804e+02
         vertex 2.645014e+02 7.686970e+01 1.521469e+02
         vertex 2.633098e+02 7.671028e+01 1.521544e+02
      endloop
   endfacet
   facet normal -8.277356e-02 6.541403e-01 7.518305e-01
      outer loop
         vertex 2.633098e+02 7.671028e+01 1.521544e+02
         vertex 2.645014e+02 7.686970e+01 1.521469e+02
         vertex 2.637713e+02 8.214778e+01 1.474742e+02
      endloop
   endfacet
   facet normal -2.637840e-01 6.420105e-01 7.198892e-01
      outer loop
         vertex 2.633098e+02 7.671028e+01 1.521544e+02
         vertex 2.637713e+02 8.214778e+01 1.474742e+02
         vertex 2.616577e+02 8.778001e+01 1.416769e+02
      endloop
   endfacet
   facet normal -7.630086e-02 7.011123e-01 7.089568e-01
      outer loop
         vertex 2.637713e+02 8.214778e+01 1.474742e+02
         vertex 2.628591e+02 8.795189e+01 1.416362e+02
         vertex 2.616577e+02 8.778001e+01 1.416769e+02
      endloop
   endfacet
   facet normal -8.379075e-02 7.428653e-01 6.641764e-01
      outer loop
         vertex 2.616577e+02 8.778001e+01 1.416769e+02
         vertex 2.628591e+02 8.795189e+01 1.416362e+02
         vertex 2.620548e+02 9.246340e+01 1.364887e+02
      endloop
   endfacet
   facet normal -2.625749e-01 7.261582e-01 6.354123e-01
      outer loop
         vertex 2.616577e+02 8.778001e+01 1.416769e+02
         vertex 2.620548e+02 9.246340e+01 1.364887e+02
         vertex 2.597973e+02 9.743318e+01 1.298763e+02
      endloop
   endfacet
   facet normal -7.651415e-02 7.843282e-01 6.156094e-01
      outer loop
         vertex 2.620548e+02 9.246340e+01 1.364887e+02
         vertex 2.610099e+02 9.761055e+01 1.298010e+02
         vertex 2.597973e+02 9.743318e+01 1.298763e+02
      endloop
   endfacet
   facet normal -8.481250e-02 8.200174e-01 5.660197e-01
      outer loop
         vertex 2.597973e+02 9.743318e+01 1.298763e+02
         vertex 2.610099e+02 9.761055e+01 1.298010e+02
         vertex 2.601499e+02 1.013207e+02 1.242970e+02
      endloop
   endfacet
   facet normal -2.611493e-01 7.996593e-01 5.406904e-01
      outer loop
         vertex 2.597973e+02 9.743318e+01 1.298763e+02
         vertex 2.601499e+02 1.013207e+02 1.242970e+02
         vertex 2.577584e+02 1.055125e+02 1.169425e+02
      endloop
   endfacet
   facet normal -7.739676e-02 9.127543e-01 4.011100e-01
      outer loop
         vertex 2.568133e+02 1.120532e+02 1.029427e+02
         vertex 2.555741e+02 1.118856e+02 1.030850e+02
         vertex 2.580865e+02 1.085802e+02 1.110916e+02
      endloop
   endfacet
   facet normal -2.595294e-01 8.612144e-01 4.369831e-01
      outer loop
         vertex 2.580865e+02 1.085802e+02 1.110916e+02
         vertex 2.555741e+02 1.118856e+02 1.030850e+02
         vertex 2.577584e+02 1.055125e+02 1.169425e+02
      endloop
   endfacet
   facet normal -8.585976e-02 8.843533e-01 4.588543e-01
      outer loop
         vertex 2.580865e+02 1.085802e+02 1.110916e+02
         vertex 2.577584e+02 1.055125e+02 1.169425e+02
         vertex 2.589836e+02 1.056883e+02 1.168329e+02
      endloop
   endfacet
   facet normal -7.688688e-02 8.552601e-01 5.124632e-01
      outer loop
         vertex 2.589836e+02 1.056883e+02 1.168329e+02
         vertex 2.577584e+02 1.055125e+02 1.169425e+02
         vertex 2.601499e+02 1.013207e+02 1.242970e+02
      endloop
   endfacet
   facet normal -2.514643e-01 -8.651427e-01 4.339284e-01
      outer loop
         vertex 2.543699e+02 -1.115256e+02 1.031477e+02
         vertex 2.575979e+02 -1.060554e+02 1.159245e+02
         vertex 2.564054e+02 -1.057021e+02 1.159377e+02
      endloop
   endfacet
   facet normal -2.347527e-01 -8.124437e-01 5.336914e-01
      outer loop
         vertex 2.564054e+02 -1.057021e+02 1.159377e+02
         vertex 2.575979e+02 -1.060554e+02 1.159245e+02
         vertex 2.596484e+02 -9.810320e+01 1.289321e+02
      endloop
   endfacet
   facet normal -2.489288e-01 -8.077057e-01 5.344586e-01
      outer loop
         vertex 2.564054e+02 -1.057021e+02 1.159377e+02
         vertex 2.596484e+02 -9.810320e+01 1.289321e+02
         vertex 2.584675e+02 -9.776554e+01 1.288924e+02
      endloop
   endfacet
   facet normal -2.329171e-01 -7.403993e-01 6.305225e-01
      outer loop
         vertex 2.584675e+02 -9.776554e+01 1.288924e+02
         vertex 2.596484e+02 -9.810320e+01 1.289321e+02
         vertex 2.615230e+02 -8.856742e+01 1.408221e+02
      endloop
   endfacet
   facet normal -2.459200e-01 -7.361417e-01 6.305701e-01
      outer loop
         vertex 2.584675e+02 -9.776554e+01 1.288924e+02
         vertex 2.615230e+02 -8.856742e+01 1.408221e+02
         vertex 2.603524e+02 -8.825379e+01 1.407317e+02
      endloop
   endfacet
   facet normal -2.314498e-01 -6.571145e-01 7.173782e-01
      outer loop
         vertex 2.603524e+02 -8.825379e+01 1.407317e+02
         vertex 2.615230e+02 -8.856742e+01 1.408221e+02
         vertex 2.631914e+02 -7.760329e+01 1.514035e+02
      endloop
   endfacet
   facet normal -2.431116e-01 -6.534734e-01 7.168467e-01
      outer loop
         vertex 2.603524e+02 -8.825379e+01 1.407317e+02
         vertex 2.631914e+02 -7.760329e+01 1.514035e+02
         vertex 2.620298e+02 -7.732175e+01 1.512662e+02
      endloop
   endfacet
   facet normal -2.304127e-01 -5.639362e-01 7.930233e-01
      outer loop
         vertex 2.620298e+02 -7.732175e+01 1.512662e+02
         vertex 2.631914e+02 -7.760329e+01 1.514035e+02
         vertex 2.646269e+02 -6.538863e+01 1.605067e+02
      endloop
   endfacet
   facet normal -2.404950e-01 -5.610234e-01 7.920953e-01
      outer loop
         vertex 2.620298e+02 -7.732175e+01 1.512662e+02
         vertex 2.646269e+02 -6.538863e+01 1.605067e+02
         vertex 2.634729e+02 -6.514660e+01 1.603277e+02
      endloop
   endfacet
   facet normal -2.297740e-01 -4.623553e-01 8.564062e-01
      outer loop
         vertex 2.634729e+02 -6.514660e+01 1.603277e+02
         vertex 2.646269e+02 -6.538863e+01 1.605067e+02
         vertex 2.658064e+02 -5.212099e+01 1.679861e+02
      endloop
   endfacet
   facet normal -2.380799e-01 -4.602118e-01 8.552912e-01
      outer loop
         vertex 2.634729e+02 -6.514660e+01 1.603277e+02
         vertex 2.658064e+02 -5.212099e+01 1.679861e+02
         vertex 2.646586e+02 -5.192498e+01 1.677720e+02
      endloop
   endfacet
   facet normal -2.295158e-01 -3.539561e-01 9.066629e-01
      outer loop
         vertex 2.646586e+02 -5.192498e+01 1.677720e+02
         vertex 2.658064e+02 -5.212099e+01 1.679861e+02
         vertex 2.667111e+02 -3.801443e+01 1.737222e+02
      endloop
   endfacet
   facet normal -2.359311e-01 -3.525408e-01 9.055670e-01
      outer loop
         vertex 2.646586e+02 -5.192498e+01 1.677720e+02
         vertex 2.667111e+02 -3.801443e+01 1.737222e+02
         vertex 2.655679e+02 -3.786976e+01 1.734807e+02
      endloop
   endfacet
   facet normal -2.296705e-01 -2.403862e-01 9.431150e-01
      outer loop
         vertex 2.655679e+02 -3.786976e+01 1.734807e+02
         vertex 2.667111e+02 -3.801443e+01 1.737222e+02
         vertex 2.673264e+02 -2.329611e+01 1.776235e+02
      endloop
   endfacet
   facet normal -2.340451e-01 -2.396087e-01 9.422370e-01
      outer loop
         vertex 2.655679e+02 -3.786976e+01 1.734807e+02
         vertex 2.673264e+02 -2.329611e+01 1.776235e+02
         vertex 2.661864e+02 -2.320674e+01 1.773631e+02
      endloop
   endfacet
   facet normal -2.302002e-01 -1.233591e-01 9.652929e-01
      outer loop
         vertex 2.661864e+02 -2.320674e+01 1.773631e+02
         vertex 2.673264e+02 -2.329611e+01 1.776235e+02
         vertex 2.676425e+02 -8.202723e+00 1.796278e+02
      endloop
   endfacet
   facet normal -2.324520e-01 -1.230647e-01 9.647907e-01
      outer loop
         vertex 2.661864e+02 -2.320674e+01 1.773631e+02
         vertex 2.676425e+02 -8.202723e+00 1.796278e+02
         vertex 2.665041e+02 -8.171130e+00 1.793575e+02
      endloop
   endfacet
   facet normal -2.310948e-01 -4.616518e-03 9.729203e-01
      outer loop
         vertex 2.665041e+02 -8.171130e+00 1.793575e+02
         vertex 2.676425e+02 -8.202723e+00 1.796278e+02
         vertex 2.676544e+02 7.023130e+00 1.797028e+02
      endloop
   endfacet
   facet normal -2.311706e-01 -4.610372e-03 9.729023e-01
      outer loop
         vertex 2.665041e+02 -8.171130e+00 1.793575e+02
         vertex 2.676544e+02 7.023130e+00 1.797028e+02
         vertex 2.665160e+02 6.996076e+00 1.794322e+02
      endloop
   endfacet
   facet normal -2.323321e-01 1.140910e-01 9.659219e-01
      outer loop
         vertex 2.665160e+02 6.996076e+00 1.794322e+02
         vertex 2.676544e+02 7.023130e+00 1.797028e+02
         vertex 2.673617e+02 2.213672e+01 1.778473e+02
      endloop
   endfacet
   facet normal -2.302455e-01 1.140275e-01 9.664289e-01
      outer loop
         vertex 2.665160e+02 6.996076e+00 1.794322e+02
         vertex 2.673617e+02 2.213672e+01 1.778473e+02
         vertex 2.662218e+02 2.205176e+01 1.775857e+02
      endloop
   endfacet
   facet normal -2.339132e-01 2.310206e-01 9.444120e-01
      outer loop
         vertex 2.662218e+02 2.205176e+01 1.775857e+02
         vertex 2.673617e+02 2.213672e+01 1.778473e+02
         vertex 2.667692e+02 3.689496e+01 1.740904e+02
      endloop
   endfacet
   facet normal -2.296656e-01 2.311045e-01 9.454335e-01
      outer loop
         vertex 2.662218e+02 2.205176e+01 1.775857e+02
         vertex 2.667692e+02 3.689496e+01 1.740904e+02
         vertex 2.656263e+02 3.675444e+01 1.738471e+02
      endloop
   endfacet
   facet normal -2.357844e-01 3.444567e-01 9.087108e-01
      outer loop
         vertex 2.656263e+02 3.675444e+01 1.738471e+02
         vertex 2.667692e+02 3.689496e+01 1.740904e+02
         vertex 2.658862e+02 5.106018e+01 1.684918e+02
      endloop
   endfacet
   facet normal -2.294683e-01 3.448859e-01 9.101637e-01
      outer loop
         vertex 2.656263e+02 3.675444e+01 1.738471e+02
         vertex 2.658862e+02 5.106018e+01 1.684918e+02
         vertex 2.647387e+02 5.086796e+01 1.682753e+02
      endloop
   endfacet
   facet normal -2.379419e-01 4.527286e-01 8.593139e-01
      outer loop
         vertex 2.647387e+02 5.086796e+01 1.682753e+02
         vertex 2.658862e+02 5.106018e+01 1.684918e+02
         vertex 2.647269e+02 6.440386e+01 1.611407e+02
      endloop
   endfacet
   facet normal -2.296595e-01 4.536629e-01 8.610728e-01
      outer loop
         vertex 2.647387e+02 5.086796e+01 1.682753e+02
         vertex 2.647269e+02 6.440386e+01 1.611407e+02
         vertex 2.635734e+02 6.416516e+01 1.609588e+02
      endloop
   endfacet
   facet normal -2.403532e-01 5.542313e-01 7.969053e-01
      outer loop
         vertex 2.635734e+02 6.416516e+01 1.609588e+02
         vertex 2.647269e+02 6.440386e+01 1.611407e+02
         vertex 2.633098e+02 7.671028e+01 1.521544e+02
      endloop
   endfacet
   facet normal -2.302501e-01 5.557791e-01 7.988082e-01
      outer loop
         vertex 2.635734e+02 6.416516e+01 1.609588e+02
         vertex 2.633098e+02 7.671028e+01 1.521544e+02
         vertex 2.621489e+02 7.643152e+01 1.520137e+02
      endloop
   endfacet
   facet normal -2.429928e-01 6.474366e-01 7.223437e-01
      outer loop
         vertex 2.621489e+02 7.643152e+01 1.520137e+02
         vertex 2.633098e+02 7.671028e+01 1.521544e+02
         vertex 2.616577e+02 8.778001e+01 1.416769e+02
      endloop
   endfacet
   facet normal -2.312306e-01 6.496500e-01 7.242149e-01
      outer loop
         vertex 2.621489e+02 7.643152e+01 1.520137e+02
         vertex 2.616577e+02 8.778001e+01 1.416769e+02
         vertex 2.604879e+02 8.746854e+01 1.415827e+02
      endloop
   endfacet
   facet normal -2.458229e-01 7.309132e-01 6.366609e-01
      outer loop
         vertex 2.604879e+02 8.746854e+01 1.415827e+02
         vertex 2.616577e+02 8.778001e+01 1.416769e+02
         vertex 2.597973e+02 9.743318e+01 1.298763e+02
      endloop
   endfacet
   facet normal -2.326183e-01 7.337802e-01 6.383223e-01
      outer loop
         vertex 2.604879e+02 8.746854e+01 1.415827e+02
         vertex 2.597973e+02 9.743318e+01 1.298763e+02
         vertex 2.586172e+02 9.709706e+01 1.298326e+02
      endloop
   endfacet
   facet normal -2.488296e-01 8.033384e-01 5.410465e-01
      outer loop
         vertex 2.586172e+02 9.709706e+01 1.298326e+02
         vertex 2.597973e+02 9.743318e+01 1.298763e+02
         vertex 2.577584e+02 1.055125e+02 1.169425e+02
      endloop
   endfacet
   facet normal -2.344026e-01 8.067960e-01 5.423427e-01
      outer loop
         vertex 2.586172e+02 9.709706e+01 1.298326e+02
         vertex 2.577584e+02 1.055125e+02 1.169425e+02
         vertex 2.565668e+02 1.051601e+02 1.169517e+02
      endloop
   endfacet
   facet normal -2.519833e-01 8.635182e-01 4.368532e-01
      outer loop
         vertex 2.565668e+02 1.051601e+02 1.169517e+02
         vertex 2.577584e+02 1.055125e+02 1.169425e+02
         vertex 2.555741e+02 1.118856e+02 1.030850e+02
      endloop
   endfacet
   facet normal -2.365767e-01 8.674584e-01 4.376613e-01
      outer loop
         vertex 2.565668e+02 1.051601e+02 1.169517e+02
         vertex 2.555741e+02 1.118856e+02 1.030850e+02
         vertex 2.543699e+02 1.115256e+02 1.031477e+02
      endloop
   endfacet
   facet normal -4.058660e-01 -8.051497e-01 4.324428e-01
      outer loop
         vertex 2.532345e+02 -1.109832e+02 1.031291e+02
         vertex 2.564054e+02 -1.057021e+02 1.159377e+02
         vertex 2.552794e+02 -1.051809e+02 1.158515e+02
      endloop
   endfacet
   facet normal -3.902742e-01 -7.561068e-01 5.253461e-01
      outer loop
         vertex 2.552794e+02 -1.051809e+02 1.158515e+02
         vertex 2.564054e+02 -1.057021e+02 1.159377e+02
         vertex 2.584675e+02 -9.776554e+01 1.288924e+02
      endloop
   endfacet
   facet normal -4.018581e-01 -7.503310e-01 5.248938e-01
      outer loop
         vertex 2.552794e+02 -1.051809e+02 1.158515e+02
         vertex 2.584675e+02 -9.776554e+01 1.288924e+02
         vertex 2.573508e+02 -9.727681e+01 1.287361e+02
      endloop
   endfacet
   facet normal -3.869765e-01 -6.877797e-01 6.141728e-01
      outer loop
         vertex 2.573508e+02 -9.727681e+01 1.287361e+02
         vertex 2.584675e+02 -9.776554e+01 1.288924e+02
         vertex 2.603524e+02 -8.825379e+01 1.407317e+02
      endloop
   endfacet
   facet normal -3.976639e-01 -6.826926e-01 6.130205e-01
      outer loop
         vertex 2.573508e+02 -9.727681e+01 1.287361e+02
         vertex 2.603524e+02 -8.825379e+01 1.407317e+02
         vertex 2.592441e+02 -8.780731e+01 1.405100e+02
      endloop
   endfacet
   facet normal -3.842390e-01 -6.093757e-01 6.935572e-01
      outer loop
         vertex 2.592441e+02 -8.780731e+01 1.405100e+02
         vertex 2.603524e+02 -8.825379e+01 1.407317e+02
         vertex 2.620298e+02 -7.732175e+01 1.512662e+02
      endloop
   endfacet
   facet normal -3.937934e-01 -6.051413e-01 6.919038e-01
      outer loop
         vertex 2.592441e+02 -8.780731e+01 1.405100e+02
         vertex 2.620298e+02 -7.732175e+01 1.512662e+02
         vertex 2.609288e+02 -7.692652e+01 1.509852e+02
      endloop
   endfacet
   facet normal -3.820299e-01 -5.221990e-01 7.624706e-01
      outer loop
         vertex 2.609288e+02 -7.692652e+01 1.509852e+02
         vertex 2.620298e+02 -7.732175e+01 1.512662e+02
         vertex 2.634729e+02 -6.514660e+01 1.603277e+02
      endloop
   endfacet
   facet normal -3.903157e-01 -5.188776e-01 7.605390e-01
      outer loop
         vertex 2.609288e+02 -7.692652e+01 1.509852e+02
         vertex 2.634729e+02 -6.514660e+01 1.603277e+02
         vertex 2.623780e+02 -6.481074e+01 1.599950e+02
      endloop
   endfacet
   facet normal -3.803972e-01 -4.275988e-01 8.200349e-01
      outer loop
         vertex 2.623780e+02 -6.481074e+01 1.599950e+02
         vertex 2.634729e+02 -6.514660e+01 1.603277e+02
         vertex 2.646586e+02 -5.192498e+01 1.677720e+02
      endloop
   endfacet
   facet normal -3.872421e-01 -4.252039e-01 8.180741e-01
      outer loop
         vertex 2.623780e+02 -6.481074e+01 1.599950e+02
         vertex 2.646586e+02 -5.192498e+01 1.677720e+02
         vertex 2.635687e+02 -5.165543e+01 1.673962e+02
      endloop
   endfacet
   facet normal -3.793264e-01 -3.270101e-01 8.655495e-01
      outer loop
         vertex 2.635687e+02 -5.165543e+01 1.673962e+02
         vertex 2.646586e+02 -5.192498e+01 1.677720e+02
         vertex 2.655679e+02 -3.786976e+01 1.734807e+02
      endloop
   endfacet
   facet normal -3.846023e-01 -3.254724e-01 8.637990e-01
      outer loop
         vertex 2.635687e+02 -5.165543e+01 1.673962e+02
         vertex 2.655679e+02 -3.786976e+01 1.734807e+02
         vertex 2.644818e+02 -3.767215e+01 1.730715e+02
      endloop
   endfacet
   facet normal -3.788210e-01 -2.219140e-01 8.984702e-01
      outer loop
         vertex 2.644818e+02 -3.767215e+01 1.730715e+02
         vertex 2.655679e+02 -3.786976e+01 1.734807e+02
         vertex 2.661864e+02 -2.320674e+01 1.773631e+02
      endloop
   endfacet
   facet normal -3.824288e-01 -2.210951e-01 8.971428e-01
      outer loop
         vertex 2.644818e+02 -3.767215e+01 1.730715e+02
         vertex 2.661864e+02 -2.320674e+01 1.773631e+02
         vertex 2.651028e+02 -2.308522e+01 1.769311e+02
      endloop
   endfacet
   facet normal -3.788798e-01 -1.138195e-01 9.184199e-01
      outer loop
         vertex 2.651028e+02 -2.308522e+01 1.769311e+02
         vertex 2.661864e+02 -2.320674e+01 1.773631e+02
         vertex 2.665041e+02 -8.171130e+00 1.793575e+02
      endloop
   endfacet
   facet normal -3.807345e-01 -1.135264e-01 9.176890e-01
      outer loop
         vertex 2.651028e+02 -2.308522e+01 1.769311e+02
         vertex 2.665041e+02 -8.171130e+00 1.793575e+02
         vertex 2.654218e+02 -8.128266e+00 1.789138e+02
      endloop
   endfacet
   facet normal -3.794820e-01 -4.259106e-03 9.251893e-01
      outer loop
         vertex 2.654218e+02 -8.128266e+00 1.789138e+02
         vertex 2.665041e+02 -8.171130e+00 1.793575e+02
         vertex 2.665160e+02 6.996076e+00 1.794322e+02
      endloop
   endfacet
   facet normal -3.795592e-01 -4.252438e-03 9.251577e-01
      outer loop
         vertex 2.654218e+02 -8.128266e+00 1.789138e+02
         vertex 2.665160e+02 6.996076e+00 1.794322e+02
         vertex 2.654337e+02 6.959373e+00 1.789880e+02
      endloop
   endfacet
   facet normal -3.806301e-01 1.052382e-01 9.187196e-01
      outer loop
         vertex 2.654337e+02 6.959373e+00 1.789880e+02
         vertex 2.665160e+02 6.996076e+00 1.794322e+02
         vertex 2.662218e+02 2.205176e+01 1.775857e+02
      endloop
   endfacet
   facet normal -3.789108e-01 1.052146e-01 9.194327e-01
      outer loop
         vertex 2.654337e+02 6.959373e+00 1.789880e+02
         vertex 2.662218e+02 2.205176e+01 1.775857e+02
         vertex 2.651384e+02 2.193627e+01 1.771524e+02
      endloop
   endfacet
   facet normal -3.822940e-01 2.131456e-01 8.991219e-01
      outer loop
         vertex 2.651384e+02 2.193627e+01 1.771524e+02
         vertex 2.662218e+02 2.205176e+01 1.775857e+02
         vertex 2.656263e+02 3.675444e+01 1.738471e+02
      endloop
   endfacet
   facet normal -3.787904e-01 2.133500e-01 9.005552e-01
      outer loop
         vertex 2.651384e+02 2.193627e+01 1.771524e+02
         vertex 2.656263e+02 3.675444e+01 1.738471e+02
         vertex 2.645404e+02 3.656258e+01 1.734358e+02
      endloop
   endfacet
   facet normal -3.844378e-01 3.179674e-01 8.666628e-01
      outer loop
         vertex 2.645404e+02 3.656258e+01 1.734358e+02
         vertex 2.656263e+02 3.675444e+01 1.738471e+02
         vertex 2.647387e+02 5.086796e+01 1.682753e+02
      endloop
   endfacet
   facet normal -3.792189e-01 3.186352e-01 8.687144e-01
      outer loop
         vertex 2.645404e+02 3.656258e+01 1.734358e+02
         vertex 2.647387e+02 5.086796e+01 1.682753e+02
         vertex 2.636492e+02 5.060377e+01 1.678966e+02
      endloop
   endfacet
   facet normal -3.870450e-01 4.182344e-01 8.217518e-01
      outer loop
         vertex 2.636492e+02 5.060377e+01 1.678966e+02
         vertex 2.647387e+02 5.086796e+01 1.682753e+02
         vertex 2.635734e+02 6.416516e+01 1.609588e+02
      endloop
   endfacet
   facet normal -3.802327e-01 4.195536e-01 8.242560e-01
      outer loop
         vertex 2.636492e+02 5.060377e+01 1.678966e+02
         vertex 2.635734e+02 6.416516e+01 1.609588e+02
         vertex 2.624789e+02 6.383415e+01 1.606224e+02
      endloop
   endfacet
   facet normal -3.901173e-01 5.125162e-01 7.649416e-01
      outer loop
         vertex 2.624789e+02 6.383415e+01 1.606224e+02
         vertex 2.635734e+02 6.416516e+01 1.609588e+02
         vertex 2.621489e+02 7.643152e+01 1.520137e+02
      endloop
   endfacet
   facet normal -3.817935e-01 5.146308e-01 7.677167e-01
      outer loop
         vertex 2.624789e+02 6.383415e+01 1.606224e+02
         vertex 2.621489e+02 7.643152e+01 1.520137e+02
         vertex 2.610483e+02 7.604057e+01 1.517285e+02
      endloop
   endfacet
   facet normal -3.935868e-01 5.994532e-01 6.969544e-01
      outer loop
         vertex 2.610483e+02 7.604057e+01 1.517285e+02
         vertex 2.621489e+02 7.643152e+01 1.520137e+02
         vertex 2.604879e+02 8.746854e+01 1.415827e+02
      endloop
   endfacet
   facet normal -3.839251e-01 6.024287e-01 6.997722e-01
      outer loop
         vertex 2.610483e+02 7.604057e+01 1.517285e+02
         vertex 2.604879e+02 8.746854e+01 1.415827e+02
         vertex 2.593802e+02 8.702566e+01 1.413563e+02
      endloop
   endfacet
   facet normal -3.974460e-01 6.777342e-01 6.186380e-01
      outer loop
         vertex 2.593802e+02 8.702566e+01 1.413563e+02
         vertex 2.604879e+02 8.746854e+01 1.415827e+02
         vertex 2.586172e+02 9.709706e+01 1.298326e+02
      endloop
   endfacet
   facet normal -3.866107e-01 6.815759e-01 6.212781e-01
      outer loop
         vertex 2.593802e+02 8.702566e+01 1.413563e+02
         vertex 2.586172e+02 9.709706e+01 1.298326e+02
         vertex 2.575012e+02 9.661120e+01 1.296712e+02
      endloop
   endfacet
   facet normal -4.016569e-01 7.461349e-01 5.309939e-01
      outer loop
         vertex 2.575012e+02 9.661120e+01 1.296712e+02
         vertex 2.586172e+02 9.709706e+01 1.298326e+02
         vertex 2.565668e+02 1.051601e+02 1.169517e+02
      endloop
   endfacet
   facet normal -3.898293e-01 7.507845e-01 5.332501e-01
      outer loop
         vertex 2.575012e+02 9.661120e+01 1.296712e+02
         vertex 2.565668e+02 1.051601e+02 1.169517e+02
         vertex 2.554415e+02 1.046410e+02 1.168600e+02
      endloop
   endfacet
   facet normal -4.061743e-01 8.035231e-01 4.351701e-01
      outer loop
         vertex 2.554415e+02 1.046410e+02 1.168600e+02
         vertex 2.565668e+02 1.051601e+02 1.169517e+02
         vertex 2.543699e+02 1.115256e+02 1.031477e+02
      endloop
   endfacet
   facet normal -3.935490e-01 8.088675e-01 4.368667e-01
      outer loop
         vertex 2.554415e+02 1.046410e+02 1.168600e+02
         vertex 2.543699e+02 1.115256e+02 1.031477e+02
         vertex 2.532345e+02 1.109832e+02 1.031291e+02
      endloop
   endfacet
   facet normal -5.491756e-01 -7.230270e-01 4.190921e-01
      outer loop
         vertex 2.521998e+02 -1.102737e+02 1.030296e+02
         vertex 2.552794e+02 -1.051809e+02 1.158515e+02
         vertex 2.542509e+02 -1.045059e+02 1.156683e+02
      endloop
   endfacet
   facet normal -5.351515e-01 -6.790001e-01 5.025651e-01
      outer loop
         vertex 2.542509e+02 -1.045059e+02 1.156683e+02
         vertex 2.552794e+02 -1.051809e+02 1.158515e+02
         vertex 2.573508e+02 -9.727681e+01 1.287361e+02
      endloop
   endfacet
   facet normal -5.441305e-01 -6.727975e-01 5.012638e-01
      outer loop
         vertex 2.542509e+02 -1.045059e+02 1.156683e+02
         vertex 2.573508e+02 -9.727681e+01 1.287361e+02
         vertex 2.563285e+02 -9.665012e+01 1.284675e+02
      endloop
   endfacet
   facet normal -5.307823e-01 -6.166926e-01 5.813436e-01
      outer loop
         vertex 2.563285e+02 -9.665012e+01 1.284675e+02
         vertex 2.573508e+02 -9.727681e+01 1.287361e+02
         vertex 2.592441e+02 -8.780731e+01 1.405100e+02
      endloop
   endfacet
   facet normal -5.390530e-01 -6.113220e-01 5.794024e-01
      outer loop
         vertex 2.563285e+02 -9.665012e+01 1.284675e+02
         vertex 2.592441e+02 -8.780731e+01 1.405100e+02
         vertex 2.582272e+02 -8.723969e+01 1.401628e+02
      endloop
   endfacet
   facet normal -5.270285e-01 -5.456527e-01 6.515398e-01
      outer loop
         vertex 2.582272e+02 -8.723969e+01 1.401628e+02
         vertex 2.592441e+02 -8.780731e+01 1.405100e+02
         vertex 2.609288e+02 -7.692652e+01 1.509852e+02
      endloop
   endfacet
   facet normal -5.344583e-01 -5.412256e-01 6.491757e-01
      outer loop
         vertex 2.582272e+02 -8.723969e+01 1.401628e+02
         vertex 2.609288e+02 -7.692652e+01 1.509852e+02
         vertex 2.599167e+02 -7.642778e+01 1.505678e+02
      endloop
   endfacet
   facet normal -5.239337e-01 -4.670265e-01 7.123059e-01
      outer loop
         vertex 2.599167e+02 -7.642778e+01 1.505678e+02
         vertex 2.609288e+02 -7.692652e+01 1.509852e+02
         vertex 2.623780e+02 -6.481074e+01 1.599950e+02
      endloop
   endfacet
   facet normal -5.303755e-01 -4.636038e-01 7.097700e-01
      outer loop
         vertex 2.599167e+02 -7.642778e+01 1.505678e+02
         vertex 2.623780e+02 -6.481074e+01 1.599950e+02
         vertex 2.613699e+02 -6.438951e+01 1.595168e+02
      endloop
   endfacet
   facet normal -5.215112e-01 -3.820329e-01 7.629396e-01
      outer loop
         vertex 2.613699e+02 -6.438951e+01 1.595168e+02
         vertex 2.623780e+02 -6.481074e+01 1.599950e+02
         vertex 2.635687e+02 -5.165543e+01 1.673962e+02
      endloop
   endfacet
   facet normal -5.268569e-01 -3.795895e-01 7.604825e-01
      outer loop
         vertex 2.613699e+02 -6.438951e+01 1.595168e+02
         vertex 2.635687e+02 -5.165543e+01 1.673962e+02
         vertex 2.625639e+02 -5.131904e+01 1.668680e+02
      endloop
   endfacet
   facet normal -5.197889e-01 -2.919169e-01 8.028723e-01
      outer loop
         vertex 2.625639e+02 -5.131904e+01 1.668680e+02
         vertex 2.635687e+02 -5.165543e+01 1.673962e+02
         vertex 2.644818e+02 -3.767215e+01 1.730715e+02
      endloop
   endfacet
   facet normal -5.239016e-01 -2.903765e-01 8.007551e-01
      outer loop
         vertex 2.625639e+02 -5.131904e+01 1.668680e+02
         vertex 2.644818e+02 -3.767215e+01 1.730715e+02
         vertex 2.634794e+02 -3.742645e+01 1.725049e+02
      endloop
   endfacet
   facet normal -5.187424e-01 -1.979741e-01 8.316926e-01
      outer loop
         vertex 2.634794e+02 -3.742645e+01 1.725049e+02
         vertex 2.644818e+02 -3.767215e+01 1.730715e+02
         vertex 2.651028e+02 -2.308522e+01 1.769311e+02
      endloop
   endfacet
   facet normal -5.215690e-01 -1.971672e-01 8.301150e-01
      outer loop
         vertex 2.634794e+02 -3.742645e+01 1.725049e+02
         vertex 2.651028e+02 -2.308522e+01 1.769311e+02
         vertex 2.641021e+02 -2.293451e+01 1.763382e+02
      endloop
   endfacet
   facet normal -5.184040e-01 -1.014970e-01 8.490911e-01
      outer loop
         vertex 2.641021e+02 -2.293451e+01 1.763382e+02
         vertex 2.651028e+02 -2.308522e+01 1.769311e+02
         vertex 2.654218e+02 -8.128266e+00 1.789138e+02
      endloop
   endfacet
   facet normal -5.198602e-01 -1.012180e-01 8.482336e-01
      outer loop
         vertex 2.641021e+02 -2.293451e+01 1.763382e+02
         vertex 2.654218e+02 -8.128266e+00 1.789138e+02
         vertex 2.644220e+02 -8.075174e+00 1.783074e+02
      endloop
   endfacet
   facet normal -5.187433e-01 -3.796531e-03 8.549216e-01
      outer loop
         vertex 2.644220e+02 -8.075174e+00 1.783074e+02
         vertex 2.654218e+02 -8.128266e+00 1.789138e+02
         vertex 2.654337e+02 6.959373e+00 1.789880e+02
      endloop
   endfacet
   facet normal -5.187979e-01 -3.791358e-03 8.548885e-01
      outer loop
         vertex 2.644220e+02 -8.075174e+00 1.783074e+02
         vertex 2.654337e+02 6.959373e+00 1.789880e+02
         vertex 2.644340e+02 6.913915e+00 1.783811e+02
      endloop
   endfacet
   facet normal -5.197523e-01 9.382328e-02 8.491494e-01
      outer loop
         vertex 2.644340e+02 6.913915e+00 1.783811e+02
         vertex 2.654337e+02 6.959373e+00 1.789880e+02
         vertex 2.651384e+02 2.193627e+01 1.771524e+02
      endloop
   endfacet
   facet normal -5.183870e-01 9.382745e-02 8.499831e-01
      outer loop
         vertex 2.644340e+02 6.913915e+00 1.783811e+02
         vertex 2.651384e+02 2.193627e+01 1.771524e+02
         vertex 2.641378e+02 2.179305e+01 1.765580e+02
      endloop
   endfacet
   facet normal -5.214037e-01 1.900665e-01 8.318731e-01
      outer loop
         vertex 2.641378e+02 2.179305e+01 1.765580e+02
         vertex 2.651384e+02 2.193627e+01 1.771524e+02
         vertex 2.645404e+02 3.656258e+01 1.734358e+02
      endloop
   endfacet
   facet normal -5.186767e-01 1.903390e-01 8.335139e-01
      outer loop
         vertex 2.641378e+02 2.179305e+01 1.765580e+02
         vertex 2.645404e+02 3.656258e+01 1.734358e+02
         vertex 2.635382e+02 3.632411e+01 1.728666e+02
      endloop
   endfacet
   facet normal -5.237134e-01 2.836521e-01 8.032844e-01
      outer loop
         vertex 2.635382e+02 3.632411e+01 1.728666e+02
         vertex 2.645404e+02 3.656258e+01 1.734358e+02
         vertex 2.636492e+02 5.060377e+01 1.678966e+02
      endloop
   endfacet
   facet normal -5.196476e-01 2.844412e-01 8.056424e-01
      outer loop
         vertex 2.635382e+02 3.632411e+01 1.728666e+02
         vertex 2.636492e+02 5.060377e+01 1.678966e+02
         vertex 2.626446e+02 5.027418e+01 1.673650e+02
      endloop
   endfacet
   facet normal -5.266314e-01 3.733277e-01 7.637315e-01
      outer loop
         vertex 2.626446e+02 5.027418e+01 1.673650e+02
         vertex 2.636492e+02 5.060377e+01 1.678966e+02
         vertex 2.624789e+02 6.383415e+01 1.606224e+02
      endloop
   endfacet
   facet normal -5.212995e-01 3.748405e-01 7.666429e-01
      outer loop
         vertex 2.626446e+02 5.027418e+01 1.673650e+02
         vertex 2.624789e+02 6.383415e+01 1.606224e+02
         vertex 2.614712e+02 6.341921e+01 1.601400e+02
      endloop
   endfacet
   facet normal -5.301274e-01 4.578657e-01 7.136694e-01
      outer loop
         vertex 2.614712e+02 6.341921e+01 1.601400e+02
         vertex 2.624789e+02 6.383415e+01 1.606224e+02
         vertex 2.610483e+02 7.604057e+01 1.517285e+02
      endloop
   endfacet
   facet normal -5.236455e-01 4.602465e-01 7.169160e-01
      outer loop
         vertex 2.614712e+02 6.341921e+01 1.601400e+02
         vertex 2.610483e+02 7.604057e+01 1.517285e+02
         vertex 2.600366e+02 7.554746e+01 1.513060e+02
      endloop
   endfacet
   facet normal -5.341873e-01 5.360709e-01 6.536604e-01
      outer loop
         vertex 2.600366e+02 7.554746e+01 1.513060e+02
         vertex 2.610483e+02 7.604057e+01 1.517285e+02
         vertex 2.593802e+02 8.702566e+01 1.413563e+02
      endloop
   endfacet
   facet normal -5.266704e-01 5.394040e-01 6.570096e-01
      outer loop
         vertex 2.600366e+02 7.554746e+01 1.513060e+02
         vertex 2.593802e+02 8.702566e+01 1.413563e+02
         vertex 2.583637e+02 8.646297e+01 1.410034e+02
      endloop
   endfacet
   facet normal -5.387701e-01 6.067958e-01 5.844019e-01
      outer loop
         vertex 2.583637e+02 8.646297e+01 1.410034e+02
         vertex 2.593802e+02 8.702566e+01 1.413563e+02
         vertex 2.575012e+02 9.661120e+01 1.296712e+02
      endloop
   endfacet
   facet normal -5.303384e-01 6.111031e-01 5.876174e-01
      outer loop
         vertex 2.583637e+02 8.646297e+01 1.410034e+02
         vertex 2.575012e+02 9.661120e+01 1.296712e+02
         vertex 2.564792e+02 9.598863e+01 1.293963e+02
      endloop
   endfacet
   facet normal -5.438199e-01 6.689530e-01 5.067167e-01
      outer loop
         vertex 2.564792e+02 9.598863e+01 1.293963e+02
         vertex 2.575012e+02 9.661120e+01 1.296712e+02
         vertex 2.554415e+02 1.046410e+02 1.168600e+02
      endloop
   endfacet
   facet normal -5.346422e-01 6.741717e-01 5.095588e-01
      outer loop
         vertex 2.564792e+02 9.598863e+01 1.293963e+02
         vertex 2.554415e+02 1.046410e+02 1.168600e+02
         vertex 2.544135e+02 1.039692e+02 1.166701e+02
      endloop
   endfacet
   facet normal -5.493092e-01 7.214966e-01 4.215472e-01
      outer loop
         vertex 2.544135e+02 1.039692e+02 1.166701e+02
         vertex 2.554415e+02 1.046410e+02 1.168600e+02
         vertex 2.532345e+02 1.109832e+02 1.031291e+02
      endloop
   endfacet
   facet normal -5.395632e-01 7.275010e-01 4.238087e-01
      outer loop
         vertex 2.544135e+02 1.039692e+02 1.166701e+02
         vertex 2.532345e+02 1.109832e+02 1.031291e+02
         vertex 2.521998e+02 1.102737e+02 1.030296e+02
      endloop
   endfacet
   facet normal -6.774871e-01 -6.209672e-01 3.942220e-01
      outer loop
         vertex 2.512950e+02 -1.094172e+02 1.028522e+02
         vertex 2.542509e+02 -1.045059e+02 1.156683e+02
         vertex 2.533482e+02 -1.036957e+02 1.153931e+02
      endloop
   endfacet
   facet normal -6.654339e-01 -5.831743e-01 4.659458e-01
      outer loop
         vertex 2.533482e+02 -1.036957e+02 1.153931e+02
         vertex 2.542509e+02 -1.045059e+02 1.156683e+02
         vertex 2.563285e+02 -9.665012e+01 1.284675e+02
      endloop
   endfacet
   facet normal -6.718807e-01 -5.771629e-01 4.641759e-01
      outer loop
         vertex 2.533482e+02 -1.036957e+02 1.153931e+02
         vertex 2.563285e+02 -9.665012e+01 1.284675e+02
         vertex 2.554278e+02 -9.590229e+01 1.280936e+02
      endloop
   endfacet
   facet normal -6.604280e-01 -5.290235e-01 5.328874e-01
      outer loop
         vertex 2.554278e+02 -9.590229e+01 1.280936e+02
         vertex 2.563285e+02 -9.665012e+01 1.284675e+02
         vertex 2.582272e+02 -8.723969e+01 1.401628e+02
      endloop
   endfacet
   facet normal -6.663914e-01 -5.238570e-01 5.305623e-01
      outer loop
         vertex 2.554278e+02 -9.590229e+01 1.280936e+02
         vertex 2.582272e+02 -8.723969e+01 1.401628e+02
         vertex 2.573284e+02 -8.656585e+01 1.396992e+02
      endloop
   endfacet
   facet normal -6.560855e-01 -4.675728e-01 5.923913e-01
      outer loop
         vertex 2.573284e+02 -8.656585e+01 1.396992e+02
         vertex 2.582272e+02 -8.723969e+01 1.401628e+02
         vertex 2.599167e+02 -7.642778e+01 1.505678e+02
      endloop
   endfacet
   facet normal -6.614545e-01 -4.633511e-01 5.897319e-01
      outer loop
         vertex 2.573284e+02 -8.656585e+01 1.396992e+02
         vertex 2.599167e+02 -7.642778e+01 1.505678e+02
         vertex 2.590195e+02 -7.583836e+01 1.500245e+02
      endloop
   endfacet
   facet normal -6.524437e-01 -3.998176e-01 6.437881e-01
      outer loop
         vertex 2.590195e+02 -7.583836e+01 1.500245e+02
         vertex 2.599167e+02 -7.642778e+01 1.505678e+02
         vertex 2.613699e+02 -6.438951e+01 1.595168e+02
      endloop
   endfacet
   facet normal -6.571232e-01 -3.965709e-01 6.410309e-01
      outer loop
         vertex 2.590195e+02 -7.583836e+01 1.500245e+02
         vertex 2.613699e+02 -6.438951e+01 1.595168e+02
         vertex 2.604741e+02 -6.389359e+01 1.589053e+02
      endloop
   endfacet
   facet normal -6.495400e-01 -3.267844e-01 6.865200e-01
      outer loop
         vertex 2.604741e+02 -6.389359e+01 1.589053e+02
         vertex 2.613699e+02 -6.438951e+01 1.595168e+02
         vertex 2.625639e+02 -5.131904e+01 1.668680e+02
      endloop
   endfacet
   facet normal -6.534285e-01 -3.244881e-01 6.839142e-01
      outer loop
         vertex 2.604741e+02 -6.389359e+01 1.589053e+02
         vertex 2.625639e+02 -5.131904e+01 1.668680e+02
         vertex 2.616692e+02 -5.092420e+01 1.662005e+02
      endloop
   endfacet
   facet normal -6.473867e-01 -2.495352e-01 7.201546e-01
      outer loop
         vertex 2.616692e+02 -5.092420e+01 1.662005e+02
         vertex 2.625639e+02 -5.131904e+01 1.668680e+02
         vertex 2.634794e+02 -3.742645e+01 1.725049e+02
      endloop
   endfacet
   facet normal -6.503905e-01 -2.480984e-01 7.179410e-01
      outer loop
         vertex 2.616692e+02 -5.092420e+01 1.662005e+02
         vertex 2.634794e+02 -3.742645e+01 1.725049e+02
         vertex 2.625856e+02 -3.713874e+01 1.717946e+02
      endloop
   endfacet
   facet normal -6.459826e-01 -1.691425e-01 7.443771e-01
      outer loop
         vertex 2.625856e+02 -3.713874e+01 1.717946e+02
         vertex 2.634794e+02 -3.742645e+01 1.725049e+02
         vertex 2.641021e+02 -2.293451e+01 1.763382e+02
      endloop
   endfacet
   facet normal -6.480388e-01 -1.684042e-01 7.427555e-01
      outer loop
         vertex 2.625856e+02 -3.713874e+01 1.717946e+02
         vertex 2.641021e+02 -2.293451e+01 1.763382e+02
         vertex 2.632089e+02 -2.275830e+01 1.755988e+02
      endloop
   endfacet
   facet normal -6.453351e-01 -8.668702e-02 7.589651e-01
      outer loop
         vertex 2.632089e+02 -2.275830e+01 1.755988e+02
         vertex 2.641021e+02 -2.293451e+01 1.763382e+02
         vertex 2.644220e+02 -8.075174e+00 1.783074e+02
      endloop
   endfacet
   facet normal -6.463981e-01 -8.643748e-02 7.580884e-01
      outer loop
         vertex 2.632089e+02 -2.275830e+01 1.755988e+02
         vertex 2.644220e+02 -8.075174e+00 1.783074e+02
         vertex 2.635291e+02 -8.013149e+00 1.775531e+02
      endloop
   endfacet
   facet normal -6.454443e-01 -3.241981e-03 7.638005e-01
      outer loop
         vertex 2.635291e+02 -8.013149e+00 1.775531e+02
         vertex 2.644220e+02 -8.075174e+00 1.783074e+02
         vertex 2.644340e+02 6.913915e+00 1.783811e+02
      endloop
   endfacet
   facet normal -6.454957e-01 -3.236449e-03 7.637570e-01
      outer loop
         vertex 2.635291e+02 -8.013149e+00 1.775531e+02
         vertex 2.644340e+02 6.913915e+00 1.783811e+02
         vertex 2.635411e+02 6.860810e+00 1.776263e+02
      endloop
   endfacet
   facet normal -6.463107e-01 8.011600e-02 7.588570e-01
      outer loop
         vertex 2.635411e+02 6.860810e+00 1.776263e+02
         vertex 2.644340e+02 6.913915e+00 1.783811e+02
         vertex 2.641378e+02 2.179305e+01 1.765580e+02
      endloop
   endfacet
   facet normal -6.453172e-01 8.013659e-02 7.596998e-01
      outer loop
         vertex 2.635411e+02 6.860810e+00 1.776263e+02
         vertex 2.641378e+02 2.179305e+01 1.765580e+02
         vertex 2.632447e+02 2.162562e+01 1.758170e+02
      endloop
   endfacet
   facet normal -6.478933e-01 1.623267e-01 7.442341e-01
      outer loop
         vertex 2.632447e+02 2.162562e+01 1.758170e+02
         vertex 2.641378e+02 2.179305e+01 1.765580e+02
         vertex 2.635382e+02 3.632411e+01 1.728666e+02
      endloop
   endfacet
   facet normal -6.458886e-01 1.626230e-01 7.459100e-01
      outer loop
         vertex 2.632447e+02 2.162562e+01 1.758170e+02
         vertex 2.635382e+02 3.632411e+01 1.728666e+02
         vertex 2.626445e+02 3.604488e+01 1.721536e+02
      endloop
   endfacet
   facet normal -6.501911e-01 2.423371e-01 7.200863e-01
      outer loop
         vertex 2.626445e+02 3.604488e+01 1.721536e+02
         vertex 2.635382e+02 3.632411e+01 1.728666e+02
         vertex 2.626446e+02 5.027418e+01 1.673650e+02
      endloop
   endfacet
   facet normal -6.472220e-01 2.431443e-01 7.224849e-01
      outer loop
         vertex 2.626445e+02 3.604488e+01 1.721536e+02
         vertex 2.626446e+02 5.027418e+01 1.673650e+02
         vertex 2.617500e+02 4.988741e+01 1.666938e+02
      endloop
   endfacet
   facet normal -6.531904e-01 3.191091e-01 6.866671e-01
      outer loop
         vertex 2.617500e+02 4.988741e+01 1.666938e+02
         vertex 2.626446e+02 5.027418e+01 1.673650e+02
         vertex 2.614712e+02 6.341921e+01 1.601400e+02
      endloop
   endfacet
   facet normal -6.492919e-01 3.206331e-01 6.896480e-01
      outer loop
         vertex 2.617500e+02 4.988741e+01 1.666938e+02
         vertex 2.614712e+02 6.341921e+01 1.601400e+02
         vertex 2.605754e+02 6.293080e+01 1.595238e+02
      endloop
   endfacet
   facet normal -6.568409e-01 3.916338e-01 6.443470e-01
      outer loop
         vertex 2.605754e+02 6.293080e+01 1.595238e+02
         vertex 2.614712e+02 6.341921e+01 1.601400e+02
         vertex 2.600366e+02 7.554746e+01 1.513060e+02
      endloop
   endfacet
   facet normal -6.521319e-01 3.940037e-01 6.476767e-01
      outer loop
         vertex 2.605754e+02 6.293080e+01 1.595238e+02
         vertex 2.600366e+02 7.554746e+01 1.513060e+02
         vertex 2.591395e+02 7.496490e+01 1.507572e+02
      endloop
   endfacet
   facet normal -6.611520e-01 4.588923e-01 5.935451e-01
      outer loop
         vertex 2.591395e+02 7.496490e+01 1.507572e+02
         vertex 2.600366e+02 7.554746e+01 1.513060e+02
         vertex 2.583637e+02 8.646297e+01 1.410034e+02
      endloop
   endfacet
   facet normal -6.556890e-01 4.622096e-01 5.970211e-01
      outer loop
         vertex 2.591395e+02 7.496490e+01 1.507572e+02
         vertex 2.583637e+02 8.646297e+01 1.410034e+02
         vertex 2.574650e+02 8.579521e+01 1.405334e+02
      endloop
   endfacet
   facet normal -6.660528e-01 5.199331e-01 5.348300e-01
      outer loop
         vertex 2.574650e+02 8.579521e+01 1.405334e+02
         vertex 2.583637e+02 8.646297e+01 1.410034e+02
         vertex 2.564792e+02 9.598863e+01 1.293963e+02
      endloop
   endfacet
   facet normal -6.599645e-01 5.242029e-01 5.381991e-01
      outer loop
         vertex 2.574650e+02 8.579521e+01 1.405334e+02
         vertex 2.564792e+02 9.598863e+01 1.293963e+02
         vertex 2.555787e+02 9.524602e+01 1.290153e+02
      endloop
   endfacet
   facet normal -6.715236e-01 5.738024e-01 4.688356e-01
      outer loop
         vertex 2.555787e+02 9.524602e+01 1.290153e+02
         vertex 2.564792e+02 9.598863e+01 1.293963e+02
         vertex 2.544135e+02 1.039692e+02 1.166701e+02
      endloop
   endfacet
   facet normal -6.649109e-01 5.789879e-01 4.718756e-01
      outer loop
         vertex 2.555787e+02 9.524602e+01 1.290153e+02
         vertex 2.544135e+02 1.039692e+02 1.166701e+02
         vertex 2.535110e+02 1.031633e+02 1.163872e+02
      endloop
   endfacet
   facet normal -6.775005e-01 6.196104e-01 3.963282e-01
      outer loop
         vertex 2.535110e+02 1.031633e+02 1.163872e+02
         vertex 2.544135e+02 1.039692e+02 1.166701e+02
         vertex 2.521998e+02 1.102737e+02 1.030296e+02
      endloop
   endfacet
   facet normal -6.704602e-01 6.256275e-01 3.988401e-01
      outer loop
         vertex 2.535110e+02 1.031633e+02 1.163872e+02
         vertex 2.521998e+02 1.102737e+02 1.030296e+02
         vertex 2.512950e+02 1.094172e+02 1.028522e+02
      endloop
   endfacet
   facet normal -7.872089e-01 -5.017776e-01 3.584988e-01
      outer loop
         vertex 2.505456e+02 -1.084378e+02 1.026017e+02
         vertex 2.533482e+02 -1.036957e+02 1.153931e+02
         vertex 2.525961e+02 -1.027727e+02 1.150335e+02
      endloop
   endfacet
   facet normal -7.774725e-01 -4.712560e-01 4.164785e-01
      outer loop
         vertex 2.525961e+02 -1.027727e+02 1.150335e+02
         vertex 2.533482e+02 -1.036957e+02 1.153931e+02
         vertex 2.554278e+02 -9.590229e+01 1.280936e+02
      endloop
   endfacet
   facet normal -7.816509e-01 -4.659682e-01 4.146028e-01
      outer loop
         vertex 2.525961e+02 -1.027727e+02 1.150335e+02
         vertex 2.554278e+02 -9.590229e+01 1.280936e+02
         vertex 2.546730e+02 -9.505341e+01 1.276247e+02
      endloop
   endfacet
   facet normal -7.724041e-01 -4.270990e-01 4.700833e-01
      outer loop
         vertex 2.546730e+02 -9.505341e+01 1.276247e+02
         vertex 2.554278e+02 -9.590229e+01 1.280936e+02
         vertex 2.573284e+02 -8.656585e+01 1.396992e+02
      endloop
   endfacet
   facet normal -7.762921e-01 -4.225771e-01 4.677597e-01
      outer loop
         vertex 2.546730e+02 -9.505341e+01 1.276247e+02
         vertex 2.573284e+02 -8.656585e+01 1.396992e+02
         vertex 2.565712e+02 -8.580348e+01 1.391314e+02
      endloop
   endfacet
   facet normal -7.679782e-01 -3.771701e-01 5.176410e-01
      outer loop
         vertex 2.565712e+02 -8.580348e+01 1.391314e+02
         vertex 2.573284e+02 -8.656585e+01 1.396992e+02
         vertex 2.590195e+02 -7.583836e+01 1.500245e+02
      endloop
   endfacet
   facet normal -7.715126e-01 -3.734768e-01 5.150567e-01
      outer loop
         vertex 2.565712e+02 -8.580348e+01 1.391314e+02
         vertex 2.590195e+02 -7.583836e+01 1.500245e+02
         vertex 2.582603e+02 -7.517342e+01 1.493696e+02
      endloop
   endfacet
   facet normal -7.642490e-01 -3.222626e-01 5.586325e-01
      outer loop
         vertex 2.582603e+02 -7.517342e+01 1.493696e+02
         vertex 2.590195e+02 -7.583836e+01 1.500245e+02
         vertex 2.604741e+02 -6.389359e+01 1.589053e+02
      endloop
   endfacet
   facet normal -7.673218e-01 -3.194562e-01 5.560261e-01
      outer loop
         vertex 2.582603e+02 -7.517342e+01 1.493696e+02
         vertex 2.604741e+02 -6.389359e+01 1.589053e+02
         vertex 2.597133e+02 -6.333549e+01 1.581760e+02
      endloop
   endfacet
   facet normal -7.612125e-01 -2.632344e-01 5.926746e-01
      outer loop
         vertex 2.597133e+02 -6.333549e+01 1.581760e+02
         vertex 2.604741e+02 -6.389359e+01 1.589053e+02
         vertex 2.616692e+02 -5.092420e+01 1.662005e+02
      endloop
   endfacet
   facet normal -7.637743e-01 -2.612610e-01 5.902470e-01
      outer loop
         vertex 2.597133e+02 -6.333549e+01 1.581760e+02
         vertex 2.616692e+02 -5.092420e+01 1.662005e+02
         vertex 2.609070e+02 -5.048076e+01 1.654105e+02
      endloop
   endfacet
   facet normal -7.589094e-01 -2.009090e-01 6.194289e-01
      outer loop
         vertex 2.609070e+02 -5.048076e+01 1.654105e+02
         vertex 2.616692e+02 -5.092420e+01 1.662005e+02
         vertex 2.625856e+02 -3.713874e+01 1.717946e+02
      endloop
   endfacet
   facet normal -7.609109e-01 -1.996720e-01 6.173700e-01
      outer loop
         vertex 2.609070e+02 -5.048076e+01 1.654105e+02
         vertex 2.625856e+02 -3.713874e+01 1.717946e+02
         vertex 2.618224e+02 -3.681609e+01 1.709582e+02
      endloop
   endfacet
   facet normal -7.573633e-01 -1.361247e-01 6.386477e-01
      outer loop
         vertex 2.618224e+02 -3.681609e+01 1.709582e+02
         vertex 2.625856e+02 -3.713874e+01 1.717946e+02
         vertex 2.632089e+02 -2.275830e+01 1.755988e+02
      endloop
   endfacet
   facet normal -7.587246e-01 -1.355003e-01 6.371629e-01
      outer loop
         vertex 2.618224e+02 -3.681609e+01 1.709582e+02
         vertex 2.632089e+02 -2.275830e+01 1.755988e+02
         vertex 2.624450e+02 -2.256090e+01 1.747311e+02
      endloop
   endfacet
   facet normal -7.565495e-01 -6.974761e-02 6.502062e-01
      outer loop
         vertex 2.624450e+02 -2.256090e+01 1.747311e+02
         vertex 2.632089e+02 -2.275830e+01 1.755988e+02
         vertex 2.635291e+02 -8.013149e+00 1.775531e+02
      endloop
   endfacet
   facet normal -7.572545e-01 -6.954010e-02 6.494073e-01
      outer loop
         vertex 2.624450e+02 -2.256090e+01 1.747311e+02
         vertex 2.635291e+02 -8.013149e+00 1.775531e+02
         vertex 2.627648e+02 -7.943700e+00 1.766693e+02
      endloop
   endfacet
   facet normal -7.564872e-01 -2.606841e-03 6.540033e-01
      outer loop
         vertex 2.627648e+02 -7.943700e+00 1.766693e+02
         vertex 2.635291e+02 -8.013149e+00 1.775531e+02
         vertex 2.635411e+02 6.860810e+00 1.776263e+02
      endloop
   endfacet
   facet normal -7.565047e-01 -2.604609e-03 6.539830e-01
      outer loop
         vertex 2.627648e+02 -7.943700e+00 1.766693e+02
         vertex 2.635411e+02 6.860810e+00 1.776263e+02
         vertex 2.627768e+02 6.801350e+00 1.767419e+02
      endloop
   endfacet
   facet normal -7.571605e-01 6.445356e-02 6.500413e-01
      outer loop
         vertex 2.627768e+02 6.801350e+00 1.767419e+02
         vertex 2.635411e+02 6.860810e+00 1.776263e+02
         vertex 2.632447e+02 2.162562e+01 1.758170e+02
      endloop
   endfacet
   facet normal -7.565148e-01 6.447989e-02 6.507901e-01
      outer loop
         vertex 2.627768e+02 6.801350e+00 1.767419e+02
         vertex 2.632447e+02 2.162562e+01 1.758170e+02
         vertex 2.624807e+02 2.143805e+01 1.749475e+02
      endloop
   endfacet
   facet normal -7.585874e-01 1.306045e-01 6.383476e-01
      outer loop
         vertex 2.624807e+02 2.143805e+01 1.749475e+02
         vertex 2.632447e+02 2.162562e+01 1.758170e+02
         vertex 2.626445e+02 3.604488e+01 1.721536e+02
      endloop
   endfacet
   facet normal -7.572517e-01 1.308817e-01 6.398749e-01
      outer loop
         vertex 2.624807e+02 2.143805e+01 1.749475e+02
         vertex 2.626445e+02 3.604488e+01 1.721536e+02
         vertex 2.618811e+02 3.573178e+01 1.713143e+02
      endloop
   endfacet
   facet normal -7.607141e-01 1.950308e-01 6.190937e-01
      outer loop
         vertex 2.618811e+02 3.573178e+01 1.713143e+02
         vertex 2.626445e+02 3.604488e+01 1.721536e+02
         vertex 2.617500e+02 4.988741e+01 1.666938e+02
      endloop
   endfacet
   facet normal -7.587423e-01 1.957623e-01 6.212787e-01
      outer loop
         vertex 2.618811e+02 3.573178e+01 1.713143e+02
         vertex 2.617500e+02 4.988741e+01 1.666938e+02
         vertex 2.609877e+02 4.945308e+01 1.658996e+02
      endloop
   endfacet
   facet normal -7.635467e-01 2.569122e-01 5.924463e-01
      outer loop
         vertex 2.609877e+02 4.945308e+01 1.658996e+02
         vertex 2.617500e+02 4.988741e+01 1.666938e+02
         vertex 2.605754e+02 6.293080e+01 1.595238e+02
      endloop
   endfacet
   facet normal -7.609750e-01 2.582732e-01 5.951571e-01
      outer loop
         vertex 2.609877e+02 4.945308e+01 1.658996e+02
         vertex 2.605754e+02 6.293080e+01 1.595238e+02
         vertex 2.598145e+02 6.238125e+01 1.587893e+02
      endloop
   endfacet
   facet normal -7.670544e-01 3.154539e-01 5.586738e-01
      outer loop
         vertex 2.598145e+02 6.238125e+01 1.587893e+02
         vertex 2.605754e+02 6.293080e+01 1.595238e+02
         vertex 2.591395e+02 7.496490e+01 1.507572e+02
      endloop
   endfacet
   facet normal -7.639241e-01 3.175838e-01 5.617477e-01
      outer loop
         vertex 2.598145e+02 6.238125e+01 1.587893e+02
         vertex 2.591395e+02 7.496490e+01 1.507572e+02
         vertex 2.583802e+02 7.430782e+01 1.500961e+02
      endloop
   endfacet
   facet normal -7.711934e-01 3.698738e-01 5.181256e-01
      outer loop
         vertex 2.583802e+02 7.430782e+01 1.500961e+02
         vertex 2.591395e+02 7.496490e+01 1.507572e+02
         vertex 2.574650e+02 8.579521e+01 1.405334e+02
      endloop
   endfacet
   facet normal -7.676059e-01 3.728253e-01 5.213277e-01
      outer loop
         vertex 2.583802e+02 7.430782e+01 1.500961e+02
         vertex 2.574650e+02 8.579521e+01 1.405334e+02
         vertex 2.567077e+02 8.503989e+01 1.399585e+02
      endloop
   endfacet
   facet normal -7.759629e-01 4.193712e-01 4.711788e-01
      outer loop
         vertex 2.567077e+02 8.503989e+01 1.399585e+02
         vertex 2.574650e+02 8.579521e+01 1.405334e+02
         vertex 2.555787e+02 9.524602e+01 1.290153e+02
      endloop
   endfacet
   facet normal -7.719641e-01 4.231870e-01 4.743250e-01
      outer loop
         vertex 2.567077e+02 8.503989e+01 1.399585e+02
         vertex 2.555787e+02 9.524602e+01 1.290153e+02
         vertex 2.548238e+02 9.440329e+01 1.285385e+02
      endloop
   endfacet
   facet normal -7.812923e-01 4.632150e-01 4.183471e-01
      outer loop
         vertex 2.548238e+02 9.440329e+01 1.285385e+02
         vertex 2.555787e+02 9.524602e+01 1.290153e+02
         vertex 2.535110e+02 1.031633e+02 1.163872e+02
      endloop
   endfacet
   facet normal -7.769594e-01 4.678655e-01 4.212316e-01
      outer loop
         vertex 2.548238e+02 9.440329e+01 1.285385e+02
         vertex 2.535110e+02 1.031633e+02 1.163872e+02
         vertex 2.527586e+02 1.022455e+02 1.160190e+02
      endloop
   endfacet
   facet normal -7.871279e-01 5.006792e-01 3.602083e-01
      outer loop
         vertex 2.527586e+02 1.022455e+02 1.160190e+02
         vertex 2.535110e+02 1.031633e+02 1.163872e+02
         vertex 2.512950e+02 1.094172e+02 1.028522e+02
      endloop
   endfacet
   facet normal -7.825817e-01 5.060358e-01 3.626206e-01
      outer loop
         vertex 2.527586e+02 1.022455e+02 1.160190e+02
         vertex 2.512950e+02 1.094172e+02 1.028522e+02
         vertex 2.505456e+02 1.084378e+02 1.026017e+02
      endloop
   endfacet
   facet normal -8.753052e-01 -3.687052e-01 3.128853e-01
      outer loop
         vertex 2.499727e+02 -1.073629e+02 1.022853e+02
         vertex 2.525961e+02 -1.027727e+02 1.150335e+02
         vertex 2.520152e+02 -1.017621e+02 1.145993e+02
      endloop
   endfacet
   facet normal -8.681597e-01 -3.462902e-01 3.555024e-01
      outer loop
         vertex 2.520152e+02 -1.017621e+02 1.145993e+02
         vertex 2.525961e+02 -1.027727e+02 1.150335e+02
         vertex 2.546730e+02 -9.505341e+01 1.276247e+02
      endloop
   endfacet
   facet normal -8.704631e-01 -3.421734e-01 3.538521e-01
      outer loop
         vertex 2.520152e+02 -1.017621e+02 1.145993e+02
         vertex 2.546730e+02 -9.505341e+01 1.276247e+02
         vertex 2.540844e+02 -9.412626e+01 1.270733e+02
      endloop
   endfacet
   facet normal -8.636732e-01 -3.136299e-01 3.945947e-01
      outer loop
         vertex 2.540844e+02 -9.412626e+01 1.270733e+02
         vertex 2.546730e+02 -9.505341e+01 1.276247e+02
         vertex 2.565712e+02 -8.580348e+01 1.391314e+02
      endloop
   endfacet
   facet normal -8.658481e-01 -3.101043e-01 3.926098e-01
      outer loop
         vertex 2.540844e+02 -9.412626e+01 1.270733e+02
         vertex 2.565712e+02 -8.580348e+01 1.391314e+02
         vertex 2.559757e+02 -8.497258e+01 1.384743e+02
      endloop
   endfacet
   facet normal -8.597470e-01 -2.767812e-01 4.292171e-01
      outer loop
         vertex 2.559757e+02 -8.497258e+01 1.384743e+02
         vertex 2.565712e+02 -8.580348e+01 1.391314e+02
         vertex 2.582603e+02 -7.517342e+01 1.493696e+02
      endloop
   endfacet
   facet normal -8.617223e-01 -2.739383e-01 4.270744e-01
      outer loop
         vertex 2.559757e+02 -8.497258e+01 1.384743e+02
         vertex 2.582603e+02 -7.517342e+01 1.493696e+02
         vertex 2.576587e+02 -7.445008e+01 1.486197e+02
      endloop
   endfacet
   facet normal -8.563951e-01 -2.363726e-01 4.590376e-01
      outer loop
         vertex 2.576587e+02 -7.445008e+01 1.486197e+02
         vertex 2.582603e+02 -7.517342e+01 1.493696e+02
         vertex 2.597133e+02 -6.333549e+01 1.581760e+02
      endloop
   endfacet
   facet normal -8.581428e-01 -2.341974e-01 4.568834e-01
      outer loop
         vertex 2.576587e+02 -7.445008e+01 1.486197e+02
         vertex 2.597133e+02 -6.333549e+01 1.581760e+02
         vertex 2.591066e+02 -6.272934e+01 1.573472e+02
      endloop
   endfacet
   facet normal -8.536643e-01 -1.929794e-01 4.837522e-01
      outer loop
         vertex 2.591066e+02 -6.272934e+01 1.573472e+02
         vertex 2.597133e+02 -6.333549e+01 1.581760e+02
         vertex 2.609070e+02 -5.048076e+01 1.654105e+02
      endloop
   endfacet
   facet normal -8.551180e-01 -1.914682e-01 4.817812e-01
      outer loop
         vertex 2.591066e+02 -6.272934e+01 1.573472e+02
         vertex 2.609070e+02 -5.048076e+01 1.654105e+02
         vertex 2.602962e+02 -4.999975e+01 1.645176e+02
      endloop
   endfacet
   facet normal -8.515529e-01 -1.472355e-01 5.031694e-01
      outer loop
         vertex 2.602962e+02 -4.999975e+01 1.645176e+02
         vertex 2.609070e+02 -5.048076e+01 1.654105e+02
         vertex 2.618224e+02 -3.681609e+01 1.709582e+02
      endloop
   endfacet
   facet normal -8.526979e-01 -1.462891e-01 5.015035e-01
      outer loop
         vertex 2.602962e+02 -4.999975e+01 1.645176e+02
         vertex 2.618224e+02 -3.681609e+01 1.709582e+02
         vertex 2.612085e+02 -3.646646e+01 1.700164e+02
      endloop
   endfacet
   facet normal -8.500990e-01 -9.973112e-02 5.170932e-01
      outer loop
         vertex 2.612085e+02 -3.646646e+01 1.700164e+02
         vertex 2.618224e+02 -3.681609e+01 1.709582e+02
         vertex 2.624450e+02 -2.256090e+01 1.747311e+02
      endloop
   endfacet
   facet normal -8.508777e-01 -9.925804e-02 5.159022e-01
      outer loop
         vertex 2.612085e+02 -3.646646e+01 1.700164e+02
         vertex 2.624450e+02 -2.256090e+01 1.747311e+02
         vertex 2.618290e+02 -2.234713e+01 1.737563e+02
      endloop
   endfacet
   facet normal -8.492845e-01 -5.109147e-02 5.254574e-01
      outer loop
         vertex 2.618290e+02 -2.234713e+01 1.737563e+02
         vertex 2.624450e+02 -2.256090e+01 1.747311e+02
         vertex 2.627648e+02 -7.943700e+00 1.766693e+02
      endloop
   endfacet
   facet normal -8.497039e-01 -5.093017e-02 5.247946e-01
      outer loop
         vertex 2.618290e+02 -2.234713e+01 1.737563e+02
         vertex 2.627648e+02 -7.943700e+00 1.766693e+02
         vertex 2.621477e+02 -7.868519e+00 1.756775e+02
      endloop
   endfacet
   facet normal -8.491421e-01 -1.909972e-03 5.281610e-01
      outer loop
         vertex 2.621477e+02 -7.868519e+00 1.756775e+02
         vertex 2.627648e+02 -7.943700e+00 1.766693e+02
         vertex 2.627768e+02 6.801350e+00 1.767419e+02
      endloop
   endfacet
   facet normal -8.491633e-01 -1.906597e-03 5.281270e-01
      outer loop
         vertex 2.621477e+02 -7.868519e+00 1.756775e+02
         vertex 2.627768e+02 6.801350e+00 1.767419e+02
         vertex 2.621597e+02 6.736984e+00 1.757494e+02
      endloop
   endfacet
   facet normal -8.496436e-01 4.720426e-02 5.252405e-01
      outer loop
         vertex 2.621597e+02 6.736984e+00 1.757494e+02
         vertex 2.627768e+02 6.801350e+00 1.767419e+02
         vertex 2.624807e+02 2.143805e+01 1.749475e+02
      endloop
   endfacet
   facet normal -8.492466e-01 4.723047e-02 5.258798e-01
      outer loop
         vertex 2.621597e+02 6.736984e+00 1.757494e+02
         vertex 2.624807e+02 2.143805e+01 1.749475e+02
         vertex 2.618645e+02 2.123495e+01 1.739707e+02
      endloop
   endfacet
   facet normal -8.507649e-01 9.566743e-02 5.167658e-01
      outer loop
         vertex 2.618645e+02 2.123495e+01 1.739707e+02
         vertex 2.624807e+02 2.143805e+01 1.749475e+02
         vertex 2.618811e+02 3.573178e+01 1.713143e+02
      endloop
   endfacet
   facet normal -8.500131e-01 9.588561e-02 5.179611e-01
      outer loop
         vertex 2.618645e+02 2.123495e+01 1.739707e+02
         vertex 2.618811e+02 3.573178e+01 1.713143e+02
         vertex 2.612671e+02 3.539253e+01 1.703694e+02
      endloop
   endfacet
   facet normal -8.525493e-01 1.428763e-01 5.027385e-01
      outer loop
         vertex 2.612671e+02 3.539253e+01 1.703694e+02
         vertex 2.618811e+02 3.573178e+01 1.713143e+02
         vertex 2.609877e+02 4.945308e+01 1.658996e+02
      endloop
   endfacet
   facet normal -8.514035e-01 1.434623e-01 5.045102e-01
      outer loop
         vertex 2.612671e+02 3.539253e+01 1.703694e+02
         vertex 2.609877e+02 4.945308e+01 1.658996e+02
         vertex 2.603766e+02 4.898201e+01 1.650024e+02
      endloop
   endfacet
   facet normal -8.549240e-01 1.882722e-01 4.833824e-01
      outer loop
         vertex 2.603766e+02 4.898201e+01 1.650024e+02
         vertex 2.609877e+02 4.945308e+01 1.658996e+02
         vertex 2.598145e+02 6.238125e+01 1.587893e+02
      endloop
   endfacet
   facet normal -8.534527e-01 1.893433e-01 4.855591e-01
      outer loop
         vertex 2.603766e+02 4.898201e+01 1.650024e+02
         vertex 2.598145e+02 6.238125e+01 1.587893e+02
         vertex 2.592075e+02 6.178446e+01 1.579551e+02
      endloop
   endfacet
   facet normal -8.579087e-01 2.312559e-01 4.588173e-01
      outer loop
         vertex 2.592075e+02 6.178446e+01 1.579551e+02
         vertex 2.598145e+02 6.238125e+01 1.587893e+02
         vertex 2.583802e+02 7.430782e+01 1.500961e+02
      endloop
   endfacet
   facet normal -8.561267e-01 2.329277e-01 4.612936e-01
      outer loop
         vertex 2.592075e+02 6.178446e+01 1.579551e+02
         vertex 2.583802e+02 7.430782e+01 1.500961e+02
         vertex 2.577782e+02 7.359312e+01 1.493397e+02
      endloop
   endfacet
   facet normal -8.614572e-01 2.712737e-01 4.293041e-01
      outer loop
         vertex 2.577782e+02 7.359312e+01 1.493397e+02
         vertex 2.583802e+02 7.430782e+01 1.500961e+02
         vertex 2.567077e+02 8.503989e+01 1.399585e+02
      endloop
   endfacet
   facet normal -8.594182e-01 2.735983e-01 4.319079e-01
      outer loop
         vertex 2.577782e+02 7.359312e+01 1.493397e+02
         vertex 2.567077e+02 8.503989e+01 1.399585e+02
         vertex 2.561117e+02 8.421682e+01 1.392939e+02
      endloop
   endfacet
   facet normal -8.655490e-01 3.077490e-01 3.951144e-01
      outer loop
         vertex 2.561117e+02 8.421682e+01 1.392939e+02
         vertex 2.567077e+02 8.503989e+01 1.399585e+02
         vertex 2.548238e+02 9.440329e+01 1.285385e+02
      endloop
   endfacet
   facet normal -8.632932e-01 3.107534e-01 3.976898e-01
      outer loop
         vertex 2.561117e+02 8.421682e+01 1.392939e+02
         vertex 2.548238e+02 9.440329e+01 1.285385e+02
         vertex 2.542346e+02 9.348301e+01 1.279786e+02
      endloop
   endfacet
   facet normal -8.701409e-01 3.401393e-01 3.565952e-01
      outer loop
         vertex 2.542346e+02 9.348301e+01 1.279786e+02
         vertex 2.548238e+02 9.440329e+01 1.285385e+02
         vertex 2.527586e+02 1.022455e+02 1.160190e+02
      endloop
   endfacet
   facet normal -8.677377e-01 3.437717e-01 3.589600e-01
      outer loop
         vertex 2.542346e+02 9.348301e+01 1.279786e+02
         vertex 2.527586e+02 1.022455e+02 1.160190e+02
         vertex 2.521772e+02 1.012407e+02 1.155756e+02
      endloop
   endfacet
   facet normal -8.752071e-01 3.678752e-01 3.141344e-01
      outer loop
         vertex 2.521772e+02 1.012407e+02 1.155756e+02
         vertex 2.527586e+02 1.022455e+02 1.160190e+02
         vertex 2.505456e+02 1.084378e+02 1.026017e+02
      endloop
   endfacet
   facet normal -8.726908e-01 3.720946e-01 3.161586e-01
      outer loop
         vertex 2.521772e+02 1.012407e+02 1.155756e+02
         vertex 2.505456e+02 1.084378e+02 1.026017e+02
         vertex 2.499727e+02 1.073629e+02 1.022853e+02
      endloop
   endfacet
   facet normal -9.393131e-01 -2.253979e-01 2.586248e-01
      outer loop
         vertex 2.495923e+02 -1.062229e+02 1.019118e+02
         vertex 2.520152e+02 -1.017621e+02 1.145993e+02
         vertex 2.516217e+02 -1.006919e+02 1.141026e+02
      endloop
   endfacet
   facet normal -9.349538e-01 -2.117016e-01 2.846821e-01
      outer loop
         vertex 2.516217e+02 -1.006919e+02 1.141026e+02
         vertex 2.520152e+02 -1.017621e+02 1.145993e+02
         vertex 2.540844e+02 -9.412626e+01 1.270733e+02
      endloop
   endfacet
   facet normal -9.358880e-01 -2.090922e-01 2.835386e-01
      outer loop
         vertex 2.516217e+02 -1.006919e+02 1.141026e+02
         vertex 2.540844e+02 -9.412626e+01 1.270733e+02
         vertex 2.536778e+02 -9.314573e+01 1.264541e+02
      endloop
   endfacet
   facet normal -9.317391e-01 -1.916500e-01 3.084355e-01
      outer loop
         vertex 2.536778e+02 -9.314573e+01 1.264541e+02
         vertex 2.540844e+02 -9.412626e+01 1.270733e+02
         vertex 2.559757e+02 -8.497258e+01 1.384743e+02
      endloop
   endfacet
   facet normal -9.326354e-01 -1.894282e-01 3.070962e-01
      outer loop
         vertex 2.536778e+02 -9.314573e+01 1.264541e+02
         vertex 2.559757e+02 -8.497258e+01 1.384743e+02
         vertex 2.555574e+02 -8.409499e+01 1.377452e+02
      endloop
   endfacet
   facet normal -9.289089e-01 -1.690735e-01 3.294576e-01
      outer loop
         vertex 2.555574e+02 -8.409499e+01 1.377452e+02
         vertex 2.559757e+02 -8.497258e+01 1.384743e+02
         vertex 2.576587e+02 -7.445008e+01 1.486197e+02
      endloop
   endfacet
   facet normal -9.297352e-01 -1.672891e-01 3.280347e-01
      outer loop
         vertex 2.555574e+02 -8.409499e+01 1.377452e+02
         vertex 2.576587e+02 -7.445008e+01 1.486197e+02
         vertex 2.572302e+02 -7.368694e+01 1.477943e+02
      endloop
   endfacet
   facet normal -9.264822e-01 -1.443472e-01 3.475553e-01
      outer loop
         vertex 2.572302e+02 -7.368694e+01 1.477943e+02
         vertex 2.576587e+02 -7.445008e+01 1.486197e+02
         vertex 2.591066e+02 -6.272934e+01 1.573472e+02
      endloop
   endfacet
   facet normal -9.272284e-01 -1.429760e-01 3.461292e-01
      outer loop
         vertex 2.572302e+02 -7.368694e+01 1.477943e+02
         vertex 2.591066e+02 -6.272934e+01 1.573472e+02
         vertex 2.586695e+02 -6.209046e+01 1.564400e+02
      endloop
   endfacet
   facet normal -9.244949e-01 -1.178141e-01 3.625315e-01
      outer loop
         vertex 2.586695e+02 -6.209046e+01 1.564400e+02
         vertex 2.591066e+02 -6.272934e+01 1.573472e+02
         vertex 2.602962e+02 -4.999975e+01 1.645176e+02
      endloop
   endfacet
   facet normal -9.251361e-01 -1.168433e-01 3.612075e-01
      outer loop
         vertex 2.586695e+02 -6.209046e+01 1.564400e+02
         vertex 2.602962e+02 -4.999975e+01 1.645176e+02
         vertex 2.598521e+02 -4.949317e+01 1.635440e+02
      endloop
   endfacet
   facet normal -9.229607e-01 -8.985069e-02 3.742597e-01
      outer loop
         vertex 2.598521e+02 -4.949317e+01 1.635440e+02
         vertex 2.602962e+02 -4.999975e+01 1.645176e+02
         vertex 2.612085e+02 -3.646646e+01 1.700164e+02
      endloop
   endfacet
   facet normal -9.234539e-01 -8.926387e-02 3.731820e-01
      outer loop
         vertex 2.598521e+02 -4.949317e+01 1.635440e+02
         vertex 2.612085e+02 -3.646646e+01 1.700164e+02
         vertex 2.607591e+02 -3.609847e+01 1.689923e+02
      endloop
   endfacet
   facet normal -9.218685e-01 -6.085532e-02 3.826946e-01
      outer loop
         vertex 2.607591e+02 -3.609847e+01 1.689923e+02
         vertex 2.612085e+02 -3.646646e+01 1.700164e+02
         vertex 2.618290e+02 -2.234713e+01 1.737563e+02
      endloop
   endfacet
   facet normal -9.222118e-01 -6.055812e-02 3.819138e-01
      outer loop
         vertex 2.607591e+02 -3.609847e+01 1.689923e+02
         vertex 2.618290e+02 -2.234713e+01 1.737563e+02
         vertex 2.613760e+02 -2.212222e+01 1.726981e+02
      endloop
   endfacet
   facet normal -9.212400e-01 -3.116931e-02 3.877440e-01
      outer loop
         vertex 2.613760e+02 -2.212222e+01 1.726981e+02
         vertex 2.618290e+02 -2.234713e+01 1.737563e+02
         vertex 2.621477e+02 -7.868519e+00 1.756775e+02
      endloop
   endfacet
   facet normal -9.214195e-01 -3.107200e-02 3.873250e-01
      outer loop
         vertex 2.613760e+02 -2.212222e+01 1.726981e+02
         vertex 2.621477e+02 -7.868519e+00 1.756775e+02
         vertex 2.616929e+02 -7.789439e+00 1.746019e+02
      endloop
   endfacet
   facet normal -9.210769e-01 -1.164319e-03 3.893790e-01
      outer loop
         vertex 2.616929e+02 -7.789439e+00 1.746019e+02
         vertex 2.621477e+02 -7.868519e+00 1.756775e+02
         vertex 2.621597e+02 6.736984e+00 1.757494e+02
      endloop
   endfacet
   facet normal -9.210776e-01 -1.164170e-03 3.893773e-01
      outer loop
         vertex 2.616929e+02 -7.789439e+00 1.746019e+02
         vertex 2.621597e+02 6.736984e+00 1.757494e+02
         vertex 2.617048e+02 6.669279e+00 1.746732e+02
      endloop
   endfacet
   facet normal -9.213708e-01 2.879918e-02 3.876164e-01
      outer loop
         vertex 2.617048e+02 6.669279e+00 1.746732e+02
         vertex 2.621597e+02 6.736984e+00 1.757494e+02
         vertex 2.618645e+02 2.123495e+01 1.739707e+02
      endloop
   endfacet
   facet normal -9.212171e-01 2.881504e-02 3.879803e-01
      outer loop
         vertex 2.617048e+02 6.669279e+00 1.746732e+02
         vertex 2.618645e+02 2.123495e+01 1.739707e+02
         vertex 2.614114e+02 2.102127e+01 1.729106e+02
      endloop
   endfacet
   facet normal -9.221433e-01 5.836306e-02 3.824206e-01
      outer loop
         vertex 2.614114e+02 2.102127e+01 1.729106e+02
         vertex 2.618645e+02 2.123495e+01 1.739707e+02
         vertex 2.612671e+02 3.539253e+01 1.703694e+02
      endloop
   endfacet
   facet normal -9.217916e-01 5.851232e-02 3.832447e-01
      outer loop
         vertex 2.614114e+02 2.102127e+01 1.729106e+02
         vertex 2.612671e+02 3.539253e+01 1.703694e+02
         vertex 2.608173e+02 3.503546e+01 1.693421e+02
      endloop
   endfacet
   facet normal -9.233394e-01 8.718790e-02 3.739554e-01
      outer loop
         vertex 2.608173e+02 3.503546e+01 1.693421e+02
         vertex 2.612671e+02 3.539253e+01 1.703694e+02
         vertex 2.603766e+02 4.898201e+01 1.650024e+02
      endloop
   endfacet
   facet normal -9.228496e-01 8.755256e-02 3.750776e-01
      outer loop
         vertex 2.608173e+02 3.503546e+01 1.693421e+02
         vertex 2.603766e+02 4.898201e+01 1.650024e+02
         vertex 2.599320e+02 4.848592e+01 1.640243e+02
      endloop
   endfacet
   facet normal -9.249977e-01 1.148962e-01 3.621851e-01
      outer loop
         vertex 2.599320e+02 4.848592e+01 1.640243e+02
         vertex 2.603766e+02 4.898201e+01 1.650024e+02
         vertex 2.592075e+02 6.178446e+01 1.579551e+02
      endloop
   endfacet
   facet normal -9.243532e-01 1.155815e-01 3.636099e-01
      outer loop
         vertex 2.599320e+02 4.848592e+01 1.640243e+02
         vertex 2.592075e+02 6.178446e+01 1.579551e+02
         vertex 2.587697e+02 6.115548e+01 1.570422e+02
      endloop
   endfacet
   facet normal -9.270730e-01 1.411638e-01 3.472874e-01
      outer loop
         vertex 2.587697e+02 6.115548e+01 1.570422e+02
         vertex 2.592075e+02 6.178446e+01 1.579551e+02
         vertex 2.577782e+02 7.359312e+01 1.493397e+02
      endloop
   endfacet
   facet normal -9.263035e-01 1.422260e-01 3.489035e-01
      outer loop
         vertex 2.587697e+02 6.115548e+01 1.570422e+02
         vertex 2.577782e+02 7.359312e+01 1.493397e+02
         vertex 2.573489e+02 7.283918e+01 1.485074e+02
      endloop
   endfacet
   facet normal -9.295577e-01 1.656382e-01 3.293728e-01
      outer loop
         vertex 2.573489e+02 7.283918e+01 1.485074e+02
         vertex 2.577782e+02 7.359312e+01 1.493397e+02
         vertex 2.561117e+02 8.421682e+01 1.392939e+02
      endloop
   endfacet
   facet normal -9.286817e-01 1.671233e-01 3.310892e-01
      outer loop
         vertex 2.573489e+02 7.283918e+01 1.485074e+02
         vertex 2.561117e+02 8.421682e+01 1.392939e+02
         vertex 2.556925e+02 8.334756e+01 1.385569e+02
      endloop
   endfacet
   facet normal -9.324261e-01 1.879803e-01 3.086179e-01
      outer loop
         vertex 2.556925e+02 8.334756e+01 1.385569e+02
         vertex 2.561117e+02 8.421682e+01 1.392939e+02
         vertex 2.542346e+02 9.348301e+01 1.279786e+02
      endloop
   endfacet
   facet normal -9.314787e-01 1.898823e-01 3.103096e-01
      outer loop
         vertex 2.556925e+02 8.334756e+01 1.385569e+02
         vertex 2.542346e+02 9.348301e+01 1.279786e+02
         vertex 2.538270e+02 9.250985e+01 1.273507e+02
      endloop
   endfacet
   facet normal -9.356622e-01 2.078354e-01 2.852029e-01
      outer loop
         vertex 2.538270e+02 9.250985e+01 1.273507e+02
         vertex 2.542346e+02 9.348301e+01 1.279786e+02
         vertex 2.521772e+02 1.012407e+02 1.155756e+02
      endloop
   endfacet
   facet normal -9.346558e-01 2.101665e-01 2.867903e-01
      outer loop
         vertex 2.538270e+02 9.250985e+01 1.273507e+02
         vertex 2.521772e+02 1.012407e+02 1.155756e+02
         vertex 2.517826e+02 1.001768e+02 1.150693e+02
      endloop
   endfacet
   facet normal -9.392213e-01 2.249005e-01 2.593897e-01
      outer loop
         vertex 2.517826e+02 1.001768e+02 1.150693e+02
         vertex 2.521772e+02 1.012407e+02 1.155756e+02
         vertex 2.499727e+02 1.073629e+02 1.022853e+02
      endloop
   endfacet
   facet normal -9.381931e-01 2.275938e-01 2.607581e-01
      outer loop
         vertex 2.517826e+02 1.001768e+02 1.150693e+02
         vertex 2.499727e+02 1.073629e+02 1.022853e+02
         vertex 2.495923e+02 1.062229e+02 1.019118e+02
      endloop
   endfacet
   facet normal -9.774195e-01 -7.585907e-02 1.972221e-01
      outer loop
         vertex 2.494153e+02 -1.050499e+02 1.014918e+02
         vertex 2.516217e+02 -1.006919e+02 1.141026e+02
         vertex 2.514262e+02 -9.959138e+01 1.135570e+02
      endloop
   endfacet
   facet normal -9.759559e-01 -7.125030e-02 2.059937e-01
      outer loop
         vertex 2.514262e+02 -9.959138e+01 1.135570e+02
         vertex 2.516217e+02 -1.006919e+02 1.141026e+02
         vertex 2.536778e+02 -9.314573e+01 1.264541e+02
      endloop
   endfacet
   facet normal -9.761112e-01 -7.034577e-02 2.055687e-01
      outer loop
         vertex 2.514262e+02 -9.959138e+01 1.135570e+02
         vertex 2.536778e+02 -9.314573e+01 1.264541e+02
         vertex 2.534640e+02 -9.213815e+01 1.257838e+02
      endloop
   endfacet
   facet normal -9.747157e-01 -6.447846e-02 2.139436e-01
      outer loop
         vertex 2.534640e+02 -9.213815e+01 1.257838e+02
         vertex 2.536778e+02 -9.314573e+01 1.264541e+02
         vertex 2.555574e+02 -8.409499e+01 1.377452e+02
      endloop
   endfacet
   facet normal -9.748697e-01 -6.372845e-02 2.134662e-01
      outer loop
         vertex 2.534640e+02 -9.213815e+01 1.257838e+02
         vertex 2.555574e+02 -8.409499e+01 1.377452e+02
         vertex 2.553272e+02 -8.319372e+01 1.369631e+02
      endloop
   endfacet
   facet normal -9.736164e-01 -5.688156e-02 2.209880e-01
      outer loop
         vertex 2.553272e+02 -8.319372e+01 1.369631e+02
         vertex 2.555574e+02 -8.409499e+01 1.377452e+02
         vertex 2.572302e+02 -7.368694e+01 1.477943e+02
      endloop
   endfacet
   facet normal -9.737684e-01 -5.626654e-02 2.204748e-01
      outer loop
         vertex 2.553272e+02 -8.319372e+01 1.369631e+02
         vertex 2.572302e+02 -7.368694e+01 1.477943e+02
         vertex 2.569857e+02 -7.290365e+01 1.469144e+02
      endloop
   endfacet
   facet normal -9.726743e-01 -4.854940e-02 2.270412e-01
      outer loop
         vertex 2.569857e+02 -7.290365e+01 1.469144e+02
         vertex 2.572302e+02 -7.368694e+01 1.477943e+02
         vertex 2.586695e+02 -6.209046e+01 1.564400e+02
      endloop
   endfacet
   facet normal -9.728180e-01 -4.807324e-02 2.265261e-01
      outer loop
         vertex 2.569857e+02 -7.290365e+01 1.469144e+02
         vertex 2.586695e+02 -6.209046e+01 1.564400e+02
         vertex 2.584129e+02 -6.143501e+01 1.554773e+02
      endloop
   endfacet
   facet normal -9.718991e-01 -3.961311e-02 2.320410e-01
      outer loop
         vertex 2.584129e+02 -6.143501e+01 1.554773e+02
         vertex 2.586695e+02 -6.209046e+01 1.564400e+02
         vertex 2.598521e+02 -4.949317e+01 1.635440e+02
      endloop
   endfacet
   facet normal -9.720154e-01 -3.930507e-02 2.316057e-01
      outer loop
         vertex 2.584129e+02 -6.143501e+01 1.554773e+02
         vertex 2.598521e+02 -4.949317e+01 1.635440e+02
         vertex 2.595856e+02 -4.897365e+01 1.625139e+02
      endloop
   endfacet
   facet normal -9.712837e-01 -3.022413e-02 2.359968e-01
      outer loop
         vertex 2.595856e+02 -4.897365e+01 1.625139e+02
         vertex 2.598521e+02 -4.949317e+01 1.635440e+02
         vertex 2.607591e+02 -3.609847e+01 1.689923e+02
      endloop
   endfacet
   facet normal -9.713840e-01 -3.002015e-02 2.356095e-01
      outer loop
         vertex 2.595856e+02 -4.897365e+01 1.625139e+02
         vertex 2.607591e+02 -3.609847e+01 1.689923e+02
         vertex 2.604852e+02 -3.572118e+01 1.679112e+02
      endloop
   endfacet
   facet normal -9.708510e-01 -2.046763e-02 2.388082e-01
      outer loop
         vertex 2.604852e+02 -3.572118e+01 1.679112e+02
         vertex 2.607591e+02 -3.609847e+01 1.689923e+02
         vertex 2.613760e+02 -2.212222e+01 1.726981e+02
      endloop
   endfacet
   facet normal -9.709255e-01 -2.035933e-02 2.385144e-01
      outer loop
         vertex 2.604852e+02 -3.572118e+01 1.679112e+02
         vertex 2.613760e+02 -2.212222e+01 1.726981e+02
         vertex 2.610971e+02 -2.189168e+01 1.715825e+02
      endloop
   endfacet
   facet normal -9.705989e-01 -1.047856e-02 2.404746e-01
      outer loop
         vertex 2.610971e+02 -2.189168e+01 1.715825e+02
         vertex 2.613760e+02 -2.212222e+01 1.726981e+02
         vertex 2.616929e+02 -7.789439e+00 1.746019e+02
      endloop
   endfacet
   facet normal -9.706330e-01 -1.044787e-02 2.403380e-01
      outer loop
         vertex 2.610971e+02 -2.189168e+01 1.715825e+02
         vertex 2.616929e+02 -7.789439e+00 1.746019e+02
         vertex 2.614114e+02 -7.708383e+00 1.734686e+02
      endloop
   endfacet
   facet normal -9.705179e-01 -3.921937e-04 2.410286e-01
      outer loop
         vertex 2.614114e+02 -7.708383e+00 1.734686e+02
         vertex 2.616929e+02 -7.789439e+00 1.746019e+02
         vertex 2.617048e+02 6.669279e+00 1.746732e+02
      endloop
   endfacet
   facet normal -9.705197e-01 -3.915511e-04 2.410214e-01
      outer loop
         vertex 2.614114e+02 -7.708383e+00 1.734686e+02
         vertex 2.617048e+02 6.669279e+00 1.746732e+02
         vertex 2.614232e+02 6.599884e+00 1.735392e+02
      endloop
   endfacet
   facet normal -9.706184e-01 9.684366e-03 2.404293e-01
      outer loop
         vertex 2.614232e+02 6.599884e+00 1.735392e+02
         vertex 2.617048e+02 6.669279e+00 1.746732e+02
         vertex 2.614114e+02 2.102127e+01 1.729106e+02
      endloop
   endfacet
   facet normal -9.705837e-01 9.690475e-03 2.405688e-01
      outer loop
         vertex 2.614232e+02 6.599884e+00 1.735392e+02
         vertex 2.614114e+02 2.102127e+01 1.729106e+02
         vertex 2.611322e+02 2.080224e+01 1.717930e+02
      endloop
   endfacet
   facet normal -9.708951e-01 1.962425e-02 2.386996e-01
      outer loop
         vertex 2.611322e+02 2.080224e+01 1.717930e+02
         vertex 2.614114e+02 2.102127e+01 1.729106e+02
         vertex 2.608173e+02 3.503546e+01 1.693421e+02
      endloop
   endfacet
   facet normal -9.708290e-01 1.967134e-02 2.389646e-01
      outer loop
         vertex 2.611322e+02 2.080224e+01 1.717930e+02
         vertex 2.608173e+02 3.503546e+01 1.693421e+02
         vertex 2.605430e+02 3.466938e+01 1.682577e+02
      endloop
   endfacet
   facet normal -9.713494e-01 2.931228e-02 2.358415e-01
      outer loop
         vertex 2.605430e+02 3.466938e+01 1.682577e+02
         vertex 2.608173e+02 3.503546e+01 1.693421e+02
         vertex 2.599320e+02 4.848592e+01 1.640243e+02
      endloop
   endfacet
   facet normal -9.712416e-01 2.944768e-02 2.362679e-01
      outer loop
         vertex 2.605430e+02 3.466938e+01 1.682577e+02
         vertex 2.599320e+02 4.848592e+01 1.640243e+02
         vertex 2.596650e+02 4.797717e+01 1.629898e+02
      endloop
   endfacet
   facet normal -9.719643e-01 3.864624e-02 2.319308e-01
      outer loop
         vertex 2.596650e+02 4.797717e+01 1.629898e+02
         vertex 2.599320e+02 4.848592e+01 1.640243e+02
         vertex 2.587697e+02 6.115548e+01 1.570422e+02
      endloop
   endfacet
   facet normal -9.718372e-01 3.887749e-02 2.324241e-01
      outer loop
         vertex 2.596650e+02 4.797717e+01 1.629898e+02
         vertex 2.587697e+02 6.115548e+01 1.570422e+02
         vertex 2.585123e+02 6.051021e+01 1.560737e+02
      endloop
   endfacet
   facet normal -9.727518e-01 4.748115e-02 2.269348e-01
      outer loop
         vertex 2.585123e+02 6.051021e+01 1.560737e+02
         vertex 2.587697e+02 6.115548e+01 1.570422e+02
         vertex 2.573489e+02 7.283918e+01 1.485074e+02
      endloop
   endfacet
   facet normal -9.726007e-01 4.784556e-02 2.275053e-01
      outer loop
         vertex 2.585123e+02 6.051021e+01 1.560737e+02
         vertex 2.573489e+02 7.283918e+01 1.485074e+02
         vertex 2.571034e+02 7.206534e+01 1.476207e+02
      endloop
   endfacet
   facet normal -9.736955e-01 5.572154e-02 2.209350e-01
      outer loop
         vertex 2.571034e+02 7.206534e+01 1.476207e+02
         vertex 2.573489e+02 7.283918e+01 1.485074e+02
         vertex 2.556925e+02 8.334756e+01 1.385569e+02
      endloop
   endfacet
   facet normal -9.735301e-01 5.622458e-02 2.215354e-01
      outer loop
         vertex 2.571034e+02 7.206534e+01 1.476207e+02
         vertex 2.556925e+02 8.334756e+01 1.385569e+02
         vertex 2.554612e+02 8.245490e+01 1.377669e+02
      endloop
   endfacet
   facet normal -9.747896e-01 6.324052e-02 2.139765e-01
      outer loop
         vertex 2.554612e+02 8.245490e+01 1.377669e+02
         vertex 2.556925e+02 8.334756e+01 1.385569e+02
         vertex 2.538270e+02 9.250985e+01 1.273507e+02
      endloop
   endfacet
   facet normal -9.746122e-01 6.390182e-02 2.145870e-01
      outer loop
         vertex 2.554612e+02 8.245490e+01 1.377669e+02
         vertex 2.538270e+02 9.250985e+01 1.273507e+02
         vertex 2.536119e+02 9.150989e+01 1.266714e+02
      endloop
   endfacet
   facet normal -9.760199e-01 6.994337e-02 2.061385e-01
      outer loop
         vertex 2.536119e+02 9.150989e+01 1.266714e+02
         vertex 2.538270e+02 9.250985e+01 1.273507e+02
         vertex 2.517826e+02 1.001768e+02 1.150693e+02
      endloop
   endfacet
   facet normal -9.758466e-01 7.072182e-02 2.066926e-01
      outer loop
         vertex 2.536119e+02 9.150989e+01 1.266714e+02
         vertex 2.517826e+02 1.001768e+02 1.150693e+02
         vertex 2.515856e+02 9.908281e+01 1.145138e+02
      endloop
   endfacet
   facet normal -9.773826e-01 7.567904e-02 1.974739e-01
      outer loop
         vertex 2.515856e+02 9.908281e+01 1.145138e+02
         vertex 2.517826e+02 1.001768e+02 1.150693e+02
         vertex 2.495923e+02 1.062229e+02 1.019118e+02
      endloop
   endfacet
   facet normal -9.772106e-01 7.660095e-02 1.979690e-01
      outer loop
         vertex 2.515856e+02 9.908281e+01 1.145138e+02
         vertex 2.495923e+02 1.062229e+02 1.019118e+02
         vertex 2.494153e+02 1.050499e+02 1.014918e+02
      endloop
   endfacet
   facet normal -4.601006e-01 -7.824152e-01 4.196830e-01
      outer loop
         vertex 2.285463e+02 -1.677514e+02 -4.500000e+01
         vertex 2.286800e+02 -1.678300e+02 -4.500000e+01
         vertex 2.300302e+02 -1.674924e+02 -4.289042e+01
      endloop
   endfacet
   facet normal -5.821249e-01 -7.221056e-01 3.737568e-01
      outer loop
         vertex 2.275282e+02 -1.670038e+02 -4.500000e+01
         vertex 2.280211e+02 -1.674012e+02 -4.500000e+01
         vertex 2.521998e+02 -1.102737e+02 1.030296e+02
      endloop
   endfacet
   facet normal -5.480610e-01 -7.463765e-01 3.775595e-01
      outer loop
         vertex 2.521998e+02 -1.102737e+02 1.030296e+02
         vertex 2.280211e+02 -1.674012e+02 -4.500000e+01
         vertex 2.532345e+02 -1.109832e+02 1.031291e+02
      endloop
   endfacet
   facet normal -6.470469e-01 -6.696856e-01 3.644880e-01
      outer loop
         vertex 2.275282e+02 -1.670038e+02 -4.500000e+01
         vertex 2.521998e+02 -1.102737e+02 1.030296e+02
         vertex 2.270711e+02 -1.665622e+02 -4.500000e+01
      endloop
   endfacet
   facet normal -6.777976e-01 -6.416247e-01 3.590378e-01
      outer loop
         vertex 2.270711e+02 -1.665622e+02 -4.500000e+01
         vertex 2.521998e+02 -1.102737e+02 1.030296e+02
         vertex 2.512950e+02 -1.094172e+02 1.028522e+02
      endloop
   endfacet
   facet normal -7.074157e-01 -6.125376e-01 3.526482e-01
      outer loop
         vertex 2.270711e+02 -1.665622e+02 -4.500000e+01
         vertex 2.512950e+02 -1.094172e+02 1.028522e+02
         vertex 2.266530e+02 -1.660793e+02 -4.500000e+01
      endloop
   endfacet
   facet normal -7.885017e-01 -5.188416e-01 3.302550e-01
      outer loop
         vertex 2.266530e+02 -1.660793e+02 -4.500000e+01
         vertex 2.512950e+02 -1.094172e+02 1.028522e+02
         vertex 2.505456e+02 -1.084378e+02 1.026017e+02
      endloop
   endfacet
   facet normal -7.884990e-01 -5.188451e-01 3.302560e-01
      outer loop
         vertex 2.266530e+02 -1.660793e+02 -4.500000e+01
         vertex 2.505456e+02 -1.084378e+02 1.026017e+02
         vertex 2.259453e+02 -1.650039e+02 -4.500000e+01
      endloop
   endfacet
   facet normal -8.769744e-01 -3.813941e-01 2.923259e-01
      outer loop
         vertex 2.259453e+02 -1.650039e+02 -4.500000e+01
         vertex 2.505456e+02 -1.084378e+02 1.026017e+02
         vertex 2.499727e+02 -1.073629e+02 1.022853e+02
      endloop
   endfacet
   facet normal -8.769728e-01 -3.813970e-01 2.923267e-01
      outer loop
         vertex 2.259453e+02 -1.650039e+02 -4.500000e+01
         vertex 2.499727e+02 -1.073629e+02 1.022853e+02
         vertex 2.254251e+02 -1.638077e+02 -4.500000e+01
      endloop
   endfacet
   facet normal -9.407475e-01 -2.332251e-01 2.461712e-01
      outer loop
         vertex 2.254251e+02 -1.638077e+02 -4.500000e+01
         vertex 2.499727e+02 -1.073629e+02 1.022853e+02
         vertex 2.495923e+02 -1.062229e+02 1.019118e+02
      endloop
   endfacet
   facet normal -9.407498e-01 -2.332182e-01 2.461689e-01
      outer loop
         vertex 2.254251e+02 -1.638077e+02 -4.500000e+01
         vertex 2.495923e+02 -1.062229e+02 1.019118e+02
         vertex 2.251070e+02 -1.625246e+02 -4.500000e+01
      endloop
   endfacet
   facet normal -9.780394e-01 -7.847619e-02 1.930813e-01
      outer loop
         vertex 2.251070e+02 -1.625246e+02 -4.500000e+01
         vertex 2.495923e+02 -1.062229e+02 1.019118e+02
         vertex 2.494153e+02 -1.050499e+02 1.014918e+02
      endloop
   endfacet
   facet normal -9.780379e-01 -7.848601e-02 1.930849e-01
      outer loop
         vertex 2.251070e+02 -1.625246e+02 -4.500000e+01
         vertex 2.494153e+02 -1.050499e+02 1.014918e+02
         vertex 2.250000e+02 -1.611906e+02 -4.500000e+01
      endloop
   endfacet
   facet normal -4.149241e-02 -9.306424e-01 3.635699e-01
      outer loop
         vertex 2.323025e+02 -1.669244e+02 -4.031013e+01
         vertex 2.330291e+02 -1.667427e+02 -3.976229e+01
         vertex 2.568133e+02 -1.120532e+02 1.029427e+02
      endloop
   endfacet
   facet normal -1.245470e-01 -9.192629e-01 3.734218e-01
      outer loop
         vertex 2.323025e+02 -1.669244e+02 -4.031013e+01
         vertex 2.568133e+02 -1.120532e+02 1.029427e+02
         vertex 2.315570e+02 -1.671107e+02 -4.101761e+01
      endloop
   endfacet
   facet normal -5.130711e-01 -7.694538e-01 3.803932e-01
      outer loop
         vertex 2.280211e+02 -1.674012e+02 -4.500000e+01
         vertex 2.285463e+02 -1.677514e+02 -4.500000e+01
         vertex 2.532345e+02 -1.109832e+02 1.031291e+02
      endloop
   endfacet
   facet normal -4.028942e-01 -8.301898e-01 3.853066e-01
      outer loop
         vertex 2.532345e+02 -1.109832e+02 1.031291e+02
         vertex 2.285463e+02 -1.677514e+02 -4.500000e+01
         vertex 2.300302e+02 -1.674924e+02 -4.289042e+01
      endloop
   endfacet
   facet normal -4.028895e-01 -8.301920e-01 3.853067e-01
      outer loop
         vertex 2.532345e+02 -1.109832e+02 1.031291e+02
         vertex 2.300302e+02 -1.674924e+02 -4.289042e+01
         vertex 2.543699e+02 -1.115256e+02 1.031477e+02
      endloop
   endfacet
   facet normal -2.463622e-01 -8.905668e-01 3.823565e-01
      outer loop
         vertex 2.543699e+02 -1.115256e+02 1.031477e+02
         vertex 2.300302e+02 -1.674924e+02 -4.289042e+01
         vertex 2.315570e+02 -1.671107e+02 -4.101761e+01
      endloop
   endfacet
   facet normal -2.463662e-01 -8.905656e-01 3.823567e-01
      outer loop
         vertex 2.543699e+02 -1.115256e+02 1.031477e+02
         vertex 2.315570e+02 -1.671107e+02 -4.101761e+01
         vertex 2.555741e+02 -1.118856e+02 1.030850e+02
      endloop
   endfacet
   facet normal -8.289894e-02 -9.258679e-01 3.686412e-01
      outer loop
         vertex 2.555741e+02 -1.118856e+02 1.030850e+02
         vertex 2.315570e+02 -1.671107e+02 -4.101761e+01
         vertex 2.568133e+02 -1.120532e+02 1.029427e+02
      endloop
   endfacet
endsolid