solid on-z
   facet normal 0.000000e+00 0.000000e+00 -1.000000e+00
      outer loop
         vertex -1.539091e+01 -1.377138e+02 4.050000e+02
         vertex -7.814168e+00 -1.356837e+02 4.050000e+02
         vertex -2.221019e-14 -1.800000e+02 4.050000e+02
      endloop
   endfacet
   facet normal 0.000000e+00 0.000000e+00 -1.000000e+00
      outer loop
         vertex -2.221019e-14 -1.800000e+02 4.050000e+02
         vertex -7.814168e+00 -1.356837e+02 4.050000e+02
         vertex -3.323201e-14 -1.350000e+02 4.050000e+02
      endloop
   endfacet
   facet normal 0.000000e+00 0.000000e+00 -1.000000e+00
      outer loop
         vertex -2.221019e-14 -1.800000e+02 4.050000e+02
         vertex -3.323201e-14 -1.350000e+02 4.050000e+02
         vertex 7.814168e+00 -1.356837e+02 4.050000e+02
      endloop
   endfacet
   facet normal 0.000000e+00 0.000000e+00 -1.000000e+00
      outer loop
         vertex -3.447200e+01 -1.510746e+02 4.050000e+02
         vertex -2.892544e+01 -1.455280e+02 4.050000e+02
         vertex -2.221019e-14 -1.800000e+02 4.050000e+02
      endloop
   endfacet
   facet normal 0.000000e+00 0.000000e+00 -1.000000e+00
      outer loop
         vertex -2.221019e-14 -1.800000e+02 4.050000e+02
         vertex -2.892544e+01 -1.455280e+02 4.050000e+02
         vertex -2.250000e+01 -1.410289e+02 4.050000e+02
      endloop
   endfacet
   facet normal 0.000000e+00 0.000000e+00 -1.000000e+00
      outer loop
         vertex -2.221019e-14 -1.800000e+02 4.050000e+02
         vertex -2.250000e+01 -1.410289e+02 4.050000e+02
         vertex -1.539091e+01 -1.377138e+02 4.050000e+02
      endloop
   endfacet
   facet normal 0.000000e+00 0.000000e+00 -1.000000e+00
      outer loop
         vertex -4.431635e+01 -1.721858e+02 4.050000e+02
         vertex -4.228617e+01 -1.646091e+02 4.050000e+02
         vertex -2.221019e-14 -1.800000e+02 4.050000e+02
      endloop
   endfacet
   facet normal 0.000000e+00 0.000000e+00 -1.000000e+00
      outer loop
         vertex -2.221019e-14 -1.800000e+02 4.050000e+02
         vertex -4.228617e+01 -1.646091e+02 4.050000e+02
         vertex -3.897114e+01 -1.575000e+02 4.050000e+02
      endloop
   endfacet
   facet normal 0.000000e+00 0.000000e+00 -1.000000e+00
      outer loop
         vertex -2.221019e-14 -1.800000e+02 4.050000e+02
         vertex -3.897114e+01 -1.575000e+02 4.050000e+02
         vertex -3.447200e+01 -1.510746e+02 4.050000e+02
      endloop
   endfacet
   facet normal 0.000000e+00 0.000000e+00 -1.000000e+00
      outer loop
         vertex -4.228617e+01 -1.953909e+02 4.050000e+02
         vertex -4.431635e+01 -1.878142e+02 4.050000e+02
         vertex -2.221019e-14 -1.800000e+02 4.050000e+02
      endloop
   endfacet
   facet normal -0.000000e+00 0.000000e+00 -1.000000e+00
      outer loop
         vertex -2.221019e-14 -1.800000e+02 4.050000e+02
         vertex -4.431635e+01 -1.878142e+02 4.050000e+02
         vertex -4.500000e+01 -1.800000e+02 4.050000e+02
      endloop
   endfacet
   facet normal 0.000000e+00 0.000000e+00 -1.000000e+00
      outer loop
         vertex -2.221019e-14 -1.800000e+02 4.050000e+02
         vertex -4.500000e+01 -1.800000e+02 4.050000e+02
         vertex -4.431635e+01 -1.721858e+02 4.050000e+02
      endloop
   endfacet
   facet normal 0.000000e+00 0.000000e+00 -1.000000e+00
      outer loop
         vertex -2.892544e+01 -2.144720e+02 4.050000e+02
         vertex -3.447200e+01 -2.089254e+02 4.050000e+02
         vertex -2.221019e-14 -1.800000e+02 4.050000e+02
      endloop
   endfacet
   facet normal 0.000000e+00 0.000000e+00 -1.000000e+00
      outer loop
         vertex -2.221019e-14 -1.800000e+02 4.050000e+02
         vertex -3.447200e+01 -2.089254e+02 4.050000e+02
         vertex -3.897114e+01 -2.025000e+02 4.050000e+02
      endloop
   endfacet
   facet normal 0.000000e+00 0.000000e+00 -1.000000e+00
      outer loop
         vertex -2.221019e-14 -1.800000e+02 4.050000e+02
         vertex -3.897114e+01 -2.025000e+02 4.050000e+02
         vertex -4.228617e+01 -1.953909e+02 4.050000e+02
      endloop
   endfacet
   facet normal 0.000000e+00 0.000000e+00 -1.000000e+00
      outer loop
         vertex -7.814168e+00 -2.243163e+02 4.050000e+02
         vertex -1.539091e+01 -2.222862e+02 4.050000e+02
         vertex -2.221019e-14 -1.800000e+02 4.050000e+02
      endloop
   endfacet
   facet normal 0.000000e+00 0.000000e+00 -1.000000e+00
      outer loop
         vertex -2.221019e-14 -1.800000e+02 4.050000e+02
         vertex -1.539091e+01 -2.222862e+02 4.050000e+02
         vertex -2.250000e+01 -2.189711e+02 4.050000e+02
      endloop
   endfacet
   facet normal 0.000000e+00 0.000000e+00 -1.000000e+00
      outer loop
         vertex -2.221019e-14 -1.800000e+02 4.050000e+02
         vertex -2.250000e+01 -2.189711e+02 4.050000e+02
         vertex -2.892544e+01 -2.144720e+02 4.050000e+02
      endloop
   endfacet
   facet normal -0.000000e+00 0.000000e+00 -1.000000e+00
      outer loop
         vertex 1.539091e+01 -2.222862e+02 4.050000e+02
         vertex 7.814168e+00 -2.243163e+02 4.050000e+02
         vertex -2.221019e-14 -1.800000e+02 4.050000e+02
      endloop
   endfacet
   facet normal 0.000000e+00 0.000000e+00 -1.000000e+00
      outer loop
         vertex -2.221019e-14 -1.800000e+02 4.050000e+02
         vertex 7.814168e+00 -2.243163e+02 4.050000e+02
         vertex -1.669928e-14 -2.250000e+02 4.050000e+02
      endloop
   endfacet
   facet normal 0.000000e+00 -0.000000e+00 -1.000000e+00
      outer loop
         vertex -2.221019e-14 -1.800000e+02 4.050000e+02
         vertex -1.669928e-14 -2.250000e+02 4.050000e+02
         vertex -7.814168e+00 -2.243163e+02 4.050000e+02
      endloop
   endfacet
   facet normal -0.000000e+00 0.000000e+00 -1.000000e+00
      outer loop
         vertex 3.447200e+01 -2.089254e+02 4.050000e+02
         vertex 2.892544e+01 -2.144720e+02 4.050000e+02
         vertex -2.221019e-14 -1.800000e+02 4.050000e+02
      endloop
   endfacet
   facet normal 0.000000e+00 0.000000e+00 -1.000000e+00
      outer loop
         vertex -2.221019e-14 -1.800000e+02 4.050000e+02
         vertex 2.892544e+01 -2.144720e+02 4.050000e+02
         vertex 2.250000e+01 -2.189711e+02 4.050000e+02
      endloop
   endfacet
   facet normal 0.000000e+00 0.000000e+00 -1.000000e+00
      outer loop
         vertex -2.221019e-14 -1.800000e+02 4.050000e+02
         vertex 2.250000e+01 -2.189711e+02 4.050000e+02
         vertex 1.539091e+01 -2.222862e+02 4.050000e+02
      endloop
   endfacet
   facet normal -0.000000e+00 0.000000e+00 -1.000000e+00
      outer loop
         vertex 4.431635e+01 -1.878142e+02 4.050000e+02
         vertex 4.228617e+01 -1.953909e+02 4.050000e+02
         vertex -2.221019e-14 -1.800000e+02 4.050000e+02
      endloop
   endfacet
   facet normal 0.000000e+00 0.000000e+00 -1.000000e+00
      outer loop
         vertex -2.221019e-14 -1.800000e+02 4.050000e+02
         vertex 4.228617e+01 -1.953909e+02 4.050000e+02
         vertex 3.897114e+01 -2.025000e+02 4.050000e+02
      endloop
   endfacet
   facet normal 0.000000e+00 0.000000e+00 -1.000000e+00
      outer loop
         vertex -2.221019e-14 -1.800000e+02 4.050000e+02
         vertex 3.897114e+01 -2.025000e+02 4.050000e+02
         vertex 3.447200e+01 -2.089254e+02 4.050000e+02
      endloop
   endfacet
   facet normal 0.000000e+00 -0.000000e+00 -1.000000e+00
      outer loop
         vertex 4.228617e+01 -1.646091e+02 4.050000e+02
         vertex 4.431635e+01 -1.721858e+02 4.050000e+02
         vertex -2.221019e-14 -1.800000e+02 4.050000e+02
      endloop
   endfacet
   facet normal 0.000000e+00 0.000000e+00 -1.000000e+00
      outer loop
         vertex -2.221019e-14 -1.800000e+02 4.050000e+02
         vertex 4.431635e+01 -1.721858e+02 4.050000e+02
         vertex 4.500000e+01 -1.800000e+02 4.050000e+02
      endloop
   endfacet
   facet normal 0.000000e+00 0.000000e+00 -1.000000e+00
      outer loop
         vertex -2.221019e-14 -1.800000e+02 4.050000e+02
         vertex 4.500000e+01 -1.800000e+02 4.050000e+02
         vertex 4.431635e+01 -1.878142e+02 4.050000e+02
      endloop
   endfacet
   facet normal 0.000000e+00 -0.000000e+00 -1.000000e+00
      outer loop
         vertex 2.892544e+01 -1.455280e+02 4.050000e+02
         vertex 3.447200e+01 -1.510746e+02 4.050000e+02
         vertex -2.221019e-14 -1.800000e+02 4.050000e+02
      endloop
   endfacet
   facet normal 0.000000e+00 0.000000e+00 -1.000000e+00
      outer loop
         vertex -2.221019e-14 -1.800000e+02 4.050000e+02
         vertex 3.447200e+01 -1.510746e+02 4.050000e+02
         vertex 3.897114e+01 -1.575000e+02 4.050000e+02
      endloop
   endfacet
   facet normal 0.000000e+00 0.000000e+00 -1.000000e+00
      outer loop
         vertex -2.221019e-14 -1.800000e+02 4.050000e+02
         vertex 3.897114e+01 -1.575000e+02 4.050000e+02
         vertex 4.228617e+01 -1.646091e+02 4.050000e+02
      endloop
   endfacet
   facet normal 0.000000e+00 -0.000000e+00 -1.000000e+00
      outer loop
         vertex 7.814168e+00 -1.356837e+02 4.050000e+02
         vertex 1.539091e+01 -1.377138e+02 4.050000e+02
         vertex -2.221019e-14 -1.800000e+02 4.050000e+02
      endloop
   endfacet
   facet normal 0.000000e+00 0.000000e+00 -1.000000e+00
      outer loop
         vertex -2.221019e-14 -1.800000e+02 4.050000e+02
         vertex 1.539091e+01 -1.377138e+02 4.050000e+02
         vertex 2.250000e+01 -1.410289e+02 4.050000e+02
      endloop
   endfacet
   facet normal 0.000000e+00 0.000000e+00 -1.000000e+00
      outer loop
         vertex -2.221019e-14 -1.800000e+02 4.050000e+02
         vertex 2.250000e+01 -1.410289e+02 4.050000e+02
         vertex 2.892544e+01 -1.455280e+02 4.050000e+02
      endloop
   endfacet
   facet normal -8.715565e-02 -9.961947e-01 -0.000000e+00
      outer loop
         vertex -3.323201e-14 -1.350000e+02 4.050000e+02
         vertex -3.323201e-14 -1.350000e+02 3.450000e+02
         vertex 7.814168e+00 -1.356837e+02 4.050000e+02
      endloop
   endfacet
   facet normal -8.715565e-02 -9.961947e-01 -0.000000e+00
      outer loop
         vertex 7.814168e+00 -1.356837e+02 4.050000e+02
         vertex -3.323201e-14 -1.350000e+02 3.450000e+02
         vertex 7.814168e+00 -1.356837e+02 3.450000e+02
      endloop
   endfacet
   facet normal -2.588188e-01 -9.659259e-01 -0.000000e+00
      outer loop
         vertex 7.814168e+00 -1.356837e+02 4.050000e+02
         vertex 7.814168e+00 -1.356837e+02 3.450000e+02
         vertex 1.539091e+01 -1.377138e+02 4.050000e+02
      endloop
   endfacet
   facet normal -2.588188e-01 -9.659259e-01 -0.000000e+00
      outer loop
         vertex 1.539091e+01 -1.377138e+02 4.050000e+02
         vertex 7.814168e+00 -1.356837e+02 3.450000e+02
         vertex 1.539091e+01 -1.377138e+02 3.450000e+02
      endloop
   endfacet
   facet normal -4.226174e-01 -9.063082e-01 -0.000000e+00
      outer loop
         vertex 1.539091e+01 -1.377138e+02 4.050000e+02
         vertex 1.539091e+01 -1.377138e+02 3.450000e+02
         vertex 2.250000e+01 -1.410289e+02 4.050000e+02
      endloop
   endfacet
   facet normal -4.226174e-01 -9.063082e-01 -0.000000e+00
      outer loop
         vertex 2.250000e+01 -1.410289e+02 4.050000e+02
         vertex 1.539091e+01 -1.377138e+02 3.450000e+02
         vertex 2.250000e+01 -1.410289e+02 3.450000e+02
      endloop
   endfacet
   facet normal -5.735772e-01 -8.191515e-01 -0.000000e+00
      outer loop
         vertex 2.250000e+01 -1.410289e+02 4.050000e+02
         vertex 2.250000e+01 -1.410289e+02 3.450000e+02
         vertex 2.892544e+01 -1.455280e+02 4.050000e+02
      endloop
   endfacet
   facet normal -5.735772e-01 -8.191515e-01 -0.000000e+00
      outer loop
         vertex 2.892544e+01 -1.455280e+02 4.050000e+02
         vertex 2.250000e+01 -1.410289e+02 3.450000e+02
         vertex 2.892544e+01 -1.455280e+02 3.450000e+02
      endloop
   endfacet
   facet normal -7.071067e-01 -7.071069e-01 -0.000000e+00
      outer loop
         vertex 2.892544e+01 -1.455280e+02 4.050000e+02
         vertex 2.892544e+01 -1.455280e+02 3.450000e+02
         vertex 3.447200e+01 -1.510746e+02 4.050000e+02
      endloop
   endfacet
   facet normal -7.071067e-01 -7.071069e-01 -0.000000e+00
      outer loop
         vertex 3.447200e+01 -1.510746e+02 4.050000e+02
         vertex 2.892544e+01 -1.455280e+02 3.450000e+02
         vertex 3.447200e+01 -1.510746e+02 3.450000e+02
      endloop
   endfacet
   facet normal -8.191519e-01 -5.735767e-01 -0.000000e+00
      outer loop
         vertex 3.447200e+01 -1.510746e+02 4.050000e+02
         vertex 3.447200e+01 -1.510746e+02 3.450000e+02
         vertex 3.897114e+01 -1.575000e+02 4.050000e+02
      endloop
   endfacet
   facet normal -8.191519e-01 -5.735767e-01 -0.000000e+00
      outer loop
         vertex 3.897114e+01 -1.575000e+02 4.050000e+02
         vertex 3.447200e+01 -1.510746e+02 3.450000e+02
         vertex 3.897114e+01 -1.575000e+02 3.450000e+02
      endloop
   endfacet
   facet normal -9.063078e-01 -4.226183e-01 -0.000000e+00
      outer loop
         vertex 3.897114e+01 -1.575000e+02 4.050000e+02
         vertex 3.897114e+01 -1.575000e+02 3.450000e+02
         vertex 4.228617e+01 -1.646091e+02 4.050000e+02
      endloop
   endfacet
   facet normal -9.063078e-01 -4.226183e-01 -0.000000e+00
      outer loop
         vertex 4.228617e+01 -1.646091e+02 4.050000e+02
         vertex 3.897114e+01 -1.575000e+02 3.450000e+02
         vertex 4.228617e+01 -1.646091e+02 3.450000e+02
      endloop
   endfacet
   facet normal -9.659260e-01 -2.588185e-01 -0.000000e+00
      outer loop
         vertex 4.228617e+01 -1.646091e+02 4.050000e+02
         vertex 4.228617e+01 -1.646091e+02 3.450000e+02
         vertex 4.431635e+01 -1.721858e+02 4.050000e+02
      endloop
   endfacet
   facet normal -9.659260e-01 -2.588185e-01 -0.000000e+00
      outer loop
         vertex 4.431635e+01 -1.721858e+02 4.050000e+02
         vertex 4.228617e+01 -1.646091e+02 3.450000e+02
         vertex 4.431635e+01 -1.721858e+02 3.450000e+02
      endloop
   endfacet
   facet normal -9.961947e-01 -8.715611e-02 -0.000000e+00
      outer loop
         vertex 4.431635e+01 -1.721858e+02 4.050000e+02
         vertex 4.431635e+01 -1.721858e+02 3.450000e+02
         vertex 4.500000e+01 -1.800000e+02 4.050000e+02
      endloop
   endfacet
   facet normal -9.961947e-01 -8.715611e-02 -0.000000e+00
      outer loop
         vertex 4.500000e+01 -1.800000e+02 4.050000e+02
         vertex 4.431635e+01 -1.721858e+02 3.450000e+02
         vertex 4.500000e+01 -1.800000e+02 3.450000e+02
      endloop
   endfacet
   facet normal -9.961947e-01 8.715628e-02 0.000000e+00
      outer loop
         vertex 4.500000e+01 -1.800000e+02 4.050000e+02
         vertex 4.500000e+01 -1.800000e+02 3.450000e+02
         vertex 4.431635e+01 -1.878142e+02 4.050000e+02
      endloop
   endfacet
   facet normal -9.961947e-01 8.715628e-02 0.000000e+00
      outer loop
         vertex 4.431635e+01 -1.878142e+02 4.050000e+02
         vertex 4.500000e+01 -1.800000e+02 3.450000e+02
         vertex 4.431635e+01 -1.878142e+02 3.450000e+02
      endloop
   endfacet
   facet normal -9.659260e-01 2.588185e-01 0.000000e+00
      outer loop
         vertex 4.431635e+01 -1.878142e+02 4.050000e+02
         vertex 4.431635e+01 -1.878142e+02 3.450000e+02
         vertex 4.228617e+01 -1.953909e+02 4.050000e+02
      endloop
   endfacet
   facet normal -9.659260e-01 2.588185e-01 0.000000e+00
      outer loop
         vertex 4.228617e+01 -1.953909e+02 4.050000e+02
         vertex 4.431635e+01 -1.878142e+02 3.450000e+02
         vertex 4.228617e+01 -1.953909e+02 3.450000e+02
      endloop
   endfacet
   facet normal -9.063078e-01 4.226183e-01 0.000000e+00
      outer loop
         vertex 4.228617e+01 -1.953909e+02 4.050000e+02
         vertex 4.228617e+01 -1.953909e+02 3.450000e+02
         vertex 3.897114e+01 -2.025000e+02 4.050000e+02
      endloop
   endfacet
   facet normal -9.063078e-01 4.226183e-01 0.000000e+00
      outer loop
         vertex 3.897114e+01 -2.025000e+02 4.050000e+02
         vertex 4.228617e+01 -1.953909e+02 3.450000e+02
         vertex 3.897114e+01 -2.025000e+02 3.450000e+02
      endloop
   endfacet
   facet normal -8.191519e-01 5.735767e-01 0.000000e+00
      outer loop
         vertex 3.897114e+01 -2.025000e+02 4.050000e+02
         vertex 3.897114e+01 -2.025000e+02 3.450000e+02
         vertex 3.447200e+01 -2.089254e+02 4.050000e+02
      endloop
   endfacet
   facet normal -8.191519e-01 5.735767e-01 0.000000e+00
      outer loop
         vertex 3.447200e+01 -2.089254e+02 4.050000e+02
         vertex 3.897114e+01 -2.025000e+02 3.450000e+02
         vertex 3.447200e+01 -2.089254e+02 3.450000e+02
      endloop
   endfacet
   facet normal -7.071067e-01 7.071069e-01 0.000000e+00
      outer loop
         vertex 3.447200e+01 -2.089254e+02 4.050000e+02
         vertex 3.447200e+01 -2.089254e+02 3.450000e+02
         vertex 2.892544e+01 -2.144720e+02 4.050000e+02
      endloop
   endfacet
   facet normal -7.071067e-01 7.071069e-01 0.000000e+00
      outer loop
         vertex 2.892544e+01 -2.144720e+02 4.050000e+02
         vertex 3.447200e+01 -2.089254e+02 3.450000e+02
         vertex 2.892544e+01 -2.144720e+02 3.450000e+02
      endloop
   endfacet
   facet normal -5.735772e-01 8.191515e-01 0.000000e+00
      outer loop
         vertex 2.892544e+01 -2.144720e+02 4.050000e+02
         vertex 2.892544e+01 -2.144720e+02 3.450000e+02
         vertex 2.250000e+01 -2.189711e+02 4.050000e+02
      endloop
   endfacet
   facet normal -5.735772e-01 8.191515e-01 0.000000e+00
      outer loop
         vertex 2.250000e+01 -2.189711e+02 4.050000e+02
         vertex 2.892544e+01 -2.144720e+02 3.450000e+02
         vertex 2.250000e+01 -2.189711e+02 3.450000e+02
      endloop
   endfacet
   facet normal -4.226174e-01 9.063082e-01 0.000000e+00
      outer loop
         vertex 2.250000e+01 -2.189711e+02 4.050000e+02
         vertex 2.250000e+01 -2.189711e+02 3.450000e+02
         vertex 1.539091e+01 -2.222862e+02 4.050000e+02
      endloop
   endfacet
   facet normal -4.226174e-01 9.063082e-01 0.000000e+00
      outer loop
         vertex 1.539091e+01 -2.222862e+02 4.050000e+02
         vertex 2.250000e+01 -2.189711e+02 3.450000e+02
         vertex 1.539091e+01 -2.222862e+02 3.450000e+02
      endloop
   endfacet
   facet normal -2.588188e-01 9.659259e-01 0.000000e+00
      outer loop
         vertex 1.539091e+01 -2.222862e+02 4.050000e+02
         vertex 1.539091e+01 -2.222862e+02 3.450000e+02
         vertex 7.814168e+00 -2.243163e+02 4.050000e+02
      endloop
   endfacet
   facet normal -2.588188e-01 9.659259e-01 0.000000e+00
      outer loop
         vertex 7.814168e+00 -2.243163e+02 4.050000e+02
         vertex 1.539091e+01 -2.222862e+02 3.450000e+02
         vertex 7.814168e+00 -2.243163e+02 3.450000e+02
      endloop
   endfacet
   facet normal -8.715565e-02 9.961947e-01 0.000000e+00
      outer loop
         vertex 7.814168e+00 -2.243163e+02 4.050000e+02
         vertex 7.814168e+00 -2.243163e+02 3.450000e+02
         vertex -1.669928e-14 -2.250000e+02 4.050000e+02
      endloop
   endfacet
   facet normal -8.715565e-02 9.961947e-01 0.000000e+00
      outer loop
         vertex -1.669928e-14 -2.250000e+02 4.050000e+02
         vertex 7.814168e+00 -2.243163e+02 3.450000e+02
         vertex -1.669928e-14 -2.250000e+02 3.450000e+02
      endloop
   endfacet
   facet normal 8.715565e-02 9.961947e-01 0.000000e+00
      outer loop
         vertex -1.669928e-14 -2.250000e+02 4.050000e+02
         vertex -1.669928e-14 -2.250000e+02 3.450000e+02
         vertex -7.814168e+00 -2.243163e+02 4.050000e+02
      endloop
   endfacet
   facet normal 8.715565e-02 9.961947e-01 0.000000e+00
      outer loop
         vertex -7.814168e+00 -2.243163e+02 4.050000e+02
         vertex -1.669928e-14 -2.250000e+02 3.450000e+02
         vertex -7.814168e+00 -2.243163e+02 3.450000e+02
      endloop
   endfacet
   facet normal 2.588188e-01 9.659259e-01 0.000000e+00
      outer loop
         vertex -7.814168e+00 -2.243163e+02 4.050000e+02
         vertex -7.814168e+00 -2.243163e+02 3.450000e+02
         vertex -1.539091e+01 -2.222862e+02 4.050000e+02
      endloop
   endfacet
   facet normal 2.588188e-01 9.659259e-01 0.000000e+00
      outer loop
         vertex -1.539091e+01 -2.222862e+02 4.050000e+02
         vertex -7.814168e+00 -2.243163e+02 3.450000e+02
         vertex -1.539091e+01 -2.222862e+02 3.450000e+02
      endloop
   endfacet
   facet normal 4.226174e-01 9.063082e-01 0.000000e+00
      outer loop
         vertex -1.539091e+01 -2.222862e+02 4.050000e+02
         vertex -1.539091e+01 -2.222862e+02 3.450000e+02
         vertex -2.250000e+01 -2.189711e+02 4.050000e+02
      endloop
   endfacet
   facet normal 4.226174e-01 9.063082e-01 0.000000e+00
      outer loop
         vertex -2.250000e+01 -2.189711e+02 4.050000e+02
         vertex -1.539091e+01 -2.222862e+02 3.450000e+02
         vertex -2.250000e+01 -2.189711e+02 3.450000e+02
      endloop
   endfacet
   facet normal 5.735772e-01 8.191515e-01 0.000000e+00
      outer loop
         vertex -2.250000e+01 -2.189711e+02 4.050000e+02
         vertex -2.250000e+01 -2.189711e+02 3.450000e+02
         vertex -2.892544e+01 -2.144720e+02 4.050000e+02
      endloop
   endfacet
   facet normal 5.735772e-01 8.191515e-01 0.000000e+00
      outer loop
         vertex -2.892544e+01 -2.144720e+02 4.050000e+02
         vertex -2.250000e+01 -2.189711e+02 3.450000e+02
         vertex -2.892544e+01 -2.144720e+02 3.450000e+02
      endloop
   endfacet
   facet normal 7.071067e-01 7.071069e-01 0.000000e+00
      outer loop
         vertex -2.892544e+01 -2.144720e+02 4.050000e+02
         vertex -2.892544e+01 -2.144720e+02 3.450000e+02
         vertex -3.447200e+01 -2.089254e+02 4.050000e+02
      endloop
   endfacet
   facet normal 7.071067e-01 7.071069e-01 0.000000e+00
      outer loop
         vertex -3.447200e+01 -2.089254e+02 4.050000e+02
         vertex -2.892544e+01 -2.144720e+02 3.450000e+02
         vertex -3.447200e+01 -2.089254e+02 3.450000e+02
      endloop
   endfacet
   facet normal 8.191519e-01 5.735767e-01 0.000000e+00
      outer loop
         vertex -3.447200e+01 -2.089254e+02 4.050000e+02
         vertex -3.447200e+01 -2.089254e+02 3.450000e+02
         vertex -3.897114e+01 -2.025000e+02 4.050000e+02
      endloop
   endfacet
   facet normal 8.191519e-01 5.735767e-01 0.000000e+00
      outer loop
         vertex -3.897114e+01 -2.025000e+02 4.050000e+02
         vertex -3.447200e+01 -2.089254e+02 3.450000e+02
         vertex -3.897114e+01 -2.025000e+02 3.450000e+02
      endloop
   endfacet
   facet normal 9.063078e-01 4.226183e-01 0.000000e+00
      outer loop
         vertex -3.897114e+01 -2.025000e+02 4.050000e+02
         vertex -3.897114e+01 -2.025000e+02 3.450000e+02
         vertex -4.228617e+01 -1.953909e+02 4.050000e+02
      endloop
   endfacet
   facet normal 9.063078e-01 4.226183e-01 0.000000e+00
      outer loop
         vertex -4.228617e+01 -1.953909e+02 4.050000e+02
         vertex -3.897114e+01 -2.025000e+02 3.450000e+02
         vertex -4.228617e+01 -1.953909e+02 3.450000e+02
      endloop
   endfacet
   facet normal 9.659260e-01 2.588185e-01 0.000000e+00
      outer loop
         vertex -4.228617e+01 -1.953909e+02 4.050000e+02
         vertex -4.228617e+01 -1.953909e+02 3.450000e+02
         vertex -4.431635e+01 -1.878142e+02 4.050000e+02
      endloop
   endfacet
   facet normal 9.659260e-01 2.588185e-01 0.000000e+00
      outer loop
         vertex -4.431635e+01 -1.878142e+02 4.050000e+02
         vertex -4.228617e+01 -1.953909e+02 3.450000e+02
         vertex -4.431635e+01 -1.878142e+02 3.450000e+02
      endloop
   endfacet
   facet normal 9.961947e-01 8.715628e-02 0.000000e+00
      outer loop
         vertex -4.431635e+01 -1.878142e+02 4.050000e+02
         vertex -4.431635e+01 -1.878142e+02 3.450000e+02
         vertex -4.500000e+01 -1.800000e+02 4.050000e+02
      endloop
   endfacet
   facet normal 9.961947e-01 8.715628e-02 0.000000e+00
      outer loop
         vertex -4.500000e+01 -1.800000e+02 4.050000e+02
         vertex -4.431635e+01 -1.878142e+02 3.450000e+02
         vertex -4.500000e+01 -1.800000e+02 3.450000e+02
      endloop
   endfacet
   facet normal 9.961947e-01 -8.715611e-02 0.000000e+00
      outer loop
         vertex -4.500000e+01 -1.800000e+02 4.050000e+02
         vertex -4.500000e+01 -1.800000e+02 3.450000e+02
         vertex -4.431635e+01 -1.721858e+02 4.050000e+02
      endloop
   endfacet
   facet normal 9.961947e-01 -8.715611e-02 0.000000e+00
      outer loop
         vertex -4.431635e+01 -1.721858e+02 4.050000e+02
         vertex -4.500000e+01 -1.800000e+02 3.450000e+02
         vertex -4.431635e+01 -1.721858e+02 3.450000e+02
      endloop
   endfacet
   facet normal 9.659260e-01 -2.588185e-01 0.000000e+00
      outer loop
         vertex -4.431635e+01 -1.721858e+02 4.050000e+02
         vertex -4.431635e+01 -1.721858e+02 3.450000e+02
         vertex -4.228617e+01 -1.646091e+02 4.050000e+02
      endloop
   endfacet
   facet normal 9.659260e-01 -2.588185e-01 0.000000e+00
      outer loop
         vertex -4.228617e+01 -1.646091e+02 4.050000e+02
         vertex -4.431635e+01 -1.721858e+02 3.450000e+02
         vertex -4.228617e+01 -1.646091e+02 3.450000e+02
      endloop
   endfacet
   facet normal 9.063078e-01 -4.226183e-01 0.000000e+00
      outer loop
         vertex -4.228617e+01 -1.646091e+02 4.050000e+02
         vertex -4.228617e+01 -1.646091e+02 3.450000e+02
         vertex -3.897114e+01 -1.575000e+02 4.050000e+02
      endloop
   endfacet
   facet normal 9.063078e-01 -4.226183e-01 0.000000e+00
      outer loop
         vertex -3.897114e+01 -1.575000e+02 4.050000e+02
         vertex -4.228617e+01 -1.646091e+02 3.450000e+02
         vertex -3.897114e+01 -1.575000e+02 3.450000e+02
      endloop
   endfacet
   facet normal 8.191519e-01 -5.735767e-01 0.000000e+00
      outer loop
         vertex -3.897114e+01 -1.575000e+02 4.050000e+02
         vertex -3.897114e+01 -1.575000e+02 3.450000e+02
         vertex -3.447200e+01 -1.510746e+02 4.050000e+02
      endloop
   endfacet
   facet normal 8.191519e-01 -5.735767e-01 0.000000e+00
      outer loop
         vertex -3.447200e+01 -1.510746e+02 4.050000e+02
         vertex -3.897114e+01 -1.575000e+02 3.450000e+02
         vertex -3.447200e+01 -1.510746e+02 3.450000e+02
      endloop
   endfacet
   facet normal 7.071067e-01 -7.071069e-01 0.000000e+00
      outer loop
         vertex -3.447200e+01 -1.510746e+02 4.050000e+02
         vertex -3.447200e+01 -1.510746e+02 3.450000e+02
         vertex -2.892544e+01 -1.455280e+02 4.050000e+02
      endloop
   endfacet
   facet normal 7.071067e-01 -7.071069e-01 0.000000e+00
      outer loop
         vertex -2.892544e+01 -1.455280e+02 4.050000e+02
         vertex -3.447200e+01 -1.510746e+02 3.450000e+02
         vertex -2.892544e+01 -1.455280e+02 3.450000e+02
      endloop
   endfacet
   facet normal 5.735772e-01 -8.191515e-01 0.000000e+00
      outer loop
         vertex -2.892544e+01 -1.455280e+02 4.050000e+02
         vertex -2.892544e+01 -1.455280e+02 3.450000e+02
         vertex -2.250000e+01 -1.410289e+02 4.050000e+02
      endloop
   endfacet
   facet normal 5.735772e-01 -8.191515e-01 0.000000e+00
      outer loop
         vertex -2.250000e+01 -1.410289e+02 4.050000e+02
         vertex -2.892544e+01 -1.455280e+02 3.450000e+02
         vertex -2.250000e+01 -1.410289e+02 3.450000e+02
      endloop
   endfacet
   facet normal 4.226174e-01 -9.063082e-01 0.000000e+00
      outer loop
         vertex -2.250000e+01 -1.410289e+02 4.050000e+02
         vertex -2.250000e+01 -1.410289e+02 3.450000e+02
         vertex -1.539091e+01 -1.377138e+02 4.050000e+02
      endloop
   endfacet
   facet normal 4.226174e-01 -9.063082e-01 0.000000e+00
      outer loop
         vertex -1.539091e+01 -1.377138e+02 4.050000e+02
         vertex -2.250000e+01 -1.410289e+02 3.450000e+02
         vertex -1.539091e+01 -1.377138e+02 3.450000e+02
      endloop
   endfacet
   facet normal 2.588188e-01 -9.659259e-01 0.000000e+00
      outer loop
         vertex -1.539091e+01 -1.377138e+02 4.050000e+02
         vertex -1.539091e+01 -1.377138e+02 3.450000e+02
         vertex -7.814168e+00 -1.356837e+02 4.050000e+02
      endloop
   endfacet
   facet normal 2.588188e-01 -9.659259e-01 0.000000e+00
      outer loop
         vertex -7.814168e+00 -1.356837e+02 4.050000e+02
         vertex -1.539091e+01 -1.377138e+02 3.450000e+02
         vertex -7.814168e+00 -1.356837e+02 3.450000e+02
      endloop
   endfacet
   facet normal 8.715565e-02 -9.961947e-01 0.000000e+00
      outer loop
         vertex -7.814168e+00 -1.356837e+02 4.050000e+02
         vertex -7.814168e+00 -1.356837e+02 3.450000e+02
         vertex -3.323201e-14 -1.350000e+02 4.050000e+02
      endloop
   endfacet
   facet normal 8.715565e-02 -9.961947e-01 0.000000e+00
      outer loop
         vertex -3.323201e-14 -1.350000e+02 4.050000e+02
         vertex -7.814168e+00 -1.356837e+02 3.450000e+02
         vertex -3.323201e-14 -1.350000e+02 3.450000e+02
      endloop
   endfacet
   facet normal 0.000000e+00 -0.000000e+00 1.000000e+00
      outer loop
         vertex 2.025000e+01 -1.800000e+02 3.450000e+02
         vertex 4.500000e+01 -1.800000e+02 3.450000e+02
         vertex 1.994236e+01 -1.764836e+02 3.450000e+02
      endloop
   endfacet
   facet normal -0.000000e+00 0.000000e+00 1.000000e+00
      outer loop
         vertex 1.994236e+01 -1.764836e+02 3.450000e+02
         vertex 4.500000e+01 -1.800000e+02 3.450000e+02
         vertex 4.431635e+01 -1.721858e+02 3.450000e+02
      endloop
   endfacet
   facet normal 0.000000e+00 -0.000000e+00 1.000000e+00
      outer loop
         vertex 1.994236e+01 -1.764836e+02 3.450000e+02
         vertex 4.431635e+01 -1.721858e+02 3.450000e+02
         vertex 1.902878e+01 -1.730741e+02 3.450000e+02
      endloop
   endfacet
   facet normal 0.000000e+00 0.000000e+00 1.000000e+00
      outer loop
         vertex 1.902878e+01 -1.730741e+02 3.450000e+02
         vertex 4.431635e+01 -1.721858e+02 3.450000e+02
         vertex 4.228617e+01 -1.646091e+02 3.450000e+02
      endloop
   endfacet
   facet normal 0.000000e+00 -0.000000e+00 1.000000e+00
      outer loop
         vertex 1.902878e+01 -1.730741e+02 3.450000e+02
         vertex 4.228617e+01 -1.646091e+02 3.450000e+02
         vertex 1.753701e+01 -1.698750e+02 3.450000e+02
      endloop
   endfacet
   facet normal 0.000000e+00 0.000000e+00 1.000000e+00
      outer loop
         vertex 1.753701e+01 -1.698750e+02 3.450000e+02
         vertex 4.228617e+01 -1.646091e+02 3.450000e+02
         vertex 3.897114e+01 -1.575000e+02 3.450000e+02
      endloop
   endfacet
   facet normal 0.000000e+00 -0.000000e+00 1.000000e+00
      outer loop
         vertex 1.753701e+01 -1.698750e+02 3.450000e+02
         vertex 3.897114e+01 -1.575000e+02 3.450000e+02
         vertex 1.551240e+01 -1.669835e+02 3.450000e+02
      endloop
   endfacet
   facet normal 0.000000e+00 0.000000e+00 1.000000e+00
      outer loop
         vertex 1.551240e+01 -1.669835e+02 3.450000e+02
         vertex 3.897114e+01 -1.575000e+02 3.450000e+02
         vertex 3.447200e+01 -1.510746e+02 3.450000e+02
      endloop
   endfacet
   facet normal 0.000000e+00 -0.000000e+00 1.000000e+00
      outer loop
         vertex 1.551240e+01 -1.669835e+02 3.450000e+02
         vertex 3.447200e+01 -1.510746e+02 3.450000e+02
         vertex 1.301645e+01 -1.644876e+02 3.450000e+02
      endloop
   endfacet
   facet normal 0.000000e+00 0.000000e+00 1.000000e+00
      outer loop
         vertex 1.301645e+01 -1.644876e+02 3.450000e+02
         vertex 3.447200e+01 -1.510746e+02 3.450000e+02
         vertex 2.892544e+01 -1.455280e+02 3.450000e+02
      endloop
   endfacet
   facet normal 0.000000e+00 -0.000000e+00 1.000000e+00
      outer loop
         vertex 1.301645e+01 -1.644876e+02 3.450000e+02
         vertex 2.892544e+01 -1.455280e+02 3.450000e+02
         vertex 1.012500e+01 -1.624630e+02 3.450000e+02
      endloop
   endfacet
   facet normal 0.000000e+00 0.000000e+00 1.000000e+00
      outer loop
         vertex 1.012500e+01 -1.624630e+02 3.450000e+02
         vertex 2.892544e+01 -1.455280e+02 3.450000e+02
         vertex 2.250000e+01 -1.410289e+02 3.450000e+02
      endloop
   endfacet
   facet normal 0.000000e+00 -0.000000e+00 1.000000e+00
      outer loop
         vertex 1.012500e+01 -1.624630e+02 3.450000e+02
         vertex 2.250000e+01 -1.410289e+02 3.450000e+02
         vertex 6.925908e+00 -1.609712e+02 3.450000e+02
      endloop
   endfacet
   facet normal 0.000000e+00 0.000000e+00 1.000000e+00
      outer loop
         vertex 6.925908e+00 -1.609712e+02 3.450000e+02
         vertex 2.250000e+01 -1.410289e+02 3.450000e+02
         vertex 1.539091e+01 -1.377138e+02 3.450000e+02
      endloop
   endfacet
   facet normal 0.000000e+00 -0.000000e+00 1.000000e+00
      outer loop
         vertex 6.925908e+00 -1.609712e+02 3.450000e+02
         vertex 1.539091e+01 -1.377138e+02 3.450000e+02
         vertex 3.516376e+00 -1.600576e+02 3.450000e+02
      endloop
   endfacet
   facet normal 0.000000e+00 0.000000e+00 1.000000e+00
      outer loop
         vertex 3.516376e+00 -1.600576e+02 3.450000e+02
         vertex 1.539091e+01 -1.377138e+02 3.450000e+02
         vertex 7.814168e+00 -1.356837e+02 3.450000e+02
      endloop
   endfacet
   facet normal 0.000000e+00 -0.000000e+00 1.000000e+00
      outer loop
         vertex 3.516376e+00 -1.600576e+02 3.450000e+02
         vertex 7.814168e+00 -1.356837e+02 3.450000e+02
         vertex 8.050606e-15 -1.597500e+02 3.450000e+02
      endloop
   endfacet
   facet normal 0.000000e+00 -0.000000e+00 1.000000e+00
      outer loop
         vertex 8.050606e-15 -1.597500e+02 3.450000e+02
         vertex 7.814168e+00 -1.356837e+02 3.450000e+02
         vertex -3.323201e-14 -1.350000e+02 3.450000e+02
      endloop
   endfacet
   facet normal 0.000000e+00 0.000000e+00 1.000000e+00
      outer loop
         vertex 8.050606e-15 -1.597500e+02 3.450000e+02
         vertex -3.323201e-14 -1.350000e+02 3.450000e+02
         vertex -3.516376e+00 -1.600576e+02 3.450000e+02
      endloop
   endfacet
   facet normal 0.000000e+00 -0.000000e+00 1.000000e+00
      outer loop
         vertex -3.516376e+00 -1.600576e+02 3.450000e+02
         vertex -3.323201e-14 -1.350000e+02 3.450000e+02
         vertex -7.814168e+00 -1.356837e+02 3.450000e+02
      endloop
   endfacet
   facet normal 0.000000e+00 0.000000e+00 1.000000e+00
      outer loop
         vertex -3.516376e+00 -1.600576e+02 3.450000e+02
         vertex -7.814168e+00 -1.356837e+02 3.450000e+02
         vertex -6.925908e+00 -1.609712e+02 3.450000e+02
      endloop
   endfacet
   facet normal 0.000000e+00 0.000000e+00 1.000000e+00
      outer loop
         vertex -6.925908e+00 -1.609712e+02 3.450000e+02
         vertex -7.814168e+00 -1.356837e+02 3.450000e+02
         vertex -1.539091e+01 -1.377138e+02 3.450000e+02
      endloop
   endfacet
   facet normal 0.000000e+00 0.000000e+00 1.000000e+00
      outer loop
         vertex -6.925908e+00 -1.609712e+02 3.450000e+02
         vertex -1.539091e+01 -1.377138e+02 3.450000e+02
         vertex -1.012500e+01 -1.624630e+02 3.450000e+02
      endloop
   endfacet
   facet normal 0.000000e+00 0.000000e+00 1.000000e+00
      outer loop
         vertex -1.012500e+01 -1.624630e+02 3.450000e+02
         vertex -1.539091e+01 -1.377138e+02 3.450000e+02
         vertex -2.250000e+01 -1.410289e+02 3.450000e+02
      endloop
   endfacet
   facet normal 0.000000e+00 0.000000e+00 1.000000e+00
      outer loop
         vertex -1.012500e+01 -1.624630e+02 3.450000e+02
         vertex -2.250000e+01 -1.410289e+02 3.450000e+02
         vertex -1.301645e+01 -1.644876e+02 3.450000e+02
      endloop
   endfacet
   facet normal 0.000000e+00 0.000000e+00 1.000000e+00
      outer loop
         vertex -1.301645e+01 -1.644876e+02 3.450000e+02
         vertex -2.250000e+01 -1.410289e+02 3.450000e+02
         vertex -2.892544e+01 -1.455280e+02 3.450000e+02
      endloop
   endfacet
   facet normal 0.000000e+00 0.000000e+00 1.000000e+00
      outer loop
         vertex -1.301645e+01 -1.644876e+02 3.450000e+02
         vertex -2.892544e+01 -1.455280e+02 3.450000e+02
         vertex -1.551240e+01 -1.669835e+02 3.450000e+02
      endloop
   endfacet
   facet normal 0.000000e+00 0.000000e+00 1.000000e+00
      outer loop
         vertex -1.551240e+01 -1.669835e+02 3.450000e+02
         vertex -2.892544e+01 -1.455280e+02 3.450000e+02
         vertex -3.447200e+01 -1.510746e+02 3.450000e+02
      endloop
   endfacet
   facet normal 0.000000e+00 0.000000e+00 1.000000e+00
      outer loop
         vertex -1.551240e+01 -1.669835e+02 3.450000e+02
         vertex -3.447200e+01 -1.510746e+02 3.450000e+02
         vertex -1.753701e+01 -1.698750e+02 3.450000e+02
      endloop
   endfacet
   facet normal 0.000000e+00 0.000000e+00 1.000000e+00
      outer loop
         vertex -1.753701e+01 -1.698750e+02 3.450000e+02
         vertex -3.447200e+01 -1.510746e+02 3.450000e+02
         vertex -3.897114e+01 -1.575000e+02 3.450000e+02
      endloop
   endfacet
   facet normal 0.000000e+00 0.000000e+00 1.000000e+00
      outer loop
         vertex -1.753701e+01 -1.698750e+02 3.450000e+02
         vertex -3.897114e+01 -1.575000e+02 3.450000e+02
         vertex -1.902878e+01 -1.730741e+02 3.450000e+02
      endloop
   endfacet
   facet normal 0.000000e+00 0.000000e+00 1.000000e+00
      outer loop
         vertex -1.902878e+01 -1.730741e+02 3.450000e+02
         vertex -3.897114e+01 -1.575000e+02 3.450000e+02
         vertex -4.228617e+01 -1.646091e+02 3.450000e+02
      endloop
   endfacet
   facet normal 0.000000e+00 0.000000e+00 1.000000e+00
      outer loop
         vertex -1.902878e+01 -1.730741e+02 3.450000e+02
         vertex -4.228617e+01 -1.646091e+02 3.450000e+02
         vertex -1.994236e+01 -1.764836e+02 3.450000e+02
      endloop
   endfacet
   facet normal 0.000000e+00 0.000000e+00 1.000000e+00
      outer loop
         vertex -1.994236e+01 -1.764836e+02 3.450000e+02
         vertex -4.228617e+01 -1.646091e+02 3.450000e+02
         vertex -4.431635e+01 -1.721858e+02 3.450000e+02
      endloop
   endfacet
   facet normal 0.000000e+00 0.000000e+00 1.000000e+00
      outer loop
         vertex -1.994236e+01 -1.764836e+02 3.450000e+02
         vertex -4.431635e+01 -1.721858e+02 3.450000e+02
         vertex -2.025000e+01 -1.800000e+02 3.450000e+02
      endloop
   endfacet
   facet normal 0.000000e+00 0.000000e+00 1.000000e+00
      outer loop
         vertex -2.025000e+01 -1.800000e+02 3.450000e+02
         vertex -4.431635e+01 -1.721858e+02 3.450000e+02
         vertex -4.500000e+01 -1.800000e+02 3.450000e+02
      endloop
   endfacet
   facet normal 0.000000e+00 0.000000e+00 1.000000e+00
      outer loop
         vertex -2.025000e+01 -1.800000e+02 3.450000e+02
         vertex -4.500000e+01 -1.800000e+02 3.450000e+02
         vertex -1.994236e+01 -1.835164e+02 3.450000e+02
      endloop
   endfacet
   facet normal 0.000000e+00 0.000000e+00 1.000000e+00
      outer loop
         vertex -1.994236e+01 -1.835164e+02 3.450000e+02
         vertex -4.500000e+01 -1.800000e+02 3.450000e+02
         vertex -4.431635e+01 -1.878142e+02 3.450000e+02
      endloop
   endfacet
   facet normal 0.000000e+00 0.000000e+00 1.000000e+00
      outer loop
         vertex -1.994236e+01 -1.835164e+02 3.450000e+02
         vertex -4.431635e+01 -1.878142e+02 3.450000e+02
         vertex -1.902878e+01 -1.869259e+02 3.450000e+02
      endloop
   endfacet
   facet normal 0.000000e+00 0.000000e+00 1.000000e+00
      outer loop
         vertex -1.902878e+01 -1.869259e+02 3.450000e+02
         vertex -4.431635e+01 -1.878142e+02 3.450000e+02
         vertex -4.228617e+01 -1.953909e+02 3.450000e+02
      endloop
   endfacet
   facet normal 0.000000e+00 0.000000e+00 1.000000e+00
      outer loop
         vertex -1.902878e+01 -1.869259e+02 3.450000e+02
         vertex -4.228617e+01 -1.953909e+02 3.450000e+02
         vertex -1.753701e+01 -1.901250e+02 3.450000e+02
      endloop
   endfacet
   facet normal 0.000000e+00 0.000000e+00 1.000000e+00
      outer loop
         vertex -1.753701e+01 -1.901250e+02 3.450000e+02
         vertex -4.228617e+01 -1.953909e+02 3.450000e+02
         vertex -3.897114e+01 -2.025000e+02 3.450000e+02
      endloop
   endfacet
   facet normal 0.000000e+00 0.000000e+00 1.000000e+00
      outer loop
         vertex -1.753701e+01 -1.901250e+02 3.450000e+02
         vertex -3.897114e+01 -2.025000e+02 3.450000e+02
         vertex -1.551240e+01 -1.930165e+02 3.450000e+02
      endloop
   endfacet
   facet normal 0.000000e+00 0.000000e+00 1.000000e+00
      outer loop
         vertex -1.551240e+01 -1.930165e+02 3.450000e+02
         vertex -3.897114e+01 -2.025000e+02 3.450000e+02
         vertex -3.447200e+01 -2.089254e+02 3.450000e+02
      endloop
   endfacet
   facet normal 0.000000e+00 0.000000e+00 1.000000e+00
      outer loop
         vertex -1.551240e+01 -1.930165e+02 3.450000e+02
         vertex -3.447200e+01 -2.089254e+02 3.450000e+02
         vertex -1.301645e+01 -1.955124e+02 3.450000e+02
      endloop
   endfacet
   facet normal 0.000000e+00 0.000000e+00 1.000000e+00
      outer loop
         vertex -1.301645e+01 -1.955124e+02 3.450000e+02
         vertex -3.447200e+01 -2.089254e+02 3.450000e+02
         vertex -2.892544e+01 -2.144720e+02 3.450000e+02
      endloop
   endfacet
   facet normal 0.000000e+00 0.000000e+00 1.000000e+00
      outer loop
         vertex -1.301645e+01 -1.955124e+02 3.450000e+02
         vertex -2.892544e+01 -2.144720e+02 3.450000e+02
         vertex -1.012500e+01 -1.975370e+02 3.450000e+02
      endloop
   endfacet
   facet normal 0.000000e+00 0.000000e+00 1.000000e+00
      outer loop
         vertex -1.012500e+01 -1.975370e+02 3.450000e+02
         vertex -2.892544e+01 -2.144720e+02 3.450000e+02
         vertex -2.250000e+01 -2.189711e+02 3.450000e+02
      endloop
   endfacet
   facet normal 0.000000e+00 0.000000e+00 1.000000e+00
      outer loop
         vertex -1.012500e+01 -1.975370e+02 3.450000e+02
         vertex -2.250000e+01 -2.189711e+02 3.450000e+02
         vertex -6.925908e+00 -1.990288e+02 3.450000e+02
      endloop
   endfacet
   facet normal 0.000000e+00 0.000000e+00 1.000000e+00
      outer loop
         vertex -6.925908e+00 -1.990288e+02 3.450000e+02
         vertex -2.250000e+01 -2.189711e+02 3.450000e+02
         vertex -1.539091e+01 -2.222862e+02 3.450000e+02
      endloop
   endfacet
   facet normal 0.000000e+00 0.000000e+00 1.000000e+00
      outer loop
         vertex -6.925908e+00 -1.990288e+02 3.450000e+02
         vertex -1.539091e+01 -2.222862e+02 3.450000e+02
         vertex -3.516376e+00 -1.999424e+02 3.450000e+02
      endloop
   endfacet
   facet normal 0.000000e+00 0.000000e+00 1.000000e+00
      outer loop
         vertex -3.516376e+00 -1.999424e+02 3.450000e+02
         vertex -1.539091e+01 -2.222862e+02 3.450000e+02
         vertex -7.814168e+00 -2.243163e+02 3.450000e+02
      endloop
   endfacet
   facet normal 0.000000e+00 0.000000e+00 1.000000e+00
      outer loop
         vertex -3.516376e+00 -1.999424e+02 3.450000e+02
         vertex -7.814168e+00 -2.243163e+02 3.450000e+02
         vertex 1.549034e-14 -2.002500e+02 3.450000e+02
      endloop
   endfacet
   facet normal 0.000000e+00 0.000000e+00 1.000000e+00
      outer loop
         vertex 1.549034e-14 -2.002500e+02 3.450000e+02
         vertex -7.814168e+00 -2.243163e+02 3.450000e+02
         vertex -1.669928e-14 -2.250000e+02 3.450000e+02
      endloop
   endfacet
   facet normal -0.000000e+00 0.000000e+00 1.000000e+00
      outer loop
         vertex 1.549034e-14 -2.002500e+02 3.450000e+02
         vertex -1.669928e-14 -2.250000e+02 3.450000e+02
         vertex 3.516376e+00 -1.999424e+02 3.450000e+02
      endloop
   endfacet
   facet normal 0.000000e+00 0.000000e+00 1.000000e+00
      outer loop
         vertex 3.516376e+00 -1.999424e+02 3.450000e+02
         vertex -1.669928e-14 -2.250000e+02 3.450000e+02
         vertex 7.814168e+00 -2.243163e+02 3.450000e+02
      endloop
   endfacet
   facet normal -0.000000e+00 0.000000e+00 1.000000e+00
      outer loop
         vertex 3.516376e+00 -1.999424e+02 3.450000e+02
         vertex 7.814168e+00 -2.243163e+02 3.450000e+02
         vertex 6.925908e+00 -1.990288e+02 3.450000e+02
      endloop
   endfacet
   facet normal 0.000000e+00 0.000000e+00 1.000000e+00
      outer loop
         vertex 6.925908e+00 -1.990288e+02 3.450000e+02
         vertex 7.814168e+00 -2.243163e+02 3.450000e+02
         vertex 1.539091e+01 -2.222862e+02 3.450000e+02
      endloop
   endfacet
   facet normal -0.000000e+00 0.000000e+00 1.000000e+00
      outer loop
         vertex 6.925908e+00 -1.990288e+02 3.450000e+02
         vertex 1.539091e+01 -2.222862e+02 3.450000e+02
         vertex 1.012500e+01 -1.975370e+02 3.450000e+02
      endloop
   endfacet
   facet normal 0.000000e+00 0.000000e+00 1.000000e+00
      outer loop
         vertex 1.012500e+01 -1.975370e+02 3.450000e+02
         vertex 1.539091e+01 -2.222862e+02 3.450000e+02
         vertex 2.250000e+01 -2.189711e+02 3.450000e+02
      endloop
   endfacet
   facet normal -0.000000e+00 0.000000e+00 1.000000e+00
      outer loop
         vertex 1.012500e+01 -1.975370e+02 3.450000e+02
         vertex 2.250000e+01 -2.189711e+02 3.450000e+02
         vertex 1.301645e+01 -1.955124e+02 3.450000e+02
      endloop
   endfacet
   facet normal 0.000000e+00 0.000000e+00 1.000000e+00
      outer loop
         vertex 1.301645e+01 -1.955124e+02 3.450000e+02
         vertex 2.250000e+01 -2.189711e+02 3.450000e+02
         vertex 2.892544e+01 -2.144720e+02 3.450000e+02
      endloop
   endfacet
   facet normal -0.000000e+00 0.000000e+00 1.000000e+00
      outer loop
         vertex 1.301645e+01 -1.955124e+02 3.450000e+02
         vertex 2.892544e+01 -2.144720e+02 3.450000e+02
         vertex 1.551240e+01 -1.930165e+02 3.450000e+02
      endloop
   endfacet
   facet normal 0.000000e+00 0.000000e+00 1.000000e+00
      outer loop
         vertex 1.551240e+01 -1.930165e+02 3.450000e+02
         vertex 2.892544e+01 -2.144720e+02 3.450000e+02
         vertex 3.447200e+01 -2.089254e+02 3.450000e+02
      endloop
   endfacet
   facet normal -0.000000e+00 0.000000e+00 1.000000e+00
      outer loop
         vertex 1.551240e+01 -1.930165e+02 3.450000e+02
         vertex 3.447200e+01 -2.089254e+02 3.450000e+02
         vertex 1.753701e+01 -1.901250e+02 3.450000e+02
      endloop
   endfacet
   facet normal 0.000000e+00 0.000000e+00 1.000000e+00
      outer loop
         vertex 1.753701e+01 -1.901250e+02 3.450000e+02
         vertex 3.447200e+01 -2.089254e+02 3.450000e+02
         vertex 3.897114e+01 -2.025000e+02 3.450000e+02
      endloop
   endfacet
   facet normal -0.000000e+00 0.000000e+00 1.000000e+00
      outer loop
         vertex 1.753701e+01 -1.901250e+02 3.450000e+02
         vertex 3.897114e+01 -2.025000e+02 3.450000e+02
         vertex 1.902878e+01 -1.869259e+02 3.450000e+02
      endloop
   endfacet
   facet normal 0.000000e+00 0.000000e+00 1.000000e+00
      outer loop
         vertex 1.902878e+01 -1.869259e+02 3.450000e+02
         vertex 3.897114e+01 -2.025000e+02 3.450000e+02
         vertex 4.228617e+01 -1.953909e+02 3.450000e+02
      endloop
   endfacet
   facet normal -0.000000e+00 0.000000e+00 1.000000e+00
      outer loop
         vertex 1.902878e+01 -1.869259e+02 3.450000e+02
         vertex 4.228617e+01 -1.953909e+02 3.450000e+02
         vertex 1.994236e+01 -1.835164e+02 3.450000e+02
      endloop
   endfacet
   facet normal 0.000000e+00 0.000000e+00 1.000000e+00
      outer loop
         vertex 1.994236e+01 -1.835164e+02 3.450000e+02
         vertex 4.228617e+01 -1.953909e+02 3.450000e+02
         vertex 4.431635e+01 -1.878142e+02 3.450000e+02
      endloop
   endfacet
   facet normal -0.000000e+00 0.000000e+00 1.000000e+00
      outer loop
         vertex 1.994236e+01 -1.835164e+02 3.450000e+02
         vertex 4.431635e+01 -1.878142e+02 3.450000e+02
         vertex 2.025000e+01 -1.800000e+02 3.450000e+02
      endloop
   endfacet
   facet normal -0.000000e+00 0.000000e+00 1.000000e+00
      outer loop
         vertex 2.025000e+01 -1.800000e+02 3.450000e+02
         vertex 4.431635e+01 -1.878142e+02 3.450000e+02
         vertex 4.500000e+01 -1.800000e+02 3.450000e+02
      endloop
   endfacet
   facet normal -8.715754e-02 -9.961945e-01 -0.000000e+00
      outer loop
         vertex 8.050606e-15 -1.597500e+02 3.450000e+02
         vertex 8.050606e-15 -1.597500e+02 2.505000e+02
         vertex 3.516376e+00 -1.600576e+02 3.450000e+02
      endloop
   endfacet
   facet normal -8.715754e-02 -9.961945e-01 -0.000000e+00
      outer loop
         vertex 3.516376e+00 -1.600576e+02 3.450000e+02
         vertex 8.050606e-15 -1.597500e+02 2.505000e+02
         vertex 3.516376e+00 -1.600576e+02 2.505000e+02
      endloop
   endfacet
   facet normal -2.588174e-01 -9.659263e-01 -0.000000e+00
      outer loop
         vertex 3.516376e+00 -1.600576e+02 3.450000e+02
         vertex 3.516376e+00 -1.600576e+02 2.505000e+02
         vertex 6.925908e+00 -1.609712e+02 3.450000e+02
      endloop
   endfacet
   facet normal -2.588174e-01 -9.659263e-01 -0.000000e+00
      outer loop
         vertex 6.925908e+00 -1.609712e+02 3.450000e+02
         vertex 3.516376e+00 -1.600576e+02 2.505000e+02
         vertex 6.925908e+00 -1.609712e+02 2.505000e+02
      endloop
   endfacet
   facet normal -4.226169e-01 -9.063084e-01 -0.000000e+00
      outer loop
         vertex 6.925908e+00 -1.609712e+02 3.450000e+02
         vertex 6.925908e+00 -1.609712e+02 2.505000e+02
         vertex 1.012500e+01 -1.624630e+02 3.450000e+02
      endloop
   endfacet
   facet normal -4.226169e-01 -9.063084e-01 -0.000000e+00
      outer loop
         vertex 1.012500e+01 -1.624630e+02 3.450000e+02
         vertex 6.925908e+00 -1.609712e+02 2.505000e+02
         vertex 1.012500e+01 -1.624630e+02 2.505000e+02
      endloop
   endfacet
   facet normal -5.735776e-01 -8.191512e-01 -0.000000e+00
      outer loop
         vertex 1.012500e+01 -1.624630e+02 3.450000e+02
         vertex 1.012500e+01 -1.624630e+02 2.505000e+02
         vertex 1.301645e+01 -1.644876e+02 3.450000e+02
      endloop
   endfacet
   facet normal -5.735776e-01 -8.191512e-01 -0.000000e+00
      outer loop
         vertex 1.301645e+01 -1.644876e+02 3.450000e+02
         vertex 1.012500e+01 -1.624630e+02 2.505000e+02
         vertex 1.301645e+01 -1.644876e+02 2.505000e+02
      endloop
   endfacet
   facet normal -7.071059e-01 -7.071077e-01 -0.000000e+00
      outer loop
         vertex 1.301645e+01 -1.644876e+02 3.450000e+02
         vertex 1.301645e+01 -1.644876e+02 2.505000e+02
         vertex 1.551240e+01 -1.669835e+02 3.450000e+02
      endloop
   endfacet
   facet normal -7.071059e-01 -7.071077e-01 -0.000000e+00
      outer loop
         vertex 1.551240e+01 -1.669835e+02 3.450000e+02
         vertex 1.301645e+01 -1.644876e+02 2.505000e+02
         vertex 1.551240e+01 -1.669835e+02 2.505000e+02
      endloop
   endfacet
   facet normal -8.191523e-01 -5.735761e-01 -0.000000e+00
      outer loop
         vertex 1.551240e+01 -1.669835e+02 3.450000e+02
         vertex 1.551240e+01 -1.669835e+02 2.505000e+02
         vertex 1.753701e+01 -1.698750e+02 3.450000e+02
      endloop
   endfacet
   facet normal -8.191523e-01 -5.735761e-01 -0.000000e+00
      outer loop
         vertex 1.753701e+01 -1.698750e+02 3.450000e+02
         vertex 1.551240e+01 -1.669835e+02 2.505000e+02
         vertex 1.753701e+01 -1.698750e+02 2.505000e+02
      endloop
   endfacet
   facet normal -9.063082e-01 -4.226173e-01 -0.000000e+00
      outer loop
         vertex 1.753701e+01 -1.698750e+02 3.450000e+02
         vertex 1.753701e+01 -1.698750e+02 2.505000e+02
         vertex 1.902878e+01 -1.730741e+02 3.450000e+02
      endloop
   endfacet
   facet normal -9.063082e-01 -4.226173e-01 -0.000000e+00
      outer loop
         vertex 1.902878e+01 -1.730741e+02 3.450000e+02
         vertex 1.753701e+01 -1.698750e+02 2.505000e+02
         vertex 1.902878e+01 -1.730741e+02 2.505000e+02
      endloop
   endfacet
   facet normal -9.659259e-01 -2.588187e-01 -0.000000e+00
      outer loop
         vertex 1.902878e+01 -1.730741e+02 3.450000e+02
         vertex 1.902878e+01 -1.730741e+02 2.505000e+02
         vertex 1.994236e+01 -1.764836e+02 3.450000e+02
      endloop
   endfacet
   facet normal -9.659259e-01 -2.588187e-01 -0.000000e+00
      outer loop
         vertex 1.994236e+01 -1.764836e+02 3.450000e+02
         vertex 1.902878e+01 -1.730741e+02 2.505000e+02
         vertex 1.994236e+01 -1.764836e+02 2.505000e+02
      endloop
   endfacet
   facet normal -9.961947e-01 -8.715595e-02 -0.000000e+00
      outer loop
         vertex 1.994236e+01 -1.764836e+02 3.450000e+02
         vertex 1.994236e+01 -1.764836e+02 2.505000e+02
         vertex 2.025000e+01 -1.800000e+02 3.450000e+02
      endloop
   endfacet
   facet normal -9.961947e-01 -8.715595e-02 -0.000000e+00
      outer loop
         vertex 2.025000e+01 -1.800000e+02 3.450000e+02
         vertex 1.994236e+01 -1.764836e+02 2.505000e+02
         vertex 2.025000e+01 -1.800000e+02 2.505000e+02
      endloop
   endfacet
   facet normal -9.961946e-01 8.715632e-02 0.000000e+00
      outer loop
         vertex 2.025000e+01 -1.800000e+02 3.450000e+02
         vertex 2.025000e+01 -1.800000e+02 2.505000e+02
         vertex 1.994236e+01 -1.835164e+02 3.450000e+02
      endloop
   endfacet
   facet normal -9.961946e-01 8.715632e-02 0.000000e+00
      outer loop
         vertex 1.994236e+01 -1.835164e+02 3.450000e+02
         vertex 2.025000e+01 -1.800000e+02 2.505000e+02
         vertex 1.994236e+01 -1.835164e+02 2.505000e+02
      endloop
   endfacet
   facet normal -9.659259e-01 2.588187e-01 0.000000e+00
      outer loop
         vertex 1.994236e+01 -1.835164e+02 3.450000e+02
         vertex 1.994236e+01 -1.835164e+02 2.505000e+02
         vertex 1.902878e+01 -1.869259e+02 3.450000e+02
      endloop
   endfacet
   facet normal -9.659259e-01 2.588187e-01 0.000000e+00
      outer loop
         vertex 1.902878e+01 -1.869259e+02 3.450000e+02
         vertex 1.994236e+01 -1.835164e+02 2.505000e+02
         vertex 1.902878e+01 -1.869259e+02 2.505000e+02
      endloop
   endfacet
   facet normal -9.063082e-01 4.226173e-01 0.000000e+00
      outer loop
         vertex 1.902878e+01 -1.869259e+02 3.450000e+02
         vertex 1.902878e+01 -1.869259e+02 2.505000e+02
         vertex 1.753701e+01 -1.901250e+02 3.450000e+02
      endloop
   endfacet
   facet normal -9.063082e-01 4.226173e-01 0.000000e+00
      outer loop
         vertex 1.753701e+01 -1.901250e+02 3.450000e+02
         vertex 1.902878e+01 -1.869259e+02 2.505000e+02
         vertex 1.753701e+01 -1.901250e+02 2.505000e+02
      endloop
   endfacet
   facet normal -8.191523e-01 5.735761e-01 0.000000e+00
      outer loop
         vertex 1.753701e+01 -1.901250e+02 3.450000e+02
         vertex 1.753701e+01 -1.901250e+02 2.505000e+02
         vertex 1.551240e+01 -1.930165e+02 3.450000e+02
      endloop
   endfacet
   facet normal -8.191523e-01 5.735761e-01 0.000000e+00
      outer loop
         vertex 1.551240e+01 -1.930165e+02 3.450000e+02
         vertex 1.753701e+01 -1.901250e+02 2.505000e+02
         vertex 1.551240e+01 -1.930165e+02 2.505000e+02
      endloop
   endfacet
   facet normal -7.071059e-01 7.071077e-01 0.000000e+00
      outer loop
         vertex 1.551240e+01 -1.930165e+02 3.450000e+02
         vertex 1.551240e+01 -1.930165e+02 2.505000e+02
         vertex 1.301645e+01 -1.955124e+02 3.450000e+02
      endloop
   endfacet
   facet normal -7.071059e-01 7.071077e-01 0.000000e+00
      outer loop
         vertex 1.301645e+01 -1.955124e+02 3.450000e+02
         vertex 1.551240e+01 -1.930165e+02 2.505000e+02
         vertex 1.301645e+01 -1.955124e+02 2.505000e+02
      endloop
   endfacet
   facet normal -5.735776e-01 8.191512e-01 0.000000e+00
      outer loop
         vertex 1.301645e+01 -1.955124e+02 3.450000e+02
         vertex 1.301645e+01 -1.955124e+02 2.505000e+02
         vertex 1.012500e+01 -1.975370e+02 3.450000e+02
      endloop
   endfacet
   facet normal -5.735776e-01 8.191512e-01 0.000000e+00
      outer loop
         vertex 1.012500e+01 -1.975370e+02 3.450000e+02
         vertex 1.301645e+01 -1.955124e+02 2.505000e+02
         vertex 1.012500e+01 -1.975370e+02 2.505000e+02
      endloop
   endfacet
   facet normal -4.226169e-01 9.063084e-01 0.000000e+00
      outer loop
         vertex 1.012500e+01 -1.975370e+02 3.450000e+02
         vertex 1.012500e+01 -1.975370e+02 2.505000e+02
         vertex 6.925908e+00 -1.990288e+02 3.450000e+02
      endloop
   endfacet
   facet normal -4.226169e-01 9.063084e-01 0.000000e+00
      outer loop
         vertex 6.925908e+00 -1.990288e+02 3.450000e+02
         vertex 1.012500e+01 -1.975370e+02 2.505000e+02
         vertex 6.925908e+00 -1.990288e+02 2.505000e+02
      endloop
   endfacet
   facet normal -2.588174e-01 9.659263e-01 0.000000e+00
      outer loop
         vertex 6.925908e+00 -1.990288e+02 3.450000e+02
         vertex 6.925908e+00 -1.990288e+02 2.505000e+02
         vertex 3.516376e+00 -1.999424e+02 3.450000e+02
      endloop
   endfacet
   facet normal -2.588174e-01 9.659263e-01 0.000000e+00
      outer loop
         vertex 3.516376e+00 -1.999424e+02 3.450000e+02
         vertex 6.925908e+00 -1.990288e+02 2.505000e+02
         vertex 3.516376e+00 -1.999424e+02 2.505000e+02
      endloop
   endfacet
   facet normal -8.715754e-02 9.961945e-01 0.000000e+00
      outer loop
         vertex 3.516376e+00 -1.999424e+02 3.450000e+02
         vertex 3.516376e+00 -1.999424e+02 2.505000e+02
         vertex 1.549034e-14 -2.002500e+02 3.450000e+02
      endloop
   endfacet
   facet normal -8.715754e-02 9.961945e-01 0.000000e+00
      outer loop
         vertex 1.549034e-14 -2.002500e+02 3.450000e+02
         vertex 3.516376e+00 -1.999424e+02 2.505000e+02
         vertex 1.549034e-14 -2.002500e+02 2.505000e+02
      endloop
   endfacet
   facet normal 8.715754e-02 9.961945e-01 0.000000e+00
      outer loop
         vertex 1.549034e-14 -2.002500e+02 3.450000e+02
         vertex 1.549034e-14 -2.002500e+02 2.505000e+02
         vertex -3.516376e+00 -1.999424e+02 3.450000e+02
      endloop
   endfacet
   facet normal 8.715754e-02 9.961945e-01 0.000000e+00
      outer loop
         vertex -3.516376e+00 -1.999424e+02 3.450000e+02
         vertex 1.549034e-14 -2.002500e+02 2.505000e+02
         vertex -3.516376e+00 -1.999424e+02 2.505000e+02
      endloop
   endfacet
   facet normal 2.588174e-01 9.659263e-01 0.000000e+00
      outer loop
         vertex -3.516376e+00 -1.999424e+02 3.450000e+02
         vertex -3.516376e+00 -1.999424e+02 2.505000e+02
         vertex -6.925908e+00 -1.990288e+02 3.450000e+02
      endloop
   endfacet
   facet normal 2.588174e-01 9.659263e-01 0.000000e+00
      outer loop
         vertex -6.925908e+00 -1.990288e+02 3.450000e+02
         vertex -3.516376e+00 -1.999424e+02 2.505000e+02
         vertex -6.925908e+00 -1.990288e+02 2.505000e+02
      endloop
   endfacet
   facet normal 4.226169e-01 9.063084e-01 0.000000e+00
      outer loop
         vertex -6.925908e+00 -1.990288e+02 3.450000e+02
         vertex -6.925908e+00 -1.990288e+02 2.505000e+02
         vertex -1.012500e+01 -1.975370e+02 3.450000e+02
      endloop
   endfacet
   facet normal 4.226169e-01 9.063084e-01 0.000000e+00
      outer loop
         vertex -1.012500e+01 -1.975370e+02 3.450000e+02
         vertex -6.925908e+00 -1.990288e+02 2.505000e+02
         vertex -1.012500e+01 -1.975370e+02 2.505000e+02
      endloop
   endfacet
   facet normal 5.735776e-01 8.191512e-01 0.000000e+00
      outer loop
         vertex -1.012500e+01 -1.975370e+02 3.450000e+02
         vertex -1.012500e+01 -1.975370e+02 2.505000e+02
         vertex -1.301645e+01 -1.955124e+02 3.450000e+02
      endloop
   endfacet
   facet normal 5.735776e-01 8.191512e-01 0.000000e+00
      outer loop
         vertex -1.301645e+01 -1.955124e+02 3.450000e+02
         vertex -1.012500e+01 -1.975370e+02 2.505000e+02
         vertex -1.301645e+01 -1.955124e+02 2.505000e+02
      endloop
   endfacet
   facet normal 7.071059e-01 7.071077e-01 0.000000e+00
      outer loop
         vertex -1.301645e+01 -1.955124e+02 3.450000e+02
         vertex -1.301645e+01 -1.955124e+02 2.505000e+02
         vertex -1.551240e+01 -1.930165e+02 3.450000e+02
      endloop
   endfacet
   facet normal 7.071059e-01 7.071077e-01 0.000000e+00
      outer loop
         vertex -1.551240e+01 -1.930165e+02 3.450000e+02
         vertex -1.301645e+01 -1.955124e+02 2.505000e+02
         vertex -1.551240e+01 -1.930165e+02 2.505000e+02
      endloop
   endfacet
   facet normal 8.191523e-01 5.735761e-01 0.000000e+00
      outer loop
         vertex -1.551240e+01 -1.930165e+02 3.450000e+02
         vertex -1.551240e+01 -1.930165e+02 2.505000e+02
         vertex -1.753701e+01 -1.901250e+02 3.450000e+02
      endloop
   endfacet
   facet normal 8.191523e-01 5.735761e-01 0.000000e+00
      outer loop
         vertex -1.753701e+01 -1.901250e+02 3.450000e+02
         vertex -1.551240e+01 -1.930165e+02 2.505000e+02
         vertex -1.753701e+01 -1.901250e+02 2.505000e+02
      endloop
   endfacet
   facet normal 9.063082e-01 4.226173e-01 0.000000e+00
      outer loop
         vertex -1.753701e+01 -1.901250e+02 3.450000e+02
         vertex -1.753701e+01 -1.901250e+02 2.505000e+02
         vertex -1.902878e+01 -1.869259e+02 3.450000e+02
      endloop
   endfacet
   facet normal 9.063082e-01 4.226173e-01 0.000000e+00
      outer loop
         vertex -1.902878e+01 -1.869259e+02 3.450000e+02
         vertex -1.753701e+01 -1.901250e+02 2.505000e+02
         vertex -1.902878e+01 -1.869259e+02 2.505000e+02
      endloop
   endfacet
   facet normal 9.659259e-01 2.588187e-01 0.000000e+00
      outer loop
         vertex -1.902878e+01 -1.869259e+02 3.450000e+02
         vertex -1.902878e+01 -1.869259e+02 2.505000e+02
         vertex -1.994236e+01 -1.835164e+02 3.450000e+02
      endloop
   endfacet
   facet normal 9.659259e-01 2.588187e-01 0.000000e+00
      outer loop
         vertex -1.994236e+01 -1.835164e+02 3.450000e+02
         vertex -1.902878e+01 -1.869259e+02 2.505000e+02
         vertex -1.994236e+01 -1.835164e+02 2.505000e+02
      endloop
   endfacet
   facet normal 9.961946e-01 8.715632e-02 0.000000e+00
      outer loop
         vertex -1.994236e+01 -1.835164e+02 3.450000e+02
         vertex -1.994236e+01 -1.835164e+02 2.505000e+02
         vertex -2.025000e+01 -1.800000e+02 3.450000e+02
      endloop
   endfacet
   facet normal 9.961946e-01 8.715632e-02 0.000000e+00
      outer loop
         vertex -2.025000e+01 -1.800000e+02 3.450000e+02
         vertex -1.994236e+01 -1.835164e+02 2.505000e+02
         vertex -2.025000e+01 -1.800000e+02 2.505000e+02
      endloop
   endfacet
   facet normal 9.961947e-01 -8.715595e-02 0.000000e+00
      outer loop
         vertex -2.025000e+01 -1.800000e+02 3.450000e+02
         vertex -2.025000e+01 -1.800000e+02 2.505000e+02
         vertex -1.994236e+01 -1.764836e+02 3.450000e+02
      endloop
   endfacet
   facet normal 9.961947e-01 -8.715595e-02 0.000000e+00
      outer loop
         vertex -1.994236e+01 -1.764836e+02 3.450000e+02
         vertex -2.025000e+01 -1.800000e+02 2.505000e+02
         vertex -1.994236e+01 -1.764836e+02 2.505000e+02
      endloop
   endfacet
   facet normal 9.659259e-01 -2.588187e-01 0.000000e+00
      outer loop
         vertex -1.994236e+01 -1.764836e+02 3.450000e+02
         vertex -1.994236e+01 -1.764836e+02 2.505000e+02
         vertex -1.902878e+01 -1.730741e+02 3.450000e+02
      endloop
   endfacet
   facet normal 9.659259e-01 -2.588187e-01 0.000000e+00
      outer loop
         vertex -1.902878e+01 -1.730741e+02 3.450000e+02
         vertex -1.994236e+01 -1.764836e+02 2.505000e+02
         vertex -1.902878e+01 -1.730741e+02 2.505000e+02
      endloop
   endfacet
   facet normal 9.063082e-01 -4.226173e-01 0.000000e+00
      outer loop
         vertex -1.902878e+01 -1.730741e+02 3.450000e+02
         vertex -1.902878e+01 -1.730741e+02 2.505000e+02
         vertex -1.753701e+01 -1.698750e+02 3.450000e+02
      endloop
   endfacet
   facet normal 9.063082e-01 -4.226173e-01 0.000000e+00
      outer loop
         vertex -1.753701e+01 -1.698750e+02 3.450000e+02
         vertex -1.902878e+01 -1.730741e+02 2.505000e+02
         vertex -1.753701e+01 -1.698750e+02 2.505000e+02
      endloop
   endfacet
   facet normal 8.191523e-01 -5.735761e-01 0.000000e+00
      outer loop
         vertex -1.753701e+01 -1.698750e+02 3.450000e+02
         vertex -1.753701e+01 -1.698750e+02 2.505000e+02
         vertex -1.551240e+01 -1.669835e+02 3.450000e+02
      endloop
   endfacet
   facet normal 8.191523e-01 -5.735761e-01 0.000000e+00
      outer loop
         vertex -1.551240e+01 -1.669835e+02 3.450000e+02
         vertex -1.753701e+01 -1.698750e+02 2.505000e+02
         vertex -1.551240e+01 -1.669835e+02 2.505000e+02
      endloop
   endfacet
   facet normal 7.071059e-01 -7.071077e-01 0.000000e+00
      outer loop
         vertex -1.551240e+01 -1.669835e+02 3.450000e+02
         vertex -1.551240e+01 -1.669835e+02 2.505000e+02
         vertex -1.301645e+01 -1.644876e+02 3.450000e+02
      endloop
   endfacet
   facet normal 7.071059e-01 -7.071077e-01 0.000000e+00
      outer loop
         vertex -1.301645e+01 -1.644876e+02 3.450000e+02
         vertex -1.551240e+01 -1.669835e+02 2.505000e+02
         vertex -1.301645e+01 -1.644876e+02 2.505000e+02
      endloop
   endfacet
   facet normal 5.735776e-01 -8.191512e-01 0.000000e+00
      outer loop
         vertex -1.301645e+01 -1.644876e+02 3.450000e+02
         vertex -1.301645e+01 -1.644876e+02 2.505000e+02
         vertex -1.012500e+01 -1.624630e+02 3.450000e+02
      endloop
   endfacet
   facet normal 5.735776e-01 -8.191512e-01 0.000000e+00
      outer loop
         vertex -1.012500e+01 -1.624630e+02 3.450000e+02
         vertex -1.301645e+01 -1.644876e+02 2.505000e+02
         vertex -1.012500e+01 -1.624630e+02 2.505000e+02
      endloop
   endfacet
   facet normal 4.226169e-01 -9.063084e-01 0.000000e+00
      outer loop
         vertex -1.012500e+01 -1.624630e+02 3.450000e+02
         vertex -1.012500e+01 -1.624630e+02 2.505000e+02
         vertex -6.925908e+00 -1.609712e+02 3.450000e+02
      endloop
   endfacet
   facet normal 4.226169e-01 -9.063084e-01 0.000000e+00
      outer loop
         vertex -6.925908e+00 -1.609712e+02 3.450000e+02
         vertex -1.012500e+01 -1.624630e+02 2.505000e+02
         vertex -6.925908e+00 -1.609712e+02 2.505000e+02
      endloop
   endfacet
   facet normal 2.588174e-01 -9.659263e-01 0.000000e+00
      outer loop
         vertex -6.925908e+00 -1.609712e+02 3.450000e+02
         vertex -6.925908e+00 -1.609712e+02 2.505000e+02
         vertex -3.516376e+00 -1.600576e+02 3.450000e+02
      endloop
   endfacet
   facet normal 2.588174e-01 -9.659263e-01 0.000000e+00
      outer loop
         vertex -3.516376e+00 -1.600576e+02 3.450000e+02
         vertex -6.925908e+00 -1.609712e+02 2.505000e+02
         vertex -3.516376e+00 -1.600576e+02 2.505000e+02
      endloop
   endfacet
   facet normal 8.715754e-02 -9.961945e-01 0.000000e+00
      outer loop
         vertex -3.516376e+00 -1.600576e+02 3.450000e+02
         vertex -3.516376e+00 -1.600576e+02 2.505000e+02
         vertex 8.050606e-15 -1.597500e+02 3.450000e+02
      endloop
   endfacet
   facet normal 8.715754e-02 -9.961945e-01 0.000000e+00
      outer loop
         vertex 8.050606e-15 -1.597500e+02 3.450000e+02
         vertex -3.516376e+00 -1.600576e+02 2.505000e+02
         vertex 8.050606e-15 -1.597500e+02 2.505000e+02
      endloop
   endfacet
   facet normal 0.000000e+00 0.000000e+00 -1.000000e+00
      outer loop
         vertex 9.000000e+01 -1.800000e+02 3.450000e+02
         vertex 8.923004e+01 -1.682526e+02 3.450000e+02
         vertex 9.000000e+01 -9.000000e+01 3.450000e+02
      endloop
   endfacet
   facet normal 0.000000e+00 0.000000e+00 -1.000000e+00
      outer loop
         vertex 9.000000e+01 -9.000000e+01 3.450000e+02
         vertex 8.923004e+01 -1.682526e+02 3.450000e+02
         vertex 8.693332e+01 -1.567063e+02 3.450000e+02
      endloop
   endfacet
   facet normal 0.000000e+00 0.000000e+00 -1.000000e+00
      outer loop
         vertex 9.000000e+01 -9.000000e+01 3.450000e+02
         vertex 8.693332e+01 -1.567063e+02 3.450000e+02
         vertex 8.314916e+01 -1.455585e+02 3.450000e+02
      endloop
   endfacet
   facet normal 0.000000e+00 0.000000e+00 -1.000000e+00
      outer loop
         vertex 6.363961e+01 -1.163604e+02 3.450000e+02
         vertex 5.478853e+01 -1.085982e+02 3.450000e+02
         vertex 9.000000e+01 -9.000000e+01 3.450000e+02
      endloop
   endfacet
   facet normal 0.000000e+00 0.000000e+00 -1.000000e+00
      outer loop
         vertex 9.000000e+01 -9.000000e+01 3.450000e+02
         vertex 5.478853e+01 -1.085982e+02 3.450000e+02
         vertex 4.500000e+01 -1.020577e+02 3.450000e+02
      endloop
   endfacet
   facet normal 0.000000e+00 0.000000e+00 -1.000000e+00
      outer loop
         vertex 9.000000e+01 -9.000000e+01 3.450000e+02
         vertex 4.500000e+01 -1.020577e+02 3.450000e+02
         vertex 3.444151e+01 -9.685084e+01 3.450000e+02
      endloop
   endfacet
   facet normal 0.000000e+00 0.000000e+00 -1.000000e+00
      outer loop
         vertex 3.444151e+01 -9.685084e+01 3.450000e+02
         vertex 2.329371e+01 -9.306668e+01 3.450000e+02
         vertex 9.000000e+01 -9.000000e+01 3.450000e+02
      endloop
   endfacet
   facet normal 0.000000e+00 0.000000e+00 -1.000000e+00
      outer loop
         vertex 9.000000e+01 -9.000000e+01 3.450000e+02
         vertex 2.329371e+01 -9.306668e+01 3.450000e+02
         vertex 1.174736e+01 -9.076996e+01 3.450000e+02
      endloop
   endfacet
   facet normal -0.000000e+00 0.000000e+00 -1.000000e+00
      outer loop
         vertex 9.000000e+01 -9.000000e+01 3.450000e+02
         vertex 1.174736e+01 -9.076996e+01 3.450000e+02
         vertex 1.561251e-14 -9.000000e+01 3.450000e+02
      endloop
   endfacet
   facet normal 0.000000e+00 0.000000e+00 -1.000000e+00
      outer loop
         vertex 8.314916e+01 -1.455585e+02 3.450000e+02
         vertex 7.794229e+01 -1.350000e+02 3.450000e+02
         vertex 9.000000e+01 -9.000000e+01 3.450000e+02
      endloop
   endfacet
   facet normal 0.000000e+00 0.000000e+00 -1.000000e+00
      outer loop
         vertex 9.000000e+01 -9.000000e+01 3.450000e+02
         vertex 7.794229e+01 -1.350000e+02 3.450000e+02
         vertex 7.140180e+01 -1.252115e+02 3.450000e+02
      endloop
   endfacet
   facet normal 0.000000e+00 0.000000e+00 -1.000000e+00
      outer loop
         vertex 9.000000e+01 -9.000000e+01 3.450000e+02
         vertex 7.140180e+01 -1.252115e+02 3.450000e+02
         vertex 6.363961e+01 -1.163604e+02 3.450000e+02
      endloop
   endfacet
   facet normal 0.000000e+00 -0.000000e+00 -1.000000e+00
      outer loop
         vertex -3.444151e+01 -2.631492e+02 3.450000e+02
         vertex -2.329371e+01 -2.669333e+02 3.450000e+02
         vertex -9.000000e+01 -2.700000e+02 3.450000e+02
      endloop
   endfacet
   facet normal 0.000000e+00 0.000000e+00 -1.000000e+00
      outer loop
         vertex -9.000000e+01 -2.700000e+02 3.450000e+02
         vertex -2.329371e+01 -2.669333e+02 3.450000e+02
         vertex -1.174736e+01 -2.692300e+02 3.450000e+02
      endloop
   endfacet
   facet normal 0.000000e+00 0.000000e+00 -1.000000e+00
      outer loop
         vertex -9.000000e+01 -2.700000e+02 3.450000e+02
         vertex -1.174736e+01 -2.692300e+02 3.450000e+02
         vertex 1.301043e-14 -2.700000e+02 3.450000e+02
      endloop
   endfacet
   facet normal 0.000000e+00 0.000000e+00 -1.000000e+00
      outer loop
         vertex 1.200000e+02 -3.450000e+02 3.450000e+02
         vertex -1.200000e+02 -3.450000e+02 3.450000e+02
         vertex 1.200000e+02 -3.150000e+02 3.450000e+02
      endloop
   endfacet
   facet normal -0.000000e+00 0.000000e+00 -1.000000e+00
      outer loop
         vertex 1.200000e+02 -3.150000e+02 3.450000e+02
         vertex -1.200000e+02 -3.450000e+02 3.450000e+02
         vertex 9.000000e+01 -2.700000e+02 3.450000e+02
      endloop
   endfacet
   facet normal 0.000000e+00 0.000000e+00 -1.000000e+00
      outer loop
         vertex 1.200000e+02 -3.150000e+02 3.450000e+02
         vertex 9.000000e+01 -2.700000e+02 3.450000e+02
         vertex 1.500000e+02 -3.150000e+02 3.450000e+02
      endloop
   endfacet
   facet normal 0.000000e+00 0.000000e+00 -1.000000e+00
      outer loop
         vertex 1.500000e+02 -3.150000e+02 3.450000e+02
         vertex 9.000000e+01 -2.700000e+02 3.450000e+02
         vertex 2.250000e+02 -2.700000e+02 3.450000e+02
      endloop
   endfacet
   facet normal 0.000000e+00 0.000000e+00 -1.000000e+00
      outer loop
         vertex 1.500000e+02 -3.150000e+02 3.450000e+02
         vertex 2.250000e+02 -2.700000e+02 3.450000e+02
         vertex 1.500000e+02 -3.450000e+02 3.450000e+02
      endloop
   endfacet
   facet normal 0.000000e+00 0.000000e+00 -1.000000e+00
      outer loop
         vertex 1.500000e+02 -3.450000e+02 3.450000e+02
         vertex 2.250000e+02 -2.700000e+02 3.450000e+02
         vertex 2.250000e+02 -3.450000e+02 3.450000e+02
      endloop
   endfacet
   facet normal 0.000000e+00 0.000000e+00 -1.000000e+00
      outer loop
         vertex -1.500000e+02 -3.450000e+02 3.450000e+02
         vertex -2.250000e+02 -3.450000e+02 3.450000e+02
         vertex -1.500000e+02 -3.150000e+02 3.450000e+02
      endloop
   endfacet
   facet normal -0.000000e+00 0.000000e+00 -1.000000e+00
      outer loop
         vertex -1.500000e+02 -3.150000e+02 3.450000e+02
         vertex -2.250000e+02 -3.450000e+02 3.450000e+02
         vertex -2.250000e+02 -2.700000e+02 3.450000e+02
      endloop
   endfacet
   facet normal 0.000000e+00 0.000000e+00 -1.000000e+00
      outer loop
         vertex -1.500000e+02 -3.150000e+02 3.450000e+02
         vertex -2.250000e+02 -2.700000e+02 3.450000e+02
         vertex -1.200000e+02 -3.150000e+02 3.450000e+02
      endloop
   endfacet
   facet normal 0.000000e+00 0.000000e+00 -1.000000e+00
      outer loop
         vertex -1.200000e+02 -3.150000e+02 3.450000e+02
         vertex -2.250000e+02 -2.700000e+02 3.450000e+02
         vertex -9.000000e+01 -2.700000e+02 3.450000e+02
      endloop
   endfacet
   facet normal 0.000000e+00 0.000000e+00 -1.000000e+00
      outer loop
         vertex -1.200000e+02 -3.150000e+02 3.450000e+02
         vertex -9.000000e+01 -2.700000e+02 3.450000e+02
         vertex -1.200000e+02 -3.450000e+02 3.450000e+02
      endloop
   endfacet
   facet normal 0.000000e+00 0.000000e+00 -1.000000e+00
      outer loop
         vertex -1.200000e+02 -3.450000e+02 3.450000e+02
         vertex -9.000000e+01 -2.700000e+02 3.450000e+02
         vertex 1.301043e-14 -2.700000e+02 3.450000e+02
      endloop
   endfacet
   facet normal 0.000000e+00 0.000000e+00 -1.000000e+00
      outer loop
         vertex -9.000000e+01 -1.800000e+02 3.450000e+02
         vertex -8.923004e+01 -1.917474e+02 3.450000e+02
         vertex -9.000000e+01 -2.700000e+02 3.450000e+02
      endloop
   endfacet
   facet normal 0.000000e+00 0.000000e+00 -1.000000e+00
      outer loop
         vertex -9.000000e+01 -2.700000e+02 3.450000e+02
         vertex -8.923004e+01 -1.917474e+02 3.450000e+02
         vertex -8.693332e+01 -2.032937e+02 3.450000e+02
      endloop
   endfacet
   facet normal 0.000000e+00 0.000000e+00 -1.000000e+00
      outer loop
         vertex -9.000000e+01 -2.700000e+02 3.450000e+02
         vertex -8.693332e+01 -2.032937e+02 3.450000e+02
         vertex -8.314916e+01 -2.144415e+02 3.450000e+02
      endloop
   endfacet
   facet normal 0.000000e+00 -0.000000e+00 -1.000000e+00
      outer loop
         vertex -8.314916e+01 -2.144415e+02 3.450000e+02
         vertex -7.794229e+01 -2.250000e+02 3.450000e+02
         vertex -9.000000e+01 -2.700000e+02 3.450000e+02
      endloop
   endfacet
   facet normal 0.000000e+00 0.000000e+00 -1.000000e+00
      outer loop
         vertex -9.000000e+01 -2.700000e+02 3.450000e+02
         vertex -7.794229e+01 -2.250000e+02 3.450000e+02
         vertex -7.140180e+01 -2.347885e+02 3.450000e+02
      endloop
   endfacet
   facet normal 0.000000e+00 0.000000e+00 -1.000000e+00
      outer loop
         vertex -9.000000e+01 -2.700000e+02 3.450000e+02
         vertex -7.140180e+01 -2.347885e+02 3.450000e+02
         vertex -6.363961e+01 -2.436396e+02 3.450000e+02
      endloop
   endfacet
   facet normal 0.000000e+00 -0.000000e+00 -1.000000e+00
      outer loop
         vertex -6.363961e+01 -2.436396e+02 3.450000e+02
         vertex -5.478853e+01 -2.514018e+02 3.450000e+02
         vertex -9.000000e+01 -2.700000e+02 3.450000e+02
      endloop
   endfacet
   facet normal 0.000000e+00 0.000000e+00 -1.000000e+00
      outer loop
         vertex -9.000000e+01 -2.700000e+02 3.450000e+02
         vertex -5.478853e+01 -2.514018e+02 3.450000e+02
         vertex -4.500000e+01 -2.579423e+02 3.450000e+02
      endloop
   endfacet
   facet normal 0.000000e+00 0.000000e+00 -1.000000e+00
      outer loop
         vertex -9.000000e+01 -2.700000e+02 3.450000e+02
         vertex -4.500000e+01 -2.579423e+02 3.450000e+02
         vertex -3.444151e+01 -2.631492e+02 3.450000e+02
      endloop
   endfacet
   facet normal 0.000000e+00 -0.000000e+00 -1.000000e+00
      outer loop
         vertex 6.363961e+01 -2.436396e+02 3.450000e+02
         vertex 9.000000e+01 -2.700000e+02 3.450000e+02
         vertex 5.478853e+01 -2.514018e+02 3.450000e+02
      endloop
   endfacet
   facet normal 0.000000e+00 -0.000000e+00 -1.000000e+00
      outer loop
         vertex 5.478853e+01 -2.514018e+02 3.450000e+02
         vertex 9.000000e+01 -2.700000e+02 3.450000e+02
         vertex 4.500000e+01 -2.579423e+02 3.450000e+02
      endloop
   endfacet
   facet normal 0.000000e+00 0.000000e+00 -1.000000e+00
      outer loop
         vertex 8.314916e+01 -2.144415e+02 3.450000e+02
         vertex 8.693332e+01 -2.032937e+02 3.450000e+02
         vertex 9.000000e+01 -2.700000e+02 3.450000e+02
      endloop
   endfacet
   facet normal 0.000000e+00 0.000000e+00 -1.000000e+00
      outer loop
         vertex 9.000000e+01 -2.700000e+02 3.450000e+02
         vertex 8.693332e+01 -2.032937e+02 3.450000e+02
         vertex 8.923004e+01 -1.917474e+02 3.450000e+02
      endloop
   endfacet
   facet normal 0.000000e+00 0.000000e+00 -1.000000e+00
      outer loop
         vertex 9.000000e+01 -2.700000e+02 3.450000e+02
         vertex 8.923004e+01 -1.917474e+02 3.450000e+02
         vertex 9.000000e+01 -1.800000e+02 3.450000e+02
      endloop
   endfacet
   facet normal 0.000000e+00 -0.000000e+00 -1.000000e+00
      outer loop
         vertex 1.301043e-14 -2.700000e+02 3.450000e+02
         vertex 1.174736e+01 -2.692300e+02 3.450000e+02
         vertex -1.200000e+02 -3.450000e+02 3.450000e+02
      endloop
   endfacet
   facet normal 0.000000e+00 0.000000e+00 -1.000000e+00
      outer loop
         vertex -1.200000e+02 -3.450000e+02 3.450000e+02
         vertex 1.174736e+01 -2.692300e+02 3.450000e+02
         vertex 2.329371e+01 -2.669333e+02 3.450000e+02
      endloop
   endfacet
   facet normal 0.000000e+00 0.000000e+00 -1.000000e+00
      outer loop
         vertex -1.200000e+02 -3.450000e+02 3.450000e+02
         vertex 2.329371e+01 -2.669333e+02 3.450000e+02
         vertex 9.000000e+01 -2.700000e+02 3.450000e+02
      endloop
   endfacet
   facet normal 0.000000e+00 0.000000e+00 -1.000000e+00
      outer loop
         vertex 9.000000e+01 -2.700000e+02 3.450000e+02
         vertex 2.329371e+01 -2.669333e+02 3.450000e+02
         vertex 3.444151e+01 -2.631492e+02 3.450000e+02
      endloop
   endfacet
   facet normal 0.000000e+00 0.000000e+00 -1.000000e+00
      outer loop
         vertex 9.000000e+01 -2.700000e+02 3.450000e+02
         vertex 3.444151e+01 -2.631492e+02 3.450000e+02
         vertex 4.500000e+01 -2.579423e+02 3.450000e+02
      endloop
   endfacet
   facet normal 0.000000e+00 0.000000e+00 -1.000000e+00
      outer loop
         vertex 6.363961e+01 -2.436396e+02 3.450000e+02
         vertex 7.140180e+01 -2.347885e+02 3.450000e+02
         vertex 9.000000e+01 -2.700000e+02 3.450000e+02
      endloop
   endfacet
   facet normal 0.000000e+00 0.000000e+00 -1.000000e+00
      outer loop
         vertex 9.000000e+01 -2.700000e+02 3.450000e+02
         vertex 7.140180e+01 -2.347885e+02 3.450000e+02
         vertex 7.794229e+01 -2.250000e+02 3.450000e+02
      endloop
   endfacet
   facet normal 0.000000e+00 0.000000e+00 -1.000000e+00
      outer loop
         vertex 9.000000e+01 -2.700000e+02 3.450000e+02
         vertex 7.794229e+01 -2.250000e+02 3.450000e+02
         vertex 8.314916e+01 -2.144415e+02 3.450000e+02
      endloop
   endfacet
   facet normal -0.000000e+00 1.000000e+00 0.000000e+00
      outer loop
         vertex -2.250000e+02 -2.700000e+02 7.050000e+02
         vertex -9.000000e+01 -2.700000e+02 7.050000e+02
         vertex -2.250000e+02 -2.700000e+02 3.450000e+02
      endloop
   endfacet
   facet normal 0.000000e+00 1.000000e+00 0.000000e+00
      outer loop
         vertex -2.250000e+02 -2.700000e+02 3.450000e+02
         vertex -9.000000e+01 -2.700000e+02 7.050000e+02
         vertex -9.000000e+01 -2.700000e+02 3.450000e+02
      endloop
   endfacet
   facet normal -0.000000e+00 -1.000000e+00 -0.000000e+00
      outer loop
         vertex 2.250000e+02 -3.450000e+02 7.050000e+02
         vertex 1.500000e+02 -3.450000e+02 7.050000e+02
         vertex 2.250000e+02 -3.450000e+02 3.450000e+02
      endloop
   endfacet
   facet normal 0.000000e+00 -1.000000e+00 0.000000e+00
      outer loop
         vertex 2.250000e+02 -3.450000e+02 3.450000e+02
         vertex 1.500000e+02 -3.450000e+02 7.050000e+02
         vertex 1.500000e+02 -3.450000e+02 3.450000e+02
      endloop
   endfacet
   facet normal 1.000000e+00 0.000000e+00 0.000000e+00
      outer loop
         vertex 2.250000e+02 -2.700000e+02 7.050000e+02
         vertex 2.250000e+02 -3.450000e+02 7.050000e+02
         vertex 2.250000e+02 -2.700000e+02 3.450000e+02
      endloop
   endfacet
   facet normal 1.000000e+00 0.000000e+00 0.000000e+00
      outer loop
         vertex 2.250000e+02 -2.700000e+02 3.450000e+02
         vertex 2.250000e+02 -3.450000e+02 7.050000e+02
         vertex 2.250000e+02 -3.450000e+02 3.450000e+02
      endloop
   endfacet
   facet normal -0.000000e+00 1.000000e+00 0.000000e+00
      outer loop
         vertex 9.000000e+01 -2.700000e+02 7.050000e+02
         vertex 2.250000e+02 -2.700000e+02 7.050000e+02
         vertex 9.000000e+01 -2.700000e+02 3.450000e+02
      endloop
   endfacet
   facet normal 0.000000e+00 1.000000e+00 0.000000e+00
      outer loop
         vertex 9.000000e+01 -2.700000e+02 3.450000e+02
         vertex 2.250000e+02 -2.700000e+02 7.050000e+02
         vertex 2.250000e+02 -2.700000e+02 3.450000e+02
      endloop
   endfacet
   facet normal -1.000000e+00 0.000000e+00 0.000000e+00
      outer loop
         vertex -2.250000e+02 -3.450000e+02 7.050000e+02
         vertex -2.250000e+02 -2.700000e+02 7.050000e+02
         vertex -2.250000e+02 -3.450000e+02 3.450000e+02
      endloop
   endfacet
   facet normal -1.000000e+00 0.000000e+00 0.000000e+00
      outer loop
         vertex -2.250000e+02 -3.450000e+02 3.450000e+02
         vertex -2.250000e+02 -2.700000e+02 7.050000e+02
         vertex -2.250000e+02 -2.700000e+02 3.450000e+02
      endloop
   endfacet
   facet normal -0.000000e+00 -1.000000e+00 -0.000000e+00
      outer loop
         vertex -1.500000e+02 -3.450000e+02 7.050000e+02
         vertex -2.250000e+02 -3.450000e+02 7.050000e+02
         vertex -1.500000e+02 -3.450000e+02 3.450000e+02
      endloop
   endfacet
   facet normal 0.000000e+00 -1.000000e+00 0.000000e+00
      outer loop
         vertex -1.500000e+02 -3.450000e+02 3.450000e+02
         vertex -2.250000e+02 -3.450000e+02 7.050000e+02
         vertex -2.250000e+02 -3.450000e+02 3.450000e+02
      endloop
   endfacet
   facet normal 1.000000e+00 0.000000e+00 0.000000e+00
      outer loop
         vertex -1.500000e+02 -3.150000e+02 7.050000e+02
         vertex -1.500000e+02 -3.450000e+02 7.050000e+02
         vertex -1.500000e+02 -3.150000e+02 3.450000e+02
      endloop
   endfacet
   facet normal 1.000000e+00 0.000000e+00 0.000000e+00
      outer loop
         vertex -1.500000e+02 -3.150000e+02 3.450000e+02
         vertex -1.500000e+02 -3.450000e+02 7.050000e+02
         vertex -1.500000e+02 -3.450000e+02 3.450000e+02
      endloop
   endfacet
   facet normal -0.000000e+00 -1.000000e+00 -0.000000e+00
      outer loop
         vertex -1.200000e+02 -3.150000e+02 7.050000e+02
         vertex -1.500000e+02 -3.150000e+02 7.050000e+02
         vertex -1.200000e+02 -3.150000e+02 3.450000e+02
      endloop
   endfacet
   facet normal 0.000000e+00 -1.000000e+00 0.000000e+00
      outer loop
         vertex -1.200000e+02 -3.150000e+02 3.450000e+02
         vertex -1.500000e+02 -3.150000e+02 7.050000e+02
         vertex -1.500000e+02 -3.150000e+02 3.450000e+02
      endloop
   endfacet
   facet normal -1.000000e+00 0.000000e+00 0.000000e+00
      outer loop
         vertex -1.200000e+02 -3.450000e+02 7.050000e+02
         vertex -1.200000e+02 -3.150000e+02 7.050000e+02
         vertex -1.200000e+02 -3.450000e+02 3.450000e+02
      endloop
   endfacet
   facet normal -1.000000e+00 0.000000e+00 0.000000e+00
      outer loop
         vertex -1.200000e+02 -3.450000e+02 3.450000e+02
         vertex -1.200000e+02 -3.150000e+02 7.050000e+02
         vertex -1.200000e+02 -3.150000e+02 3.450000e+02
      endloop
   endfacet
   facet normal -0.000000e+00 -1.000000e+00 -0.000000e+00
      outer loop
         vertex 1.200000e+02 -3.450000e+02 7.050000e+02
         vertex -1.200000e+02 -3.450000e+02 7.050000e+02
         vertex 1.200000e+02 -3.450000e+02 3.450000e+02
      endloop
   endfacet
   facet normal 0.000000e+00 -1.000000e+00 0.000000e+00
      outer loop
         vertex 1.200000e+02 -3.450000e+02 3.450000e+02
         vertex -1.200000e+02 -3.450000e+02 7.050000e+02
         vertex -1.200000e+02 -3.450000e+02 3.450000e+02
      endloop
   endfacet
   facet normal 1.000000e+00 0.000000e+00 0.000000e+00
      outer loop
         vertex 1.200000e+02 -3.150000e+02 7.050000e+02
         vertex 1.200000e+02 -3.450000e+02 7.050000e+02
         vertex 1.200000e+02 -3.150000e+02 3.450000e+02
      endloop
   endfacet
   facet normal 1.000000e+00 0.000000e+00 0.000000e+00
      outer loop
         vertex 1.200000e+02 -3.150000e+02 3.450000e+02
         vertex 1.200000e+02 -3.450000e+02 7.050000e+02
         vertex 1.200000e+02 -3.450000e+02 3.450000e+02
      endloop
   endfacet
   facet normal -0.000000e+00 -1.000000e+00 -0.000000e+00
      outer loop
         vertex 1.500000e+02 -3.150000e+02 7.050000e+02
         vertex 1.200000e+02 -3.150000e+02 7.050000e+02
         vertex 1.500000e+02 -3.150000e+02 3.450000e+02
      endloop
   endfacet
   facet normal 0.000000e+00 -1.000000e+00 0.000000e+00
      outer loop
         vertex 1.500000e+02 -3.150000e+02 3.450000e+02
         vertex 1.200000e+02 -3.150000e+02 7.050000e+02
         vertex 1.200000e+02 -3.150000e+02 3.450000e+02
      endloop
   endfacet
   facet normal -1.000000e+00 0.000000e+00 0.000000e+00
      outer loop
         vertex 1.500000e+02 -3.450000e+02 7.050000e+02
         vertex 1.500000e+02 -3.150000e+02 7.050000e+02
         vertex 1.500000e+02 -3.450000e+02 3.450000e+02
      endloop
   endfacet
   facet normal -1.000000e+00 0.000000e+00 0.000000e+00
      outer loop
         vertex 1.500000e+02 -3.450000e+02 3.450000e+02
         vertex 1.500000e+02 -3.150000e+02 7.050000e+02
         vertex 1.500000e+02 -3.150000e+02 3.450000e+02
      endloop
   endfacet
   facet normal 0.000000e+00 0.000000e+00 1.000000e+00
      outer loop
         vertex 9.000000e+01 -9.000000e+01 7.050000e+02
         vertex -9.000000e+01 -9.000000e+01 7.050000e+02
         vertex 9.000000e+01 -2.700000e+02 7.050000e+02
      endloop
   endfacet
   facet normal 0.000000e+00 0.000000e+00 1.000000e+00
      outer loop
         vertex 9.000000e+01 -2.700000e+02 7.050000e+02
         vertex -9.000000e+01 -9.000000e+01 7.050000e+02
         vertex -9.000000e+01 -2.700000e+02 7.050000e+02
      endloop
   endfacet
   facet normal 0.000000e+00 0.000000e+00 1.000000e+00
      outer loop
         vertex 1.500000e+02 -3.450000e+02 7.050000e+02
         vertex 2.250000e+02 -3.450000e+02 7.050000e+02
         vertex 1.500000e+02 -3.150000e+02 7.050000e+02
      endloop
   endfacet
   facet normal -0.000000e+00 0.000000e+00 1.000000e+00
      outer loop
         vertex 1.500000e+02 -3.150000e+02 7.050000e+02
         vertex 2.250000e+02 -3.450000e+02 7.050000e+02
         vertex 2.250000e+02 -2.700000e+02 7.050000e+02
      endloop
   endfacet
   facet normal 0.000000e+00 -0.000000e+00 1.000000e+00
      outer loop
         vertex 1.500000e+02 -3.150000e+02 7.050000e+02
         vertex 2.250000e+02 -2.700000e+02 7.050000e+02
         vertex 1.200000e+02 -3.150000e+02 7.050000e+02
      endloop
   endfacet
   facet normal 0.000000e+00 -0.000000e+00 1.000000e+00
      outer loop
         vertex 1.200000e+02 -3.150000e+02 7.050000e+02
         vertex 2.250000e+02 -2.700000e+02 7.050000e+02
         vertex 9.000000e+01 -2.700000e+02 7.050000e+02
      endloop
   endfacet
   facet normal 0.000000e+00 0.000000e+00 1.000000e+00
      outer loop
         vertex 1.200000e+02 -3.150000e+02 7.050000e+02
         vertex 9.000000e+01 -2.700000e+02 7.050000e+02
         vertex 1.200000e+02 -3.450000e+02 7.050000e+02
      endloop
   endfacet
   facet normal 0.000000e+00 0.000000e+00 1.000000e+00
      outer loop
         vertex -2.250000e+02 -3.450000e+02 7.050000e+02
         vertex -1.500000e+02 -3.450000e+02 7.050000e+02
         vertex -2.250000e+02 -2.700000e+02 7.050000e+02
      endloop
   endfacet
   facet normal 0.000000e+00 0.000000e+00 1.000000e+00
      outer loop
         vertex -2.250000e+02 -2.700000e+02 7.050000e+02
         vertex -1.500000e+02 -3.450000e+02 7.050000e+02
         vertex -1.500000e+02 -3.150000e+02 7.050000e+02
      endloop
   endfacet
   facet normal -0.000000e+00 0.000000e+00 1.000000e+00
      outer loop
         vertex -2.250000e+02 -2.700000e+02 7.050000e+02
         vertex -1.500000e+02 -3.150000e+02 7.050000e+02
         vertex -9.000000e+01 -2.700000e+02 7.050000e+02
      endloop
   endfacet
   facet normal 0.000000e+00 0.000000e+00 1.000000e+00
      outer loop
         vertex -9.000000e+01 -2.700000e+02 7.050000e+02
         vertex -1.500000e+02 -3.150000e+02 7.050000e+02
         vertex -1.200000e+02 -3.150000e+02 7.050000e+02
      endloop
   endfacet
   facet normal -0.000000e+00 0.000000e+00 1.000000e+00
      outer loop
         vertex -9.000000e+01 -2.700000e+02 7.050000e+02
         vertex -1.200000e+02 -3.150000e+02 7.050000e+02
         vertex 9.000000e+01 -2.700000e+02 7.050000e+02
      endloop
   endfacet
   facet normal 0.000000e+00 0.000000e+00 1.000000e+00
      outer loop
         vertex 9.000000e+01 -2.700000e+02 7.050000e+02
         vertex -1.200000e+02 -3.150000e+02 7.050000e+02
         vertex -1.200000e+02 -3.450000e+02 7.050000e+02
      endloop
   endfacet
   facet normal 0.000000e+00 0.000000e+00 1.000000e+00
      outer loop
         vertex 9.000000e+01 -2.700000e+02 7.050000e+02
         vertex -1.200000e+02 -3.450000e+02 7.050000e+02
         vertex 1.200000e+02 -3.450000e+02 7.050000e+02
      endloop
   endfacet
   facet normal -1.000000e+00 0.000000e+00 0.000000e+00
      outer loop
         vertex -9.000000e+01 -2.700000e+02 3.450000e+02
         vertex -9.000000e+01 -2.700000e+02 7.050000e+02
         vertex -9.000000e+01 -1.800000e+02 3.450000e+02
      endloop
   endfacet
   facet normal -1.000000e+00 0.000000e+00 0.000000e+00
      outer loop
         vertex -9.000000e+01 -1.800000e+02 3.450000e+02
         vertex -9.000000e+01 -2.700000e+02 7.050000e+02
         vertex -9.000000e+01 -9.000000e+01 7.050000e+02
      endloop
   endfacet
   facet normal -1.000000e+00 0.000000e+00 0.000000e+00
      outer loop
         vertex -9.000000e+01 -1.800000e+02 3.450000e+02
         vertex -9.000000e+01 -9.000000e+01 7.050000e+02
         vertex -9.000000e+01 -9.000000e+01 3.450000e+02
      endloop
   endfacet
   facet normal 1.000000e+00 0.000000e+00 -0.000000e+00
      outer loop
         vertex 9.000000e+01 -9.000000e+01 3.450000e+02
         vertex 9.000000e+01 -9.000000e+01 7.050000e+02
         vertex 9.000000e+01 -1.800000e+02 3.450000e+02
      endloop
   endfacet
   facet normal 1.000000e+00 0.000000e+00 -0.000000e+00
      outer loop
         vertex 9.000000e+01 -1.800000e+02 3.450000e+02
         vertex 9.000000e+01 -9.000000e+01 7.050000e+02
         vertex 9.000000e+01 -2.700000e+02 7.050000e+02
      endloop
   endfacet
   facet normal 1.000000e+00 0.000000e+00 0.000000e+00
      outer loop
         vertex 9.000000e+01 -1.800000e+02 3.450000e+02
         vertex 9.000000e+01 -2.700000e+02 7.050000e+02
         vertex 9.000000e+01 -2.700000e+02 3.450000e+02
      endloop
   endfacet
   facet normal 0.000000e+00 1.000000e+00 0.000000e+00
      outer loop
         vertex -9.000000e+01 -9.000000e+01 3.450000e+02
         vertex -9.000000e+01 -9.000000e+01 7.050000e+02
         vertex 1.387779e-14 -9.000000e+01 3.450000e+02
      endloop
   endfacet
   facet normal 0.000000e+00 1.000000e+00 -0.000000e+00
      outer loop
         vertex 1.387779e-14 -9.000000e+01 3.450000e+02
         vertex -9.000000e+01 -9.000000e+01 7.050000e+02
         vertex 9.000000e+01 -9.000000e+01 7.050000e+02
      endloop
   endfacet
   facet normal 0.000000e+00 1.000000e+00 0.000000e+00
      outer loop
         vertex 1.387779e-14 -9.000000e+01 3.450000e+02
         vertex 9.000000e+01 -9.000000e+01 7.050000e+02
         vertex 9.000000e+01 -9.000000e+01 3.450000e+02
      endloop
   endfacet
   facet normal 0.000000e+00 0.000000e+00 -1.000000e+00
      outer loop
         vertex -9.000000e+01 -9.000000e+01 3.450000e+02
         vertex 1.561251e-14 -9.000000e+01 3.450000e+02
         vertex -1.174736e+01 -9.076996e+01 3.450000e+02
      endloop
   endfacet
   facet normal -0.000000e+00 0.000000e+00 -1.000000e+00
      outer loop
         vertex -1.174736e+01 -9.076996e+01 3.450000e+02
         vertex -2.329371e+01 -9.306668e+01 3.450000e+02
         vertex -9.000000e+01 -9.000000e+01 3.450000e+02
      endloop
   endfacet
   facet normal 0.000000e+00 0.000000e+00 -1.000000e+00
      outer loop
         vertex -9.000000e+01 -9.000000e+01 3.450000e+02
         vertex -2.329371e+01 -9.306668e+01 3.450000e+02
         vertex -3.444151e+01 -9.685084e+01 3.450000e+02
      endloop
   endfacet
   facet normal 0.000000e+00 0.000000e+00 -1.000000e+00
      outer loop
         vertex -9.000000e+01 -9.000000e+01 3.450000e+02
         vertex -3.444151e+01 -9.685084e+01 3.450000e+02
         vertex -4.500000e+01 -1.020577e+02 3.450000e+02
      endloop
   endfacet
   facet normal -0.000000e+00 0.000000e+00 -1.000000e+00
      outer loop
         vertex -7.140180e+01 -1.252115e+02 3.450000e+02
         vertex -7.794229e+01 -1.350000e+02 3.450000e+02
         vertex -9.000000e+01 -9.000000e+01 3.450000e+02
      endloop
   endfacet
   facet normal 0.000000e+00 0.000000e+00 -1.000000e+00
      outer loop
         vertex -9.000000e+01 -9.000000e+01 3.450000e+02
         vertex -7.794229e+01 -1.350000e+02 3.450000e+02
         vertex -8.314916e+01 -1.455585e+02 3.450000e+02
      endloop
   endfacet
   facet normal -0.000000e+00 0.000000e+00 -1.000000e+00
      outer loop
         vertex -8.314916e+01 -1.455585e+02 3.450000e+02
         vertex -8.693332e+01 -1.567063e+02 3.450000e+02
         vertex -9.000000e+01 -9.000000e+01 3.450000e+02
      endloop
   endfacet
   facet normal 0.000000e+00 0.000000e+00 -1.000000e+00
      outer loop
         vertex -9.000000e+01 -9.000000e+01 3.450000e+02
         vertex -8.693332e+01 -1.567063e+02 3.450000e+02
         vertex -8.923004e+01 -1.682526e+02 3.450000e+02
      endloop
   endfacet
   facet normal 0.000000e+00 0.000000e+00 -1.000000e+00
      outer loop
         vertex -9.000000e+01 -9.000000e+01 3.450000e+02
         vertex -8.923004e+01 -1.682526e+02 3.450000e+02
         vertex -9.000000e+01 -1.800000e+02 3.450000e+02
      endloop
   endfacet
   facet normal -0.000000e+00 0.000000e+00 -1.000000e+00
      outer loop
         vertex -4.500000e+01 -1.020577e+02 3.450000e+02
         vertex -5.478853e+01 -1.085982e+02 3.450000e+02
         vertex -9.000000e+01 -9.000000e+01 3.450000e+02
      endloop
   endfacet
   facet normal 0.000000e+00 0.000000e+00 -1.000000e+00
      outer loop
         vertex -9.000000e+01 -9.000000e+01 3.450000e+02
         vertex -5.478853e+01 -1.085982e+02 3.450000e+02
         vertex -6.363961e+01 -1.163604e+02 3.450000e+02
      endloop
   endfacet
   facet normal 0.000000e+00 0.000000e+00 -1.000000e+00
      outer loop
         vertex -9.000000e+01 -9.000000e+01 3.450000e+02
         vertex -6.363961e+01 -1.163604e+02 3.450000e+02
         vertex -7.140180e+01 -1.252115e+02 3.450000e+02
      endloop
   endfacet
   facet normal -0.000000e+00 0.000000e+00 -1.000000e+00
      outer loop
         vertex -3.972728e+01 -2.400478e+02 3.300000e+02
         vertex -5.478853e+01 -2.514018e+02 3.300000e+02
         vertex -4.804695e+01 -2.336236e+02 3.300000e+02
      endloop
   endfacet
   facet normal 0.000000e+00 0.000000e+00 -1.000000e+00
      outer loop
         vertex -4.804695e+01 -2.336236e+02 3.300000e+02
         vertex -5.478853e+01 -2.514018e+02 3.300000e+02
         vertex -6.363961e+01 -2.436396e+02 3.300000e+02
      endloop
   endfacet
   facet normal -0.000000e+00 0.000000e+00 -1.000000e+00
      outer loop
         vertex -4.804695e+01 -2.336236e+02 3.300000e+02
         vertex -6.363961e+01 -2.436396e+02 3.300000e+02
         vertex -5.534259e+01 -2.260565e+02 3.300000e+02
      endloop
   endfacet
   facet normal 0.000000e+00 0.000000e+00 -1.000000e+00
      outer loop
         vertex -5.534259e+01 -2.260565e+02 3.300000e+02
         vertex -6.363961e+01 -2.436396e+02 3.300000e+02
         vertex -7.140180e+01 -2.347885e+02 3.300000e+02
      endloop
   endfacet
   facet normal -0.000000e+00 0.000000e+00 -1.000000e+00
      outer loop
         vertex -5.534259e+01 -2.260565e+02 3.300000e+02
         vertex -7.140180e+01 -2.347885e+02 3.300000e+02
         vertex -6.145870e+01 -2.175077e+02 3.300000e+02
      endloop
   endfacet
   facet normal 0.000000e+00 0.000000e+00 -1.000000e+00
      outer loop
         vertex -6.145870e+01 -2.175077e+02 3.300000e+02
         vertex -7.140180e+01 -2.347885e+02 3.300000e+02
         vertex -7.794229e+01 -2.250000e+02 3.300000e+02
      endloop
   endfacet
   facet normal -0.000000e+00 0.000000e+00 -1.000000e+00
      outer loop
         vertex -6.145870e+01 -2.175077e+02 3.300000e+02
         vertex -7.794229e+01 -2.250000e+02 3.300000e+02
         vertex -6.626493e+01 -2.081595e+02 3.300000e+02
      endloop
   endfacet
   facet normal 0.000000e+00 0.000000e+00 -1.000000e+00
      outer loop
         vertex -6.626493e+01 -2.081595e+02 3.300000e+02
         vertex -7.794229e+01 -2.250000e+02 3.300000e+02
         vertex -8.314916e+01 -2.144415e+02 3.300000e+02
      endloop
   endfacet
   facet normal -0.000000e+00 0.000000e+00 -1.000000e+00
      outer loop
         vertex -6.626493e+01 -2.081595e+02 3.300000e+02
         vertex -8.314916e+01 -2.144415e+02 3.300000e+02
         vertex -6.965882e+01 -1.982112e+02 3.300000e+02
      endloop
   endfacet
   facet normal 0.000000e+00 0.000000e+00 -1.000000e+00
      outer loop
         vertex -6.965882e+01 -1.982112e+02 3.300000e+02
         vertex -8.314916e+01 -2.144415e+02 3.300000e+02
         vertex -8.693332e+01 -2.032937e+02 3.300000e+02
      endloop
   endfacet
   facet normal -0.000000e+00 0.000000e+00 -1.000000e+00
      outer loop
         vertex -6.965882e+01 -1.982112e+02 3.300000e+02
         vertex -8.693332e+01 -2.032937e+02 3.300000e+02
         vertex -7.156807e+01 -1.878747e+02 3.300000e+02
      endloop
   endfacet
   facet normal 0.000000e+00 0.000000e+00 -1.000000e+00
      outer loop
         vertex -7.156807e+01 -1.878747e+02 3.300000e+02
         vertex -8.693332e+01 -2.032937e+02 3.300000e+02
         vertex -8.923004e+01 -1.917474e+02 3.300000e+02
      endloop
   endfacet
   facet normal -0.000000e+00 0.000000e+00 -1.000000e+00
      outer loop
         vertex -7.156807e+01 -1.878747e+02 3.300000e+02
         vertex -8.923004e+01 -1.917474e+02 3.300000e+02
         vertex -7.195196e+01 -1.773704e+02 3.300000e+02
      endloop
   endfacet
   facet normal 0.000000e+00 0.000000e+00 -1.000000e+00
      outer loop
         vertex -7.195196e+01 -1.773704e+02 3.300000e+02
         vertex -8.923004e+01 -1.917474e+02 3.300000e+02
         vertex -9.000000e+01 -1.800000e+02 3.300000e+02
      endloop
   endfacet
   facet normal -0.000000e+00 0.000000e+00 -1.000000e+00
      outer loop
         vertex -7.195196e+01 -1.773704e+02 3.300000e+02
         vertex -9.000000e+01 -1.800000e+02 3.300000e+02
         vertex -7.080233e+01 -1.669222e+02 3.300000e+02
      endloop
   endfacet
   facet normal 0.000000e+00 0.000000e+00 -1.000000e+00
      outer loop
         vertex -9.000000e+01 -1.800000e+02 3.300000e+02
         vertex -8.923004e+01 -1.682526e+02 3.300000e+02
         vertex -7.080233e+01 -1.669222e+02 3.300000e+02
      endloop
   endfacet
   facet normal -0.000000e+00 0.000000e+00 -1.000000e+00
      outer loop
         vertex -7.080233e+01 -1.669222e+02 3.300000e+02
         vertex -8.923004e+01 -1.682526e+02 3.300000e+02
         vertex -8.693332e+01 -1.567063e+02 3.300000e+02
      endloop
   endfacet
   facet normal 0.000000e+00 0.000000e+00 -1.000000e+00
      outer loop
         vertex -7.080233e+01 -1.669222e+02 3.300000e+02
         vertex -8.693332e+01 -1.567063e+02 3.300000e+02
         vertex -6.814367e+01 -1.567526e+02 3.300000e+02
      endloop
   endfacet
   facet normal 0.000000e+00 0.000000e+00 -1.000000e+00
      outer loop
         vertex -6.814367e+01 -1.567526e+02 3.300000e+02
         vertex -8.693332e+01 -1.567063e+02 3.300000e+02
         vertex -8.314916e+01 -1.455585e+02 3.300000e+02
      endloop
   endfacet
   facet normal 0.000000e+00 0.000000e+00 -1.000000e+00
      outer loop
         vertex -6.814367e+01 -1.567526e+02 3.300000e+02
         vertex -8.314916e+01 -1.455585e+02 3.300000e+02
         vertex -6.403264e+01 -1.470786e+02 3.300000e+02
      endloop
   endfacet
   facet normal 0.000000e+00 0.000000e+00 -1.000000e+00
      outer loop
         vertex -6.403264e+01 -1.470786e+02 3.300000e+02
         vertex -8.314916e+01 -1.455585e+02 3.300000e+02
         vertex -7.794229e+01 -1.350000e+02 3.300000e+02
      endloop
   endfacet
   facet normal 0.000000e+00 0.000000e+00 -1.000000e+00
      outer loop
         vertex -6.403264e+01 -1.470786e+02 3.300000e+02
         vertex -7.794229e+01 -1.350000e+02 3.300000e+02
         vertex -5.855686e+01 -1.381062e+02 3.300000e+02
      endloop
   endfacet
   facet normal 0.000000e+00 0.000000e+00 -1.000000e+00
      outer loop
         vertex -5.855686e+01 -1.381062e+02 3.300000e+02
         vertex -7.794229e+01 -1.350000e+02 3.300000e+02
         vertex -7.140180e+01 -1.252115e+02 3.300000e+02
      endloop
   endfacet
   facet normal 0.000000e+00 0.000000e+00 -1.000000e+00
      outer loop
         vertex -5.855686e+01 -1.381062e+02 3.300000e+02
         vertex -7.140180e+01 -1.252115e+02 3.300000e+02
         vertex -5.183305e+01 -1.300267e+02 3.300000e+02
      endloop
   endfacet
   facet normal 0.000000e+00 0.000000e+00 -1.000000e+00
      outer loop
         vertex -5.183305e+01 -1.300267e+02 3.300000e+02
         vertex -7.140180e+01 -1.252115e+02 3.300000e+02
         vertex -6.363961e+01 -1.163604e+02 3.300000e+02
      endloop
   endfacet
   facet normal 0.000000e+00 0.000000e+00 -1.000000e+00
      outer loop
         vertex -5.183305e+01 -1.300267e+02 3.300000e+02
         vertex -6.363961e+01 -1.163604e+02 3.300000e+02
         vertex -4.400451e+01 -1.230123e+02 3.300000e+02
      endloop
   endfacet
   facet normal 0.000000e+00 0.000000e+00 -1.000000e+00
      outer loop
         vertex -4.400451e+01 -1.230123e+02 3.300000e+02
         vertex -6.363961e+01 -1.163604e+02 3.300000e+02
         vertex -5.478853e+01 -1.085982e+02 3.300000e+02
      endloop
   endfacet
   facet normal 0.000000e+00 0.000000e+00 -1.000000e+00
      outer loop
         vertex -4.400451e+01 -1.230123e+02 3.300000e+02
         vertex -5.478853e+01 -1.085982e+02 3.300000e+02
         vertex -3.523808e+01 -1.172124e+02 3.300000e+02
      endloop
   endfacet
   facet normal 0.000000e+00 0.000000e+00 -1.000000e+00
      outer loop
         vertex -3.523808e+01 -1.172124e+02 3.300000e+02
         vertex -5.478853e+01 -1.085982e+02 3.300000e+02
         vertex -4.500000e+01 -1.020577e+02 3.300000e+02
      endloop
   endfacet
   facet normal 0.000000e+00 0.000000e+00 -1.000000e+00
      outer loop
         vertex -3.523808e+01 -1.172124e+02 3.300000e+02
         vertex -4.500000e+01 -1.020577e+02 3.300000e+02
         vertex -2.572062e+01 -1.127508e+02 3.300000e+02
      endloop
   endfacet
   facet normal 0.000000e+00 0.000000e+00 -1.000000e+00
      outer loop
         vertex -2.572062e+01 -1.127508e+02 3.300000e+02
         vertex -4.500000e+01 -1.020577e+02 3.300000e+02
         vertex -3.444151e+01 -9.685084e+01 3.300000e+02
      endloop
   endfacet
   facet normal 0.000000e+00 0.000000e+00 -1.000000e+00
      outer loop
         vertex -2.572062e+01 -1.127508e+02 3.300000e+02
         vertex -3.444151e+01 -9.685084e+01 3.300000e+02
         vertex -1.565497e+01 -1.097225e+02 3.300000e+02
      endloop
   endfacet
   facet normal 0.000000e+00 0.000000e+00 -1.000000e+00
      outer loop
         vertex -1.565497e+01 -1.097225e+02 3.300000e+02
         vertex -3.444151e+01 -9.685084e+01 3.300000e+02
         vertex -2.329371e+01 -9.306668e+01 3.300000e+02
      endloop
   endfacet
   facet normal 0.000000e+00 0.000000e+00 -1.000000e+00
      outer loop
         vertex -1.565497e+01 -1.097225e+02 3.300000e+02
         vertex -2.329371e+01 -9.306668e+01 3.300000e+02
         vertex -5.255663e+00 -1.081921e+02 3.300000e+02
      endloop
   endfacet
   facet normal 0.000000e+00 0.000000e+00 -1.000000e+00
      outer loop
         vertex -5.255663e+00 -1.081921e+02 3.300000e+02
         vertex -2.329371e+01 -9.306668e+01 3.300000e+02
         vertex -1.174736e+01 -9.076996e+01 3.300000e+02
      endloop
   endfacet
   facet normal 0.000000e+00 0.000000e+00 -1.000000e+00
      outer loop
         vertex -5.255663e+00 -1.081921e+02 3.300000e+02
         vertex -1.174736e+01 -9.076996e+01 3.300000e+02
         vertex 3.946280e-14 -1.080000e+02 3.300000e+02
      endloop
   endfacet
   facet normal 0.000000e+00 0.000000e+00 -1.000000e+00
      outer loop
         vertex 3.946280e-14 -1.080000e+02 3.300000e+02
         vertex -1.174736e+01 -9.076996e+01 3.300000e+02
         vertex 2.403225e-14 -9.000000e+01 3.300000e+02
      endloop
   endfacet
   facet normal 0.000000e+00 0.000000e+00 -1.000000e+00
      outer loop
         vertex 3.946280e-14 -1.080000e+02 3.300000e+02
         vertex 2.403225e-14 -9.000000e+01 3.300000e+02
         vertex 5.255663e+00 -1.081921e+02 3.300000e+02
      endloop
   endfacet
   facet normal 0.000000e+00 0.000000e+00 -1.000000e+00
      outer loop
         vertex 5.255663e+00 -1.081921e+02 3.300000e+02
         vertex 2.403225e-14 -9.000000e+01 3.300000e+02
         vertex 1.174736e+01 -9.076996e+01 3.300000e+02
      endloop
   endfacet
   facet normal 0.000000e+00 0.000000e+00 -1.000000e+00
      outer loop
         vertex 5.255663e+00 -1.081921e+02 3.300000e+02
         vertex 1.174736e+01 -9.076996e+01 3.300000e+02
         vertex 1.565497e+01 -1.097225e+02 3.300000e+02
      endloop
   endfacet
   facet normal 0.000000e+00 0.000000e+00 -1.000000e+00
      outer loop
         vertex 1.565497e+01 -1.097225e+02 3.300000e+02
         vertex 1.174736e+01 -9.076996e+01 3.300000e+02
         vertex 2.329371e+01 -9.306668e+01 3.300000e+02
      endloop
   endfacet
   facet normal 0.000000e+00 0.000000e+00 -1.000000e+00
      outer loop
         vertex 1.565497e+01 -1.097225e+02 3.300000e+02
         vertex 2.329371e+01 -9.306668e+01 3.300000e+02
         vertex 2.572062e+01 -1.127508e+02 3.300000e+02
      endloop
   endfacet
   facet normal 0.000000e+00 0.000000e+00 -1.000000e+00
      outer loop
         vertex 2.572062e+01 -1.127508e+02 3.300000e+02
         vertex 2.329371e+01 -9.306668e+01 3.300000e+02
         vertex 3.444151e+01 -9.685084e+01 3.300000e+02
      endloop
   endfacet
   facet normal 0.000000e+00 0.000000e+00 -1.000000e+00
      outer loop
         vertex 2.572062e+01 -1.127508e+02 3.300000e+02
         vertex 3.444151e+01 -9.685084e+01 3.300000e+02
         vertex 3.523808e+01 -1.172124e+02 3.300000e+02
      endloop
   endfacet
   facet normal 0.000000e+00 0.000000e+00 -1.000000e+00
      outer loop
         vertex 3.523808e+01 -1.172124e+02 3.300000e+02
         vertex 3.444151e+01 -9.685084e+01 3.300000e+02
         vertex 4.500000e+01 -1.020577e+02 3.300000e+02
      endloop
   endfacet
   facet normal 0.000000e+00 0.000000e+00 -1.000000e+00
      outer loop
         vertex 3.523808e+01 -1.172124e+02 3.300000e+02
         vertex 4.500000e+01 -1.020577e+02 3.300000e+02
         vertex 4.400451e+01 -1.230123e+02 3.300000e+02
      endloop
   endfacet
   facet normal 0.000000e+00 0.000000e+00 -1.000000e+00
      outer loop
         vertex 4.400451e+01 -1.230123e+02 3.300000e+02
         vertex 4.500000e+01 -1.020577e+02 3.300000e+02
         vertex 5.478853e+01 -1.085982e+02 3.300000e+02
      endloop
   endfacet
   facet normal 0.000000e+00 0.000000e+00 -1.000000e+00
      outer loop
         vertex 4.400451e+01 -1.230123e+02 3.300000e+02
         vertex 5.478853e+01 -1.085982e+02 3.300000e+02
         vertex 5.183305e+01 -1.300267e+02 3.300000e+02
      endloop
   endfacet
   facet normal 0.000000e+00 0.000000e+00 -1.000000e+00
      outer loop
         vertex 5.183305e+01 -1.300267e+02 3.300000e+02
         vertex 5.478853e+01 -1.085982e+02 3.300000e+02
         vertex 6.363961e+01 -1.163604e+02 3.300000e+02
      endloop
   endfacet
   facet normal 0.000000e+00 0.000000e+00 -1.000000e+00
      outer loop
         vertex 5.183305e+01 -1.300267e+02 3.300000e+02
         vertex 6.363961e+01 -1.163604e+02 3.300000e+02
         vertex 5.855686e+01 -1.381062e+02 3.300000e+02
      endloop
   endfacet
   facet normal 0.000000e+00 0.000000e+00 -1.000000e+00
      outer loop
         vertex 5.855686e+01 -1.381062e+02 3.300000e+02
         vertex 6.363961e+01 -1.163604e+02 3.300000e+02
         vertex 7.140180e+01 -1.252115e+02 3.300000e+02
      endloop
   endfacet
   facet normal 0.000000e+00 0.000000e+00 -1.000000e+00
      outer loop
         vertex 5.855686e+01 -1.381062e+02 3.300000e+02
         vertex 7.140180e+01 -1.252115e+02 3.300000e+02
         vertex 6.403264e+01 -1.470786e+02 3.300000e+02
      endloop
   endfacet
   facet normal 0.000000e+00 0.000000e+00 -1.000000e+00
      outer loop
         vertex 6.403264e+01 -1.470786e+02 3.300000e+02
         vertex 7.140180e+01 -1.252115e+02 3.300000e+02
         vertex 7.794229e+01 -1.350000e+02 3.300000e+02
      endloop
   endfacet
   facet normal 0.000000e+00 0.000000e+00 -1.000000e+00
      outer loop
         vertex 6.403264e+01 -1.470786e+02 3.300000e+02
         vertex 7.794229e+01 -1.350000e+02 3.300000e+02
         vertex 6.814367e+01 -1.567526e+02 3.300000e+02
      endloop
   endfacet
   facet normal 0.000000e+00 -0.000000e+00 -1.000000e+00
      outer loop
         vertex 4.804695e+01 -2.336236e+02 3.300000e+02
         vertex 5.478853e+01 -2.514018e+02 3.300000e+02
         vertex 3.972728e+01 -2.400478e+02 3.300000e+02
      endloop
   endfacet
   facet normal 0.000000e+00 0.000000e+00 -1.000000e+00
      outer loop
         vertex 3.972728e+01 -2.400478e+02 3.300000e+02
         vertex 5.478853e+01 -2.514018e+02 3.300000e+02
         vertex 4.500000e+01 -2.579423e+02 3.300000e+02
      endloop
   endfacet
   facet normal 0.000000e+00 -0.000000e+00 -1.000000e+00
      outer loop
         vertex 3.972728e+01 -2.400478e+02 3.300000e+02
         vertex 4.500000e+01 -2.579423e+02 3.300000e+02
         vertex 3.056088e+01 -2.451923e+02 3.300000e+02
      endloop
   endfacet
   facet normal 0.000000e+00 0.000000e+00 -1.000000e+00
      outer loop
         vertex 3.056088e+01 -2.451923e+02 3.300000e+02
         vertex 4.500000e+01 -2.579423e+02 3.300000e+02
         vertex 3.444151e+01 -2.631492e+02 3.300000e+02
      endloop
   endfacet
   facet normal 0.000000e+00 -0.000000e+00 -1.000000e+00
      outer loop
         vertex 3.056088e+01 -2.451923e+02 3.300000e+02
         vertex 3.444151e+01 -2.631492e+02 3.300000e+02
         vertex 2.074314e+01 -2.489472e+02 3.300000e+02
      endloop
   endfacet
   facet normal 0.000000e+00 0.000000e+00 -1.000000e+00
      outer loop
         vertex 2.074314e+01 -2.489472e+02 3.300000e+02
         vertex 3.444151e+01 -2.631492e+02 3.300000e+02
         vertex 2.329371e+01 -2.669333e+02 3.300000e+02
      endloop
   endfacet
   facet normal 0.000000e+00 -0.000000e+00 -1.000000e+00
      outer loop
         vertex 2.074314e+01 -2.489472e+02 3.300000e+02
         vertex 2.329371e+01 -2.669333e+02 3.300000e+02
         vertex 1.048328e+01 -2.512327e+02 3.300000e+02
      endloop
   endfacet
   facet normal 0.000000e+00 0.000000e+00 -1.000000e+00
      outer loop
         vertex 1.048328e+01 -2.512327e+02 3.300000e+02
         vertex 2.329371e+01 -2.669333e+02 3.300000e+02
         vertex 1.174736e+01 -2.692300e+02 3.300000e+02
      endloop
   endfacet
   facet normal 0.000000e+00 -0.000000e+00 -1.000000e+00
      outer loop
         vertex 1.048328e+01 -2.512327e+02 3.300000e+02
         vertex 1.174736e+01 -2.692300e+02 3.300000e+02
         vertex 1.301043e-14 -2.520000e+02 3.300000e+02
      endloop
   endfacet
   facet normal 0.000000e+00 0.000000e+00 -1.000000e+00
      outer loop
         vertex 1.301043e-14 -2.520000e+02 3.300000e+02
         vertex 1.174736e+01 -2.692300e+02 3.300000e+02
         vertex 1.301043e-14 -2.700000e+02 3.300000e+02
      endloop
   endfacet
   facet normal -0.000000e+00 -0.000000e+00 -1.000000e+00
      outer loop
         vertex 1.301043e-14 -2.520000e+02 3.300000e+02
         vertex 1.301043e-14 -2.700000e+02 3.300000e+02
         vertex -1.048328e+01 -2.512327e+02 3.300000e+02
      endloop
   endfacet
   facet normal 0.000000e+00 -0.000000e+00 -1.000000e+00
      outer loop
         vertex -1.048328e+01 -2.512327e+02 3.300000e+02
         vertex 1.301043e-14 -2.700000e+02 3.300000e+02
         vertex -1.174736e+01 -2.692300e+02 3.300000e+02
      endloop
   endfacet
   facet normal -0.000000e+00 0.000000e+00 -1.000000e+00
      outer loop
         vertex -1.048328e+01 -2.512327e+02 3.300000e+02
         vertex -1.174736e+01 -2.692300e+02 3.300000e+02
         vertex -2.074314e+01 -2.489472e+02 3.300000e+02
      endloop
   endfacet
   facet normal 0.000000e+00 -0.000000e+00 -1.000000e+00
      outer loop
         vertex -2.074314e+01 -2.489472e+02 3.300000e+02
         vertex -1.174736e+01 -2.692300e+02 3.300000e+02
         vertex -2.329371e+01 -2.669333e+02 3.300000e+02
      endloop
   endfacet
   facet normal -0.000000e+00 0.000000e+00 -1.000000e+00
      outer loop
         vertex -2.074314e+01 -2.489472e+02 3.300000e+02
         vertex -2.329371e+01 -2.669333e+02 3.300000e+02
         vertex -3.056088e+01 -2.451923e+02 3.300000e+02
      endloop
   endfacet
   facet normal 0.000000e+00 -0.000000e+00 -1.000000e+00
      outer loop
         vertex -3.056088e+01 -2.451923e+02 3.300000e+02
         vertex -2.329371e+01 -2.669333e+02 3.300000e+02
         vertex -3.444151e+01 -2.631492e+02 3.300000e+02
      endloop
   endfacet
   facet normal -0.000000e+00 0.000000e+00 -1.000000e+00
      outer loop
         vertex -3.056088e+01 -2.451923e+02 3.300000e+02
         vertex -3.444151e+01 -2.631492e+02 3.300000e+02
         vertex -3.972728e+01 -2.400478e+02 3.300000e+02
      endloop
   endfacet
   facet normal 0.000000e+00 -0.000000e+00 -1.000000e+00
      outer loop
         vertex -3.972728e+01 -2.400478e+02 3.300000e+02
         vertex -3.444151e+01 -2.631492e+02 3.300000e+02
         vertex -4.500000e+01 -2.579423e+02 3.300000e+02
      endloop
   endfacet
   facet normal 0.000000e+00 0.000000e+00 -1.000000e+00
      outer loop
         vertex -3.972728e+01 -2.400478e+02 3.300000e+02
         vertex -4.500000e+01 -2.579423e+02 3.300000e+02
         vertex -5.478853e+01 -2.514018e+02 3.300000e+02
      endloop
   endfacet
   facet normal 0.000000e+00 -0.000000e+00 -1.000000e+00
      outer loop
         vertex 7.794229e+01 -1.350000e+02 3.300000e+02
         vertex 8.314916e+01 -1.455585e+02 3.300000e+02
         vertex 6.814367e+01 -1.567526e+02 3.300000e+02
      endloop
   endfacet
   facet normal 0.000000e+00 0.000000e+00 -1.000000e+00
      outer loop
         vertex 6.814367e+01 -1.567526e+02 3.300000e+02
         vertex 8.314916e+01 -1.455585e+02 3.300000e+02
         vertex 8.693332e+01 -1.567063e+02 3.300000e+02
      endloop
   endfacet
   facet normal 0.000000e+00 0.000000e+00 -1.000000e+00
      outer loop
         vertex 6.814367e+01 -1.567526e+02 3.300000e+02
         vertex 8.693332e+01 -1.567063e+02 3.300000e+02
         vertex 7.080233e+01 -1.669222e+02 3.300000e+02
      endloop
   endfacet
   facet normal 0.000000e+00 0.000000e+00 -1.000000e+00
      outer loop
         vertex 7.080233e+01 -1.669222e+02 3.300000e+02
         vertex 8.693332e+01 -1.567063e+02 3.300000e+02
         vertex 8.923004e+01 -1.682526e+02 3.300000e+02
      endloop
   endfacet
   facet normal 0.000000e+00 0.000000e+00 -1.000000e+00
      outer loop
         vertex 7.080233e+01 -1.669222e+02 3.300000e+02
         vertex 8.923004e+01 -1.682526e+02 3.300000e+02
         vertex 7.195196e+01 -1.773704e+02 3.300000e+02
      endloop
   endfacet
   facet normal 0.000000e+00 0.000000e+00 -1.000000e+00
      outer loop
         vertex 7.195196e+01 -1.773704e+02 3.300000e+02
         vertex 8.923004e+01 -1.682526e+02 3.300000e+02
         vertex 9.000000e+01 -1.800000e+02 3.300000e+02
      endloop
   endfacet
   facet normal 0.000000e+00 -0.000000e+00 -1.000000e+00
      outer loop
         vertex 7.195196e+01 -1.773704e+02 3.300000e+02
         vertex 9.000000e+01 -1.800000e+02 3.300000e+02
         vertex 7.156807e+01 -1.878747e+02 3.300000e+02
      endloop
   endfacet
   facet normal 0.000000e+00 0.000000e+00 -1.000000e+00
      outer loop
         vertex 7.156807e+01 -1.878747e+02 3.300000e+02
         vertex 9.000000e+01 -1.800000e+02 3.300000e+02
         vertex 8.923004e+01 -1.917474e+02 3.300000e+02
      endloop
   endfacet
   facet normal 0.000000e+00 -0.000000e+00 -1.000000e+00
      outer loop
         vertex 7.156807e+01 -1.878747e+02 3.300000e+02
         vertex 8.923004e+01 -1.917474e+02 3.300000e+02
         vertex 6.965882e+01 -1.982112e+02 3.300000e+02
      endloop
   endfacet
   facet normal 0.000000e+00 0.000000e+00 -1.000000e+00
      outer loop
         vertex 6.965882e+01 -1.982112e+02 3.300000e+02
         vertex 8.923004e+01 -1.917474e+02 3.300000e+02
         vertex 8.693332e+01 -2.032937e+02 3.300000e+02
      endloop
   endfacet
   facet normal 0.000000e+00 -0.000000e+00 -1.000000e+00
      outer loop
         vertex 6.965882e+01 -1.982112e+02 3.300000e+02
         vertex 8.693332e+01 -2.032937e+02 3.300000e+02
         vertex 6.626493e+01 -2.081595e+02 3.300000e+02
      endloop
   endfacet
   facet normal 0.000000e+00 0.000000e+00 -1.000000e+00
      outer loop
         vertex 6.626493e+01 -2.081595e+02 3.300000e+02
         vertex 8.693332e+01 -2.032937e+02 3.300000e+02
         vertex 8.314916e+01 -2.144415e+02 3.300000e+02
      endloop
   endfacet
   facet normal 0.000000e+00 -0.000000e+00 -1.000000e+00
      outer loop
         vertex 6.626493e+01 -2.081595e+02 3.300000e+02
         vertex 8.314916e+01 -2.144415e+02 3.300000e+02
         vertex 6.145870e+01 -2.175077e+02 3.300000e+02
      endloop
   endfacet
   facet normal 0.000000e+00 0.000000e+00 -1.000000e+00
      outer loop
         vertex 6.145870e+01 -2.175077e+02 3.300000e+02
         vertex 8.314916e+01 -2.144415e+02 3.300000e+02
         vertex 7.794229e+01 -2.250000e+02 3.300000e+02
      endloop
   endfacet
   facet normal 0.000000e+00 -0.000000e+00 -1.000000e+00
      outer loop
         vertex 6.145870e+01 -2.175077e+02 3.300000e+02
         vertex 7.794229e+01 -2.250000e+02 3.300000e+02
         vertex 5.534259e+01 -2.260565e+02 3.300000e+02
      endloop
   endfacet
   facet normal 0.000000e+00 0.000000e+00 -1.000000e+00
      outer loop
         vertex 5.534259e+01 -2.260565e+02 3.300000e+02
         vertex 7.794229e+01 -2.250000e+02 3.300000e+02
         vertex 7.140180e+01 -2.347885e+02 3.300000e+02
      endloop
   endfacet
   facet normal 0.000000e+00 -0.000000e+00 -1.000000e+00
      outer loop
         vertex 5.534259e+01 -2.260565e+02 3.300000e+02
         vertex 7.140180e+01 -2.347885e+02 3.300000e+02
         vertex 4.804695e+01 -2.336236e+02 3.300000e+02
      endloop
   endfacet
   facet normal 0.000000e+00 0.000000e+00 -1.000000e+00
      outer loop
         vertex 4.804695e+01 -2.336236e+02 3.300000e+02
         vertex 7.140180e+01 -2.347885e+02 3.300000e+02
         vertex 6.363961e+01 -2.436396e+02 3.300000e+02
      endloop
   endfacet
   facet normal 0.000000e+00 0.000000e+00 -1.000000e+00
      outer loop
         vertex 4.804695e+01 -2.336236e+02 3.300000e+02
         vertex 6.363961e+01 -2.436396e+02 3.300000e+02
         vertex 5.478853e+01 -2.514018e+02 3.300000e+02
      endloop
   endfacet
   facet normal 6.540400e-02 -9.978589e-01 0.000000e+00
      outer loop
         vertex 1.301043e-14 -2.700000e+02 3.450000e+02
         vertex 1.174736e+01 -2.692300e+02 3.300000e+02
         vertex 1.174736e+01 -2.692300e+02 3.450000e+02
      endloop
   endfacet
   facet normal 1.950905e-01 -9.807852e-01 0.000000e+00
      outer loop
         vertex 1.174736e+01 -2.692300e+02 3.450000e+02
         vertex 1.174736e+01 -2.692300e+02 3.300000e+02
         vertex 2.329371e+01 -2.669333e+02 3.300000e+02
      endloop
   endfacet
   facet normal 1.950905e-01 -9.807852e-01 0.000000e+00
      outer loop
         vertex 1.174736e+01 -2.692300e+02 3.450000e+02
         vertex 2.329371e+01 -2.669333e+02 3.300000e+02
         vertex 2.329371e+01 -2.669333e+02 3.450000e+02
      endloop
   endfacet
   facet normal 3.214382e-01 -9.469305e-01 0.000000e+00
      outer loop
         vertex 2.329371e+01 -2.669333e+02 3.450000e+02
         vertex 2.329371e+01 -2.669333e+02 3.300000e+02
         vertex 3.444151e+01 -2.631492e+02 3.300000e+02
      endloop
   endfacet
   facet normal 3.214382e-01 -9.469305e-01 0.000000e+00
      outer loop
         vertex 2.329371e+01 -2.669333e+02 3.450000e+02
         vertex 3.444151e+01 -2.631492e+02 3.300000e+02
         vertex 3.444151e+01 -2.631492e+02 3.450000e+02
      endloop
   endfacet
   facet normal 4.422894e-01 -8.968724e-01 0.000000e+00
      outer loop
         vertex 3.444151e+01 -2.631492e+02 3.450000e+02
         vertex 3.444151e+01 -2.631492e+02 3.300000e+02
         vertex 4.500000e+01 -2.579423e+02 3.300000e+02
      endloop
   endfacet
   facet normal 4.422894e-01 -8.968724e-01 0.000000e+00
      outer loop
         vertex 3.444151e+01 -2.631492e+02 3.450000e+02
         vertex 4.500000e+01 -2.579423e+02 3.300000e+02
         vertex 4.500000e+01 -2.579423e+02 3.450000e+02
      endloop
   endfacet
   facet normal 5.555698e-01 -8.314699e-01 0.000000e+00
      outer loop
         vertex 4.500000e+01 -2.579423e+02 3.450000e+02
         vertex 4.500000e+01 -2.579423e+02 3.300000e+02
         vertex 5.478853e+01 -2.514018e+02 3.300000e+02
      endloop
   endfacet
   facet normal 5.555698e-01 -8.314699e-01 0.000000e+00
      outer loop
         vertex 4.500000e+01 -2.579423e+02 3.450000e+02
         vertex 5.478853e+01 -2.514018e+02 3.300000e+02
         vertex 5.478853e+01 -2.514018e+02 3.450000e+02
      endloop
   endfacet
   facet normal 6.593467e-01 -7.518390e-01 0.000000e+00
      outer loop
         vertex 5.478853e+01 -2.514018e+02 3.450000e+02
         vertex 5.478853e+01 -2.514018e+02 3.300000e+02
         vertex 6.363961e+01 -2.436396e+02 3.300000e+02
      endloop
   endfacet
   facet normal 6.593467e-01 -7.518390e-01 0.000000e+00
      outer loop
         vertex 5.478853e+01 -2.514018e+02 3.450000e+02
         vertex 6.363961e+01 -2.436396e+02 3.300000e+02
         vertex 6.363961e+01 -2.436396e+02 3.450000e+02
      endloop
   endfacet
   facet normal 7.518400e-01 -6.593456e-01 0.000000e+00
      outer loop
         vertex 6.363961e+01 -2.436396e+02 3.450000e+02
         vertex 6.363961e+01 -2.436396e+02 3.300000e+02
         vertex 7.140180e+01 -2.347885e+02 3.300000e+02
      endloop
   endfacet
   facet normal 7.518400e-01 -6.593456e-01 0.000000e+00
      outer loop
         vertex 6.363961e+01 -2.436396e+02 3.450000e+02
         vertex 7.140180e+01 -2.347885e+02 3.300000e+02
         vertex 7.140180e+01 -2.347885e+02 3.450000e+02
      endloop
   endfacet
   facet normal 8.314693e-01 -5.555706e-01 0.000000e+00
      outer loop
         vertex 7.140180e+01 -2.347885e+02 3.450000e+02
         vertex 7.140180e+01 -2.347885e+02 3.300000e+02
         vertex 7.794229e+01 -2.250000e+02 3.300000e+02
      endloop
   endfacet
   facet normal 8.314693e-01 -5.555706e-01 0.000000e+00
      outer loop
         vertex 7.140180e+01 -2.347885e+02 3.450000e+02
         vertex 7.794229e+01 -2.250000e+02 3.300000e+02
         vertex 7.794229e+01 -2.250000e+02 3.450000e+02
      endloop
   endfacet
   facet normal 8.968728e-01 -4.422886e-01 0.000000e+00
      outer loop
         vertex 7.794229e+01 -2.250000e+02 3.450000e+02
         vertex 7.794229e+01 -2.250000e+02 3.300000e+02
         vertex 8.314916e+01 -2.144415e+02 3.300000e+02
      endloop
   endfacet
   facet normal 8.968728e-01 -4.422886e-01 0.000000e+00
      outer loop
         vertex 7.794229e+01 -2.250000e+02 3.450000e+02
         vertex 8.314916e+01 -2.144415e+02 3.300000e+02
         vertex 8.314916e+01 -2.144415e+02 3.450000e+02
      endloop
   endfacet
   facet normal 9.469302e-01 -3.214393e-01 0.000000e+00
      outer loop
         vertex 8.314916e+01 -2.144415e+02 3.450000e+02
         vertex 8.314916e+01 -2.144415e+02 3.300000e+02
         vertex 8.693332e+01 -2.032937e+02 3.300000e+02
      endloop
   endfacet
   facet normal 9.469302e-01 -3.214393e-01 0.000000e+00
      outer loop
         vertex 8.314916e+01 -2.144415e+02 3.450000e+02
         vertex 8.693332e+01 -2.032937e+02 3.300000e+02
         vertex 8.693332e+01 -2.032937e+02 3.450000e+02
      endloop
   endfacet
   facet normal 9.807852e-01 -1.950905e-01 0.000000e+00
      outer loop
         vertex 8.693332e+01 -2.032937e+02 3.450000e+02
         vertex 8.693332e+01 -2.032937e+02 3.300000e+02
         vertex 8.923004e+01 -1.917474e+02 3.300000e+02
      endloop
   endfacet
   facet normal 9.807852e-01 -1.950905e-01 0.000000e+00
      outer loop
         vertex 8.693332e+01 -2.032937e+02 3.450000e+02
         vertex 8.923004e+01 -1.917474e+02 3.300000e+02
         vertex 8.923004e+01 -1.917474e+02 3.450000e+02
      endloop
   endfacet
   facet normal 9.978589e-01 -6.540344e-02 0.000000e+00
      outer loop
         vertex 8.923004e+01 -1.917474e+02 3.450000e+02
         vertex 8.923004e+01 -1.917474e+02 3.300000e+02
         vertex 9.000000e+01 -1.800000e+02 3.300000e+02
      endloop
   endfacet
   facet normal 9.978589e-01 -6.540344e-02 0.000000e+00
      outer loop
         vertex 8.923004e+01 -1.917474e+02 3.450000e+02
         vertex 9.000000e+01 -1.800000e+02 3.300000e+02
         vertex 9.000000e+01 -1.800000e+02 3.450000e+02
      endloop
   endfacet
   facet normal 9.978589e-01 6.540336e-02 0.000000e+00
      outer loop
         vertex 9.000000e+01 -1.800000e+02 3.450000e+02
         vertex 9.000000e+01 -1.800000e+02 3.300000e+02
         vertex 8.923004e+01 -1.682526e+02 3.300000e+02
      endloop
   endfacet
   facet normal 9.978589e-01 6.540336e-02 0.000000e+00
      outer loop
         vertex 9.000000e+01 -1.800000e+02 3.450000e+02
         vertex 8.923004e+01 -1.682526e+02 3.300000e+02
         vertex 8.923004e+01 -1.682526e+02 3.450000e+02
      endloop
   endfacet
   facet normal 9.807852e-01 1.950905e-01 0.000000e+00
      outer loop
         vertex 8.923004e+01 -1.682526e+02 3.450000e+02
         vertex 8.923004e+01 -1.682526e+02 3.300000e+02
         vertex 8.693332e+01 -1.567063e+02 3.300000e+02
      endloop
   endfacet
   facet normal 9.807852e-01 1.950905e-01 0.000000e+00
      outer loop
         vertex 8.923004e+01 -1.682526e+02 3.450000e+02
         vertex 8.693332e+01 -1.567063e+02 3.300000e+02
         vertex 8.693332e+01 -1.567063e+02 3.450000e+02
      endloop
   endfacet
   facet normal 9.469302e-01 3.214393e-01 0.000000e+00
      outer loop
         vertex 8.693332e+01 -1.567063e+02 3.450000e+02
         vertex 8.693332e+01 -1.567063e+02 3.300000e+02
         vertex 8.314916e+01 -1.455585e+02 3.300000e+02
      endloop
   endfacet
   facet normal 9.469302e-01 3.214393e-01 0.000000e+00
      outer loop
         vertex 8.693332e+01 -1.567063e+02 3.450000e+02
         vertex 8.314916e+01 -1.455585e+02 3.300000e+02
         vertex 8.314916e+01 -1.455585e+02 3.450000e+02
      endloop
   endfacet
   facet normal 8.968728e-01 4.422886e-01 0.000000e+00
      outer loop
         vertex 8.314916e+01 -1.455585e+02 3.450000e+02
         vertex 8.314916e+01 -1.455585e+02 3.300000e+02
         vertex 7.794229e+01 -1.350000e+02 3.300000e+02
      endloop
   endfacet
   facet normal 8.968728e-01 4.422886e-01 0.000000e+00
      outer loop
         vertex 8.314916e+01 -1.455585e+02 3.450000e+02
         vertex 7.794229e+01 -1.350000e+02 3.300000e+02
         vertex 7.794229e+01 -1.350000e+02 3.450000e+02
      endloop
   endfacet
   facet normal 8.314693e-01 5.555706e-01 0.000000e+00
      outer loop
         vertex 7.794229e+01 -1.350000e+02 3.450000e+02
         vertex 7.794229e+01 -1.350000e+02 3.300000e+02
         vertex 7.140180e+01 -1.252115e+02 3.300000e+02
      endloop
   endfacet
   facet normal 8.314693e-01 5.555706e-01 0.000000e+00
      outer loop
         vertex 7.794229e+01 -1.350000e+02 3.450000e+02
         vertex 7.140180e+01 -1.252115e+02 3.300000e+02
         vertex 7.140180e+01 -1.252115e+02 3.450000e+02
      endloop
   endfacet
   facet normal 7.518402e-01 6.593453e-01 0.000000e+00
      outer loop
         vertex 7.140180e+01 -1.252115e+02 3.450000e+02
         vertex 7.140180e+01 -1.252115e+02 3.300000e+02
         vertex 6.363961e+01 -1.163604e+02 3.300000e+02
      endloop
   endfacet
   facet normal 7.518402e-01 6.593453e-01 0.000000e+00
      outer loop
         vertex 7.140180e+01 -1.252115e+02 3.450000e+02
         vertex 6.363961e+01 -1.163604e+02 3.300000e+02
         vertex 6.363961e+01 -1.163604e+02 3.450000e+02
      endloop
   endfacet
   facet normal 6.593456e-01 7.518400e-01 0.000000e+00
      outer loop
         vertex 6.363961e+01 -1.163604e+02 3.450000e+02
         vertex 6.363961e+01 -1.163604e+02 3.300000e+02
         vertex 5.478853e+01 -1.085982e+02 3.300000e+02
      endloop
   endfacet
   facet normal 6.593456e-01 7.518400e-01 0.000000e+00
      outer loop
         vertex 6.363961e+01 -1.163604e+02 3.450000e+02
         vertex 5.478853e+01 -1.085982e+02 3.300000e+02
         vertex 5.478853e+01 -1.085982e+02 3.450000e+02
      endloop
   endfacet
   facet normal 5.555706e-01 8.314693e-01 0.000000e+00
      outer loop
         vertex 5.478853e+01 -1.085982e+02 3.450000e+02
         vertex 5.478853e+01 -1.085982e+02 3.300000e+02
         vertex 4.500000e+01 -1.020577e+02 3.300000e+02
      endloop
   endfacet
   facet normal 5.555706e-01 8.314693e-01 0.000000e+00
      outer loop
         vertex 5.478853e+01 -1.085982e+02 3.450000e+02
         vertex 4.500000e+01 -1.020577e+02 3.300000e+02
         vertex 4.500000e+01 -1.020577e+02 3.450000e+02
      endloop
   endfacet
   facet normal 4.422884e-01 8.968729e-01 0.000000e+00
      outer loop
         vertex 4.500000e+01 -1.020577e+02 3.450000e+02
         vertex 4.500000e+01 -1.020577e+02 3.300000e+02
         vertex 3.444151e+01 -9.685084e+01 3.300000e+02
      endloop
   endfacet
   facet normal 4.422884e-01 8.968729e-01 0.000000e+00
      outer loop
         vertex 4.500000e+01 -1.020577e+02 3.450000e+02
         vertex 3.444151e+01 -9.685084e+01 3.300000e+02
         vertex 3.444151e+01 -9.685084e+01 3.450000e+02
      endloop
   endfacet
   facet normal 3.214394e-01 9.469302e-01 0.000000e+00
      outer loop
         vertex 3.444151e+01 -9.685084e+01 3.450000e+02
         vertex 3.444151e+01 -9.685084e+01 3.300000e+02
         vertex 2.329371e+01 -9.306668e+01 3.300000e+02
      endloop
   endfacet
   facet normal 3.214394e-01 9.469302e-01 0.000000e+00
      outer loop
         vertex 3.444151e+01 -9.685084e+01 3.450000e+02
         vertex 2.329371e+01 -9.306668e+01 3.300000e+02
         vertex 2.329371e+01 -9.306668e+01 3.450000e+02
      endloop
   endfacet
   facet normal 1.950905e-01 9.807852e-01 0.000000e+00
      outer loop
         vertex 2.329371e+01 -9.306668e+01 3.450000e+02
         vertex 2.329371e+01 -9.306668e+01 3.300000e+02
         vertex 1.174736e+01 -9.076996e+01 3.300000e+02
      endloop
   endfacet
   facet normal 1.950905e-01 9.807852e-01 0.000000e+00
      outer loop
         vertex 2.329371e+01 -9.306668e+01 3.450000e+02
         vertex 1.174736e+01 -9.076996e+01 3.300000e+02
         vertex 1.174736e+01 -9.076996e+01 3.450000e+02
      endloop
   endfacet
   facet normal 6.540274e-02 9.978589e-01 0.000000e+00
      outer loop
         vertex 1.174736e+01 -9.076996e+01 3.450000e+02
         vertex 1.174736e+01 -9.076996e+01 3.300000e+02
         vertex 2.403225e-14 -9.000000e+01 3.300000e+02
      endloop
   endfacet
   facet normal 6.540274e-02 9.978589e-01 0.000000e+00
      outer loop
         vertex 1.174736e+01 -9.076996e+01 3.450000e+02
         vertex 2.403225e-14 -9.000000e+01 3.300000e+02
         vertex 2.403225e-14 -9.000000e+01 3.450000e+02
      endloop
   endfacet
   facet normal -6.540274e-02 9.978589e-01 0.000000e+00
      outer loop
         vertex 2.403225e-14 -9.000000e+01 3.450000e+02
         vertex 2.403225e-14 -9.000000e+01 3.300000e+02
         vertex -1.174736e+01 -9.076996e+01 3.300000e+02
      endloop
   endfacet
   facet normal -6.540274e-02 9.978589e-01 0.000000e+00
      outer loop
         vertex 2.403225e-14 -9.000000e+01 3.450000e+02
         vertex -1.174736e+01 -9.076996e+01 3.300000e+02
         vertex -1.174736e+01 -9.076996e+01 3.450000e+02
      endloop
   endfacet
   facet normal -1.950905e-01 9.807852e-01 0.000000e+00
      outer loop
         vertex -1.174736e+01 -9.076996e+01 3.450000e+02
         vertex -1.174736e+01 -9.076996e+01 3.300000e+02
         vertex -2.329371e+01 -9.306668e+01 3.300000e+02
      endloop
   endfacet
   facet normal -1.950905e-01 9.807852e-01 0.000000e+00
      outer loop
         vertex -1.174736e+01 -9.076996e+01 3.450000e+02
         vertex -2.329371e+01 -9.306668e+01 3.300000e+02
         vertex -2.329371e+01 -9.306668e+01 3.450000e+02
      endloop
   endfacet
   facet normal -3.214394e-01 9.469302e-01 0.000000e+00
      outer loop
         vertex -2.329371e+01 -9.306668e+01 3.450000e+02
         vertex -2.329371e+01 -9.306668e+01 3.300000e+02
         vertex -3.444151e+01 -9.685084e+01 3.300000e+02
      endloop
   endfacet
   facet normal -3.214394e-01 9.469302e-01 0.000000e+00
      outer loop
         vertex -2.329371e+01 -9.306668e+01 3.450000e+02
         vertex -3.444151e+01 -9.685084e+01 3.300000e+02
         vertex -3.444151e+01 -9.685084e+01 3.450000e+02
      endloop
   endfacet
   facet normal -4.422884e-01 8.968729e-01 0.000000e+00
      outer loop
         vertex -3.444151e+01 -9.685084e+01 3.450000e+02
         vertex -3.444151e+01 -9.685084e+01 3.300000e+02
         vertex -4.500000e+01 -1.020577e+02 3.300000e+02
      endloop
   endfacet
   facet normal -4.422884e-01 8.968729e-01 0.000000e+00
      outer loop
         vertex -3.444151e+01 -9.685084e+01 3.450000e+02
         vertex -4.500000e+01 -1.020577e+02 3.300000e+02
         vertex -4.500000e+01 -1.020577e+02 3.450000e+02
      endloop
   endfacet
   facet normal -5.555706e-01 8.314693e-01 0.000000e+00
      outer loop
         vertex -4.500000e+01 -1.020577e+02 3.450000e+02
         vertex -4.500000e+01 -1.020577e+02 3.300000e+02
         vertex -5.478853e+01 -1.085982e+02 3.300000e+02
      endloop
   endfacet
   facet normal -5.555706e-01 8.314693e-01 0.000000e+00
      outer loop
         vertex -4.500000e+01 -1.020577e+02 3.450000e+02
         vertex -5.478853e+01 -1.085982e+02 3.300000e+02
         vertex -5.478853e+01 -1.085982e+02 3.450000e+02
      endloop
   endfacet
   facet normal -6.593456e-01 7.518400e-01 0.000000e+00
      outer loop
         vertex -5.478853e+01 -1.085982e+02 3.450000e+02
         vertex -5.478853e+01 -1.085982e+02 3.300000e+02
         vertex -6.363961e+01 -1.163604e+02 3.300000e+02
      endloop
   endfacet
   facet normal -6.593456e-01 7.518400e-01 0.000000e+00
      outer loop
         vertex -5.478853e+01 -1.085982e+02 3.450000e+02
         vertex -6.363961e+01 -1.163604e+02 3.300000e+02
         vertex -6.363961e+01 -1.163604e+02 3.450000e+02
      endloop
   endfacet
   facet normal -7.518402e-01 6.593453e-01 0.000000e+00
      outer loop
         vertex -6.363961e+01 -1.163604e+02 3.450000e+02
         vertex -6.363961e+01 -1.163604e+02 3.300000e+02
         vertex -7.140180e+01 -1.252115e+02 3.300000e+02
      endloop
   endfacet
   facet normal -7.518402e-01 6.593453e-01 0.000000e+00
      outer loop
         vertex -6.363961e+01 -1.163604e+02 3.450000e+02
         vertex -7.140180e+01 -1.252115e+02 3.300000e+02
         vertex -7.140180e+01 -1.252115e+02 3.450000e+02
      endloop
   endfacet
   facet normal -8.314693e-01 5.555706e-01 0.000000e+00
      outer loop
         vertex -7.140180e+01 -1.252115e+02 3.450000e+02
         vertex -7.140180e+01 -1.252115e+02 3.300000e+02
         vertex -7.794229e+01 -1.350000e+02 3.300000e+02
      endloop
   endfacet
   facet normal -8.314693e-01 5.555706e-01 0.000000e+00
      outer loop
         vertex -7.140180e+01 -1.252115e+02 3.450000e+02
         vertex -7.794229e+01 -1.350000e+02 3.300000e+02
         vertex -7.794229e+01 -1.350000e+02 3.450000e+02
      endloop
   endfacet
   facet normal -8.968728e-01 4.422886e-01 0.000000e+00
      outer loop
         vertex -7.794229e+01 -1.350000e+02 3.450000e+02
         vertex -7.794229e+01 -1.350000e+02 3.300000e+02
         vertex -8.314916e+01 -1.455585e+02 3.300000e+02
      endloop
   endfacet
   facet normal -8.968728e-01 4.422886e-01 0.000000e+00
      outer loop
         vertex -7.794229e+01 -1.350000e+02 3.450000e+02
         vertex -8.314916e+01 -1.455585e+02 3.300000e+02
         vertex -8.314916e+01 -1.455585e+02 3.450000e+02
      endloop
   endfacet
   facet normal -9.469302e-01 3.214393e-01 0.000000e+00
      outer loop
         vertex -8.314916e+01 -1.455585e+02 3.450000e+02
         vertex -8.314916e+01 -1.455585e+02 3.300000e+02
         vertex -8.693332e+01 -1.567063e+02 3.300000e+02
      endloop
   endfacet
   facet normal -9.469302e-01 3.214393e-01 0.000000e+00
      outer loop
         vertex -8.314916e+01 -1.455585e+02 3.450000e+02
         vertex -8.693332e+01 -1.567063e+02 3.300000e+02
         vertex -8.693332e+01 -1.567063e+02 3.450000e+02
      endloop
   endfacet
   facet normal -9.807852e-01 1.950905e-01 0.000000e+00
      outer loop
         vertex -8.693332e+01 -1.567063e+02 3.450000e+02
         vertex -8.693332e+01 -1.567063e+02 3.300000e+02
         vertex -8.923004e+01 -1.682526e+02 3.300000e+02
      endloop
   endfacet
   facet normal -9.807852e-01 1.950905e-01 0.000000e+00
      outer loop
         vertex -8.693332e+01 -1.567063e+02 3.450000e+02
         vertex -8.923004e+01 -1.682526e+02 3.300000e+02
         vertex -8.923004e+01 -1.682526e+02 3.450000e+02
      endloop
   endfacet
   facet normal -9.978589e-01 6.540336e-02 0.000000e+00
      outer loop
         vertex -8.923004e+01 -1.682526e+02 3.450000e+02
         vertex -8.923004e+01 -1.682526e+02 3.300000e+02
         vertex -9.000000e+01 -1.800000e+02 3.300000e+02
      endloop
   endfacet
   facet normal -9.978589e-01 6.540336e-02 0.000000e+00
      outer loop
         vertex -8.923004e+01 -1.682526e+02 3.450000e+02
         vertex -9.000000e+01 -1.800000e+02 3.300000e+02
         vertex -9.000000e+01 -1.800000e+02 3.450000e+02
      endloop
   endfacet
   facet normal -9.978589e-01 -6.540344e-02 -0.000000e+00
      outer loop
         vertex -9.000000e+01 -1.800000e+02 3.450000e+02
         vertex -9.000000e+01 -1.800000e+02 3.300000e+02
         vertex -8.923004e+01 -1.917474e+02 3.300000e+02
      endloop
   endfacet
   facet normal -9.978589e-01 -6.540344e-02 0.000000e+00
      outer loop
         vertex -9.000000e+01 -1.800000e+02 3.450000e+02
         vertex -8.923004e+01 -1.917474e+02 3.300000e+02
         vertex -8.923004e+01 -1.917474e+02 3.450000e+02
      endloop
   endfacet
   facet normal -9.807852e-01 -1.950905e-01 -0.000000e+00
      outer loop
         vertex -8.923004e+01 -1.917474e+02 3.450000e+02
         vertex -8.923004e+01 -1.917474e+02 3.300000e+02
         vertex -8.693332e+01 -2.032937e+02 3.300000e+02
      endloop
   endfacet
   facet normal -9.807852e-01 -1.950905e-01 0.000000e+00
      outer loop
         vertex -8.923004e+01 -1.917474e+02 3.450000e+02
         vertex -8.693332e+01 -2.032937e+02 3.300000e+02
         vertex -8.693332e+01 -2.032937e+02 3.450000e+02
      endloop
   endfacet
   facet normal -9.469302e-01 -3.214393e-01 -0.000000e+00
      outer loop
         vertex -8.693332e+01 -2.032937e+02 3.450000e+02
         vertex -8.693332e+01 -2.032937e+02 3.300000e+02
         vertex -8.314916e+01 -2.144415e+02 3.300000e+02
      endloop
   endfacet
   facet normal -9.469302e-01 -3.214393e-01 0.000000e+00
      outer loop
         vertex -8.693332e+01 -2.032937e+02 3.450000e+02
         vertex -8.314916e+01 -2.144415e+02 3.300000e+02
         vertex -8.314916e+01 -2.144415e+02 3.450000e+02
      endloop
   endfacet
   facet normal -8.968728e-01 -4.422886e-01 -0.000000e+00
      outer loop
         vertex -8.314916e+01 -2.144415e+02 3.450000e+02
         vertex -8.314916e+01 -2.144415e+02 3.300000e+02
         vertex -7.794229e+01 -2.250000e+02 3.300000e+02
      endloop
   endfacet
   facet normal -8.968728e-01 -4.422886e-01 0.000000e+00
      outer loop
         vertex -8.314916e+01 -2.144415e+02 3.450000e+02
         vertex -7.794229e+01 -2.250000e+02 3.300000e+02
         vertex -7.794229e+01 -2.250000e+02 3.450000e+02
      endloop
   endfacet
   facet normal -8.314693e-01 -5.555706e-01 -0.000000e+00
      outer loop
         vertex -7.794229e+01 -2.250000e+02 3.450000e+02
         vertex -7.794229e+01 -2.250000e+02 3.300000e+02
         vertex -7.140180e+01 -2.347885e+02 3.300000e+02
      endloop
   endfacet
   facet normal -8.314693e-01 -5.555706e-01 0.000000e+00
      outer loop
         vertex -7.794229e+01 -2.250000e+02 3.450000e+02
         vertex -7.140180e+01 -2.347885e+02 3.300000e+02
         vertex -7.140180e+01 -2.347885e+02 3.450000e+02
      endloop
   endfacet
   facet normal -7.518400e-01 -6.593456e-01 -0.000000e+00
      outer loop
         vertex -7.140180e+01 -2.347885e+02 3.450000e+02
         vertex -7.140180e+01 -2.347885e+02 3.300000e+02
         vertex -6.363961e+01 -2.436396e+02 3.300000e+02
      endloop
   endfacet
   facet normal -7.518400e-01 -6.593456e-01 0.000000e+00
      outer loop
         vertex -7.140180e+01 -2.347885e+02 3.450000e+02
         vertex -6.363961e+01 -2.436396e+02 3.300000e+02
         vertex -6.363961e+01 -2.436396e+02 3.450000e+02
      endloop
   endfacet
   facet normal -6.593467e-01 -7.518390e-01 -0.000000e+00
      outer loop
         vertex -6.363961e+01 -2.436396e+02 3.450000e+02
         vertex -6.363961e+01 -2.436396e+02 3.300000e+02
         vertex -5.478853e+01 -2.514018e+02 3.300000e+02
      endloop
   endfacet
   facet normal -6.593467e-01 -7.518390e-01 0.000000e+00
      outer loop
         vertex -6.363961e+01 -2.436396e+02 3.450000e+02
         vertex -5.478853e+01 -2.514018e+02 3.300000e+02
         vertex -5.478853e+01 -2.514018e+02 3.450000e+02
      endloop
   endfacet
   facet normal -5.555698e-01 -8.314699e-01 -0.000000e+00
      outer loop
         vertex -5.478853e+01 -2.514018e+02 3.450000e+02
         vertex -5.478853e+01 -2.514018e+02 3.300000e+02
         vertex -4.500000e+01 -2.579423e+02 3.300000e+02
      endloop
   endfacet
   facet normal -5.555698e-01 -8.314699e-01 0.000000e+00
      outer loop
         vertex -5.478853e+01 -2.514018e+02 3.450000e+02
         vertex -4.500000e+01 -2.579423e+02 3.300000e+02
         vertex -4.500000e+01 -2.579423e+02 3.450000e+02
      endloop
   endfacet
   facet normal -4.422894e-01 -8.968724e-01 -0.000000e+00
      outer loop
         vertex -4.500000e+01 -2.579423e+02 3.450000e+02
         vertex -4.500000e+01 -2.579423e+02 3.300000e+02
         vertex -3.444151e+01 -2.631492e+02 3.300000e+02
      endloop
   endfacet
   facet normal -4.422894e-01 -8.968724e-01 0.000000e+00
      outer loop
         vertex -4.500000e+01 -2.579423e+02 3.450000e+02
         vertex -3.444151e+01 -2.631492e+02 3.300000e+02
         vertex -3.444151e+01 -2.631492e+02 3.450000e+02
      endloop
   endfacet
   facet normal -3.214382e-01 -9.469305e-01 -0.000000e+00
      outer loop
         vertex -3.444151e+01 -2.631492e+02 3.450000e+02
         vertex -3.444151e+01 -2.631492e+02 3.300000e+02
         vertex -2.329371e+01 -2.669333e+02 3.300000e+02
      endloop
   endfacet
   facet normal -3.214382e-01 -9.469305e-01 0.000000e+00
      outer loop
         vertex -3.444151e+01 -2.631492e+02 3.450000e+02
         vertex -2.329371e+01 -2.669333e+02 3.300000e+02
         vertex -2.329371e+01 -2.669333e+02 3.450000e+02
      endloop
   endfacet
   facet normal -1.950905e-01 -9.807852e-01 -0.000000e+00
      outer loop
         vertex -2.329371e+01 -2.669333e+02 3.450000e+02
         vertex -2.329371e+01 -2.669333e+02 3.300000e+02
         vertex -1.174736e+01 -2.692300e+02 3.300000e+02
      endloop
   endfacet
   facet normal -1.950905e-01 -9.807852e-01 0.000000e+00
      outer loop
         vertex -2.329371e+01 -2.669333e+02 3.450000e+02
         vertex -1.174736e+01 -2.692300e+02 3.300000e+02
         vertex -1.174736e+01 -2.692300e+02 3.450000e+02
      endloop
   endfacet
   facet normal -6.540400e-02 -9.978589e-01 -0.000000e+00
      outer loop
         vertex -1.174736e+01 -2.692300e+02 3.450000e+02
         vertex -1.174736e+01 -2.692300e+02 3.300000e+02
         vertex 1.301043e-14 -2.700000e+02 3.300000e+02
      endloop
   endfacet
   facet normal -6.540400e-02 -9.978589e-01 0.000000e+00
      outer loop
         vertex -1.174736e+01 -2.692300e+02 3.450000e+02
         vertex 1.301043e-14 -2.700000e+02 3.300000e+02
         vertex 1.301043e-14 -2.700000e+02 3.450000e+02
      endloop
   endfacet
   facet normal 6.540400e-02 -9.978589e-01 0.000000e+00
      outer loop
         vertex 1.301043e-14 -2.700000e+02 3.450000e+02
         vertex 1.301043e-14 -2.700000e+02 3.300000e+02
         vertex 1.174736e+01 -2.692300e+02 3.300000e+02
      endloop
   endfacet
   facet normal -9.119931e-02 -9.958327e-01 0.000000e+00
      outer loop
         vertex -1.048328e+01 -2.512327e+02 2.595000e+02
         vertex -2.629586e+00 -2.519520e+02 2.595000e+02
         vertex -1.048328e+01 -2.512327e+02 3.300000e+02
      endloop
   endfacet
   facet normal -7.299640e-02 -9.973301e-01 2.043080e-03
      outer loop
         vertex -1.048328e+01 -2.512327e+02 3.300000e+02
         vertex -2.629586e+00 -2.519520e+02 2.595000e+02
         vertex 1.301043e-14 -2.520000e+02 3.300000e+02
      endloop
   endfacet
   facet normal -1.636395e-01 -9.865202e-01 0.000000e+00
      outer loop
         vertex -1.048328e+01 -2.512327e+02 2.595000e+02
         vertex -1.048328e+01 -2.512327e+02 3.300000e+02
         vertex -1.307785e+01 -2.508023e+02 2.595000e+02
      endloop
   endfacet
   facet normal -2.174285e-01 -9.760741e-01 2.043332e-03
      outer loop
         vertex -1.307785e+01 -2.508023e+02 2.595000e+02
         vertex -1.048328e+01 -2.512327e+02 3.300000e+02
         vertex -2.074314e+01 -2.489472e+02 3.300000e+02
      endloop
   endfacet
   facet normal -2.352216e-01 -9.719418e-01 0.000000e+00
      outer loop
         vertex -1.307785e+01 -2.508023e+02 2.595000e+02
         vertex -2.074314e+01 -2.489472e+02 3.300000e+02
         vertex -2.074314e+01 -2.489472e+02 2.595000e+02
      endloop
   endfacet
   facet normal -3.055443e-01 -9.521779e-01 0.000000e+00
      outer loop
         vertex -2.074314e+01 -2.489472e+02 2.595000e+02
         vertex -2.074314e+01 -2.489472e+02 3.300000e+02
         vertex -2.324739e+01 -2.481437e+02 2.595000e+02
      endloop
   endfacet
   facet normal -3.572304e-01 -9.340141e-01 2.042998e-03
      outer loop
         vertex -2.324739e+01 -2.481437e+02 2.595000e+02
         vertex -2.074314e+01 -2.489472e+02 3.300000e+02
         vertex -3.056088e+01 -2.451923e+02 3.300000e+02
      endloop
   endfacet
   facet normal -3.742294e-01 -9.273361e-01 0.000000e+00
      outer loop
         vertex -2.324739e+01 -2.481437e+02 2.595000e+02
         vertex -3.056088e+01 -2.451923e+02 3.300000e+02
         vertex -3.056088e+01 -2.451923e+02 2.595000e+02
      endloop
   endfacet
   facet normal -4.409229e-01 -8.975450e-01 0.000000e+00
      outer loop
         vertex -3.056088e+01 -2.451923e+02 2.595000e+02
         vertex -3.056088e+01 -2.451923e+02 3.300000e+02
         vertex -3.292145e+01 -2.440326e+02 2.595000e+02
      endloop
   endfacet
   facet normal -4.894170e-01 -8.720475e-01 2.043138e-03
      outer loop
         vertex -3.292145e+01 -2.440326e+02 2.595000e+02
         vertex -3.056088e+01 -2.451923e+02 3.300000e+02
         vertex -3.972728e+01 -2.400478e+02 3.300000e+02
      endloop
   endfacet
   facet normal -5.052636e-01 -8.629651e-01 0.000000e+00
      outer loop
         vertex -3.292145e+01 -2.440326e+02 2.595000e+02
         vertex -3.972728e+01 -2.400478e+02 3.300000e+02
         vertex -3.972728e+01 -2.400478e+02 2.595000e+02
      endloop
   endfacet
   facet normal -5.669074e-01 -8.237815e-01 0.000000e+00
      outer loop
         vertex -3.972728e+01 -2.400478e+02 2.595000e+02
         vertex -3.972728e+01 -2.400478e+02 3.300000e+02
         vertex -4.189384e+01 -2.385569e+02 2.595000e+02
      endloop
   endfacet
   facet normal -6.111726e-01 -7.914947e-01 2.043156e-03
      outer loop
         vertex -4.189384e+01 -2.385569e+02 2.595000e+02
         vertex -3.972728e+01 -2.400478e+02 3.300000e+02
         vertex -4.804695e+01 -2.336236e+02 3.300000e+02
      endloop
   endfacet
   facet normal -6.255281e-01 -7.802016e-01 0.000000e+00
      outer loop
         vertex -4.189384e+01 -2.385569e+02 2.595000e+02
         vertex -4.804695e+01 -2.336236e+02 3.300000e+02
         vertex -4.804695e+01 -2.336236e+02 2.595000e+02
      endloop
   endfacet
   facet normal -6.808081e-01 -7.324618e-01 0.000000e+00
      outer loop
         vertex -4.804695e+01 -2.336236e+02 2.595000e+02
         vertex -4.804695e+01 -2.336236e+02 3.300000e+02
         vertex -4.997334e+01 -2.318331e+02 2.595000e+02
      endloop
   endfacet
   facet normal -7.199019e-01 -6.940728e-01 2.043218e-03
      outer loop
         vertex -4.997334e+01 -2.318331e+02 2.595000e+02
         vertex -4.804695e+01 -2.336236e+02 3.300000e+02
         vertex -5.534259e+01 -2.260565e+02 3.300000e+02
      endloop
   endfacet
   facet normal -7.324605e-01 -6.808095e-01 0.000000e+00
      outer loop
         vertex -4.997334e+01 -2.318331e+02 2.595000e+02
         vertex -5.534259e+01 -2.260565e+02 3.300000e+02
         vertex -5.534259e+01 -2.260565e+02 2.595000e+02
      endloop
   endfacet
   facet normal -7.802015e-01 -6.255283e-01 0.000000e+00
      outer loop
         vertex -5.534259e+01 -2.260565e+02 2.595000e+02
         vertex -5.534259e+01 -2.260565e+02 3.300000e+02
         vertex -5.698775e+01 -2.240045e+02 2.595000e+02
      endloop
   endfacet
   facet normal -8.132879e-01 -5.818579e-01 2.043145e-03
      outer loop
         vertex -5.698775e+01 -2.240045e+02 2.595000e+02
         vertex -5.534259e+01 -2.260565e+02 3.300000e+02
         vertex -6.145870e+01 -2.175077e+02 3.300000e+02
      endloop
   endfacet
   facet normal -8.237811e-01 -5.669080e-01 0.000000e+00
      outer loop
         vertex -5.698775e+01 -2.240045e+02 2.595000e+02
         vertex -6.145870e+01 -2.175077e+02 3.300000e+02
         vertex -6.145870e+01 -2.175077e+02 2.595000e+02
      endloop
   endfacet
   facet normal -8.629663e-01 -5.052615e-01 0.000000e+00
      outer loop
         vertex -6.145870e+01 -2.175077e+02 2.595000e+02
         vertex -6.145870e+01 -2.175077e+02 3.300000e+02
         vertex -6.278756e+01 -2.152381e+02 2.595000e+02
      endloop
   endfacet
   facet normal -8.893403e-01 -4.572413e-01 2.043050e-03
      outer loop
         vertex -6.278756e+01 -2.152381e+02 2.595000e+02
         vertex -6.145870e+01 -2.175077e+02 3.300000e+02
         vertex -6.626493e+01 -2.081595e+02 3.300000e+02
      endloop
   endfacet
   facet normal -8.975446e-01 -4.409236e-01 0.000000e+00
      outer loop
         vertex -6.278756e+01 -2.152381e+02 2.595000e+02
         vertex -6.626493e+01 -2.081595e+02 3.300000e+02
         vertex -6.626493e+01 -2.081595e+02 2.595000e+02
      endloop
   endfacet
   facet normal -9.273367e-01 -3.742282e-01 0.000000e+00
      outer loop
         vertex -6.626493e+01 -2.081595e+02 2.595000e+02
         vertex -6.626493e+01 -2.081595e+02 3.300000e+02
         vertex -6.724916e+01 -2.057206e+02 2.595000e+02
      endloop
   endfacet
   facet normal -9.464379e-01 -3.228795e-01 2.043050e-03
      outer loop
         vertex -6.724916e+01 -2.057206e+02 2.595000e+02
         vertex -6.626493e+01 -2.081595e+02 3.300000e+02
         vertex -6.965882e+01 -1.982112e+02 3.300000e+02
      endloop
   endfacet
   facet normal -9.521789e-01 -3.055411e-01 0.000000e+00
      outer loop
         vertex -6.724916e+01 -2.057206e+02 2.595000e+02
         vertex -6.965882e+01 -1.982112e+02 3.300000e+02
         vertex -6.965882e+01 -1.982112e+02 2.595000e+02
      endloop
   endfacet
   facet normal -9.719420e-01 -2.352206e-01 0.000000e+00
      outer loop
         vertex -6.965882e+01 -1.982112e+02 2.595000e+02
         vertex -6.965882e+01 -1.982112e+02 3.300000e+02
         vertex -7.027746e+01 -1.956550e+02 2.595000e+02
      endloop
   endfacet
   facet normal -9.833635e-01 -1.816369e-01 2.043093e-03
      outer loop
         vertex -7.027746e+01 -1.956550e+02 2.595000e+02
         vertex -6.965882e+01 -1.982112e+02 3.300000e+02
         vertex -7.156807e+01 -1.878747e+02 3.300000e+02
      endloop
   endfacet
   facet normal -9.865190e-01 -1.636470e-01 0.000000e+00
      outer loop
         vertex -7.027746e+01 -1.956550e+02 2.595000e+02
         vertex -7.156807e+01 -1.878747e+02 3.300000e+02
         vertex -7.156807e+01 -1.878747e+02 2.595000e+02
      endloop
   endfacet
   facet normal -9.958329e-01 -9.119625e-02 0.000000e+00
      outer loop
         vertex -7.156807e+01 -1.878747e+02 2.595000e+02
         vertex -7.156807e+01 -1.878747e+02 3.300000e+02
         vertex -7.180792e+01 -1.852557e+02 2.595000e+02
      endloop
   endfacet
   facet normal -9.993308e-01 -3.652157e-02 2.043062e-03
      outer loop
         vertex -7.180792e+01 -1.852557e+02 2.595000e+02
         vertex -7.156807e+01 -1.878747e+02 3.300000e+02
         vertex -7.195196e+01 -1.773704e+02 3.300000e+02
      endloop
   endfacet
   facet normal -9.993308e-01 -3.652208e-02 2.043119e-03
      outer loop
         vertex -7.180792e+01 -1.852557e+02 2.595000e+02
         vertex -7.195196e+01 -1.773704e+02 3.300000e+02
         vertex -7.200000e+01 -1.800000e+02 2.595000e+02
      endloop
   endfacet
   facet normal -9.939989e-01 1.093706e-01 2.043091e-03
      outer loop
         vertex -7.080233e+01 -1.669222e+02 3.300000e+02
         vertex -7.180792e+01 -1.747443e+02 2.595000e+02
         vertex -7.195196e+01 -1.773704e+02 3.300000e+02
      endloop
   endfacet
   facet normal -9.984991e-01 5.476835e-02 0.000000e+00
      outer loop
         vertex -7.195196e+01 -1.773704e+02 3.300000e+02
         vertex -7.180792e+01 -1.747443e+02 2.595000e+02
         vertex -7.195196e+01 -1.773704e+02 2.595000e+02
      endloop
   endfacet
   facet normal -9.998332e-01 1.826362e-02 0.000000e+00
      outer loop
         vertex -7.195196e+01 -1.773704e+02 3.300000e+02
         vertex -7.195196e+01 -1.773704e+02 2.595000e+02
         vertex -7.200000e+01 -1.800000e+02 2.595000e+02
      endloop
   endfacet
   facet normal -9.674817e-01 2.529329e-01 2.043074e-03
      outer loop
         vertex -6.814367e+01 -1.567526e+02 3.300000e+02
         vertex -7.027746e+01 -1.643450e+02 2.595000e+02
         vertex -7.080233e+01 -1.669222e+02 3.300000e+02
      endloop
   endfacet
   facet normal -9.798839e-01 1.995683e-01 0.000000e+00
      outer loop
         vertex -7.080233e+01 -1.669222e+02 3.300000e+02
         vertex -7.027746e+01 -1.643450e+02 2.595000e+02
         vertex -7.080233e+01 -1.669222e+02 2.595000e+02
      endloop
   endfacet
   facet normal -9.918377e-01 1.275068e-01 0.000000e+00
      outer loop
         vertex -7.080233e+01 -1.669222e+02 3.300000e+02
         vertex -7.080233e+01 -1.669222e+02 2.595000e+02
         vertex -7.180792e+01 -1.747443e+02 2.595000e+02
      endloop
   endfacet
   facet normal -9.203442e-01 3.911040e-01 2.043058e-03
      outer loop
         vertex -6.403264e+01 -1.470786e+02 3.300000e+02
         vertex -6.724916e+01 -1.542794e+02 2.595000e+02
         vertex -6.814367e+01 -1.567526e+02 3.300000e+02
      endloop
   endfacet
   facet normal -9.403841e-01 3.401142e-01 0.000000e+00
      outer loop
         vertex -6.814367e+01 -1.567526e+02 3.300000e+02
         vertex -6.724916e+01 -1.542794e+02 2.595000e+02
         vertex -6.814367e+01 -1.567526e+02 2.595000e+02
      endloop
   endfacet
   facet normal -9.627028e-01 2.705610e-01 0.000000e+00
      outer loop
         vertex -6.814367e+01 -1.567526e+02 3.300000e+02
         vertex -6.814367e+01 -1.567526e+02 2.595000e+02
         vertex -7.027746e+01 -1.643450e+02 2.595000e+02
      endloop
   endfacet
   facet normal -8.535916e-01 5.209388e-01 2.043065e-03
      outer loop
         vertex -5.855686e+01 -1.381062e+02 3.300000e+02
         vertex -6.278756e+01 -1.447619e+02 2.595000e+02
         vertex -6.403264e+01 -1.470786e+02 3.300000e+02
      endloop
   endfacet
   facet normal -8.808421e-01 4.734101e-01 0.000000e+00
      outer loop
         vertex -6.403264e+01 -1.470786e+02 3.300000e+02
         vertex -6.278756e+01 -1.447619e+02 2.595000e+02
         vertex -6.403264e+01 -1.470786e+02 2.595000e+02
      endloop
   endfacet
   facet normal -9.130497e-01 4.078482e-01 0.000000e+00
      outer loop
         vertex -6.403264e+01 -1.470786e+02 3.300000e+02
         vertex -6.403264e+01 -1.470786e+02 2.595000e+02
         vertex -6.724916e+01 -1.542794e+02 2.595000e+02
      endloop
   endfacet
   facet normal -7.686454e-01 6.396719e-01 2.043080e-03
      outer loop
         vertex -5.183305e+01 -1.300267e+02 3.300000e+02
         vertex -5.698775e+01 -1.359955e+02 2.595000e+02
         vertex -5.855686e+01 -1.381062e+02 3.300000e+02
      endloop
   endfacet
   facet normal -8.025262e-01 5.966169e-01 0.000000e+00
      outer loop
         vertex -5.855686e+01 -1.381062e+02 3.300000e+02
         vertex -5.698775e+01 -1.359955e+02 2.595000e+02
         vertex -5.855686e+01 -1.381062e+02 2.595000e+02
      endloop
   endfacet
   facet normal -8.439368e-01 5.364426e-01 0.000000e+00
      outer loop
         vertex -5.855686e+01 -1.381062e+02 3.300000e+02
         vertex -5.855686e+01 -1.381062e+02 2.595000e+02
         vertex -6.278756e+01 -1.447619e+02 2.595000e+02
      endloop
   endfacet
   facet normal -6.673173e-01 7.447707e-01 2.043169e-03
      outer loop
         vertex -4.400451e+01 -1.230123e+02 3.300000e+02
         vertex -4.997334e+01 -1.281669e+02 2.595000e+02
         vertex -5.183305e+01 -1.300267e+02 3.300000e+02
      endloop
   endfacet
   facet normal -7.071075e-01 7.071061e-01 0.000000e+00
      outer loop
         vertex -5.183305e+01 -1.300267e+02 3.300000e+02
         vertex -4.997334e+01 -1.281669e+02 2.595000e+02
         vertex -5.183305e+01 -1.300267e+02 2.595000e+02
      endloop
   endfacet
   facet normal -7.568360e-01 6.536048e-01 0.000000e+00
      outer loop
         vertex -5.183305e+01 -1.300267e+02 3.300000e+02
         vertex -5.183305e+01 -1.300267e+02 2.595000e+02
         vertex -5.698775e+01 -1.359955e+02 2.595000e+02
      endloop
   endfacet
   facet normal -5.517663e-01 8.339962e-01 2.043155e-03
      outer loop
         vertex -3.523808e+01 -1.172124e+02 3.300000e+02
         vertex -4.189384e+01 -1.214431e+02 2.595000e+02
         vertex -4.400451e+01 -1.230123e+02 3.300000e+02
      endloop
   endfacet
   facet normal -5.966163e-01 8.025267e-01 0.000000e+00
      outer loop
         vertex -4.400451e+01 -1.230123e+02 3.300000e+02
         vertex -4.189384e+01 -1.214431e+02 2.595000e+02
         vertex -4.400451e+01 -1.230123e+02 2.595000e+02
      endloop
   endfacet
   facet normal -6.536045e-01 7.568363e-01 0.000000e+00
      outer loop
         vertex -4.400451e+01 -1.230123e+02 3.300000e+02
         vertex -4.400451e+01 -1.230123e+02 2.595000e+02
         vertex -4.997334e+01 -1.281669e+02 2.595000e+02
      endloop
   endfacet
   facet normal -4.244558e-01 9.054464e-01 2.043195e-03
      outer loop
         vertex -2.572062e+01 -1.127508e+02 3.300000e+02
         vertex -3.292145e+01 -1.159674e+02 2.595000e+02
         vertex -3.523808e+01 -1.172124e+02 3.300000e+02
      endloop
   endfacet
   facet normal -4.734107e-01 8.808418e-01 0.000000e+00
      outer loop
         vertex -3.523808e+01 -1.172124e+02 3.300000e+02
         vertex -3.292145e+01 -1.159674e+02 2.595000e+02
         vertex -3.523808e+01 -1.172124e+02 2.595000e+02
      endloop
   endfacet
   facet normal -5.364431e-01 8.439365e-01 0.000000e+00
      outer loop
         vertex -3.523808e+01 -1.172124e+02 3.300000e+02
         vertex -3.523808e+01 -1.172124e+02 2.595000e+02
         vertex -4.189384e+01 -1.214431e+02 2.595000e+02
      endloop
   endfacet
   facet normal -2.880985e-01 9.575986e-01 2.043199e-03
      outer loop
         vertex -1.565497e+01 -1.097225e+02 3.300000e+02
         vertex -2.324739e+01 -1.118563e+02 2.595000e+02
         vertex -2.572062e+01 -1.127508e+02 3.300000e+02
      endloop
   endfacet
   facet normal -3.401142e-01 9.403841e-01 0.000000e+00
      outer loop
         vertex -2.572062e+01 -1.127508e+02 3.300000e+02
         vertex -2.324739e+01 -1.118563e+02 2.595000e+02
         vertex -2.572062e+01 -1.127508e+02 2.595000e+02
      endloop
   endfacet
   facet normal -4.078482e-01 9.130498e-01 0.000000e+00
      outer loop
         vertex -2.572062e+01 -1.127508e+02 3.300000e+02
         vertex -2.572062e+01 -1.127508e+02 2.595000e+02
         vertex -3.292145e+01 -1.159674e+02 2.595000e+02
      endloop
   endfacet
   facet normal -1.456009e-01 9.893413e-01 2.043204e-03
      outer loop
         vertex -5.255663e+00 -1.081921e+02 3.300000e+02
         vertex -1.307785e+01 -1.091977e+02 2.595000e+02
         vertex -1.565497e+01 -1.097225e+02 3.300000e+02
      endloop
   endfacet
   facet normal -1.995689e-01 9.798838e-01 0.000000e+00
      outer loop
         vertex -1.565497e+01 -1.097225e+02 3.300000e+02
         vertex -1.307785e+01 -1.091977e+02 2.595000e+02
         vertex -1.565497e+01 -1.097225e+02 2.595000e+02
      endloop
   endfacet
   facet normal -2.705607e-01 9.627029e-01 0.000000e+00
      outer loop
         vertex -1.565497e+01 -1.097225e+02 3.300000e+02
         vertex -1.565497e+01 -1.097225e+02 2.595000e+02
         vertex -2.324739e+01 -1.118563e+02 2.595000e+02
      endloop
   endfacet
   facet normal 1.456009e-01 9.893413e-01 2.043197e-03
      outer loop
         vertex 1.565497e+01 -1.097225e+02 3.300000e+02
         vertex 7.874727e+00 -1.084319e+02 2.595000e+02
         vertex 5.255663e+00 -1.081921e+02 3.300000e+02
      endloop
   endfacet
   facet normal 9.119654e-02 9.958329e-01 0.000000e+00
      outer loop
         vertex 5.255663e+00 -1.081921e+02 3.300000e+02
         vertex 7.874727e+00 -1.084319e+02 2.595000e+02
         vertex 5.255663e+00 -1.081921e+02 2.595000e+02
      endloop
   endfacet
   facet normal 3.652210e-02 9.993328e-01 0.000000e+00
      outer loop
         vertex 5.255663e+00 -1.081921e+02 3.300000e+02
         vertex 5.255663e+00 -1.081921e+02 2.595000e+02
         vertex 2.182788e-14 -1.080000e+02 3.300000e+02
      endloop
   endfacet
   facet normal 1.826422e-02 9.998323e-01 -1.362456e-03
      outer loop
         vertex 2.182788e-14 -1.080000e+02 3.300000e+02
         vertex 5.255663e+00 -1.081921e+02 2.595000e+02
         vertex -2.629586e+00 -1.080480e+02 2.595000e+02
      endloop
   endfacet
   facet normal -3.652209e-02 9.993326e-01 6.813632e-04
      outer loop
         vertex 2.182788e-14 -1.080000e+02 3.300000e+02
         vertex -2.629586e+00 -1.080480e+02 2.595000e+02
         vertex -5.255663e+00 -1.081921e+02 3.300000e+02
      endloop
   endfacet
   facet normal -5.476834e-02 9.984991e-01 0.000000e+00
      outer loop
         vertex -5.255663e+00 -1.081921e+02 3.300000e+02
         vertex -2.629586e+00 -1.080480e+02 2.595000e+02
         vertex -5.255663e+00 -1.081921e+02 2.595000e+02
      endloop
   endfacet
   facet normal -1.275067e-01 9.918377e-01 0.000000e+00
      outer loop
         vertex -5.255663e+00 -1.081921e+02 3.300000e+02
         vertex -5.255663e+00 -1.081921e+02 2.595000e+02
         vertex -1.307785e+01 -1.091977e+02 2.595000e+02
      endloop
   endfacet
   facet normal 2.880985e-01 9.575986e-01 2.043129e-03
      outer loop
         vertex 2.572062e+01 -1.127508e+02 3.300000e+02
         vertex 1.821120e+01 -1.103412e+02 2.595000e+02
         vertex 1.565497e+01 -1.097225e+02 3.300000e+02
      endloop
   endfacet
   facet normal 2.352209e-01 9.719419e-01 0.000000e+00
      outer loop
         vertex 1.565497e+01 -1.097225e+02 3.300000e+02
         vertex 1.821120e+01 -1.103412e+02 2.595000e+02
         vertex 1.565497e+01 -1.097225e+02 2.595000e+02
      endloop
   endfacet
   facet normal 1.636469e-01 9.865190e-01 0.000000e+00
      outer loop
         vertex 1.565497e+01 -1.097225e+02 3.300000e+02
         vertex 1.565497e+01 -1.097225e+02 2.595000e+02
         vertex 7.874727e+00 -1.084319e+02 2.595000e+02
      endloop
   endfacet
   facet normal 4.244558e-01 9.054464e-01 2.043195e-03
      outer loop
         vertex 3.523808e+01 -1.172124e+02 3.300000e+02
         vertex 2.815954e+01 -1.137351e+02 2.595000e+02
         vertex 2.572062e+01 -1.127508e+02 3.300000e+02
      endloop
   endfacet
   facet normal 3.742284e-01 9.273366e-01 0.000000e+00
      outer loop
         vertex 2.572062e+01 -1.127508e+02 3.300000e+02
         vertex 2.815954e+01 -1.137351e+02 2.595000e+02
         vertex 2.572062e+01 -1.127508e+02 2.595000e+02
      endloop
   endfacet
   facet normal 3.055407e-01 9.521790e-01 0.000000e+00
      outer loop
         vertex 2.572062e+01 -1.127508e+02 3.300000e+02
         vertex 2.572062e+01 -1.127508e+02 2.595000e+02
         vertex 1.821120e+01 -1.103412e+02 2.595000e+02
      endloop
   endfacet
   facet normal 5.517663e-01 8.339962e-01 2.043125e-03
      outer loop
         vertex 4.400451e+01 -1.230123e+02 3.300000e+02
         vertex 3.750771e+01 -1.185413e+02 2.595000e+02
         vertex 3.523808e+01 -1.172124e+02 3.300000e+02
      endloop
   endfacet
   facet normal 5.052632e-01 8.629653e-01 0.000000e+00
      outer loop
         vertex 3.523808e+01 -1.172124e+02 3.300000e+02
         vertex 3.750771e+01 -1.185413e+02 2.595000e+02
         vertex 3.523808e+01 -1.172124e+02 2.595000e+02
      endloop
   endfacet
   facet normal 4.409236e-01 8.975446e-01 0.000000e+00
      outer loop
         vertex 3.523808e+01 -1.172124e+02 3.300000e+02
         vertex 3.523808e+01 -1.172124e+02 2.595000e+02
         vertex 2.815954e+01 -1.137351e+02 2.595000e+02
      endloop
   endfacet
   facet normal 6.673173e-01 7.447707e-01 2.043090e-03
      outer loop
         vertex 5.183305e+01 -1.300267e+02 3.300000e+02
         vertex 4.605646e+01 -1.246574e+02 2.595000e+02
         vertex 4.400451e+01 -1.230123e+02 3.300000e+02
      endloop
   endfacet
   facet normal 6.255283e-01 7.802015e-01 0.000000e+00
      outer loop
         vertex 4.400451e+01 -1.230123e+02 3.300000e+02
         vertex 4.605646e+01 -1.246574e+02 2.595000e+02
         vertex 4.400451e+01 -1.230123e+02 2.595000e+02
      endloop
   endfacet
   facet normal 5.669077e-01 8.237814e-01 0.000000e+00
      outer loop
         vertex 4.400451e+01 -1.230123e+02 3.300000e+02
         vertex 4.400451e+01 -1.230123e+02 2.595000e+02
         vertex 3.750771e+01 -1.185413e+02 2.595000e+02
      endloop
   endfacet
   facet normal 7.686454e-01 6.396719e-01 2.043101e-03
      outer loop
         vertex 5.855686e+01 -1.381062e+02 3.300000e+02
         vertex 5.362360e+01 -1.319530e+02 2.595000e+02
         vertex 5.183305e+01 -1.300267e+02 3.300000e+02
      endloop
   endfacet
   facet normal 7.324603e-01 6.808097e-01 0.000000e+00
      outer loop
         vertex 5.183305e+01 -1.300267e+02 3.300000e+02
         vertex 5.362360e+01 -1.319530e+02 2.595000e+02
         vertex 5.183305e+01 -1.300267e+02 2.595000e+02
      endloop
   endfacet
   facet normal 6.808097e-01 7.324603e-01 0.000000e+00
      outer loop
         vertex 5.183305e+01 -1.300267e+02 3.300000e+02
         vertex 5.183305e+01 -1.300267e+02 2.595000e+02
         vertex 4.605646e+01 -1.246574e+02 2.595000e+02
      endloop
   endfacet
   facet normal 8.535916e-01 5.209388e-01 2.043095e-03
      outer loop
         vertex 6.403264e+01 -1.470786e+02 3.300000e+02
         vertex 6.004784e+01 -1.402727e+02 2.595000e+02
         vertex 5.855686e+01 -1.381062e+02 3.300000e+02
      endloop
   endfacet
   facet normal 8.237820e-01 5.669068e-01 0.000000e+00
      outer loop
         vertex 5.855686e+01 -1.381062e+02 3.300000e+02
         vertex 6.004784e+01 -1.402727e+02 2.595000e+02
         vertex 5.855686e+01 -1.381062e+02 2.595000e+02
      endloop
   endfacet
   facet normal 7.802017e-01 6.255281e-01 0.000000e+00
      outer loop
         vertex 5.855686e+01 -1.381062e+02 3.300000e+02
         vertex 5.855686e+01 -1.381062e+02 2.595000e+02
         vertex 5.362360e+01 -1.319530e+02 2.595000e+02
      endloop
   endfacet
   facet normal 9.203442e-01 3.911040e-01 2.043189e-03
      outer loop
         vertex 6.814367e+01 -1.567526e+02 3.300000e+02
         vertex 6.519227e+01 -1.494391e+02 2.595000e+02
         vertex 6.403264e+01 -1.470786e+02 3.300000e+02
      endloop
   endfacet
   facet normal 8.975440e-01 4.409249e-01 0.000000e+00
      outer loop
         vertex 6.403264e+01 -1.470786e+02 3.300000e+02
         vertex 6.519227e+01 -1.494391e+02 2.595000e+02
         vertex 6.403264e+01 -1.470786e+02 2.595000e+02
      endloop
   endfacet
   facet normal 8.629653e-01 5.052632e-01 0.000000e+00
      outer loop
         vertex 6.403264e+01 -1.470786e+02 3.300000e+02
         vertex 6.403264e+01 -1.470786e+02 2.595000e+02
         vertex 6.004784e+01 -1.402727e+02 2.595000e+02
      endloop
   endfacet
   facet normal 9.674817e-01 2.529329e-01 2.043096e-03
      outer loop
         vertex 7.080233e+01 -1.669222e+02 3.300000e+02
         vertex 6.894724e+01 -1.592569e+02 2.595000e+02
         vertex 6.814367e+01 -1.567526e+02 3.300000e+02
      endloop
   endfacet
   facet normal 9.521792e-01 3.055402e-01 0.000000e+00
      outer loop
         vertex 6.814367e+01 -1.567526e+02 3.300000e+02
         vertex 6.894724e+01 -1.592569e+02 2.595000e+02
         vertex 6.814367e+01 -1.567526e+02 2.595000e+02
      endloop
   endfacet
   facet normal 9.273360e-01 3.742298e-01 0.000000e+00
      outer loop
         vertex 6.814367e+01 -1.567526e+02 3.300000e+02
         vertex 6.814367e+01 -1.567526e+02 2.595000e+02
         vertex 6.519227e+01 -1.494391e+02 2.595000e+02
      endloop
   endfacet
   facet normal 9.939989e-01 1.093706e-01 2.043102e-03
      outer loop
         vertex 7.195196e+01 -1.773704e+02 3.300000e+02
         vertex 7.123272e+01 -1.695167e+02 2.595000e+02
         vertex 7.080233e+01 -1.669222e+02 3.300000e+02
      endloop
   endfacet
   facet normal 9.865192e-01 1.636455e-01 0.000000e+00
      outer loop
         vertex 7.080233e+01 -1.669222e+02 3.300000e+02
         vertex 7.123272e+01 -1.695167e+02 2.595000e+02
         vertex 7.080233e+01 -1.669222e+02 2.595000e+02
      endloop
   endfacet
   facet normal 9.719418e-01 2.352213e-01 0.000000e+00
      outer loop
         vertex 7.080233e+01 -1.669222e+02 3.300000e+02
         vertex 7.080233e+01 -1.669222e+02 2.595000e+02
         vertex 6.894724e+01 -1.592569e+02 2.595000e+02
      endloop
   endfacet
   facet normal 9.993308e-01 -3.652157e-02 2.043100e-03
      outer loop
         vertex 7.156807e+01 -1.878747e+02 3.300000e+02
         vertex 7.200000e+01 -1.800000e+02 2.595000e+02
         vertex 7.195196e+01 -1.773704e+02 3.300000e+02
      endloop
   endfacet
   facet normal 9.998332e-01 1.826362e-02 0.000000e+00
      outer loop
         vertex 7.195196e+01 -1.773704e+02 3.300000e+02
         vertex 7.200000e+01 -1.800000e+02 2.595000e+02
         vertex 7.195196e+01 -1.773704e+02 2.595000e+02
      endloop
   endfacet
   facet normal 9.958327e-01 9.119834e-02 0.000000e+00
      outer loop
         vertex 7.195196e+01 -1.773704e+02 3.300000e+02
         vertex 7.195196e+01 -1.773704e+02 2.595000e+02
         vertex 7.123272e+01 -1.695167e+02 2.595000e+02
      endloop
   endfacet
   facet normal 9.833635e-01 -1.816369e-01 2.043090e-03
      outer loop
         vertex 6.965882e+01 -1.982112e+02 3.300000e+02
         vertex 7.123272e+01 -1.904833e+02 2.595000e+02
         vertex 7.156807e+01 -1.878747e+02 3.300000e+02
      endloop
   endfacet
   facet normal 9.918374e-01 -1.275088e-01 0.000000e+00
      outer loop
         vertex 7.156807e+01 -1.878747e+02 3.300000e+02
         vertex 7.123272e+01 -1.904833e+02 2.595000e+02
         vertex 7.156807e+01 -1.878747e+02 2.595000e+02
      endloop
   endfacet
   facet normal 9.984992e-01 -5.476721e-02 0.000000e+00
      outer loop
         vertex 7.156807e+01 -1.878747e+02 3.300000e+02
         vertex 7.156807e+01 -1.878747e+02 2.595000e+02
         vertex 7.200000e+01 -1.800000e+02 2.595000e+02
      endloop
   endfacet
   facet normal 9.464379e-01 -3.228795e-01 2.043119e-03
      outer loop
         vertex 6.626493e+01 -2.081595e+02 3.300000e+02
         vertex 6.894724e+01 -2.007431e+02 2.595000e+02
         vertex 6.965882e+01 -1.982112e+02 3.300000e+02
      endloop
   endfacet
   facet normal 9.627027e-01 -2.705613e-01 0.000000e+00
      outer loop
         vertex 6.965882e+01 -1.982112e+02 3.300000e+02
         vertex 6.894724e+01 -2.007431e+02 2.595000e+02
         vertex 6.965882e+01 -1.982112e+02 2.595000e+02
      endloop
   endfacet
   facet normal 9.798842e-01 -1.995670e-01 0.000000e+00
      outer loop
         vertex 6.965882e+01 -1.982112e+02 3.300000e+02
         vertex 6.965882e+01 -1.982112e+02 2.595000e+02
         vertex 7.123272e+01 -1.904833e+02 2.595000e+02
      endloop
   endfacet
   facet normal 8.893403e-01 -4.572413e-01 2.043178e-03
      outer loop
         vertex 6.145870e+01 -2.175077e+02 3.300000e+02
         vertex 6.519227e+01 -2.105609e+02 2.595000e+02
         vertex 6.626493e+01 -2.081595e+02 3.300000e+02
      endloop
   endfacet
   facet normal 9.130500e-01 -4.078476e-01 0.000000e+00
      outer loop
         vertex 6.626493e+01 -2.081595e+02 3.300000e+02
         vertex 6.519227e+01 -2.105609e+02 2.595000e+02
         vertex 6.626493e+01 -2.081595e+02 2.595000e+02
      endloop
   endfacet
   facet normal 9.403849e-01 -3.401122e-01 0.000000e+00
      outer loop
         vertex 6.626493e+01 -2.081595e+02 3.300000e+02
         vertex 6.626493e+01 -2.081595e+02 2.595000e+02
         vertex 6.894724e+01 -2.007431e+02 2.595000e+02
      endloop
   endfacet
   facet normal 8.132879e-01 -5.818579e-01 2.043122e-03
      outer loop
         vertex 5.534259e+01 -2.260565e+02 3.300000e+02
         vertex 6.004784e+01 -2.197273e+02 2.595000e+02
         vertex 6.145870e+01 -2.175077e+02 3.300000e+02
      endloop
   endfacet
   facet normal 8.439360e-01 -5.364438e-01 0.000000e+00
      outer loop
         vertex 6.145870e+01 -2.175077e+02 3.300000e+02
         vertex 6.004784e+01 -2.197273e+02 2.595000e+02
         vertex 6.145870e+01 -2.175077e+02 2.595000e+02
      endloop
   endfacet
   facet normal 8.808425e-01 -4.734094e-01 0.000000e+00
      outer loop
         vertex 6.145870e+01 -2.175077e+02 3.300000e+02
         vertex 6.145870e+01 -2.175077e+02 2.595000e+02
         vertex 6.519227e+01 -2.105609e+02 2.595000e+02
      endloop
   endfacet
   facet normal 7.199019e-01 -6.940728e-01 2.043157e-03
      outer loop
         vertex 4.804695e+01 -2.336236e+02 3.300000e+02
         vertex 5.362360e+01 -2.280470e+02 2.595000e+02
         vertex 5.534259e+01 -2.260565e+02 3.300000e+02
      endloop
   endfacet
   facet normal 7.568364e-01 -6.536043e-01 0.000000e+00
      outer loop
         vertex 5.534259e+01 -2.260565e+02 3.300000e+02
         vertex 5.362360e+01 -2.280470e+02 2.595000e+02
         vertex 5.534259e+01 -2.260565e+02 2.595000e+02
      endloop
   endfacet
   facet normal 8.025268e-01 -5.966160e-01 0.000000e+00
      outer loop
         vertex 5.534259e+01 -2.260565e+02 3.300000e+02
         vertex 5.534259e+01 -2.260565e+02 2.595000e+02
         vertex 6.004784e+01 -2.197273e+02 2.595000e+02
      endloop
   endfacet
   facet normal 6.111726e-01 -7.914947e-01 2.043125e-03
      outer loop
         vertex 3.972728e+01 -2.400478e+02 3.300000e+02
         vertex 4.605646e+01 -2.353426e+02 2.595000e+02
         vertex 4.804695e+01 -2.336236e+02 3.300000e+02
      endloop
   endfacet
   facet normal 6.536051e-01 -7.568357e-01 0.000000e+00
      outer loop
         vertex 4.804695e+01 -2.336236e+02 3.300000e+02
         vertex 4.605646e+01 -2.353426e+02 2.595000e+02
         vertex 4.804695e+01 -2.336236e+02 2.595000e+02
      endloop
   endfacet
   facet normal 7.071065e-01 -7.071070e-01 0.000000e+00
      outer loop
         vertex 4.804695e+01 -2.336236e+02 3.300000e+02
         vertex 4.804695e+01 -2.336236e+02 2.595000e+02
         vertex 5.362360e+01 -2.280470e+02 2.595000e+02
      endloop
   endfacet
   facet normal 4.894170e-01 -8.720475e-01 2.043087e-03
      outer loop
         vertex 3.056088e+01 -2.451923e+02 3.300000e+02
         vertex 3.750771e+01 -2.414587e+02 2.595000e+02
         vertex 3.972728e+01 -2.400478e+02 3.300000e+02
      endloop
   endfacet
   facet normal 5.364428e-01 -8.439367e-01 0.000000e+00
      outer loop
         vertex 3.972728e+01 -2.400478e+02 3.300000e+02
         vertex 3.750771e+01 -2.414587e+02 2.595000e+02
         vertex 3.972728e+01 -2.400478e+02 2.595000e+02
      endloop
   endfacet
   facet normal 5.966160e-01 -8.025268e-01 0.000000e+00
      outer loop
         vertex 3.972728e+01 -2.400478e+02 3.300000e+02
         vertex 3.972728e+01 -2.400478e+02 2.595000e+02
         vertex 4.605646e+01 -2.353426e+02 2.595000e+02
      endloop
   endfacet
   facet normal 3.572304e-01 -9.340141e-01 2.043022e-03
      outer loop
         vertex 2.074314e+01 -2.489472e+02 3.300000e+02
         vertex 2.815954e+01 -2.462649e+02 2.595000e+02
         vertex 3.056088e+01 -2.451923e+02 3.300000e+02
      endloop
   endfacet
   facet normal 4.078465e-01 -9.130505e-01 0.000000e+00
      outer loop
         vertex 3.056088e+01 -2.451923e+02 3.300000e+02
         vertex 2.815954e+01 -2.462649e+02 2.595000e+02
         vertex 3.056088e+01 -2.451923e+02 2.595000e+02
      endloop
   endfacet
   facet normal 4.734095e-01 -8.808425e-01 0.000000e+00
      outer loop
         vertex 3.056088e+01 -2.451923e+02 3.300000e+02
         vertex 3.056088e+01 -2.451923e+02 2.595000e+02
         vertex 3.750771e+01 -2.414587e+02 2.595000e+02
      endloop
   endfacet
   facet normal 2.174285e-01 -9.760741e-01 2.043061e-03
      outer loop
         vertex 1.048328e+01 -2.512327e+02 3.300000e+02
         vertex 1.821120e+01 -2.496588e+02 2.595000e+02
         vertex 2.074314e+01 -2.489472e+02 3.300000e+02
      endloop
   endfacet
   facet normal 2.705585e-01 -9.627035e-01 0.000000e+00
      outer loop
         vertex 2.074314e+01 -2.489472e+02 3.300000e+02
         vertex 1.821120e+01 -2.496588e+02 2.595000e+02
         vertex 2.074314e+01 -2.489472e+02 2.595000e+02
      endloop
   endfacet
   facet normal 3.401135e-01 -9.403844e-01 0.000000e+00
      outer loop
         vertex 2.074314e+01 -2.489472e+02 3.300000e+02
         vertex 2.074314e+01 -2.489472e+02 2.595000e+02
         vertex 2.815954e+01 -2.462649e+02 2.595000e+02
      endloop
   endfacet
   facet normal -1.826650e-02 -9.998332e-01 1.427583e-19
      outer loop
         vertex -2.629586e+00 -2.519520e+02 2.595000e+02
         vertex 1.261698e-14 -2.520000e+02 2.595000e+02
         vertex 1.301043e-14 -2.520000e+02 3.300000e+02
      endloop
   endfacet
   facet normal 5.476721e-02 -9.984992e-01 -3.056412e-19
      outer loop
         vertex 1.301043e-14 -2.520000e+02 3.300000e+02
         vertex 1.261698e-14 -2.520000e+02 2.595000e+02
         vertex 7.874727e+00 -2.515681e+02 2.595000e+02
      endloop
   endfacet
   facet normal 7.299640e-02 -9.973301e-01 2.043331e-03
      outer loop
         vertex 1.301043e-14 -2.520000e+02 3.300000e+02
         vertex 7.874727e+00 -2.515681e+02 2.595000e+02
         vertex 1.048328e+01 -2.512327e+02 3.300000e+02
      endloop
   endfacet
   facet normal 1.275141e-01 -9.918368e-01 0.000000e+00
      outer loop
         vertex 1.048328e+01 -2.512327e+02 3.300000e+02
         vertex 7.874727e+00 -2.515681e+02 2.595000e+02
         vertex 1.048328e+01 -2.512327e+02 2.595000e+02
      endloop
   endfacet
   facet normal 1.995661e-01 -9.798844e-01 0.000000e+00
      outer loop
         vertex 1.048328e+01 -2.512327e+02 3.300000e+02
         vertex 1.048328e+01 -2.512327e+02 2.595000e+02
         vertex 1.821120e+01 -2.496588e+02 2.595000e+02
      endloop
   endfacet
   facet normal 0.000000e+00 0.000000e+00 -1.000000e+00
      outer loop
         vertex -6.511807e+00 -1.430697e+02 2.550000e+02
         vertex -2.344925e+00 -1.158371e+02 2.550000e+02
         vertex 2.678770e-14 -1.425000e+02 2.550000e+02
      endloop
   endfacet
   facet normal 0.000000e+00 0.000000e+00 -1.000000e+00
      outer loop
         vertex 2.678770e-14 -1.425000e+02 2.550000e+02
         vertex -2.344925e+00 -1.158371e+02 2.550000e+02
         vertex 1.694190e-14 -1.157942e+02 2.550000e+02
      endloop
   endfacet
   facet normal 0.000000e+00 0.000000e+00 -1.000000e+00
      outer loop
         vertex 2.678770e-14 -1.425000e+02 2.550000e+02
         vertex 1.694190e-14 -1.157942e+02 2.550000e+02
         vertex 6.511807e+00 -1.430697e+02 2.550000e+02
      endloop
   endfacet
   facet normal 0.000000e+00 0.000000e+00 -1.000000e+00
      outer loop
         vertex 1.694190e-14 -1.157942e+02 2.550000e+02
         vertex 7.022263e+00 -1.161794e+02 2.550000e+02
         vertex 6.511807e+00 -1.430697e+02 2.550000e+02
      endloop
   endfacet
   facet normal 0.000000e+00 0.000000e+00 -1.000000e+00
      outer loop
         vertex 6.511807e+00 -1.430697e+02 2.550000e+02
         vertex 7.022263e+00 -1.161794e+02 2.550000e+02
         vertex 1.623978e+01 -1.178820e+02 2.550000e+02
      endloop
   endfacet
   facet normal 0.000000e+00 0.000000e+00 -1.000000e+00
      outer loop
         vertex 6.511807e+00 -1.430697e+02 2.550000e+02
         vertex 1.623978e+01 -1.178820e+02 2.550000e+02
         vertex 1.282576e+01 -1.447615e+02 2.550000e+02
      endloop
   endfacet
   facet normal 0.000000e+00 0.000000e+00 -1.000000e+00
      outer loop
         vertex 1.282576e+01 -1.447615e+02 2.550000e+02
         vertex 1.623978e+01 -1.178820e+02 2.550000e+02
         vertex 2.511118e+01 -1.209085e+02 2.550000e+02
      endloop
   endfacet
   facet normal 0.000000e+00 0.000000e+00 -1.000000e+00
      outer loop
         vertex 1.282576e+01 -1.447615e+02 2.550000e+02
         vertex 2.511118e+01 -1.209085e+02 2.550000e+02
         vertex 1.875000e+01 -1.475240e+02 2.550000e+02
      endloop
   endfacet
   facet normal 0.000000e+00 0.000000e+00 -1.000000e+00
      outer loop
         vertex 1.875000e+01 -1.475240e+02 2.550000e+02
         vertex 2.511118e+01 -1.209085e+02 2.550000e+02
         vertex 3.344738e+01 -1.251944e+02 2.550000e+02
      endloop
   endfacet
   facet normal 0.000000e+00 0.000000e+00 -1.000000e+00
      outer loop
         vertex 1.875000e+01 -1.475240e+02 2.550000e+02
         vertex 3.344738e+01 -1.251944e+02 2.550000e+02
         vertex 2.410454e+01 -1.512733e+02 2.550000e+02
      endloop
   endfacet
   facet normal 0.000000e+00 0.000000e+00 -1.000000e+00
      outer loop
         vertex 2.410454e+01 -1.512733e+02 2.550000e+02
         vertex 3.344738e+01 -1.251944e+02 2.550000e+02
         vertex 4.107070e+01 -1.306484e+02 2.550000e+02
      endloop
   endfacet
   facet normal 0.000000e+00 0.000000e+00 -1.000000e+00
      outer loop
         vertex 2.410454e+01 -1.512733e+02 2.550000e+02
         vertex 4.107070e+01 -1.306484e+02 2.550000e+02
         vertex 2.872667e+01 -1.558955e+02 2.550000e+02
      endloop
   endfacet
   facet normal 0.000000e+00 0.000000e+00 -1.000000e+00
      outer loop
         vertex 2.872667e+01 -1.558955e+02 2.550000e+02
         vertex 4.107070e+01 -1.306484e+02 2.550000e+02
         vertex 4.781867e+01 -1.371543e+02 2.550000e+02
      endloop
   endfacet
   facet normal 0.000000e+00 0.000000e+00 -1.000000e+00
      outer loop
         vertex 2.872667e+01 -1.558955e+02 2.550000e+02
         vertex 4.781867e+01 -1.371543e+02 2.550000e+02
         vertex 3.247595e+01 -1.612500e+02 2.550000e+02
      endloop
   endfacet
   facet normal 0.000000e+00 0.000000e+00 -1.000000e+00
      outer loop
         vertex -2.410454e+01 -1.512733e+02 2.550000e+02
         vertex -3.735870e+01 -1.277821e+02 2.550000e+02
         vertex -1.875000e+01 -1.475240e+02 2.550000e+02
      endloop
   endfacet
   facet normal 0.000000e+00 0.000000e+00 -1.000000e+00
      outer loop
         vertex -1.875000e+01 -1.475240e+02 2.550000e+02
         vertex -3.735870e+01 -1.277821e+02 2.550000e+02
         vertex -2.935760e+01 -1.228991e+02 2.550000e+02
      endloop
   endfacet
   facet normal 0.000000e+00 0.000000e+00 -1.000000e+00
      outer loop
         vertex -1.875000e+01 -1.475240e+02 2.550000e+02
         vertex -2.935760e+01 -1.228991e+02 2.550000e+02
         vertex -1.282576e+01 -1.447615e+02 2.550000e+02
      endloop
   endfacet
   facet normal 0.000000e+00 0.000000e+00 -1.000000e+00
      outer loop
         vertex -1.282576e+01 -1.447615e+02 2.550000e+02
         vertex -2.935760e+01 -1.228991e+02 2.550000e+02
         vertex -2.073079e+01 -1.192331e+02 2.550000e+02
      endloop
   endfacet
   facet normal 0.000000e+00 0.000000e+00 -1.000000e+00
      outer loop
         vertex -1.282576e+01 -1.447615e+02 2.550000e+02
         vertex -2.073079e+01 -1.192331e+02 2.550000e+02
         vertex -6.511807e+00 -1.430697e+02 2.550000e+02
      endloop
   endfacet
   facet normal 0.000000e+00 0.000000e+00 -1.000000e+00
      outer loop
         vertex -6.511807e+00 -1.430697e+02 2.550000e+02
         vertex -2.073079e+01 -1.192331e+02 2.550000e+02
         vertex -1.166213e+01 -1.168622e+02 2.550000e+02
      endloop
   endfacet
   facet normal 0.000000e+00 0.000000e+00 -1.000000e+00
      outer loop
         vertex -6.511807e+00 -1.430697e+02 2.550000e+02
         vertex -1.166213e+01 -1.168622e+02 2.550000e+02
         vertex -2.344925e+00 -1.158371e+02 2.550000e+02
      endloop
   endfacet
   facet normal 0.000000e+00 -0.000000e+00 -1.000000e+00
      outer loop
         vertex 1.282576e+01 -2.152385e+02 2.550000e+02
         vertex 1.623978e+01 -2.421180e+02 2.550000e+02
         vertex 6.511807e+00 -2.169303e+02 2.550000e+02
      endloop
   endfacet
   facet normal 0.000000e+00 0.000000e+00 -1.000000e+00
      outer loop
         vertex 6.511807e+00 -2.169303e+02 2.550000e+02
         vertex 1.623978e+01 -2.421180e+02 2.550000e+02
         vertex 7.022263e+00 -2.438206e+02 2.550000e+02
      endloop
   endfacet
   facet normal 0.000000e+00 -0.000000e+00 -1.000000e+00
      outer loop
         vertex 6.511807e+00 -2.169303e+02 2.550000e+02
         vertex 7.022263e+00 -2.438206e+02 2.550000e+02
         vertex 1.301043e-14 -2.175000e+02 2.550000e+02
      endloop
   endfacet
   facet normal 0.000000e+00 -0.000000e+00 -1.000000e+00
      outer loop
         vertex 1.301043e-14 -2.175000e+02 2.550000e+02
         vertex 7.022263e+00 -2.438206e+02 2.550000e+02
         vertex -2.344925e+00 -2.441629e+02 2.550000e+02
      endloop
   endfacet
   facet normal -0.000000e+00 0.000000e+00 -1.000000e+00
      outer loop
         vertex 1.301043e-14 -2.175000e+02 2.550000e+02
         vertex -2.344925e+00 -2.441629e+02 2.550000e+02
         vertex -6.511807e+00 -2.169303e+02 2.550000e+02
      endloop
   endfacet
   facet normal 0.000000e+00 -0.000000e+00 -1.000000e+00
      outer loop
         vertex -6.511807e+00 -2.169303e+02 2.550000e+02
         vertex -2.344925e+00 -2.441629e+02 2.550000e+02
         vertex -1.166213e+01 -2.431377e+02 2.550000e+02
      endloop
   endfacet
   facet normal -0.000000e+00 0.000000e+00 -1.000000e+00
      outer loop
         vertex -6.511807e+00 -2.169303e+02 2.550000e+02
         vertex -1.166213e+01 -2.431377e+02 2.550000e+02
         vertex -1.282576e+01 -2.152385e+02 2.550000e+02
      endloop
   endfacet
   facet normal 0.000000e+00 -0.000000e+00 -1.000000e+00
      outer loop
         vertex -1.282576e+01 -2.152385e+02 2.550000e+02
         vertex -1.166213e+01 -2.431377e+02 2.550000e+02
         vertex -2.073079e+01 -2.407669e+02 2.550000e+02
      endloop
   endfacet
   facet normal -0.000000e+00 0.000000e+00 -1.000000e+00
      outer loop
         vertex -1.282576e+01 -2.152385e+02 2.550000e+02
         vertex -2.073079e+01 -2.407669e+02 2.550000e+02
         vertex -1.875000e+01 -2.124760e+02 2.550000e+02
      endloop
   endfacet
   facet normal 0.000000e+00 -0.000000e+00 -1.000000e+00
      outer loop
         vertex 3.523847e+01 -1.928257e+02 2.550000e+02
         vertex 5.813500e+01 -2.072526e+02 2.550000e+02
         vertex 3.247595e+01 -1.987500e+02 2.550000e+02
      endloop
   endfacet
   facet normal 0.000000e+00 0.000000e+00 -1.000000e+00
      outer loop
         vertex 3.247595e+01 -1.987500e+02 2.550000e+02
         vertex 5.813500e+01 -2.072526e+02 2.550000e+02
         vertex 5.354747e+01 -2.154267e+02 2.550000e+02
      endloop
   endfacet
   facet normal 0.000000e+00 -0.000000e+00 -1.000000e+00
      outer loop
         vertex 3.247595e+01 -1.987500e+02 2.550000e+02
         vertex 5.354747e+01 -2.154267e+02 2.550000e+02
         vertex 2.872667e+01 -2.041045e+02 2.550000e+02
      endloop
   endfacet
   facet normal 0.000000e+00 0.000000e+00 -1.000000e+00
      outer loop
         vertex 2.872667e+01 -2.041045e+02 2.550000e+02
         vertex 5.354747e+01 -2.154267e+02 2.550000e+02
         vertex 4.781867e+01 -2.228457e+02 2.550000e+02
      endloop
   endfacet
   facet normal 0.000000e+00 -0.000000e+00 -1.000000e+00
      outer loop
         vertex 2.872667e+01 -2.041045e+02 2.550000e+02
         vertex 4.781867e+01 -2.228457e+02 2.550000e+02
         vertex 2.410454e+01 -2.087267e+02 2.550000e+02
      endloop
   endfacet
   facet normal 0.000000e+00 0.000000e+00 -1.000000e+00
      outer loop
         vertex 2.410454e+01 -2.087267e+02 2.550000e+02
         vertex 4.781867e+01 -2.228457e+02 2.550000e+02
         vertex 4.107070e+01 -2.293516e+02 2.550000e+02
      endloop
   endfacet
   facet normal 0.000000e+00 -0.000000e+00 -1.000000e+00
      outer loop
         vertex 2.410454e+01 -2.087267e+02 2.550000e+02
         vertex 4.107070e+01 -2.293516e+02 2.550000e+02
         vertex 1.875000e+01 -2.124760e+02 2.550000e+02
      endloop
   endfacet
   facet normal 0.000000e+00 0.000000e+00 -1.000000e+00
      outer loop
         vertex 1.875000e+01 -2.124760e+02 2.550000e+02
         vertex 4.107070e+01 -2.293516e+02 2.550000e+02
         vertex 3.344738e+01 -2.348056e+02 2.550000e+02
      endloop
   endfacet
   facet normal 0.000000e+00 -0.000000e+00 -1.000000e+00
      outer loop
         vertex 1.875000e+01 -2.124760e+02 2.550000e+02
         vertex 3.344738e+01 -2.348056e+02 2.550000e+02
         vertex 1.282576e+01 -2.152385e+02 2.550000e+02
      endloop
   endfacet
   facet normal 0.000000e+00 0.000000e+00 -1.000000e+00
      outer loop
         vertex 1.282576e+01 -2.152385e+02 2.550000e+02
         vertex 3.344738e+01 -2.348056e+02 2.550000e+02
         vertex 2.511118e+01 -2.390915e+02 2.550000e+02
      endloop
   endfacet
   facet normal 0.000000e+00 0.000000e+00 -1.000000e+00
      outer loop
         vertex 1.282576e+01 -2.152385e+02 2.550000e+02
         vertex 2.511118e+01 -2.390915e+02 2.550000e+02
         vertex 1.623978e+01 -2.421180e+02 2.550000e+02
      endloop
   endfacet
   facet normal 0.000000e+00 0.000000e+00 -1.000000e+00
      outer loop
         vertex -3.750000e+01 -1.800000e+02 2.550000e+02
         vertex -6.403449e+01 -1.753133e+02 2.550000e+02
         vertex -3.693029e+01 -1.734882e+02 2.550000e+02
      endloop
   endfacet
   facet normal -0.000000e+00 0.000000e+00 -1.000000e+00
      outer loop
         vertex -3.693029e+01 -1.734882e+02 2.550000e+02
         vertex -6.403449e+01 -1.753133e+02 2.550000e+02
         vertex -6.266970e+01 -1.660397e+02 2.550000e+02
      endloop
   endfacet
   facet normal 0.000000e+00 0.000000e+00 -1.000000e+00
      outer loop
         vertex -3.693029e+01 -1.734882e+02 2.550000e+02
         vertex -6.266970e+01 -1.660397e+02 2.550000e+02
         vertex -3.523847e+01 -1.671742e+02 2.550000e+02
      endloop
   endfacet
   facet normal 0.000000e+00 0.000000e+00 -1.000000e+00
      outer loop
         vertex -3.523847e+01 -1.671742e+02 2.550000e+02
         vertex -6.266970e+01 -1.660397e+02 2.550000e+02
         vertex -5.996922e+01 -1.570637e+02 2.550000e+02
      endloop
   endfacet
   facet normal 0.000000e+00 0.000000e+00 -1.000000e+00
      outer loop
         vertex -3.523847e+01 -1.671742e+02 2.550000e+02
         vertex -5.996922e+01 -1.570637e+02 2.550000e+02
         vertex -3.247595e+01 -1.612500e+02 2.550000e+02
      endloop
   endfacet
   facet normal 0.000000e+00 0.000000e+00 -1.000000e+00
      outer loop
         vertex -3.247595e+01 -1.612500e+02 2.550000e+02
         vertex -5.996922e+01 -1.570637e+02 2.550000e+02
         vertex -5.599061e+01 -1.485765e+02 2.550000e+02
      endloop
   endfacet
   facet normal 0.000000e+00 0.000000e+00 -1.000000e+00
      outer loop
         vertex -3.247595e+01 -1.612500e+02 2.550000e+02
         vertex -5.599061e+01 -1.485765e+02 2.550000e+02
         vertex -2.872667e+01 -1.558955e+02 2.550000e+02
      endloop
   endfacet
   facet normal 0.000000e+00 0.000000e+00 -1.000000e+00
      outer loop
         vertex -2.872667e+01 -1.558955e+02 2.550000e+02
         vertex -5.599061e+01 -1.485765e+02 2.550000e+02
         vertex -5.081864e+01 -1.407591e+02 2.550000e+02
      endloop
   endfacet
   facet normal 0.000000e+00 0.000000e+00 -1.000000e+00
      outer loop
         vertex -2.872667e+01 -1.558955e+02 2.550000e+02
         vertex -5.081864e+01 -1.407591e+02 2.550000e+02
         vertex -2.410454e+01 -1.512733e+02 2.550000e+02
      endloop
   endfacet
   facet normal 0.000000e+00 0.000000e+00 -1.000000e+00
      outer loop
         vertex -2.410454e+01 -1.512733e+02 2.550000e+02
         vertex -5.081864e+01 -1.407591e+02 2.550000e+02
         vertex -4.456357e+01 -1.337780e+02 2.550000e+02
      endloop
   endfacet
   facet normal 0.000000e+00 0.000000e+00 -1.000000e+00
      outer loop
         vertex -2.410454e+01 -1.512733e+02 2.550000e+02
         vertex -4.456357e+01 -1.337780e+02 2.550000e+02
         vertex -3.735870e+01 -1.277821e+02 2.550000e+02
      endloop
   endfacet
   facet normal 0.000000e+00 0.000000e+00 -1.000000e+00
      outer loop
         vertex -2.073079e+01 -2.407669e+02 2.550000e+02
         vertex -2.935760e+01 -2.371009e+02 2.550000e+02
         vertex -1.875000e+01 -2.124760e+02 2.550000e+02
      endloop
   endfacet
   facet normal 0.000000e+00 0.000000e+00 -1.000000e+00
      outer loop
         vertex -1.875000e+01 -2.124760e+02 2.550000e+02
         vertex -2.935760e+01 -2.371009e+02 2.550000e+02
         vertex -3.735870e+01 -2.322179e+02 2.550000e+02
      endloop
   endfacet
   facet normal -0.000000e+00 0.000000e+00 -1.000000e+00
      outer loop
         vertex -1.875000e+01 -2.124760e+02 2.550000e+02
         vertex -3.735870e+01 -2.322179e+02 2.550000e+02
         vertex -2.410454e+01 -2.087267e+02 2.550000e+02
      endloop
   endfacet
   facet normal 0.000000e+00 0.000000e+00 -1.000000e+00
      outer loop
         vertex -2.410454e+01 -2.087267e+02 2.550000e+02
         vertex -3.735870e+01 -2.322179e+02 2.550000e+02
         vertex -4.456357e+01 -2.262220e+02 2.550000e+02
      endloop
   endfacet
   facet normal -0.000000e+00 0.000000e+00 -1.000000e+00
      outer loop
         vertex -2.410454e+01 -2.087267e+02 2.550000e+02
         vertex -4.456357e+01 -2.262220e+02 2.550000e+02
         vertex -2.872667e+01 -2.041045e+02 2.550000e+02
      endloop
   endfacet
   facet normal 0.000000e+00 0.000000e+00 -1.000000e+00
      outer loop
         vertex -2.872667e+01 -2.041045e+02 2.550000e+02
         vertex -4.456357e+01 -2.262220e+02 2.550000e+02
         vertex -5.081864e+01 -2.192409e+02 2.550000e+02
      endloop
   endfacet
   facet normal -0.000000e+00 0.000000e+00 -1.000000e+00
      outer loop
         vertex -2.872667e+01 -2.041045e+02 2.550000e+02
         vertex -5.081864e+01 -2.192409e+02 2.550000e+02
         vertex -3.247595e+01 -1.987500e+02 2.550000e+02
      endloop
   endfacet
   facet normal 0.000000e+00 0.000000e+00 -1.000000e+00
      outer loop
         vertex -3.247595e+01 -1.987500e+02 2.550000e+02
         vertex -5.081864e+01 -2.192409e+02 2.550000e+02
         vertex -5.599061e+01 -2.114235e+02 2.550000e+02
      endloop
   endfacet
   facet normal -0.000000e+00 0.000000e+00 -1.000000e+00
      outer loop
         vertex -3.247595e+01 -1.987500e+02 2.550000e+02
         vertex -5.599061e+01 -2.114235e+02 2.550000e+02
         vertex -3.523847e+01 -1.928257e+02 2.550000e+02
      endloop
   endfacet
   facet normal 0.000000e+00 0.000000e+00 -1.000000e+00
      outer loop
         vertex -3.523847e+01 -1.928257e+02 2.550000e+02
         vertex -5.599061e+01 -2.114235e+02 2.550000e+02
         vertex -5.996922e+01 -2.029363e+02 2.550000e+02
      endloop
   endfacet
   facet normal -0.000000e+00 0.000000e+00 -1.000000e+00
      outer loop
         vertex -3.523847e+01 -1.928257e+02 2.550000e+02
         vertex -5.996922e+01 -2.029363e+02 2.550000e+02
         vertex -3.693029e+01 -1.865118e+02 2.550000e+02
      endloop
   endfacet
   facet normal 0.000000e+00 0.000000e+00 -1.000000e+00
      outer loop
         vertex -3.693029e+01 -1.865118e+02 2.550000e+02
         vertex -5.996922e+01 -2.029363e+02 2.550000e+02
         vertex -6.266970e+01 -1.939603e+02 2.550000e+02
      endloop
   endfacet
   facet normal -0.000000e+00 0.000000e+00 -1.000000e+00
      outer loop
         vertex -3.693029e+01 -1.865118e+02 2.550000e+02
         vertex -6.266970e+01 -1.939603e+02 2.550000e+02
         vertex -3.750000e+01 -1.800000e+02 2.550000e+02
      endloop
   endfacet
   facet normal 0.000000e+00 0.000000e+00 -1.000000e+00
      outer loop
         vertex -3.750000e+01 -1.800000e+02 2.550000e+02
         vertex -6.266970e+01 -1.939603e+02 2.550000e+02
         vertex -6.403449e+01 -1.846867e+02 2.550000e+02
      endloop
   endfacet
   facet normal -0.000000e+00 0.000000e+00 -1.000000e+00
      outer loop
         vertex -3.750000e+01 -1.800000e+02 2.550000e+02
         vertex -6.403449e+01 -1.846867e+02 2.550000e+02
         vertex -6.403449e+01 -1.753133e+02 2.550000e+02
      endloop
   endfacet
   facet normal 0.000000e+00 -0.000000e+00 -1.000000e+00
      outer loop
         vertex 4.781867e+01 -1.371543e+02 2.550000e+02
         vertex 5.354747e+01 -1.445733e+02 2.550000e+02
         vertex 3.247595e+01 -1.612500e+02 2.550000e+02
      endloop
   endfacet
   facet normal 0.000000e+00 0.000000e+00 -1.000000e+00
      outer loop
         vertex 3.247595e+01 -1.612500e+02 2.550000e+02
         vertex 5.354747e+01 -1.445733e+02 2.550000e+02
         vertex 5.813500e+01 -1.527474e+02 2.550000e+02
      endloop
   endfacet
   facet normal 0.000000e+00 0.000000e+00 -1.000000e+00
      outer loop
         vertex 3.247595e+01 -1.612500e+02 2.550000e+02
         vertex 5.813500e+01 -1.527474e+02 2.550000e+02
         vertex 3.523847e+01 -1.671742e+02 2.550000e+02
      endloop
   endfacet
   facet normal 0.000000e+00 0.000000e+00 -1.000000e+00
      outer loop
         vertex 3.523847e+01 -1.671742e+02 2.550000e+02
         vertex 5.813500e+01 -1.527474e+02 2.550000e+02
         vertex 6.148348e+01 -1.615024e+02 2.550000e+02
      endloop
   endfacet
   facet normal 0.000000e+00 0.000000e+00 -1.000000e+00
      outer loop
         vertex 3.523847e+01 -1.671742e+02 2.550000e+02
         vertex 6.148348e+01 -1.615024e+02 2.550000e+02
         vertex 3.693029e+01 -1.734882e+02 2.550000e+02
      endloop
   endfacet
   facet normal 0.000000e+00 0.000000e+00 -1.000000e+00
      outer loop
         vertex 3.693029e+01 -1.734882e+02 2.550000e+02
         vertex 6.148348e+01 -1.615024e+02 2.550000e+02
         vertex 6.352156e+01 -1.706516e+02 2.550000e+02
      endloop
   endfacet
   facet normal 0.000000e+00 0.000000e+00 -1.000000e+00
      outer loop
         vertex 3.693029e+01 -1.734882e+02 2.550000e+02
         vertex 6.352156e+01 -1.706516e+02 2.550000e+02
         vertex 3.750000e+01 -1.800000e+02 2.550000e+02
      endloop
   endfacet
   facet normal 0.000000e+00 0.000000e+00 -1.000000e+00
      outer loop
         vertex 3.750000e+01 -1.800000e+02 2.550000e+02
         vertex 6.352156e+01 -1.706516e+02 2.550000e+02
         vertex 6.420577e+01 -1.800000e+02 2.550000e+02
      endloop
   endfacet
   facet normal 0.000000e+00 -0.000000e+00 -1.000000e+00
      outer loop
         vertex 3.750000e+01 -1.800000e+02 2.550000e+02
         vertex 6.420577e+01 -1.800000e+02 2.550000e+02
         vertex 3.693029e+01 -1.865118e+02 2.550000e+02
      endloop
   endfacet
   facet normal 0.000000e+00 0.000000e+00 -1.000000e+00
      outer loop
         vertex 3.693029e+01 -1.865118e+02 2.550000e+02
         vertex 6.420577e+01 -1.800000e+02 2.550000e+02
         vertex 6.352156e+01 -1.893484e+02 2.550000e+02
      endloop
   endfacet
   facet normal 0.000000e+00 -0.000000e+00 -1.000000e+00
      outer loop
         vertex 3.693029e+01 -1.865118e+02 2.550000e+02
         vertex 6.352156e+01 -1.893484e+02 2.550000e+02
         vertex 3.523847e+01 -1.928257e+02 2.550000e+02
      endloop
   endfacet
   facet normal 0.000000e+00 0.000000e+00 -1.000000e+00
      outer loop
         vertex 3.523847e+01 -1.928257e+02 2.550000e+02
         vertex 6.352156e+01 -1.893484e+02 2.550000e+02
         vertex 6.148348e+01 -1.984976e+02 2.550000e+02
      endloop
   endfacet
   facet normal 0.000000e+00 0.000000e+00 -1.000000e+00
      outer loop
         vertex 3.523847e+01 -1.928257e+02 2.550000e+02
         vertex 6.148348e+01 -1.984976e+02 2.550000e+02
         vertex 5.813500e+01 -2.072526e+02 2.550000e+02
      endloop
   endfacet
   facet normal 4.928104e-01 -3.606909e-02 -8.693888e-01
      outer loop
         vertex 7.156807e+01 -1.878747e+02 2.595000e+02
         vertex 6.352156e+01 -1.893484e+02 2.550000e+02
         vertex 6.420577e+01 -1.800000e+02 2.550000e+02
      endloop
   endfacet
   facet normal 4.959810e-01 -6.376239e-02 -8.659891e-01
      outer loop
         vertex 7.156807e+01 -1.878747e+02 2.595000e+02
         vertex 7.123272e+01 -1.904833e+02 2.595000e+02
         vertex 6.352156e+01 -1.893484e+02 2.550000e+02
      endloop
   endfacet
   facet normal 4.904944e-01 -9.989595e-02 -8.656998e-01
      outer loop
         vertex 6.352156e+01 -1.893484e+02 2.550000e+02
         vertex 7.123272e+01 -1.904833e+02 2.595000e+02
         vertex 6.965882e+01 -1.982112e+02 2.595000e+02
      endloop
   endfacet
   facet normal 4.823070e-01 -1.074386e-01 -8.693888e-01
      outer loop
         vertex 6.352156e+01 -1.893484e+02 2.550000e+02
         vertex 6.965882e+01 -1.982112e+02 2.595000e+02
         vertex 6.148348e+01 -1.984976e+02 2.550000e+02
      endloop
   endfacet
   facet normal 4.814117e-01 -1.352976e-01 -8.659892e-01
      outer loop
         vertex 6.965882e+01 -1.982112e+02 2.595000e+02
         vertex 6.894724e+01 -2.007431e+02 2.595000e+02
         vertex 6.148348e+01 -1.984976e+02 2.550000e+02
      endloop
   endfacet
   facet normal 4.707223e-01 -1.702477e-01 -8.656998e-01
      outer loop
         vertex 6.148348e+01 -1.984976e+02 2.550000e+02
         vertex 6.894724e+01 -2.007431e+02 2.595000e+02
         vertex 6.626493e+01 -2.081595e+02 2.595000e+02
      endloop
   endfacet
   facet normal 4.615242e-01 -1.765178e-01 -8.693888e-01
      outer loop
         vertex 6.148348e+01 -1.984976e+02 2.550000e+02
         vertex 6.626493e+01 -2.081595e+02 2.595000e+02
         vertex 5.813500e+01 -2.072526e+02 2.550000e+02
      endloop
   endfacet
   facet normal 4.565822e-01 -2.039493e-01 -8.659892e-01
      outer loop
         vertex 6.626493e+01 -2.081595e+02 2.595000e+02
         vertex 6.519227e+01 -2.105609e+02 2.595000e+02
         vertex 5.813500e+01 -2.072526e+02 2.550000e+02
      endloop
   endfacet
   facet normal 4.409176e-01 -2.369715e-01 -8.656998e-01
      outer loop
         vertex 5.813500e+01 -2.072526e+02 2.550000e+02
         vertex 6.519227e+01 -2.105609e+02 2.595000e+02
         vertex 6.145870e+01 -2.175077e+02 2.595000e+02
      endloop
   endfacet
   facet normal 4.309042e-01 -2.418356e-01 -8.693889e-01
      outer loop
         vertex 5.813500e+01 -2.072526e+02 2.550000e+02
         vertex 6.145870e+01 -2.175077e+02 2.595000e+02
         vertex 5.354747e+01 -2.154267e+02 2.550000e+02
      endloop
   endfacet
   facet normal 4.220208e-01 -2.682554e-01 -8.659893e-01
      outer loop
         vertex 6.145870e+01 -2.175077e+02 2.595000e+02
         vertex 6.004784e+01 -2.197273e+02 2.595000e+02
         vertex 5.354747e+01 -2.154267e+02 2.550000e+02
      endloop
   endfacet
   facet normal 4.017155e-01 -2.986441e-01 -8.656999e-01
      outer loop
         vertex 5.354747e+01 -2.154267e+02 2.550000e+02
         vertex 6.004784e+01 -2.197273e+02 2.595000e+02
         vertex 5.534259e+01 -2.260565e+02 2.595000e+02
      endloop
   endfacet
   facet normal 3.911011e-01 -3.019983e-01 -8.693888e-01
      outer loop
         vertex 5.354747e+01 -2.154267e+02 2.550000e+02
         vertex 5.534259e+01 -2.260565e+02 2.595000e+02
         vertex 4.781867e+01 -2.228457e+02 2.550000e+02
      endloop
   endfacet
   facet normal 3.784656e-01 -3.268431e-01 -8.659892e-01
      outer loop
         vertex 5.534259e+01 -2.260565e+02 2.595000e+02
         vertex 5.362360e+01 -2.280470e+02 2.595000e+02
         vertex 4.781867e+01 -2.228457e+02 2.550000e+02
      endloop
   endfacet
   facet normal 3.539517e-01 -3.539519e-01 -8.656998e-01
      outer loop
         vertex 4.781867e+01 -2.228457e+02 2.550000e+02
         vertex 5.362360e+01 -2.280470e+02 2.595000e+02
         vertex 4.804695e+01 -2.336236e+02 2.595000e+02
      endloop
   endfacet
   facet normal 3.429619e-01 -3.557249e-01 -8.693888e-01
      outer loop
         vertex 4.781867e+01 -2.228457e+02 2.550000e+02
         vertex 4.804695e+01 -2.336236e+02 2.595000e+02
         vertex 4.107070e+01 -2.293516e+02 2.550000e+02
      endloop
   endfacet
   facet normal 3.268435e-01 -3.784653e-01 -8.659892e-01
      outer loop
         vertex 4.804695e+01 -2.336236e+02 2.595000e+02
         vertex 4.605646e+01 -2.353426e+02 2.595000e+02
         vertex 4.107070e+01 -2.293516e+02 2.550000e+02
      endloop
   endfacet
   facet normal 2.986442e-01 -4.017156e-01 -8.656998e-01
      outer loop
         vertex 4.107070e+01 -2.293516e+02 2.550000e+02
         vertex 4.605646e+01 -2.353426e+02 2.595000e+02
         vertex 3.972728e+01 -2.400478e+02 2.595000e+02
      endloop
   endfacet
   facet normal 2.875130e-01 -4.018696e-01 -8.693889e-01
      outer loop
         vertex 4.107070e+01 -2.293516e+02 2.550000e+02
         vertex 3.972728e+01 -2.400478e+02 2.595000e+02
         vertex 3.344738e+01 -2.348056e+02 2.550000e+02
      endloop
   endfacet
   facet normal 2.682550e-01 -4.220212e-01 -8.659892e-01
      outer loop
         vertex 3.972728e+01 -2.400478e+02 2.595000e+02
         vertex 3.750771e+01 -2.414587e+02 2.595000e+02
         vertex 3.344738e+01 -2.348056e+02 2.550000e+02
      endloop
   endfacet
   facet normal 2.369715e-01 -4.409176e-01 -8.656998e-01
      outer loop
         vertex 3.344738e+01 -2.348056e+02 2.550000e+02
         vertex 3.750771e+01 -2.414587e+02 2.595000e+02
         vertex 3.056088e+01 -2.451923e+02 2.595000e+02
      endloop
   endfacet
   facet normal 2.259362e-01 -4.394491e-01 -8.693890e-01
      outer loop
         vertex 3.344738e+01 -2.348056e+02 2.550000e+02
         vertex 3.056088e+01 -2.451923e+02 2.595000e+02
         vertex 2.511118e+01 -2.390915e+02 2.550000e+02
      endloop
   endfacet
   facet normal 2.039488e-01 -4.565824e-01 -8.659892e-01
      outer loop
         vertex 3.056088e+01 -2.451923e+02 2.595000e+02
         vertex 2.815954e+01 -2.462649e+02 2.595000e+02
         vertex 2.511118e+01 -2.390915e+02 2.550000e+02
      endloop
   endfacet
   facet normal 1.702484e-01 -4.707220e-01 -8.656999e-01
      outer loop
         vertex 2.511118e+01 -2.390915e+02 2.550000e+02
         vertex 2.815954e+01 -2.462649e+02 2.595000e+02
         vertex 2.074314e+01 -2.489472e+02 2.595000e+02
      endloop
   endfacet
   facet normal 1.595443e-01 -4.676625e-01 -8.693891e-01
      outer loop
         vertex 2.511118e+01 -2.390915e+02 2.550000e+02
         vertex 2.074314e+01 -2.489472e+02 2.595000e+02
         vertex 1.623978e+01 -2.421180e+02 2.550000e+02
      endloop
   endfacet
   facet normal 1.352962e-01 -4.814120e-01 -8.659893e-01
      outer loop
         vertex 2.074314e+01 -2.489472e+02 2.595000e+02
         vertex 1.821120e+01 -2.496588e+02 2.595000e+02
         vertex 1.623978e+01 -2.421180e+02 2.550000e+02
      endloop
   endfacet
   facet normal 9.989549e-02 -4.904942e-01 -8.656999e-01
      outer loop
         vertex 1.623978e+01 -2.421180e+02 2.550000e+02
         vertex 1.821120e+01 -2.496588e+02 2.595000e+02
         vertex 1.048328e+01 -2.512327e+02 2.595000e+02
      endloop
   endfacet
   facet normal 8.975196e-02 -4.859092e-01 -8.693888e-01
      outer loop
         vertex 1.623978e+01 -2.421180e+02 2.550000e+02
         vertex 1.048328e+01 -2.512327e+02 2.595000e+02
         vertex 7.022263e+00 -2.438206e+02 2.550000e+02
      endloop
   endfacet
   facet normal 6.376496e-02 -4.959799e-01 -8.659896e-01
      outer loop
         vertex 1.048328e+01 -2.512327e+02 2.595000e+02
         vertex 7.874727e+00 -2.515681e+02 2.595000e+02
         vertex 7.022263e+00 -2.438206e+02 2.550000e+02
      endloop
   endfacet
   facet normal 2.741442e-02 -4.998115e-01 -8.657002e-01
      outer loop
         vertex 7.022263e+00 -2.438206e+02 2.550000e+02
         vertex 7.874727e+00 -2.515681e+02 2.595000e+02
         vertex 1.261698e-14 -2.520000e+02 2.595000e+02
      endloop
   endfacet
   facet normal 1.804668e-02 -4.937985e-01 -8.693891e-01
      outer loop
         vertex 7.022263e+00 -2.438206e+02 2.550000e+02
         vertex 1.261698e-14 -2.520000e+02 2.595000e+02
         vertex -2.344925e+00 -2.441629e+02 2.550000e+02
      endloop
   endfacet
   facet normal -9.134394e-03 -4.999792e-01 -8.659893e-01
      outer loop
         vertex 1.261698e-14 -2.520000e+02 2.595000e+02
         vertex -2.629586e+00 -2.519520e+02 2.595000e+02
         vertex -2.344925e+00 -2.441629e+02 2.550000e+02
      endloop
   endfacet
   facet normal -4.565104e-02 -4.984774e-01 -8.656999e-01
      outer loop
         vertex -2.344925e+00 -2.441629e+02 2.550000e+02
         vertex -2.629586e+00 -2.519520e+02 2.595000e+02
         vertex -1.048328e+01 -2.512327e+02 2.595000e+02
      endloop
   endfacet
   facet normal -5.404348e-02 -4.911645e-01 -8.693887e-01
      outer loop
         vertex -2.344925e+00 -2.441629e+02 2.550000e+02
         vertex -1.048328e+01 -2.512327e+02 2.595000e+02
         vertex -1.166213e+01 -2.431377e+02 2.550000e+02
      endloop
   endfacet
   facet normal -8.182991e-02 -4.933213e-01 -8.659896e-01
      outer loop
         vertex -1.048328e+01 -2.512327e+02 2.595000e+02
         vertex -1.307785e+01 -2.508023e+02 2.595000e+02
         vertex -1.166213e+01 -2.431377e+02 2.550000e+02
      endloop
   endfacet
   facet normal -1.177432e-01 -4.865179e-01 -8.657002e-01
      outer loop
         vertex -1.166213e+01 -2.431377e+02 2.550000e+02
         vertex -1.307785e+01 -2.508023e+02 2.595000e+02
         vertex -2.074314e+01 -2.489472e+02 2.595000e+02
      endloop
   endfacet
   facet normal -1.249812e-01 -4.780612e-01 -8.693890e-01
      outer loop
         vertex -1.166213e+01 -2.431377e+02 2.550000e+02
         vertex -2.074314e+01 -2.489472e+02 2.595000e+02
         vertex -2.073079e+01 -2.407669e+02 2.550000e+02
      endloop
   endfacet
   facet normal -1.527914e-01 -4.761490e-01 -8.659890e-01
      outer loop
         vertex -2.074314e+01 -2.489472e+02 2.595000e+02
         vertex -2.324739e+01 -2.481437e+02 2.595000e+02
         vertex -2.073079e+01 -2.407669e+02 2.550000e+02
      endloop
   endfacet
   facet normal -1.873257e-01 -4.641909e-01 -8.656996e-01
      outer loop
         vertex -2.073079e+01 -2.407669e+02 2.550000e+02
         vertex -2.324739e+01 -2.481437e+02 2.595000e+02
         vertex -3.056088e+01 -2.451923e+02 2.595000e+02
      endloop
   endfacet
   facet normal -1.932561e-01 -4.547693e-01 -8.693889e-01
      outer loop
         vertex -2.073079e+01 -2.407669e+02 2.550000e+02
         vertex -3.056088e+01 -2.451923e+02 2.595000e+02
         vertex -2.935760e+01 -2.371009e+02 2.550000e+02
      endloop
   endfacet
   facet normal -2.204891e-01 -4.488287e-01 -8.659892e-01
      outer loop
         vertex -3.056088e+01 -2.451923e+02 2.595000e+02
         vertex -3.292145e+01 -2.440326e+02 2.595000e+02
         vertex -2.935760e+01 -2.371009e+02 2.550000e+02
      endloop
   endfacet
   facet normal -2.529165e-01 -4.319687e-01 -8.656999e-01
      outer loop
         vertex -2.935760e+01 -2.371009e+02 2.550000e+02
         vertex -3.292145e+01 -2.440326e+02 2.595000e+02
         vertex -3.972728e+01 -2.400478e+02 2.595000e+02
      endloop
   endfacet
   facet normal -2.574115e-01 -4.217846e-01 -8.693889e-01
      outer loop
         vertex -2.935760e+01 -2.371009e+02 2.550000e+02
         vertex -3.972728e+01 -2.400478e+02 2.595000e+02
         vertex -3.735870e+01 -2.322179e+02 2.550000e+02
      endloop
   endfacet
   facet normal -2.834892e-01 -4.119423e-01 -8.659893e-01
      outer loop
         vertex -3.972728e+01 -2.400478e+02 2.595000e+02
         vertex -4.189384e+01 -2.385569e+02 2.595000e+02
         vertex -3.735870e+01 -2.322179e+02 2.550000e+02
      endloop
   endfacet
   facet normal -3.131165e-01 -3.905404e-01 -8.656999e-01
      outer loop
         vertex -3.735870e+01 -2.322179e+02 2.550000e+02
         vertex -4.189384e+01 -2.385569e+02 2.595000e+02
         vertex -4.804695e+01 -2.336236e+02 2.595000e+02
      endloop
   endfacet
   facet normal -3.160807e-01 -3.798109e-01 -8.693887e-01
      outer loop
         vertex -3.735870e+01 -2.322179e+02 2.550000e+02
         vertex -4.804695e+01 -2.336236e+02 2.595000e+02
         vertex -4.456357e+01 -2.262220e+02 2.550000e+02
      endloop
   endfacet
   facet normal -3.404468e-01 -3.662768e-01 -8.659892e-01
      outer loop
         vertex -4.804695e+01 -2.336236e+02 2.595000e+02
         vertex -4.997334e+01 -2.318331e+02 2.595000e+02
         vertex -4.456357e+01 -2.262220e+02 2.550000e+02
      endloop
   endfacet
   facet normal -3.666430e-01 -3.407884e-01 -8.656998e-01
      outer loop
         vertex -4.456357e+01 -2.262220e+02 2.550000e+02
         vertex -4.997334e+01 -2.318331e+02 2.595000e+02
         vertex -5.534259e+01 -2.260565e+02 2.595000e+02
      endloop
   endfacet
   facet normal -3.680135e-01 -3.297409e-01 -8.693889e-01
      outer loop
         vertex -4.456357e+01 -2.262220e+02 2.550000e+02
         vertex -5.534259e+01 -2.260565e+02 2.595000e+02
         vertex -5.081864e+01 -2.192409e+02 2.550000e+02
      endloop
   endfacet
   facet normal -3.901495e-01 -3.128032e-01 -8.659893e-01
      outer loop
         vertex -5.534259e+01 -2.260565e+02 2.595000e+02
         vertex -5.698775e+01 -2.240045e+02 2.595000e+02
         vertex -5.081864e+01 -2.192409e+02 2.550000e+02
      endloop
   endfacet
   facet normal -4.123546e-01 -2.837733e-01 -8.657000e-01
      outer loop
         vertex -5.081864e+01 -2.192409e+02 2.550000e+02
         vertex -5.698775e+01 -2.240045e+02 2.595000e+02
         vertex -6.145870e+01 -2.175077e+02 2.595000e+02
      endloop
   endfacet
   facet normal -4.121019e-01 -2.726447e-01 -8.693888e-01
      outer loop
         vertex -5.081864e+01 -2.192409e+02 2.550000e+02
         vertex -6.145870e+01 -2.175077e+02 2.595000e+02
         vertex -5.599061e+01 -2.114235e+02 2.550000e+02
      endloop
   endfacet
   facet normal -4.315376e-01 -2.526627e-01 -8.659890e-01
      outer loop
         vertex -6.145870e+01 -2.175077e+02 2.595000e+02
         vertex -6.278756e+01 -2.152381e+02 2.595000e+02
         vertex -5.599061e+01 -2.114235e+02 2.550000e+02
      endloop
   endfacet
   facet normal -4.492784e-01 -2.207104e-01 -8.656996e-01
      outer loop
         vertex -5.599061e+01 -2.114235e+02 2.550000e+02
         vertex -6.278756e+01 -2.152381e+02 2.595000e+02
         vertex -6.626493e+01 -2.081595e+02 2.595000e+02
      endloop
   endfacet
   facet normal -4.474080e-01 -2.097361e-01 -8.693888e-01
      outer loop
         vertex -5.599061e+01 -2.114235e+02 2.550000e+02
         vertex -6.626493e+01 -2.081595e+02 2.595000e+02
         vertex -5.996922e+01 -2.029363e+02 2.550000e+02
      endloop
   endfacet
   facet normal -4.637268e-01 -1.871377e-01 -8.659890e-01
      outer loop
         vertex -6.626493e+01 -2.081595e+02 2.595000e+02
         vertex -6.724916e+01 -2.057206e+02 2.595000e+02
         vertex -5.996922e+01 -2.029363e+02 2.550000e+02
      endloop
   endfacet
   facet normal -4.766263e-01 -1.529428e-01 -8.656997e-01
      outer loop
         vertex -5.996922e+01 -2.029363e+02 2.550000e+02
         vertex -6.724916e+01 -2.057206e+02 2.595000e+02
         vertex -6.965882e+01 -1.982112e+02 2.595000e+02
      endloop
   endfacet
   facet normal -4.731779e-01 -1.423579e-01 -8.693888e-01
      outer loop
         vertex -5.996922e+01 -2.029363e+02 2.550000e+02
         vertex -6.965882e+01 -1.982112e+02 2.595000e+02
         vertex -6.266970e+01 -1.939603e+02 2.550000e+02
      endloop
   endfacet
   facet normal -4.860320e-01 -1.176250e-01 -8.659891e-01
      outer loop
         vertex -6.965882e+01 -1.982112e+02 2.595000e+02
         vertex -7.027746e+01 -1.956550e+02 2.595000e+02
         vertex -6.266970e+01 -1.939603e+02 2.550000e+02
      endloop
   endfacet
   facet normal -4.938154e-01 -8.191575e-02 -8.656998e-01
      outer loop
         vertex -6.266970e+01 -1.939603e+02 2.550000e+02
         vertex -7.027746e+01 -1.956550e+02 2.595000e+02
         vertex -7.156807e+01 -1.878747e+02 2.595000e+02
      endloop
   endfacet
   facet normal -4.888627e-01 -7.194594e-02 -8.693889e-01
      outer loop
         vertex -6.266970e+01 -1.939603e+02 2.550000e+02
         vertex -7.156807e+01 -1.878747e+02 2.595000e+02
         vertex -6.403449e+01 -1.846867e+02 2.550000e+02
      endloop
   endfacet
   facet normal -4.958864e-01 9.058190e-03 -8.683402e-01
      outer loop
         vertex -7.195196e+01 -1.773704e+02 2.595000e+02
         vertex -6.403449e+01 -1.753133e+02 2.550000e+02
         vertex -7.200000e+01 -1.800000e+02 2.595000e+02
      endloop
   endfacet
   facet normal -4.918717e-01 0.000000e+00 -8.706677e-01
      outer loop
         vertex -7.200000e+01 -1.800000e+02 2.595000e+02
         vertex -6.403449e+01 -1.753133e+02 2.550000e+02
         vertex -6.403449e+01 -1.846867e+02 2.550000e+02
      endloop
   endfacet
   facet normal -4.999170e-01 -1.827023e-02 -8.658806e-01
      outer loop
         vertex -7.200000e+01 -1.800000e+02 2.595000e+02
         vertex -6.403449e+01 -1.846867e+02 2.550000e+02
         vertex -7.180792e+01 -1.852557e+02 2.595000e+02
      endloop
   endfacet
   facet normal -4.979792e-01 -4.560387e-02 -8.659890e-01
      outer loop
         vertex -7.180792e+01 -1.852557e+02 2.595000e+02
         vertex -6.403449e+01 -1.846867e+02 2.550000e+02
         vertex -7.156807e+01 -1.878747e+02 2.595000e+02
      endloop
   endfacet
   facet normal -4.993125e-01 2.738763e-02 -8.659890e-01
      outer loop
         vertex -7.195196e+01 -1.773704e+02 2.595000e+02
         vertex -7.180792e+01 -1.747443e+02 2.595000e+02
         vertex -6.403449e+01 -1.753133e+02 2.550000e+02
      endloop
   endfacet
   facet normal -4.964781e-01 6.382530e-02 -8.656996e-01
      outer loop
         vertex -6.403449e+01 -1.753133e+02 2.550000e+02
         vertex -7.180792e+01 -1.747443e+02 2.595000e+02
         vertex -7.080233e+01 -1.669222e+02 2.595000e+02
      endloop
   endfacet
   facet normal -4.888626e-01 7.194604e-02 -8.693889e-01
      outer loop
         vertex -6.403449e+01 -1.753133e+02 2.550000e+02
         vertex -7.080233e+01 -1.669222e+02 2.595000e+02
         vertex -6.266970e+01 -1.660397e+02 2.550000e+02
      endloop
   endfacet
   facet normal -4.900033e-01 9.979666e-02 -8.659892e-01
      outer loop
         vertex -7.080233e+01 -1.669222e+02 2.595000e+02
         vertex -7.027746e+01 -1.643450e+02 2.595000e+02
         vertex -6.266970e+01 -1.660397e+02 2.550000e+02
      endloop
   endfacet
   facet normal -4.818938e-01 1.354329e-01 -8.656999e-01
      outer loop
         vertex -6.266970e+01 -1.660397e+02 2.550000e+02
         vertex -7.027746e+01 -1.643450e+02 2.595000e+02
         vertex -6.814367e+01 -1.567526e+02 2.595000e+02
      endloop
   endfacet
   facet normal -4.731777e-01 1.423578e-01 -8.693889e-01
      outer loop
         vertex -6.266970e+01 -1.660397e+02 2.550000e+02
         vertex -6.814367e+01 -1.567526e+02 2.595000e+02
         vertex -5.996922e+01 -1.570637e+02 2.550000e+02
      endloop
   endfacet
   facet normal -4.702511e-01 1.700784e-01 -8.659892e-01
      outer loop
         vertex -6.814367e+01 -1.567526e+02 2.595000e+02
         vertex -6.724916e+01 -1.542794e+02 2.595000e+02
         vertex -5.996922e+01 -1.570637e+02 2.550000e+02
      endloop
   endfacet
   facet normal -4.570394e-01 2.041540e-01 -8.656998e-01
      outer loop
         vertex -5.996922e+01 -1.570637e+02 2.550000e+02
         vertex -6.724916e+01 -1.542794e+02 2.595000e+02
         vertex -6.403264e+01 -1.470786e+02 2.595000e+02
      endloop
   endfacet
   facet normal -4.474082e-01 2.097359e-01 -8.693888e-01
      outer loop
         vertex -5.996922e+01 -1.570637e+02 2.550000e+02
         vertex -6.403264e+01 -1.470786e+02 2.595000e+02
         vertex -5.599061e+01 -1.485765e+02 2.550000e+02
      endloop
   endfacet
   facet normal -4.404767e-01 2.367349e-01 -8.659890e-01
      outer loop
         vertex -6.403264e+01 -1.470786e+02 2.595000e+02
         vertex -6.278756e+01 -1.447619e+02 2.595000e+02
         vertex -5.599061e+01 -1.485765e+02 2.550000e+02
      endloop
   endfacet
   facet normal -4.224443e-01 2.685238e-01 -8.656996e-01
      outer loop
         vertex -5.599061e+01 -1.485765e+02 2.550000e+02
         vertex -6.278756e+01 -1.447619e+02 2.595000e+02
         vertex -5.855686e+01 -1.381062e+02 2.595000e+02
      endloop
   endfacet
   facet normal -4.121016e-01 2.726445e-01 -8.693890e-01
      outer loop
         vertex -5.599061e+01 -1.485765e+02 2.550000e+02
         vertex -5.855686e+01 -1.381062e+02 2.595000e+02
         vertex -5.081864e+01 -1.407591e+02 2.550000e+02
      endloop
   endfacet
   facet normal -4.013132e-01 2.983457e-01 -8.659893e-01
      outer loop
         vertex -5.855686e+01 -1.381062e+02 2.595000e+02
         vertex -5.698775e+01 -1.359955e+02 2.595000e+02
         vertex -5.081864e+01 -1.407591e+02 2.550000e+02
      endloop
   endfacet
   facet normal -3.788443e-01 3.271705e-01 -8.657000e-01
      outer loop
         vertex -5.081864e+01 -1.407591e+02 2.550000e+02
         vertex -5.698775e+01 -1.359955e+02 2.595000e+02
         vertex -5.183305e+01 -1.300267e+02 2.595000e+02
      endloop
   endfacet
   facet normal -3.680135e-01 3.297409e-01 -8.693888e-01
      outer loop
         vertex -5.081864e+01 -1.407591e+02 2.550000e+02
         vertex -5.183305e+01 -1.300267e+02 2.595000e+02
         vertex -4.456357e+01 -1.337780e+02 2.550000e+02
      endloop
   endfacet
   facet normal -3.535981e-01 3.535974e-01 -8.659892e-01
      outer loop
         vertex -5.183305e+01 -1.300267e+02 2.595000e+02
         vertex -4.997334e+01 -1.281669e+02 2.595000e+02
         vertex -4.456357e+01 -1.337780e+02 2.550000e+02
      endloop
   endfacet
   facet normal -3.271706e-01 3.788446e-01 -8.656998e-01
      outer loop
         vertex -4.456357e+01 -1.337780e+02 2.550000e+02
         vertex -4.997334e+01 -1.281669e+02 2.595000e+02
         vertex -4.400451e+01 -1.230123e+02 2.595000e+02
      endloop
   endfacet
   facet normal -3.160805e-01 3.798107e-01 -8.693888e-01
      outer loop
         vertex -4.456357e+01 -1.337780e+02 2.550000e+02
         vertex -4.400451e+01 -1.230123e+02 2.595000e+02
         vertex -3.735870e+01 -1.277821e+02 2.550000e+02
      endloop
   endfacet
   facet normal -2.983455e-01 4.013135e-01 -8.659893e-01
      outer loop
         vertex -4.400451e+01 -1.230123e+02 2.595000e+02
         vertex -4.189384e+01 -1.214431e+02 2.595000e+02
         vertex -3.735870e+01 -1.277821e+02 2.550000e+02
      endloop
   endfacet
   facet normal -2.685237e-01 4.224437e-01 -8.656999e-01
      outer loop
         vertex -3.735870e+01 -1.277821e+02 2.550000e+02
         vertex -4.189384e+01 -1.214431e+02 2.595000e+02
         vertex -3.523808e+01 -1.172124e+02 2.595000e+02
      endloop
   endfacet
   facet normal -2.574116e-01 4.217848e-01 -8.693888e-01
      outer loop
         vertex -3.735870e+01 -1.277821e+02 2.550000e+02
         vertex -3.523808e+01 -1.172124e+02 2.595000e+02
         vertex -2.935760e+01 -1.228991e+02 2.550000e+02
      endloop
   endfacet
   facet normal -2.367350e-01 4.404761e-01 -8.659892e-01
      outer loop
         vertex -3.523808e+01 -1.172124e+02 2.595000e+02
         vertex -3.292145e+01 -1.159674e+02 2.595000e+02
         vertex -2.935760e+01 -1.228991e+02 2.550000e+02
      endloop
   endfacet
   facet normal -2.041539e-01 4.570393e-01 -8.656999e-01
      outer loop
         vertex -2.935760e+01 -1.228991e+02 2.550000e+02
         vertex -3.292145e+01 -1.159674e+02 2.595000e+02
         vertex -2.572062e+01 -1.127508e+02 2.595000e+02
      endloop
   endfacet
   facet normal -1.932562e-01 4.547695e-01 -8.693887e-01
      outer loop
         vertex -2.935760e+01 -1.228991e+02 2.550000e+02
         vertex -2.572062e+01 -1.127508e+02 2.595000e+02
         vertex -2.073079e+01 -1.192331e+02 2.550000e+02
      endloop
   endfacet
   facet normal -1.700784e-01 4.702511e-01 -8.659892e-01
      outer loop
         vertex -2.572062e+01 -1.127508e+02 2.595000e+02
         vertex -2.324739e+01 -1.118563e+02 2.595000e+02
         vertex -2.073079e+01 -1.192331e+02 2.550000e+02
      endloop
   endfacet
   facet normal -1.354328e-01 4.818940e-01 -8.656998e-01
      outer loop
         vertex -2.073079e+01 -1.192331e+02 2.550000e+02
         vertex -2.324739e+01 -1.118563e+02 2.595000e+02
         vertex -1.565497e+01 -1.097225e+02 2.595000e+02
      endloop
   endfacet
   facet normal -1.249817e-01 4.780616e-01 -8.693887e-01
      outer loop
         vertex -2.073079e+01 -1.192331e+02 2.550000e+02
         vertex -1.565497e+01 -1.097225e+02 2.595000e+02
         vertex -1.166213e+01 -1.168622e+02 2.550000e+02
      endloop
   endfacet
   facet normal -9.979696e-02 4.900034e-01 -8.659892e-01
      outer loop
         vertex -1.565497e+01 -1.097225e+02 2.595000e+02
         vertex -1.307785e+01 -1.091977e+02 2.595000e+02
         vertex -1.166213e+01 -1.168622e+02 2.550000e+02
      endloop
   endfacet
   facet normal -6.382523e-02 4.964778e-01 -8.656998e-01
      outer loop
         vertex -1.166213e+01 -1.168622e+02 2.550000e+02
         vertex -1.307785e+01 -1.091977e+02 2.595000e+02
         vertex -5.255663e+00 -1.081921e+02 2.595000e+02
      endloop
   endfacet
   facet normal -5.404350e-02 4.911646e-01 -8.693887e-01
      outer loop
         vertex -1.166213e+01 -1.168622e+02 2.550000e+02
         vertex -5.255663e+00 -1.081921e+02 2.595000e+02
         vertex -2.344925e+00 -1.158371e+02 2.550000e+02
      endloop
   endfacet
   facet normal -2.738762e-02 4.993124e-01 -8.659890e-01
      outer loop
         vertex -2.344925e+00 -1.158371e+02 2.550000e+02
         vertex -5.255663e+00 -1.081921e+02 2.595000e+02
         vertex -2.629586e+00 -1.080480e+02 2.595000e+02
      endloop
   endfacet
   facet normal -9.132838e-03 4.999796e-01 -8.659890e-01
      outer loop
         vertex -2.344925e+00 -1.158371e+02 2.550000e+02
         vertex -2.629586e+00 -1.080480e+02 2.595000e+02
         vertex 3.266777e-14 -1.157942e+02 2.550000e+02
      endloop
   endfacet
   facet normal 9.218345e-03 5.046369e-01 -8.632825e-01
      outer loop
         vertex 3.266777e-14 -1.157942e+02 2.550000e+02
         vertex -2.629586e+00 -1.080480e+02 2.595000e+02
         vertex 5.255663e+00 -1.081921e+02 2.595000e+02
      endloop
   endfacet
   facet normal 2.716319e-02 4.952247e-01 -8.683402e-01
      outer loop
         vertex 3.266777e-14 -1.157942e+02 2.550000e+02
         vertex 5.255663e+00 -1.081921e+02 2.595000e+02
         vertex 7.022263e+00 -1.161794e+02 2.550000e+02
      endloop
   endfacet
   facet normal 4.560399e-02 4.979789e-01 -8.659892e-01
      outer loop
         vertex 5.255663e+00 -1.081921e+02 2.595000e+02
         vertex 7.874727e+00 -1.084319e+02 2.595000e+02
         vertex 7.022263e+00 -1.161794e+02 2.550000e+02
      endloop
   endfacet
   facet normal 8.191568e-02 4.938154e-01 -8.656998e-01
      outer loop
         vertex 7.022263e+00 -1.161794e+02 2.550000e+02
         vertex 7.874727e+00 -1.084319e+02 2.595000e+02
         vertex 1.565497e+01 -1.097225e+02 2.595000e+02
      endloop
   endfacet
   facet normal 8.975198e-02 4.859093e-01 -8.693887e-01
      outer loop
         vertex 7.022263e+00 -1.161794e+02 2.550000e+02
         vertex 1.565497e+01 -1.097225e+02 2.595000e+02
         vertex 1.623978e+01 -1.178820e+02 2.550000e+02
      endloop
   endfacet
   facet normal 1.176252e-01 4.860321e-01 -8.659891e-01
      outer loop
         vertex 1.565497e+01 -1.097225e+02 2.595000e+02
         vertex 1.821120e+01 -1.103412e+02 2.595000e+02
         vertex 1.623978e+01 -1.178820e+02 2.550000e+02
      endloop
   endfacet
   facet normal 1.529426e-01 4.766263e-01 -8.656997e-01
      outer loop
         vertex 1.623978e+01 -1.178820e+02 2.550000e+02
         vertex 1.821120e+01 -1.103412e+02 2.595000e+02
         vertex 2.572062e+01 -1.127508e+02 2.595000e+02
      endloop
   endfacet
   facet normal 1.595445e-01 4.676631e-01 -8.693887e-01
      outer loop
         vertex 1.623978e+01 -1.178820e+02 2.550000e+02
         vertex 2.572062e+01 -1.127508e+02 2.595000e+02
         vertex 2.511118e+01 -1.209085e+02 2.550000e+02
      endloop
   endfacet
   facet normal 1.871377e-01 4.637264e-01 -8.659892e-01
      outer loop
         vertex 2.572062e+01 -1.127508e+02 2.595000e+02
         vertex 2.815954e+01 -1.137351e+02 2.595000e+02
         vertex 2.511118e+01 -1.209085e+02 2.550000e+02
      endloop
   endfacet
   facet normal 2.207102e-01 4.492781e-01 -8.656998e-01
      outer loop
         vertex 2.511118e+01 -1.209085e+02 2.550000e+02
         vertex 2.815954e+01 -1.137351e+02 2.595000e+02
         vertex 3.523808e+01 -1.172124e+02 2.595000e+02
      endloop
   endfacet
   facet normal 2.259367e-01 4.394493e-01 -8.693888e-01
      outer loop
         vertex 2.511118e+01 -1.209085e+02 2.550000e+02
         vertex 3.523808e+01 -1.172124e+02 2.595000e+02
         vertex 3.344738e+01 -1.251944e+02 2.550000e+02
      endloop
   endfacet
   facet normal 2.526633e-01 4.315367e-01 -8.659892e-01
      outer loop
         vertex 3.523808e+01 -1.172124e+02 2.595000e+02
         vertex 3.750771e+01 -1.185413e+02 2.595000e+02
         vertex 3.344738e+01 -1.251944e+02 2.550000e+02
      endloop
   endfacet
   facet normal 2.837733e-01 4.123549e-01 -8.656998e-01
      outer loop
         vertex 3.344738e+01 -1.251944e+02 2.550000e+02
         vertex 3.750771e+01 -1.185413e+02 2.595000e+02
         vertex 4.400451e+01 -1.230123e+02 2.595000e+02
      endloop
   endfacet
   facet normal 2.875130e-01 4.018696e-01 -8.693889e-01
      outer loop
         vertex 3.344738e+01 -1.251944e+02 2.550000e+02
         vertex 4.400451e+01 -1.230123e+02 2.595000e+02
         vertex 4.107070e+01 -1.306484e+02 2.550000e+02
      endloop
   endfacet
   facet normal 3.128034e-01 3.901496e-01 -8.659892e-01
      outer loop
         vertex 4.400451e+01 -1.230123e+02 2.595000e+02
         vertex 4.605646e+01 -1.246574e+02 2.595000e+02
         vertex 4.107070e+01 -1.306484e+02 2.550000e+02
      endloop
   endfacet
   facet normal 3.407885e-01 3.666429e-01 -8.656998e-01
      outer loop
         vertex 4.107070e+01 -1.306484e+02 2.550000e+02
         vertex 4.605646e+01 -1.246574e+02 2.595000e+02
         vertex 5.183305e+01 -1.300267e+02 2.595000e+02
      endloop
   endfacet
   facet normal 3.429618e-01 3.557248e-01 -8.693889e-01
      outer loop
         vertex 4.107070e+01 -1.306484e+02 2.550000e+02
         vertex 5.183305e+01 -1.300267e+02 2.595000e+02
         vertex 4.781867e+01 -1.371543e+02 2.550000e+02
      endloop
   endfacet
   facet normal 3.662761e-01 3.404475e-01 -8.659892e-01
      outer loop
         vertex 5.183305e+01 -1.300267e+02 2.595000e+02
         vertex 5.362360e+01 -1.319530e+02 2.595000e+02
         vertex 4.781867e+01 -1.371543e+02 2.550000e+02
      endloop
   endfacet
   facet normal 3.905404e-01 3.131165e-01 -8.656999e-01
      outer loop
         vertex 4.781867e+01 -1.371543e+02 2.550000e+02
         vertex 5.362360e+01 -1.319530e+02 2.595000e+02
         vertex 5.855686e+01 -1.381062e+02 2.595000e+02
      endloop
   endfacet
   facet normal 3.911009e-01 3.019980e-01 -8.693890e-01
      outer loop
         vertex 4.781867e+01 -1.371543e+02 2.550000e+02
         vertex 5.855686e+01 -1.381062e+02 2.595000e+02
         vertex 5.354747e+01 -1.445733e+02 2.550000e+02
      endloop
   endfacet
   facet normal 4.119425e-01 2.834888e-01 -8.659893e-01
      outer loop
         vertex 5.855686e+01 -1.381062e+02 2.595000e+02
         vertex 6.004784e+01 -1.402727e+02 2.595000e+02
         vertex 5.354747e+01 -1.445733e+02 2.550000e+02
      endloop
   endfacet
   facet normal 4.319688e-01 2.529162e-01 -8.656999e-01
      outer loop
         vertex 5.354747e+01 -1.445733e+02 2.550000e+02
         vertex 6.004784e+01 -1.402727e+02 2.595000e+02
         vertex 6.403264e+01 -1.470786e+02 2.595000e+02
      endloop
   endfacet
   facet normal 4.309044e-01 2.418353e-01 -8.693889e-01
      outer loop
         vertex 5.354747e+01 -1.445733e+02 2.550000e+02
         vertex 6.403264e+01 -1.470786e+02 2.595000e+02
         vertex 5.813500e+01 -1.527474e+02 2.550000e+02
      endloop
   endfacet
   facet normal 4.488280e-01 2.204899e-01 -8.659894e-01
      outer loop
         vertex 6.403264e+01 -1.470786e+02 2.595000e+02
         vertex 6.519227e+01 -1.494391e+02 2.595000e+02
         vertex 5.813500e+01 -1.527474e+02 2.550000e+02
      endloop
   endfacet
   facet normal 4.641903e-01 1.873257e-01 -8.657000e-01
      outer loop
         vertex 5.813500e+01 -1.527474e+02 2.550000e+02
         vertex 6.519227e+01 -1.494391e+02 2.595000e+02
         vertex 6.814367e+01 -1.567526e+02 2.595000e+02
      endloop
   endfacet
   facet normal 4.615239e-01 1.765180e-01 -8.693889e-01
      outer loop
         vertex 5.813500e+01 -1.527474e+02 2.550000e+02
         vertex 6.814367e+01 -1.567526e+02 2.595000e+02
         vertex 6.148348e+01 -1.615024e+02 2.550000e+02
      endloop
   endfacet
   facet normal 4.761493e-01 1.527892e-01 -8.659892e-01
      outer loop
         vertex 6.814367e+01 -1.567526e+02 2.595000e+02
         vertex 6.894724e+01 -1.592569e+02 2.595000e+02
         vertex 6.148348e+01 -1.615024e+02 2.550000e+02
      endloop
   endfacet
   facet normal 4.865186e-01 1.177432e-01 -8.656998e-01
      outer loop
         vertex 6.148348e+01 -1.615024e+02 2.550000e+02
         vertex 6.894724e+01 -1.592569e+02 2.595000e+02
         vertex 7.080233e+01 -1.669222e+02 2.595000e+02
      endloop
   endfacet
   facet normal 4.823069e-01 1.074386e-01 -8.693889e-01
      outer loop
         vertex 6.148348e+01 -1.615024e+02 2.550000e+02
         vertex 7.080233e+01 -1.669222e+02 2.595000e+02
         vertex 6.352156e+01 -1.706516e+02 2.550000e+02
      endloop
   endfacet
   facet normal 4.933216e-01 8.183305e-02 -8.659891e-01
      outer loop
         vertex 7.080233e+01 -1.669222e+02 2.595000e+02
         vertex 7.123272e+01 -1.695167e+02 2.595000e+02
         vertex 6.352156e+01 -1.706516e+02 2.550000e+02
      endloop
   endfacet
   facet normal 4.984777e-01 4.565057e-02 -8.656997e-01
      outer loop
         vertex 6.352156e+01 -1.706516e+02 2.550000e+02
         vertex 7.123272e+01 -1.695167e+02 2.595000e+02
         vertex 7.195196e+01 -1.773704e+02 2.595000e+02
      endloop
   endfacet
   facet normal 4.928105e-01 3.606904e-02 -8.693888e-01
      outer loop
         vertex 6.352156e+01 -1.706516e+02 2.550000e+02
         vertex 7.195196e+01 -1.773704e+02 2.595000e+02
         vertex 6.420577e+01 -1.800000e+02 2.550000e+02
      endloop
   endfacet
   facet normal 4.999795e-01 9.132958e-03 -8.659891e-01
      outer loop
         vertex 6.420577e+01 -1.800000e+02 2.550000e+02
         vertex 7.195196e+01 -1.773704e+02 2.595000e+02
         vertex 7.200000e+01 -1.800000e+02 2.595000e+02
      endloop
   endfacet
   facet normal 4.998125e-01 -2.741448e-02 -8.656997e-01
      outer loop
         vertex 6.420577e+01 -1.800000e+02 2.550000e+02
         vertex 7.200000e+01 -1.800000e+02 2.595000e+02
         vertex 7.156807e+01 -1.878747e+02 2.595000e+02
      endloop
   endfacet
   facet normal 8.715678e-02 -9.961946e-01 0.000000e+00
      outer loop
         vertex 1.301043e-14 -2.175000e+02 2.550000e+02
         vertex 6.511807e+00 -2.169303e+02 2.505000e+02
         vertex 6.511807e+00 -2.169303e+02 2.550000e+02
      endloop
   endfacet
   facet normal 2.588191e-01 -9.659258e-01 0.000000e+00
      outer loop
         vertex 6.511807e+00 -2.169303e+02 2.550000e+02
         vertex 6.511807e+00 -2.169303e+02 2.505000e+02
         vertex 1.282576e+01 -2.152385e+02 2.505000e+02
      endloop
   endfacet
   facet normal 2.588191e-01 -9.659258e-01 0.000000e+00
      outer loop
         vertex 6.511807e+00 -2.169303e+02 2.550000e+02
         vertex 1.282576e+01 -2.152385e+02 2.505000e+02
         vertex 1.282576e+01 -2.152385e+02 2.550000e+02
      endloop
   endfacet
   facet normal 4.226171e-01 -9.063083e-01 0.000000e+00
      outer loop
         vertex 1.282576e+01 -2.152385e+02 2.550000e+02
         vertex 1.282576e+01 -2.152385e+02 2.505000e+02
         vertex 1.875000e+01 -2.124760e+02 2.505000e+02
      endloop
   endfacet
   facet normal 4.226171e-01 -9.063083e-01 0.000000e+00
      outer loop
         vertex 1.282576e+01 -2.152385e+02 2.550000e+02
         vertex 1.875000e+01 -2.124760e+02 2.505000e+02
         vertex 1.875000e+01 -2.124760e+02 2.550000e+02
      endloop
   endfacet
   facet normal 5.735775e-01 -8.191513e-01 0.000000e+00
      outer loop
         vertex 1.875000e+01 -2.124760e+02 2.550000e+02
         vertex 1.875000e+01 -2.124760e+02 2.505000e+02
         vertex 2.410454e+01 -2.087267e+02 2.505000e+02
      endloop
   endfacet
   facet normal 5.735775e-01 -8.191513e-01 0.000000e+00
      outer loop
         vertex 1.875000e+01 -2.124760e+02 2.550000e+02
         vertex 2.410454e+01 -2.087267e+02 2.505000e+02
         vertex 2.410454e+01 -2.087267e+02 2.550000e+02
      endloop
   endfacet
   facet normal 7.071056e-01 -7.071079e-01 0.000000e+00
      outer loop
         vertex 2.410454e+01 -2.087267e+02 2.550000e+02
         vertex 2.410454e+01 -2.087267e+02 2.505000e+02
         vertex 2.872667e+01 -2.041045e+02 2.505000e+02
      endloop
   endfacet
   facet normal 7.071056e-01 -7.071079e-01 0.000000e+00
      outer loop
         vertex 2.410454e+01 -2.087267e+02 2.550000e+02
         vertex 2.872667e+01 -2.041045e+02 2.505000e+02
         vertex 2.872667e+01 -2.041045e+02 2.550000e+02
      endloop
   endfacet
   facet normal 8.191523e-01 -5.735761e-01 0.000000e+00
      outer loop
         vertex 2.872667e+01 -2.041045e+02 2.550000e+02
         vertex 2.872667e+01 -2.041045e+02 2.505000e+02
         vertex 3.247595e+01 -1.987500e+02 2.505000e+02
      endloop
   endfacet
   facet normal 8.191523e-01 -5.735761e-01 0.000000e+00
      outer loop
         vertex 2.872667e+01 -2.041045e+02 2.550000e+02
         vertex 3.247595e+01 -1.987500e+02 2.505000e+02
         vertex 3.247595e+01 -1.987500e+02 2.550000e+02
      endloop
   endfacet
   facet normal 9.063079e-01 -4.226179e-01 0.000000e+00
      outer loop
         vertex 3.247595e+01 -1.987500e+02 2.550000e+02
         vertex 3.247595e+01 -1.987500e+02 2.505000e+02
         vertex 3.523847e+01 -1.928257e+02 2.505000e+02
      endloop
   endfacet
   facet normal 9.063079e-01 -4.226179e-01 0.000000e+00
      outer loop
         vertex 3.247595e+01 -1.987500e+02 2.550000e+02
         vertex 3.523847e+01 -1.928257e+02 2.505000e+02
         vertex 3.523847e+01 -1.928257e+02 2.550000e+02
      endloop
   endfacet
   facet normal 9.659260e-01 -2.588186e-01 0.000000e+00
      outer loop
         vertex 3.523847e+01 -1.928257e+02 2.550000e+02
         vertex 3.523847e+01 -1.928257e+02 2.505000e+02
         vertex 3.693029e+01 -1.865118e+02 2.505000e+02
      endloop
   endfacet
   facet normal 9.659260e-01 -2.588186e-01 0.000000e+00
      outer loop
         vertex 3.523847e+01 -1.928257e+02 2.550000e+02
         vertex 3.693029e+01 -1.865118e+02 2.505000e+02
         vertex 3.693029e+01 -1.865118e+02 2.550000e+02
      endloop
   endfacet
   facet normal 9.961946e-01 -8.715640e-02 0.000000e+00
      outer loop
         vertex 3.693029e+01 -1.865118e+02 2.550000e+02
         vertex 3.693029e+01 -1.865118e+02 2.505000e+02
         vertex 3.750000e+01 -1.800000e+02 2.505000e+02
      endloop
   endfacet
   facet normal 9.961946e-01 -8.715640e-02 0.000000e+00
      outer loop
         vertex 3.693029e+01 -1.865118e+02 2.550000e+02
         vertex 3.750000e+01 -1.800000e+02 2.505000e+02
         vertex 3.750000e+01 -1.800000e+02 2.550000e+02
      endloop
   endfacet
   facet normal 9.961947e-01 8.715620e-02 0.000000e+00
      outer loop
         vertex 3.750000e+01 -1.800000e+02 2.550000e+02
         vertex 3.750000e+01 -1.800000e+02 2.505000e+02
         vertex 3.693029e+01 -1.734882e+02 2.505000e+02
      endloop
   endfacet
   facet normal 9.961947e-01 8.715620e-02 0.000000e+00
      outer loop
         vertex 3.750000e+01 -1.800000e+02 2.550000e+02
         vertex 3.693029e+01 -1.734882e+02 2.505000e+02
         vertex 3.693029e+01 -1.734882e+02 2.550000e+02
      endloop
   endfacet
   facet normal 9.659260e-01 2.588186e-01 0.000000e+00
      outer loop
         vertex 3.693029e+01 -1.734882e+02 2.550000e+02
         vertex 3.693029e+01 -1.734882e+02 2.505000e+02
         vertex 3.523847e+01 -1.671742e+02 2.505000e+02
      endloop
   endfacet
   facet normal 9.659260e-01 2.588186e-01 0.000000e+00
      outer loop
         vertex 3.693029e+01 -1.734882e+02 2.550000e+02
         vertex 3.523847e+01 -1.671742e+02 2.505000e+02
         vertex 3.523847e+01 -1.671742e+02 2.550000e+02
      endloop
   endfacet
   facet normal 9.063079e-01 4.226179e-01 0.000000e+00
      outer loop
         vertex 3.523847e+01 -1.671742e+02 2.550000e+02
         vertex 3.523847e+01 -1.671742e+02 2.505000e+02
         vertex 3.247595e+01 -1.612500e+02 2.505000e+02
      endloop
   endfacet
   facet normal 9.063079e-01 4.226179e-01 0.000000e+00
      outer loop
         vertex 3.523847e+01 -1.671742e+02 2.550000e+02
         vertex 3.247595e+01 -1.612500e+02 2.505000e+02
         vertex 3.247595e+01 -1.612500e+02 2.550000e+02
      endloop
   endfacet
   facet normal 8.191515e-01 5.735772e-01 0.000000e+00
      outer loop
         vertex 3.247595e+01 -1.612500e+02 2.550000e+02
         vertex 3.247595e+01 -1.612500e+02 2.505000e+02
         vertex 2.872667e+01 -1.558955e+02 2.505000e+02
      endloop
   endfacet
   facet normal 8.191515e-01 5.735772e-01 0.000000e+00
      outer loop
         vertex 3.247595e+01 -1.612500e+02 2.550000e+02
         vertex 2.872667e+01 -1.558955e+02 2.505000e+02
         vertex 2.872667e+01 -1.558955e+02 2.550000e+02
      endloop
   endfacet
   facet normal 7.071068e-01 7.071068e-01 0.000000e+00
      outer loop
         vertex 2.872667e+01 -1.558955e+02 2.550000e+02
         vertex 2.872667e+01 -1.558955e+02 2.505000e+02
         vertex 2.410454e+01 -1.512733e+02 2.505000e+02
      endloop
   endfacet
   facet normal 7.071068e-01 7.071068e-01 0.000000e+00
      outer loop
         vertex 2.872667e+01 -1.558955e+02 2.550000e+02
         vertex 2.410454e+01 -1.512733e+02 2.505000e+02
         vertex 2.410454e+01 -1.512733e+02 2.550000e+02
      endloop
   endfacet
   facet normal 5.735775e-01 8.191513e-01 0.000000e+00
      outer loop
         vertex 2.410454e+01 -1.512733e+02 2.550000e+02
         vertex 2.410454e+01 -1.512733e+02 2.505000e+02
         vertex 1.875000e+01 -1.475240e+02 2.505000e+02
      endloop
   endfacet
   facet normal 5.735775e-01 8.191513e-01 0.000000e+00
      outer loop
         vertex 2.410454e+01 -1.512733e+02 2.550000e+02
         vertex 1.875000e+01 -1.475240e+02 2.505000e+02
         vertex 1.875000e+01 -1.475240e+02 2.550000e+02
      endloop
   endfacet
   facet normal 4.226171e-01 9.063083e-01 0.000000e+00
      outer loop
         vertex 1.875000e+01 -1.475240e+02 2.550000e+02
         vertex 1.875000e+01 -1.475240e+02 2.505000e+02
         vertex 1.282576e+01 -1.447615e+02 2.505000e+02
      endloop
   endfacet
   facet normal 4.226171e-01 9.063083e-01 0.000000e+00
      outer loop
         vertex 1.875000e+01 -1.475240e+02 2.550000e+02
         vertex 1.282576e+01 -1.447615e+02 2.505000e+02
         vertex 1.282576e+01 -1.447615e+02 2.550000e+02
      endloop
   endfacet
   facet normal 2.588191e-01 9.659258e-01 0.000000e+00
      outer loop
         vertex 1.282576e+01 -1.447615e+02 2.550000e+02
         vertex 1.282576e+01 -1.447615e+02 2.505000e+02
         vertex 6.511807e+00 -1.430697e+02 2.505000e+02
      endloop
   endfacet
   facet normal 2.588191e-01 9.659258e-01 0.000000e+00
      outer loop
         vertex 1.282576e+01 -1.447615e+02 2.550000e+02
         vertex 6.511807e+00 -1.430697e+02 2.505000e+02
         vertex 6.511807e+00 -1.430697e+02 2.550000e+02
      endloop
   endfacet
   facet normal 8.715678e-02 9.961946e-01 0.000000e+00
      outer loop
         vertex 6.511807e+00 -1.430697e+02 2.550000e+02
         vertex 6.511807e+00 -1.430697e+02 2.505000e+02
         vertex 1.760285e-14 -1.425000e+02 2.505000e+02
      endloop
   endfacet
   facet normal 8.715678e-02 9.961946e-01 0.000000e+00
      outer loop
         vertex 6.511807e+00 -1.430697e+02 2.550000e+02
         vertex 1.760285e-14 -1.425000e+02 2.505000e+02
         vertex 1.760285e-14 -1.425000e+02 2.550000e+02
      endloop
   endfacet
   facet normal -8.715678e-02 9.961946e-01 0.000000e+00
      outer loop
         vertex 1.760285e-14 -1.425000e+02 2.550000e+02
         vertex 1.760285e-14 -1.425000e+02 2.505000e+02
         vertex -6.511807e+00 -1.430697e+02 2.505000e+02
      endloop
   endfacet
   facet normal -8.715678e-02 9.961946e-01 0.000000e+00
      outer loop
         vertex 1.760285e-14 -1.425000e+02 2.550000e+02
         vertex -6.511807e+00 -1.430697e+02 2.505000e+02
         vertex -6.511807e+00 -1.430697e+02 2.550000e+02
      endloop
   endfacet
   facet normal -2.588191e-01 9.659258e-01 0.000000e+00
      outer loop
         vertex -6.511807e+00 -1.430697e+02 2.550000e+02
         vertex -6.511807e+00 -1.430697e+02 2.505000e+02
         vertex -1.282576e+01 -1.447615e+02 2.505000e+02
      endloop
   endfacet
   facet normal -2.588191e-01 9.659258e-01 0.000000e+00
      outer loop
         vertex -6.511807e+00 -1.430697e+02 2.550000e+02
         vertex -1.282576e+01 -1.447615e+02 2.505000e+02
         vertex -1.282576e+01 -1.447615e+02 2.550000e+02
      endloop
   endfacet
   facet normal -4.226171e-01 9.063083e-01 0.000000e+00
      outer loop
         vertex -1.282576e+01 -1.447615e+02 2.550000e+02
         vertex -1.282576e+01 -1.447615e+02 2.505000e+02
         vertex -1.875000e+01 -1.475240e+02 2.505000e+02
      endloop
   endfacet
   facet normal -4.226171e-01 9.063083e-01 0.000000e+00
      outer loop
         vertex -1.282576e+01 -1.447615e+02 2.550000e+02
         vertex -1.875000e+01 -1.475240e+02 2.505000e+02
         vertex -1.875000e+01 -1.475240e+02 2.550000e+02
      endloop
   endfacet
   facet normal -5.735775e-01 8.191513e-01 0.000000e+00
      outer loop
         vertex -1.875000e+01 -1.475240e+02 2.550000e+02
         vertex -1.875000e+01 -1.475240e+02 2.505000e+02
         vertex -2.410454e+01 -1.512733e+02 2.505000e+02
      endloop
   endfacet
   facet normal -5.735775e-01 8.191513e-01 0.000000e+00
      outer loop
         vertex -1.875000e+01 -1.475240e+02 2.550000e+02
         vertex -2.410454e+01 -1.512733e+02 2.505000e+02
         vertex -2.410454e+01 -1.512733e+02 2.550000e+02
      endloop
   endfacet
   facet normal -7.071068e-01 7.071068e-01 0.000000e+00
      outer loop
         vertex -2.410454e+01 -1.512733e+02 2.550000e+02
         vertex -2.410454e+01 -1.512733e+02 2.505000e+02
         vertex -2.872667e+01 -1.558955e+02 2.505000e+02
      endloop
   endfacet
   facet normal -7.071068e-01 7.071068e-01 0.000000e+00
      outer loop
         vertex -2.410454e+01 -1.512733e+02 2.550000e+02
         vertex -2.872667e+01 -1.558955e+02 2.505000e+02
         vertex -2.872667e+01 -1.558955e+02 2.550000e+02
      endloop
   endfacet
   facet normal -8.191515e-01 5.735772e-01 0.000000e+00
      outer loop
         vertex -2.872667e+01 -1.558955e+02 2.550000e+02
         vertex -2.872667e+01 -1.558955e+02 2.505000e+02
         vertex -3.247595e+01 -1.612500e+02 2.505000e+02
      endloop
   endfacet
   facet normal -8.191515e-01 5.735772e-01 0.000000e+00
      outer loop
         vertex -2.872667e+01 -1.558955e+02 2.550000e+02
         vertex -3.247595e+01 -1.612500e+02 2.505000e+02
         vertex -3.247595e+01 -1.612500e+02 2.550000e+02
      endloop
   endfacet
   facet normal -9.063079e-01 4.226179e-01 0.000000e+00
      outer loop
         vertex -3.247595e+01 -1.612500e+02 2.550000e+02
         vertex -3.247595e+01 -1.612500e+02 2.505000e+02
         vertex -3.523847e+01 -1.671742e+02 2.505000e+02
      endloop
   endfacet
   facet normal -9.063079e-01 4.226179e-01 0.000000e+00
      outer loop
         vertex -3.247595e+01 -1.612500e+02 2.550000e+02
         vertex -3.523847e+01 -1.671742e+02 2.505000e+02
         vertex -3.523847e+01 -1.671742e+02 2.550000e+02
      endloop
   endfacet
   facet normal -9.659260e-01 2.588186e-01 0.000000e+00
      outer loop
         vertex -3.523847e+01 -1.671742e+02 2.550000e+02
         vertex -3.523847e+01 -1.671742e+02 2.505000e+02
         vertex -3.693029e+01 -1.734882e+02 2.505000e+02
      endloop
   endfacet
   facet normal -9.659260e-01 2.588186e-01 0.000000e+00
      outer loop
         vertex -3.523847e+01 -1.671742e+02 2.550000e+02
         vertex -3.693029e+01 -1.734882e+02 2.505000e+02
         vertex -3.693029e+01 -1.734882e+02 2.550000e+02
      endloop
   endfacet
   facet normal -9.961947e-01 8.715620e-02 0.000000e+00
      outer loop
         vertex -3.693029e+01 -1.734882e+02 2.550000e+02
         vertex -3.693029e+01 -1.734882e+02 2.505000e+02
         vertex -3.750000e+01 -1.800000e+02 2.505000e+02
      endloop
   endfacet
   facet normal -9.961947e-01 8.715620e-02 0.000000e+00
      outer loop
         vertex -3.693029e+01 -1.734882e+02 2.550000e+02
         vertex -3.750000e+01 -1.800000e+02 2.505000e+02
         vertex -3.750000e+01 -1.800000e+02 2.550000e+02
      endloop
   endfacet
   facet normal -9.961946e-01 -8.715640e-02 -0.000000e+00
      outer loop
         vertex -3.750000e+01 -1.800000e+02 2.550000e+02
         vertex -3.750000e+01 -1.800000e+02 2.505000e+02
         vertex -3.693029e+01 -1.865118e+02 2.505000e+02
      endloop
   endfacet
   facet normal -9.961946e-01 -8.715640e-02 0.000000e+00
      outer loop
         vertex -3.750000e+01 -1.800000e+02 2.550000e+02
         vertex -3.693029e+01 -1.865118e+02 2.505000e+02
         vertex -3.693029e+01 -1.865118e+02 2.550000e+02
      endloop
   endfacet
   facet normal -9.659260e-01 -2.588186e-01 -0.000000e+00
      outer loop
         vertex -3.693029e+01 -1.865118e+02 2.550000e+02
         vertex -3.693029e+01 -1.865118e+02 2.505000e+02
         vertex -3.523847e+01 -1.928257e+02 2.505000e+02
      endloop
   endfacet
   facet normal -9.659260e-01 -2.588186e-01 0.000000e+00
      outer loop
         vertex -3.693029e+01 -1.865118e+02 2.550000e+02
         vertex -3.523847e+01 -1.928257e+02 2.505000e+02
         vertex -3.523847e+01 -1.928257e+02 2.550000e+02
      endloop
   endfacet
   facet normal -9.063079e-01 -4.226179e-01 -0.000000e+00
      outer loop
         vertex -3.523847e+01 -1.928257e+02 2.550000e+02
         vertex -3.523847e+01 -1.928257e+02 2.505000e+02
         vertex -3.247595e+01 -1.987500e+02 2.505000e+02
      endloop
   endfacet
   facet normal -9.063079e-01 -4.226179e-01 0.000000e+00
      outer loop
         vertex -3.523847e+01 -1.928257e+02 2.550000e+02
         vertex -3.247595e+01 -1.987500e+02 2.505000e+02
         vertex -3.247595e+01 -1.987500e+02 2.550000e+02
      endloop
   endfacet
   facet normal -8.191523e-01 -5.735761e-01 -0.000000e+00
      outer loop
         vertex -3.247595e+01 -1.987500e+02 2.550000e+02
         vertex -3.247595e+01 -1.987500e+02 2.505000e+02
         vertex -2.872667e+01 -2.041045e+02 2.505000e+02
      endloop
   endfacet
   facet normal -8.191523e-01 -5.735761e-01 0.000000e+00
      outer loop
         vertex -3.247595e+01 -1.987500e+02 2.550000e+02
         vertex -2.872667e+01 -2.041045e+02 2.505000e+02
         vertex -2.872667e+01 -2.041045e+02 2.550000e+02
      endloop
   endfacet
   facet normal -7.071056e-01 -7.071079e-01 -0.000000e+00
      outer loop
         vertex -2.872667e+01 -2.041045e+02 2.550000e+02
         vertex -2.872667e+01 -2.041045e+02 2.505000e+02
         vertex -2.410454e+01 -2.087267e+02 2.505000e+02
      endloop
   endfacet
   facet normal -7.071056e-01 -7.071079e-01 0.000000e+00
      outer loop
         vertex -2.872667e+01 -2.041045e+02 2.550000e+02
         vertex -2.410454e+01 -2.087267e+02 2.505000e+02
         vertex -2.410454e+01 -2.087267e+02 2.550000e+02
      endloop
   endfacet
   facet normal -5.735775e-01 -8.191513e-01 -0.000000e+00
      outer loop
         vertex -2.410454e+01 -2.087267e+02 2.550000e+02
         vertex -2.410454e+01 -2.087267e+02 2.505000e+02
         vertex -1.875000e+01 -2.124760e+02 2.505000e+02
      endloop
   endfacet
   facet normal -5.735775e-01 -8.191513e-01 0.000000e+00
      outer loop
         vertex -2.410454e+01 -2.087267e+02 2.550000e+02
         vertex -1.875000e+01 -2.124760e+02 2.505000e+02
         vertex -1.875000e+01 -2.124760e+02 2.550000e+02
      endloop
   endfacet
   facet normal -4.226171e-01 -9.063083e-01 -0.000000e+00
      outer loop
         vertex -1.875000e+01 -2.124760e+02 2.550000e+02
         vertex -1.875000e+01 -2.124760e+02 2.505000e+02
         vertex -1.282576e+01 -2.152385e+02 2.505000e+02
      endloop
   endfacet
   facet normal -4.226171e-01 -9.063083e-01 0.000000e+00
      outer loop
         vertex -1.875000e+01 -2.124760e+02 2.550000e+02
         vertex -1.282576e+01 -2.152385e+02 2.505000e+02
         vertex -1.282576e+01 -2.152385e+02 2.550000e+02
      endloop
   endfacet
   facet normal -2.588191e-01 -9.659258e-01 -0.000000e+00
      outer loop
         vertex -1.282576e+01 -2.152385e+02 2.550000e+02
         vertex -1.282576e+01 -2.152385e+02 2.505000e+02
         vertex -6.511807e+00 -2.169303e+02 2.505000e+02
      endloop
   endfacet
   facet normal -2.588191e-01 -9.659258e-01 0.000000e+00
      outer loop
         vertex -1.282576e+01 -2.152385e+02 2.550000e+02
         vertex -6.511807e+00 -2.169303e+02 2.505000e+02
         vertex -6.511807e+00 -2.169303e+02 2.550000e+02
      endloop
   endfacet
   facet normal -8.715678e-02 -9.961946e-01 -0.000000e+00
      outer loop
         vertex -6.511807e+00 -2.169303e+02 2.550000e+02
         vertex -6.511807e+00 -2.169303e+02 2.505000e+02
         vertex 1.301043e-14 -2.175000e+02 2.505000e+02
      endloop
   endfacet
   facet normal -8.715678e-02 -9.961946e-01 0.000000e+00
      outer loop
         vertex -6.511807e+00 -2.169303e+02 2.550000e+02
         vertex 1.301043e-14 -2.175000e+02 2.505000e+02
         vertex 1.301043e-14 -2.175000e+02 2.550000e+02
      endloop
   endfacet
   facet normal 8.715678e-02 -9.961946e-01 0.000000e+00
      outer loop
         vertex 1.301043e-14 -2.175000e+02 2.550000e+02
         vertex 1.301043e-14 -2.175000e+02 2.505000e+02
         vertex 6.511807e+00 -2.169303e+02 2.505000e+02
      endloop
   endfacet
   facet normal 0.000000e+00 0.000000e+00 -1.000000e+00
      outer loop
         vertex 1.902878e+01 -1.730741e+02 2.505000e+02
         vertex 3.523847e+01 -1.671742e+02 2.505000e+02
         vertex 1.994236e+01 -1.764836e+02 2.505000e+02
      endloop
   endfacet
   facet normal 0.000000e+00 0.000000e+00 -1.000000e+00
      outer loop
         vertex 1.994236e+01 -1.764836e+02 2.505000e+02
         vertex 3.523847e+01 -1.671742e+02 2.505000e+02
         vertex 3.693029e+01 -1.734882e+02 2.505000e+02
      endloop
   endfacet
   facet normal 0.000000e+00 0.000000e+00 -1.000000e+00
      outer loop
         vertex 1.994236e+01 -1.764836e+02 2.505000e+02
         vertex 3.693029e+01 -1.734882e+02 2.505000e+02
         vertex 2.025000e+01 -1.800000e+02 2.505000e+02
      endloop
   endfacet
   facet normal 0.000000e+00 0.000000e+00 -1.000000e+00
      outer loop
         vertex 2.025000e+01 -1.800000e+02 2.505000e+02
         vertex 3.693029e+01 -1.734882e+02 2.505000e+02
         vertex 3.750000e+01 -1.800000e+02 2.505000e+02
      endloop
   endfacet
   facet normal 0.000000e+00 -0.000000e+00 -1.000000e+00
      outer loop
         vertex 2.025000e+01 -1.800000e+02 2.505000e+02
         vertex 3.750000e+01 -1.800000e+02 2.505000e+02
         vertex 1.994236e+01 -1.835164e+02 2.505000e+02
      endloop
   endfacet
   facet normal 0.000000e+00 0.000000e+00 -1.000000e+00
      outer loop
         vertex 1.994236e+01 -1.835164e+02 2.505000e+02
         vertex 3.750000e+01 -1.800000e+02 2.505000e+02
         vertex 3.693029e+01 -1.865118e+02 2.505000e+02
      endloop
   endfacet
   facet normal 0.000000e+00 -0.000000e+00 -1.000000e+00
      outer loop
         vertex 1.994236e+01 -1.835164e+02 2.505000e+02
         vertex 3.693029e+01 -1.865118e+02 2.505000e+02
         vertex 1.902878e+01 -1.869259e+02 2.505000e+02
      endloop
   endfacet
   facet normal 0.000000e+00 0.000000e+00 -1.000000e+00
      outer loop
         vertex 1.902878e+01 -1.869259e+02 2.505000e+02
         vertex 3.693029e+01 -1.865118e+02 2.505000e+02
         vertex 3.523847e+01 -1.928257e+02 2.505000e+02
      endloop
   endfacet
   facet normal 0.000000e+00 -0.000000e+00 -1.000000e+00
      outer loop
         vertex 1.902878e+01 -1.869259e+02 2.505000e+02
         vertex 3.523847e+01 -1.928257e+02 2.505000e+02
         vertex 1.753701e+01 -1.901250e+02 2.505000e+02
      endloop
   endfacet
   facet normal 0.000000e+00 0.000000e+00 -1.000000e+00
      outer loop
         vertex 1.753701e+01 -1.901250e+02 2.505000e+02
         vertex 3.523847e+01 -1.928257e+02 2.505000e+02
         vertex 3.247595e+01 -1.987500e+02 2.505000e+02
      endloop
   endfacet
   facet normal 0.000000e+00 -0.000000e+00 -1.000000e+00
      outer loop
         vertex 1.753701e+01 -1.901250e+02 2.505000e+02
         vertex 3.247595e+01 -1.987500e+02 2.505000e+02
         vertex 1.551240e+01 -1.930165e+02 2.505000e+02
      endloop
   endfacet
   facet normal 0.000000e+00 0.000000e+00 -1.000000e+00
      outer loop
         vertex 1.551240e+01 -1.930165e+02 2.505000e+02
         vertex 3.247595e+01 -1.987500e+02 2.505000e+02
         vertex 2.872667e+01 -2.041045e+02 2.505000e+02
      endloop
   endfacet
   facet normal 0.000000e+00 -0.000000e+00 -1.000000e+00
      outer loop
         vertex 1.551240e+01 -1.930165e+02 2.505000e+02
         vertex 2.872667e+01 -2.041045e+02 2.505000e+02
         vertex 1.301645e+01 -1.955124e+02 2.505000e+02
      endloop
   endfacet
   facet normal 0.000000e+00 0.000000e+00 -1.000000e+00
      outer loop
         vertex 1.301645e+01 -1.955124e+02 2.505000e+02
         vertex 2.872667e+01 -2.041045e+02 2.505000e+02
         vertex 2.410454e+01 -2.087267e+02 2.505000e+02
      endloop
   endfacet
   facet normal 0.000000e+00 -0.000000e+00 -1.000000e+00
      outer loop
         vertex 1.301645e+01 -1.955124e+02 2.505000e+02
         vertex 2.410454e+01 -2.087267e+02 2.505000e+02
         vertex 1.012500e+01 -1.975370e+02 2.505000e+02
      endloop
   endfacet
   facet normal 0.000000e+00 0.000000e+00 -1.000000e+00
      outer loop
         vertex 1.012500e+01 -1.975370e+02 2.505000e+02
         vertex 2.410454e+01 -2.087267e+02 2.505000e+02
         vertex 1.875000e+01 -2.124760e+02 2.505000e+02
      endloop
   endfacet
   facet normal 0.000000e+00 -0.000000e+00 -1.000000e+00
      outer loop
         vertex 1.012500e+01 -1.975370e+02 2.505000e+02
         vertex 1.875000e+01 -2.124760e+02 2.505000e+02
         vertex 6.925908e+00 -1.990288e+02 2.505000e+02
      endloop
   endfacet
   facet normal 0.000000e+00 0.000000e+00 -1.000000e+00
      outer loop
         vertex 6.925908e+00 -1.990288e+02 2.505000e+02
         vertex 1.875000e+01 -2.124760e+02 2.505000e+02
         vertex 1.282576e+01 -2.152385e+02 2.505000e+02
      endloop
   endfacet
   facet normal 0.000000e+00 -0.000000e+00 -1.000000e+00
      outer loop
         vertex 6.925908e+00 -1.990288e+02 2.505000e+02
         vertex 1.282576e+01 -2.152385e+02 2.505000e+02
         vertex 3.516376e+00 -1.999424e+02 2.505000e+02
      endloop
   endfacet
   facet normal 0.000000e+00 0.000000e+00 -1.000000e+00
      outer loop
         vertex 3.516376e+00 -1.999424e+02 2.505000e+02
         vertex 1.282576e+01 -2.152385e+02 2.505000e+02
         vertex 6.511807e+00 -2.169303e+02 2.505000e+02
      endloop
   endfacet
   facet normal 0.000000e+00 -0.000000e+00 -1.000000e+00
      outer loop
         vertex 3.516376e+00 -1.999424e+02 2.505000e+02
         vertex 6.511807e+00 -2.169303e+02 2.505000e+02
         vertex 1.549034e-14 -2.002500e+02 2.505000e+02
      endloop
   endfacet
   facet normal 0.000000e+00 -0.000000e+00 -1.000000e+00
      outer loop
         vertex 1.549034e-14 -2.002500e+02 2.505000e+02
         vertex 6.511807e+00 -2.169303e+02 2.505000e+02
         vertex 1.301043e-14 -2.175000e+02 2.505000e+02
      endloop
   endfacet
   facet normal -0.000000e+00 0.000000e+00 -1.000000e+00
      outer loop
         vertex 1.549034e-14 -2.002500e+02 2.505000e+02
         vertex 1.301043e-14 -2.175000e+02 2.505000e+02
         vertex -3.516376e+00 -1.999424e+02 2.505000e+02
      endloop
   endfacet
   facet normal 0.000000e+00 -0.000000e+00 -1.000000e+00
      outer loop
         vertex -3.516376e+00 -1.999424e+02 2.505000e+02
         vertex 1.301043e-14 -2.175000e+02 2.505000e+02
         vertex -6.511807e+00 -2.169303e+02 2.505000e+02
      endloop
   endfacet
   facet normal -0.000000e+00 0.000000e+00 -1.000000e+00
      outer loop
         vertex -3.516376e+00 -1.999424e+02 2.505000e+02
         vertex -6.511807e+00 -2.169303e+02 2.505000e+02
         vertex -6.925908e+00 -1.990288e+02 2.505000e+02
      endloop
   endfacet
   facet normal 0.000000e+00 -0.000000e+00 -1.000000e+00
      outer loop
         vertex -6.925908e+00 -1.990288e+02 2.505000e+02
         vertex -6.511807e+00 -2.169303e+02 2.505000e+02
         vertex -1.282576e+01 -2.152385e+02 2.505000e+02
      endloop
   endfacet
   facet normal -0.000000e+00 0.000000e+00 -1.000000e+00
      outer loop
         vertex -6.925908e+00 -1.990288e+02 2.505000e+02
         vertex -1.282576e+01 -2.152385e+02 2.505000e+02
         vertex -1.012500e+01 -1.975370e+02 2.505000e+02
      endloop
   endfacet
   facet normal 0.000000e+00 0.000000e+00 -1.000000e+00
      outer loop
         vertex -1.012500e+01 -1.975370e+02 2.505000e+02
         vertex -1.282576e+01 -2.152385e+02 2.505000e+02
         vertex -1.875000e+01 -2.124760e+02 2.505000e+02
      endloop
   endfacet
   facet normal -0.000000e+00 0.000000e+00 -1.000000e+00
      outer loop
         vertex -1.012500e+01 -1.975370e+02 2.505000e+02
         vertex -1.875000e+01 -2.124760e+02 2.505000e+02
         vertex -1.301645e+01 -1.955124e+02 2.505000e+02
      endloop
   endfacet
   facet normal 0.000000e+00 0.000000e+00 -1.000000e+00
      outer loop
         vertex -1.301645e+01 -1.955124e+02 2.505000e+02
         vertex -1.875000e+01 -2.124760e+02 2.505000e+02
         vertex -2.410454e+01 -2.087267e+02 2.505000e+02
      endloop
   endfacet
   facet normal -0.000000e+00 0.000000e+00 -1.000000e+00
      outer loop
         vertex -1.301645e+01 -1.955124e+02 2.505000e+02
         vertex -2.410454e+01 -2.087267e+02 2.505000e+02
         vertex -1.551240e+01 -1.930165e+02 2.505000e+02
      endloop
   endfacet
   facet normal 0.000000e+00 0.000000e+00 -1.000000e+00
      outer loop
         vertex -1.551240e+01 -1.930165e+02 2.505000e+02
         vertex -2.410454e+01 -2.087267e+02 2.505000e+02
         vertex -2.872667e+01 -2.041045e+02 2.505000e+02
      endloop
   endfacet
   facet normal -0.000000e+00 0.000000e+00 -1.000000e+00
      outer loop
         vertex -1.551240e+01 -1.930165e+02 2.505000e+02
         vertex -2.872667e+01 -2.041045e+02 2.505000e+02
         vertex -1.753701e+01 -1.901250e+02 2.505000e+02
      endloop
   endfacet
   facet normal 0.000000e+00 0.000000e+00 -1.000000e+00
      outer loop
         vertex -1.753701e+01 -1.901250e+02 2.505000e+02
         vertex -2.872667e+01 -2.041045e+02 2.505000e+02
         vertex -3.247595e+01 -1.987500e+02 2.505000e+02
      endloop
   endfacet
   facet normal -0.000000e+00 0.000000e+00 -1.000000e+00
      outer loop
         vertex -1.753701e+01 -1.901250e+02 2.505000e+02
         vertex -3.247595e+01 -1.987500e+02 2.505000e+02
         vertex -1.902878e+01 -1.869259e+02 2.505000e+02
      endloop
   endfacet
   facet normal 0.000000e+00 0.000000e+00 -1.000000e+00
      outer loop
         vertex -1.902878e+01 -1.869259e+02 2.505000e+02
         vertex -3.247595e+01 -1.987500e+02 2.505000e+02
         vertex -3.523847e+01 -1.928257e+02 2.505000e+02
      endloop
   endfacet
   facet normal -0.000000e+00 0.000000e+00 -1.000000e+00
      outer loop
         vertex -1.902878e+01 -1.869259e+02 2.505000e+02
         vertex -3.523847e+01 -1.928257e+02 2.505000e+02
         vertex -1.994236e+01 -1.835164e+02 2.505000e+02
      endloop
   endfacet
   facet normal 0.000000e+00 0.000000e+00 -1.000000e+00
      outer loop
         vertex -1.994236e+01 -1.835164e+02 2.505000e+02
         vertex -3.523847e+01 -1.928257e+02 2.505000e+02
         vertex -3.693029e+01 -1.865118e+02 2.505000e+02
      endloop
   endfacet
   facet normal -0.000000e+00 0.000000e+00 -1.000000e+00
      outer loop
         vertex -1.994236e+01 -1.835164e+02 2.505000e+02
         vertex -3.693029e+01 -1.865118e+02 2.505000e+02
         vertex -2.025000e+01 -1.800000e+02 2.505000e+02
      endloop
   endfacet
   facet normal -0.000000e+00 0.000000e+00 -1.000000e+00
      outer loop
         vertex -2.025000e+01 -1.800000e+02 2.505000e+02
         vertex -3.693029e+01 -1.865118e+02 2.505000e+02
         vertex -3.750000e+01 -1.800000e+02 2.505000e+02
      endloop
   endfacet
   facet normal 0.000000e+00 0.000000e+00 -1.000000e+00
      outer loop
         vertex -2.025000e+01 -1.800000e+02 2.505000e+02
         vertex -3.750000e+01 -1.800000e+02 2.505000e+02
         vertex -1.994236e+01 -1.764836e+02 2.505000e+02
      endloop
   endfacet
   facet normal -0.000000e+00 0.000000e+00 -1.000000e+00
      outer loop
         vertex -1.994236e+01 -1.764836e+02 2.505000e+02
         vertex -3.750000e+01 -1.800000e+02 2.505000e+02
         vertex -3.693029e+01 -1.734882e+02 2.505000e+02
      endloop
   endfacet
   facet normal 0.000000e+00 0.000000e+00 -1.000000e+00
      outer loop
         vertex -1.994236e+01 -1.764836e+02 2.505000e+02
         vertex -3.693029e+01 -1.734882e+02 2.505000e+02
         vertex -1.902878e+01 -1.730741e+02 2.505000e+02
      endloop
   endfacet
   facet normal -0.000000e+00 0.000000e+00 -1.000000e+00
      outer loop
         vertex -1.902878e+01 -1.730741e+02 2.505000e+02
         vertex -3.693029e+01 -1.734882e+02 2.505000e+02
         vertex -3.523847e+01 -1.671742e+02 2.505000e+02
      endloop
   endfacet
   facet normal 0.000000e+00 0.000000e+00 -1.000000e+00
      outer loop
         vertex -1.902878e+01 -1.730741e+02 2.505000e+02
         vertex -3.523847e+01 -1.671742e+02 2.505000e+02
         vertex -1.753701e+01 -1.698750e+02 2.505000e+02
      endloop
   endfacet
   facet normal 0.000000e+00 0.000000e+00 -1.000000e+00
      outer loop
         vertex -1.753701e+01 -1.698750e+02 2.505000e+02
         vertex -3.523847e+01 -1.671742e+02 2.505000e+02
         vertex -3.247595e+01 -1.612500e+02 2.505000e+02
      endloop
   endfacet
   facet normal 0.000000e+00 0.000000e+00 -1.000000e+00
      outer loop
         vertex -1.753701e+01 -1.698750e+02 2.505000e+02
         vertex -3.247595e+01 -1.612500e+02 2.505000e+02
         vertex -1.551240e+01 -1.669835e+02 2.505000e+02
      endloop
   endfacet
   facet normal 0.000000e+00 0.000000e+00 -1.000000e+00
      outer loop
         vertex -1.551240e+01 -1.669835e+02 2.505000e+02
         vertex -3.247595e+01 -1.612500e+02 2.505000e+02
         vertex -2.872667e+01 -1.558955e+02 2.505000e+02
      endloop
   endfacet
   facet normal 0.000000e+00 0.000000e+00 -1.000000e+00
      outer loop
         vertex -1.551240e+01 -1.669835e+02 2.505000e+02
         vertex -2.872667e+01 -1.558955e+02 2.505000e+02
         vertex -1.301645e+01 -1.644876e+02 2.505000e+02
      endloop
   endfacet
   facet normal 0.000000e+00 0.000000e+00 -1.000000e+00
      outer loop
         vertex -1.301645e+01 -1.644876e+02 2.505000e+02
         vertex -2.872667e+01 -1.558955e+02 2.505000e+02
         vertex -2.410454e+01 -1.512733e+02 2.505000e+02
      endloop
   endfacet
   facet normal 0.000000e+00 0.000000e+00 -1.000000e+00
      outer loop
         vertex -1.301645e+01 -1.644876e+02 2.505000e+02
         vertex -2.410454e+01 -1.512733e+02 2.505000e+02
         vertex -1.012500e+01 -1.624630e+02 2.505000e+02
      endloop
   endfacet
   facet normal 0.000000e+00 0.000000e+00 -1.000000e+00
      outer loop
         vertex -1.012500e+01 -1.624630e+02 2.505000e+02
         vertex -2.410454e+01 -1.512733e+02 2.505000e+02
         vertex -1.875000e+01 -1.475240e+02 2.505000e+02
      endloop
   endfacet
   facet normal 0.000000e+00 0.000000e+00 -1.000000e+00
      outer loop
         vertex -1.012500e+01 -1.624630e+02 2.505000e+02
         vertex -1.875000e+01 -1.475240e+02 2.505000e+02
         vertex -6.925908e+00 -1.609712e+02 2.505000e+02
      endloop
   endfacet
   facet normal 0.000000e+00 0.000000e+00 -1.000000e+00
      outer loop
         vertex -6.925908e+00 -1.609712e+02 2.505000e+02
         vertex -1.875000e+01 -1.475240e+02 2.505000e+02
         vertex -1.282576e+01 -1.447615e+02 2.505000e+02
      endloop
   endfacet
   facet normal 0.000000e+00 0.000000e+00 -1.000000e+00
      outer loop
         vertex -6.925908e+00 -1.609712e+02 2.505000e+02
         vertex -1.282576e+01 -1.447615e+02 2.505000e+02
         vertex -3.516376e+00 -1.600576e+02 2.505000e+02
      endloop
   endfacet
   facet normal 0.000000e+00 0.000000e+00 -1.000000e+00
      outer loop
         vertex -3.516376e+00 -1.600576e+02 2.505000e+02
         vertex -1.282576e+01 -1.447615e+02 2.505000e+02
         vertex -6.511807e+00 -1.430697e+02 2.505000e+02
      endloop
   endfacet
   facet normal 0.000000e+00 0.000000e+00 -1.000000e+00
      outer loop
         vertex -3.516376e+00 -1.600576e+02 2.505000e+02
         vertex -6.511807e+00 -1.430697e+02 2.505000e+02
         vertex 1.301043e-14 -1.597500e+02 2.505000e+02
      endloop
   endfacet
   facet normal 0.000000e+00 0.000000e+00 -1.000000e+00
      outer loop
         vertex 1.301043e-14 -1.597500e+02 2.505000e+02
         vertex -6.511807e+00 -1.430697e+02 2.505000e+02
         vertex 1.760285e-14 -1.425000e+02 2.505000e+02
      endloop
   endfacet
   facet normal 0.000000e+00 0.000000e+00 -1.000000e+00
      outer loop
         vertex 1.301043e-14 -1.597500e+02 2.505000e+02
         vertex 1.760285e-14 -1.425000e+02 2.505000e+02
         vertex 3.516376e+00 -1.600576e+02 2.505000e+02
      endloop
   endfacet
   facet normal 0.000000e+00 0.000000e+00 -1.000000e+00
      outer loop
         vertex 3.516376e+00 -1.600576e+02 2.505000e+02
         vertex 1.760285e-14 -1.425000e+02 2.505000e+02
         vertex 6.511807e+00 -1.430697e+02 2.505000e+02
      endloop
   endfacet
   facet normal 0.000000e+00 0.000000e+00 -1.000000e+00
      outer loop
         vertex 3.516376e+00 -1.600576e+02 2.505000e+02
         vertex 6.511807e+00 -1.430697e+02 2.505000e+02
         vertex 6.925908e+00 -1.609712e+02 2.505000e+02
      endloop
   endfacet
   facet normal 0.000000e+00 0.000000e+00 -1.000000e+00
      outer loop
         vertex 6.925908e+00 -1.609712e+02 2.505000e+02
         vertex 6.511807e+00 -1.430697e+02 2.505000e+02
         vertex 1.282576e+01 -1.447615e+02 2.505000e+02
      endloop
   endfacet
   facet normal 0.000000e+00 0.000000e+00 -1.000000e+00
      outer loop
         vertex 6.925908e+00 -1.609712e+02 2.505000e+02
         vertex 1.282576e+01 -1.447615e+02 2.505000e+02
         vertex 1.012500e+01 -1.624630e+02 2.505000e+02
      endloop
   endfacet
   facet normal 0.000000e+00 0.000000e+00 -1.000000e+00
      outer loop
         vertex 1.012500e+01 -1.624630e+02 2.505000e+02
         vertex 1.282576e+01 -1.447615e+02 2.505000e+02
         vertex 1.875000e+01 -1.475240e+02 2.505000e+02
      endloop
   endfacet
   facet normal 0.000000e+00 0.000000e+00 -1.000000e+00
      outer loop
         vertex 1.012500e+01 -1.624630e+02 2.505000e+02
         vertex 1.875000e+01 -1.475240e+02 2.505000e+02
         vertex 1.301645e+01 -1.644876e+02 2.505000e+02
      endloop
   endfacet
   facet normal 0.000000e+00 0.000000e+00 -1.000000e+00
      outer loop
         vertex 1.301645e+01 -1.644876e+02 2.505000e+02
         vertex 1.875000e+01 -1.475240e+02 2.505000e+02
         vertex 2.410454e+01 -1.512733e+02 2.505000e+02
      endloop
   endfacet
   facet normal 0.000000e+00 0.000000e+00 -1.000000e+00
      outer loop
         vertex 1.301645e+01 -1.644876e+02 2.505000e+02
         vertex 2.410454e+01 -1.512733e+02 2.505000e+02
         vertex 1.551240e+01 -1.669835e+02 2.505000e+02
      endloop
   endfacet
   facet normal 0.000000e+00 0.000000e+00 -1.000000e+00
      outer loop
         vertex 1.551240e+01 -1.669835e+02 2.505000e+02
         vertex 2.410454e+01 -1.512733e+02 2.505000e+02
         vertex 2.872667e+01 -1.558955e+02 2.505000e+02
      endloop
   endfacet
   facet normal 0.000000e+00 0.000000e+00 -1.000000e+00
      outer loop
         vertex 1.551240e+01 -1.669835e+02 2.505000e+02
         vertex 2.872667e+01 -1.558955e+02 2.505000e+02
         vertex 1.753701e+01 -1.698750e+02 2.505000e+02
      endloop
   endfacet
   facet normal 0.000000e+00 0.000000e+00 -1.000000e+00
      outer loop
         vertex 1.753701e+01 -1.698750e+02 2.505000e+02
         vertex 2.872667e+01 -1.558955e+02 2.505000e+02
         vertex 3.247595e+01 -1.612500e+02 2.505000e+02
      endloop
   endfacet
   facet normal 0.000000e+00 0.000000e+00 -1.000000e+00
      outer loop
         vertex 1.753701e+01 -1.698750e+02 2.505000e+02
         vertex 3.247595e+01 -1.612500e+02 2.505000e+02
         vertex 1.902878e+01 -1.730741e+02 2.505000e+02
      endloop
   endfacet
   facet normal 0.000000e+00 0.000000e+00 -1.000000e+00
      outer loop
         vertex 1.902878e+01 -1.730741e+02 2.505000e+02
         vertex 3.247595e+01 -1.612500e+02 2.505000e+02
         vertex 3.523847e+01 -1.671742e+02 2.505000e+02
      endloop
   endfacet
endsolid