solid table
   facet normal 0.000000e+00 -0.000000e+00 1.000000e+00
      outer loop
         vertex -1.360074e+02 -9.975000e+01 0.000000e+00
         vertex 1.360074e+02 -9.975000e+01 0.000000e+00
         vertex -1.470000e+02 -8.875736e+01 0.000000e+00
      endloop
   endfacet
   facet normal -0.000000e+00 0.000000e+00 1.000000e+00
      outer loop
         vertex -1.470000e+02 -8.875736e+01 0.000000e+00
         vertex 1.360074e+02 -9.975000e+01 0.000000e+00
         vertex 1.470000e+02 -8.875736e+01 0.000000e+00
      endloop
   endfacet
   facet normal 0.000000e+00 0.000000e+00 1.000000e+00
      outer loop
         vertex -1.470000e+02 -8.875736e+01 0.000000e+00
         vertex 1.470000e+02 -8.875736e+01 0.000000e+00
         vertex -1.470000e+02 -5.775000e+01 0.000000e+00
      endloop
   endfacet
   facet normal -0.000000e+00 0.000000e+00 1.000000e+00
      outer loop
         vertex -1.470000e+02 -5.775000e+01 0.000000e+00
         vertex 1.470000e+02 -8.875736e+01 0.000000e+00
         vertex 1.470000e+02 -5.775000e+01 0.000000e+00
      endloop
   endfacet
   facet normal -0.000000e+00 0.000000e+00 1.000000e+00
      outer loop
         vertex -1.255074e+02 -1.102500e+02 0.000000e+00
         vertex -8.875736e+01 -1.470000e+02 0.000000e+00
         vertex 1.255074e+02 -1.102500e+02 0.000000e+00
      endloop
   endfacet
   facet normal 0.000000e+00 0.000000e+00 1.000000e+00
      outer loop
         vertex 1.255074e+02 -1.102500e+02 0.000000e+00
         vertex -8.875736e+01 -1.470000e+02 0.000000e+00
         vertex 8.875736e+01 -1.470000e+02 0.000000e+00
      endloop
   endfacet
   facet normal 7.071056e-01 -7.071080e-01 0.000000e+00
      outer loop
         vertex 1.297500e+02 -1.102500e+02 -1.350000e+01
         vertex 1.297500e+02 -1.102500e+02 -3.000000e+00
         vertex 1.275000e+02 -1.125000e+02 -1.350000e+01
      endloop
   endfacet
   facet normal 7.071068e-01 -7.071067e-01 -5.301490e-07
      outer loop
         vertex 1.275000e+02 -1.125000e+02 -1.350000e+01
         vertex 1.297500e+02 -1.102500e+02 -3.000000e+00
         vertex 9.000000e+01 -1.500000e+02 -3.000000e+00
      endloop
   endfacet
   facet normal 7.071069e-01 -7.071066e-01 0.000000e+00
      outer loop
         vertex 1.275000e+02 -1.125000e+02 -1.350000e+01
         vertex 9.000000e+01 -1.500000e+02 -3.000000e+00
         vertex 1.275000e+02 -1.125000e+02 -2.250000e+01
      endloop
   endfacet
   facet normal 7.071069e-01 -7.071066e-01 0.000000e+00
      outer loop
         vertex 1.275000e+02 -1.125000e+02 -2.250000e+01
         vertex 9.000000e+01 -1.500000e+02 -3.000000e+00
         vertex 9.000000e+01 -1.500000e+02 -4.500000e+01
      endloop
   endfacet
   facet normal 7.071068e-01 -7.071068e-01 4.682983e-07
      outer loop
         vertex 1.275000e+02 -1.125000e+02 -2.250000e+01
         vertex 9.000000e+01 -1.500000e+02 -4.500000e+01
         vertex 1.425000e+02 -9.750000e+01 -2.250000e+01
      endloop
   endfacet
   facet normal 7.071068e-01 -7.071068e-01 4.682983e-07
      outer loop
         vertex 1.425000e+02 -9.750000e+01 -2.250000e+01
         vertex 9.000000e+01 -1.500000e+02 -4.500000e+01
         vertex 1.500000e+02 -9.000000e+01 -4.500000e+01
      endloop
   endfacet
   facet normal 7.071061e-01 -7.071075e-01 0.000000e+00
      outer loop
         vertex 1.425000e+02 -9.750000e+01 -2.250000e+01
         vertex 1.500000e+02 -9.000000e+01 -4.500000e+01
         vertex 1.425000e+02 -9.750000e+01 -1.350000e+01
      endloop
   endfacet
   facet normal 7.071061e-01 -7.071075e-01 0.000000e+00
      outer loop
         vertex 1.425000e+02 -9.750000e+01 -1.350000e+01
         vertex 1.500000e+02 -9.000000e+01 -4.500000e+01
         vertex 1.500000e+02 -9.000000e+01 -3.000000e+00
      endloop
   endfacet
   facet normal 7.071068e-01 -7.071068e-01 -1.003496e-06
      outer loop
         vertex 1.425000e+02 -9.750000e+01 -1.350000e+01
         vertex 1.500000e+02 -9.000000e+01 -3.000000e+00
         vertex 1.402500e+02 -9.975000e+01 -1.350000e+01
      endloop
   endfacet
   facet normal 7.071062e-01 -7.071073e-01 0.000000e+00
      outer loop
         vertex 1.402500e+02 -9.975000e+01 -1.350000e+01
         vertex 1.500000e+02 -9.000000e+01 -3.000000e+00
         vertex 1.402500e+02 -9.975000e+01 -3.000000e+00
      endloop
   endfacet
   facet normal -7.071056e-01 -7.071080e-01 -0.000000e+00
      outer loop
         vertex -1.297500e+02 -1.102500e+02 -3.000000e+00
         vertex -1.297500e+02 -1.102500e+02 -1.350000e+01
         vertex -1.275000e+02 -1.125000e+02 -1.350000e+01
      endloop
   endfacet
   facet normal -7.071068e-01 -7.071068e-01 0.000000e+00
      outer loop
         vertex -1.402500e+02 -9.975000e+01 -1.350000e+01
         vertex -1.402500e+02 -9.975000e+01 -3.000000e+00
         vertex -1.425000e+02 -9.750000e+01 -1.350000e+01
      endloop
   endfacet
   facet normal -7.071062e-01 -7.071073e-01 -2.315761e-07
      outer loop
         vertex -1.425000e+02 -9.750000e+01 -1.350000e+01
         vertex -1.402500e+02 -9.975000e+01 -3.000000e+00
         vertex -1.500000e+02 -9.000000e+01 -3.000000e+00
      endloop
   endfacet
   facet normal -7.071061e-01 -7.071075e-01 -0.000000e+00
      outer loop
         vertex -1.425000e+02 -9.750000e+01 -1.350000e+01
         vertex -1.500000e+02 -9.000000e+01 -3.000000e+00
         vertex -1.425000e+02 -9.750000e+01 -2.250000e+01
      endloop
   endfacet
   facet normal -7.071061e-01 -7.071075e-01 0.000000e+00
      outer loop
         vertex -1.425000e+02 -9.750000e+01 -2.250000e+01
         vertex -1.500000e+02 -9.000000e+01 -3.000000e+00
         vertex -1.500000e+02 -9.000000e+01 -4.500000e+01
      endloop
   endfacet
   facet normal -7.071068e-01 -7.071068e-01 4.682983e-07
      outer loop
         vertex -1.425000e+02 -9.750000e+01 -2.250000e+01
         vertex -1.500000e+02 -9.000000e+01 -4.500000e+01
         vertex -1.275000e+02 -1.125000e+02 -2.250000e+01
      endloop
   endfacet
   facet normal -7.071068e-01 -7.071068e-01 4.682983e-07
      outer loop
         vertex -1.275000e+02 -1.125000e+02 -2.250000e+01
         vertex -1.500000e+02 -9.000000e+01 -4.500000e+01
         vertex -9.000000e+01 -1.500000e+02 -4.500000e+01
      endloop
   endfacet
   facet normal -7.071069e-01 -7.071066e-01 0.000000e+00
      outer loop
         vertex -1.275000e+02 -1.125000e+02 -2.250000e+01
         vertex -9.000000e+01 -1.500000e+02 -4.500000e+01
         vertex -1.275000e+02 -1.125000e+02 -1.350000e+01
      endloop
   endfacet
   facet normal -7.071069e-01 -7.071066e-01 0.000000e+00
      outer loop
         vertex -1.275000e+02 -1.125000e+02 -1.350000e+01
         vertex -9.000000e+01 -1.500000e+02 -4.500000e+01
         vertex -9.000000e+01 -1.500000e+02 -3.000000e+00
      endloop
   endfacet
   facet normal -7.071068e-01 -7.071067e-01 -5.301490e-07
      outer loop
         vertex -1.275000e+02 -1.125000e+02 -1.350000e+01
         vertex -9.000000e+01 -1.500000e+02 -3.000000e+00
         vertex -1.297500e+02 -1.102500e+02 -3.000000e+00
      endloop
   endfacet
   facet normal 5.547875e-02 -5.547879e-02 9.969174e-01
      outer loop
         vertex 1.470000e+02 -8.875736e+01 8.673617e-16
         vertex 1.360074e+02 -9.975000e+01 8.673617e-16
         vertex 1.366711e+02 -9.975000e+01 -3.693498e-02
      endloop
   endfacet
   facet normal 1.650620e-01 -1.654004e-01 9.723154e-01
      outer loop
         vertex 1.373184e+02 -9.975000e+01 -1.468305e-01
         vertex 1.475208e+02 -8.897310e+01 -4.555730e-02
         vertex 1.366711e+02 -9.975000e+01 -3.693498e-02
      endloop
   endfacet
   facet normal 1.166724e-01 -1.166724e-01 9.862936e-01
      outer loop
         vertex 1.366711e+02 -9.975000e+01 -3.693498e-02
         vertex 1.475208e+02 -8.897310e+01 -4.555730e-02
         vertex 1.474693e+02 -8.895175e+01 -3.693498e-02
      endloop
   endfacet
   facet normal 5.547937e-02 -5.547937e-02 9.969173e-01
      outer loop
         vertex 1.366711e+02 -9.975000e+01 -3.693498e-02
         vertex 1.474693e+02 -8.895175e+01 -3.693498e-02
         vertex 1.470000e+02 -8.875736e+01 8.673617e-16
      endloop
   endfacet
   facet normal 2.705520e-01 -2.711556e-01 9.237295e-01
      outer loop
         vertex 1.379335e+02 -9.975000e+01 -3.269804e-01
         vertex 1.480258e+02 -8.918224e+01 -1.808107e-01
         vertex 1.373184e+02 -9.975000e+01 -1.468305e-01
      endloop
   endfacet
   facet normal 2.301652e-01 -2.301652e-01 9.455411e-01
      outer loop
         vertex 1.373184e+02 -9.975000e+01 -1.468305e-01
         vertex 1.480258e+02 -8.918224e+01 -1.808107e-01
         vertex 1.479270e+02 -8.914135e+01 -1.468305e-01
      endloop
   endfacet
   facet normal 1.710560e-01 -1.710560e-01 9.702987e-01
      outer loop
         vertex 1.373184e+02 -9.975000e+01 -1.468305e-01
         vertex 1.479270e+02 -8.914135e+01 -1.468305e-01
         vertex 1.475208e+02 -8.897310e+01 -4.555730e-02
      endloop
   endfacet
   facet normal 3.693534e-01 -3.701442e-01 8.523915e-01
      outer loop
         vertex 1.385011e+02 -9.975000e+01 -5.729490e-01
         vertex 1.484995e+02 -8.937848e+01 -4.016489e-01
         vertex 1.379335e+02 -9.975000e+01 -3.269804e-01
      endloop
   endfacet
   facet normal 3.373467e-01 -3.373467e-01 8.788597e-01
      outer loop
         vertex 1.379335e+02 -9.975000e+01 -3.269804e-01
         vertex 1.484995e+02 -8.937848e+01 -4.016489e-01
         vertex 1.483620e+02 -8.932151e+01 -3.269804e-01
      endloop
   endfacet
   facet normal 2.819239e-01 -2.819239e-01 9.170811e-01
      outer loop
         vertex 1.379335e+02 -9.975000e+01 -3.269804e-01
         vertex 1.483620e+02 -8.932151e+01 -3.269804e-01
         vertex 1.480258e+02 -8.918224e+01 -1.808107e-01
      endloop
   endfacet
   facet normal 4.590409e-01 -4.599358e-01 7.600924e-01
      outer loop
         vertex 1.390074e+02 -9.975000e+01 -8.786797e-01
         vertex 1.489278e+02 -8.955589e+01 -7.014160e-01
         vertex 1.385011e+02 -9.975000e+01 -5.729490e-01
      endloop
   endfacet
   facet normal 4.352856e-01 -4.352860e-01 7.880689e-01
      outer loop
         vertex 1.385011e+02 -9.975000e+01 -5.729490e-01
         vertex 1.489278e+02 -8.955589e+01 -7.014160e-01
         vertex 1.487634e+02 -8.948777e+01 -5.729490e-01
      endloop
   endfacet
   facet normal 3.850560e-01 -3.850563e-01 8.387273e-01
      outer loop
         vertex 1.385011e+02 -9.975000e+01 -5.729490e-01
         vertex 1.487634e+02 -8.948777e+01 -5.729490e-01
         vertex 1.484995e+02 -8.937848e+01 -4.016489e-01
      endloop
   endfacet
   facet normal 7.065607e-01 -7.065618e-01 3.927349e-02
      outer loop
         vertex 1.402500e+02 -9.975000e+01 -3.000000e+00
         vertex 1.500000e+02 -9.000000e+01 -3.000000e+00
         vertex 1.402369e+02 -9.975000e+01 -2.764623e+00
      endloop
   endfacet
   facet normal 7.053985e-01 -7.044512e-01 7.849499e-02
      outer loop
         vertex 1.402369e+02 -9.975000e+01 -2.764623e+00
         vertex 1.500000e+02 -9.000000e+01 -3.000000e+00
         vertex 1.499631e+02 -8.998470e+01 -2.530697e+00
      endloop
   endfacet
   facet normal 7.022079e-01 -7.022079e-01 1.175079e-01
      outer loop
         vertex 1.402369e+02 -9.975000e+01 -2.764623e+00
         vertex 1.499631e+02 -8.998470e+01 -2.530697e+00
         vertex 1.401978e+02 -9.975000e+01 -2.530697e+00
      endloop
   endfacet
   facet normal 6.973949e-01 -6.973949e-01 1.651687e-01
      outer loop
         vertex 1.401978e+02 -9.975000e+01 -2.530697e+00
         vertex 1.499631e+02 -8.998470e+01 -2.530697e+00
         vertex 1.499544e+02 -8.998111e+01 -2.478915e+00
      endloop
   endfacet
   facet normal 6.934379e-01 -6.936014e-01 1.950922e-01
      outer loop
         vertex 1.401978e+02 -9.975000e+01 -2.530697e+00
         vertex 1.499544e+02 -8.998111e+01 -2.478915e+00
         vertex 1.401328e+02 -9.975000e+01 -2.299664e+00
      endloop
   endfacet
   facet normal 6.864601e-01 -6.857257e-01 2.419771e-01
      outer loop
         vertex 1.401328e+02 -9.975000e+01 -2.299664e+00
         vertex 1.499544e+02 -8.998111e+01 -2.478915e+00
         vertex 1.498532e+02 -8.993918e+01 -2.072949e+00
      endloop
   endfacet
   facet normal 6.805611e-01 -6.805616e-01 2.714268e-01
      outer loop
         vertex 1.401328e+02 -9.975000e+01 -2.299664e+00
         vertex 1.498532e+02 -8.993918e+01 -2.072949e+00
         vertex 1.400423e+02 -9.975000e+01 -2.072949e+00
      endloop
   endfacet
   facet normal 6.685548e-01 -6.685553e-01 3.256813e-01
      outer loop
         vertex 1.400423e+02 -9.975000e+01 -2.072949e+00
         vertex 1.498532e+02 -8.993918e+01 -2.072949e+00
         vertex 1.498189e+02 -8.992501e+01 -1.973581e+00
      endloop
   endfacet
   facet normal 6.632970e-01 -6.635296e-01 3.460717e-01
      outer loop
         vertex 1.400423e+02 -9.975000e+01 -2.072949e+00
         vertex 1.498189e+02 -8.992501e+01 -1.973581e+00
         vertex 1.399270e+02 -9.975000e+01 -1.851950e+00
      endloop
   endfacet
   facet normal 6.486841e-01 -6.481637e-01 3.988644e-01
      outer loop
         vertex 1.399270e+02 -9.975000e+01 -1.851950e+00
         vertex 1.498189e+02 -8.992501e+01 -1.973581e+00
         vertex 1.496730e+02 -8.986456e+01 -1.638029e+00
      endloop
   endfacet
   facet normal 6.421612e-01 -6.421607e-01 4.186391e-01
      outer loop
         vertex 1.399270e+02 -9.975000e+01 -1.851950e+00
         vertex 1.496730e+02 -8.986456e+01 -1.638029e+00
         vertex 1.397876e+02 -9.975000e+01 -1.638029e+00
      endloop
   endfacet
   facet normal 6.213996e-01 -6.213991e-01 4.772061e-01
      outer loop
         vertex 1.397876e+02 -9.975000e+01 -1.638029e+00
         vertex 1.496730e+02 -8.986456e+01 -1.638029e+00
         vertex 1.495978e+02 -8.983339e+01 -1.499476e+00
      endloop
   endfacet
   facet normal 6.168640e-01 -6.170710e-01 4.885715e-01
      outer loop
         vertex 1.397876e+02 -9.975000e+01 -1.638029e+00
         vertex 1.495978e+02 -8.983339e+01 -1.499476e+00
         vertex 1.396248e+02 -9.975000e+01 -1.432504e+00
      endloop
   endfacet
   facet normal 5.931274e-01 -5.928200e-01 5.447608e-01
      outer loop
         vertex 1.396248e+02 -9.975000e+01 -1.432504e+00
         vertex 1.495978e+02 -8.983339e+01 -1.499476e+00
         vertex 1.494271e+02 -8.976268e+01 -1.236644e+00
      endloop
   endfacet
   facet normal 5.879426e-01 -5.879430e-01 5.555597e-01
      outer loop
         vertex 1.396248e+02 -9.975000e+01 -1.432504e+00
         vertex 1.494271e+02 -8.976268e+01 -1.236644e+00
         vertex 1.394397e+02 -9.975000e+01 -1.236644e+00
      endloop
   endfacet
   facet normal 5.571509e-01 -5.571514e-01 6.157639e-01
      outer loop
         vertex 1.394397e+02 -9.975000e+01 -1.236644e+00
         vertex 1.494271e+02 -8.976268e+01 -1.236644e+00
         vertex 1.492977e+02 -8.970909e+01 -1.071083e+00
      endloop
   endfacet
   facet normal 5.374230e-01 -5.383331e-01 6.491333e-01
      outer loop
         vertex 1.394397e+02 -9.975000e+01 -1.236644e+00
         vertex 1.492977e+02 -8.970909e+01 -1.071083e+00
         vertex 1.390074e+02 -9.975000e+01 -8.786797e-01
      endloop
   endfacet
   facet normal 5.212619e-01 -5.212615e-01 6.757014e-01
      outer loop
         vertex 1.390074e+02 -9.975000e+01 -8.786797e-01
         vertex 1.492977e+02 -8.970909e+01 -1.071083e+00
         vertex 1.491213e+02 -8.963604e+01 -8.786797e-01
      endloop
   endfacet
   facet normal 4.776588e-01 -4.776584e-01 7.373496e-01
      outer loop
         vertex 1.390074e+02 -9.975000e+01 -8.786797e-01
         vertex 1.491213e+02 -8.963604e+01 -8.786797e-01
         vertex 1.489278e+02 -8.955589e+01 -7.014160e-01
      endloop
   endfacet
   facet normal 5.376862e-01 -5.376864e-01 6.494512e-01
      outer loop
         vertex 1.289397e+02 -1.102500e+02 -1.236644e+00
         vertex 1.285074e+02 -1.102500e+02 -8.786797e-01
         vertex 8.963604e+01 -1.491213e+02 -8.786797e-01
      endloop
   endfacet
   facet normal 5.215120e-01 -5.210911e-01 6.756399e-01
      outer loop
         vertex 8.963604e+01 -1.491213e+02 -8.786797e-01
         vertex 8.970909e+01 -1.492977e+02 -1.071083e+00
         vertex 1.289397e+02 -1.102500e+02 -1.236644e+00
      endloop
   endfacet
   facet normal 5.571511e-01 -5.571511e-01 6.157640e-01
      outer loop
         vertex 1.289397e+02 -1.102500e+02 -1.236644e+00
         vertex 8.970909e+01 -1.492977e+02 -1.071083e+00
         vertex 8.976268e+01 -1.494271e+02 -1.236644e+00
      endloop
   endfacet
   facet normal 5.879427e-01 -5.879427e-01 5.555599e-01
      outer loop
         vertex 1.289397e+02 -1.102500e+02 -1.236644e+00
         vertex 8.976268e+01 -1.494271e+02 -1.236644e+00
         vertex 1.291248e+02 -1.102500e+02 -1.432504e+00
      endloop
   endfacet
   facet normal 5.929489e-01 -5.930267e-01 5.447301e-01
      outer loop
         vertex 1.291248e+02 -1.102500e+02 -1.432504e+00
         vertex 8.976268e+01 -1.494271e+02 -1.236644e+00
         vertex 8.983339e+01 -1.495978e+02 -1.499476e+00
      endloop
   endfacet
   facet normal 6.169626e-01 -6.169106e-01 4.886496e-01
      outer loop
         vertex 1.291248e+02 -1.102500e+02 -1.432504e+00
         vertex 8.983339e+01 -1.495978e+02 -1.499476e+00
         vertex 1.292876e+02 -1.102500e+02 -1.638029e+00
      endloop
   endfacet
   facet normal 6.213993e-01 -6.213995e-01 4.772060e-01
      outer loop
         vertex 1.292876e+02 -1.102500e+02 -1.638029e+00
         vertex 8.983339e+01 -1.495978e+02 -1.499476e+00
         vertex 8.986456e+01 -1.496730e+02 -1.638029e+00
      endloop
   endfacet
   facet normal 6.421609e-01 -6.421611e-01 4.186389e-01
      outer loop
         vertex 1.292876e+02 -1.102500e+02 -1.638029e+00
         vertex 8.986456e+01 -1.496730e+02 -1.638029e+00
         vertex 1.294270e+02 -1.102500e+02 -1.851950e+00
      endloop
   endfacet
   facet normal 6.483719e-01 -6.485017e-01 3.988225e-01
      outer loop
         vertex 1.294270e+02 -1.102500e+02 -1.851950e+00
         vertex 8.986456e+01 -1.496730e+02 -1.638029e+00
         vertex 8.992501e+01 -1.498189e+02 -1.973581e+00
      endloop
   endfacet
   facet normal 6.634247e-01 -6.633671e-01 3.461383e-01
      outer loop
         vertex 1.294270e+02 -1.102500e+02 -1.851950e+00
         vertex 8.992501e+01 -1.498189e+02 -1.973581e+00
         vertex 1.295424e+02 -1.102500e+02 -2.072949e+00
      endloop
   endfacet
   facet normal 6.685550e-01 -6.685550e-01 3.256814e-01
      outer loop
         vertex 1.295424e+02 -1.102500e+02 -2.072949e+00
         vertex 8.992501e+01 -1.498189e+02 -1.973581e+00
         vertex 8.993918e+01 -1.498532e+02 -2.072949e+00
      endloop
   endfacet
   facet normal 6.805613e-01 -6.805613e-01 2.714269e-01
      outer loop
         vertex 1.295424e+02 -1.102500e+02 -2.072949e+00
         vertex 8.993918e+01 -1.498532e+02 -2.072949e+00
         vertex 1.296328e+02 -1.102500e+02 -2.299664e+00
      endloop
   endfacet
   facet normal 6.860090e-01 -6.861903e-01 2.419391e-01
      outer loop
         vertex 1.296328e+02 -1.102500e+02 -2.299664e+00
         vertex 8.993918e+01 -1.498532e+02 -2.072949e+00
         vertex 8.998111e+01 -1.499544e+02 -2.478915e+00
      endloop
   endfacet
   facet normal 6.935358e-01 -6.934957e-01 1.951197e-01
      outer loop
         vertex 1.296328e+02 -1.102500e+02 -2.299664e+00
         vertex 8.998111e+01 -1.499544e+02 -2.478915e+00
         vertex 1.296978e+02 -1.102500e+02 -2.530697e+00
      endloop
   endfacet
   facet normal 6.973948e-01 -6.973950e-01 1.651687e-01
      outer loop
         vertex 1.296978e+02 -1.102500e+02 -2.530697e+00
         vertex 8.998111e+01 -1.499544e+02 -2.478915e+00
         vertex 8.998470e+01 -1.499631e+02 -2.530697e+00
      endloop
   endfacet
   facet normal 7.022078e-01 -7.022080e-01 1.175079e-01
      outer loop
         vertex 1.296978e+02 -1.102500e+02 -2.530697e+00
         vertex 8.998470e+01 -1.499631e+02 -2.530697e+00
         vertex 1.297369e+02 -1.102500e+02 -2.764623e+00
      endloop
   endfacet
   facet normal 7.048096e-01 -7.050422e-01 7.847863e-02
      outer loop
         vertex 1.297369e+02 -1.102500e+02 -2.764623e+00
         vertex 8.998470e+01 -1.499631e+02 -2.530697e+00
         vertex 9.000000e+01 -1.500000e+02 -3.000000e+00
      endloop
   endfacet
   facet normal 7.065613e-01 -7.065612e-01 3.927352e-02
      outer loop
         vertex 1.297369e+02 -1.102500e+02 -2.764623e+00
         vertex 9.000000e+01 -1.500000e+02 -3.000000e+00
         vertex 1.297500e+02 -1.102500e+02 -3.000000e+00
      endloop
   endfacet
   facet normal 3.694614e-01 -3.694615e-01 8.526409e-01
      outer loop
         vertex 1.280011e+02 -1.102500e+02 -5.729490e-01
         vertex 1.274335e+02 -1.102500e+02 -3.269804e-01
         vertex 8.932151e+01 -1.483620e+02 -3.269804e-01
      endloop
   endfacet
   facet normal 3.377695e-01 -3.371288e-01 8.787809e-01
      outer loop
         vertex 8.932151e+01 -1.483620e+02 -3.269804e-01
         vertex 8.937848e+01 -1.484995e+02 -4.016489e-01
         vertex 1.280011e+02 -1.102500e+02 -5.729490e-01
      endloop
   endfacet
   facet normal 3.850561e-01 -3.850561e-01 8.387274e-01
      outer loop
         vertex 1.280011e+02 -1.102500e+02 -5.729490e-01
         vertex 8.937848e+01 -1.484995e+02 -4.016489e-01
         vertex 8.948777e+01 -1.487634e+02 -5.729490e-01
      endloop
   endfacet
   facet normal 4.592298e-01 -4.592298e-01 7.604052e-01
      outer loop
         vertex 1.280011e+02 -1.102500e+02 -5.729490e-01
         vertex 8.948777e+01 -1.487634e+02 -5.729490e-01
         vertex 1.285074e+02 -1.102500e+02 -8.786797e-01
      endloop
   endfacet
   facet normal 4.356185e-01 -4.350891e-01 7.879936e-01
      outer loop
         vertex 1.285074e+02 -1.102500e+02 -8.786797e-01
         vertex 8.948777e+01 -1.487634e+02 -5.729490e-01
         vertex 8.955589e+01 -1.489278e+02 -7.014160e-01
      endloop
   endfacet
   facet normal 4.776585e-01 -4.776587e-01 7.373496e-01
      outer loop
         vertex 1.285074e+02 -1.102500e+02 -8.786797e-01
         vertex 8.955589e+01 -1.489278e+02 -7.014160e-01
         vertex 8.963604e+01 -1.491213e+02 -8.786797e-01
      endloop
   endfacet
   facet normal 1.172841e-01 -1.164120e-01 9.862518e-01
      outer loop
         vertex 8.895175e+01 -1.474693e+02 -3.693498e-02
         vertex 8.897310e+01 -1.475208e+02 -4.555730e-02
         vertex 1.268184e+02 -1.102500e+02 -1.468305e-01
      endloop
   endfacet
   facet normal 1.710560e-01 -1.710561e-01 9.702987e-01
      outer loop
         vertex 1.268184e+02 -1.102500e+02 -1.468305e-01
         vertex 8.897310e+01 -1.475208e+02 -4.555730e-02
         vertex 8.914135e+01 -1.479270e+02 -1.468305e-01
      endloop
   endfacet
   facet normal 2.705963e-01 -2.705963e-01 9.238806e-01
      outer loop
         vertex 1.268184e+02 -1.102500e+02 -1.468305e-01
         vertex 8.914135e+01 -1.479270e+02 -1.468305e-01
         vertex 1.274335e+02 -1.102500e+02 -3.269804e-01
      endloop
   endfacet
   facet normal 2.306823e-01 -2.299275e-01 9.454729e-01
      outer loop
         vertex 1.274335e+02 -1.102500e+02 -3.269804e-01
         vertex 8.914135e+01 -1.479270e+02 -1.468305e-01
         vertex 8.918224e+01 -1.480258e+02 -1.808107e-01
      endloop
   endfacet
   facet normal 2.819239e-01 -2.819240e-01 9.170811e-01
      outer loop
         vertex 1.274335e+02 -1.102500e+02 -3.269804e-01
         vertex 8.918224e+01 -1.480258e+02 -1.808107e-01
         vertex 8.932151e+01 -1.483620e+02 -3.269804e-01
      endloop
   endfacet
   facet normal 1.650712e-01 -1.650712e-01 9.723698e-01
      outer loop
         vertex 1.268184e+02 -1.102500e+02 -1.468305e-01
         vertex 1.261711e+02 -1.102500e+02 -3.693498e-02
         vertex 8.895175e+01 -1.474693e+02 -3.693498e-02
      endloop
   endfacet
   facet normal 5.547875e-02 -5.547877e-02 9.969174e-01
      outer loop
         vertex 8.895175e+01 -1.474693e+02 -3.693498e-02
         vertex 1.261711e+02 -1.102500e+02 -3.693498e-02
         vertex 1.255074e+02 -1.102500e+02 8.673617e-16
      endloop
   endfacet
   facet normal 5.547937e-02 -5.547937e-02 9.969173e-01
      outer loop
         vertex 8.895175e+01 -1.474693e+02 -3.693498e-02
         vertex 1.255074e+02 -1.102500e+02 8.673617e-16
         vertex 8.875736e+01 -1.470000e+02 8.673617e-16
      endloop
   endfacet
   facet normal -7.064319e-01 -7.064330e-01 4.366194e-02
      outer loop
         vertex -1.500000e+02 -9.000000e+01 -3.000000e+00
         vertex -1.402500e+02 -9.975000e+01 -3.000000e+00
         vertex -1.499886e+02 -8.999527e+01 -2.738533e+00
      endloop
   endfacet
   facet normal -7.064346e-01 -7.064340e-01 4.360169e-02
      outer loop
         vertex -1.499886e+02 -8.999527e+01 -2.738533e+00
         vertex -1.402500e+02 -9.975000e+01 -3.000000e+00
         vertex -1.402339e+02 -9.975000e+01 -2.738533e+00
      endloop
   endfacet
   facet normal -7.010598e-01 -7.010592e-01 1.305033e-01
      outer loop
         vertex -1.499886e+02 -8.999527e+01 -2.738533e+00
         vertex -1.402339e+02 -9.975000e+01 -2.738533e+00
         vertex -1.499544e+02 -8.998112e+01 -2.479055e+00
      endloop
   endfacet
   facet normal -7.010577e-01 -7.010577e-01 1.305231e-01
      outer loop
         vertex -1.499544e+02 -8.998112e+01 -2.479055e+00
         vertex -1.402339e+02 -9.975000e+01 -2.738533e+00
         vertex -1.401855e+02 -9.975000e+01 -2.479055e+00
      endloop
   endfacet
   facet normal -6.903458e-01 -6.903458e-01 2.164382e-01
      outer loop
         vertex -1.499544e+02 -8.998112e+01 -2.479055e+00
         vertex -1.401855e+02 -9.975000e+01 -2.479055e+00
         vertex -1.498978e+02 -8.995765e+01 -2.223543e+00
      endloop
   endfacet
   facet normal -6.903458e-01 -6.903458e-01 2.164382e-01
      outer loop
         vertex -1.498978e+02 -8.995765e+01 -2.223543e+00
         vertex -1.401855e+02 -9.975000e+01 -2.479055e+00
         vertex -1.401054e+02 -9.975000e+01 -2.223543e+00
      endloop
   endfacet
   facet normal -6.743763e-01 -6.743763e-01 3.007209e-01
      outer loop
         vertex -1.498978e+02 -8.995765e+01 -2.223543e+00
         vertex -1.401054e+02 -9.975000e+01 -2.223543e+00
         vertex -1.498191e+02 -8.992506e+01 -1.973940e+00
      endloop
   endfacet
   facet normal -6.743807e-01 -6.743802e-01 3.007027e-01
      outer loop
         vertex -1.498191e+02 -8.992506e+01 -1.973940e+00
         vertex -1.401054e+02 -9.975000e+01 -2.223543e+00
         vertex -1.399941e+02 -9.975000e+01 -1.973940e+00
      endloop
   endfacet
   facet normal -6.532846e-01 -6.532841e-01 3.826735e-01
      outer loop
         vertex -1.498191e+02 -8.992506e+01 -1.973940e+00
         vertex -1.399941e+02 -9.975000e+01 -1.973940e+00
         vertex -1.497189e+02 -8.988357e+01 -1.732145e+00
      endloop
   endfacet
   facet normal -6.532741e-01 -6.532746e-01 3.827077e-01
      outer loop
         vertex -1.497189e+02 -8.988357e+01 -1.732145e+00
         vertex -1.399941e+02 -9.975000e+01 -1.973940e+00
         vertex -1.398525e+02 -9.975000e+01 -1.732145e+00
      endloop
   endfacet
   facet normal -6.272129e-01 -6.272134e-01 4.617438e-01
      outer loop
         vertex -1.497189e+02 -8.988357e+01 -1.732145e+00
         vertex -1.398525e+02 -9.975000e+01 -1.732145e+00
         vertex -1.495981e+02 -8.983352e+01 -1.500000e+00
      endloop
   endfacet
   facet normal -6.272129e-01 -6.272134e-01 4.617437e-01
      outer loop
         vertex -1.495981e+02 -8.983352e+01 -1.500000e+00
         vertex -1.398525e+02 -9.975000e+01 -1.732145e+00
         vertex -1.396816e+02 -9.975000e+01 -1.500000e+00
      endloop
   endfacet
   facet normal -5.963641e-01 -5.963645e-01 5.373074e-01
      outer loop
         vertex -1.495981e+02 -8.983352e+01 -1.500000e+00
         vertex -1.396816e+02 -9.975000e+01 -1.500000e+00
         vertex -1.494575e+02 -8.977527e+01 -1.279271e+00
      endloop
   endfacet
   facet normal -5.963641e-01 -5.963645e-01 5.373074e-01
      outer loop
         vertex -1.494575e+02 -8.977527e+01 -1.279271e+00
         vertex -1.396816e+02 -9.975000e+01 -1.500000e+00
         vertex -1.394827e+02 -9.975000e+01 -1.279271e+00
      endloop
   endfacet
   facet normal -5.609817e-01 -5.609822e-01 6.087680e-01
      outer loop
         vertex -1.494575e+02 -8.977527e+01 -1.279271e+00
         vertex -1.394827e+02 -9.975000e+01 -1.279271e+00
         vertex -1.492981e+02 -8.970927e+01 -1.071637e+00
      endloop
   endfacet
   facet normal -5.609958e-01 -5.609954e-01 6.087429e-01
      outer loop
         vertex -1.394827e+02 -9.975000e+01 -1.279271e+00
         vertex -1.392574e+02 -9.975000e+01 -1.071637e+00
         vertex -1.492981e+02 -8.970927e+01 -1.071637e+00
      endloop
   endfacet
   facet normal -4.999968e-01 -4.999964e-01 7.071116e-01
      outer loop
         vertex -1.492981e+02 -8.970927e+01 -1.071637e+00
         vertex -1.392574e+02 -9.975000e+01 -1.071637e+00
         vertex -1.387345e+02 -9.975000e+01 -7.018667e-01
      endloop
   endfacet
   facet normal -5.000002e-01 -5.000002e-01 7.071065e-01
      outer loop
         vertex -1.492981e+02 -8.970927e+01 -1.071637e+00
         vertex -1.387345e+02 -9.975000e+01 -7.018667e-01
         vertex -1.489284e+02 -8.955611e+01 -7.018667e-01
      endloop
   endfacet
   facet normal -4.055819e-01 -4.055819e-01 8.191499e-01
      outer loop
         vertex -1.489284e+02 -8.955611e+01 -7.018667e-01
         vertex -1.387345e+02 -9.975000e+01 -7.018667e-01
         vertex -1.381287e+02 -9.975000e+01 -4.019238e-01
      endloop
   endfacet
   facet normal -4.055787e-01 -4.055784e-01 8.191533e-01
      outer loop
         vertex -1.489284e+02 -8.955611e+01 -7.018667e-01
         vertex -1.381287e+02 -9.975000e+01 -4.019238e-01
         vertex -1.485000e+02 -8.937868e+01 -4.019238e-01
      endloop
   endfacet
   facet normal -2.988353e-01 -2.988351e-01 9.063084e-01
      outer loop
         vertex -1.485000e+02 -8.937868e+01 -4.019238e-01
         vertex -1.381287e+02 -9.975000e+01 -4.019238e-01
         vertex -1.374584e+02 -9.975000e+01 -1.809221e-01
      endloop
   endfacet
   facet normal -2.988407e-01 -2.988409e-01 9.063048e-01
      outer loop
         vertex -1.485000e+02 -8.937868e+01 -4.019238e-01
         vertex -1.374584e+02 -9.975000e+01 -1.809221e-01
         vertex -1.480261e+02 -8.918237e+01 -1.809221e-01
      endloop
   endfacet
   facet normal -1.830115e-01 -1.830116e-01 9.659263e-01
      outer loop
         vertex -1.480261e+02 -8.918237e+01 -1.809221e-01
         vertex -1.374584e+02 -9.975000e+01 -1.809221e-01
         vertex -1.367441e+02 -9.975000e+01 -4.557674e-02
      endloop
   endfacet
   facet normal -1.830115e-01 -1.830116e-01 9.659263e-01
      outer loop
         vertex -1.480261e+02 -8.918237e+01 -1.809221e-01
         vertex -1.367441e+02 -9.975000e+01 -4.557674e-02
         vertex -1.475209e+02 -8.897314e+01 -4.557674e-02
      endloop
   endfacet
   facet normal -6.162829e-02 -6.162833e-02 9.961947e-01
      outer loop
         vertex -1.475209e+02 -8.897314e+01 -4.557674e-02
         vertex -1.367441e+02 -9.975000e+01 -4.557674e-02
         vertex -1.360074e+02 -9.975000e+01 0.000000e+00
      endloop
   endfacet
   facet normal -6.162828e-02 -6.162832e-02 9.961947e-01
      outer loop
         vertex -1.475209e+02 -8.897314e+01 -4.557674e-02
         vertex -1.360074e+02 -9.975000e+01 0.000000e+00
         vertex -1.470000e+02 -8.875736e+01 0.000000e+00
      endloop
   endfacet
   facet normal -5.609818e-01 -5.609820e-01 6.087681e-01
      outer loop
         vertex -8.977527e+01 -1.494575e+02 -1.279271e+00
         vertex -8.970927e+01 -1.492981e+02 -1.071637e+00
         vertex -1.287574e+02 -1.102500e+02 -1.071637e+00
      endloop
   endfacet
   facet normal -5.000001e-01 -5.000003e-01 7.071065e-01
      outer loop
         vertex -1.287574e+02 -1.102500e+02 -1.071637e+00
         vertex -8.970927e+01 -1.492981e+02 -1.071637e+00
         vertex -8.955611e+01 -1.489284e+02 -7.018667e-01
      endloop
   endfacet
   facet normal -4.999966e-01 -4.999967e-01 7.071115e-01
      outer loop
         vertex -1.287574e+02 -1.102500e+02 -1.071637e+00
         vertex -8.955611e+01 -1.489284e+02 -7.018667e-01
         vertex -1.282345e+02 -1.102500e+02 -7.018667e-01
      endloop
   endfacet
   facet normal -4.055785e-01 -4.055786e-01 8.191532e-01
      outer loop
         vertex -1.282345e+02 -1.102500e+02 -7.018667e-01
         vertex -8.955611e+01 -1.489284e+02 -7.018667e-01
         vertex -8.937868e+01 -1.485000e+02 -4.019238e-01
      endloop
   endfacet
   facet normal -4.055819e-01 -4.055821e-01 8.191499e-01
      outer loop
         vertex -1.282345e+02 -1.102500e+02 -7.018667e-01
         vertex -8.937868e+01 -1.485000e+02 -4.019238e-01
         vertex -1.276287e+02 -1.102500e+02 -4.019238e-01
      endloop
   endfacet
   facet normal -2.988407e-01 -2.988408e-01 9.063048e-01
      outer loop
         vertex -1.276287e+02 -1.102500e+02 -4.019238e-01
         vertex -8.937868e+01 -1.485000e+02 -4.019238e-01
         vertex -8.918237e+01 -1.480261e+02 -1.809221e-01
      endloop
   endfacet
   facet normal -2.988353e-01 -2.988353e-01 9.063084e-01
      outer loop
         vertex -1.276287e+02 -1.102500e+02 -4.019238e-01
         vertex -8.918237e+01 -1.480261e+02 -1.809221e-01
         vertex -1.269584e+02 -1.102500e+02 -1.809221e-01
      endloop
   endfacet
   facet normal -1.830115e-01 -1.830115e-01 9.659263e-01
      outer loop
         vertex -1.269584e+02 -1.102500e+02 -1.809221e-01
         vertex -8.918237e+01 -1.480261e+02 -1.809221e-01
         vertex -8.897314e+01 -1.475209e+02 -4.557674e-02
      endloop
   endfacet
   facet normal -1.830115e-01 -1.830115e-01 9.659263e-01
      outer loop
         vertex -1.269584e+02 -1.102500e+02 -1.809221e-01
         vertex -8.897314e+01 -1.475209e+02 -4.557674e-02
         vertex -1.262441e+02 -1.102500e+02 -4.557674e-02
      endloop
   endfacet
   facet normal -6.162829e-02 -6.162829e-02 9.961947e-01
      outer loop
         vertex -1.262441e+02 -1.102500e+02 -4.557674e-02
         vertex -8.897314e+01 -1.475209e+02 -4.557674e-02
         vertex -8.875736e+01 -1.470000e+02 0.000000e+00
      endloop
   endfacet
   facet normal -6.162829e-02 -6.162829e-02 9.961947e-01
      outer loop
         vertex -1.262441e+02 -1.102500e+02 -4.557674e-02
         vertex -8.875736e+01 -1.470000e+02 0.000000e+00
         vertex -1.255074e+02 -1.102500e+02 0.000000e+00
      endloop
   endfacet
   facet normal -5.609957e-01 -5.609957e-01 6.087427e-01
      outer loop
         vertex -1.287574e+02 -1.102500e+02 -1.071637e+00
         vertex -1.289827e+02 -1.102500e+02 -1.279271e+00
         vertex -8.977527e+01 -1.494575e+02 -1.279271e+00
      endloop
   endfacet
   facet normal -5.963643e-01 -5.963643e-01 5.373075e-01
      outer loop
         vertex -8.977527e+01 -1.494575e+02 -1.279271e+00
         vertex -1.289827e+02 -1.102500e+02 -1.279271e+00
         vertex -1.291816e+02 -1.102500e+02 -1.500000e+00
      endloop
   endfacet
   facet normal -5.963643e-01 -5.963643e-01 5.373075e-01
      outer loop
         vertex -8.977527e+01 -1.494575e+02 -1.279271e+00
         vertex -1.291816e+02 -1.102500e+02 -1.500000e+00
         vertex -8.983352e+01 -1.495981e+02 -1.500000e+00
      endloop
   endfacet
   facet normal -6.272131e-01 -6.272131e-01 4.617438e-01
      outer loop
         vertex -8.983352e+01 -1.495981e+02 -1.500000e+00
         vertex -1.291816e+02 -1.102500e+02 -1.500000e+00
         vertex -1.293525e+02 -1.102500e+02 -1.732145e+00
      endloop
   endfacet
   facet normal -6.272131e-01 -6.272131e-01 4.617438e-01
      outer loop
         vertex -8.983352e+01 -1.495981e+02 -1.500000e+00
         vertex -1.293525e+02 -1.102500e+02 -1.732145e+00
         vertex -8.988357e+01 -1.497189e+02 -1.732145e+00
      endloop
   endfacet
   facet normal -6.532844e-01 -6.532844e-01 3.826734e-01
      outer loop
         vertex -8.988357e+01 -1.497189e+02 -1.732145e+00
         vertex -1.293525e+02 -1.102500e+02 -1.732145e+00
         vertex -1.294941e+02 -1.102500e+02 -1.973940e+00
      endloop
   endfacet
   facet normal -6.532844e-01 -6.532844e-01 3.826734e-01
      outer loop
         vertex -8.988357e+01 -1.497189e+02 -1.732145e+00
         vertex -1.294941e+02 -1.102500e+02 -1.973940e+00
         vertex -8.992506e+01 -1.498191e+02 -1.973940e+00
      endloop
   endfacet
   facet normal -6.743723e-01 -6.743723e-01 3.007392e-01
      outer loop
         vertex -8.992506e+01 -1.498191e+02 -1.973940e+00
         vertex -1.294941e+02 -1.102500e+02 -1.973940e+00
         vertex -1.296054e+02 -1.102500e+02 -2.223543e+00
      endloop
   endfacet
   facet normal -6.743763e-01 -6.743764e-01 3.007209e-01
      outer loop
         vertex -8.992506e+01 -1.498191e+02 -1.973940e+00
         vertex -1.296054e+02 -1.102500e+02 -2.223543e+00
         vertex -8.995765e+01 -1.498978e+02 -2.223543e+00
      endloop
   endfacet
   facet normal -6.903457e-01 -6.903458e-01 2.164381e-01
      outer loop
         vertex -8.995765e+01 -1.498978e+02 -2.223543e+00
         vertex -1.296054e+02 -1.102500e+02 -2.223543e+00
         vertex -1.296856e+02 -1.102500e+02 -2.479055e+00
      endloop
   endfacet
   facet normal -6.903457e-01 -6.903458e-01 2.164382e-01
      outer loop
         vertex -8.995765e+01 -1.498978e+02 -2.223543e+00
         vertex -1.296856e+02 -1.102500e+02 -2.479055e+00
         vertex -8.998112e+01 -1.499544e+02 -2.479055e+00
      endloop
   endfacet
   facet normal -7.010576e-01 -7.010577e-01 1.305231e-01
      outer loop
         vertex -8.998112e+01 -1.499544e+02 -2.479055e+00
         vertex -1.296856e+02 -1.102500e+02 -2.479055e+00
         vertex -1.297339e+02 -1.102500e+02 -2.738533e+00
      endloop
   endfacet
   facet normal -7.010594e-01 -7.010596e-01 1.305033e-01
      outer loop
         vertex -8.998112e+01 -1.499544e+02 -2.479055e+00
         vertex -1.297339e+02 -1.102500e+02 -2.738533e+00
         vertex -8.999527e+01 -1.499886e+02 -2.738533e+00
      endloop
   endfacet
   facet normal -7.064342e-01 -7.064345e-01 4.360167e-02
      outer loop
         vertex -8.999527e+01 -1.499886e+02 -2.738533e+00
         vertex -1.297339e+02 -1.102500e+02 -2.738533e+00
         vertex -1.297500e+02 -1.102500e+02 -3.000000e+00
      endloop
   endfacet
   facet normal -7.064325e-01 -7.064324e-01 4.366195e-02
      outer loop
         vertex -8.999527e+01 -1.499886e+02 -2.738533e+00
         vertex -1.297500e+02 -1.102500e+02 -3.000000e+00
         vertex -9.000000e+01 -1.500000e+02 -3.000000e+00
      endloop
   endfacet
   facet normal 1.000000e+00 0.000000e+00 0.000000e+00
      outer loop
         vertex 1.500000e+02 -5.250000e+00 -3.000000e+00
         vertex 1.500000e+02 -4.725000e+01 -3.000000e+00
         vertex 1.500000e+02 -4.500000e+01 -1.350000e+01
      endloop
   endfacet
   facet normal 1.000000e+00 0.000000e+00 0.000000e+00
      outer loop
         vertex 1.500000e+02 -4.500000e+01 -1.350000e+01
         vertex 1.500000e+02 -4.725000e+01 -3.000000e+00
         vertex 1.500000e+02 -4.725000e+01 -1.350000e+01
      endloop
   endfacet
   facet normal 1.000000e+00 0.000000e+00 0.000000e+00
      outer loop
         vertex 1.500000e+02 4.500000e+01 -1.350000e+01
         vertex 1.500000e+02 4.725000e+01 -1.350000e+01
         vertex 1.500000e+02 4.725000e+01 -3.000000e+00
      endloop
   endfacet
   facet normal 1.000000e+00 -0.000000e+00 0.000000e+00
      outer loop
         vertex 1.500000e+02 5.775000e+01 -3.000000e+00
         vertex 1.500000e+02 5.775000e+01 -1.350000e+01
         vertex 1.500000e+02 9.000000e+01 -3.000000e+00
      endloop
   endfacet
   facet normal 1.000000e+00 0.000000e+00 0.000000e+00
      outer loop
         vertex 1.500000e+02 9.000000e+01 -3.000000e+00
         vertex 1.500000e+02 5.775000e+01 -1.350000e+01
         vertex 1.500000e+02 6.000000e+01 -1.350000e+01
      endloop
   endfacet
   facet normal 1.000000e+00 0.000000e+00 0.000000e+00
      outer loop
         vertex 1.500000e+02 9.000000e+01 -3.000000e+00
         vertex 1.500000e+02 6.000000e+01 -1.350000e+01
         vertex 1.500000e+02 9.000000e+01 -4.500000e+01
      endloop
   endfacet
   facet normal 1.000000e+00 0.000000e+00 0.000000e+00
      outer loop
         vertex 1.500000e+02 9.000000e+01 -4.500000e+01
         vertex 1.500000e+02 6.000000e+01 -1.350000e+01
         vertex 1.500000e+02 6.000000e+01 -2.250000e+01
      endloop
   endfacet
   facet normal 1.000000e+00 0.000000e+00 0.000000e+00
      outer loop
         vertex 1.500000e+02 9.000000e+01 -4.500000e+01
         vertex 1.500000e+02 6.000000e+01 -2.250000e+01
         vertex 1.500000e+02 4.500000e+01 -2.250000e+01
      endloop
   endfacet
   facet normal 1.000000e+00 0.000000e+00 -0.000000e+00
      outer loop
         vertex 1.500000e+02 -5.250000e+00 -1.350000e+01
         vertex 1.500000e+02 -5.250000e+00 -3.000000e+00
         vertex 1.500000e+02 -7.500000e+00 -1.350000e+01
      endloop
   endfacet
   facet normal 1.000000e+00 0.000000e+00 -0.000000e+00
      outer loop
         vertex 1.500000e+02 -7.500000e+00 -1.350000e+01
         vertex 1.500000e+02 -5.250000e+00 -3.000000e+00
         vertex 1.500000e+02 -4.500000e+01 -1.350000e+01
      endloop
   endfacet
   facet normal 1.000000e+00 0.000000e+00 0.000000e+00
      outer loop
         vertex 1.500000e+02 -7.500000e+00 -1.350000e+01
         vertex 1.500000e+02 -4.500000e+01 -1.350000e+01
         vertex 1.500000e+02 -7.500000e+00 -2.250000e+01
      endloop
   endfacet
   facet normal 1.000000e+00 0.000000e+00 0.000000e+00
      outer loop
         vertex 1.500000e+02 -7.500000e+00 -2.250000e+01
         vertex 1.500000e+02 -4.500000e+01 -1.350000e+01
         vertex 1.500000e+02 -4.500000e+01 -2.250000e+01
      endloop
   endfacet
   facet normal 1.000000e+00 0.000000e+00 0.000000e+00
      outer loop
         vertex 1.500000e+02 5.250000e+00 -3.000000e+00
         vertex 1.500000e+02 5.250000e+00 -1.350000e+01
         vertex 1.500000e+02 7.500000e+00 -1.350000e+01
      endloop
   endfacet
   facet normal 1.000000e+00 0.000000e+00 0.000000e+00
      outer loop
         vertex 1.500000e+02 4.725000e+01 -3.000000e+00
         vertex 1.500000e+02 5.250000e+00 -3.000000e+00
         vertex 1.500000e+02 4.500000e+01 -1.350000e+01
      endloop
   endfacet
   facet normal 1.000000e+00 0.000000e+00 0.000000e+00
      outer loop
         vertex 1.500000e+02 4.500000e+01 -1.350000e+01
         vertex 1.500000e+02 5.250000e+00 -3.000000e+00
         vertex 1.500000e+02 7.500000e+00 -1.350000e+01
      endloop
   endfacet
   facet normal 1.000000e+00 0.000000e+00 0.000000e+00
      outer loop
         vertex 1.500000e+02 4.500000e+01 -1.350000e+01
         vertex 1.500000e+02 7.500000e+00 -1.350000e+01
         vertex 1.500000e+02 4.500000e+01 -2.250000e+01
      endloop
   endfacet
   facet normal 1.000000e+00 0.000000e+00 0.000000e+00
      outer loop
         vertex 1.500000e+02 4.500000e+01 -2.250000e+01
         vertex 1.500000e+02 7.500000e+00 -1.350000e+01
         vertex 1.500000e+02 7.500000e+00 -2.250000e+01
      endloop
   endfacet
   facet normal 1.000000e+00 0.000000e+00 0.000000e+00
      outer loop
         vertex 1.500000e+02 4.500000e+01 -2.250000e+01
         vertex 1.500000e+02 7.500000e+00 -2.250000e+01
         vertex 1.500000e+02 9.000000e+01 -4.500000e+01
      endloop
   endfacet
   facet normal 1.000000e+00 0.000000e+00 -0.000000e+00
      outer loop
         vertex 1.500000e+02 -5.775000e+01 -1.350000e+01
         vertex 1.500000e+02 -5.775000e+01 -3.000000e+00
         vertex 1.500000e+02 -6.000000e+01 -1.350000e+01
      endloop
   endfacet
   facet normal 1.000000e+00 0.000000e+00 -0.000000e+00
      outer loop
         vertex 1.500000e+02 -6.000000e+01 -1.350000e+01
         vertex 1.500000e+02 -5.775000e+01 -3.000000e+00
         vertex 1.500000e+02 -9.000000e+01 -3.000000e+00
      endloop
   endfacet
   facet normal 1.000000e+00 0.000000e+00 0.000000e+00
      outer loop
         vertex 1.500000e+02 -6.000000e+01 -1.350000e+01
         vertex 1.500000e+02 -9.000000e+01 -3.000000e+00
         vertex 1.500000e+02 -6.000000e+01 -2.250000e+01
      endloop
   endfacet
   facet normal 1.000000e+00 0.000000e+00 0.000000e+00
      outer loop
         vertex 1.500000e+02 -6.000000e+01 -2.250000e+01
         vertex 1.500000e+02 -9.000000e+01 -3.000000e+00
         vertex 1.500000e+02 -9.000000e+01 -4.500000e+01
      endloop
   endfacet
   facet normal 1.000000e+00 -0.000000e+00 0.000000e+00
      outer loop
         vertex 1.500000e+02 -6.000000e+01 -2.250000e+01
         vertex 1.500000e+02 -9.000000e+01 -4.500000e+01
         vertex 1.500000e+02 -4.500000e+01 -2.250000e+01
      endloop
   endfacet
   facet normal 1.000000e+00 0.000000e+00 0.000000e+00
      outer loop
         vertex 1.500000e+02 -4.500000e+01 -2.250000e+01
         vertex 1.500000e+02 -9.000000e+01 -4.500000e+01
         vertex 1.500000e+02 9.000000e+01 -4.500000e+01
      endloop
   endfacet
   facet normal 1.000000e+00 -0.000000e+00 0.000000e+00
      outer loop
         vertex 1.500000e+02 -4.500000e+01 -2.250000e+01
         vertex 1.500000e+02 9.000000e+01 -4.500000e+01
         vertex 1.500000e+02 -7.500000e+00 -2.250000e+01
      endloop
   endfacet
   facet normal 1.000000e+00 -0.000000e+00 0.000000e+00
      outer loop
         vertex 1.500000e+02 -7.500000e+00 -2.250000e+01
         vertex 1.500000e+02 9.000000e+01 -4.500000e+01
         vertex 1.500000e+02 7.500000e+00 -2.250000e+01
      endloop
   endfacet
   facet normal -1.000000e+00 0.000000e+00 0.000000e+00
      outer loop
         vertex -1.500000e+02 7.500000e+00 -1.350000e+01
         vertex -1.500000e+02 5.250000e+00 -1.350000e+01
         vertex -1.500000e+02 5.250000e+00 -3.000000e+00
      endloop
   endfacet
   facet normal -1.000000e+00 0.000000e+00 0.000000e+00
      outer loop
         vertex -1.500000e+02 -4.725000e+01 -3.000000e+00
         vertex -1.500000e+02 -5.250000e+00 -3.000000e+00
         vertex -1.500000e+02 -7.500000e+00 -1.350000e+01
      endloop
   endfacet
   facet normal -1.000000e+00 0.000000e+00 0.000000e+00
      outer loop
         vertex -1.500000e+02 -7.500000e+00 -1.350000e+01
         vertex -1.500000e+02 -5.250000e+00 -3.000000e+00
         vertex -1.500000e+02 -5.250000e+00 -1.350000e+01
      endloop
   endfacet
   facet normal -1.000000e+00 0.000000e+00 0.000000e+00
      outer loop
         vertex -1.500000e+02 -7.500000e+00 -2.250000e+01
         vertex -1.500000e+02 7.500000e+00 -2.250000e+01
         vertex -1.500000e+02 9.000000e+01 -4.500000e+01
      endloop
   endfacet
   facet normal -1.000000e+00 -0.000000e+00 -0.000000e+00
      outer loop
         vertex -1.500000e+02 -5.775000e+01 -3.000000e+00
         vertex -1.500000e+02 -5.775000e+01 -1.350000e+01
         vertex -1.500000e+02 -9.000000e+01 -3.000000e+00
      endloop
   endfacet
   facet normal -1.000000e+00 0.000000e+00 0.000000e+00
      outer loop
         vertex -1.500000e+02 -9.000000e+01 -3.000000e+00
         vertex -1.500000e+02 -5.775000e+01 -1.350000e+01
         vertex -1.500000e+02 -6.000000e+01 -1.350000e+01
      endloop
   endfacet
   facet normal -1.000000e+00 0.000000e+00 0.000000e+00
      outer loop
         vertex -1.500000e+02 -9.000000e+01 -3.000000e+00
         vertex -1.500000e+02 -6.000000e+01 -1.350000e+01
         vertex -1.500000e+02 -9.000000e+01 -4.500000e+01
      endloop
   endfacet
   facet normal -1.000000e+00 0.000000e+00 0.000000e+00
      outer loop
         vertex -1.500000e+02 -9.000000e+01 -4.500000e+01
         vertex -1.500000e+02 -6.000000e+01 -1.350000e+01
         vertex -1.500000e+02 -6.000000e+01 -2.250000e+01
      endloop
   endfacet
   facet normal -1.000000e+00 0.000000e+00 0.000000e+00
      outer loop
         vertex -1.500000e+02 -9.000000e+01 -4.500000e+01
         vertex -1.500000e+02 -6.000000e+01 -2.250000e+01
         vertex -1.500000e+02 -4.500000e+01 -2.250000e+01
      endloop
   endfacet
   facet normal -1.000000e+00 0.000000e+00 -0.000000e+00
      outer loop
         vertex -1.500000e+02 4.725000e+01 -3.000000e+00
         vertex -1.500000e+02 4.725000e+01 -1.350000e+01
         vertex -1.500000e+02 4.500000e+01 -1.350000e+01
      endloop
   endfacet
   facet normal -1.000000e+00 0.000000e+00 0.000000e+00
      outer loop
         vertex -1.500000e+02 -4.725000e+01 -1.350000e+01
         vertex -1.500000e+02 -4.725000e+01 -3.000000e+00
         vertex -1.500000e+02 -4.500000e+01 -1.350000e+01
      endloop
   endfacet
   facet normal -1.000000e+00 0.000000e+00 0.000000e+00
      outer loop
         vertex -1.500000e+02 -4.500000e+01 -1.350000e+01
         vertex -1.500000e+02 -4.725000e+01 -3.000000e+00
         vertex -1.500000e+02 -7.500000e+00 -1.350000e+01
      endloop
   endfacet
   facet normal -1.000000e+00 0.000000e+00 0.000000e+00
      outer loop
         vertex -1.500000e+02 -4.500000e+01 -1.350000e+01
         vertex -1.500000e+02 -7.500000e+00 -1.350000e+01
         vertex -1.500000e+02 -4.500000e+01 -2.250000e+01
      endloop
   endfacet
   facet normal -1.000000e+00 0.000000e+00 0.000000e+00
      outer loop
         vertex -1.500000e+02 -4.500000e+01 -2.250000e+01
         vertex -1.500000e+02 -7.500000e+00 -1.350000e+01
         vertex -1.500000e+02 -7.500000e+00 -2.250000e+01
      endloop
   endfacet
   facet normal -1.000000e+00 0.000000e+00 -0.000000e+00
      outer loop
         vertex -1.500000e+02 -4.500000e+01 -2.250000e+01
         vertex -1.500000e+02 -7.500000e+00 -2.250000e+01
         vertex -1.500000e+02 -9.000000e+01 -4.500000e+01
      endloop
   endfacet
   facet normal -1.000000e+00 0.000000e+00 0.000000e+00
      outer loop
         vertex -1.500000e+02 -9.000000e+01 -4.500000e+01
         vertex -1.500000e+02 -7.500000e+00 -2.250000e+01
         vertex -1.500000e+02 9.000000e+01 -4.500000e+01
      endloop
   endfacet
   facet normal -1.000000e+00 0.000000e+00 0.000000e+00
      outer loop
         vertex -1.500000e+02 5.775000e+01 -1.350000e+01
         vertex -1.500000e+02 5.775000e+01 -3.000000e+00
         vertex -1.500000e+02 6.000000e+01 -1.350000e+01
      endloop
   endfacet
   facet normal -1.000000e+00 0.000000e+00 0.000000e+00
      outer loop
         vertex -1.500000e+02 6.000000e+01 -1.350000e+01
         vertex -1.500000e+02 5.775000e+01 -3.000000e+00
         vertex -1.500000e+02 9.000000e+01 -3.000000e+00
      endloop
   endfacet
   facet normal -1.000000e+00 0.000000e+00 0.000000e+00
      outer loop
         vertex -1.500000e+02 6.000000e+01 -1.350000e+01
         vertex -1.500000e+02 9.000000e+01 -3.000000e+00
         vertex -1.500000e+02 6.000000e+01 -2.250000e+01
      endloop
   endfacet
   facet normal -1.000000e+00 0.000000e+00 0.000000e+00
      outer loop
         vertex -1.500000e+02 6.000000e+01 -2.250000e+01
         vertex -1.500000e+02 9.000000e+01 -3.000000e+00
         vertex -1.500000e+02 9.000000e+01 -4.500000e+01
      endloop
   endfacet
   facet normal -1.000000e+00 -0.000000e+00 -0.000000e+00
      outer loop
         vertex -1.500000e+02 6.000000e+01 -2.250000e+01
         vertex -1.500000e+02 9.000000e+01 -4.500000e+01
         vertex -1.500000e+02 4.500000e+01 -2.250000e+01
      endloop
   endfacet
   facet normal -1.000000e+00 -0.000000e+00 -0.000000e+00
      outer loop
         vertex -1.500000e+02 4.500000e+01 -2.250000e+01
         vertex -1.500000e+02 9.000000e+01 -4.500000e+01
         vertex -1.500000e+02 7.500000e+00 -2.250000e+01
      endloop
   endfacet
   facet normal -1.000000e+00 0.000000e+00 0.000000e+00
      outer loop
         vertex -1.500000e+02 4.500000e+01 -2.250000e+01
         vertex -1.500000e+02 7.500000e+00 -2.250000e+01
         vertex -1.500000e+02 4.500000e+01 -1.350000e+01
      endloop
   endfacet
   facet normal -1.000000e+00 -0.000000e+00 0.000000e+00
      outer loop
         vertex -1.500000e+02 4.500000e+01 -1.350000e+01
         vertex -1.500000e+02 7.500000e+00 -2.250000e+01
         vertex -1.500000e+02 7.500000e+00 -1.350000e+01
      endloop
   endfacet
   facet normal -1.000000e+00 0.000000e+00 0.000000e+00
      outer loop
         vertex -1.500000e+02 4.500000e+01 -1.350000e+01
         vertex -1.500000e+02 7.500000e+00 -1.350000e+01
         vertex -1.500000e+02 4.725000e+01 -3.000000e+00
      endloop
   endfacet
   facet normal -1.000000e+00 -0.000000e+00 0.000000e+00
      outer loop
         vertex -1.500000e+02 4.725000e+01 -3.000000e+00
         vertex -1.500000e+02 7.500000e+00 -1.350000e+01
         vertex -1.500000e+02 5.250000e+00 -3.000000e+00
      endloop
   endfacet
   facet normal 0.000000e+00 -0.000000e+00 1.000000e+00
      outer loop
         vertex 1.470000e+02 -4.725000e+01 0.000000e+00
         vertex 1.470000e+02 -5.250000e+00 0.000000e+00
         vertex -1.470000e+02 -4.725000e+01 0.000000e+00
      endloop
   endfacet
   facet normal 0.000000e+00 0.000000e+00 1.000000e+00
      outer loop
         vertex -1.470000e+02 -4.725000e+01 0.000000e+00
         vertex 1.470000e+02 -5.250000e+00 0.000000e+00
         vertex -1.470000e+02 -5.250000e+00 0.000000e+00
      endloop
   endfacet
   facet normal 9.961937e-01 -0.000000e+00 8.716695e-02
      outer loop
         vertex 1.500000e+02 -4.725000e+01 -3.000000e+00
         vertex 1.500000e+02 -5.250000e+00 -3.000000e+00
         vertex 1.499544e+02 -5.250000e+00 -2.479055e+00
      endloop
   endfacet
   facet normal 9.961937e-01 0.000000e+00 8.716695e-02
      outer loop
         vertex 1.500000e+02 -4.725000e+01 -3.000000e+00
         vertex 1.499544e+02 -5.250000e+00 -2.479055e+00
         vertex 1.499544e+02 -4.725000e+01 -2.479055e+00
      endloop
   endfacet
   facet normal 9.659249e-01 -0.000000e+00 2.588224e-01
      outer loop
         vertex 1.499544e+02 -4.725000e+01 -2.479055e+00
         vertex 1.499544e+02 -5.250000e+00 -2.479055e+00
         vertex 1.498191e+02 -5.250000e+00 -1.973940e+00
      endloop
   endfacet
   facet normal 9.659249e-01 0.000000e+00 2.588224e-01
      outer loop
         vertex 1.499544e+02 -4.725000e+01 -2.479055e+00
         vertex 1.498191e+02 -5.250000e+00 -1.973940e+00
         vertex 1.498191e+02 -4.725000e+01 -1.973940e+00
      endloop
   endfacet
   facet normal 9.063096e-01 -0.000000e+00 4.226143e-01
      outer loop
         vertex 1.498191e+02 -4.725000e+01 -1.973940e+00
         vertex 1.498191e+02 -5.250000e+00 -1.973940e+00
         vertex 1.495981e+02 -5.250000e+00 -1.500000e+00
      endloop
   endfacet
   facet normal 9.063096e-01 0.000000e+00 4.226143e-01
      outer loop
         vertex 1.498191e+02 -4.725000e+01 -1.973940e+00
         vertex 1.495981e+02 -5.250000e+00 -1.500000e+00
         vertex 1.495981e+02 -4.725000e+01 -1.500000e+00
      endloop
   endfacet
   facet normal 8.191497e-01 -0.000000e+00 5.735797e-01
      outer loop
         vertex 1.495981e+02 -4.725000e+01 -1.500000e+00
         vertex 1.495981e+02 -5.250000e+00 -1.500000e+00
         vertex 1.492981e+02 -5.250000e+00 -1.071637e+00
      endloop
   endfacet
   facet normal 8.191497e-01 0.000000e+00 5.735797e-01
      outer loop
         vertex 1.495981e+02 -4.725000e+01 -1.500000e+00
         vertex 1.492981e+02 -5.250000e+00 -1.071637e+00
         vertex 1.492981e+02 -4.725000e+01 -1.071637e+00
      endloop
   endfacet
   facet normal 7.071050e-01 -0.000000e+00 7.071086e-01
      outer loop
         vertex 1.492981e+02 -4.725000e+01 -1.071637e+00
         vertex 1.492981e+02 -5.250000e+00 -1.071637e+00
         vertex 1.489284e+02 -5.250000e+00 -7.018667e-01
      endloop
   endfacet
   facet normal 7.071050e-01 0.000000e+00 7.071086e-01
      outer loop
         vertex 1.492981e+02 -4.725000e+01 -1.071637e+00
         vertex 1.489284e+02 -5.250000e+00 -7.018667e-01
         vertex 1.489284e+02 -4.725000e+01 -7.018667e-01
      endloop
   endfacet
   facet normal 5.735757e-01 -0.000000e+00 8.191526e-01
      outer loop
         vertex 1.489284e+02 -4.725000e+01 -7.018667e-01
         vertex 1.489284e+02 -5.250000e+00 -7.018667e-01
         vertex 1.485000e+02 -5.250000e+00 -4.019238e-01
      endloop
   endfacet
   facet normal 5.735757e-01 0.000000e+00 8.191526e-01
      outer loop
         vertex 1.489284e+02 -4.725000e+01 -7.018667e-01
         vertex 1.485000e+02 -5.250000e+00 -4.019238e-01
         vertex 1.485000e+02 -4.725000e+01 -4.019238e-01
      endloop
   endfacet
   facet normal 4.226242e-01 -0.000000e+00 9.063050e-01
      outer loop
         vertex 1.485000e+02 -4.725000e+01 -4.019238e-01
         vertex 1.485000e+02 -5.250000e+00 -4.019238e-01
         vertex 1.480261e+02 -5.250000e+00 -1.809221e-01
      endloop
   endfacet
   facet normal 4.226242e-01 0.000000e+00 9.063050e-01
      outer loop
         vertex 1.485000e+02 -4.725000e+01 -4.019238e-01
         vertex 1.480261e+02 -5.250000e+00 -1.809221e-01
         vertex 1.480261e+02 -4.725000e+01 -1.809221e-01
      endloop
   endfacet
   facet normal 2.588173e-01 -0.000000e+00 9.659263e-01
      outer loop
         vertex 1.480261e+02 -4.725000e+01 -1.809221e-01
         vertex 1.480261e+02 -5.250000e+00 -1.809221e-01
         vertex 1.475209e+02 -5.250000e+00 -4.557674e-02
      endloop
   endfacet
   facet normal 2.588173e-01 0.000000e+00 9.659263e-01
      outer loop
         vertex 1.480261e+02 -4.725000e+01 -1.809221e-01
         vertex 1.475209e+02 -5.250000e+00 -4.557674e-02
         vertex 1.475209e+02 -4.725000e+01 -4.557674e-02
      endloop
   endfacet
   facet normal 8.715573e-02 -0.000000e+00 9.961947e-01
      outer loop
         vertex 1.475209e+02 -4.725000e+01 -4.557674e-02
         vertex 1.475209e+02 -5.250000e+00 -4.557674e-02
         vertex 1.470000e+02 -5.250000e+00 0.000000e+00
      endloop
   endfacet
   facet normal 8.715573e-02 0.000000e+00 9.961947e-01
      outer loop
         vertex 1.475209e+02 -4.725000e+01 -4.557674e-02
         vertex 1.470000e+02 -5.250000e+00 0.000000e+00
         vertex 1.470000e+02 -4.725000e+01 0.000000e+00
      endloop
   endfacet
   facet normal 9.969165e-01 -0.000000e+00 7.846964e-02
      outer loop
         vertex 1.500000e+02 -9.000000e+01 -3.000000e+00
         vertex 1.500000e+02 -5.775000e+01 -3.000000e+00
         vertex 1.499631e+02 -8.998470e+01 -2.530697e+00
      endloop
   endfacet
   facet normal 9.961937e-01 1.274520e-04 8.716695e-02
      outer loop
         vertex 1.499631e+02 -8.998470e+01 -2.530697e+00
         vertex 1.500000e+02 -5.775000e+01 -3.000000e+00
         vertex 1.499544e+02 -5.775000e+01 -2.479055e+00
      endloop
   endfacet
   facet normal 9.862630e-01 -1.948024e-07 1.651828e-01
      outer loop
         vertex 1.499631e+02 -8.998470e+01 -2.530697e+00
         vertex 1.499544e+02 -5.775000e+01 -2.479055e+00
         vertex 1.499544e+02 -8.998111e+01 -2.478915e+00
      endloop
   endfacet
   facet normal 9.702931e-01 1.531730e-07 2.419326e-01
      outer loop
         vertex 1.499544e+02 -8.998111e+01 -2.478915e+00
         vertex 1.499544e+02 -5.775000e+01 -2.479055e+00
         vertex 1.498532e+02 -8.993918e+01 -2.072949e+00
      endloop
   endfacet
   facet normal 9.659249e-01 2.269789e-04 2.588224e-01
      outer loop
         vertex 1.498532e+02 -8.993918e+01 -2.072949e+00
         vertex 1.499544e+02 -5.775000e+01 -2.479055e+00
         vertex 1.498191e+02 -5.775000e+01 -1.973940e+00
      endloop
   endfacet
   facet normal 9.454812e-01 -3.092051e-07 3.256768e-01
      outer loop
         vertex 1.498532e+02 -8.993918e+01 -2.072949e+00
         vertex 1.498191e+02 -5.775000e+01 -1.973940e+00
         vertex 1.498189e+02 -8.992501e+01 -1.973581e+00
      endloop
   endfacet
   facet normal 9.170353e-01 6.248445e-07 3.988060e-01
      outer loop
         vertex 1.498189e+02 -8.992501e+01 -1.973581e+00
         vertex 1.498191e+02 -5.775000e+01 -1.973940e+00
         vertex 1.496730e+02 -8.986456e+01 -1.638029e+00
      endloop
   endfacet
   facet normal 9.063096e-01 2.984363e-04 4.226143e-01
      outer loop
         vertex 1.496730e+02 -8.986456e+01 -1.638029e+00
         vertex 1.498191e+02 -5.775000e+01 -1.973940e+00
         vertex 1.495981e+02 -5.775000e+01 -1.500000e+00
      endloop
   endfacet
   facet normal 8.787952e-01 -3.730020e-07 4.771991e-01
      outer loop
         vertex 1.496730e+02 -8.986456e+01 -1.638029e+00
         vertex 1.495981e+02 -5.775000e+01 -1.500000e+00
         vertex 1.495978e+02 -8.983339e+01 -1.499476e+00
      endloop
   endfacet
   facet normal 8.386161e-01 1.102532e-06 5.447229e-01
      outer loop
         vertex 1.495978e+02 -8.983339e+01 -1.499476e+00
         vertex 1.495981e+02 -5.775000e+01 -1.500000e+00
         vertex 1.494271e+02 -8.976268e+01 -1.236644e+00
      endloop
   endfacet
   facet normal 8.191497e-01 3.424905e-04 5.735797e-01
      outer loop
         vertex 1.494271e+02 -8.976268e+01 -1.236644e+00
         vertex 1.495981e+02 -5.775000e+01 -1.500000e+00
         vertex 1.492981e+02 -5.775000e+01 -1.071637e+00
      endloop
   endfacet
   facet normal 7.879277e-01 -7.051977e-07 6.157677e-01
      outer loop
         vertex 1.494271e+02 -8.976268e+01 -1.236644e+00
         vertex 1.492981e+02 -5.775000e+01 -1.071637e+00
         vertex 1.492977e+02 -8.970909e+01 -1.071083e+00
      endloop
   endfacet
   facet normal 7.371814e-01 1.068019e-06 6.756949e-01
      outer loop
         vertex 1.492977e+02 -8.970909e+01 -1.071083e+00
         vertex 1.492981e+02 -5.775000e+01 -1.071637e+00
         vertex 1.491213e+02 -8.963604e+01 -8.786797e-01
      endloop
   endfacet
   facet normal 7.071050e-01 3.579487e-04 7.071085e-01
      outer loop
         vertex 1.491213e+02 -8.963604e+01 -8.786797e-01
         vertex 1.492981e+02 -5.775000e+01 -1.071637e+00
         vertex 1.489284e+02 -5.775000e+01 -7.018667e-01
      endloop
   endfacet
   facet normal 6.755099e-01 -9.446758e-07 7.373509e-01
      outer loop
         vertex 1.491213e+02 -8.963604e+01 -8.786797e-01
         vertex 1.489284e+02 -5.775000e+01 -7.018667e-01
         vertex 1.489278e+02 -8.955589e+01 -7.014160e-01
      endloop
   endfacet
   facet normal 6.155829e-01 7.847980e-07 7.880721e-01
      outer loop
         vertex 1.489278e+02 -8.955589e+01 -7.014160e-01
         vertex 1.489284e+02 -5.775000e+01 -7.018667e-01
         vertex 1.487634e+02 -8.948777e+01 -5.729490e-01
      endloop
   endfacet
   facet normal 5.735757e-01 3.454225e-04 8.191525e-01
      outer loop
         vertex 1.487634e+02 -8.948777e+01 -5.729490e-01
         vertex 1.489284e+02 -5.775000e+01 -7.018667e-01
         vertex 1.485000e+02 -5.775000e+01 -4.019238e-01
      endloop
   endfacet
   facet normal 5.445503e-01 -9.202925e-07 8.387282e-01
      outer loop
         vertex 1.487634e+02 -8.948777e+01 -5.729490e-01
         vertex 1.485000e+02 -5.775000e+01 -4.019238e-01
         vertex 1.484995e+02 -8.937848e+01 -4.016489e-01
      endloop
   endfacet
   facet normal 4.770774e-01 4.457417e-07 8.788613e-01
      outer loop
         vertex 1.484995e+02 -8.937848e+01 -4.016489e-01
         vertex 1.485000e+02 -5.775000e+01 -4.019238e-01
         vertex 1.483620e+02 -8.932151e+01 -3.269804e-01
      endloop
   endfacet
   facet normal 4.226242e-01 3.036582e-04 9.063050e-01
      outer loop
         vertex 1.483620e+02 -8.932151e+01 -3.269804e-01
         vertex 1.485000e+02 -5.775000e+01 -4.019238e-01
         vertex 1.480261e+02 -5.775000e+01 -1.809221e-01
      endloop
   endfacet
   facet normal 3.987015e-01 -7.170520e-07 9.170808e-01
      outer loop
         vertex 1.483620e+02 -8.932151e+01 -3.269804e-01
         vertex 1.480261e+02 -5.775000e+01 -1.809221e-01
         vertex 1.480258e+02 -8.918224e+01 -1.808107e-01
      endloop
   endfacet
   facet normal 3.255105e-01 1.125211e-07 9.455384e-01
      outer loop
         vertex 1.480258e+02 -8.918224e+01 -1.808107e-01
         vertex 1.480261e+02 -5.775000e+01 -1.809221e-01
         vertex 1.479270e+02 -8.914135e+01 -1.468305e-01
      endloop
   endfacet
   facet normal 2.588173e-01 2.326255e-04 9.659263e-01
      outer loop
         vertex 1.479270e+02 -8.914135e+01 -1.468305e-01
         vertex 1.480261e+02 -5.775000e+01 -1.809221e-01
         vertex 1.475209e+02 -5.775000e+01 -4.557674e-02
      endloop
   endfacet
   facet normal 2.419099e-01 -2.038785e-07 9.702987e-01
      outer loop
         vertex 1.479270e+02 -8.914135e+01 -1.468305e-01
         vertex 1.475209e+02 -5.775000e+01 -4.557674e-02
         vertex 1.475208e+02 -8.897310e+01 -4.555730e-02
      endloop
   endfacet
   facet normal 1.649910e-01 6.304967e-08 9.862951e-01
      outer loop
         vertex 1.475208e+02 -8.897310e+01 -4.555730e-02
         vertex 1.475209e+02 -5.775000e+01 -4.557674e-02
         vertex 1.474693e+02 -8.895175e+01 -3.693498e-02
      endloop
   endfacet
   facet normal 8.715573e-02 1.316435e-04 9.961947e-01
      outer loop
         vertex 1.474693e+02 -8.895175e+01 -3.693498e-02
         vertex 1.475209e+02 -5.775000e+01 -4.557674e-02
         vertex 1.470000e+02 -5.775000e+01 0.000000e+00
      endloop
   endfacet
   facet normal 7.846013e-02 0.000000e+00 9.969173e-01
      outer loop
         vertex 1.474693e+02 -8.895175e+01 -3.693498e-02
         vertex 1.470000e+02 -5.775000e+01 0.000000e+00
         vertex 1.470000e+02 -8.875736e+01 0.000000e+00
      endloop
   endfacet
   facet normal -9.961937e-01 0.000000e+00 8.716695e-02
      outer loop
         vertex -1.500000e+02 -5.250000e+00 -3.000000e+00
         vertex -1.500000e+02 -4.725000e+01 -3.000000e+00
         vertex -1.499544e+02 -4.725000e+01 -2.479055e+00
      endloop
   endfacet
   facet normal -9.961937e-01 0.000000e+00 8.716695e-02
      outer loop
         vertex -1.500000e+02 -5.250000e+00 -3.000000e+00
         vertex -1.499544e+02 -4.725000e+01 -2.479055e+00
         vertex -1.499544e+02 -5.250000e+00 -2.479055e+00
      endloop
   endfacet
   facet normal -9.659249e-01 0.000000e+00 2.588224e-01
      outer loop
         vertex -1.499544e+02 -5.250000e+00 -2.479055e+00
         vertex -1.499544e+02 -4.725000e+01 -2.479055e+00
         vertex -1.498191e+02 -4.725000e+01 -1.973940e+00
      endloop
   endfacet
   facet normal -9.659249e-01 0.000000e+00 2.588224e-01
      outer loop
         vertex -1.499544e+02 -5.250000e+00 -2.479055e+00
         vertex -1.498191e+02 -4.725000e+01 -1.973940e+00
         vertex -1.498191e+02 -5.250000e+00 -1.973940e+00
      endloop
   endfacet
   facet normal -9.063096e-01 0.000000e+00 4.226143e-01
      outer loop
         vertex -1.498191e+02 -5.250000e+00 -1.973940e+00
         vertex -1.498191e+02 -4.725000e+01 -1.973940e+00
         vertex -1.495981e+02 -4.725000e+01 -1.500000e+00
      endloop
   endfacet
   facet normal -9.063096e-01 0.000000e+00 4.226143e-01
      outer loop
         vertex -1.498191e+02 -5.250000e+00 -1.973940e+00
         vertex -1.495981e+02 -4.725000e+01 -1.500000e+00
         vertex -1.495981e+02 -5.250000e+00 -1.500000e+00
      endloop
   endfacet
   facet normal -8.191497e-01 0.000000e+00 5.735797e-01
      outer loop
         vertex -1.495981e+02 -5.250000e+00 -1.500000e+00
         vertex -1.495981e+02 -4.725000e+01 -1.500000e+00
         vertex -1.492981e+02 -4.725000e+01 -1.071637e+00
      endloop
   endfacet
   facet normal -8.191497e-01 0.000000e+00 5.735797e-01
      outer loop
         vertex -1.495981e+02 -5.250000e+00 -1.500000e+00
         vertex -1.492981e+02 -4.725000e+01 -1.071637e+00
         vertex -1.492981e+02 -5.250000e+00 -1.071637e+00
      endloop
   endfacet
   facet normal -7.071050e-01 0.000000e+00 7.071086e-01
      outer loop
         vertex -1.492981e+02 -5.250000e+00 -1.071637e+00
         vertex -1.492981e+02 -4.725000e+01 -1.071637e+00
         vertex -1.489284e+02 -4.725000e+01 -7.018667e-01
      endloop
   endfacet
   facet normal -7.071050e-01 0.000000e+00 7.071086e-01
      outer loop
         vertex -1.492981e+02 -5.250000e+00 -1.071637e+00
         vertex -1.489284e+02 -4.725000e+01 -7.018667e-01
         vertex -1.489284e+02 -5.250000e+00 -7.018667e-01
      endloop
   endfacet
   facet normal -5.735757e-01 0.000000e+00 8.191526e-01
      outer loop
         vertex -1.489284e+02 -5.250000e+00 -7.018667e-01
         vertex -1.489284e+02 -4.725000e+01 -7.018667e-01
         vertex -1.485000e+02 -4.725000e+01 -4.019238e-01
      endloop
   endfacet
   facet normal -5.735757e-01 0.000000e+00 8.191526e-01
      outer loop
         vertex -1.489284e+02 -5.250000e+00 -7.018667e-01
         vertex -1.485000e+02 -4.725000e+01 -4.019238e-01
         vertex -1.485000e+02 -5.250000e+00 -4.019238e-01
      endloop
   endfacet
   facet normal -4.226242e-01 0.000000e+00 9.063050e-01
      outer loop
         vertex -1.485000e+02 -5.250000e+00 -4.019238e-01
         vertex -1.485000e+02 -4.725000e+01 -4.019238e-01
         vertex -1.480261e+02 -4.725000e+01 -1.809221e-01
      endloop
   endfacet
   facet normal -4.226242e-01 0.000000e+00 9.063050e-01
      outer loop
         vertex -1.485000e+02 -5.250000e+00 -4.019238e-01
         vertex -1.480261e+02 -4.725000e+01 -1.809221e-01
         vertex -1.480261e+02 -5.250000e+00 -1.809221e-01
      endloop
   endfacet
   facet normal -2.588173e-01 0.000000e+00 9.659263e-01
      outer loop
         vertex -1.480261e+02 -5.250000e+00 -1.809221e-01
         vertex -1.480261e+02 -4.725000e+01 -1.809221e-01
         vertex -1.475209e+02 -4.725000e+01 -4.557674e-02
      endloop
   endfacet
   facet normal -2.588173e-01 0.000000e+00 9.659263e-01
      outer loop
         vertex -1.480261e+02 -5.250000e+00 -1.809221e-01
         vertex -1.475209e+02 -4.725000e+01 -4.557674e-02
         vertex -1.475209e+02 -5.250000e+00 -4.557674e-02
      endloop
   endfacet
   facet normal -8.715573e-02 0.000000e+00 9.961947e-01
      outer loop
         vertex -1.475209e+02 -5.250000e+00 -4.557674e-02
         vertex -1.475209e+02 -4.725000e+01 -4.557674e-02
         vertex -1.470000e+02 -4.725000e+01 0.000000e+00
      endloop
   endfacet
   facet normal -8.715573e-02 0.000000e+00 9.961947e-01
      outer loop
         vertex -1.475209e+02 -5.250000e+00 -4.557674e-02
         vertex -1.470000e+02 -4.725000e+01 0.000000e+00
         vertex -1.470000e+02 -5.250000e+00 0.000000e+00
      endloop
   endfacet
   facet normal -8.715573e-02 0.000000e+00 9.961947e-01
      outer loop
         vertex -1.470000e+02 -8.875736e+01 0.000000e+00
         vertex -1.470000e+02 -5.775000e+01 0.000000e+00
         vertex -1.475209e+02 -5.775000e+01 -4.557674e-02
      endloop
   endfacet
   facet normal -8.715573e-02 0.000000e+00 9.961947e-01
      outer loop
         vertex -1.470000e+02 -8.875736e+01 0.000000e+00
         vertex -1.475209e+02 -5.775000e+01 -4.557674e-02
         vertex -1.475209e+02 -8.897314e+01 -4.557674e-02
      endloop
   endfacet
   facet normal -2.588173e-01 0.000000e+00 9.659263e-01
      outer loop
         vertex -1.475209e+02 -8.897314e+01 -4.557674e-02
         vertex -1.475209e+02 -5.775000e+01 -4.557674e-02
         vertex -1.480261e+02 -5.775000e+01 -1.809221e-01
      endloop
   endfacet
   facet normal -2.588173e-01 0.000000e+00 9.659263e-01
      outer loop
         vertex -1.475209e+02 -8.897314e+01 -4.557674e-02
         vertex -1.480261e+02 -5.775000e+01 -1.809221e-01
         vertex -1.480261e+02 -8.918237e+01 -1.809221e-01
      endloop
   endfacet
   facet normal -4.226242e-01 0.000000e+00 9.063050e-01
      outer loop
         vertex -1.480261e+02 -8.918237e+01 -1.809221e-01
         vertex -1.480261e+02 -5.775000e+01 -1.809221e-01
         vertex -1.485000e+02 -5.775000e+01 -4.019238e-01
      endloop
   endfacet
   facet normal -4.226242e-01 0.000000e+00 9.063050e-01
      outer loop
         vertex -1.480261e+02 -8.918237e+01 -1.809221e-01
         vertex -1.485000e+02 -5.775000e+01 -4.019238e-01
         vertex -1.485000e+02 -8.937868e+01 -4.019238e-01
      endloop
   endfacet
   facet normal -5.735757e-01 0.000000e+00 8.191526e-01
      outer loop
         vertex -1.485000e+02 -8.937868e+01 -4.019238e-01
         vertex -1.485000e+02 -5.775000e+01 -4.019238e-01
         vertex -1.489284e+02 -5.775000e+01 -7.018667e-01
      endloop
   endfacet
   facet normal -5.735757e-01 0.000000e+00 8.191526e-01
      outer loop
         vertex -1.485000e+02 -8.937868e+01 -4.019238e-01
         vertex -1.489284e+02 -5.775000e+01 -7.018667e-01
         vertex -1.489284e+02 -8.955611e+01 -7.018667e-01
      endloop
   endfacet
   facet normal -7.071050e-01 0.000000e+00 7.071086e-01
      outer loop
         vertex -1.489284e+02 -8.955611e+01 -7.018667e-01
         vertex -1.489284e+02 -5.775000e+01 -7.018667e-01
         vertex -1.492981e+02 -5.775000e+01 -1.071637e+00
      endloop
   endfacet
   facet normal -7.071050e-01 0.000000e+00 7.071086e-01
      outer loop
         vertex -1.489284e+02 -8.955611e+01 -7.018667e-01
         vertex -1.492981e+02 -5.775000e+01 -1.071637e+00
         vertex -1.492981e+02 -8.970927e+01 -1.071637e+00
      endloop
   endfacet
   facet normal -7.933527e-01 0.000000e+00 6.087623e-01
      outer loop
         vertex -1.492981e+02 -8.970927e+01 -1.071637e+00
         vertex -1.492981e+02 -5.775000e+01 -1.071637e+00
         vertex -1.494575e+02 -8.977527e+01 -1.279271e+00
      endloop
   endfacet
   facet normal -8.191497e-01 3.564419e-04 5.735797e-01
      outer loop
         vertex -1.494575e+02 -8.977527e+01 -1.279271e+00
         vertex -1.492981e+02 -5.775000e+01 -1.071637e+00
         vertex -1.495981e+02 -5.775000e+01 -1.500000e+00
      endloop
   endfacet
   facet normal -8.433876e-01 0.000000e+00 5.373056e-01
      outer loop
         vertex -1.494575e+02 -8.977527e+01 -1.279271e+00
         vertex -1.495981e+02 -5.775000e+01 -1.500000e+00
         vertex -1.495981e+02 -8.983352e+01 -1.500000e+00
      endloop
   endfacet
   facet normal -8.870088e-01 0.000000e+00 4.617525e-01
      outer loop
         vertex -1.495981e+02 -8.983352e+01 -1.500000e+00
         vertex -1.495981e+02 -5.775000e+01 -1.500000e+00
         vertex -1.497189e+02 -8.988357e+01 -1.732145e+00
      endloop
   endfacet
   facet normal -9.063096e-01 3.553359e-04 4.226143e-01
      outer loop
         vertex -1.497189e+02 -8.988357e+01 -1.732145e+00
         vertex -1.495981e+02 -5.775000e+01 -1.500000e+00
         vertex -1.498191e+02 -5.775000e+01 -1.973940e+00
      endloop
   endfacet
   facet normal -9.238847e-01 0.000000e+00 3.826710e-01
      outer loop
         vertex -1.497189e+02 -8.988357e+01 -1.732145e+00
         vertex -1.498191e+02 -5.775000e+01 -1.973940e+00
         vertex -1.498191e+02 -8.992506e+01 -1.973940e+00
      endloop
   endfacet
   facet normal -9.537078e-01 0.000000e+00 3.007347e-01
      outer loop
         vertex -1.498191e+02 -8.992506e+01 -1.973940e+00
         vertex -1.498191e+02 -5.775000e+01 -1.973940e+00
         vertex -1.498978e+02 -8.995765e+01 -2.223543e+00
      endloop
   endfacet
   facet normal -9.659249e-01 3.546684e-04 2.588224e-01
      outer loop
         vertex -1.498978e+02 -8.995765e+01 -2.223543e+00
         vertex -1.498191e+02 -5.775000e+01 -1.973940e+00
         vertex -1.499544e+02 -5.775000e+01 -2.479055e+00
      endloop
   endfacet
   facet normal -9.763012e-01 0.000000e+00 2.164161e-01
      outer loop
         vertex -1.498978e+02 -8.995765e+01 -2.223543e+00
         vertex -1.499544e+02 -5.775000e+01 -2.479055e+00
         vertex -1.499544e+02 -8.998112e+01 -2.479055e+00
      endloop
   endfacet
   facet normal -9.914485e-01 0.000000e+00 1.304984e-01
      outer loop
         vertex -1.499544e+02 -8.998112e+01 -2.479055e+00
         vertex -1.499544e+02 -5.775000e+01 -2.479055e+00
         vertex -1.499886e+02 -8.999527e+01 -2.738533e+00
      endloop
   endfacet
   facet normal -9.961937e-01 3.537141e-04 8.716694e-02
      outer loop
         vertex -1.499886e+02 -8.999527e+01 -2.738533e+00
         vertex -1.499544e+02 -5.775000e+01 -2.479055e+00
         vertex -1.500000e+02 -5.775000e+01 -3.000000e+00
      endloop
   endfacet
   facet normal -9.990460e-01 0.000000e+00 4.367006e-02
      outer loop
         vertex -1.499886e+02 -8.999527e+01 -2.738533e+00
         vertex -1.500000e+02 -5.775000e+01 -3.000000e+00
         vertex -1.500000e+02 -9.000000e+01 -3.000000e+00
      endloop
   endfacet
   facet normal 0.000000e+00 0.000000e+00 1.000000e+00
      outer loop
         vertex 1.255074e+02 1.102500e+02 0.000000e+00
         vertex 8.875736e+01 1.470000e+02 0.000000e+00
         vertex -1.255074e+02 1.102500e+02 0.000000e+00
      endloop
   endfacet
   facet normal 0.000000e+00 0.000000e+00 1.000000e+00
      outer loop
         vertex -1.255074e+02 1.102500e+02 0.000000e+00
         vertex 8.875736e+01 1.470000e+02 0.000000e+00
         vertex -8.875736e+01 1.470000e+02 0.000000e+00
      endloop
   endfacet
   facet normal 0.000000e+00 -0.000000e+00 1.000000e+00
      outer loop
         vertex 1.470000e+02 5.775000e+01 0.000000e+00
         vertex 1.470000e+02 8.875736e+01 0.000000e+00
         vertex 1.360074e+02 9.975000e+01 0.000000e+00
      endloop
   endfacet
   facet normal 0.000000e+00 0.000000e+00 1.000000e+00
      outer loop
         vertex 1.360074e+02 9.975000e+01 0.000000e+00
         vertex -1.360074e+02 9.975000e+01 0.000000e+00
         vertex 1.470000e+02 5.775000e+01 0.000000e+00
      endloop
   endfacet
   facet normal 0.000000e+00 0.000000e+00 1.000000e+00
      outer loop
         vertex 1.470000e+02 5.775000e+01 0.000000e+00
         vertex -1.360074e+02 9.975000e+01 0.000000e+00
         vertex -1.470000e+02 8.875736e+01 0.000000e+00
      endloop
   endfacet
   facet normal 0.000000e+00 0.000000e+00 1.000000e+00
      outer loop
         vertex 1.470000e+02 5.775000e+01 0.000000e+00
         vertex -1.470000e+02 8.875736e+01 0.000000e+00
         vertex -1.470000e+02 5.775000e+01 0.000000e+00
      endloop
   endfacet
   facet normal -7.071056e-01 7.071080e-01 0.000000e+00
      outer loop
         vertex -1.297500e+02 1.102500e+02 -1.350000e+01
         vertex -1.297500e+02 1.102500e+02 -3.000000e+00
         vertex -1.275000e+02 1.125000e+02 -1.350000e+01
      endloop
   endfacet
   facet normal -7.071068e-01 7.071067e-01 -5.301490e-07
      outer loop
         vertex -1.275000e+02 1.125000e+02 -1.350000e+01
         vertex -1.297500e+02 1.102500e+02 -3.000000e+00
         vertex -9.000000e+01 1.500000e+02 -3.000000e+00
      endloop
   endfacet
   facet normal -7.071069e-01 7.071066e-01 0.000000e+00
      outer loop
         vertex -1.275000e+02 1.125000e+02 -1.350000e+01
         vertex -9.000000e+01 1.500000e+02 -3.000000e+00
         vertex -1.275000e+02 1.125000e+02 -2.250000e+01
      endloop
   endfacet
   facet normal -7.071069e-01 7.071066e-01 0.000000e+00
      outer loop
         vertex -1.275000e+02 1.125000e+02 -2.250000e+01
         vertex -9.000000e+01 1.500000e+02 -3.000000e+00
         vertex -9.000000e+01 1.500000e+02 -4.500000e+01
      endloop
   endfacet
   facet normal -7.071068e-01 7.071068e-01 4.682983e-07
      outer loop
         vertex -1.275000e+02 1.125000e+02 -2.250000e+01
         vertex -9.000000e+01 1.500000e+02 -4.500000e+01
         vertex -1.425000e+02 9.750000e+01 -2.250000e+01
      endloop
   endfacet
   facet normal -7.071068e-01 7.071068e-01 4.682983e-07
      outer loop
         vertex -1.425000e+02 9.750000e+01 -2.250000e+01
         vertex -9.000000e+01 1.500000e+02 -4.500000e+01
         vertex -1.500000e+02 9.000000e+01 -4.500000e+01
      endloop
   endfacet
   facet normal -7.071061e-01 7.071075e-01 0.000000e+00
      outer loop
         vertex -1.425000e+02 9.750000e+01 -2.250000e+01
         vertex -1.500000e+02 9.000000e+01 -4.500000e+01
         vertex -1.425000e+02 9.750000e+01 -1.350000e+01
      endloop
   endfacet
   facet normal -7.071061e-01 7.071075e-01 0.000000e+00
      outer loop
         vertex -1.425000e+02 9.750000e+01 -1.350000e+01
         vertex -1.500000e+02 9.000000e+01 -4.500000e+01
         vertex -1.500000e+02 9.000000e+01 -3.000000e+00
      endloop
   endfacet
   facet normal -7.071068e-01 7.071068e-01 -1.003496e-06
      outer loop
         vertex -1.425000e+02 9.750000e+01 -1.350000e+01
         vertex -1.500000e+02 9.000000e+01 -3.000000e+00
         vertex -1.402500e+02 9.975000e+01 -1.350000e+01
      endloop
   endfacet
   facet normal -7.071062e-01 7.071073e-01 0.000000e+00
      outer loop
         vertex -1.402500e+02 9.975000e+01 -1.350000e+01
         vertex -1.500000e+02 9.000000e+01 -3.000000e+00
         vertex -1.402500e+02 9.975000e+01 -3.000000e+00
      endloop
   endfacet
   facet normal 7.071056e-01 7.071080e-01 0.000000e+00
      outer loop
         vertex 1.297500e+02 1.102500e+02 -3.000000e+00
         vertex 1.297500e+02 1.102500e+02 -1.350000e+01
         vertex 1.275000e+02 1.125000e+02 -1.350000e+01
      endloop
   endfacet
   facet normal 7.071068e-01 7.071068e-01 -0.000000e+00
      outer loop
         vertex 1.402500e+02 9.975000e+01 -1.350000e+01
         vertex 1.402500e+02 9.975000e+01 -3.000000e+00
         vertex 1.425000e+02 9.750000e+01 -1.350000e+01
      endloop
   endfacet
   facet normal 7.071062e-01 7.071073e-01 -2.315761e-07
      outer loop
         vertex 1.425000e+02 9.750000e+01 -1.350000e+01
         vertex 1.402500e+02 9.975000e+01 -3.000000e+00
         vertex 1.500000e+02 9.000000e+01 -3.000000e+00
      endloop
   endfacet
   facet normal 7.071061e-01 7.071075e-01 0.000000e+00
      outer loop
         vertex 1.425000e+02 9.750000e+01 -1.350000e+01
         vertex 1.500000e+02 9.000000e+01 -3.000000e+00
         vertex 1.425000e+02 9.750000e+01 -2.250000e+01
      endloop
   endfacet
   facet normal 7.071061e-01 7.071075e-01 0.000000e+00
      outer loop
         vertex 1.425000e+02 9.750000e+01 -2.250000e+01
         vertex 1.500000e+02 9.000000e+01 -3.000000e+00
         vertex 1.500000e+02 9.000000e+01 -4.500000e+01
      endloop
   endfacet
   facet normal 7.071068e-01 7.071068e-01 4.682983e-07
      outer loop
         vertex 1.425000e+02 9.750000e+01 -2.250000e+01
         vertex 1.500000e+02 9.000000e+01 -4.500000e+01
         vertex 1.275000e+02 1.125000e+02 -2.250000e+01
      endloop
   endfacet
   facet normal 7.071068e-01 7.071068e-01 4.682983e-07
      outer loop
         vertex 1.275000e+02 1.125000e+02 -2.250000e+01
         vertex 1.500000e+02 9.000000e+01 -4.500000e+01
         vertex 9.000000e+01 1.500000e+02 -4.500000e+01
      endloop
   endfacet
   facet normal 7.071069e-01 7.071066e-01 -0.000000e+00
      outer loop
         vertex 1.275000e+02 1.125000e+02 -2.250000e+01
         vertex 9.000000e+01 1.500000e+02 -4.500000e+01
         vertex 1.275000e+02 1.125000e+02 -1.350000e+01
      endloop
   endfacet
   facet normal 7.071069e-01 7.071066e-01 0.000000e+00
      outer loop
         vertex 1.275000e+02 1.125000e+02 -1.350000e+01
         vertex 9.000000e+01 1.500000e+02 -4.500000e+01
         vertex 9.000000e+01 1.500000e+02 -3.000000e+00
      endloop
   endfacet
   facet normal 7.071068e-01 7.071067e-01 -5.301490e-07
      outer loop
         vertex 1.275000e+02 1.125000e+02 -1.350000e+01
         vertex 9.000000e+01 1.500000e+02 -3.000000e+00
         vertex 1.297500e+02 1.102500e+02 -3.000000e+00
      endloop
   endfacet
   facet normal 1.650739e-01 1.649759e-01 9.723855e-01
      outer loop
         vertex 1.268184e+02 1.102500e+02 -1.468305e-01
         vertex 8.897314e+01 1.475209e+02 -4.557674e-02
         vertex 1.261711e+02 1.102500e+02 -3.693498e-02
      endloop
   endfacet
   facet normal 6.155042e-02 6.166079e-02 9.961975e-01
      outer loop
         vertex 1.261711e+02 1.102500e+02 -3.693498e-02
         vertex 8.897314e+01 1.475209e+02 -4.557674e-02
         vertex 8.875736e+01 1.470000e+02 0.000000e+00
      endloop
   endfacet
   facet normal 5.547875e-02 5.547875e-02 9.969174e-01
      outer loop
         vertex 1.261711e+02 1.102500e+02 -3.693498e-02
         vertex 8.875736e+01 1.470000e+02 0.000000e+00
         vertex 1.255074e+02 1.102500e+02 0.000000e+00
      endloop
   endfacet
   facet normal 2.706087e-01 2.704394e-01 9.239229e-01
      outer loop
         vertex 1.274335e+02 1.102500e+02 -3.269804e-01
         vertex 8.918237e+01 1.480261e+02 -1.809221e-01
         vertex 1.268184e+02 1.102500e+02 -1.468305e-01
      endloop
   endfacet
   facet normal 2.301721e-01 2.301722e-01 9.455377e-01
      outer loop
         vertex 1.268184e+02 1.102500e+02 -1.468305e-01
         vertex 8.918237e+01 1.480261e+02 -1.809221e-01
         vertex 8.914124e+01 1.479268e+02 -1.467413e-01
      endloop
   endfacet
   facet normal 1.710319e-01 1.710314e-01 9.703073e-01
      outer loop
         vertex 1.268184e+02 1.102500e+02 -1.468305e-01
         vertex 8.914124e+01 1.479268e+02 -1.467413e-01
         vertex 8.897314e+01 1.475209e+02 -4.557674e-02
      endloop
   endfacet
   facet normal 3.694907e-01 3.692759e-01 8.527086e-01
      outer loop
         vertex 1.280011e+02 1.102500e+02 -5.729490e-01
         vertex 8.937868e+01 1.485000e+02 -4.019238e-01
         vertex 1.274335e+02 1.102500e+02 -3.269804e-01
      endloop
   endfacet
   facet normal 3.373484e-01 3.373488e-01 8.788583e-01
      outer loop
         vertex 1.274335e+02 1.102500e+02 -3.269804e-01
         vertex 8.937868e+01 1.485000e+02 -4.019238e-01
         vertex 8.932130e+01 1.483615e+02 -3.267228e-01
      endloop
   endfacet
   facet normal 2.819016e-01 2.819008e-01 9.170951e-01
      outer loop
         vertex 1.274335e+02 1.102500e+02 -3.269804e-01
         vertex 8.932130e+01 1.483615e+02 -3.267228e-01
         vertex 8.918237e+01 1.480261e+02 -1.809221e-01
      endloop
   endfacet
   facet normal 4.592796e-01 4.590435e-01 7.604876e-01
      outer loop
         vertex 1.285074e+02 1.102500e+02 -8.786797e-01
         vertex 8.955611e+01 1.489284e+02 -7.018667e-01
         vertex 1.280011e+02 1.102500e+02 -5.729490e-01
      endloop
   endfacet
   facet normal 4.352659e-01 4.352667e-01 7.880904e-01
      outer loop
         vertex 1.280011e+02 1.102500e+02 -5.729490e-01
         vertex 8.955611e+01 1.489284e+02 -7.018667e-01
         vertex 8.948750e+01 1.487627e+02 -5.724789e-01
      endloop
   endfacet
   facet normal 3.850361e-01 3.850351e-01 8.387461e-01
      outer loop
         vertex 1.280011e+02 1.102500e+02 -5.729490e-01
         vertex 8.948750e+01 1.487627e+02 -5.724789e-01
         vertex 8.937868e+01 1.485000e+02 -4.019238e-01
      endloop
   endfacet
   facet normal 7.065613e-01 7.065612e-01 3.927352e-02
      outer loop
         vertex 1.297500e+02 1.102500e+02 -3.000000e+00
         vertex 9.000000e+01 1.500000e+02 -3.000000e+00
         vertex 1.297369e+02 1.102500e+02 -2.764623e+00
      endloop
   endfacet
   facet normal 7.048096e-01 7.050422e-01 7.847863e-02
      outer loop
         vertex 1.297369e+02 1.102500e+02 -2.764623e+00
         vertex 9.000000e+01 1.500000e+02 -3.000000e+00
         vertex 8.998470e+01 1.499631e+02 -2.530697e+00
      endloop
   endfacet
   facet normal 7.022078e-01 7.022080e-01 1.175079e-01
      outer loop
         vertex 1.297369e+02 1.102500e+02 -2.764623e+00
         vertex 8.998470e+01 1.499631e+02 -2.530697e+00
         vertex 1.296978e+02 1.102500e+02 -2.530697e+00
      endloop
   endfacet
   facet normal 6.973948e-01 6.973950e-01 1.651687e-01
      outer loop
         vertex 1.296978e+02 1.102500e+02 -2.530697e+00
         vertex 8.998470e+01 1.499631e+02 -2.530697e+00
         vertex 8.998111e+01 1.499544e+02 -2.478915e+00
      endloop
   endfacet
   facet normal 6.935358e-01 6.934957e-01 1.951197e-01
      outer loop
         vertex 1.296978e+02 1.102500e+02 -2.530697e+00
         vertex 8.998111e+01 1.499544e+02 -2.478915e+00
         vertex 1.296328e+02 1.102500e+02 -2.299664e+00
      endloop
   endfacet
   facet normal 6.860090e-01 6.861903e-01 2.419391e-01
      outer loop
         vertex 1.296328e+02 1.102500e+02 -2.299664e+00
         vertex 8.998111e+01 1.499544e+02 -2.478915e+00
         vertex 8.993918e+01 1.498532e+02 -2.072949e+00
      endloop
   endfacet
   facet normal 6.805613e-01 6.805613e-01 2.714269e-01
      outer loop
         vertex 1.296328e+02 1.102500e+02 -2.299664e+00
         vertex 8.993918e+01 1.498532e+02 -2.072949e+00
         vertex 1.295424e+02 1.102500e+02 -2.072949e+00
      endloop
   endfacet
   facet normal 6.685550e-01 6.685550e-01 3.256814e-01
      outer loop
         vertex 1.295424e+02 1.102500e+02 -2.072949e+00
         vertex 8.993918e+01 1.498532e+02 -2.072949e+00
         vertex 8.992501e+01 1.498189e+02 -1.973581e+00
      endloop
   endfacet
   facet normal 6.634247e-01 6.633671e-01 3.461383e-01
      outer loop
         vertex 1.295424e+02 1.102500e+02 -2.072949e+00
         vertex 8.992501e+01 1.498189e+02 -1.973581e+00
         vertex 1.294270e+02 1.102500e+02 -1.851950e+00
      endloop
   endfacet
   facet normal 6.483719e-01 6.485017e-01 3.988225e-01
      outer loop
         vertex 1.294270e+02 1.102500e+02 -1.851950e+00
         vertex 8.992501e+01 1.498189e+02 -1.973581e+00
         vertex 8.986456e+01 1.496730e+02 -1.638029e+00
      endloop
   endfacet
   facet normal 6.421609e-01 6.421611e-01 4.186389e-01
      outer loop
         vertex 1.294270e+02 1.102500e+02 -1.851950e+00
         vertex 8.986456e+01 1.496730e+02 -1.638029e+00
         vertex 1.292876e+02 1.102500e+02 -1.638029e+00
      endloop
   endfacet
   facet normal 6.213993e-01 6.213995e-01 4.772060e-01
      outer loop
         vertex 1.292876e+02 1.102500e+02 -1.638029e+00
         vertex 8.986456e+01 1.496730e+02 -1.638029e+00
         vertex 8.983339e+01 1.495978e+02 -1.499476e+00
      endloop
   endfacet
   facet normal 6.169626e-01 6.169106e-01 4.886496e-01
      outer loop
         vertex 1.292876e+02 1.102500e+02 -1.638029e+00
         vertex 8.983339e+01 1.495978e+02 -1.499476e+00
         vertex 1.291248e+02 1.102500e+02 -1.432504e+00
      endloop
   endfacet
   facet normal 5.929489e-01 5.930267e-01 5.447301e-01
      outer loop
         vertex 1.291248e+02 1.102500e+02 -1.432504e+00
         vertex 8.983339e+01 1.495978e+02 -1.499476e+00
         vertex 8.976268e+01 1.494271e+02 -1.236644e+00
      endloop
   endfacet
   facet normal 5.879427e-01 5.879427e-01 5.555599e-01
      outer loop
         vertex 1.291248e+02 1.102500e+02 -1.432504e+00
         vertex 8.976268e+01 1.494271e+02 -1.236644e+00
         vertex 1.289397e+02 1.102500e+02 -1.236644e+00
      endloop
   endfacet
   facet normal 5.571921e-01 5.571921e-01 6.156898e-01
      outer loop
         vertex 1.289397e+02 1.102500e+02 -1.236644e+00
         vertex 8.976268e+01 1.494271e+02 -1.236644e+00
         vertex 8.970927e+01 1.492981e+02 -1.071637e+00
      endloop
   endfacet
   facet normal 5.377538e-01 5.375201e-01 6.495329e-01
      outer loop
         vertex 1.289397e+02 1.102500e+02 -1.236644e+00
         vertex 8.970927e+01 1.492981e+02 -1.071637e+00
         vertex 1.285074e+02 1.102500e+02 -8.786797e-01
      endloop
   endfacet
   facet normal 5.212712e-01 5.212723e-01 6.756860e-01
      outer loop
         vertex 1.285074e+02 1.102500e+02 -8.786797e-01
         vertex 8.970927e+01 1.492981e+02 -1.071637e+00
         vertex 8.963577e+01 1.491207e+02 -8.780420e-01
      endloop
   endfacet
   facet normal 4.776272e-01 4.776262e-01 7.373910e-01
      outer loop
         vertex 1.285074e+02 1.102500e+02 -8.786797e-01
         vertex 8.963577e+01 1.491207e+02 -8.780420e-01
         vertex 8.955611e+01 1.489284e+02 -7.018667e-01
      endloop
   endfacet
   facet normal 7.049257e-01 7.049268e-01 7.847328e-02
      outer loop
         vertex 1.499631e+02 8.998470e+01 -2.530697e+00
         vertex 1.500000e+02 9.000000e+01 -3.000000e+00
         vertex 1.402500e+02 9.975000e+01 -3.000000e+00
      endloop
   endfacet
   facet normal 7.075062e-01 7.056121e-01 3.932604e-02
      outer loop
         vertex 1.402500e+02 9.975000e+01 -3.000000e+00
         vertex 1.402369e+02 9.975000e+01 -2.764623e+00
         vertex 1.499631e+02 8.998470e+01 -2.530697e+00
      endloop
   endfacet
   facet normal 7.022079e-01 7.022079e-01 1.175079e-01
      outer loop
         vertex 1.499631e+02 8.998470e+01 -2.530697e+00
         vertex 1.402369e+02 9.975000e+01 -2.764623e+00
         vertex 1.401978e+02 9.975000e+01 -2.530697e+00
      endloop
   endfacet
   facet normal 6.973949e-01 6.973949e-01 1.651687e-01
      outer loop
         vertex 1.499631e+02 8.998470e+01 -2.530697e+00
         vertex 1.401978e+02 9.975000e+01 -2.530697e+00
         vertex 1.499544e+02 8.998111e+01 -2.478915e+00
      endloop
   endfacet
   facet normal 6.934379e-01 6.936014e-01 1.950922e-01
      outer loop
         vertex 1.499544e+02 8.998111e+01 -2.478915e+00
         vertex 1.401978e+02 9.975000e+01 -2.530697e+00
         vertex 1.401328e+02 9.975000e+01 -2.299664e+00
      endloop
   endfacet
   facet normal 6.864601e-01 6.857257e-01 2.419771e-01
      outer loop
         vertex 1.499544e+02 8.998111e+01 -2.478915e+00
         vertex 1.401328e+02 9.975000e+01 -2.299664e+00
         vertex 1.498532e+02 8.993918e+01 -2.072949e+00
      endloop
   endfacet
   facet normal 6.805611e-01 6.805616e-01 2.714268e-01
      outer loop
         vertex 1.498532e+02 8.993918e+01 -2.072949e+00
         vertex 1.401328e+02 9.975000e+01 -2.299664e+00
         vertex 1.400423e+02 9.975000e+01 -2.072949e+00
      endloop
   endfacet
   facet normal 6.685548e-01 6.685553e-01 3.256813e-01
      outer loop
         vertex 1.498532e+02 8.993918e+01 -2.072949e+00
         vertex 1.400423e+02 9.975000e+01 -2.072949e+00
         vertex 1.498189e+02 8.992501e+01 -1.973581e+00
      endloop
   endfacet
   facet normal 6.632970e-01 6.635296e-01 3.460717e-01
      outer loop
         vertex 1.498189e+02 8.992501e+01 -1.973581e+00
         vertex 1.400423e+02 9.975000e+01 -2.072949e+00
         vertex 1.399270e+02 9.975000e+01 -1.851950e+00
      endloop
   endfacet
   facet normal 6.486841e-01 6.481637e-01 3.988644e-01
      outer loop
         vertex 1.498189e+02 8.992501e+01 -1.973581e+00
         vertex 1.399270e+02 9.975000e+01 -1.851950e+00
         vertex 1.496730e+02 8.986456e+01 -1.638029e+00
      endloop
   endfacet
   facet normal 6.421612e-01 6.421607e-01 4.186391e-01
      outer loop
         vertex 1.496730e+02 8.986456e+01 -1.638029e+00
         vertex 1.399270e+02 9.975000e+01 -1.851950e+00
         vertex 1.397876e+02 9.975000e+01 -1.638029e+00
      endloop
   endfacet
   facet normal 6.213996e-01 6.213991e-01 4.772061e-01
      outer loop
         vertex 1.496730e+02 8.986456e+01 -1.638029e+00
         vertex 1.397876e+02 9.975000e+01 -1.638029e+00
         vertex 1.495978e+02 8.983339e+01 -1.499476e+00
      endloop
   endfacet
   facet normal 6.168640e-01 6.170710e-01 4.885715e-01
      outer loop
         vertex 1.495978e+02 8.983339e+01 -1.499476e+00
         vertex 1.397876e+02 9.975000e+01 -1.638029e+00
         vertex 1.396248e+02 9.975000e+01 -1.432504e+00
      endloop
   endfacet
   facet normal 5.931274e-01 5.928200e-01 5.447608e-01
      outer loop
         vertex 1.495978e+02 8.983339e+01 -1.499476e+00
         vertex 1.396248e+02 9.975000e+01 -1.432504e+00
         vertex 1.494271e+02 8.976268e+01 -1.236644e+00
      endloop
   endfacet
   facet normal 5.879426e-01 5.879430e-01 5.555597e-01
      outer loop
         vertex 1.494271e+02 8.976268e+01 -1.236644e+00
         vertex 1.396248e+02 9.975000e+01 -1.432504e+00
         vertex 1.394397e+02 9.975000e+01 -1.236644e+00
      endloop
   endfacet
   facet normal 4.592311e-01 4.592249e-01 7.604073e-01
      outer loop
         vertex 1.390074e+02 9.975000e+01 -8.786797e-01
         vertex 1.385011e+02 9.975000e+01 -5.729490e-01
         vertex 1.487627e+02 8.948750e+01 -5.724789e-01
      endloop
   endfacet
   facet normal 4.345110e-01 4.365438e-01 7.878006e-01
      outer loop
         vertex 1.487627e+02 8.948750e+01 -5.724789e-01
         vertex 1.489284e+02 8.955611e+01 -7.018667e-01
         vertex 1.390074e+02 9.975000e+01 -8.786797e-01
      endloop
   endfacet
   facet normal 4.776249e-01 4.776292e-01 7.373905e-01
      outer loop
         vertex 1.390074e+02 9.975000e+01 -8.786797e-01
         vertex 1.489284e+02 8.955611e+01 -7.018667e-01
         vertex 1.491207e+02 8.963577e+01 -8.780420e-01
      endloop
   endfacet
   facet normal 5.376882e-01 5.376816e-01 6.494536e-01
      outer loop
         vertex 1.390074e+02 9.975000e+01 -8.786797e-01
         vertex 1.491207e+02 8.963577e+01 -8.780420e-01
         vertex 1.394397e+02 9.975000e+01 -1.236644e+00
      endloop
   endfacet
   facet normal 5.206038e-01 5.222506e-01 6.754451e-01
      outer loop
         vertex 1.394397e+02 9.975000e+01 -1.236644e+00
         vertex 1.491207e+02 8.963577e+01 -8.780420e-01
         vertex 1.492981e+02 8.970927e+01 -1.071637e+00
      endloop
   endfacet
   facet normal 5.571919e-01 5.571923e-01 6.156897e-01
      outer loop
         vertex 1.394397e+02 9.975000e+01 -1.236644e+00
         vertex 1.492981e+02 8.970927e+01 -1.071637e+00
         vertex 1.494271e+02 8.976268e+01 -1.236644e+00
      endloop
   endfacet
   facet normal 2.293035e-01 2.320608e-01 9.452871e-01
      outer loop
         vertex 1.479268e+02 8.914124e+01 -1.467413e-01
         vertex 1.480261e+02 8.918237e+01 -1.809221e-01
         vertex 1.379335e+02 9.975000e+01 -3.269804e-01
      endloop
   endfacet
   facet normal 2.819000e-01 2.819033e-01 9.170948e-01
      outer loop
         vertex 1.379335e+02 9.975000e+01 -3.269804e-01
         vertex 1.480261e+02 8.918237e+01 -1.809221e-01
         vertex 1.483615e+02 8.932130e+01 -3.267228e-01
      endloop
   endfacet
   facet normal 3.694620e-01 3.694577e-01 8.526422e-01
      outer loop
         vertex 1.379335e+02 9.975000e+01 -3.269804e-01
         vertex 1.483615e+02 8.932130e+01 -3.267228e-01
         vertex 1.385011e+02 9.975000e+01 -5.729490e-01
      endloop
   endfacet
   facet normal 3.365313e-01 3.389337e-01 8.785617e-01
      outer loop
         vertex 1.385011e+02 9.975000e+01 -5.729490e-01
         vertex 1.483615e+02 8.932130e+01 -3.267228e-01
         vertex 1.485000e+02 8.937868e+01 -4.019238e-01
      endloop
   endfacet
   facet normal 3.850341e-01 3.850381e-01 8.387457e-01
      outer loop
         vertex 1.385011e+02 9.975000e+01 -5.729490e-01
         vertex 1.485000e+02 8.937868e+01 -4.019238e-01
         vertex 1.487627e+02 8.948750e+01 -5.724789e-01
      endloop
   endfacet
   facet normal 2.705964e-01 2.705945e-01 9.238811e-01
      outer loop
         vertex 1.379335e+02 9.975000e+01 -3.269804e-01
         vertex 1.373184e+02 9.975000e+01 -1.468305e-01
         vertex 1.479268e+02 8.914124e+01 -1.467413e-01
      endloop
   endfacet
   facet normal 1.650712e-01 1.650734e-01 9.723694e-01
      outer loop
         vertex 1.479268e+02 8.914124e+01 -1.467413e-01
         vertex 1.373184e+02 9.975000e+01 -1.468305e-01
         vertex 1.366711e+02 9.975000e+01 -3.693498e-02
      endloop
   endfacet
   facet normal 1.709156e-01 1.712959e-01 9.702812e-01
      outer loop
         vertex 1.479268e+02 8.914124e+01 -1.467413e-01
         vertex 1.366711e+02 9.975000e+01 -3.693498e-02
         vertex 1.475209e+02 8.897314e+01 -4.557674e-02
      endloop
   endfacet
   facet normal 5.548005e-02 5.505663e-02 9.969407e-01
      outer loop
         vertex 1.475209e+02 8.897314e+01 -4.557674e-02
         vertex 1.366711e+02 9.975000e+01 -3.693498e-02
         vertex 1.360074e+02 9.975000e+01 0.000000e+00
      endloop
   endfacet
   facet normal 6.162828e-02 6.162832e-02 9.961947e-01
      outer loop
         vertex 1.475209e+02 8.897314e+01 -4.557674e-02
         vertex 1.360074e+02 9.975000e+01 0.000000e+00
         vertex 1.470000e+02 8.875736e+01 0.000000e+00
      endloop
   endfacet
   facet normal -7.064325e-01 7.064324e-01 4.366195e-02
      outer loop
         vertex -9.000000e+01 1.500000e+02 -3.000000e+00
         vertex -1.297500e+02 1.102500e+02 -3.000000e+00
         vertex -8.999527e+01 1.499886e+02 -2.738533e+00
      endloop
   endfacet
   facet normal -7.064342e-01 7.064345e-01 4.360167e-02
      outer loop
         vertex -8.999527e+01 1.499886e+02 -2.738533e+00
         vertex -1.297500e+02 1.102500e+02 -3.000000e+00
         vertex -1.297339e+02 1.102500e+02 -2.738533e+00
      endloop
   endfacet
   facet normal -7.010594e-01 7.010596e-01 1.305033e-01
      outer loop
         vertex -8.999527e+01 1.499886e+02 -2.738533e+00
         vertex -1.297339e+02 1.102500e+02 -2.738533e+00
         vertex -8.998112e+01 1.499544e+02 -2.479055e+00
      endloop
   endfacet
   facet normal -7.010576e-01 7.010577e-01 1.305231e-01
      outer loop
         vertex -8.998112e+01 1.499544e+02 -2.479055e+00
         vertex -1.297339e+02 1.102500e+02 -2.738533e+00
         vertex -1.296856e+02 1.102500e+02 -2.479055e+00
      endloop
   endfacet
   facet normal -6.903457e-01 6.903458e-01 2.164382e-01
      outer loop
         vertex -8.998112e+01 1.499544e+02 -2.479055e+00
         vertex -1.296856e+02 1.102500e+02 -2.479055e+00
         vertex -8.995765e+01 1.498978e+02 -2.223543e+00
      endloop
   endfacet
   facet normal -6.903457e-01 6.903458e-01 2.164381e-01
      outer loop
         vertex -8.995765e+01 1.498978e+02 -2.223543e+00
         vertex -1.296856e+02 1.102500e+02 -2.479055e+00
         vertex -1.296054e+02 1.102500e+02 -2.223543e+00
      endloop
   endfacet
   facet normal -6.743763e-01 6.743764e-01 3.007209e-01
      outer loop
         vertex -8.995765e+01 1.498978e+02 -2.223543e+00
         vertex -1.296054e+02 1.102500e+02 -2.223543e+00
         vertex -8.992506e+01 1.498191e+02 -1.973940e+00
      endloop
   endfacet
   facet normal -6.743723e-01 6.743723e-01 3.007392e-01
      outer loop
         vertex -8.992506e+01 1.498191e+02 -1.973940e+00
         vertex -1.296054e+02 1.102500e+02 -2.223543e+00
         vertex -1.294941e+02 1.102500e+02 -1.973940e+00
      endloop
   endfacet
   facet normal -6.532844e-01 6.532844e-01 3.826734e-01
      outer loop
         vertex -8.992506e+01 1.498191e+02 -1.973940e+00
         vertex -1.294941e+02 1.102500e+02 -1.973940e+00
         vertex -8.988357e+01 1.497189e+02 -1.732145e+00
      endloop
   endfacet
   facet normal -6.532844e-01 6.532844e-01 3.826734e-01
      outer loop
         vertex -8.988357e+01 1.497189e+02 -1.732145e+00
         vertex -1.294941e+02 1.102500e+02 -1.973940e+00
         vertex -1.293525e+02 1.102500e+02 -1.732145e+00
      endloop
   endfacet
   facet normal -6.272131e-01 6.272131e-01 4.617438e-01
      outer loop
         vertex -8.988357e+01 1.497189e+02 -1.732145e+00
         vertex -1.293525e+02 1.102500e+02 -1.732145e+00
         vertex -8.983352e+01 1.495981e+02 -1.500000e+00
      endloop
   endfacet
   facet normal -6.272131e-01 6.272131e-01 4.617438e-01
      outer loop
         vertex -8.983352e+01 1.495981e+02 -1.500000e+00
         vertex -1.293525e+02 1.102500e+02 -1.732145e+00
         vertex -1.291816e+02 1.102500e+02 -1.500000e+00
      endloop
   endfacet
   facet normal -5.963643e-01 5.963643e-01 5.373075e-01
      outer loop
         vertex -8.983352e+01 1.495981e+02 -1.500000e+00
         vertex -1.291816e+02 1.102500e+02 -1.500000e+00
         vertex -8.977527e+01 1.494575e+02 -1.279271e+00
      endloop
   endfacet
   facet normal -5.963643e-01 5.963643e-01 5.373075e-01
      outer loop
         vertex -8.977527e+01 1.494575e+02 -1.279271e+00
         vertex -1.291816e+02 1.102500e+02 -1.500000e+00
         vertex -1.289827e+02 1.102500e+02 -1.279271e+00
      endloop
   endfacet
   facet normal -5.609819e-01 5.609819e-01 6.087681e-01
      outer loop
         vertex -8.977527e+01 1.494575e+02 -1.279271e+00
         vertex -1.289827e+02 1.102500e+02 -1.279271e+00
         vertex -8.970927e+01 1.492981e+02 -1.071637e+00
      endloop
   endfacet
   facet normal -5.609956e-01 5.609958e-01 6.087427e-01
      outer loop
         vertex -1.289827e+02 1.102500e+02 -1.279271e+00
         vertex -1.287574e+02 1.102500e+02 -1.071637e+00
         vertex -8.970927e+01 1.492981e+02 -1.071637e+00
      endloop
   endfacet
   facet normal -4.999966e-01 4.999968e-01 7.071114e-01
      outer loop
         vertex -8.970927e+01 1.492981e+02 -1.071637e+00
         vertex -1.287574e+02 1.102500e+02 -1.071637e+00
         vertex -1.282345e+02 1.102500e+02 -7.018667e-01
      endloop
   endfacet
   facet normal -5.000002e-01 5.000003e-01 7.071065e-01
      outer loop
         vertex -8.970927e+01 1.492981e+02 -1.071637e+00
         vertex -1.282345e+02 1.102500e+02 -7.018667e-01
         vertex -8.955611e+01 1.489284e+02 -7.018667e-01
      endloop
   endfacet
   facet normal -4.055819e-01 4.055820e-01 8.191499e-01
      outer loop
         vertex -8.955611e+01 1.489284e+02 -7.018667e-01
         vertex -1.282345e+02 1.102500e+02 -7.018667e-01
         vertex -1.276287e+02 1.102500e+02 -4.019238e-01
      endloop
   endfacet
   facet normal -4.055785e-01 4.055786e-01 8.191533e-01
      outer loop
         vertex -8.955611e+01 1.489284e+02 -7.018667e-01
         vertex -1.276287e+02 1.102500e+02 -4.019238e-01
         vertex -8.937868e+01 1.485000e+02 -4.019238e-01
      endloop
   endfacet
   facet normal -2.988353e-01 2.988354e-01 9.063084e-01
      outer loop
         vertex -8.937868e+01 1.485000e+02 -4.019238e-01
         vertex -1.276287e+02 1.102500e+02 -4.019238e-01
         vertex -1.269584e+02 1.102500e+02 -1.809221e-01
      endloop
   endfacet
   facet normal -2.988408e-01 2.988408e-01 9.063048e-01
      outer loop
         vertex -8.937868e+01 1.485000e+02 -4.019238e-01
         vertex -1.269584e+02 1.102500e+02 -1.809221e-01
         vertex -8.918237e+01 1.480261e+02 -1.809221e-01
      endloop
   endfacet
   facet normal -1.830115e-01 1.830115e-01 9.659263e-01
      outer loop
         vertex -8.918237e+01 1.480261e+02 -1.809221e-01
         vertex -1.269584e+02 1.102500e+02 -1.809221e-01
         vertex -1.262441e+02 1.102500e+02 -4.557674e-02
      endloop
   endfacet
   facet normal -1.830115e-01 1.830115e-01 9.659263e-01
      outer loop
         vertex -8.918237e+01 1.480261e+02 -1.809221e-01
         vertex -1.262441e+02 1.102500e+02 -4.557674e-02
         vertex -8.897314e+01 1.475209e+02 -4.557674e-02
      endloop
   endfacet
   facet normal -6.162829e-02 6.162829e-02 9.961947e-01
      outer loop
         vertex -8.897314e+01 1.475209e+02 -4.557674e-02
         vertex -1.262441e+02 1.102500e+02 -4.557674e-02
         vertex -1.255074e+02 1.102500e+02 8.673617e-16
      endloop
   endfacet
   facet normal -6.162829e-02 6.162829e-02 9.961947e-01
      outer loop
         vertex -8.897314e+01 1.475209e+02 -4.557674e-02
         vertex -1.255074e+02 1.102500e+02 8.673617e-16
         vertex -8.875736e+01 1.470000e+02 8.673617e-16
      endloop
   endfacet
   facet normal -6.162829e-02 6.162833e-02 9.961947e-01
      outer loop
         vertex -1.470000e+02 8.875736e+01 8.673617e-16
         vertex -1.360074e+02 9.975000e+01 8.673617e-16
         vertex -1.367441e+02 9.975000e+01 -4.557674e-02
      endloop
   endfacet
   facet normal -6.162828e-02 6.162832e-02 9.961947e-01
      outer loop
         vertex -1.470000e+02 8.875736e+01 8.673617e-16
         vertex -1.367441e+02 9.975000e+01 -4.557674e-02
         vertex -1.475209e+02 8.897314e+01 -4.557674e-02
      endloop
   endfacet
   facet normal -1.830115e-01 1.830116e-01 9.659263e-01
      outer loop
         vertex -1.475209e+02 8.897314e+01 -4.557674e-02
         vertex -1.367441e+02 9.975000e+01 -4.557674e-02
         vertex -1.374584e+02 9.975000e+01 -1.809221e-01
      endloop
   endfacet
   facet normal -1.830115e-01 1.830116e-01 9.659263e-01
      outer loop
         vertex -1.475209e+02 8.897314e+01 -4.557674e-02
         vertex -1.374584e+02 9.975000e+01 -1.809221e-01
         vertex -1.480261e+02 8.918237e+01 -1.809221e-01
      endloop
   endfacet
   facet normal -2.988353e-01 2.988355e-01 9.063083e-01
      outer loop
         vertex -1.480261e+02 8.918237e+01 -1.809221e-01
         vertex -1.374584e+02 9.975000e+01 -1.809221e-01
         vertex -1.381287e+02 9.975000e+01 -4.019238e-01
      endloop
   endfacet
   facet normal -2.988409e-01 2.988406e-01 9.063048e-01
      outer loop
         vertex -1.480261e+02 8.918237e+01 -1.809221e-01
         vertex -1.381287e+02 9.975000e+01 -4.019238e-01
         vertex -1.485000e+02 8.937868e+01 -4.019238e-01
      endloop
   endfacet
   facet normal -4.055820e-01 4.055817e-01 8.191500e-01
      outer loop
         vertex -1.485000e+02 8.937868e+01 -4.019238e-01
         vertex -1.381287e+02 9.975000e+01 -4.019238e-01
         vertex -1.387345e+02 9.975000e+01 -7.018667e-01
      endloop
   endfacet
   facet normal -4.055786e-01 4.055786e-01 8.191532e-01
      outer loop
         vertex -1.485000e+02 8.937868e+01 -4.019238e-01
         vertex -1.387345e+02 9.975000e+01 -7.018667e-01
         vertex -1.489284e+02 8.955611e+01 -7.018667e-01
      endloop
   endfacet
   facet normal -4.999967e-01 4.999967e-01 7.071115e-01
      outer loop
         vertex -1.489284e+02 8.955611e+01 -7.018667e-01
         vertex -1.387345e+02 9.975000e+01 -7.018667e-01
         vertex -1.392574e+02 9.975000e+01 -1.071637e+00
      endloop
   endfacet
   facet normal -5.000004e-01 5.000000e-01 7.071065e-01
      outer loop
         vertex -1.489284e+02 8.955611e+01 -7.018667e-01
         vertex -1.392574e+02 9.975000e+01 -1.071637e+00
         vertex -1.492981e+02 8.970927e+01 -1.071637e+00
      endloop
   endfacet
   facet normal -5.609958e-01 5.609954e-01 6.087429e-01
      outer loop
         vertex -1.492981e+02 8.970927e+01 -1.071637e+00
         vertex -1.392574e+02 9.975000e+01 -1.071637e+00
         vertex -1.394827e+02 9.975000e+01 -1.279271e+00
      endloop
   endfacet
   facet normal -5.609817e-01 5.609822e-01 6.087680e-01
      outer loop
         vertex -1.492981e+02 8.970927e+01 -1.071637e+00
         vertex -1.394827e+02 9.975000e+01 -1.279271e+00
         vertex -1.494575e+02 8.977527e+01 -1.279271e+00
      endloop
   endfacet
   facet normal -5.963641e-01 5.963645e-01 5.373074e-01
      outer loop
         vertex -1.494575e+02 8.977527e+01 -1.279271e+00
         vertex -1.394827e+02 9.975000e+01 -1.279271e+00
         vertex -1.396816e+02 9.975000e+01 -1.500000e+00
      endloop
   endfacet
   facet normal -5.963641e-01 5.963645e-01 5.373074e-01
      outer loop
         vertex -1.494575e+02 8.977527e+01 -1.279271e+00
         vertex -1.396816e+02 9.975000e+01 -1.500000e+00
         vertex -1.495981e+02 8.983352e+01 -1.500000e+00
      endloop
   endfacet
   facet normal -6.272129e-01 6.272134e-01 4.617437e-01
      outer loop
         vertex -1.495981e+02 8.983352e+01 -1.500000e+00
         vertex -1.396816e+02 9.975000e+01 -1.500000e+00
         vertex -1.398525e+02 9.975000e+01 -1.732145e+00
      endloop
   endfacet
   facet normal -6.272129e-01 6.272134e-01 4.617438e-01
      outer loop
         vertex -1.495981e+02 8.983352e+01 -1.500000e+00
         vertex -1.398525e+02 9.975000e+01 -1.732145e+00
         vertex -1.497189e+02 8.988357e+01 -1.732145e+00
      endloop
   endfacet
   facet normal -6.532741e-01 6.532746e-01 3.827077e-01
      outer loop
         vertex -1.497189e+02 8.988357e+01 -1.732145e+00
         vertex -1.398525e+02 9.975000e+01 -1.732145e+00
         vertex -1.399941e+02 9.975000e+01 -1.973940e+00
      endloop
   endfacet
   facet normal -6.532846e-01 6.532841e-01 3.826735e-01
      outer loop
         vertex -1.497189e+02 8.988357e+01 -1.732145e+00
         vertex -1.399941e+02 9.975000e+01 -1.973940e+00
         vertex -1.498191e+02 8.992506e+01 -1.973940e+00
      endloop
   endfacet
   facet normal -6.743807e-01 6.743802e-01 3.007027e-01
      outer loop
         vertex -1.498191e+02 8.992506e+01 -1.973940e+00
         vertex -1.399941e+02 9.975000e+01 -1.973940e+00
         vertex -1.401054e+02 9.975000e+01 -2.223543e+00
      endloop
   endfacet
   facet normal -6.743763e-01 6.743763e-01 3.007209e-01
      outer loop
         vertex -1.498191e+02 8.992506e+01 -1.973940e+00
         vertex -1.401054e+02 9.975000e+01 -2.223543e+00
         vertex -1.498978e+02 8.995765e+01 -2.223543e+00
      endloop
   endfacet
   facet normal -6.903458e-01 6.903458e-01 2.164382e-01
      outer loop
         vertex -1.498978e+02 8.995765e+01 -2.223543e+00
         vertex -1.401054e+02 9.975000e+01 -2.223543e+00
         vertex -1.401855e+02 9.975000e+01 -2.479055e+00
      endloop
   endfacet
   facet normal -6.903458e-01 6.903458e-01 2.164382e-01
      outer loop
         vertex -1.498978e+02 8.995765e+01 -2.223543e+00
         vertex -1.401855e+02 9.975000e+01 -2.479055e+00
         vertex -1.499544e+02 8.998112e+01 -2.479055e+00
      endloop
   endfacet
   facet normal -7.010577e-01 7.010577e-01 1.305231e-01
      outer loop
         vertex -1.499544e+02 8.998112e+01 -2.479055e+00
         vertex -1.401855e+02 9.975000e+01 -2.479055e+00
         vertex -1.402339e+02 9.975000e+01 -2.738533e+00
      endloop
   endfacet
   facet normal -7.010598e-01 7.010592e-01 1.305033e-01
      outer loop
         vertex -1.499544e+02 8.998112e+01 -2.479055e+00
         vertex -1.402339e+02 9.975000e+01 -2.738533e+00
         vertex -1.499886e+02 8.999527e+01 -2.738533e+00
      endloop
   endfacet
   facet normal -7.064346e-01 7.064340e-01 4.360169e-02
      outer loop
         vertex -1.499886e+02 8.999527e+01 -2.738533e+00
         vertex -1.402339e+02 9.975000e+01 -2.738533e+00
         vertex -1.402500e+02 9.975000e+01 -3.000000e+00
      endloop
   endfacet
   facet normal -7.064319e-01 7.064330e-01 4.366194e-02
      outer loop
         vertex -1.499886e+02 8.999527e+01 -2.738533e+00
         vertex -1.402500e+02 9.975000e+01 -3.000000e+00
         vertex -1.500000e+02 9.000000e+01 -3.000000e+00
      endloop
   endfacet
   facet normal -0.000000e+00 0.000000e+00 1.000000e+00
      outer loop
         vertex -1.470000e+02 4.725000e+01 0.000000e+00
         vertex -1.470000e+02 5.250000e+00 0.000000e+00
         vertex 1.470000e+02 4.725000e+01 0.000000e+00
      endloop
   endfacet
   facet normal 0.000000e+00 0.000000e+00 1.000000e+00
      outer loop
         vertex 1.470000e+02 4.725000e+01 0.000000e+00
         vertex -1.470000e+02 5.250000e+00 0.000000e+00
         vertex 1.470000e+02 5.250000e+00 0.000000e+00
      endloop
   endfacet
   facet normal 8.715573e-02 -0.000000e+00 9.961947e-01
      outer loop
         vertex 1.470000e+02 5.775000e+01 0.000000e+00
         vertex 1.475209e+02 5.775000e+01 -4.557674e-02
         vertex 1.470000e+02 8.875736e+01 0.000000e+00
      endloop
   endfacet
   facet normal 8.715573e-02 0.000000e+00 9.961947e-01
      outer loop
         vertex 1.470000e+02 8.875736e+01 0.000000e+00
         vertex 1.475209e+02 5.775000e+01 -4.557674e-02
         vertex 1.475209e+02 8.897314e+01 -4.557674e-02
      endloop
   endfacet
   facet normal 2.418745e-01 0.000000e+00 9.703075e-01
      outer loop
         vertex 1.475209e+02 8.897314e+01 -4.557674e-02
         vertex 1.475209e+02 5.775000e+01 -4.557674e-02
         vertex 1.479268e+02 8.914124e+01 -1.467413e-01
      endloop
   endfacet
   facet normal 2.588173e-01 -2.331593e-04 9.659263e-01
      outer loop
         vertex 1.479268e+02 8.914124e+01 -1.467413e-01
         vertex 1.475209e+02 5.775000e+01 -4.557674e-02
         vertex 1.480261e+02 5.775000e+01 -1.809221e-01
      endloop
   endfacet
   facet normal 3.255155e-01 0.000000e+00 9.455367e-01
      outer loop
         vertex 1.479268e+02 8.914124e+01 -1.467413e-01
         vertex 1.480261e+02 5.775000e+01 -1.809221e-01
         vertex 1.480261e+02 8.918237e+01 -1.809221e-01
      endloop
   endfacet
   facet normal 3.986723e-01 0.000000e+00 9.170935e-01
      outer loop
         vertex 1.480261e+02 8.918237e+01 -1.809221e-01
         vertex 1.480261e+02 5.775000e+01 -1.809221e-01
         vertex 1.483615e+02 8.932130e+01 -3.267228e-01
      endloop
   endfacet
   facet normal 4.226242e-01 -3.042738e-04 9.063050e-01
      outer loop
         vertex 1.483615e+02 8.932130e+01 -3.267228e-01
         vertex 1.480261e+02 5.775000e+01 -1.809221e-01
         vertex 1.485000e+02 5.775000e+01 -4.019238e-01
      endloop
   endfacet
   facet normal 4.770707e-01 0.000000e+00 8.788649e-01
      outer loop
         vertex 1.483615e+02 8.932130e+01 -3.267228e-01
         vertex 1.485000e+02 5.775000e+01 -4.019238e-01
         vertex 1.485000e+02 8.937868e+01 -4.019238e-01
      endloop
   endfacet
   facet normal 5.445288e-01 0.000000e+00 8.387421e-01
      outer loop
         vertex 1.485000e+02 8.937868e+01 -4.019238e-01
         vertex 1.485000e+02 5.775000e+01 -4.019238e-01
         vertex 1.487627e+02 8.948750e+01 -5.724789e-01
      endloop
   endfacet
   facet normal 5.735757e-01 -3.457092e-04 8.191525e-01
      outer loop
         vertex 1.487627e+02 8.948750e+01 -5.724789e-01
         vertex 1.485000e+02 5.775000e+01 -4.019238e-01
         vertex 1.489284e+02 5.775000e+01 -7.018667e-01
      endloop
   endfacet
   facet normal 6.155520e-01 0.000000e+00 7.880962e-01
      outer loop
         vertex 1.487627e+02 8.948750e+01 -5.724789e-01
         vertex 1.489284e+02 5.775000e+01 -7.018667e-01
         vertex 1.489284e+02 8.955611e+01 -7.018667e-01
      endloop
   endfacet
   facet normal 6.754609e-01 0.000000e+00 7.373958e-01
      outer loop
         vertex 1.489284e+02 8.955611e+01 -7.018667e-01
         vertex 1.489284e+02 5.775000e+01 -7.018667e-01
         vertex 1.491207e+02 8.963577e+01 -8.780420e-01
      endloop
   endfacet
   facet normal 7.071050e-01 -3.582150e-04 7.071085e-01
      outer loop
         vertex 1.491207e+02 8.963577e+01 -8.780420e-01
         vertex 1.489284e+02 5.775000e+01 -7.018667e-01
         vertex 1.492981e+02 5.775000e+01 -1.071637e+00
      endloop
   endfacet
   facet normal 7.371906e-01 0.000000e+00 6.756848e-01
      outer loop
         vertex 1.491207e+02 8.963577e+01 -8.780420e-01
         vertex 1.492981e+02 5.775000e+01 -1.071637e+00
         vertex 1.492981e+02 8.970927e+01 -1.071637e+00
      endloop
   endfacet
   facet normal 7.879941e-01 0.000000e+00 6.156828e-01
      outer loop
         vertex 1.492981e+02 8.970927e+01 -1.071637e+00
         vertex 1.492981e+02 5.775000e+01 -1.071637e+00
         vertex 1.494271e+02 8.976268e+01 -1.236644e+00
      endloop
   endfacet
   facet normal 8.191497e-01 -3.424905e-04 5.735797e-01
      outer loop
         vertex 1.494271e+02 8.976268e+01 -1.236644e+00
         vertex 1.492981e+02 5.775000e+01 -1.071637e+00
         vertex 1.495981e+02 5.775000e+01 -1.500000e+00
      endloop
   endfacet
   facet normal 8.386161e-01 -1.102532e-06 5.447229e-01
      outer loop
         vertex 1.494271e+02 8.976268e+01 -1.236644e+00
         vertex 1.495981e+02 5.775000e+01 -1.500000e+00
         vertex 1.495978e+02 8.983339e+01 -1.499476e+00
      endloop
   endfacet
   facet normal 8.787952e-01 3.730020e-07 4.771991e-01
      outer loop
         vertex 1.495978e+02 8.983339e+01 -1.499476e+00
         vertex 1.495981e+02 5.775000e+01 -1.500000e+00
         vertex 1.496730e+02 8.986456e+01 -1.638029e+00
      endloop
   endfacet
   facet normal 9.063096e-01 -2.984363e-04 4.226143e-01
      outer loop
         vertex 1.496730e+02 8.986456e+01 -1.638029e+00
         vertex 1.495981e+02 5.775000e+01 -1.500000e+00
         vertex 1.498191e+02 5.775000e+01 -1.973940e+00
      endloop
   endfacet
   facet normal 9.170353e-01 -6.248445e-07 3.988060e-01
      outer loop
         vertex 1.496730e+02 8.986456e+01 -1.638029e+00
         vertex 1.498191e+02 5.775000e+01 -1.973940e+00
         vertex 1.498189e+02 8.992501e+01 -1.973581e+00
      endloop
   endfacet
   facet normal 9.454812e-01 3.092051e-07 3.256768e-01
      outer loop
         vertex 1.498189e+02 8.992501e+01 -1.973581e+00
         vertex 1.498191e+02 5.775000e+01 -1.973940e+00
         vertex 1.498532e+02 8.993918e+01 -2.072949e+00
      endloop
   endfacet
   facet normal 9.659249e-01 -2.269789e-04 2.588224e-01
      outer loop
         vertex 1.498532e+02 8.993918e+01 -2.072949e+00
         vertex 1.498191e+02 5.775000e+01 -1.973940e+00
         vertex 1.499544e+02 5.775000e+01 -2.479055e+00
      endloop
   endfacet
   facet normal 9.702931e-01 -1.531730e-07 2.419326e-01
      outer loop
         vertex 1.498532e+02 8.993918e+01 -2.072949e+00
         vertex 1.499544e+02 5.775000e+01 -2.479055e+00
         vertex 1.499544e+02 8.998111e+01 -2.478915e+00
      endloop
   endfacet
   facet normal 9.862630e-01 1.948024e-07 1.651828e-01
      outer loop
         vertex 1.499544e+02 8.998111e+01 -2.478915e+00
         vertex 1.499544e+02 5.775000e+01 -2.479055e+00
         vertex 1.499631e+02 8.998470e+01 -2.530697e+00
      endloop
   endfacet
   facet normal 9.961937e-01 -1.274520e-04 8.716695e-02
      outer loop
         vertex 1.499631e+02 8.998470e+01 -2.530697e+00
         vertex 1.499544e+02 5.775000e+01 -2.479055e+00
         vertex 1.500000e+02 5.775000e+01 -3.000000e+00
      endloop
   endfacet
   facet normal 9.969165e-01 0.000000e+00 7.846964e-02
      outer loop
         vertex 1.499631e+02 8.998470e+01 -2.530697e+00
         vertex 1.500000e+02 5.775000e+01 -3.000000e+00
         vertex 1.500000e+02 9.000000e+01 -3.000000e+00
      endloop
   endfacet
   facet normal 9.961937e-01 -0.000000e+00 8.716695e-02
      outer loop
         vertex 1.500000e+02 5.250000e+00 -3.000000e+00
         vertex 1.500000e+02 4.725000e+01 -3.000000e+00
         vertex 1.499544e+02 4.725000e+01 -2.479055e+00
      endloop
   endfacet
   facet normal 9.961937e-01 0.000000e+00 8.716695e-02
      outer loop
         vertex 1.500000e+02 5.250000e+00 -3.000000e+00
         vertex 1.499544e+02 4.725000e+01 -2.479055e+00
         vertex 1.499544e+02 5.250000e+00 -2.479055e+00
      endloop
   endfacet
   facet normal 9.659249e-01 -0.000000e+00 2.588224e-01
      outer loop
         vertex 1.499544e+02 5.250000e+00 -2.479055e+00
         vertex 1.499544e+02 4.725000e+01 -2.479055e+00
         vertex 1.498191e+02 4.725000e+01 -1.973940e+00
      endloop
   endfacet
   facet normal 9.659249e-01 0.000000e+00 2.588224e-01
      outer loop
         vertex 1.499544e+02 5.250000e+00 -2.479055e+00
         vertex 1.498191e+02 4.725000e+01 -1.973940e+00
         vertex 1.498191e+02 5.250000e+00 -1.973940e+00
      endloop
   endfacet
   facet normal 9.063096e-01 -0.000000e+00 4.226143e-01
      outer loop
         vertex 1.498191e+02 5.250000e+00 -1.973940e+00
         vertex 1.498191e+02 4.725000e+01 -1.973940e+00
         vertex 1.495981e+02 4.725000e+01 -1.500000e+00
      endloop
   endfacet
   facet normal 9.063096e-01 0.000000e+00 4.226143e-01
      outer loop
         vertex 1.498191e+02 5.250000e+00 -1.973940e+00
         vertex 1.495981e+02 4.725000e+01 -1.500000e+00
         vertex 1.495981e+02 5.250000e+00 -1.500000e+00
      endloop
   endfacet
   facet normal 8.191497e-01 -0.000000e+00 5.735797e-01
      outer loop
         vertex 1.495981e+02 5.250000e+00 -1.500000e+00
         vertex 1.495981e+02 4.725000e+01 -1.500000e+00
         vertex 1.492981e+02 4.725000e+01 -1.071637e+00
      endloop
   endfacet
   facet normal 8.191497e-01 0.000000e+00 5.735797e-01
      outer loop
         vertex 1.495981e+02 5.250000e+00 -1.500000e+00
         vertex 1.492981e+02 4.725000e+01 -1.071637e+00
         vertex 1.492981e+02 5.250000e+00 -1.071637e+00
      endloop
   endfacet
   facet normal 7.071050e-01 -0.000000e+00 7.071086e-01
      outer loop
         vertex 1.492981e+02 5.250000e+00 -1.071637e+00
         vertex 1.492981e+02 4.725000e+01 -1.071637e+00
         vertex 1.489284e+02 4.725000e+01 -7.018667e-01
      endloop
   endfacet
   facet normal 7.071050e-01 0.000000e+00 7.071086e-01
      outer loop
         vertex 1.492981e+02 5.250000e+00 -1.071637e+00
         vertex 1.489284e+02 4.725000e+01 -7.018667e-01
         vertex 1.489284e+02 5.250000e+00 -7.018667e-01
      endloop
   endfacet
   facet normal 5.735757e-01 -0.000000e+00 8.191526e-01
      outer loop
         vertex 1.489284e+02 5.250000e+00 -7.018667e-01
         vertex 1.489284e+02 4.725000e+01 -7.018667e-01
         vertex 1.485000e+02 4.725000e+01 -4.019238e-01
      endloop
   endfacet
   facet normal 5.735757e-01 0.000000e+00 8.191526e-01
      outer loop
         vertex 1.489284e+02 5.250000e+00 -7.018667e-01
         vertex 1.485000e+02 4.725000e+01 -4.019238e-01
         vertex 1.485000e+02 5.250000e+00 -4.019238e-01
      endloop
   endfacet
   facet normal 4.226242e-01 -0.000000e+00 9.063050e-01
      outer loop
         vertex 1.485000e+02 5.250000e+00 -4.019238e-01
         vertex 1.485000e+02 4.725000e+01 -4.019238e-01
         vertex 1.480261e+02 4.725000e+01 -1.809221e-01
      endloop
   endfacet
   facet normal 4.226242e-01 0.000000e+00 9.063050e-01
      outer loop
         vertex 1.485000e+02 5.250000e+00 -4.019238e-01
         vertex 1.480261e+02 4.725000e+01 -1.809221e-01
         vertex 1.480261e+02 5.250000e+00 -1.809221e-01
      endloop
   endfacet
   facet normal 2.588173e-01 -0.000000e+00 9.659263e-01
      outer loop
         vertex 1.480261e+02 5.250000e+00 -1.809221e-01
         vertex 1.480261e+02 4.725000e+01 -1.809221e-01
         vertex 1.475209e+02 4.725000e+01 -4.557674e-02
      endloop
   endfacet
   facet normal 2.588173e-01 0.000000e+00 9.659263e-01
      outer loop
         vertex 1.480261e+02 5.250000e+00 -1.809221e-01
         vertex 1.475209e+02 4.725000e+01 -4.557674e-02
         vertex 1.475209e+02 5.250000e+00 -4.557674e-02
      endloop
   endfacet
   facet normal 8.715573e-02 -0.000000e+00 9.961947e-01
      outer loop
         vertex 1.475209e+02 5.250000e+00 -4.557674e-02
         vertex 1.475209e+02 4.725000e+01 -4.557674e-02
         vertex 1.470000e+02 4.725000e+01 0.000000e+00
      endloop
   endfacet
   facet normal 8.715573e-02 0.000000e+00 9.961947e-01
      outer loop
         vertex 1.475209e+02 5.250000e+00 -4.557674e-02
         vertex 1.470000e+02 4.725000e+01 0.000000e+00
         vertex 1.470000e+02 5.250000e+00 0.000000e+00
      endloop
   endfacet
   facet normal -9.990460e-01 0.000000e+00 4.367006e-02
      outer loop
         vertex -1.500000e+02 9.000000e+01 -3.000000e+00
         vertex -1.500000e+02 5.775000e+01 -3.000000e+00
         vertex -1.499886e+02 8.999527e+01 -2.738533e+00
      endloop
   endfacet
   facet normal -9.961937e-01 -3.537141e-04 8.716694e-02
      outer loop
         vertex -1.499886e+02 8.999527e+01 -2.738533e+00
         vertex -1.500000e+02 5.775000e+01 -3.000000e+00
         vertex -1.499544e+02 5.775000e+01 -2.479055e+00
      endloop
   endfacet
   facet normal -9.914485e-01 0.000000e+00 1.304984e-01
      outer loop
         vertex -1.499886e+02 8.999527e+01 -2.738533e+00
         vertex -1.499544e+02 5.775000e+01 -2.479055e+00
         vertex -1.499544e+02 8.998112e+01 -2.479055e+00
      endloop
   endfacet
   facet normal -9.763012e-01 0.000000e+00 2.164161e-01
      outer loop
         vertex -1.499544e+02 8.998112e+01 -2.479055e+00
         vertex -1.499544e+02 5.775000e+01 -2.479055e+00
         vertex -1.498978e+02 8.995765e+01 -2.223543e+00
      endloop
   endfacet
   facet normal -9.659249e-01 -3.546684e-04 2.588224e-01
      outer loop
         vertex -1.498978e+02 8.995765e+01 -2.223543e+00
         vertex -1.499544e+02 5.775000e+01 -2.479055e+00
         vertex -1.498191e+02 5.775000e+01 -1.973940e+00
      endloop
   endfacet
   facet normal -9.537078e-01 0.000000e+00 3.007347e-01
      outer loop
         vertex -1.498978e+02 8.995765e+01 -2.223543e+00
         vertex -1.498191e+02 5.775000e+01 -1.973940e+00
         vertex -1.498191e+02 8.992506e+01 -1.973940e+00
      endloop
   endfacet
   facet normal -9.238847e-01 0.000000e+00 3.826710e-01
      outer loop
         vertex -1.498191e+02 8.992506e+01 -1.973940e+00
         vertex -1.498191e+02 5.775000e+01 -1.973940e+00
         vertex -1.497189e+02 8.988357e+01 -1.732145e+00
      endloop
   endfacet
   facet normal -9.063096e-01 -3.553359e-04 4.226143e-01
      outer loop
         vertex -1.497189e+02 8.988357e+01 -1.732145e+00
         vertex -1.498191e+02 5.775000e+01 -1.973940e+00
         vertex -1.495981e+02 5.775000e+01 -1.500000e+00
      endloop
   endfacet
   facet normal -8.870088e-01 0.000000e+00 4.617525e-01
      outer loop
         vertex -1.497189e+02 8.988357e+01 -1.732145e+00
         vertex -1.495981e+02 5.775000e+01 -1.500000e+00
         vertex -1.495981e+02 8.983352e+01 -1.500000e+00
      endloop
   endfacet
   facet normal -8.433876e-01 0.000000e+00 5.373056e-01
      outer loop
         vertex -1.495981e+02 8.983352e+01 -1.500000e+00
         vertex -1.495981e+02 5.775000e+01 -1.500000e+00
         vertex -1.494575e+02 8.977527e+01 -1.279271e+00
      endloop
   endfacet
   facet normal -8.191497e-01 -3.564419e-04 5.735797e-01
      outer loop
         vertex -1.494575e+02 8.977527e+01 -1.279271e+00
         vertex -1.495981e+02 5.775000e+01 -1.500000e+00
         vertex -1.492981e+02 5.775000e+01 -1.071637e+00
      endloop
   endfacet
   facet normal -7.933527e-01 0.000000e+00 6.087623e-01
      outer loop
         vertex -1.494575e+02 8.977527e+01 -1.279271e+00
         vertex -1.492981e+02 5.775000e+01 -1.071637e+00
         vertex -1.492981e+02 8.970927e+01 -1.071637e+00
      endloop
   endfacet
   facet normal -7.071050e-01 0.000000e+00 7.071086e-01
      outer loop
         vertex -1.492981e+02 8.970927e+01 -1.071637e+00
         vertex -1.492981e+02 5.775000e+01 -1.071637e+00
         vertex -1.489284e+02 5.775000e+01 -7.018667e-01
      endloop
   endfacet
   facet normal -7.071050e-01 0.000000e+00 7.071086e-01
      outer loop
         vertex -1.492981e+02 8.970927e+01 -1.071637e+00
         vertex -1.489284e+02 5.775000e+01 -7.018667e-01
         vertex -1.489284e+02 8.955611e+01 -7.018667e-01
      endloop
   endfacet
   facet normal -5.735757e-01 0.000000e+00 8.191526e-01
      outer loop
         vertex -1.489284e+02 8.955611e+01 -7.018667e-01
         vertex -1.489284e+02 5.775000e+01 -7.018667e-01
         vertex -1.485000e+02 5.775000e+01 -4.019238e-01
      endloop
   endfacet
   facet normal -5.735757e-01 0.000000e+00 8.191526e-01
      outer loop
         vertex -1.489284e+02 8.955611e+01 -7.018667e-01
         vertex -1.485000e+02 5.775000e+01 -4.019238e-01
         vertex -1.485000e+02 8.937868e+01 -4.019238e-01
      endloop
   endfacet
   facet normal -4.226242e-01 0.000000e+00 9.063050e-01
      outer loop
         vertex -1.485000e+02 8.937868e+01 -4.019238e-01
         vertex -1.485000e+02 5.775000e+01 -4.019238e-01
         vertex -1.480261e+02 5.775000e+01 -1.809221e-01
      endloop
   endfacet
   facet normal -4.226242e-01 0.000000e+00 9.063050e-01
      outer loop
         vertex -1.485000e+02 8.937868e+01 -4.019238e-01
         vertex -1.480261e+02 5.775000e+01 -1.809221e-01
         vertex -1.480261e+02 8.918237e+01 -1.809221e-01
      endloop
   endfacet
   facet normal -2.588173e-01 0.000000e+00 9.659263e-01
      outer loop
         vertex -1.480261e+02 8.918237e+01 -1.809221e-01
         vertex -1.480261e+02 5.775000e+01 -1.809221e-01
         vertex -1.475209e+02 5.775000e+01 -4.557674e-02
      endloop
   endfacet
   facet normal -2.588173e-01 0.000000e+00 9.659263e-01
      outer loop
         vertex -1.480261e+02 8.918237e+01 -1.809221e-01
         vertex -1.475209e+02 5.775000e+01 -4.557674e-02
         vertex -1.475209e+02 8.897314e+01 -4.557674e-02
      endloop
   endfacet
   facet normal -8.715573e-02 0.000000e+00 9.961947e-01
      outer loop
         vertex -1.475209e+02 8.897314e+01 -4.557674e-02
         vertex -1.475209e+02 5.775000e+01 -4.557674e-02
         vertex -1.470000e+02 5.775000e+01 0.000000e+00
      endloop
   endfacet
   facet normal -8.715573e-02 0.000000e+00 9.961947e-01
      outer loop
         vertex -1.475209e+02 8.897314e+01 -4.557674e-02
         vertex -1.470000e+02 5.775000e+01 0.000000e+00
         vertex -1.470000e+02 8.875736e+01 0.000000e+00
      endloop
   endfacet
   facet normal -9.961937e-01 0.000000e+00 8.716695e-02
      outer loop
         vertex -1.500000e+02 4.725000e+01 -3.000000e+00
         vertex -1.500000e+02 5.250000e+00 -3.000000e+00
         vertex -1.499544e+02 5.250000e+00 -2.479055e+00
      endloop
   endfacet
   facet normal -9.961937e-01 0.000000e+00 8.716695e-02
      outer loop
         vertex -1.500000e+02 4.725000e+01 -3.000000e+00
         vertex -1.499544e+02 5.250000e+00 -2.479055e+00
         vertex -1.499544e+02 4.725000e+01 -2.479055e+00
      endloop
   endfacet
   facet normal -9.659249e-01 0.000000e+00 2.588224e-01
      outer loop
         vertex -1.499544e+02 4.725000e+01 -2.479055e+00
         vertex -1.499544e+02 5.250000e+00 -2.479055e+00
         vertex -1.498191e+02 5.250000e+00 -1.973940e+00
      endloop
   endfacet
   facet normal -9.659249e-01 0.000000e+00 2.588224e-01
      outer loop
         vertex -1.499544e+02 4.725000e+01 -2.479055e+00
         vertex -1.498191e+02 5.250000e+00 -1.973940e+00
         vertex -1.498191e+02 4.725000e+01 -1.973940e+00
      endloop
   endfacet
   facet normal -9.063096e-01 0.000000e+00 4.226143e-01
      outer loop
         vertex -1.498191e+02 4.725000e+01 -1.973940e+00
         vertex -1.498191e+02 5.250000e+00 -1.973940e+00
         vertex -1.495981e+02 5.250000e+00 -1.500000e+00
      endloop
   endfacet
   facet normal -9.063096e-01 0.000000e+00 4.226143e-01
      outer loop
         vertex -1.498191e+02 4.725000e+01 -1.973940e+00
         vertex -1.495981e+02 5.250000e+00 -1.500000e+00
         vertex -1.495981e+02 4.725000e+01 -1.500000e+00
      endloop
   endfacet
   facet normal -8.191497e-01 0.000000e+00 5.735797e-01
      outer loop
         vertex -1.495981e+02 4.725000e+01 -1.500000e+00
         vertex -1.495981e+02 5.250000e+00 -1.500000e+00
         vertex -1.492981e+02 5.250000e+00 -1.071637e+00
      endloop
   endfacet
   facet normal -8.191497e-01 0.000000e+00 5.735797e-01
      outer loop
         vertex -1.495981e+02 4.725000e+01 -1.500000e+00
         vertex -1.492981e+02 5.250000e+00 -1.071637e+00
         vertex -1.492981e+02 4.725000e+01 -1.071637e+00
      endloop
   endfacet
   facet normal -7.071050e-01 0.000000e+00 7.071086e-01
      outer loop
         vertex -1.492981e+02 4.725000e+01 -1.071637e+00
         vertex -1.492981e+02 5.250000e+00 -1.071637e+00
         vertex -1.489284e+02 5.250000e+00 -7.018667e-01
      endloop
   endfacet
   facet normal -7.071050e-01 0.000000e+00 7.071086e-01
      outer loop
         vertex -1.492981e+02 4.725000e+01 -1.071637e+00
         vertex -1.489284e+02 5.250000e+00 -7.018667e-01
         vertex -1.489284e+02 4.725000e+01 -7.018667e-01
      endloop
   endfacet
   facet normal -5.735757e-01 0.000000e+00 8.191526e-01
      outer loop
         vertex -1.489284e+02 4.725000e+01 -7.018667e-01
         vertex -1.489284e+02 5.250000e+00 -7.018667e-01
         vertex -1.485000e+02 5.250000e+00 -4.019238e-01
      endloop
   endfacet
   facet normal -5.735757e-01 0.000000e+00 8.191526e-01
      outer loop
         vertex -1.489284e+02 4.725000e+01 -7.018667e-01
         vertex -1.485000e+02 5.250000e+00 -4.019238e-01
         vertex -1.485000e+02 4.725000e+01 -4.019238e-01
      endloop
   endfacet
   facet normal -4.226242e-01 0.000000e+00 9.063050e-01
      outer loop
         vertex -1.485000e+02 4.725000e+01 -4.019238e-01
         vertex -1.485000e+02 5.250000e+00 -4.019238e-01
         vertex -1.480261e+02 5.250000e+00 -1.809221e-01
      endloop
   endfacet
   facet normal -4.226242e-01 0.000000e+00 9.063050e-01
      outer loop
         vertex -1.485000e+02 4.725000e+01 -4.019238e-01
         vertex -1.480261e+02 5.250000e+00 -1.809221e-01
         vertex -1.480261e+02 4.725000e+01 -1.809221e-01
      endloop
   endfacet
   facet normal -2.588173e-01 0.000000e+00 9.659263e-01
      outer loop
         vertex -1.480261e+02 4.725000e+01 -1.809221e-01
         vertex -1.480261e+02 5.250000e+00 -1.809221e-01
         vertex -1.475209e+02 5.250000e+00 -4.557674e-02
      endloop
   endfacet
   facet normal -2.588173e-01 0.000000e+00 9.659263e-01
      outer loop
         vertex -1.480261e+02 4.725000e+01 -1.809221e-01
         vertex -1.475209e+02 5.250000e+00 -4.557674e-02
         vertex -1.475209e+02 4.725000e+01 -4.557674e-02
      endloop
   endfacet
   facet normal -8.715573e-02 0.000000e+00 9.961947e-01
      outer loop
         vertex -1.475209e+02 4.725000e+01 -4.557674e-02
         vertex -1.475209e+02 5.250000e+00 -4.557674e-02
         vertex -1.470000e+02 5.250000e+00 0.000000e+00
      endloop
   endfacet
   facet normal -8.715573e-02 0.000000e+00 9.961947e-01
      outer loop
         vertex -1.475209e+02 4.725000e+01 -4.557674e-02
         vertex -1.470000e+02 5.250000e+00 0.000000e+00
         vertex -1.470000e+02 4.725000e+01 0.000000e+00
      endloop
   endfacet
   facet normal 0.000000e+00 -1.000000e+00 0.000000e+00
      outer loop
         vertex -9.000000e+01 -1.500000e+02 -3.000000e+00
         vertex -9.000000e+01 -1.500000e+02 -4.500000e+01
         vertex 9.000000e+01 -1.500000e+02 -3.000000e+00
      endloop
   endfacet
   facet normal 0.000000e+00 -1.000000e+00 -0.000000e+00
      outer loop
         vertex 9.000000e+01 -1.500000e+02 -3.000000e+00
         vertex -9.000000e+01 -1.500000e+02 -4.500000e+01
         vertex 9.000000e+01 -1.500000e+02 -4.500000e+01
      endloop
   endfacet
   facet normal 0.000000e+00 1.000000e+00 0.000000e+00
      outer loop
         vertex 9.000000e+01 1.500000e+02 -3.000000e+00
         vertex 9.000000e+01 1.500000e+02 -4.500000e+01
         vertex -9.000000e+01 1.500000e+02 -3.000000e+00
      endloop
   endfacet
   facet normal 0.000000e+00 1.000000e+00 0.000000e+00
      outer loop
         vertex -9.000000e+01 1.500000e+02 -3.000000e+00
         vertex 9.000000e+01 1.500000e+02 -4.500000e+01
         vertex -9.000000e+01 1.500000e+02 -4.500000e+01
      endloop
   endfacet
   facet normal 0.000000e+00 0.000000e+00 1.000000e+00
      outer loop
         vertex 1.548916e+02 8.129335e+01 -4.500000e+01
         vertex 1.500000e+02 9.000000e+01 -4.500000e+01
         vertex 1.500000e+02 -9.000000e+01 -4.500000e+01
      endloop
   endfacet
   facet normal 0.000000e+00 0.000000e+00 1.000000e+00
      outer loop
         vertex 1.500000e+02 -9.000000e+01 -4.500000e+01
         vertex 1.548916e+02 -8.129335e+01 -4.500000e+01
         vertex 1.548916e+02 8.129335e+01 -4.500000e+01
      endloop
   endfacet
   facet normal 0.000000e+00 0.000000e+00 1.000000e+00
      outer loop
         vertex 1.548916e+02 8.129335e+01 -4.500000e+01
         vertex 1.548916e+02 -8.129335e+01 -4.500000e+01
         vertex 1.609307e+02 -6.856615e+01 -4.500000e+01
      endloop
   endfacet
   facet normal 0.000000e+00 0.000000e+00 1.000000e+00
      outer loop
         vertex 1.548916e+02 8.129335e+01 -4.500000e+01
         vertex 1.609307e+02 -6.856615e+01 -4.500000e+01
         vertex 1.659261e+02 -5.539428e+01 -4.500000e+01
      endloop
   endfacet
   facet normal 0.000000e+00 -0.000000e+00 1.000000e+00
      outer loop
         vertex 1.659261e+02 -5.539428e+01 -4.500000e+01
         vertex 1.698454e+02 -4.186314e+01 -4.500000e+01
         vertex 1.548916e+02 8.129335e+01 -4.500000e+01
      endloop
   endfacet
   facet normal 0.000000e+00 0.000000e+00 1.000000e+00
      outer loop
         vertex 1.548916e+02 8.129335e+01 -4.500000e+01
         vertex 1.698454e+02 -4.186314e+01 -4.500000e+01
         vertex 1.726633e+02 -2.806051e+01 -4.500000e+01
      endloop
   endfacet
   facet normal 0.000000e+00 0.000000e+00 1.000000e+00
      outer loop
         vertex 1.548916e+02 8.129335e+01 -4.500000e+01
         vertex 1.726633e+02 -2.806051e+01 -4.500000e+01
         vertex 1.743613e+02 -1.407590e+01 -4.500000e+01
      endloop
   endfacet
   facet normal 0.000000e+00 -0.000000e+00 1.000000e+00
      outer loop
         vertex 1.743613e+02 -1.407590e+01 -4.500000e+01
         vertex 1.749286e+02 0.000000e+00 -4.500000e+01
         vertex 1.548916e+02 8.129335e+01 -4.500000e+01
      endloop
   endfacet
   facet normal 0.000000e+00 0.000000e+00 1.000000e+00
      outer loop
         vertex 1.548916e+02 8.129335e+01 -4.500000e+01
         vertex 1.749286e+02 0.000000e+00 -4.500000e+01
         vertex 1.743613e+02 1.407590e+01 -4.500000e+01
      endloop
   endfacet
   facet normal 0.000000e+00 0.000000e+00 1.000000e+00
      outer loop
         vertex 1.548916e+02 8.129335e+01 -4.500000e+01
         vertex 1.743613e+02 1.407590e+01 -4.500000e+01
         vertex 1.726633e+02 2.806051e+01 -4.500000e+01
      endloop
   endfacet
   facet normal 0.000000e+00 0.000000e+00 1.000000e+00
      outer loop
         vertex 1.726633e+02 2.806051e+01 -4.500000e+01
         vertex 1.698454e+02 4.186314e+01 -4.500000e+01
         vertex 1.548916e+02 8.129335e+01 -4.500000e+01
      endloop
   endfacet
   facet normal 0.000000e+00 0.000000e+00 1.000000e+00
      outer loop
         vertex 1.548916e+02 8.129335e+01 -4.500000e+01
         vertex 1.698454e+02 4.186314e+01 -4.500000e+01
         vertex 1.659261e+02 5.539428e+01 -4.500000e+01
      endloop
   endfacet
   facet normal 0.000000e+00 0.000000e+00 1.000000e+00
      outer loop
         vertex 1.548916e+02 8.129335e+01 -4.500000e+01
         vertex 1.659261e+02 5.539428e+01 -4.500000e+01
         vertex 1.609307e+02 6.856615e+01 -4.500000e+01
      endloop
   endfacet
   facet normal 0.000000e+00 0.000000e+00 1.000000e+00
      outer loop
         vertex 1.500000e+02 -9.000000e+01 -4.500000e+01
         vertex 9.000000e+01 -1.500000e+02 -4.500000e+01
         vertex 1.478479e+02 -9.349333e+01 -4.500000e+01
      endloop
   endfacet
   facet normal 0.000000e+00 0.000000e+00 1.000000e+00
      outer loop
         vertex 1.478479e+02 -9.349333e+01 -4.500000e+01
         vertex 9.000000e+01 -1.500000e+02 -4.500000e+01
         vertex 9.937075e+01 -1.439634e+02 -4.500000e+01
      endloop
   endfacet
   facet normal 0.000000e+00 0.000000e+00 1.000000e+00
      outer loop
         vertex 1.478479e+02 -9.349333e+01 -4.500000e+01
         vertex 9.937075e+01 -1.439634e+02 -4.500000e+01
         vertex 1.106328e+02 -1.355005e+02 -4.500000e+01
      endloop
   endfacet
   facet normal 0.000000e+00 0.000000e+00 1.000000e+00
      outer loop
         vertex 1.106328e+02 -1.355005e+02 -4.500000e+01
         vertex 1.211773e+02 -1.261589e+02 -4.500000e+01
         vertex 1.478479e+02 -9.349333e+01 -4.500000e+01
      endloop
   endfacet
   facet normal 0.000000e+00 0.000000e+00 1.000000e+00
      outer loop
         vertex 1.478479e+02 -9.349333e+01 -4.500000e+01
         vertex 1.211773e+02 -1.261589e+02 -4.500000e+01
         vertex 1.309359e+02 -1.159991e+02 -4.500000e+01
      endloop
   endfacet
   facet normal 0.000000e+00 0.000000e+00 1.000000e+00
      outer loop
         vertex 1.478479e+02 -9.349333e+01 -4.500000e+01
         vertex 1.309359e+02 -1.159991e+02 -4.500000e+01
         vertex 1.398454e+02 -1.050870e+02 -4.500000e+01
      endloop
   endfacet
   facet normal 0.000000e+00 0.000000e+00 1.000000e+00
      outer loop
         vertex 9.000000e+01 -1.500000e+02 -4.500000e+01
         vertex -9.000000e+01 -1.500000e+02 -4.500000e+01
         vertex -8.746428e+01 -1.514926e+02 -4.500000e+01
      endloop
   endfacet
   facet normal -0.000000e+00 0.000000e+00 1.000000e+00
      outer loop
         vertex -6.203052e+01 -1.635610e+02 -4.500000e+01
         vertex -4.866818e+01 -1.680221e+02 -4.500000e+01
         vertex 8.746428e+01 -1.514926e+02 -4.500000e+01
      endloop
   endfacet
   facet normal 0.000000e+00 0.000000e+00 1.000000e+00
      outer loop
         vertex 9.000000e+01 -1.500000e+02 -4.500000e+01
         vertex -8.746428e+01 -1.514926e+02 -4.500000e+01
         vertex 8.746428e+01 -1.514926e+02 -4.500000e+01
      endloop
   endfacet
   facet normal 0.000000e+00 0.000000e+00 1.000000e+00
      outer loop
         vertex 8.746428e+01 -1.514926e+02 -4.500000e+01
         vertex -8.746428e+01 -1.514926e+02 -4.500000e+01
         vertex -7.499057e+01 -1.580393e+02 -4.500000e+01
      endloop
   endfacet
   facet normal 0.000000e+00 0.000000e+00 1.000000e+00
      outer loop
         vertex 8.746428e+01 -1.514926e+02 -4.500000e+01
         vertex -7.499057e+01 -1.580393e+02 -4.500000e+01
         vertex -6.203052e+01 -1.635610e+02 -4.500000e+01
      endloop
   endfacet
   facet normal 0.000000e+00 0.000000e+00 1.000000e+00
      outer loop
         vertex -3.499021e+01 -1.713934e+02 -4.500000e+01
         vertex -2.108531e+01 -1.736531e+02 -4.500000e+01
         vertex -7.043663e+00 -1.747867e+02 -4.500000e+01
      endloop
   endfacet
   facet normal 0.000000e+00 -0.000000e+00 1.000000e+00
      outer loop
         vertex -7.043663e+00 -1.747867e+02 -4.500000e+01
         vertex 7.043663e+00 -1.747867e+02 -4.500000e+01
         vertex -3.499021e+01 -1.713934e+02 -4.500000e+01
      endloop
   endfacet
   facet normal 0.000000e+00 0.000000e+00 1.000000e+00
      outer loop
         vertex -3.499021e+01 -1.713934e+02 -4.500000e+01
         vertex 7.043663e+00 -1.747867e+02 -4.500000e+01
         vertex 2.108531e+01 -1.736531e+02 -4.500000e+01
      endloop
   endfacet
   facet normal -0.000000e+00 -0.000000e+00 1.000000e+00
      outer loop
         vertex -3.499021e+01 -1.713934e+02 -4.500000e+01
         vertex 2.108531e+01 -1.736531e+02 -4.500000e+01
         vertex -4.866818e+01 -1.680221e+02 -4.500000e+01
      endloop
   endfacet
   facet normal 0.000000e+00 0.000000e+00 1.000000e+00
      outer loop
         vertex -4.866818e+01 -1.680221e+02 -4.500000e+01
         vertex 2.108531e+01 -1.736531e+02 -4.500000e+01
         vertex 3.499021e+01 -1.713934e+02 -4.500000e+01
      endloop
   endfacet
   facet normal -0.000000e+00 0.000000e+00 1.000000e+00
      outer loop
         vertex -4.866818e+01 -1.680221e+02 -4.500000e+01
         vertex 3.499021e+01 -1.713934e+02 -4.500000e+01
         vertex 4.866818e+01 -1.680221e+02 -4.500000e+01
      endloop
   endfacet
   facet normal 0.000000e+00 -0.000000e+00 1.000000e+00
      outer loop
         vertex 4.866818e+01 -1.680221e+02 -4.500000e+01
         vertex 6.203052e+01 -1.635610e+02 -4.500000e+01
         vertex -4.866818e+01 -1.680221e+02 -4.500000e+01
      endloop
   endfacet
   facet normal 0.000000e+00 0.000000e+00 1.000000e+00
      outer loop
         vertex -4.866818e+01 -1.680221e+02 -4.500000e+01
         vertex 6.203052e+01 -1.635610e+02 -4.500000e+01
         vertex 7.499057e+01 -1.580393e+02 -4.500000e+01
      endloop
   endfacet
   facet normal 0.000000e+00 0.000000e+00 1.000000e+00
      outer loop
         vertex -4.866818e+01 -1.680221e+02 -4.500000e+01
         vertex 7.499057e+01 -1.580393e+02 -4.500000e+01
         vertex 8.746428e+01 -1.514926e+02 -4.500000e+01
      endloop
   endfacet
   facet normal -0.000000e+00 -0.000000e+00 1.000000e+00
      outer loop
         vertex -9.937075e+01 -1.439634e+02 -4.500000e+01
         vertex -9.000000e+01 -1.500000e+02 -4.500000e+01
         vertex -1.478479e+02 -9.349333e+01 -4.500000e+01
      endloop
   endfacet
   facet normal -0.000000e+00 -0.000000e+00 1.000000e+00
      outer loop
         vertex -1.478479e+02 -9.349333e+01 -4.500000e+01
         vertex -9.000000e+01 -1.500000e+02 -4.500000e+01
         vertex -1.500000e+02 -9.000000e+01 -4.500000e+01
      endloop
   endfacet
   facet normal 0.000000e+00 0.000000e+00 1.000000e+00
      outer loop
         vertex -1.398454e+02 -1.050870e+02 -4.500000e+01
         vertex -1.309359e+02 -1.159991e+02 -4.500000e+01
         vertex -1.211773e+02 -1.261589e+02 -4.500000e+01
      endloop
   endfacet
   facet normal -0.000000e+00 -0.000000e+00 1.000000e+00
      outer loop
         vertex -1.398454e+02 -1.050870e+02 -4.500000e+01
         vertex -1.211773e+02 -1.261589e+02 -4.500000e+01
         vertex -1.478479e+02 -9.349333e+01 -4.500000e+01
      endloop
   endfacet
   facet normal 0.000000e+00 0.000000e+00 1.000000e+00
      outer loop
         vertex -1.478479e+02 -9.349333e+01 -4.500000e+01
         vertex -1.211773e+02 -1.261589e+02 -4.500000e+01
         vertex -1.106328e+02 -1.355005e+02 -4.500000e+01
      endloop
   endfacet
   facet normal 0.000000e+00 0.000000e+00 1.000000e+00
      outer loop
         vertex -1.478479e+02 -9.349333e+01 -4.500000e+01
         vertex -1.106328e+02 -1.355005e+02 -4.500000e+01
         vertex -9.937075e+01 -1.439634e+02 -4.500000e+01
      endloop
   endfacet
   facet normal -0.000000e+00 0.000000e+00 1.000000e+00
      outer loop
         vertex -1.609307e+02 6.856615e+01 -4.500000e+01
         vertex -1.548916e+02 -8.129335e+01 -4.500000e+01
         vertex -1.548916e+02 8.129335e+01 -4.500000e+01
      endloop
   endfacet
   facet normal 0.000000e+00 0.000000e+00 1.000000e+00
      outer loop
         vertex -1.548916e+02 8.129335e+01 -4.500000e+01
         vertex -1.548916e+02 -8.129335e+01 -4.500000e+01
         vertex -1.500000e+02 -9.000000e+01 -4.500000e+01
      endloop
   endfacet
   facet normal -0.000000e+00 0.000000e+00 1.000000e+00
      outer loop
         vertex -1.548916e+02 8.129335e+01 -4.500000e+01
         vertex -1.500000e+02 -9.000000e+01 -4.500000e+01
         vertex -1.500000e+02 9.000000e+01 -4.500000e+01
      endloop
   endfacet
   facet normal 0.000000e+00 0.000000e+00 1.000000e+00
      outer loop
         vertex -1.609307e+02 6.856615e+01 -4.500000e+01
         vertex -1.659261e+02 5.539428e+01 -4.500000e+01
         vertex -1.548916e+02 -8.129335e+01 -4.500000e+01
      endloop
   endfacet
   facet normal 0.000000e+00 0.000000e+00 1.000000e+00
      outer loop
         vertex -1.548916e+02 -8.129335e+01 -4.500000e+01
         vertex -1.659261e+02 5.539428e+01 -4.500000e+01
         vertex -1.698454e+02 4.186314e+01 -4.500000e+01
      endloop
   endfacet
   facet normal 0.000000e+00 0.000000e+00 1.000000e+00
      outer loop
         vertex -1.548916e+02 -8.129335e+01 -4.500000e+01
         vertex -1.698454e+02 4.186314e+01 -4.500000e+01
         vertex -1.609307e+02 -6.856615e+01 -4.500000e+01
      endloop
   endfacet
   facet normal 0.000000e+00 0.000000e+00 1.000000e+00
      outer loop
         vertex -1.609307e+02 -6.856615e+01 -4.500000e+01
         vertex -1.698454e+02 4.186314e+01 -4.500000e+01
         vertex -1.659261e+02 -5.539428e+01 -4.500000e+01
      endloop
   endfacet
   facet normal 0.000000e+00 0.000000e+00 1.000000e+00
      outer loop
         vertex -1.698454e+02 4.186314e+01 -4.500000e+01
         vertex -1.726633e+02 2.806051e+01 -4.500000e+01
         vertex -1.659261e+02 -5.539428e+01 -4.500000e+01
      endloop
   endfacet
   facet normal 0.000000e+00 0.000000e+00 1.000000e+00
      outer loop
         vertex -1.659261e+02 -5.539428e+01 -4.500000e+01
         vertex -1.726633e+02 2.806051e+01 -4.500000e+01
         vertex -1.743613e+02 1.407590e+01 -4.500000e+01
      endloop
   endfacet
   facet normal 0.000000e+00 0.000000e+00 1.000000e+00
      outer loop
         vertex -1.659261e+02 -5.539428e+01 -4.500000e+01
         vertex -1.743613e+02 1.407590e+01 -4.500000e+01
         vertex -1.749286e+02 9.910645e-14 -4.500000e+01
      endloop
   endfacet
   facet normal 0.000000e+00 0.000000e+00 1.000000e+00
      outer loop
         vertex -1.749286e+02 9.910645e-14 -4.500000e+01
         vertex -1.743613e+02 -1.407590e+01 -4.500000e+01
         vertex -1.659261e+02 -5.539428e+01 -4.500000e+01
      endloop
   endfacet
   facet normal 0.000000e+00 0.000000e+00 1.000000e+00
      outer loop
         vertex -1.659261e+02 -5.539428e+01 -4.500000e+01
         vertex -1.743613e+02 -1.407590e+01 -4.500000e+01
         vertex -1.726633e+02 -2.806051e+01 -4.500000e+01
      endloop
   endfacet
   facet normal 0.000000e+00 0.000000e+00 1.000000e+00
      outer loop
         vertex -1.659261e+02 -5.539428e+01 -4.500000e+01
         vertex -1.726633e+02 -2.806051e+01 -4.500000e+01
         vertex -1.698454e+02 -4.186314e+01 -4.500000e+01
      endloop
   endfacet
   facet normal -0.000000e+00 0.000000e+00 1.000000e+00
      outer loop
         vertex -1.211773e+02 1.261589e+02 -4.500000e+01
         vertex -1.309359e+02 1.159991e+02 -4.500000e+01
         vertex -1.106328e+02 1.355005e+02 -4.500000e+01
      endloop
   endfacet
   facet normal -0.000000e+00 0.000000e+00 1.000000e+00
      outer loop
         vertex -1.106328e+02 1.355005e+02 -4.500000e+01
         vertex -1.309359e+02 1.159991e+02 -4.500000e+01
         vertex -9.937075e+01 1.439634e+02 -4.500000e+01
      endloop
   endfacet
   facet normal 0.000000e+00 0.000000e+00 1.000000e+00
      outer loop
         vertex -1.500000e+02 9.000000e+01 -4.500000e+01
         vertex -9.000000e+01 1.500000e+02 -4.500000e+01
         vertex -1.478479e+02 9.349333e+01 -4.500000e+01
      endloop
   endfacet
   facet normal 0.000000e+00 0.000000e+00 1.000000e+00
      outer loop
         vertex -1.478479e+02 9.349333e+01 -4.500000e+01
         vertex -9.000000e+01 1.500000e+02 -4.500000e+01
         vertex -9.937075e+01 1.439634e+02 -4.500000e+01
      endloop
   endfacet
   facet normal 0.000000e+00 0.000000e+00 1.000000e+00
      outer loop
         vertex -1.478479e+02 9.349333e+01 -4.500000e+01
         vertex -9.937075e+01 1.439634e+02 -4.500000e+01
         vertex -1.398454e+02 1.050870e+02 -4.500000e+01
      endloop
   endfacet
   facet normal 0.000000e+00 0.000000e+00 1.000000e+00
      outer loop
         vertex -1.398454e+02 1.050870e+02 -4.500000e+01
         vertex -9.937075e+01 1.439634e+02 -4.500000e+01
         vertex -1.309359e+02 1.159991e+02 -4.500000e+01
      endloop
   endfacet
   facet normal 0.000000e+00 0.000000e+00 1.000000e+00
      outer loop
         vertex 7.499057e+01 1.580393e+02 -4.500000e+01
         vertex -8.746428e+01 1.514926e+02 -4.500000e+01
         vertex 8.746428e+01 1.514926e+02 -4.500000e+01
      endloop
   endfacet
   facet normal 0.000000e+00 0.000000e+00 1.000000e+00
      outer loop
         vertex 8.746428e+01 1.514926e+02 -4.500000e+01
         vertex -8.746428e+01 1.514926e+02 -4.500000e+01
         vertex -9.000000e+01 1.500000e+02 -4.500000e+01
      endloop
   endfacet
   facet normal 0.000000e+00 0.000000e+00 1.000000e+00
      outer loop
         vertex 8.746428e+01 1.514926e+02 -4.500000e+01
         vertex -9.000000e+01 1.500000e+02 -4.500000e+01
         vertex 9.000000e+01 1.500000e+02 -4.500000e+01
      endloop
   endfacet
   facet normal 0.000000e+00 0.000000e+00 1.000000e+00
      outer loop
         vertex 7.499057e+01 1.580393e+02 -4.500000e+01
         vertex 6.203052e+01 1.635610e+02 -4.500000e+01
         vertex -8.746428e+01 1.514926e+02 -4.500000e+01
      endloop
   endfacet
   facet normal 0.000000e+00 0.000000e+00 1.000000e+00
      outer loop
         vertex -8.746428e+01 1.514926e+02 -4.500000e+01
         vertex 6.203052e+01 1.635610e+02 -4.500000e+01
         vertex 4.866818e+01 1.680221e+02 -4.500000e+01
      endloop
   endfacet
   facet normal 0.000000e+00 0.000000e+00 1.000000e+00
      outer loop
         vertex -8.746428e+01 1.514926e+02 -4.500000e+01
         vertex 4.866818e+01 1.680221e+02 -4.500000e+01
         vertex 3.499021e+01 1.713934e+02 -4.500000e+01
      endloop
   endfacet
   facet normal 0.000000e+00 0.000000e+00 1.000000e+00
      outer loop
         vertex -6.203052e+01 1.635610e+02 -4.500000e+01
         vertex -2.108531e+01 1.736531e+02 -4.500000e+01
         vertex -4.866818e+01 1.680221e+02 -4.500000e+01
      endloop
   endfacet
   facet normal 0.000000e+00 0.000000e+00 1.000000e+00
      outer loop
         vertex -4.866818e+01 1.680221e+02 -4.500000e+01
         vertex -2.108531e+01 1.736531e+02 -4.500000e+01
         vertex -3.499021e+01 1.713934e+02 -4.500000e+01
      endloop
   endfacet
   facet normal -0.000000e+00 0.000000e+00 1.000000e+00
      outer loop
         vertex -6.203052e+01 1.635610e+02 -4.500000e+01
         vertex -7.499057e+01 1.580393e+02 -4.500000e+01
         vertex -2.108531e+01 1.736531e+02 -4.500000e+01
      endloop
   endfacet
   facet normal 0.000000e+00 0.000000e+00 1.000000e+00
      outer loop
         vertex -2.108531e+01 1.736531e+02 -4.500000e+01
         vertex -7.499057e+01 1.580393e+02 -4.500000e+01
         vertex -8.746428e+01 1.514926e+02 -4.500000e+01
      endloop
   endfacet
   facet normal -0.000000e+00 0.000000e+00 1.000000e+00
      outer loop
         vertex -2.108531e+01 1.736531e+02 -4.500000e+01
         vertex -8.746428e+01 1.514926e+02 -4.500000e+01
         vertex -7.043663e+00 1.747867e+02 -4.500000e+01
      endloop
   endfacet
   facet normal 0.000000e+00 0.000000e+00 1.000000e+00
      outer loop
         vertex 3.499021e+01 1.713934e+02 -4.500000e+01
         vertex 2.108531e+01 1.736531e+02 -4.500000e+01
         vertex -8.746428e+01 1.514926e+02 -4.500000e+01
      endloop
   endfacet
   facet normal 0.000000e+00 0.000000e+00 1.000000e+00
      outer loop
         vertex -8.746428e+01 1.514926e+02 -4.500000e+01
         vertex 2.108531e+01 1.736531e+02 -4.500000e+01
         vertex 7.043663e+00 1.747867e+02 -4.500000e+01
      endloop
   endfacet
   facet normal 0.000000e+00 0.000000e+00 1.000000e+00
      outer loop
         vertex -8.746428e+01 1.514926e+02 -4.500000e+01
         vertex 7.043663e+00 1.747867e+02 -4.500000e+01
         vertex -7.043663e+00 1.747867e+02 -4.500000e+01
      endloop
   endfacet
   facet normal 0.000000e+00 0.000000e+00 1.000000e+00
      outer loop
         vertex 9.937075e+01 1.439634e+02 -4.500000e+01
         vertex 9.000000e+01 1.500000e+02 -4.500000e+01
         vertex 1.478479e+02 9.349333e+01 -4.500000e+01
      endloop
   endfacet
   facet normal 0.000000e+00 0.000000e+00 1.000000e+00
      outer loop
         vertex 1.478479e+02 9.349333e+01 -4.500000e+01
         vertex 9.000000e+01 1.500000e+02 -4.500000e+01
         vertex 1.500000e+02 9.000000e+01 -4.500000e+01
      endloop
   endfacet
   facet normal 0.000000e+00 0.000000e+00 1.000000e+00
      outer loop
         vertex 1.478479e+02 9.349333e+01 -4.500000e+01
         vertex 1.398454e+02 1.050870e+02 -4.500000e+01
         vertex 9.937075e+01 1.439634e+02 -4.500000e+01
      endloop
   endfacet
   facet normal 0.000000e+00 0.000000e+00 1.000000e+00
      outer loop
         vertex 9.937075e+01 1.439634e+02 -4.500000e+01
         vertex 1.398454e+02 1.050870e+02 -4.500000e+01
         vertex 1.309359e+02 1.159991e+02 -4.500000e+01
      endloop
   endfacet
   facet normal 0.000000e+00 0.000000e+00 1.000000e+00
      outer loop
         vertex 9.937075e+01 1.439634e+02 -4.500000e+01
         vertex 1.309359e+02 1.159991e+02 -4.500000e+01
         vertex 1.106328e+02 1.355005e+02 -4.500000e+01
      endloop
   endfacet
   facet normal 0.000000e+00 0.000000e+00 1.000000e+00
      outer loop
         vertex 1.106328e+02 1.355005e+02 -4.500000e+01
         vertex 1.309359e+02 1.159991e+02 -4.500000e+01
         vertex 1.211773e+02 1.261589e+02 -4.500000e+01
      endloop
   endfacet
   facet normal 8.229841e-01 -5.680644e-01 0.000000e+00
      outer loop
         vertex 1.478479e+02 -9.349333e+01 -9.000000e+01
         vertex 1.398454e+02 -1.050870e+02 -4.500000e+01
         vertex 1.398454e+02 -1.050870e+02 -9.000000e+01
      endloop
   endfacet
   facet normal 7.746050e-01 -6.324454e-01 0.000000e+00
      outer loop
         vertex 1.398454e+02 -1.050870e+02 -9.000000e+01
         vertex 1.398454e+02 -1.050870e+02 -4.500000e+01
         vertex 1.309359e+02 -1.159991e+02 -4.500000e+01
      endloop
   endfacet
   facet normal 7.746050e-01 -6.324454e-01 0.000000e+00
      outer loop
         vertex 1.398454e+02 -1.050870e+02 -9.000000e+01
         vertex 1.309359e+02 -1.159991e+02 -4.500000e+01
         vertex 1.309359e+02 -1.159991e+02 -9.000000e+01
      endloop
   endfacet
   facet normal 7.212026e-01 -6.927242e-01 0.000000e+00
      outer loop
         vertex 1.309359e+02 -1.159991e+02 -9.000000e+01
         vertex 1.309359e+02 -1.159991e+02 -4.500000e+01
         vertex 1.211773e+02 -1.261589e+02 -4.500000e+01
      endloop
   endfacet
   facet normal 7.212026e-01 -6.927242e-01 0.000000e+00
      outer loop
         vertex 1.309359e+02 -1.159991e+02 -9.000000e+01
         vertex 1.211773e+02 -1.261589e+02 -4.500000e+01
         vertex 1.211773e+02 -1.261589e+02 -9.000000e+01
      endloop
   endfacet
   facet normal 6.631227e-01 -7.485107e-01 0.000000e+00
      outer loop
         vertex 1.211773e+02 -1.261589e+02 -9.000000e+01
         vertex 1.211773e+02 -1.261589e+02 -4.500000e+01
         vertex 1.106328e+02 -1.355005e+02 -4.500000e+01
      endloop
   endfacet
   facet normal 6.631227e-01 -7.485107e-01 0.000000e+00
      outer loop
         vertex 1.211773e+02 -1.261589e+02 -9.000000e+01
         vertex 1.106328e+02 -1.355005e+02 -4.500000e+01
         vertex 1.106328e+02 -1.355005e+02 -9.000000e+01
      endloop
   endfacet
   facet normal 6.007421e-01 -7.994429e-01 0.000000e+00
      outer loop
         vertex 1.106328e+02 -1.355005e+02 -9.000000e+01
         vertex 1.106328e+02 -1.355005e+02 -4.500000e+01
         vertex 9.937075e+01 -1.439634e+02 -4.500000e+01
      endloop
   endfacet
   facet normal 6.007421e-01 -7.994429e-01 0.000000e+00
      outer loop
         vertex 1.106328e+02 -1.355005e+02 -9.000000e+01
         vertex 9.937075e+01 -1.439634e+02 -4.500000e+01
         vertex 9.937075e+01 -1.439634e+02 -9.000000e+01
      endloop
   endfacet
   facet normal 5.415556e-01 -8.406650e-01 0.000000e+00
      outer loop
         vertex 9.937075e+01 -1.439634e+02 -9.000000e+01
         vertex 9.937075e+01 -1.439634e+02 -4.500000e+01
         vertex 9.000000e+01 -1.500000e+02 -4.500000e+01
      endloop
   endfacet
   facet normal 5.344649e-01 -8.451881e-01 -2.083304e-03
      outer loop
         vertex 9.937075e+01 -1.439634e+02 -9.000000e+01
         vertex 9.000000e+01 -1.500000e+02 -4.500000e+01
         vertex 8.746428e+01 -1.514926e+02 -9.000000e+01
      endloop
   endfacet
   facet normal 5.072658e-01 -8.617897e-01 0.000000e+00
      outer loop
         vertex 9.000000e+01 -1.500000e+02 -4.500000e+01
         vertex 8.746428e+01 -1.514926e+02 -4.500000e+01
         vertex 8.746428e+01 -1.514926e+02 -9.000000e+01
      endloop
   endfacet
   facet normal 4.647231e-01 -8.854561e-01 0.000000e+00
      outer loop
         vertex 8.746428e+01 -1.514926e+02 -9.000000e+01
         vertex 8.746428e+01 -1.514926e+02 -4.500000e+01
         vertex 7.499057e+01 -1.580393e+02 -4.500000e+01
      endloop
   endfacet
   facet normal 4.647231e-01 -8.854561e-01 0.000000e+00
      outer loop
         vertex 8.746428e+01 -1.514926e+02 -9.000000e+01
         vertex 7.499057e+01 -1.580393e+02 -4.500000e+01
         vertex 7.499057e+01 -1.580393e+02 -9.000000e+01
      endloop
   endfacet
   facet normal 3.919665e-01 -9.199795e-01 0.000000e+00
      outer loop
         vertex 7.499057e+01 -1.580393e+02 -9.000000e+01
         vertex 7.499057e+01 -1.580393e+02 -4.500000e+01
         vertex 6.203052e+01 -1.635610e+02 -4.500000e+01
      endloop
   endfacet
   facet normal 3.919665e-01 -9.199795e-01 0.000000e+00
      outer loop
         vertex 7.499057e+01 -1.580393e+02 -9.000000e+01
         vertex 6.203052e+01 -1.635610e+02 -4.500000e+01
         vertex 6.203052e+01 -1.635610e+02 -9.000000e+01
      endloop
   endfacet
   facet normal 3.166680e-01 -9.485364e-01 0.000000e+00
      outer loop
         vertex 6.203052e+01 -1.635610e+02 -9.000000e+01
         vertex 6.203052e+01 -1.635610e+02 -4.500000e+01
         vertex 4.866818e+01 -1.680221e+02 -4.500000e+01
      endloop
   endfacet
   facet normal 3.166680e-01 -9.485364e-01 0.000000e+00
      outer loop
         vertex 6.203052e+01 -1.635610e+02 -9.000000e+01
         vertex 4.866818e+01 -1.680221e+02 -4.500000e+01
         vertex 4.866818e+01 -1.680221e+02 -9.000000e+01
      endloop
   endfacet
   facet normal 2.393154e-01 -9.709419e-01 0.000000e+00
      outer loop
         vertex 4.866818e+01 -1.680221e+02 -9.000000e+01
         vertex 4.866818e+01 -1.680221e+02 -4.500000e+01
         vertex 3.499021e+01 -1.713934e+02 -4.500000e+01
      endloop
   endfacet
   facet normal 2.393154e-01 -9.709419e-01 0.000000e+00
      outer loop
         vertex 4.866818e+01 -1.680221e+02 -9.000000e+01
         vertex 3.499021e+01 -1.713934e+02 -4.500000e+01
         vertex 3.499021e+01 -1.713934e+02 -9.000000e+01
      endloop
   endfacet
   facet normal 1.604109e-01 -9.870503e-01 0.000000e+00
      outer loop
         vertex 3.499021e+01 -1.713934e+02 -9.000000e+01
         vertex 3.499021e+01 -1.713934e+02 -4.500000e+01
         vertex 2.108531e+01 -1.736531e+02 -4.500000e+01
      endloop
   endfacet
   facet normal 1.604109e-01 -9.870503e-01 0.000000e+00
      outer loop
         vertex 3.499021e+01 -1.713934e+02 -9.000000e+01
         vertex 2.108531e+01 -1.736531e+02 -4.500000e+01
         vertex 2.108531e+01 -1.736531e+02 -9.000000e+01
      endloop
   endfacet
   facet normal 8.046674e-02 -9.967573e-01 0.000000e+00
      outer loop
         vertex 2.108531e+01 -1.736531e+02 -9.000000e+01
         vertex 2.108531e+01 -1.736531e+02 -4.500000e+01
         vertex 7.043663e+00 -1.747867e+02 -4.500000e+01
      endloop
   endfacet
   facet normal 8.046674e-02 -9.967573e-01 0.000000e+00
      outer loop
         vertex 2.108531e+01 -1.736531e+02 -9.000000e+01
         vertex 7.043663e+00 -1.747867e+02 -4.500000e+01
         vertex 7.043663e+00 -1.747867e+02 -9.000000e+01
      endloop
   endfacet
   facet normal 0.000000e+00 -1.000000e+00 0.000000e+00
      outer loop
         vertex 7.043663e+00 -1.747867e+02 -9.000000e+01
         vertex 7.043663e+00 -1.747867e+02 -4.500000e+01
         vertex -7.043663e+00 -1.747867e+02 -4.500000e+01
      endloop
   endfacet
   facet normal 0.000000e+00 -1.000000e+00 0.000000e+00
      outer loop
         vertex 7.043663e+00 -1.747867e+02 -9.000000e+01
         vertex -7.043663e+00 -1.747867e+02 -4.500000e+01
         vertex -7.043663e+00 -1.747867e+02 -9.000000e+01
      endloop
   endfacet
   facet normal -8.046674e-02 -9.967573e-01 0.000000e+00
      outer loop
         vertex -7.043663e+00 -1.747867e+02 -9.000000e+01
         vertex -7.043663e+00 -1.747867e+02 -4.500000e+01
         vertex -2.108531e+01 -1.736531e+02 -4.500000e+01
      endloop
   endfacet
   facet normal -8.046674e-02 -9.967573e-01 0.000000e+00
      outer loop
         vertex -7.043663e+00 -1.747867e+02 -9.000000e+01
         vertex -2.108531e+01 -1.736531e+02 -4.500000e+01
         vertex -2.108531e+01 -1.736531e+02 -9.000000e+01
      endloop
   endfacet
   facet normal -1.604109e-01 -9.870503e-01 0.000000e+00
      outer loop
         vertex -2.108531e+01 -1.736531e+02 -9.000000e+01
         vertex -2.108531e+01 -1.736531e+02 -4.500000e+01
         vertex -3.499021e+01 -1.713934e+02 -4.500000e+01
      endloop
   endfacet
   facet normal -1.604109e-01 -9.870503e-01 0.000000e+00
      outer loop
         vertex -2.108531e+01 -1.736531e+02 -9.000000e+01
         vertex -3.499021e+01 -1.713934e+02 -4.500000e+01
         vertex -3.499021e+01 -1.713934e+02 -9.000000e+01
      endloop
   endfacet
   facet normal -2.393154e-01 -9.709419e-01 0.000000e+00
      outer loop
         vertex -3.499021e+01 -1.713934e+02 -9.000000e+01
         vertex -3.499021e+01 -1.713934e+02 -4.500000e+01
         vertex -4.866818e+01 -1.680221e+02 -4.500000e+01
      endloop
   endfacet
   facet normal -2.393154e-01 -9.709419e-01 0.000000e+00
      outer loop
         vertex -3.499021e+01 -1.713934e+02 -9.000000e+01
         vertex -4.866818e+01 -1.680221e+02 -4.500000e+01
         vertex -4.866818e+01 -1.680221e+02 -9.000000e+01
      endloop
   endfacet
   facet normal -3.166680e-01 -9.485364e-01 0.000000e+00
      outer loop
         vertex -4.866818e+01 -1.680221e+02 -9.000000e+01
         vertex -4.866818e+01 -1.680221e+02 -4.500000e+01
         vertex -6.203052e+01 -1.635610e+02 -4.500000e+01
      endloop
   endfacet
   facet normal -3.166680e-01 -9.485364e-01 0.000000e+00
      outer loop
         vertex -4.866818e+01 -1.680221e+02 -9.000000e+01
         vertex -6.203052e+01 -1.635610e+02 -4.500000e+01
         vertex -6.203052e+01 -1.635610e+02 -9.000000e+01
      endloop
   endfacet
   facet normal -3.919665e-01 -9.199795e-01 0.000000e+00
      outer loop
         vertex -6.203052e+01 -1.635610e+02 -9.000000e+01
         vertex -6.203052e+01 -1.635610e+02 -4.500000e+01
         vertex -7.499057e+01 -1.580393e+02 -4.500000e+01
      endloop
   endfacet
   facet normal -3.919665e-01 -9.199795e-01 0.000000e+00
      outer loop
         vertex -6.203052e+01 -1.635610e+02 -9.000000e+01
         vertex -7.499057e+01 -1.580393e+02 -4.500000e+01
         vertex -7.499057e+01 -1.580393e+02 -9.000000e+01
      endloop
   endfacet
   facet normal -4.647231e-01 -8.854561e-01 0.000000e+00
      outer loop
         vertex -7.499057e+01 -1.580393e+02 -9.000000e+01
         vertex -7.499057e+01 -1.580393e+02 -4.500000e+01
         vertex -8.746428e+01 -1.514926e+02 -4.500000e+01
      endloop
   endfacet
   facet normal -4.647231e-01 -8.854561e-01 0.000000e+00
      outer loop
         vertex -7.499057e+01 -1.580393e+02 -9.000000e+01
         vertex -8.746428e+01 -1.514926e+02 -4.500000e+01
         vertex -8.746428e+01 -1.514926e+02 -9.000000e+01
      endloop
   endfacet
   facet normal -5.072658e-01 -8.617897e-01 0.000000e+00
      outer loop
         vertex -8.746428e+01 -1.514926e+02 -9.000000e+01
         vertex -8.746428e+01 -1.514926e+02 -4.500000e+01
         vertex -9.000000e+01 -1.500000e+02 -4.500000e+01
      endloop
   endfacet
   facet normal -5.344649e-01 -8.451881e-01 -2.083304e-03
      outer loop
         vertex -8.746428e+01 -1.514926e+02 -9.000000e+01
         vertex -9.000000e+01 -1.500000e+02 -4.500000e+01
         vertex -9.937075e+01 -1.439634e+02 -9.000000e+01
      endloop
   endfacet
   facet normal -5.415556e-01 -8.406650e-01 0.000000e+00
      outer loop
         vertex -9.000000e+01 -1.500000e+02 -4.500000e+01
         vertex -9.937075e+01 -1.439634e+02 -4.500000e+01
         vertex -9.937075e+01 -1.439634e+02 -9.000000e+01
      endloop
   endfacet
   facet normal -6.007421e-01 -7.994429e-01 0.000000e+00
      outer loop
         vertex -9.937075e+01 -1.439634e+02 -9.000000e+01
         vertex -9.937075e+01 -1.439634e+02 -4.500000e+01
         vertex -1.106328e+02 -1.355005e+02 -4.500000e+01
      endloop
   endfacet
   facet normal -6.007421e-01 -7.994429e-01 0.000000e+00
      outer loop
         vertex -9.937075e+01 -1.439634e+02 -9.000000e+01
         vertex -1.106328e+02 -1.355005e+02 -4.500000e+01
         vertex -1.106328e+02 -1.355005e+02 -9.000000e+01
      endloop
   endfacet
   facet normal -6.631227e-01 -7.485107e-01 0.000000e+00
      outer loop
         vertex -1.106328e+02 -1.355005e+02 -9.000000e+01
         vertex -1.106328e+02 -1.355005e+02 -4.500000e+01
         vertex -1.211773e+02 -1.261589e+02 -4.500000e+01
      endloop
   endfacet
   facet normal -6.631227e-01 -7.485107e-01 0.000000e+00
      outer loop
         vertex -1.106328e+02 -1.355005e+02 -9.000000e+01
         vertex -1.211773e+02 -1.261589e+02 -4.500000e+01
         vertex -1.211773e+02 -1.261589e+02 -9.000000e+01
      endloop
   endfacet
   facet normal -7.212026e-01 -6.927242e-01 0.000000e+00
      outer loop
         vertex -1.211773e+02 -1.261589e+02 -9.000000e+01
         vertex -1.211773e+02 -1.261589e+02 -4.500000e+01
         vertex -1.309359e+02 -1.159991e+02 -4.500000e+01
      endloop
   endfacet
   facet normal -7.212026e-01 -6.927242e-01 0.000000e+00
      outer loop
         vertex -1.211773e+02 -1.261589e+02 -9.000000e+01
         vertex -1.309359e+02 -1.159991e+02 -4.500000e+01
         vertex -1.309359e+02 -1.159991e+02 -9.000000e+01
      endloop
   endfacet
   facet normal -7.746050e-01 -6.324454e-01 0.000000e+00
      outer loop
         vertex -1.309359e+02 -1.159991e+02 -9.000000e+01
         vertex -1.309359e+02 -1.159991e+02 -4.500000e+01
         vertex -1.398454e+02 -1.050870e+02 -4.500000e+01
      endloop
   endfacet
   facet normal -7.746050e-01 -6.324454e-01 0.000000e+00
      outer loop
         vertex -1.309359e+02 -1.159991e+02 -9.000000e+01
         vertex -1.398454e+02 -1.050870e+02 -4.500000e+01
         vertex -1.398454e+02 -1.050870e+02 -9.000000e+01
      endloop
   endfacet
   facet normal -8.229841e-01 -5.680644e-01 0.000000e+00
      outer loop
         vertex -1.398454e+02 -1.050870e+02 -9.000000e+01
         vertex -1.398454e+02 -1.050870e+02 -4.500000e+01
         vertex -1.478479e+02 -9.349333e+01 -4.500000e+01
      endloop
   endfacet
   facet normal -8.229841e-01 -5.680644e-01 0.000000e+00
      outer loop
         vertex -1.398454e+02 -1.050870e+02 -9.000000e+01
         vertex -1.478479e+02 -9.349333e+01 -4.500000e+01
         vertex -1.478479e+02 -9.349333e+01 -9.000000e+01
      endloop
   endfacet
   facet normal -8.513985e-01 -5.245194e-01 0.000000e+00
      outer loop
         vertex -1.478479e+02 -9.349333e+01 -9.000000e+01
         vertex -1.478479e+02 -9.349333e+01 -4.500000e+01
         vertex -1.500000e+02 -9.000000e+01 -4.500000e+01
      endloop
   endfacet
   facet normal -8.660221e-01 -4.999989e-01 -2.602897e-03
      outer loop
         vertex -1.478479e+02 -9.349333e+01 -9.000000e+01
         vertex -1.500000e+02 -9.000000e+01 -4.500000e+01
         vertex -1.548916e+02 -8.129335e+01 -9.000000e+01
      endloop
   endfacet
   facet normal -8.718299e-01 -4.898088e-01 0.000000e+00
      outer loop
         vertex -1.500000e+02 -9.000000e+01 -4.500000e+01
         vertex -1.548916e+02 -8.129335e+01 -4.500000e+01
         vertex -1.548916e+02 -8.129335e+01 -9.000000e+01
      endloop
   endfacet
   facet normal -9.034506e-01 -4.286923e-01 0.000000e+00
      outer loop
         vertex -1.548916e+02 -8.129335e+01 -9.000000e+01
         vertex -1.548916e+02 -8.129335e+01 -4.500000e+01
         vertex -1.609307e+02 -6.856615e+01 -4.500000e+01
      endloop
   endfacet
   facet normal -9.034506e-01 -4.286923e-01 0.000000e+00
      outer loop
         vertex -1.548916e+02 -8.129335e+01 -9.000000e+01
         vertex -1.609307e+02 -6.856615e+01 -4.500000e+01
         vertex -1.609307e+02 -6.856615e+01 -9.000000e+01
      endloop
   endfacet
   facet normal -9.350162e-01 -3.546050e-01 0.000000e+00
      outer loop
         vertex -1.609307e+02 -6.856615e+01 -9.000000e+01
         vertex -1.609307e+02 -6.856615e+01 -4.500000e+01
         vertex -1.659261e+02 -5.539428e+01 -4.500000e+01
      endloop
   endfacet
   facet normal -9.350162e-01 -3.546050e-01 0.000000e+00
      outer loop
         vertex -1.609307e+02 -6.856615e+01 -9.000000e+01
         vertex -1.659261e+02 -5.539428e+01 -4.500000e+01
         vertex -1.659261e+02 -5.539428e+01 -9.000000e+01
      endloop
   endfacet
   facet normal -9.605183e-01 -2.782170e-01 0.000000e+00
      outer loop
         vertex -1.659261e+02 -5.539428e+01 -9.000000e+01
         vertex -1.659261e+02 -5.539428e+01 -4.500000e+01
         vertex -1.698454e+02 -4.186314e+01 -4.500000e+01
      endloop
   endfacet
   facet normal -9.605183e-01 -2.782170e-01 0.000000e+00
      outer loop
         vertex -1.659261e+02 -5.539428e+01 -9.000000e+01
         vertex -1.698454e+02 -4.186314e+01 -4.500000e+01
         vertex -1.698454e+02 -4.186314e+01 -9.000000e+01
      endloop
   endfacet
   facet normal -9.797907e-01 -2.000255e-01 0.000000e+00
      outer loop
         vertex -1.698454e+02 -4.186314e+01 -9.000000e+01
         vertex -1.698454e+02 -4.186314e+01 -4.500000e+01
         vertex -1.726633e+02 -2.806051e+01 -4.500000e+01
      endloop
   endfacet
   facet normal -9.797907e-01 -2.000255e-01 0.000000e+00
      outer loop
         vertex -1.698454e+02 -4.186314e+01 -9.000000e+01
         vertex -1.726633e+02 -2.806051e+01 -4.500000e+01
         vertex -1.726633e+02 -2.806051e+01 -9.000000e+01
      endloop
   endfacet
   facet normal -9.927088e-01 -1.205372e-01 0.000000e+00
      outer loop
         vertex -1.726633e+02 -2.806051e+01 -9.000000e+01
         vertex -1.726633e+02 -2.806051e+01 -4.500000e+01
         vertex -1.743613e+02 -1.407590e+01 -4.500000e+01
      endloop
   endfacet
   facet normal -9.927088e-01 -1.205372e-01 0.000000e+00
      outer loop
         vertex -1.726633e+02 -2.806051e+01 -9.000000e+01
         vertex -1.743613e+02 -1.407590e+01 -4.500000e+01
         vertex -1.743613e+02 -1.407590e+01 -9.000000e+01
      endloop
   endfacet
   facet normal -9.991890e-01 -4.026616e-02 0.000000e+00
      outer loop
         vertex -1.743613e+02 -1.407590e+01 -9.000000e+01
         vertex -1.743613e+02 -1.407590e+01 -4.500000e+01
         vertex -1.749286e+02 9.910645e-14 -4.500000e+01
      endloop
   endfacet
   facet normal -9.991890e-01 -4.026616e-02 0.000000e+00
      outer loop
         vertex -1.743613e+02 -1.407590e+01 -9.000000e+01
         vertex -1.749286e+02 9.910645e-14 -4.500000e+01
         vertex -1.749286e+02 9.910645e-14 -9.000000e+01
      endloop
   endfacet
   facet normal -9.991890e-01 4.026616e-02 0.000000e+00
      outer loop
         vertex -1.749286e+02 9.910645e-14 -9.000000e+01
         vertex -1.749286e+02 9.910645e-14 -4.500000e+01
         vertex -1.743613e+02 1.407590e+01 -4.500000e+01
      endloop
   endfacet
   facet normal -9.991890e-01 4.026616e-02 0.000000e+00
      outer loop
         vertex -1.749286e+02 9.910645e-14 -9.000000e+01
         vertex -1.743613e+02 1.407590e+01 -4.500000e+01
         vertex -1.743613e+02 1.407590e+01 -9.000000e+01
      endloop
   endfacet
   facet normal -9.927088e-01 1.205372e-01 0.000000e+00
      outer loop
         vertex -1.743613e+02 1.407590e+01 -9.000000e+01
         vertex -1.743613e+02 1.407590e+01 -4.500000e+01
         vertex -1.726633e+02 2.806051e+01 -4.500000e+01
      endloop
   endfacet
   facet normal -9.927088e-01 1.205372e-01 0.000000e+00
      outer loop
         vertex -1.743613e+02 1.407590e+01 -9.000000e+01
         vertex -1.726633e+02 2.806051e+01 -4.500000e+01
         vertex -1.726633e+02 2.806051e+01 -9.000000e+01
      endloop
   endfacet
   facet normal -9.797907e-01 2.000255e-01 0.000000e+00
      outer loop
         vertex -1.726633e+02 2.806051e+01 -9.000000e+01
         vertex -1.726633e+02 2.806051e+01 -4.500000e+01
         vertex -1.698454e+02 4.186314e+01 -4.500000e+01
      endloop
   endfacet
   facet normal -9.797907e-01 2.000255e-01 0.000000e+00
      outer loop
         vertex -1.726633e+02 2.806051e+01 -9.000000e+01
         vertex -1.698454e+02 4.186314e+01 -4.500000e+01
         vertex -1.698454e+02 4.186314e+01 -9.000000e+01
      endloop
   endfacet
   facet normal -9.605183e-01 2.782170e-01 0.000000e+00
      outer loop
         vertex -1.698454e+02 4.186314e+01 -9.000000e+01
         vertex -1.698454e+02 4.186314e+01 -4.500000e+01
         vertex -1.659261e+02 5.539428e+01 -4.500000e+01
      endloop
   endfacet
   facet normal -9.605183e-01 2.782170e-01 0.000000e+00
      outer loop
         vertex -1.698454e+02 4.186314e+01 -9.000000e+01
         vertex -1.659261e+02 5.539428e+01 -4.500000e+01
         vertex -1.659261e+02 5.539428e+01 -9.000000e+01
      endloop
   endfacet
   facet normal -9.350162e-01 3.546050e-01 0.000000e+00
      outer loop
         vertex -1.659261e+02 5.539428e+01 -9.000000e+01
         vertex -1.659261e+02 5.539428e+01 -4.500000e+01
         vertex -1.609307e+02 6.856615e+01 -4.500000e+01
      endloop
   endfacet
   facet normal -9.350162e-01 3.546050e-01 0.000000e+00
      outer loop
         vertex -1.659261e+02 5.539428e+01 -9.000000e+01
         vertex -1.609307e+02 6.856615e+01 -4.500000e+01
         vertex -1.609307e+02 6.856615e+01 -9.000000e+01
      endloop
   endfacet
   facet normal -9.034506e-01 4.286923e-01 0.000000e+00
      outer loop
         vertex -1.609307e+02 6.856615e+01 -9.000000e+01
         vertex -1.609307e+02 6.856615e+01 -4.500000e+01
         vertex -1.548916e+02 8.129335e+01 -4.500000e+01
      endloop
   endfacet
   facet normal -9.034506e-01 4.286923e-01 0.000000e+00
      outer loop
         vertex -1.609307e+02 6.856615e+01 -9.000000e+01
         vertex -1.548916e+02 8.129335e+01 -4.500000e+01
         vertex -1.548916e+02 8.129335e+01 -9.000000e+01
      endloop
   endfacet
   facet normal -8.718299e-01 4.898088e-01 0.000000e+00
      outer loop
         vertex -1.548916e+02 8.129335e+01 -9.000000e+01
         vertex -1.548916e+02 8.129335e+01 -4.500000e+01
         vertex -1.500000e+02 9.000000e+01 -4.500000e+01
      endloop
   endfacet
   facet normal -8.660221e-01 4.999989e-01 -2.602897e-03
      outer loop
         vertex -1.548916e+02 8.129335e+01 -9.000000e+01
         vertex -1.500000e+02 9.000000e+01 -4.500000e+01
         vertex -1.478479e+02 9.349333e+01 -9.000000e+01
      endloop
   endfacet
   facet normal -8.513985e-01 5.245194e-01 0.000000e+00
      outer loop
         vertex -1.500000e+02 9.000000e+01 -4.500000e+01
         vertex -1.478479e+02 9.349333e+01 -4.500000e+01
         vertex -1.478479e+02 9.349333e+01 -9.000000e+01
      endloop
   endfacet
   facet normal -8.229841e-01 5.680644e-01 0.000000e+00
      outer loop
         vertex -1.478479e+02 9.349333e+01 -9.000000e+01
         vertex -1.478479e+02 9.349333e+01 -4.500000e+01
         vertex -1.398454e+02 1.050870e+02 -4.500000e+01
      endloop
   endfacet
   facet normal -8.229841e-01 5.680644e-01 0.000000e+00
      outer loop
         vertex -1.478479e+02 9.349333e+01 -9.000000e+01
         vertex -1.398454e+02 1.050870e+02 -4.500000e+01
         vertex -1.398454e+02 1.050870e+02 -9.000000e+01
      endloop
   endfacet
   facet normal -7.746050e-01 6.324454e-01 0.000000e+00
      outer loop
         vertex -1.398454e+02 1.050870e+02 -9.000000e+01
         vertex -1.398454e+02 1.050870e+02 -4.500000e+01
         vertex -1.309359e+02 1.159991e+02 -4.500000e+01
      endloop
   endfacet
   facet normal -7.746050e-01 6.324454e-01 0.000000e+00
      outer loop
         vertex -1.398454e+02 1.050870e+02 -9.000000e+01
         vertex -1.309359e+02 1.159991e+02 -4.500000e+01
         vertex -1.309359e+02 1.159991e+02 -9.000000e+01
      endloop
   endfacet
   facet normal -7.212026e-01 6.927242e-01 0.000000e+00
      outer loop
         vertex -1.309359e+02 1.159991e+02 -9.000000e+01
         vertex -1.309359e+02 1.159991e+02 -4.500000e+01
         vertex -1.211773e+02 1.261589e+02 -4.500000e+01
      endloop
   endfacet
   facet normal -7.212026e-01 6.927242e-01 0.000000e+00
      outer loop
         vertex -1.309359e+02 1.159991e+02 -9.000000e+01
         vertex -1.211773e+02 1.261589e+02 -4.500000e+01
         vertex -1.211773e+02 1.261589e+02 -9.000000e+01
      endloop
   endfacet
   facet normal -6.631227e-01 7.485107e-01 0.000000e+00
      outer loop
         vertex -1.211773e+02 1.261589e+02 -9.000000e+01
         vertex -1.211773e+02 1.261589e+02 -4.500000e+01
         vertex -1.106328e+02 1.355005e+02 -4.500000e+01
      endloop
   endfacet
   facet normal -6.631227e-01 7.485107e-01 0.000000e+00
      outer loop
         vertex -1.211773e+02 1.261589e+02 -9.000000e+01
         vertex -1.106328e+02 1.355005e+02 -4.500000e+01
         vertex -1.106328e+02 1.355005e+02 -9.000000e+01
      endloop
   endfacet
   facet normal -6.007421e-01 7.994429e-01 0.000000e+00
      outer loop
         vertex -1.106328e+02 1.355005e+02 -9.000000e+01
         vertex -1.106328e+02 1.355005e+02 -4.500000e+01
         vertex -9.937075e+01 1.439634e+02 -4.500000e+01
      endloop
   endfacet
   facet normal -6.007421e-01 7.994429e-01 0.000000e+00
      outer loop
         vertex -1.106328e+02 1.355005e+02 -9.000000e+01
         vertex -9.937075e+01 1.439634e+02 -4.500000e+01
         vertex -9.937075e+01 1.439634e+02 -9.000000e+01
      endloop
   endfacet
   facet normal -5.415556e-01 8.406650e-01 0.000000e+00
      outer loop
         vertex -9.937075e+01 1.439634e+02 -9.000000e+01
         vertex -9.937075e+01 1.439634e+02 -4.500000e+01
         vertex -9.000000e+01 1.500000e+02 -4.500000e+01
      endloop
   endfacet
   facet normal -5.344649e-01 8.451881e-01 -2.083304e-03
      outer loop
         vertex -9.937075e+01 1.439634e+02 -9.000000e+01
         vertex -9.000000e+01 1.500000e+02 -4.500000e+01
         vertex -8.746428e+01 1.514926e+02 -9.000000e+01
      endloop
   endfacet
   facet normal -5.072658e-01 8.617897e-01 0.000000e+00
      outer loop
         vertex -9.000000e+01 1.500000e+02 -4.500000e+01
         vertex -8.746428e+01 1.514926e+02 -4.500000e+01
         vertex -8.746428e+01 1.514926e+02 -9.000000e+01
      endloop
   endfacet
   facet normal -4.647231e-01 8.854561e-01 0.000000e+00
      outer loop
         vertex -8.746428e+01 1.514926e+02 -9.000000e+01
         vertex -8.746428e+01 1.514926e+02 -4.500000e+01
         vertex -7.499057e+01 1.580393e+02 -4.500000e+01
      endloop
   endfacet
   facet normal -4.647231e-01 8.854561e-01 0.000000e+00
      outer loop
         vertex -8.746428e+01 1.514926e+02 -9.000000e+01
         vertex -7.499057e+01 1.580393e+02 -4.500000e+01
         vertex -7.499057e+01 1.580393e+02 -9.000000e+01
      endloop
   endfacet
   facet normal -3.919665e-01 9.199795e-01 0.000000e+00
      outer loop
         vertex -7.499057e+01 1.580393e+02 -9.000000e+01
         vertex -7.499057e+01 1.580393e+02 -4.500000e+01
         vertex -6.203052e+01 1.635610e+02 -4.500000e+01
      endloop
   endfacet
   facet normal -3.919665e-01 9.199795e-01 0.000000e+00
      outer loop
         vertex -7.499057e+01 1.580393e+02 -9.000000e+01
         vertex -6.203052e+01 1.635610e+02 -4.500000e+01
         vertex -6.203052e+01 1.635610e+02 -9.000000e+01
      endloop
   endfacet
   facet normal -3.166680e-01 9.485364e-01 0.000000e+00
      outer loop
         vertex -6.203052e+01 1.635610e+02 -9.000000e+01
         vertex -6.203052e+01 1.635610e+02 -4.500000e+01
         vertex -4.866818e+01 1.680221e+02 -4.500000e+01
      endloop
   endfacet
   facet normal -3.166680e-01 9.485364e-01 0.000000e+00
      outer loop
         vertex -6.203052e+01 1.635610e+02 -9.000000e+01
         vertex -4.866818e+01 1.680221e+02 -4.500000e+01
         vertex -4.866818e+01 1.680221e+02 -9.000000e+01
      endloop
   endfacet
   facet normal -2.393154e-01 9.709419e-01 0.000000e+00
      outer loop
         vertex -4.866818e+01 1.680221e+02 -9.000000e+01
         vertex -4.866818e+01 1.680221e+02 -4.500000e+01
         vertex -3.499021e+01 1.713934e+02 -4.500000e+01
      endloop
   endfacet
   facet normal -2.393154e-01 9.709419e-01 0.000000e+00
      outer loop
         vertex -4.866818e+01 1.680221e+02 -9.000000e+01
         vertex -3.499021e+01 1.713934e+02 -4.500000e+01
         vertex -3.499021e+01 1.713934e+02 -9.000000e+01
      endloop
   endfacet
   facet normal -1.604109e-01 9.870503e-01 0.000000e+00
      outer loop
         vertex -3.499021e+01 1.713934e+02 -9.000000e+01
         vertex -3.499021e+01 1.713934e+02 -4.500000e+01
         vertex -2.108531e+01 1.736531e+02 -4.500000e+01
      endloop
   endfacet
   facet normal -1.604109e-01 9.870503e-01 0.000000e+00
      outer loop
         vertex -3.499021e+01 1.713934e+02 -9.000000e+01
         vertex -2.108531e+01 1.736531e+02 -4.500000e+01
         vertex -2.108531e+01 1.736531e+02 -9.000000e+01
      endloop
   endfacet
   facet normal -8.046674e-02 9.967573e-01 0.000000e+00
      outer loop
         vertex -2.108531e+01 1.736531e+02 -9.000000e+01
         vertex -2.108531e+01 1.736531e+02 -4.500000e+01
         vertex -7.043663e+00 1.747867e+02 -4.500000e+01
      endloop
   endfacet
   facet normal -8.046674e-02 9.967573e-01 0.000000e+00
      outer loop
         vertex -2.108531e+01 1.736531e+02 -9.000000e+01
         vertex -7.043663e+00 1.747867e+02 -4.500000e+01
         vertex -7.043663e+00 1.747867e+02 -9.000000e+01
      endloop
   endfacet
   facet normal 0.000000e+00 1.000000e+00 0.000000e+00
      outer loop
         vertex -7.043663e+00 1.747867e+02 -9.000000e+01
         vertex -7.043663e+00 1.747867e+02 -4.500000e+01
         vertex 7.043663e+00 1.747867e+02 -4.500000e+01
      endloop
   endfacet
   facet normal 0.000000e+00 1.000000e+00 0.000000e+00
      outer loop
         vertex -7.043663e+00 1.747867e+02 -9.000000e+01
         vertex 7.043663e+00 1.747867e+02 -4.500000e+01
         vertex 7.043663e+00 1.747867e+02 -9.000000e+01
      endloop
   endfacet
   facet normal 8.046674e-02 9.967573e-01 -0.000000e+00
      outer loop
         vertex 7.043663e+00 1.747867e+02 -9.000000e+01
         vertex 7.043663e+00 1.747867e+02 -4.500000e+01
         vertex 2.108531e+01 1.736531e+02 -4.500000e+01
      endloop
   endfacet
   facet normal 8.046674e-02 9.967573e-01 0.000000e+00
      outer loop
         vertex 7.043663e+00 1.747867e+02 -9.000000e+01
         vertex 2.108531e+01 1.736531e+02 -4.500000e+01
         vertex 2.108531e+01 1.736531e+02 -9.000000e+01
      endloop
   endfacet
   facet normal 1.604109e-01 9.870503e-01 -0.000000e+00
      outer loop
         vertex 2.108531e+01 1.736531e+02 -9.000000e+01
         vertex 2.108531e+01 1.736531e+02 -4.500000e+01
         vertex 3.499021e+01 1.713934e+02 -4.500000e+01
      endloop
   endfacet
   facet normal 1.604109e-01 9.870503e-01 0.000000e+00
      outer loop
         vertex 2.108531e+01 1.736531e+02 -9.000000e+01
         vertex 3.499021e+01 1.713934e+02 -4.500000e+01
         vertex 3.499021e+01 1.713934e+02 -9.000000e+01
      endloop
   endfacet
   facet normal 2.393154e-01 9.709419e-01 -0.000000e+00
      outer loop
         vertex 3.499021e+01 1.713934e+02 -9.000000e+01
         vertex 3.499021e+01 1.713934e+02 -4.500000e+01
         vertex 4.866818e+01 1.680221e+02 -4.500000e+01
      endloop
   endfacet
   facet normal 2.393154e-01 9.709419e-01 0.000000e+00
      outer loop
         vertex 3.499021e+01 1.713934e+02 -9.000000e+01
         vertex 4.866818e+01 1.680221e+02 -4.500000e+01
         vertex 4.866818e+01 1.680221e+02 -9.000000e+01
      endloop
   endfacet
   facet normal 3.166680e-01 9.485364e-01 -0.000000e+00
      outer loop
         vertex 4.866818e+01 1.680221e+02 -9.000000e+01
         vertex 4.866818e+01 1.680221e+02 -4.500000e+01
         vertex 6.203052e+01 1.635610e+02 -4.500000e+01
      endloop
   endfacet
   facet normal 3.166680e-01 9.485364e-01 0.000000e+00
      outer loop
         vertex 4.866818e+01 1.680221e+02 -9.000000e+01
         vertex 6.203052e+01 1.635610e+02 -4.500000e+01
         vertex 6.203052e+01 1.635610e+02 -9.000000e+01
      endloop
   endfacet
   facet normal 3.919665e-01 9.199795e-01 -0.000000e+00
      outer loop
         vertex 6.203052e+01 1.635610e+02 -9.000000e+01
         vertex 6.203052e+01 1.635610e+02 -4.500000e+01
         vertex 7.499057e+01 1.580393e+02 -4.500000e+01
      endloop
   endfacet
   facet normal 3.919665e-01 9.199795e-01 0.000000e+00
      outer loop
         vertex 6.203052e+01 1.635610e+02 -9.000000e+01
         vertex 7.499057e+01 1.580393e+02 -4.500000e+01
         vertex 7.499057e+01 1.580393e+02 -9.000000e+01
      endloop
   endfacet
   facet normal 4.647231e-01 8.854561e-01 -0.000000e+00
      outer loop
         vertex 7.499057e+01 1.580393e+02 -9.000000e+01
         vertex 7.499057e+01 1.580393e+02 -4.500000e+01
         vertex 8.746428e+01 1.514926e+02 -4.500000e+01
      endloop
   endfacet
   facet normal 4.647231e-01 8.854561e-01 0.000000e+00
      outer loop
         vertex 7.499057e+01 1.580393e+02 -9.000000e+01
         vertex 8.746428e+01 1.514926e+02 -4.500000e+01
         vertex 8.746428e+01 1.514926e+02 -9.000000e+01
      endloop
   endfacet
   facet normal 5.072658e-01 8.617897e-01 -0.000000e+00
      outer loop
         vertex 8.746428e+01 1.514926e+02 -9.000000e+01
         vertex 8.746428e+01 1.514926e+02 -4.500000e+01
         vertex 9.000000e+01 1.500000e+02 -4.500000e+01
      endloop
   endfacet
   facet normal 5.344649e-01 8.451881e-01 -2.083304e-03
      outer loop
         vertex 8.746428e+01 1.514926e+02 -9.000000e+01
         vertex 9.000000e+01 1.500000e+02 -4.500000e+01
         vertex 9.937075e+01 1.439634e+02 -9.000000e+01
      endloop
   endfacet
   facet normal 5.415556e-01 8.406650e-01 0.000000e+00
      outer loop
         vertex 9.000000e+01 1.500000e+02 -4.500000e+01
         vertex 9.937075e+01 1.439634e+02 -4.500000e+01
         vertex 9.937075e+01 1.439634e+02 -9.000000e+01
      endloop
   endfacet
   facet normal 6.007421e-01 7.994429e-01 -0.000000e+00
      outer loop
         vertex 9.937075e+01 1.439634e+02 -9.000000e+01
         vertex 9.937075e+01 1.439634e+02 -4.500000e+01
         vertex 1.106328e+02 1.355005e+02 -4.500000e+01
      endloop
   endfacet
   facet normal 6.007421e-01 7.994429e-01 0.000000e+00
      outer loop
         vertex 9.937075e+01 1.439634e+02 -9.000000e+01
         vertex 1.106328e+02 1.355005e+02 -4.500000e+01
         vertex 1.106328e+02 1.355005e+02 -9.000000e+01
      endloop
   endfacet
   facet normal 6.631227e-01 7.485107e-01 -0.000000e+00
      outer loop
         vertex 1.106328e+02 1.355005e+02 -9.000000e+01
         vertex 1.106328e+02 1.355005e+02 -4.500000e+01
         vertex 1.211773e+02 1.261589e+02 -4.500000e+01
      endloop
   endfacet
   facet normal 6.631227e-01 7.485107e-01 0.000000e+00
      outer loop
         vertex 1.106328e+02 1.355005e+02 -9.000000e+01
         vertex 1.211773e+02 1.261589e+02 -4.500000e+01
         vertex 1.211773e+02 1.261589e+02 -9.000000e+01
      endloop
   endfacet
   facet normal 7.212026e-01 6.927242e-01 -0.000000e+00
      outer loop
         vertex 1.211773e+02 1.261589e+02 -9.000000e+01
         vertex 1.211773e+02 1.261589e+02 -4.500000e+01
         vertex 1.309359e+02 1.159991e+02 -4.500000e+01
      endloop
   endfacet
   facet normal 7.212026e-01 6.927242e-01 0.000000e+00
      outer loop
         vertex 1.211773e+02 1.261589e+02 -9.000000e+01
         vertex 1.309359e+02 1.159991e+02 -4.500000e+01
         vertex 1.309359e+02 1.159991e+02 -9.000000e+01
      endloop
   endfacet
   facet normal 7.746050e-01 6.324454e-01 -0.000000e+00
      outer loop
         vertex 1.309359e+02 1.159991e+02 -9.000000e+01
         vertex 1.309359e+02 1.159991e+02 -4.500000e+01
         vertex 1.398454e+02 1.050870e+02 -4.500000e+01
      endloop
   endfacet
   facet normal 7.746050e-01 6.324454e-01 0.000000e+00
      outer loop
         vertex 1.309359e+02 1.159991e+02 -9.000000e+01
         vertex 1.398454e+02 1.050870e+02 -4.500000e+01
         vertex 1.398454e+02 1.050870e+02 -9.000000e+01
      endloop
   endfacet
   facet normal 8.229841e-01 5.680644e-01 -0.000000e+00
      outer loop
         vertex 1.398454e+02 1.050870e+02 -9.000000e+01
         vertex 1.398454e+02 1.050870e+02 -4.500000e+01
         vertex 1.478479e+02 9.349333e+01 -4.500000e+01
      endloop
   endfacet
   facet normal 8.229841e-01 5.680644e-01 0.000000e+00
      outer loop
         vertex 1.398454e+02 1.050870e+02 -9.000000e+01
         vertex 1.478479e+02 9.349333e+01 -4.500000e+01
         vertex 1.478479e+02 9.349333e+01 -9.000000e+01
      endloop
   endfacet
   facet normal 8.513985e-01 5.245194e-01 -0.000000e+00
      outer loop
         vertex 1.478479e+02 9.349333e+01 -9.000000e+01
         vertex 1.478479e+02 9.349333e+01 -4.500000e+01
         vertex 1.500000e+02 9.000000e+01 -4.500000e+01
      endloop
   endfacet
   facet normal 8.660221e-01 4.999989e-01 -2.602897e-03
      outer loop
         vertex 1.478479e+02 9.349333e+01 -9.000000e+01
         vertex 1.500000e+02 9.000000e+01 -4.500000e+01
         vertex 1.548916e+02 8.129335e+01 -9.000000e+01
      endloop
   endfacet
   facet normal 8.718299e-01 4.898088e-01 0.000000e+00
      outer loop
         vertex 1.500000e+02 9.000000e+01 -4.500000e+01
         vertex 1.548916e+02 8.129335e+01 -4.500000e+01
         vertex 1.548916e+02 8.129335e+01 -9.000000e+01
      endloop
   endfacet
   facet normal 9.034506e-01 4.286923e-01 -0.000000e+00
      outer loop
         vertex 1.548916e+02 8.129335e+01 -9.000000e+01
         vertex 1.548916e+02 8.129335e+01 -4.500000e+01
         vertex 1.609307e+02 6.856615e+01 -4.500000e+01
      endloop
   endfacet
   facet normal 9.034506e-01 4.286923e-01 0.000000e+00
      outer loop
         vertex 1.548916e+02 8.129335e+01 -9.000000e+01
         vertex 1.609307e+02 6.856615e+01 -4.500000e+01
         vertex 1.609307e+02 6.856615e+01 -9.000000e+01
      endloop
   endfacet
   facet normal 9.350162e-01 3.546050e-01 -0.000000e+00
      outer loop
         vertex 1.609307e+02 6.856615e+01 -9.000000e+01
         vertex 1.609307e+02 6.856615e+01 -4.500000e+01
         vertex 1.659261e+02 5.539428e+01 -4.500000e+01
      endloop
   endfacet
   facet normal 9.350162e-01 3.546050e-01 0.000000e+00
      outer loop
         vertex 1.609307e+02 6.856615e+01 -9.000000e+01
         vertex 1.659261e+02 5.539428e+01 -4.500000e+01
         vertex 1.659261e+02 5.539428e+01 -9.000000e+01
      endloop
   endfacet
   facet normal 9.605183e-01 2.782170e-01 -0.000000e+00
      outer loop
         vertex 1.659261e+02 5.539428e+01 -9.000000e+01
         vertex 1.659261e+02 5.539428e+01 -4.500000e+01
         vertex 1.698454e+02 4.186314e+01 -4.500000e+01
      endloop
   endfacet
   facet normal 9.605183e-01 2.782170e-01 0.000000e+00
      outer loop
         vertex 1.659261e+02 5.539428e+01 -9.000000e+01
         vertex 1.698454e+02 4.186314e+01 -4.500000e+01
         vertex 1.698454e+02 4.186314e+01 -9.000000e+01
      endloop
   endfacet
   facet normal 9.797907e-01 2.000255e-01 -0.000000e+00
      outer loop
         vertex 1.698454e+02 4.186314e+01 -9.000000e+01
         vertex 1.698454e+02 4.186314e+01 -4.500000e+01
         vertex 1.726633e+02 2.806051e+01 -4.500000e+01
      endloop
   endfacet
   facet normal 9.797907e-01 2.000255e-01 0.000000e+00
      outer loop
         vertex 1.698454e+02 4.186314e+01 -9.000000e+01
         vertex 1.726633e+02 2.806051e+01 -4.500000e+01
         vertex 1.726633e+02 2.806051e+01 -9.000000e+01
      endloop
   endfacet
   facet normal 9.927088e-01 1.205372e-01 -0.000000e+00
      outer loop
         vertex 1.726633e+02 2.806051e+01 -9.000000e+01
         vertex 1.726633e+02 2.806051e+01 -4.500000e+01
         vertex 1.743613e+02 1.407590e+01 -4.500000e+01
      endloop
   endfacet
   facet normal 9.927088e-01 1.205372e-01 0.000000e+00
      outer loop
         vertex 1.726633e+02 2.806051e+01 -9.000000e+01
         vertex 1.743613e+02 1.407590e+01 -4.500000e+01
         vertex 1.743613e+02 1.407590e+01 -9.000000e+01
      endloop
   endfacet
   facet normal 9.991890e-01 4.026616e-02 -0.000000e+00
      outer loop
         vertex 1.743613e+02 1.407590e+01 -9.000000e+01
         vertex 1.743613e+02 1.407590e+01 -4.500000e+01
         vertex 1.749286e+02 0.000000e+00 -4.500000e+01
      endloop
   endfacet
   facet normal 9.991890e-01 4.026616e-02 0.000000e+00
      outer loop
         vertex 1.743613e+02 1.407590e+01 -9.000000e+01
         vertex 1.749286e+02 0.000000e+00 -4.500000e+01
         vertex 1.749286e+02 0.000000e+00 -9.000000e+01
      endloop
   endfacet
   facet normal 9.991890e-01 -4.026616e-02 0.000000e+00
      outer loop
         vertex 1.749286e+02 0.000000e+00 -9.000000e+01
         vertex 1.749286e+02 0.000000e+00 -4.500000e+01
         vertex 1.743613e+02 -1.407590e+01 -4.500000e+01
      endloop
   endfacet
   facet normal 9.991890e-01 -4.026616e-02 0.000000e+00
      outer loop
         vertex 1.749286e+02 0.000000e+00 -9.000000e+01
         vertex 1.743613e+02 -1.407590e+01 -4.500000e+01
         vertex 1.743613e+02 -1.407590e+01 -9.000000e+01
      endloop
   endfacet
   facet normal 9.927088e-01 -1.205372e-01 0.000000e+00
      outer loop
         vertex 1.743613e+02 -1.407590e+01 -9.000000e+01
         vertex 1.743613e+02 -1.407590e+01 -4.500000e+01
         vertex 1.726633e+02 -2.806051e+01 -4.500000e+01
      endloop
   endfacet
   facet normal 9.927088e-01 -1.205372e-01 0.000000e+00
      outer loop
         vertex 1.743613e+02 -1.407590e+01 -9.000000e+01
         vertex 1.726633e+02 -2.806051e+01 -4.500000e+01
         vertex 1.726633e+02 -2.806051e+01 -9.000000e+01
      endloop
   endfacet
   facet normal 9.797907e-01 -2.000255e-01 0.000000e+00
      outer loop
         vertex 1.726633e+02 -2.806051e+01 -9.000000e+01
         vertex 1.726633e+02 -2.806051e+01 -4.500000e+01
         vertex 1.698454e+02 -4.186314e+01 -4.500000e+01
      endloop
   endfacet
   facet normal 9.797907e-01 -2.000255e-01 0.000000e+00
      outer loop
         vertex 1.726633e+02 -2.806051e+01 -9.000000e+01
         vertex 1.698454e+02 -4.186314e+01 -4.500000e+01
         vertex 1.698454e+02 -4.186314e+01 -9.000000e+01
      endloop
   endfacet
   facet normal 9.605183e-01 -2.782170e-01 0.000000e+00
      outer loop
         vertex 1.698454e+02 -4.186314e+01 -9.000000e+01
         vertex 1.698454e+02 -4.186314e+01 -4.500000e+01
         vertex 1.659261e+02 -5.539428e+01 -4.500000e+01
      endloop
   endfacet
   facet normal 9.605183e-01 -2.782170e-01 0.000000e+00
      outer loop
         vertex 1.698454e+02 -4.186314e+01 -9.000000e+01
         vertex 1.659261e+02 -5.539428e+01 -4.500000e+01
         vertex 1.659261e+02 -5.539428e+01 -9.000000e+01
      endloop
   endfacet
   facet normal 9.350162e-01 -3.546050e-01 0.000000e+00
      outer loop
         vertex 1.659261e+02 -5.539428e+01 -9.000000e+01
         vertex 1.659261e+02 -5.539428e+01 -4.500000e+01
         vertex 1.609307e+02 -6.856615e+01 -4.500000e+01
      endloop
   endfacet
   facet normal 9.350162e-01 -3.546050e-01 0.000000e+00
      outer loop
         vertex 1.659261e+02 -5.539428e+01 -9.000000e+01
         vertex 1.609307e+02 -6.856615e+01 -4.500000e+01
         vertex 1.609307e+02 -6.856615e+01 -9.000000e+01
      endloop
   endfacet
   facet normal 9.034506e-01 -4.286923e-01 0.000000e+00
      outer loop
         vertex 1.609307e+02 -6.856615e+01 -9.000000e+01
         vertex 1.609307e+02 -6.856615e+01 -4.500000e+01
         vertex 1.548916e+02 -8.129335e+01 -4.500000e+01
      endloop
   endfacet
   facet normal 9.034506e-01 -4.286923e-01 0.000000e+00
      outer loop
         vertex 1.609307e+02 -6.856615e+01 -9.000000e+01
         vertex 1.548916e+02 -8.129335e+01 -4.500000e+01
         vertex 1.548916e+02 -8.129335e+01 -9.000000e+01
      endloop
   endfacet
   facet normal 8.718299e-01 -4.898088e-01 0.000000e+00
      outer loop
         vertex 1.548916e+02 -8.129335e+01 -9.000000e+01
         vertex 1.548916e+02 -8.129335e+01 -4.500000e+01
         vertex 1.500000e+02 -9.000000e+01 -4.500000e+01
      endloop
   endfacet
   facet normal 8.660221e-01 -4.999989e-01 -2.602897e-03
      outer loop
         vertex 1.548916e+02 -8.129335e+01 -9.000000e+01
         vertex 1.500000e+02 -9.000000e+01 -4.500000e+01
         vertex 1.478479e+02 -9.349333e+01 -9.000000e+01
      endloop
   endfacet
   facet normal 8.513985e-01 -5.245194e-01 0.000000e+00
      outer loop
         vertex 1.478479e+02 -9.349333e+01 -9.000000e+01
         vertex 1.500000e+02 -9.000000e+01 -4.500000e+01
         vertex 1.478479e+02 -9.349333e+01 -4.500000e+01
      endloop
   endfacet
   facet normal 8.229841e-01 -5.680644e-01 0.000000e+00
      outer loop
         vertex 1.478479e+02 -9.349333e+01 -9.000000e+01
         vertex 1.478479e+02 -9.349333e+01 -4.500000e+01
         vertex 1.398454e+02 -1.050870e+02 -4.500000e+01
      endloop
   endfacet
   facet normal 0.000000e+00 0.000000e+00 -1.000000e+00
      outer loop
         vertex -1.726633e+02 -2.806051e+01 -9.000000e+01
         vertex -1.743613e+02 -1.407590e+01 -9.000000e+01
         vertex 0.000000e+00 0.000000e+00 -9.000000e+01
      endloop
   endfacet
   facet normal -0.000000e+00 0.000000e+00 -1.000000e+00
      outer loop
         vertex 0.000000e+00 0.000000e+00 -9.000000e+01
         vertex -1.743613e+02 -1.407590e+01 -9.000000e+01
         vertex -1.749286e+02 2.142257e-14 -9.000000e+01
      endloop
   endfacet
   facet normal 0.000000e+00 0.000000e+00 -1.000000e+00
      outer loop
         vertex 0.000000e+00 0.000000e+00 -9.000000e+01
         vertex -1.749286e+02 2.142257e-14 -9.000000e+01
         vertex -1.743613e+02 1.407590e+01 -9.000000e+01
      endloop
   endfacet
   facet normal 0.000000e+00 0.000000e+00 -1.000000e+00
      outer loop
         vertex -1.609307e+02 -6.856615e+01 -9.000000e+01
         vertex -1.659261e+02 -5.539428e+01 -9.000000e+01
         vertex 0.000000e+00 0.000000e+00 -9.000000e+01
      endloop
   endfacet
   facet normal 0.000000e+00 0.000000e+00 -1.000000e+00
      outer loop
         vertex 0.000000e+00 0.000000e+00 -9.000000e+01
         vertex -1.659261e+02 -5.539428e+01 -9.000000e+01
         vertex -1.698454e+02 -4.186314e+01 -9.000000e+01
      endloop
   endfacet
   facet normal 0.000000e+00 0.000000e+00 -1.000000e+00
      outer loop
         vertex 0.000000e+00 0.000000e+00 -9.000000e+01
         vertex -1.698454e+02 -4.186314e+01 -9.000000e+01
         vertex -1.726633e+02 -2.806051e+01 -9.000000e+01
      endloop
   endfacet
   facet normal 0.000000e+00 0.000000e+00 -1.000000e+00
      outer loop
         vertex -1.398454e+02 -1.050870e+02 -9.000000e+01
         vertex -1.478479e+02 -9.349333e+01 -9.000000e+01
         vertex 0.000000e+00 0.000000e+00 -9.000000e+01
      endloop
   endfacet
   facet normal 0.000000e+00 0.000000e+00 -1.000000e+00
      outer loop
         vertex 0.000000e+00 0.000000e+00 -9.000000e+01
         vertex -1.478479e+02 -9.349333e+01 -9.000000e+01
         vertex -1.548916e+02 -8.129335e+01 -9.000000e+01
      endloop
   endfacet
   facet normal 0.000000e+00 0.000000e+00 -1.000000e+00
      outer loop
         vertex 0.000000e+00 0.000000e+00 -9.000000e+01
         vertex -1.548916e+02 -8.129335e+01 -9.000000e+01
         vertex -1.609307e+02 -6.856615e+01 -9.000000e+01
      endloop
   endfacet
   facet normal 0.000000e+00 0.000000e+00 -1.000000e+00
      outer loop
         vertex -1.106328e+02 -1.355005e+02 -9.000000e+01
         vertex -1.211773e+02 -1.261589e+02 -9.000000e+01
         vertex 0.000000e+00 0.000000e+00 -9.000000e+01
      endloop
   endfacet
   facet normal 0.000000e+00 0.000000e+00 -1.000000e+00
      outer loop
         vertex 0.000000e+00 0.000000e+00 -9.000000e+01
         vertex -1.211773e+02 -1.261589e+02 -9.000000e+01
         vertex -1.309359e+02 -1.159991e+02 -9.000000e+01
      endloop
   endfacet
   facet normal 0.000000e+00 0.000000e+00 -1.000000e+00
      outer loop
         vertex 0.000000e+00 0.000000e+00 -9.000000e+01
         vertex -1.309359e+02 -1.159991e+02 -9.000000e+01
         vertex -1.398454e+02 -1.050870e+02 -9.000000e+01
      endloop
   endfacet
   facet normal 0.000000e+00 0.000000e+00 -1.000000e+00
      outer loop
         vertex -7.499057e+01 -1.580393e+02 -9.000000e+01
         vertex -8.746428e+01 -1.514926e+02 -9.000000e+01
         vertex 0.000000e+00 0.000000e+00 -9.000000e+01
      endloop
   endfacet
   facet normal 0.000000e+00 0.000000e+00 -1.000000e+00
      outer loop
         vertex 0.000000e+00 0.000000e+00 -9.000000e+01
         vertex -8.746428e+01 -1.514926e+02 -9.000000e+01
         vertex -9.937075e+01 -1.439634e+02 -9.000000e+01
      endloop
   endfacet
   facet normal 0.000000e+00 0.000000e+00 -1.000000e+00
      outer loop
         vertex 0.000000e+00 0.000000e+00 -9.000000e+01
         vertex -9.937075e+01 -1.439634e+02 -9.000000e+01
         vertex -1.106328e+02 -1.355005e+02 -9.000000e+01
      endloop
   endfacet
   facet normal 0.000000e+00 0.000000e+00 -1.000000e+00
      outer loop
         vertex -3.499021e+01 -1.713934e+02 -9.000000e+01
         vertex -4.866818e+01 -1.680221e+02 -9.000000e+01
         vertex 0.000000e+00 0.000000e+00 -9.000000e+01
      endloop
   endfacet
   facet normal 0.000000e+00 0.000000e+00 -1.000000e+00
      outer loop
         vertex 0.000000e+00 0.000000e+00 -9.000000e+01
         vertex -4.866818e+01 -1.680221e+02 -9.000000e+01
         vertex -6.203052e+01 -1.635610e+02 -9.000000e+01
      endloop
   endfacet
   facet normal 0.000000e+00 0.000000e+00 -1.000000e+00
      outer loop
         vertex 0.000000e+00 0.000000e+00 -9.000000e+01
         vertex -6.203052e+01 -1.635610e+02 -9.000000e+01
         vertex -7.499057e+01 -1.580393e+02 -9.000000e+01
      endloop
   endfacet
   facet normal 0.000000e+00 0.000000e+00 -1.000000e+00
      outer loop
         vertex 7.043663e+00 -1.747867e+02 -9.000000e+01
         vertex -7.043663e+00 -1.747867e+02 -9.000000e+01
         vertex 0.000000e+00 0.000000e+00 -9.000000e+01
      endloop
   endfacet
   facet normal 0.000000e+00 0.000000e+00 -1.000000e+00
      outer loop
         vertex 0.000000e+00 0.000000e+00 -9.000000e+01
         vertex -7.043663e+00 -1.747867e+02 -9.000000e+01
         vertex -2.108531e+01 -1.736531e+02 -9.000000e+01
      endloop
   endfacet
   facet normal 0.000000e+00 0.000000e+00 -1.000000e+00
      outer loop
         vertex 0.000000e+00 0.000000e+00 -9.000000e+01
         vertex -2.108531e+01 -1.736531e+02 -9.000000e+01
         vertex -3.499021e+01 -1.713934e+02 -9.000000e+01
      endloop
   endfacet
   facet normal -0.000000e+00 0.000000e+00 -1.000000e+00
      outer loop
         vertex 4.866818e+01 -1.680221e+02 -9.000000e+01
         vertex 3.499021e+01 -1.713934e+02 -9.000000e+01
         vertex 0.000000e+00 0.000000e+00 -9.000000e+01
      endloop
   endfacet
   facet normal 0.000000e+00 0.000000e+00 -1.000000e+00
      outer loop
         vertex 0.000000e+00 0.000000e+00 -9.000000e+01
         vertex 3.499021e+01 -1.713934e+02 -9.000000e+01
         vertex 2.108531e+01 -1.736531e+02 -9.000000e+01
      endloop
   endfacet
   facet normal 0.000000e+00 0.000000e+00 -1.000000e+00
      outer loop
         vertex 0.000000e+00 0.000000e+00 -9.000000e+01
         vertex 2.108531e+01 -1.736531e+02 -9.000000e+01
         vertex 7.043663e+00 -1.747867e+02 -9.000000e+01
      endloop
   endfacet
   facet normal -0.000000e+00 0.000000e+00 -1.000000e+00
      outer loop
         vertex 8.746428e+01 -1.514926e+02 -9.000000e+01
         vertex 7.499057e+01 -1.580393e+02 -9.000000e+01
         vertex 0.000000e+00 0.000000e+00 -9.000000e+01
      endloop
   endfacet
   facet normal 0.000000e+00 0.000000e+00 -1.000000e+00
      outer loop
         vertex 0.000000e+00 0.000000e+00 -9.000000e+01
         vertex 7.499057e+01 -1.580393e+02 -9.000000e+01
         vertex 6.203052e+01 -1.635610e+02 -9.000000e+01
      endloop
   endfacet
   facet normal 0.000000e+00 0.000000e+00 -1.000000e+00
      outer loop
         vertex 0.000000e+00 0.000000e+00 -9.000000e+01
         vertex 6.203052e+01 -1.635610e+02 -9.000000e+01
         vertex 4.866818e+01 -1.680221e+02 -9.000000e+01
      endloop
   endfacet
   facet normal -0.000000e+00 0.000000e+00 -1.000000e+00
      outer loop
         vertex 1.211773e+02 -1.261589e+02 -9.000000e+01
         vertex 1.106328e+02 -1.355005e+02 -9.000000e+01
         vertex 0.000000e+00 0.000000e+00 -9.000000e+01
      endloop
   endfacet
   facet normal 0.000000e+00 0.000000e+00 -1.000000e+00
      outer loop
         vertex 0.000000e+00 0.000000e+00 -9.000000e+01
         vertex 1.106328e+02 -1.355005e+02 -9.000000e+01
         vertex 9.937075e+01 -1.439634e+02 -9.000000e+01
      endloop
   endfacet
   facet normal 0.000000e+00 0.000000e+00 -1.000000e+00
      outer loop
         vertex 0.000000e+00 0.000000e+00 -9.000000e+01
         vertex 9.937075e+01 -1.439634e+02 -9.000000e+01
         vertex 8.746428e+01 -1.514926e+02 -9.000000e+01
      endloop
   endfacet
   facet normal -0.000000e+00 0.000000e+00 -1.000000e+00
      outer loop
         vertex 1.478479e+02 -9.349333e+01 -9.000000e+01
         vertex 1.398454e+02 -1.050870e+02 -9.000000e+01
         vertex 0.000000e+00 0.000000e+00 -9.000000e+01
      endloop
   endfacet
   facet normal 0.000000e+00 0.000000e+00 -1.000000e+00
      outer loop
         vertex 0.000000e+00 0.000000e+00 -9.000000e+01
         vertex 1.398454e+02 -1.050870e+02 -9.000000e+01
         vertex 1.309359e+02 -1.159991e+02 -9.000000e+01
      endloop
   endfacet
   facet normal 0.000000e+00 0.000000e+00 -1.000000e+00
      outer loop
         vertex 0.000000e+00 0.000000e+00 -9.000000e+01
         vertex 1.309359e+02 -1.159991e+02 -9.000000e+01
         vertex 1.211773e+02 -1.261589e+02 -9.000000e+01
      endloop
   endfacet
   facet normal -0.000000e+00 0.000000e+00 -1.000000e+00
      outer loop
         vertex 1.659261e+02 -5.539428e+01 -9.000000e+01
         vertex 1.609307e+02 -6.856615e+01 -9.000000e+01
         vertex 0.000000e+00 0.000000e+00 -9.000000e+01
      endloop
   endfacet
   facet normal 0.000000e+00 0.000000e+00 -1.000000e+00
      outer loop
         vertex 0.000000e+00 0.000000e+00 -9.000000e+01
         vertex 1.609307e+02 -6.856615e+01 -9.000000e+01
         vertex 1.548916e+02 -8.129335e+01 -9.000000e+01
      endloop
   endfacet
   facet normal 0.000000e+00 0.000000e+00 -1.000000e+00
      outer loop
         vertex 0.000000e+00 0.000000e+00 -9.000000e+01
         vertex 1.548916e+02 -8.129335e+01 -9.000000e+01
         vertex 1.478479e+02 -9.349333e+01 -9.000000e+01
      endloop
   endfacet
   facet normal -0.000000e+00 0.000000e+00 -1.000000e+00
      outer loop
         vertex 1.743613e+02 -1.407590e+01 -9.000000e+01
         vertex 1.726633e+02 -2.806051e+01 -9.000000e+01
         vertex 0.000000e+00 0.000000e+00 -9.000000e+01
      endloop
   endfacet
   facet normal 0.000000e+00 0.000000e+00 -1.000000e+00
      outer loop
         vertex 0.000000e+00 0.000000e+00 -9.000000e+01
         vertex 1.726633e+02 -2.806051e+01 -9.000000e+01
         vertex 1.698454e+02 -4.186314e+01 -9.000000e+01
      endloop
   endfacet
   facet normal 0.000000e+00 0.000000e+00 -1.000000e+00
      outer loop
         vertex 0.000000e+00 0.000000e+00 -9.000000e+01
         vertex 1.698454e+02 -4.186314e+01 -9.000000e+01
         vertex 1.659261e+02 -5.539428e+01 -9.000000e+01
      endloop
   endfacet
   facet normal 0.000000e+00 -0.000000e+00 -1.000000e+00
      outer loop
         vertex 1.726633e+02 2.806051e+01 -9.000000e+01
         vertex 1.743613e+02 1.407590e+01 -9.000000e+01
         vertex 0.000000e+00 0.000000e+00 -9.000000e+01
      endloop
   endfacet
   facet normal 0.000000e+00 0.000000e+00 -1.000000e+00
      outer loop
         vertex 0.000000e+00 0.000000e+00 -9.000000e+01
         vertex 1.743613e+02 1.407590e+01 -9.000000e+01
         vertex 1.749286e+02 0.000000e+00 -9.000000e+01
      endloop
   endfacet
   facet normal 0.000000e+00 0.000000e+00 -1.000000e+00
      outer loop
         vertex 0.000000e+00 0.000000e+00 -9.000000e+01
         vertex 1.749286e+02 0.000000e+00 -9.000000e+01
         vertex 1.743613e+02 -1.407590e+01 -9.000000e+01
      endloop
   endfacet
   facet normal 0.000000e+00 -0.000000e+00 -1.000000e+00
      outer loop
         vertex 1.609307e+02 6.856615e+01 -9.000000e+01
         vertex 1.659261e+02 5.539428e+01 -9.000000e+01
         vertex 0.000000e+00 0.000000e+00 -9.000000e+01
      endloop
   endfacet
   facet normal 0.000000e+00 0.000000e+00 -1.000000e+00
      outer loop
         vertex 0.000000e+00 0.000000e+00 -9.000000e+01
         vertex 1.659261e+02 5.539428e+01 -9.000000e+01
         vertex 1.698454e+02 4.186314e+01 -9.000000e+01
      endloop
   endfacet
   facet normal 0.000000e+00 0.000000e+00 -1.000000e+00
      outer loop
         vertex 0.000000e+00 0.000000e+00 -9.000000e+01
         vertex 1.698454e+02 4.186314e+01 -9.000000e+01
         vertex 1.726633e+02 2.806051e+01 -9.000000e+01
      endloop
   endfacet
   facet normal 0.000000e+00 -0.000000e+00 -1.000000e+00
      outer loop
         vertex 1.398454e+02 1.050870e+02 -9.000000e+01
         vertex 1.478479e+02 9.349333e+01 -9.000000e+01
         vertex 0.000000e+00 0.000000e+00 -9.000000e+01
      endloop
   endfacet
   facet normal 0.000000e+00 0.000000e+00 -1.000000e+00
      outer loop
         vertex 0.000000e+00 0.000000e+00 -9.000000e+01
         vertex 1.478479e+02 9.349333e+01 -9.000000e+01
         vertex 1.548916e+02 8.129335e+01 -9.000000e+01
      endloop
   endfacet
   facet normal 0.000000e+00 0.000000e+00 -1.000000e+00
      outer loop
         vertex 0.000000e+00 0.000000e+00 -9.000000e+01
         vertex 1.548916e+02 8.129335e+01 -9.000000e+01
         vertex 1.609307e+02 6.856615e+01 -9.000000e+01
      endloop
   endfacet
   facet normal 0.000000e+00 -0.000000e+00 -1.000000e+00
      outer loop
         vertex 1.106328e+02 1.355005e+02 -9.000000e+01
         vertex 1.211773e+02 1.261589e+02 -9.000000e+01
         vertex 0.000000e+00 0.000000e+00 -9.000000e+01
      endloop
   endfacet
   facet normal 0.000000e+00 0.000000e+00 -1.000000e+00
      outer loop
         vertex 0.000000e+00 0.000000e+00 -9.000000e+01
         vertex 1.211773e+02 1.261589e+02 -9.000000e+01
         vertex 1.309359e+02 1.159991e+02 -9.000000e+01
      endloop
   endfacet
   facet normal 0.000000e+00 0.000000e+00 -1.000000e+00
      outer loop
         vertex 0.000000e+00 0.000000e+00 -9.000000e+01
         vertex 1.309359e+02 1.159991e+02 -9.000000e+01
         vertex 1.398454e+02 1.050870e+02 -9.000000e+01
      endloop
   endfacet
   facet normal 0.000000e+00 -0.000000e+00 -1.000000e+00
      outer loop
         vertex 7.499057e+01 1.580393e+02 -9.000000e+01
         vertex 8.746428e+01 1.514926e+02 -9.000000e+01
         vertex 0.000000e+00 0.000000e+00 -9.000000e+01
      endloop
   endfacet
   facet normal 0.000000e+00 0.000000e+00 -1.000000e+00
      outer loop
         vertex 0.000000e+00 0.000000e+00 -9.000000e+01
         vertex 8.746428e+01 1.514926e+02 -9.000000e+01
         vertex 9.937075e+01 1.439634e+02 -9.000000e+01
      endloop
   endfacet
   facet normal 0.000000e+00 0.000000e+00 -1.000000e+00
      outer loop
         vertex 0.000000e+00 0.000000e+00 -9.000000e+01
         vertex 9.937075e+01 1.439634e+02 -9.000000e+01
         vertex 1.106328e+02 1.355005e+02 -9.000000e+01
      endloop
   endfacet
   facet normal 0.000000e+00 -0.000000e+00 -1.000000e+00
      outer loop
         vertex 3.499021e+01 1.713934e+02 -9.000000e+01
         vertex 4.866818e+01 1.680221e+02 -9.000000e+01
         vertex 0.000000e+00 0.000000e+00 -9.000000e+01
      endloop
   endfacet
   facet normal 0.000000e+00 0.000000e+00 -1.000000e+00
      outer loop
         vertex 0.000000e+00 0.000000e+00 -9.000000e+01
         vertex 4.866818e+01 1.680221e+02 -9.000000e+01
         vertex 6.203052e+01 1.635610e+02 -9.000000e+01
      endloop
   endfacet
   facet normal 0.000000e+00 0.000000e+00 -1.000000e+00
      outer loop
         vertex 0.000000e+00 0.000000e+00 -9.000000e+01
         vertex 6.203052e+01 1.635610e+02 -9.000000e+01
         vertex 7.499057e+01 1.580393e+02 -9.000000e+01
      endloop
   endfacet
   facet normal 0.000000e+00 0.000000e+00 -1.000000e+00
      outer loop
         vertex -7.043663e+00 1.747867e+02 -9.000000e+01
         vertex 7.043663e+00 1.747867e+02 -9.000000e+01
         vertex 0.000000e+00 0.000000e+00 -9.000000e+01
      endloop
   endfacet
   facet normal 0.000000e+00 0.000000e+00 -1.000000e+00
      outer loop
         vertex 0.000000e+00 0.000000e+00 -9.000000e+01
         vertex 7.043663e+00 1.747867e+02 -9.000000e+01
         vertex 2.108531e+01 1.736531e+02 -9.000000e+01
      endloop
   endfacet
   facet normal 0.000000e+00 0.000000e+00 -1.000000e+00
      outer loop
         vertex 0.000000e+00 0.000000e+00 -9.000000e+01
         vertex 2.108531e+01 1.736531e+02 -9.000000e+01
         vertex 3.499021e+01 1.713934e+02 -9.000000e+01
      endloop
   endfacet
   facet normal 0.000000e+00 0.000000e+00 -1.000000e+00
      outer loop
         vertex -4.866818e+01 1.680221e+02 -9.000000e+01
         vertex -3.499021e+01 1.713934e+02 -9.000000e+01
         vertex 0.000000e+00 0.000000e+00 -9.000000e+01
      endloop
   endfacet
   facet normal 0.000000e+00 0.000000e+00 -1.000000e+00
      outer loop
         vertex 0.000000e+00 0.000000e+00 -9.000000e+01
         vertex -3.499021e+01 1.713934e+02 -9.000000e+01
         vertex -2.108531e+01 1.736531e+02 -9.000000e+01
      endloop
   endfacet
   facet normal 0.000000e+00 0.000000e+00 -1.000000e+00
      outer loop
         vertex 0.000000e+00 0.000000e+00 -9.000000e+01
         vertex -2.108531e+01 1.736531e+02 -9.000000e+01
         vertex -7.043663e+00 1.747867e+02 -9.000000e+01
      endloop
   endfacet
   facet normal 0.000000e+00 0.000000e+00 -1.000000e+00
      outer loop
         vertex -8.746428e+01 1.514926e+02 -9.000000e+01
         vertex -7.499057e+01 1.580393e+02 -9.000000e+01
         vertex 0.000000e+00 0.000000e+00 -9.000000e+01
      endloop
   endfacet
   facet normal 0.000000e+00 0.000000e+00 -1.000000e+00
      outer loop
         vertex 0.000000e+00 0.000000e+00 -9.000000e+01
         vertex -7.499057e+01 1.580393e+02 -9.000000e+01
         vertex -6.203052e+01 1.635610e+02 -9.000000e+01
      endloop
   endfacet
   facet normal 0.000000e+00 0.000000e+00 -1.000000e+00
      outer loop
         vertex 0.000000e+00 0.000000e+00 -9.000000e+01
         vertex -6.203052e+01 1.635610e+02 -9.000000e+01
         vertex -4.866818e+01 1.680221e+02 -9.000000e+01
      endloop
   endfacet
   facet normal 0.000000e+00 0.000000e+00 -1.000000e+00
      outer loop
         vertex -1.211773e+02 1.261589e+02 -9.000000e+01
         vertex -1.106328e+02 1.355005e+02 -9.000000e+01
         vertex 0.000000e+00 0.000000e+00 -9.000000e+01
      endloop
   endfacet
   facet normal 0.000000e+00 0.000000e+00 -1.000000e+00
      outer loop
         vertex 0.000000e+00 0.000000e+00 -9.000000e+01
         vertex -1.106328e+02 1.355005e+02 -9.000000e+01
         vertex -9.937075e+01 1.439634e+02 -9.000000e+01
      endloop
   endfacet
   facet normal 0.000000e+00 0.000000e+00 -1.000000e+00
      outer loop
         vertex 0.000000e+00 0.000000e+00 -9.000000e+01
         vertex -9.937075e+01 1.439634e+02 -9.000000e+01
         vertex -8.746428e+01 1.514926e+02 -9.000000e+01
      endloop
   endfacet
   facet normal 0.000000e+00 0.000000e+00 -1.000000e+00
      outer loop
         vertex -1.478479e+02 9.349333e+01 -9.000000e+01
         vertex -1.398454e+02 1.050870e+02 -9.000000e+01
         vertex 0.000000e+00 0.000000e+00 -9.000000e+01
      endloop
   endfacet
   facet normal 0.000000e+00 0.000000e+00 -1.000000e+00
      outer loop
         vertex 0.000000e+00 0.000000e+00 -9.000000e+01
         vertex -1.398454e+02 1.050870e+02 -9.000000e+01
         vertex -1.309359e+02 1.159991e+02 -9.000000e+01
      endloop
   endfacet
   facet normal 0.000000e+00 0.000000e+00 -1.000000e+00
      outer loop
         vertex 0.000000e+00 0.000000e+00 -9.000000e+01
         vertex -1.309359e+02 1.159991e+02 -9.000000e+01
         vertex -1.211773e+02 1.261589e+02 -9.000000e+01
      endloop
   endfacet
   facet normal 0.000000e+00 0.000000e+00 -1.000000e+00
      outer loop
         vertex -1.659261e+02 5.539428e+01 -9.000000e+01
         vertex -1.609307e+02 6.856615e+01 -9.000000e+01
         vertex 0.000000e+00 0.000000e+00 -9.000000e+01
      endloop
   endfacet
   facet normal 0.000000e+00 0.000000e+00 -1.000000e+00
      outer loop
         vertex 0.000000e+00 0.000000e+00 -9.000000e+01
         vertex -1.609307e+02 6.856615e+01 -9.000000e+01
         vertex -1.548916e+02 8.129335e+01 -9.000000e+01
      endloop
   endfacet
   facet normal 0.000000e+00 0.000000e+00 -1.000000e+00
      outer loop
         vertex 0.000000e+00 0.000000e+00 -9.000000e+01
         vertex -1.548916e+02 8.129335e+01 -9.000000e+01
         vertex -1.478479e+02 9.349333e+01 -9.000000e+01
      endloop
   endfacet
   facet normal 0.000000e+00 0.000000e+00 -1.000000e+00
      outer loop
         vertex -1.743613e+02 1.407590e+01 -9.000000e+01
         vertex -1.726633e+02 2.806051e+01 -9.000000e+01
         vertex 0.000000e+00 0.000000e+00 -9.000000e+01
      endloop
   endfacet
   facet normal 0.000000e+00 0.000000e+00 -1.000000e+00
      outer loop
         vertex 0.000000e+00 0.000000e+00 -9.000000e+01
         vertex -1.726633e+02 2.806051e+01 -9.000000e+01
         vertex -1.698454e+02 4.186314e+01 -9.000000e+01
      endloop
   endfacet
   facet normal 0.000000e+00 0.000000e+00 -1.000000e+00
      outer loop
         vertex 0.000000e+00 0.000000e+00 -9.000000e+01
         vertex -1.698454e+02 4.186314e+01 -9.000000e+01
         vertex -1.659261e+02 5.539428e+01 -9.000000e+01
      endloop
   endfacet
   facet normal -0.000000e+00 8.715573e-02 9.961947e-01
      outer loop
         vertex -8.875736e+01 1.470000e+02 0.000000e+00
         vertex 8.875736e+01 1.470000e+02 0.000000e+00
         vertex 8.897314e+01 1.475209e+02 -4.557674e-02
      endloop
   endfacet
   facet normal 0.000000e+00 8.715573e-02 9.961947e-01
      outer loop
         vertex -8.875736e+01 1.470000e+02 0.000000e+00
         vertex 8.897314e+01 1.475209e+02 -4.557674e-02
         vertex -8.897314e+01 1.475209e+02 -4.557674e-02
      endloop
   endfacet
   facet normal -0.000000e+00 2.418745e-01 9.703075e-01
      outer loop
         vertex -8.897314e+01 1.475209e+02 -4.557674e-02
         vertex 8.897314e+01 1.475209e+02 -4.557674e-02
         vertex 8.914124e+01 1.479268e+02 -1.467413e-01
      endloop
   endfacet
   facet normal -4.105391e-05 2.588014e-01 9.659305e-01
      outer loop
         vertex -8.897314e+01 1.475209e+02 -4.557674e-02
         vertex 8.914124e+01 1.479268e+02 -1.467413e-01
         vertex -8.918237e+01 1.480261e+02 -1.809221e-01
      endloop
   endfacet
   facet normal 0.000000e+00 3.255155e-01 9.455367e-01
      outer loop
         vertex 8.914124e+01 1.479268e+02 -1.467413e-01
         vertex 8.918237e+01 1.480261e+02 -1.809221e-01
         vertex -8.918237e+01 1.480261e+02 -1.809221e-01
      endloop
   endfacet
   facet normal -0.000000e+00 3.986723e-01 9.170935e-01
      outer loop
         vertex -8.918237e+01 1.480261e+02 -1.809221e-01
         vertex 8.918237e+01 1.480261e+02 -1.809221e-01
         vertex 8.932130e+01 1.483615e+02 -3.267228e-01
      endloop
   endfacet
   facet normal -5.377446e-05 4.226059e-01 9.063135e-01
      outer loop
         vertex -8.918237e+01 1.480261e+02 -1.809221e-01
         vertex 8.932130e+01 1.483615e+02 -3.267228e-01
         vertex -8.937868e+01 1.485000e+02 -4.019238e-01
      endloop
   endfacet
   facet normal 0.000000e+00 4.770707e-01 8.788649e-01
      outer loop
         vertex 8.932130e+01 1.483615e+02 -3.267228e-01
         vertex 8.937868e+01 1.485000e+02 -4.019238e-01
         vertex -8.937868e+01 1.485000e+02 -4.019238e-01
      endloop
   endfacet
   facet normal -0.000000e+00 5.445288e-01 8.387421e-01
      outer loop
         vertex -8.937868e+01 1.485000e+02 -4.019238e-01
         vertex 8.937868e+01 1.485000e+02 -4.019238e-01
         vertex 8.948750e+01 1.487627e+02 -5.724789e-01
      endloop
   endfacet
   facet normal -6.130524e-05 5.735587e-01 8.191645e-01
      outer loop
         vertex -8.937868e+01 1.485000e+02 -4.019238e-01
         vertex 8.948750e+01 1.487627e+02 -5.724789e-01
         vertex -8.955611e+01 1.489284e+02 -7.018667e-01
      endloop
   endfacet
   facet normal 0.000000e+00 6.155520e-01 7.880962e-01
      outer loop
         vertex 8.948750e+01 1.487627e+02 -5.724789e-01
         vertex 8.955611e+01 1.489284e+02 -7.018667e-01
         vertex -8.955611e+01 1.489284e+02 -7.018667e-01
      endloop
   endfacet
   facet normal -0.000000e+00 6.754609e-01 7.373958e-01
      outer loop
         vertex -8.955611e+01 1.489284e+02 -7.018667e-01
         vertex 8.955611e+01 1.489284e+02 -7.018667e-01
         vertex 8.963577e+01 1.491207e+02 -8.780420e-01
      endloop
   endfacet
   facet normal -6.371438e-05 7.070918e-01 7.071218e-01
      outer loop
         vertex -8.955611e+01 1.489284e+02 -7.018667e-01
         vertex 8.963577e+01 1.491207e+02 -8.780420e-01
         vertex -8.970927e+01 1.492981e+02 -1.071637e+00
      endloop
   endfacet
   facet normal -0.000000e+00 7.371906e-01 6.756848e-01
      outer loop
         vertex -8.970927e+01 1.492981e+02 -1.071637e+00
         vertex 8.963577e+01 1.491207e+02 -8.780420e-01
         vertex 8.970927e+01 1.492981e+02 -1.071637e+00
      endloop
   endfacet
   facet normal -0.000000e+00 7.933527e-01 6.087623e-01
      outer loop
         vertex -8.970927e+01 1.492981e+02 -1.071637e+00
         vertex 8.970927e+01 1.492981e+02 -1.071637e+00
         vertex -8.977527e+01 1.494575e+02 -1.279271e+00
      endloop
   endfacet
   facet normal -1.275779e-05 7.879961e-01 6.156802e-01
      outer loop
         vertex -8.977527e+01 1.494575e+02 -1.279271e+00
         vertex 8.970927e+01 1.492981e+02 -1.071637e+00
         vertex 8.976268e+01 1.494271e+02 -1.236644e+00
      endloop
   endfacet
   facet normal 1.522975e-05 8.433895e-01 5.373027e-01
      outer loop
         vertex -8.977527e+01 1.494575e+02 -1.279271e+00
         vertex 8.976268e+01 1.494271e+02 -1.236644e+00
         vertex -8.983352e+01 1.495981e+02 -1.500000e+00
      endloop
   endfacet
   facet normal -1.968814e-07 8.386160e-01 5.447231e-01
      outer loop
         vertex -8.983352e+01 1.495981e+02 -1.500000e+00
         vertex 8.976268e+01 1.494271e+02 -1.236644e+00
         vertex 8.983339e+01 1.495978e+02 -1.499476e+00
      endloop
   endfacet
   facet normal 1.252608e-07 8.870088e-01 4.617524e-01
      outer loop
         vertex -8.983352e+01 1.495981e+02 -1.500000e+00
         vertex 8.983339e+01 1.495978e+02 -1.499476e+00
         vertex -8.988357e+01 1.497189e+02 -1.732145e+00
      endloop
   endfacet
   facet normal -2.540189e-05 8.787977e-01 4.771946e-01
      outer loop
         vertex -8.988357e+01 1.497189e+02 -1.732145e+00
         vertex 8.983339e+01 1.495978e+02 -1.499476e+00
         vertex 8.986456e+01 1.496730e+02 -1.638029e+00
      endloop
   endfacet
   facet normal 3.561015e-05 9.238868e-01 3.826658e-01
      outer loop
         vertex -8.988357e+01 1.497189e+02 -1.732145e+00
         vertex 8.986456e+01 1.496730e+02 -1.638029e+00
         vertex -8.992506e+01 1.498191e+02 -1.973940e+00
      endloop
   endfacet
   facet normal -1.117843e-07 9.170353e-01 3.988060e-01
      outer loop
         vertex -8.992506e+01 1.498191e+02 -1.973940e+00
         vertex 8.986456e+01 1.496730e+02 -1.638029e+00
         vertex 8.992501e+01 1.498189e+02 -1.973581e+00
      endloop
   endfacet
   facet normal 1.112092e-07 9.537078e-01 3.007347e-01
      outer loop
         vertex -8.992506e+01 1.498191e+02 -1.973940e+00
         vertex 8.992501e+01 1.498189e+02 -1.973581e+00
         vertex -8.995765e+01 1.498978e+02 -2.223543e+00
      endloop
   endfacet
   facet normal -3.814610e-05 9.454829e-01 3.256719e-01
      outer loop
         vertex -8.995765e+01 1.498978e+02 -2.223543e+00
         vertex 8.992501e+01 1.498189e+02 -1.973581e+00
         vertex 8.993918e+01 1.498532e+02 -2.072949e+00
      endloop
   endfacet
   facet normal 6.096094e-05 9.763024e-01 2.164108e-01
      outer loop
         vertex -8.995765e+01 1.498978e+02 -2.223543e+00
         vertex 8.993918e+01 1.498532e+02 -2.072949e+00
         vertex -8.998112e+01 1.499544e+02 -2.479055e+00
      endloop
   endfacet
   facet normal -2.743319e-08 9.702931e-01 2.419326e-01
      outer loop
         vertex -8.998112e+01 1.499544e+02 -2.479055e+00
         vertex 8.993918e+01 1.498532e+02 -2.072949e+00
         vertex 8.998111e+01 1.499544e+02 -2.478915e+00
      endloop
   endfacet
   facet normal 6.271684e-08 9.914485e-01 1.304984e-01
      outer loop
         vertex -8.998112e+01 1.499544e+02 -2.479055e+00
         vertex 8.998111e+01 1.499544e+02 -2.478915e+00
         vertex -8.999527e+01 1.499886e+02 -2.738533e+00
      endloop
   endfacet
   facet normal -5.094957e-05 9.862635e-01 1.651794e-01
      outer loop
         vertex -8.999527e+01 1.499886e+02 -2.738533e+00
         vertex 8.998111e+01 1.499544e+02 -2.478915e+00
         vertex 8.998470e+01 1.499631e+02 -2.530697e+00
      endloop
   endfacet
   facet normal 9.117999e-05 9.990461e-01 4.366841e-02
      outer loop
         vertex -8.999527e+01 1.499886e+02 -2.738533e+00
         vertex 8.998470e+01 1.499631e+02 -2.530697e+00
         vertex -9.000000e+01 1.500000e+02 -3.000000e+00
      endloop
   endfacet
   facet normal -0.000000e+00 9.969165e-01 7.846964e-02
      outer loop
         vertex -9.000000e+01 1.500000e+02 -3.000000e+00
         vertex 8.998470e+01 1.499631e+02 -2.530697e+00
         vertex 9.000000e+01 1.500000e+02 -3.000000e+00
      endloop
   endfacet
   facet normal 0.000000e+00 -9.969165e-01 7.846964e-02
      outer loop
         vertex -9.000000e+01 -1.500000e+02 -3.000000e+00
         vertex 9.000000e+01 -1.500000e+02 -3.000000e+00
         vertex 8.998470e+01 -1.499631e+02 -2.530697e+00
      endloop
   endfacet
   facet normal 9.117999e-05 -9.990461e-01 4.366841e-02
      outer loop
         vertex -9.000000e+01 -1.500000e+02 -3.000000e+00
         vertex 8.998470e+01 -1.499631e+02 -2.530697e+00
         vertex -8.999527e+01 -1.499886e+02 -2.738533e+00
      endloop
   endfacet
   facet normal -5.094957e-05 -9.862635e-01 1.651794e-01
      outer loop
         vertex -8.999527e+01 -1.499886e+02 -2.738533e+00
         vertex 8.998470e+01 -1.499631e+02 -2.530697e+00
         vertex 8.998111e+01 -1.499544e+02 -2.478915e+00
      endloop
   endfacet
   facet normal 6.271684e-08 -9.914485e-01 1.304984e-01
      outer loop
         vertex -8.999527e+01 -1.499886e+02 -2.738533e+00
         vertex 8.998111e+01 -1.499544e+02 -2.478915e+00
         vertex -8.998112e+01 -1.499544e+02 -2.479055e+00
      endloop
   endfacet
   facet normal -2.743319e-08 -9.702931e-01 2.419326e-01
      outer loop
         vertex -8.998112e+01 -1.499544e+02 -2.479055e+00
         vertex 8.998111e+01 -1.499544e+02 -2.478915e+00
         vertex 8.993918e+01 -1.498532e+02 -2.072949e+00
      endloop
   endfacet
   facet normal 6.096094e-05 -9.763024e-01 2.164108e-01
      outer loop
         vertex -8.998112e+01 -1.499544e+02 -2.479055e+00
         vertex 8.993918e+01 -1.498532e+02 -2.072949e+00
         vertex -8.995765e+01 -1.498978e+02 -2.223543e+00
      endloop
   endfacet
   facet normal -3.814610e-05 -9.454829e-01 3.256719e-01
      outer loop
         vertex -8.995765e+01 -1.498978e+02 -2.223543e+00
         vertex 8.993918e+01 -1.498532e+02 -2.072949e+00
         vertex 8.992501e+01 -1.498189e+02 -1.973581e+00
      endloop
   endfacet
   facet normal 1.112092e-07 -9.537078e-01 3.007347e-01
      outer loop
         vertex -8.995765e+01 -1.498978e+02 -2.223543e+00
         vertex 8.992501e+01 -1.498189e+02 -1.973581e+00
         vertex -8.992506e+01 -1.498191e+02 -1.973940e+00
      endloop
   endfacet
   facet normal -1.117843e-07 -9.170353e-01 3.988060e-01
      outer loop
         vertex -8.992506e+01 -1.498191e+02 -1.973940e+00
         vertex 8.992501e+01 -1.498189e+02 -1.973581e+00
         vertex 8.986456e+01 -1.496730e+02 -1.638029e+00
      endloop
   endfacet
   facet normal 3.561015e-05 -9.238868e-01 3.826658e-01
      outer loop
         vertex -8.992506e+01 -1.498191e+02 -1.973940e+00
         vertex 8.986456e+01 -1.496730e+02 -1.638029e+00
         vertex -8.988357e+01 -1.497189e+02 -1.732145e+00
      endloop
   endfacet
   facet normal -2.540189e-05 -8.787977e-01 4.771946e-01
      outer loop
         vertex -8.988357e+01 -1.497189e+02 -1.732145e+00
         vertex 8.986456e+01 -1.496730e+02 -1.638029e+00
         vertex 8.983339e+01 -1.495978e+02 -1.499476e+00
      endloop
   endfacet
   facet normal 1.252608e-07 -8.870088e-01 4.617524e-01
      outer loop
         vertex -8.988357e+01 -1.497189e+02 -1.732145e+00
         vertex 8.983339e+01 -1.495978e+02 -1.499476e+00
         vertex -8.983352e+01 -1.495981e+02 -1.500000e+00
      endloop
   endfacet
   facet normal -1.968814e-07 -8.386160e-01 5.447231e-01
      outer loop
         vertex -8.983352e+01 -1.495981e+02 -1.500000e+00
         vertex 8.983339e+01 -1.495978e+02 -1.499476e+00
         vertex 8.976268e+01 -1.494271e+02 -1.236644e+00
      endloop
   endfacet
   facet normal 1.522975e-05 -8.433895e-01 5.373027e-01
      outer loop
         vertex -8.983352e+01 -1.495981e+02 -1.500000e+00
         vertex 8.976268e+01 -1.494271e+02 -1.236644e+00
         vertex -8.977527e+01 -1.494575e+02 -1.279271e+00
      endloop
   endfacet
   facet normal -1.278915e-05 -7.879298e-01 6.157650e-01
      outer loop
         vertex -8.977527e+01 -1.494575e+02 -1.279271e+00
         vertex 8.976268e+01 -1.494271e+02 -1.236644e+00
         vertex 8.970909e+01 -1.492977e+02 -1.071083e+00
      endloop
   endfacet
   facet normal 1.612317e-07 -7.933527e-01 6.087622e-01
      outer loop
         vertex -8.977527e+01 -1.494575e+02 -1.279271e+00
         vertex 8.970909e+01 -1.492977e+02 -1.071083e+00
         vertex -8.970927e+01 -1.492981e+02 -1.071637e+00
      endloop
   endfacet
   facet normal -1.902429e-07 -7.371812e-01 6.756951e-01
      outer loop
         vertex -8.970927e+01 -1.492981e+02 -1.071637e+00
         vertex 8.970909e+01 -1.492977e+02 -1.071083e+00
         vertex 8.963604e+01 -1.491213e+02 -8.786797e-01
      endloop
   endfacet
   facet normal -6.366735e-05 -7.070918e-01 7.071217e-01
      outer loop
         vertex -8.970927e+01 -1.492981e+02 -1.071637e+00
         vertex 8.963604e+01 -1.491213e+02 -8.786797e-01
         vertex -8.955611e+01 -1.489284e+02 -7.018667e-01
      endloop
   endfacet
   facet normal 1.677521e-07 -6.755101e-01 7.373508e-01
      outer loop
         vertex 8.963604e+01 -1.491213e+02 -8.786797e-01
         vertex 8.955589e+01 -1.489278e+02 -7.014160e-01
         vertex -8.955611e+01 -1.489284e+02 -7.018667e-01
      endloop
   endfacet
   facet normal -1.393617e-07 -6.155828e-01 7.880722e-01
      outer loop
         vertex -8.955611e+01 -1.489284e+02 -7.018667e-01
         vertex 8.955589e+01 -1.489278e+02 -7.014160e-01
         vertex 8.948777e+01 -1.487634e+02 -5.729490e-01
      endloop
   endfacet
   facet normal -6.125474e-05 -5.735587e-01 8.191645e-01
      outer loop
         vertex -8.955611e+01 -1.489284e+02 -7.018667e-01
         vertex 8.948777e+01 -1.487634e+02 -5.729490e-01
         vertex -8.937868e+01 -1.485000e+02 -4.019238e-01
      endloop
   endfacet
   facet normal 1.628332e-07 -5.445505e-01 8.387280e-01
      outer loop
         vertex 8.948777e+01 -1.487634e+02 -5.729490e-01
         vertex 8.937848e+01 -1.484995e+02 -4.016489e-01
         vertex -8.937868e+01 -1.485000e+02 -4.019238e-01
      endloop
   endfacet
   facet normal -7.886792e-08 -4.770773e-01 8.788613e-01
      outer loop
         vertex -8.937868e+01 -1.485000e+02 -4.019238e-01
         vertex 8.937848e+01 -1.484995e+02 -4.016489e-01
         vertex 8.932151e+01 -1.483620e+02 -3.269804e-01
      endloop
   endfacet
   facet normal -5.366590e-05 -4.226059e-01 9.063135e-01
      outer loop
         vertex -8.937868e+01 -1.485000e+02 -4.019238e-01
         vertex 8.932151e+01 -1.483620e+02 -3.269804e-01
         vertex -8.918237e+01 -1.480261e+02 -1.809221e-01
      endloop
   endfacet
   facet normal 1.263627e-07 -3.987017e-01 9.170807e-01
      outer loop
         vertex 8.932151e+01 -1.483620e+02 -3.269804e-01
         vertex 8.918224e+01 -1.480258e+02 -1.808107e-01
         vertex -8.918237e+01 -1.480261e+02 -1.809221e-01
      endloop
   endfacet
   facet normal -1.982907e-08 -3.255105e-01 9.455384e-01
      outer loop
         vertex -8.918237e+01 -1.480261e+02 -1.809221e-01
         vertex 8.918224e+01 -1.480258e+02 -1.808107e-01
         vertex 8.914135e+01 -1.479270e+02 -1.468305e-01
      endloop
   endfacet
   facet normal -4.096002e-05 -2.588015e-01 9.659305e-01
      outer loop
         vertex -8.918237e+01 -1.480261e+02 -1.809221e-01
         vertex 8.914135e+01 -1.479270e+02 -1.468305e-01
         vertex -8.897314e+01 -1.475209e+02 -4.557674e-02
      endloop
   endfacet
   facet normal 0.000000e+00 -7.846013e-02 9.969173e-01
      outer loop
         vertex 8.875736e+01 -1.470000e+02 0.000000e+00
         vertex -8.875736e+01 -1.470000e+02 0.000000e+00
         vertex 8.895175e+01 -1.474693e+02 -3.693498e-02
      endloop
   endfacet
   facet normal -2.308842e-05 -8.714624e-02 9.961955e-01
      outer loop
         vertex 8.895175e+01 -1.474693e+02 -3.693498e-02
         vertex -8.875736e+01 -1.470000e+02 0.000000e+00
         vertex -8.897314e+01 -1.475209e+02 -4.557674e-02
      endloop
   endfacet
   facet normal -1.106294e-08 -1.649909e-01 9.862951e-01
      outer loop
         vertex 8.895175e+01 -1.474693e+02 -3.693498e-02
         vertex -8.897314e+01 -1.475209e+02 -4.557674e-02
         vertex 8.897310e+01 -1.475208e+02 -4.555730e-02
      endloop
   endfacet
   facet normal 3.577330e-08 -2.419100e-01 9.702987e-01
      outer loop
         vertex 8.897310e+01 -1.475208e+02 -4.555730e-02
         vertex -8.897314e+01 -1.475209e+02 -4.557674e-02
         vertex 8.914135e+01 -1.479270e+02 -1.468305e-01
      endloop
   endfacet
   facet normal 0.000000e+00 -1.000000e+00 0.000000e+00
      outer loop
         vertex -1.500000e+02 5.250000e+00 -3.000000e+00
         vertex -1.500000e+02 5.250000e+00 -1.350000e+01
         vertex 1.500000e+02 5.250000e+00 -1.350000e+01
      endloop
   endfacet
   facet normal 0.000000e+00 -1.000000e+00 -0.000000e+00
      outer loop
         vertex -1.495981e+02 5.250000e+00 -1.500000e+00
         vertex -1.498191e+02 5.250000e+00 -1.973940e+00
         vertex -1.470000e+02 5.250000e+00 0.000000e+00
      endloop
   endfacet
   facet normal -0.000000e+00 -1.000000e+00 -0.000000e+00
      outer loop
         vertex 1.498191e+02 5.250000e+00 -1.973940e+00
         vertex 1.470000e+02 5.250000e+00 0.000000e+00
         vertex 1.499544e+02 5.250000e+00 -2.479055e+00
      endloop
   endfacet
   facet normal -0.000000e+00 -1.000000e+00 -0.000000e+00
      outer loop
         vertex 1.499544e+02 5.250000e+00 -2.479055e+00
         vertex 1.470000e+02 5.250000e+00 0.000000e+00
         vertex 1.500000e+02 5.250000e+00 -3.000000e+00
      endloop
   endfacet
   facet normal 0.000000e+00 -1.000000e+00 -0.000000e+00
      outer loop
         vertex -1.498191e+02 5.250000e+00 -1.973940e+00
         vertex -1.499544e+02 5.250000e+00 -2.479055e+00
         vertex -1.470000e+02 5.250000e+00 0.000000e+00
      endloop
   endfacet
   facet normal 0.000000e+00 -1.000000e+00 0.000000e+00
      outer loop
         vertex -1.470000e+02 5.250000e+00 0.000000e+00
         vertex -1.499544e+02 5.250000e+00 -2.479055e+00
         vertex -1.500000e+02 5.250000e+00 -3.000000e+00
      endloop
   endfacet
   facet normal 0.000000e+00 -1.000000e+00 -0.000000e+00
      outer loop
         vertex -1.470000e+02 5.250000e+00 0.000000e+00
         vertex -1.500000e+02 5.250000e+00 -3.000000e+00
         vertex 1.470000e+02 5.250000e+00 0.000000e+00
      endloop
   endfacet
   facet normal 0.000000e+00 -1.000000e+00 -0.000000e+00
      outer loop
         vertex 1.470000e+02 5.250000e+00 0.000000e+00
         vertex -1.500000e+02 5.250000e+00 -3.000000e+00
         vertex 1.500000e+02 5.250000e+00 -1.350000e+01
      endloop
   endfacet
   facet normal 0.000000e+00 -1.000000e+00 0.000000e+00
      outer loop
         vertex 1.470000e+02 5.250000e+00 0.000000e+00
         vertex 1.500000e+02 5.250000e+00 -1.350000e+01
         vertex 1.500000e+02 5.250000e+00 -3.000000e+00
      endloop
   endfacet
   facet normal -0.000000e+00 -1.000000e+00 -0.000000e+00
      outer loop
         vertex 1.495981e+02 5.250000e+00 -1.500000e+00
         vertex 1.492981e+02 5.250000e+00 -1.071637e+00
         vertex 1.498191e+02 5.250000e+00 -1.973940e+00
      endloop
   endfacet
   facet normal 0.000000e+00 -1.000000e+00 0.000000e+00
      outer loop
         vertex 1.498191e+02 5.250000e+00 -1.973940e+00
         vertex 1.492981e+02 5.250000e+00 -1.071637e+00
         vertex 1.489284e+02 5.250000e+00 -7.018667e-01
      endloop
   endfacet
   facet normal 0.000000e+00 -1.000000e+00 0.000000e+00
      outer loop
         vertex 1.498191e+02 5.250000e+00 -1.973940e+00
         vertex 1.489284e+02 5.250000e+00 -7.018667e-01
         vertex 1.485000e+02 5.250000e+00 -4.019238e-01
      endloop
   endfacet
   facet normal -0.000000e+00 -1.000000e+00 -0.000000e+00
      outer loop
         vertex 1.485000e+02 5.250000e+00 -4.019238e-01
         vertex 1.480261e+02 5.250000e+00 -1.809221e-01
         vertex 1.498191e+02 5.250000e+00 -1.973940e+00
      endloop
   endfacet
   facet normal 0.000000e+00 -1.000000e+00 0.000000e+00
      outer loop
         vertex 1.498191e+02 5.250000e+00 -1.973940e+00
         vertex 1.480261e+02 5.250000e+00 -1.809221e-01
         vertex 1.475209e+02 5.250000e+00 -4.557674e-02
      endloop
   endfacet
   facet normal 0.000000e+00 -1.000000e+00 0.000000e+00
      outer loop
         vertex 1.498191e+02 5.250000e+00 -1.973940e+00
         vertex 1.475209e+02 5.250000e+00 -4.557674e-02
         vertex 1.470000e+02 5.250000e+00 0.000000e+00
      endloop
   endfacet
   facet normal 0.000000e+00 -1.000000e+00 -0.000000e+00
      outer loop
         vertex -1.485000e+02 5.250000e+00 -4.019238e-01
         vertex -1.489284e+02 5.250000e+00 -7.018667e-01
         vertex -1.480261e+02 5.250000e+00 -1.809221e-01
      endloop
   endfacet
   facet normal 0.000000e+00 -1.000000e+00 -0.000000e+00
      outer loop
         vertex -1.480261e+02 5.250000e+00 -1.809221e-01
         vertex -1.489284e+02 5.250000e+00 -7.018667e-01
         vertex -1.475209e+02 5.250000e+00 -4.557674e-02
      endloop
   endfacet
   facet normal 0.000000e+00 -1.000000e+00 -0.000000e+00
      outer loop
         vertex -1.475209e+02 5.250000e+00 -4.557674e-02
         vertex -1.489284e+02 5.250000e+00 -7.018667e-01
         vertex -1.470000e+02 5.250000e+00 0.000000e+00
      endloop
   endfacet
   facet normal 0.000000e+00 -1.000000e+00 0.000000e+00
      outer loop
         vertex -1.470000e+02 5.250000e+00 0.000000e+00
         vertex -1.489284e+02 5.250000e+00 -7.018667e-01
         vertex -1.492981e+02 5.250000e+00 -1.071637e+00
      endloop
   endfacet
   facet normal 0.000000e+00 -1.000000e+00 0.000000e+00
      outer loop
         vertex -1.470000e+02 5.250000e+00 0.000000e+00
         vertex -1.492981e+02 5.250000e+00 -1.071637e+00
         vertex -1.495981e+02 5.250000e+00 -1.500000e+00
      endloop
   endfacet
   facet normal 0.000000e+00 0.000000e+00 -1.000000e+00
      outer loop
         vertex 1.500000e+02 5.250000e+00 -1.350000e+01
         vertex -1.500000e+02 5.250000e+00 -1.350000e+01
         vertex 1.500000e+02 7.500000e+00 -1.350000e+01
      endloop
   endfacet
   facet normal -0.000000e+00 0.000000e+00 -1.000000e+00
      outer loop
         vertex 1.500000e+02 7.500000e+00 -1.350000e+01
         vertex -1.500000e+02 5.250000e+00 -1.350000e+01
         vertex -1.500000e+02 7.500000e+00 -1.350000e+01
      endloop
   endfacet
   facet normal -0.000000e+00 -1.000000e+00 -0.000000e+00
      outer loop
         vertex 1.500000e+02 7.500000e+00 -1.350000e+01
         vertex -1.500000e+02 7.500000e+00 -1.350000e+01
         vertex 1.500000e+02 7.500000e+00 -2.250000e+01
      endloop
   endfacet
   facet normal 0.000000e+00 -1.000000e+00 0.000000e+00
      outer loop
         vertex 1.500000e+02 7.500000e+00 -2.250000e+01
         vertex -1.500000e+02 7.500000e+00 -1.350000e+01
         vertex -1.500000e+02 7.500000e+00 -2.250000e+01
      endloop
   endfacet
   facet normal 0.000000e+00 0.000000e+00 1.000000e+00
      outer loop
         vertex 1.500000e+02 7.500000e+00 -2.250000e+01
         vertex -1.500000e+02 7.500000e+00 -2.250000e+01
         vertex 1.500000e+02 -7.500000e+00 -2.250000e+01
      endloop
   endfacet
   facet normal 0.000000e+00 0.000000e+00 1.000000e+00
      outer loop
         vertex 1.500000e+02 -7.500000e+00 -2.250000e+01
         vertex -1.500000e+02 7.500000e+00 -2.250000e+01
         vertex -1.500000e+02 -7.500000e+00 -2.250000e+01
      endloop
   endfacet
   facet normal 0.000000e+00 1.000000e+00 -0.000000e+00
      outer loop
         vertex 1.500000e+02 -7.500000e+00 -2.250000e+01
         vertex -1.500000e+02 -7.500000e+00 -2.250000e+01
         vertex 1.500000e+02 -7.500000e+00 -1.350000e+01
      endloop
   endfacet
   facet normal 0.000000e+00 1.000000e+00 0.000000e+00
      outer loop
         vertex 1.500000e+02 -7.500000e+00 -1.350000e+01
         vertex -1.500000e+02 -7.500000e+00 -2.250000e+01
         vertex -1.500000e+02 -7.500000e+00 -1.350000e+01
      endloop
   endfacet
   facet normal 0.000000e+00 0.000000e+00 -1.000000e+00
      outer loop
         vertex 1.500000e+02 -7.500000e+00 -1.350000e+01
         vertex -1.500000e+02 -7.500000e+00 -1.350000e+01
         vertex 1.500000e+02 -5.250000e+00 -1.350000e+01
      endloop
   endfacet
   facet normal -0.000000e+00 0.000000e+00 -1.000000e+00
      outer loop
         vertex 1.500000e+02 -5.250000e+00 -1.350000e+01
         vertex -1.500000e+02 -7.500000e+00 -1.350000e+01
         vertex -1.500000e+02 -5.250000e+00 -1.350000e+01
      endloop
   endfacet
   facet normal 0.000000e+00 1.000000e+00 0.000000e+00
      outer loop
         vertex 1.500000e+02 -5.250000e+00 -1.350000e+01
         vertex -1.500000e+02 -5.250000e+00 -1.350000e+01
         vertex -1.500000e+02 -5.250000e+00 -3.000000e+00
      endloop
   endfacet
   facet normal -0.000000e+00 1.000000e+00 0.000000e+00
      outer loop
         vertex -1.500000e+02 -5.250000e+00 -3.000000e+00
         vertex -1.470000e+02 -5.250000e+00 0.000000e+00
         vertex 1.500000e+02 -5.250000e+00 -1.350000e+01
      endloop
   endfacet
   facet normal 0.000000e+00 1.000000e+00 0.000000e+00
      outer loop
         vertex 1.500000e+02 -5.250000e+00 -1.350000e+01
         vertex -1.470000e+02 -5.250000e+00 0.000000e+00
         vertex 1.470000e+02 -5.250000e+00 0.000000e+00
      endloop
   endfacet
   facet normal 0.000000e+00 1.000000e+00 -0.000000e+00
      outer loop
         vertex 1.500000e+02 -5.250000e+00 -1.350000e+01
         vertex 1.470000e+02 -5.250000e+00 0.000000e+00
         vertex 1.500000e+02 -5.250000e+00 -3.000000e+00
      endloop
   endfacet
   facet normal 0.000000e+00 1.000000e+00 0.000000e+00
      outer loop
         vertex 1.500000e+02 -5.250000e+00 -3.000000e+00
         vertex 1.470000e+02 -5.250000e+00 0.000000e+00
         vertex 1.499544e+02 -5.250000e+00 -2.479055e+00
      endloop
   endfacet
   facet normal 0.000000e+00 1.000000e+00 0.000000e+00
      outer loop
         vertex -1.489284e+02 -5.250000e+00 -7.018667e-01
         vertex -1.485000e+02 -5.250000e+00 -4.019238e-01
         vertex -1.480261e+02 -5.250000e+00 -1.809221e-01
      endloop
   endfacet
   facet normal 0.000000e+00 1.000000e+00 0.000000e+00
      outer loop
         vertex -1.500000e+02 -5.250000e+00 -3.000000e+00
         vertex -1.499544e+02 -5.250000e+00 -2.479055e+00
         vertex -1.470000e+02 -5.250000e+00 0.000000e+00
      endloop
   endfacet
   facet normal 0.000000e+00 1.000000e+00 0.000000e+00
      outer loop
         vertex -1.470000e+02 -5.250000e+00 0.000000e+00
         vertex -1.499544e+02 -5.250000e+00 -2.479055e+00
         vertex -1.498191e+02 -5.250000e+00 -1.973940e+00
      endloop
   endfacet
   facet normal 0.000000e+00 1.000000e+00 0.000000e+00
      outer loop
         vertex -1.470000e+02 -5.250000e+00 0.000000e+00
         vertex -1.498191e+02 -5.250000e+00 -1.973940e+00
         vertex -1.495981e+02 -5.250000e+00 -1.500000e+00
      endloop
   endfacet
   facet normal 0.000000e+00 1.000000e+00 0.000000e+00
      outer loop
         vertex -1.495981e+02 -5.250000e+00 -1.500000e+00
         vertex -1.492981e+02 -5.250000e+00 -1.071637e+00
         vertex -1.470000e+02 -5.250000e+00 0.000000e+00
      endloop
   endfacet
   facet normal 0.000000e+00 1.000000e+00 0.000000e+00
      outer loop
         vertex -1.470000e+02 -5.250000e+00 0.000000e+00
         vertex -1.492981e+02 -5.250000e+00 -1.071637e+00
         vertex -1.489284e+02 -5.250000e+00 -7.018667e-01
      endloop
   endfacet
   facet normal 0.000000e+00 1.000000e+00 0.000000e+00
      outer loop
         vertex -1.470000e+02 -5.250000e+00 0.000000e+00
         vertex -1.489284e+02 -5.250000e+00 -7.018667e-01
         vertex -1.475209e+02 -5.250000e+00 -4.557674e-02
      endloop
   endfacet
   facet normal 0.000000e+00 1.000000e+00 0.000000e+00
      outer loop
         vertex -1.475209e+02 -5.250000e+00 -4.557674e-02
         vertex -1.489284e+02 -5.250000e+00 -7.018667e-01
         vertex -1.480261e+02 -5.250000e+00 -1.809221e-01
      endloop
   endfacet
   facet normal 0.000000e+00 1.000000e+00 0.000000e+00
      outer loop
         vertex 1.480261e+02 -5.250000e+00 -1.809221e-01
         vertex 1.485000e+02 -5.250000e+00 -4.019238e-01
         vertex 1.498191e+02 -5.250000e+00 -1.973940e+00
      endloop
   endfacet
   facet normal 0.000000e+00 1.000000e+00 0.000000e+00
      outer loop
         vertex 1.499544e+02 -5.250000e+00 -2.479055e+00
         vertex 1.470000e+02 -5.250000e+00 0.000000e+00
         vertex 1.498191e+02 -5.250000e+00 -1.973940e+00
      endloop
   endfacet
   facet normal 0.000000e+00 1.000000e+00 0.000000e+00
      outer loop
         vertex 1.498191e+02 -5.250000e+00 -1.973940e+00
         vertex 1.470000e+02 -5.250000e+00 0.000000e+00
         vertex 1.475209e+02 -5.250000e+00 -4.557674e-02
      endloop
   endfacet
   facet normal 0.000000e+00 1.000000e+00 0.000000e+00
      outer loop
         vertex 1.498191e+02 -5.250000e+00 -1.973940e+00
         vertex 1.475209e+02 -5.250000e+00 -4.557674e-02
         vertex 1.480261e+02 -5.250000e+00 -1.809221e-01
      endloop
   endfacet
   facet normal 0.000000e+00 1.000000e+00 0.000000e+00
      outer loop
         vertex 1.485000e+02 -5.250000e+00 -4.019238e-01
         vertex 1.489284e+02 -5.250000e+00 -7.018667e-01
         vertex 1.498191e+02 -5.250000e+00 -1.973940e+00
      endloop
   endfacet
   facet normal 0.000000e+00 1.000000e+00 0.000000e+00
      outer loop
         vertex 1.498191e+02 -5.250000e+00 -1.973940e+00
         vertex 1.489284e+02 -5.250000e+00 -7.018667e-01
         vertex 1.492981e+02 -5.250000e+00 -1.071637e+00
      endloop
   endfacet
   facet normal 0.000000e+00 1.000000e+00 0.000000e+00
      outer loop
         vertex 1.498191e+02 -5.250000e+00 -1.973940e+00
         vertex 1.492981e+02 -5.250000e+00 -1.071637e+00
         vertex 1.495981e+02 -5.250000e+00 -1.500000e+00
      endloop
   endfacet
   facet normal 0.000000e+00 -1.000000e+00 0.000000e+00
      outer loop
         vertex -1.500000e+02 5.775000e+01 -3.000000e+00
         vertex -1.500000e+02 5.775000e+01 -1.350000e+01
         vertex 1.500000e+02 5.775000e+01 -1.350000e+01
      endloop
   endfacet
   facet normal 0.000000e+00 -1.000000e+00 -0.000000e+00
      outer loop
         vertex -1.495981e+02 5.775000e+01 -1.500000e+00
         vertex -1.498191e+02 5.775000e+01 -1.973940e+00
         vertex -1.470000e+02 5.775000e+01 0.000000e+00
      endloop
   endfacet
   facet normal -0.000000e+00 -1.000000e+00 -0.000000e+00
      outer loop
         vertex 1.498191e+02 5.775000e+01 -1.973940e+00
         vertex 1.470000e+02 5.775000e+01 0.000000e+00
         vertex 1.499544e+02 5.775000e+01 -2.479055e+00
      endloop
   endfacet
   facet normal -0.000000e+00 -1.000000e+00 -0.000000e+00
      outer loop
         vertex 1.499544e+02 5.775000e+01 -2.479055e+00
         vertex 1.470000e+02 5.775000e+01 0.000000e+00
         vertex 1.500000e+02 5.775000e+01 -3.000000e+00
      endloop
   endfacet
   facet normal 0.000000e+00 -1.000000e+00 -0.000000e+00
      outer loop
         vertex -1.498191e+02 5.775000e+01 -1.973940e+00
         vertex -1.499544e+02 5.775000e+01 -2.479055e+00
         vertex -1.470000e+02 5.775000e+01 0.000000e+00
      endloop
   endfacet
   facet normal 0.000000e+00 -1.000000e+00 0.000000e+00
      outer loop
         vertex -1.470000e+02 5.775000e+01 0.000000e+00
         vertex -1.499544e+02 5.775000e+01 -2.479055e+00
         vertex -1.500000e+02 5.775000e+01 -3.000000e+00
      endloop
   endfacet
   facet normal 0.000000e+00 -1.000000e+00 -0.000000e+00
      outer loop
         vertex -1.470000e+02 5.775000e+01 0.000000e+00
         vertex -1.500000e+02 5.775000e+01 -3.000000e+00
         vertex 1.470000e+02 5.775000e+01 0.000000e+00
      endloop
   endfacet
   facet normal 0.000000e+00 -1.000000e+00 -0.000000e+00
      outer loop
         vertex 1.470000e+02 5.775000e+01 0.000000e+00
         vertex -1.500000e+02 5.775000e+01 -3.000000e+00
         vertex 1.500000e+02 5.775000e+01 -1.350000e+01
      endloop
   endfacet
   facet normal 0.000000e+00 -1.000000e+00 0.000000e+00
      outer loop
         vertex 1.470000e+02 5.775000e+01 0.000000e+00
         vertex 1.500000e+02 5.775000e+01 -1.350000e+01
         vertex 1.500000e+02 5.775000e+01 -3.000000e+00
      endloop
   endfacet
   facet normal -0.000000e+00 -1.000000e+00 -0.000000e+00
      outer loop
         vertex 1.495981e+02 5.775000e+01 -1.500000e+00
         vertex 1.492981e+02 5.775000e+01 -1.071637e+00
         vertex 1.498191e+02 5.775000e+01 -1.973940e+00
      endloop
   endfacet
   facet normal 0.000000e+00 -1.000000e+00 0.000000e+00
      outer loop
         vertex 1.498191e+02 5.775000e+01 -1.973940e+00
         vertex 1.492981e+02 5.775000e+01 -1.071637e+00
         vertex 1.489284e+02 5.775000e+01 -7.018667e-01
      endloop
   endfacet
   facet normal 0.000000e+00 -1.000000e+00 0.000000e+00
      outer loop
         vertex 1.498191e+02 5.775000e+01 -1.973940e+00
         vertex 1.489284e+02 5.775000e+01 -7.018667e-01
         vertex 1.485000e+02 5.775000e+01 -4.019238e-01
      endloop
   endfacet
   facet normal -0.000000e+00 -1.000000e+00 -0.000000e+00
      outer loop
         vertex 1.485000e+02 5.775000e+01 -4.019238e-01
         vertex 1.480261e+02 5.775000e+01 -1.809221e-01
         vertex 1.498191e+02 5.775000e+01 -1.973940e+00
      endloop
   endfacet
   facet normal 0.000000e+00 -1.000000e+00 0.000000e+00
      outer loop
         vertex 1.498191e+02 5.775000e+01 -1.973940e+00
         vertex 1.480261e+02 5.775000e+01 -1.809221e-01
         vertex 1.475209e+02 5.775000e+01 -4.557674e-02
      endloop
   endfacet
   facet normal 0.000000e+00 -1.000000e+00 0.000000e+00
      outer loop
         vertex 1.498191e+02 5.775000e+01 -1.973940e+00
         vertex 1.475209e+02 5.775000e+01 -4.557674e-02
         vertex 1.470000e+02 5.775000e+01 0.000000e+00
      endloop
   endfacet
   facet normal 0.000000e+00 -1.000000e+00 -0.000000e+00
      outer loop
         vertex -1.485000e+02 5.775000e+01 -4.019238e-01
         vertex -1.489284e+02 5.775000e+01 -7.018667e-01
         vertex -1.480261e+02 5.775000e+01 -1.809221e-01
      endloop
   endfacet
   facet normal 0.000000e+00 -1.000000e+00 -0.000000e+00
      outer loop
         vertex -1.480261e+02 5.775000e+01 -1.809221e-01
         vertex -1.489284e+02 5.775000e+01 -7.018667e-01
         vertex -1.475209e+02 5.775000e+01 -4.557674e-02
      endloop
   endfacet
   facet normal 0.000000e+00 -1.000000e+00 -0.000000e+00
      outer loop
         vertex -1.475209e+02 5.775000e+01 -4.557674e-02
         vertex -1.489284e+02 5.775000e+01 -7.018667e-01
         vertex -1.470000e+02 5.775000e+01 0.000000e+00
      endloop
   endfacet
   facet normal 0.000000e+00 -1.000000e+00 0.000000e+00
      outer loop
         vertex -1.470000e+02 5.775000e+01 0.000000e+00
         vertex -1.489284e+02 5.775000e+01 -7.018667e-01
         vertex -1.492981e+02 5.775000e+01 -1.071637e+00
      endloop
   endfacet
   facet normal 0.000000e+00 -1.000000e+00 0.000000e+00
      outer loop
         vertex -1.470000e+02 5.775000e+01 0.000000e+00
         vertex -1.492981e+02 5.775000e+01 -1.071637e+00
         vertex -1.495981e+02 5.775000e+01 -1.500000e+00
      endloop
   endfacet
   facet normal 0.000000e+00 0.000000e+00 -1.000000e+00
      outer loop
         vertex 1.500000e+02 5.775000e+01 -1.350000e+01
         vertex -1.500000e+02 5.775000e+01 -1.350000e+01
         vertex 1.500000e+02 6.000000e+01 -1.350000e+01
      endloop
   endfacet
   facet normal -0.000000e+00 0.000000e+00 -1.000000e+00
      outer loop
         vertex 1.500000e+02 6.000000e+01 -1.350000e+01
         vertex -1.500000e+02 5.775000e+01 -1.350000e+01
         vertex -1.500000e+02 6.000000e+01 -1.350000e+01
      endloop
   endfacet
   facet normal -0.000000e+00 -1.000000e+00 -0.000000e+00
      outer loop
         vertex 1.500000e+02 6.000000e+01 -1.350000e+01
         vertex -1.500000e+02 6.000000e+01 -1.350000e+01
         vertex 1.500000e+02 6.000000e+01 -2.250000e+01
      endloop
   endfacet
   facet normal 0.000000e+00 -1.000000e+00 0.000000e+00
      outer loop
         vertex 1.500000e+02 6.000000e+01 -2.250000e+01
         vertex -1.500000e+02 6.000000e+01 -1.350000e+01
         vertex -1.500000e+02 6.000000e+01 -2.250000e+01
      endloop
   endfacet
   facet normal 0.000000e+00 0.000000e+00 1.000000e+00
      outer loop
         vertex 1.500000e+02 6.000000e+01 -2.250000e+01
         vertex -1.500000e+02 6.000000e+01 -2.250000e+01
         vertex 1.500000e+02 4.500000e+01 -2.250000e+01
      endloop
   endfacet
   facet normal 0.000000e+00 0.000000e+00 1.000000e+00
      outer loop
         vertex 1.500000e+02 4.500000e+01 -2.250000e+01
         vertex -1.500000e+02 6.000000e+01 -2.250000e+01
         vertex -1.500000e+02 4.500000e+01 -2.250000e+01
      endloop
   endfacet
   facet normal 0.000000e+00 1.000000e+00 -0.000000e+00
      outer loop
         vertex 1.500000e+02 4.500000e+01 -2.250000e+01
         vertex -1.500000e+02 4.500000e+01 -2.250000e+01
         vertex 1.500000e+02 4.500000e+01 -1.350000e+01
      endloop
   endfacet
   facet normal 0.000000e+00 1.000000e+00 0.000000e+00
      outer loop
         vertex 1.500000e+02 4.500000e+01 -1.350000e+01
         vertex -1.500000e+02 4.500000e+01 -2.250000e+01
         vertex -1.500000e+02 4.500000e+01 -1.350000e+01
      endloop
   endfacet
   facet normal 0.000000e+00 0.000000e+00 -1.000000e+00
      outer loop
         vertex 1.500000e+02 4.500000e+01 -1.350000e+01
         vertex -1.500000e+02 4.500000e+01 -1.350000e+01
         vertex 1.500000e+02 4.725000e+01 -1.350000e+01
      endloop
   endfacet
   facet normal -0.000000e+00 0.000000e+00 -1.000000e+00
      outer loop
         vertex 1.500000e+02 4.725000e+01 -1.350000e+01
         vertex -1.500000e+02 4.500000e+01 -1.350000e+01
         vertex -1.500000e+02 4.725000e+01 -1.350000e+01
      endloop
   endfacet
   facet normal 0.000000e+00 1.000000e+00 0.000000e+00
      outer loop
         vertex 1.500000e+02 4.725000e+01 -1.350000e+01
         vertex -1.500000e+02 4.725000e+01 -1.350000e+01
         vertex -1.500000e+02 4.725000e+01 -3.000000e+00
      endloop
   endfacet
   facet normal -0.000000e+00 1.000000e+00 0.000000e+00
      outer loop
         vertex -1.500000e+02 4.725000e+01 -3.000000e+00
         vertex -1.470000e+02 4.725000e+01 0.000000e+00
         vertex 1.500000e+02 4.725000e+01 -1.350000e+01
      endloop
   endfacet
   facet normal 0.000000e+00 1.000000e+00 0.000000e+00
      outer loop
         vertex 1.500000e+02 4.725000e+01 -1.350000e+01
         vertex -1.470000e+02 4.725000e+01 0.000000e+00
         vertex 1.470000e+02 4.725000e+01 0.000000e+00
      endloop
   endfacet
   facet normal 0.000000e+00 1.000000e+00 -0.000000e+00
      outer loop
         vertex 1.500000e+02 4.725000e+01 -1.350000e+01
         vertex 1.470000e+02 4.725000e+01 0.000000e+00
         vertex 1.500000e+02 4.725000e+01 -3.000000e+00
      endloop
   endfacet
   facet normal 0.000000e+00 1.000000e+00 0.000000e+00
      outer loop
         vertex 1.500000e+02 4.725000e+01 -3.000000e+00
         vertex 1.470000e+02 4.725000e+01 0.000000e+00
         vertex 1.499544e+02 4.725000e+01 -2.479055e+00
      endloop
   endfacet
   facet normal 0.000000e+00 1.000000e+00 0.000000e+00
      outer loop
         vertex -1.489284e+02 4.725000e+01 -7.018667e-01
         vertex -1.485000e+02 4.725000e+01 -4.019238e-01
         vertex -1.480261e+02 4.725000e+01 -1.809221e-01
      endloop
   endfacet
   facet normal 0.000000e+00 1.000000e+00 0.000000e+00
      outer loop
         vertex -1.500000e+02 4.725000e+01 -3.000000e+00
         vertex -1.499544e+02 4.725000e+01 -2.479055e+00
         vertex -1.470000e+02 4.725000e+01 0.000000e+00
      endloop
   endfacet
   facet normal 0.000000e+00 1.000000e+00 0.000000e+00
      outer loop
         vertex -1.470000e+02 4.725000e+01 0.000000e+00
         vertex -1.499544e+02 4.725000e+01 -2.479055e+00
         vertex -1.498191e+02 4.725000e+01 -1.973940e+00
      endloop
   endfacet
   facet normal 0.000000e+00 1.000000e+00 0.000000e+00
      outer loop
         vertex -1.470000e+02 4.725000e+01 0.000000e+00
         vertex -1.498191e+02 4.725000e+01 -1.973940e+00
         vertex -1.495981e+02 4.725000e+01 -1.500000e+00
      endloop
   endfacet
   facet normal 0.000000e+00 1.000000e+00 0.000000e+00
      outer loop
         vertex -1.495981e+02 4.725000e+01 -1.500000e+00
         vertex -1.492981e+02 4.725000e+01 -1.071637e+00
         vertex -1.470000e+02 4.725000e+01 0.000000e+00
      endloop
   endfacet
   facet normal 0.000000e+00 1.000000e+00 0.000000e+00
      outer loop
         vertex -1.470000e+02 4.725000e+01 0.000000e+00
         vertex -1.492981e+02 4.725000e+01 -1.071637e+00
         vertex -1.489284e+02 4.725000e+01 -7.018667e-01
      endloop
   endfacet
   facet normal 0.000000e+00 1.000000e+00 0.000000e+00
      outer loop
         vertex -1.470000e+02 4.725000e+01 0.000000e+00
         vertex -1.489284e+02 4.725000e+01 -7.018667e-01
         vertex -1.475209e+02 4.725000e+01 -4.557674e-02
      endloop
   endfacet
   facet normal 0.000000e+00 1.000000e+00 0.000000e+00
      outer loop
         vertex -1.475209e+02 4.725000e+01 -4.557674e-02
         vertex -1.489284e+02 4.725000e+01 -7.018667e-01
         vertex -1.480261e+02 4.725000e+01 -1.809221e-01
      endloop
   endfacet
   facet normal 0.000000e+00 1.000000e+00 0.000000e+00
      outer loop
         vertex 1.480261e+02 4.725000e+01 -1.809221e-01
         vertex 1.485000e+02 4.725000e+01 -4.019238e-01
         vertex 1.498191e+02 4.725000e+01 -1.973940e+00
      endloop
   endfacet
   facet normal 0.000000e+00 1.000000e+00 0.000000e+00
      outer loop
         vertex 1.499544e+02 4.725000e+01 -2.479055e+00
         vertex 1.470000e+02 4.725000e+01 0.000000e+00
         vertex 1.498191e+02 4.725000e+01 -1.973940e+00
      endloop
   endfacet
   facet normal 0.000000e+00 1.000000e+00 0.000000e+00
      outer loop
         vertex 1.498191e+02 4.725000e+01 -1.973940e+00
         vertex 1.470000e+02 4.725000e+01 0.000000e+00
         vertex 1.475209e+02 4.725000e+01 -4.557674e-02
      endloop
   endfacet
   facet normal 0.000000e+00 1.000000e+00 0.000000e+00
      outer loop
         vertex 1.498191e+02 4.725000e+01 -1.973940e+00
         vertex 1.475209e+02 4.725000e+01 -4.557674e-02
         vertex 1.480261e+02 4.725000e+01 -1.809221e-01
      endloop
   endfacet
   facet normal 0.000000e+00 1.000000e+00 0.000000e+00
      outer loop
         vertex 1.485000e+02 4.725000e+01 -4.019238e-01
         vertex 1.489284e+02 4.725000e+01 -7.018667e-01
         vertex 1.498191e+02 4.725000e+01 -1.973940e+00
      endloop
   endfacet
   facet normal 0.000000e+00 1.000000e+00 0.000000e+00
      outer loop
         vertex 1.498191e+02 4.725000e+01 -1.973940e+00
         vertex 1.489284e+02 4.725000e+01 -7.018667e-01
         vertex 1.492981e+02 4.725000e+01 -1.071637e+00
      endloop
   endfacet
   facet normal 0.000000e+00 1.000000e+00 0.000000e+00
      outer loop
         vertex 1.498191e+02 4.725000e+01 -1.973940e+00
         vertex 1.492981e+02 4.725000e+01 -1.071637e+00
         vertex 1.495981e+02 4.725000e+01 -1.500000e+00
      endloop
   endfacet
   facet normal 0.000000e+00 -1.000000e+00 0.000000e+00
      outer loop
         vertex -1.297500e+02 1.102500e+02 -3.000000e+00
         vertex -1.297500e+02 1.102500e+02 -1.350000e+01
         vertex 1.297500e+02 1.102500e+02 -3.000000e+00
      endloop
   endfacet
   facet normal 0.000000e+00 -1.000000e+00 -0.000000e+00
      outer loop
         vertex 1.297500e+02 1.102500e+02 -3.000000e+00
         vertex -1.297500e+02 1.102500e+02 -1.350000e+01
         vertex 1.297500e+02 1.102500e+02 -1.350000e+01
      endloop
   endfacet
   facet normal 0.000000e+00 -1.000000e+00 0.000000e+00
      outer loop
         vertex 1.295424e+02 1.102500e+02 -2.072949e+00
         vertex 1.294270e+02 1.102500e+02 -1.851950e+00
         vertex 1.255074e+02 1.102500e+02 0.000000e+00
      endloop
   endfacet
   facet normal 0.000000e+00 -1.000000e+00 0.000000e+00
      outer loop
         vertex 1.255074e+02 1.102500e+02 0.000000e+00
         vertex 1.294270e+02 1.102500e+02 -1.851950e+00
         vertex 1.292876e+02 1.102500e+02 -1.638029e+00
      endloop
   endfacet
   facet normal 0.000000e+00 -1.000000e+00 0.000000e+00
      outer loop
         vertex 1.255074e+02 1.102500e+02 0.000000e+00
         vertex 1.292876e+02 1.102500e+02 -1.638029e+00
         vertex 1.291248e+02 1.102500e+02 -1.432504e+00
      endloop
   endfacet
   facet normal -0.000000e+00 -1.000000e+00 -0.000000e+00
      outer loop
         vertex 1.289397e+02 1.102500e+02 -1.236644e+00
         vertex 1.268184e+02 1.102500e+02 -1.468305e-01
         vertex 1.291248e+02 1.102500e+02 -1.432504e+00
      endloop
   endfacet
   facet normal 0.000000e+00 -1.000000e+00 0.000000e+00
      outer loop
         vertex 1.291248e+02 1.102500e+02 -1.432504e+00
         vertex 1.268184e+02 1.102500e+02 -1.468305e-01
         vertex 1.261711e+02 1.102500e+02 -3.693498e-02
      endloop
   endfacet
   facet normal 0.000000e+00 -1.000000e+00 0.000000e+00
      outer loop
         vertex 1.291248e+02 1.102500e+02 -1.432504e+00
         vertex 1.261711e+02 1.102500e+02 -3.693498e-02
         vertex 1.255074e+02 1.102500e+02 0.000000e+00
      endloop
   endfacet
   facet normal 0.000000e+00 -1.000000e+00 0.000000e+00
      outer loop
         vertex -1.276287e+02 1.102500e+02 -4.019238e-01
         vertex -1.282345e+02 1.102500e+02 -7.018667e-01
         vertex -1.287574e+02 1.102500e+02 -1.071637e+00
      endloop
   endfacet
   facet normal 0.000000e+00 -1.000000e+00 0.000000e+00
      outer loop
         vertex -1.255074e+02 1.102500e+02 0.000000e+00
         vertex -1.291816e+02 1.102500e+02 -1.500000e+00
         vertex -1.293525e+02 1.102500e+02 -1.732145e+00
      endloop
   endfacet
   facet normal 0.000000e+00 -1.000000e+00 0.000000e+00
      outer loop
         vertex 1.297369e+02 1.102500e+02 -2.764623e+00
         vertex 1.296978e+02 1.102500e+02 -2.530697e+00
         vertex 1.255074e+02 1.102500e+02 0.000000e+00
      endloop
   endfacet
   facet normal 0.000000e+00 -1.000000e+00 0.000000e+00
      outer loop
         vertex 1.255074e+02 1.102500e+02 0.000000e+00
         vertex 1.296978e+02 1.102500e+02 -2.530697e+00
         vertex 1.296328e+02 1.102500e+02 -2.299664e+00
      endloop
   endfacet
   facet normal 0.000000e+00 -1.000000e+00 0.000000e+00
      outer loop
         vertex 1.255074e+02 1.102500e+02 0.000000e+00
         vertex 1.296328e+02 1.102500e+02 -2.299664e+00
         vertex 1.295424e+02 1.102500e+02 -2.072949e+00
      endloop
   endfacet
   facet normal -0.000000e+00 -1.000000e+00 -0.000000e+00
      outer loop
         vertex 1.285074e+02 1.102500e+02 -8.786797e-01
         vertex 1.280011e+02 1.102500e+02 -5.729490e-01
         vertex 1.289397e+02 1.102500e+02 -1.236644e+00
      endloop
   endfacet
   facet normal 0.000000e+00 -1.000000e+00 0.000000e+00
      outer loop
         vertex 1.289397e+02 1.102500e+02 -1.236644e+00
         vertex 1.280011e+02 1.102500e+02 -5.729490e-01
         vertex 1.274335e+02 1.102500e+02 -3.269804e-01
      endloop
   endfacet
   facet normal 0.000000e+00 -1.000000e+00 0.000000e+00
      outer loop
         vertex 1.289397e+02 1.102500e+02 -1.236644e+00
         vertex 1.274335e+02 1.102500e+02 -3.269804e-01
         vertex 1.268184e+02 1.102500e+02 -1.468305e-01
      endloop
   endfacet
   facet normal 0.000000e+00 -1.000000e+00 0.000000e+00
      outer loop
         vertex -1.291816e+02 1.102500e+02 -1.500000e+00
         vertex -1.255074e+02 1.102500e+02 0.000000e+00
         vertex -1.289827e+02 1.102500e+02 -1.279271e+00
      endloop
   endfacet
   facet normal 0.000000e+00 -1.000000e+00 0.000000e+00
      outer loop
         vertex -1.289827e+02 1.102500e+02 -1.279271e+00
         vertex -1.255074e+02 1.102500e+02 0.000000e+00
         vertex -1.262441e+02 1.102500e+02 -4.557674e-02
      endloop
   endfacet
   facet normal 0.000000e+00 -1.000000e+00 0.000000e+00
      outer loop
         vertex -1.289827e+02 1.102500e+02 -1.279271e+00
         vertex -1.262441e+02 1.102500e+02 -4.557674e-02
         vertex -1.287574e+02 1.102500e+02 -1.071637e+00
      endloop
   endfacet
   facet normal 0.000000e+00 -1.000000e+00 0.000000e+00
      outer loop
         vertex -1.287574e+02 1.102500e+02 -1.071637e+00
         vertex -1.262441e+02 1.102500e+02 -4.557674e-02
         vertex -1.269584e+02 1.102500e+02 -1.809221e-01
      endloop
   endfacet
   facet normal 0.000000e+00 -1.000000e+00 0.000000e+00
      outer loop
         vertex -1.287574e+02 1.102500e+02 -1.071637e+00
         vertex -1.269584e+02 1.102500e+02 -1.809221e-01
         vertex -1.276287e+02 1.102500e+02 -4.019238e-01
      endloop
   endfacet
   facet normal 0.000000e+00 -1.000000e+00 -0.000000e+00
      outer loop
         vertex -1.293525e+02 1.102500e+02 -1.732145e+00
         vertex -1.294941e+02 1.102500e+02 -1.973940e+00
         vertex -1.255074e+02 1.102500e+02 0.000000e+00
      endloop
   endfacet
   facet normal 0.000000e+00 -1.000000e+00 0.000000e+00
      outer loop
         vertex -1.255074e+02 1.102500e+02 0.000000e+00
         vertex -1.294941e+02 1.102500e+02 -1.973940e+00
         vertex -1.296054e+02 1.102500e+02 -2.223543e+00
      endloop
   endfacet
   facet normal 0.000000e+00 -1.000000e+00 0.000000e+00
      outer loop
         vertex -1.255074e+02 1.102500e+02 0.000000e+00
         vertex -1.296054e+02 1.102500e+02 -2.223543e+00
         vertex -1.296856e+02 1.102500e+02 -2.479055e+00
      endloop
   endfacet
   facet normal 0.000000e+00 -1.000000e+00 -0.000000e+00
      outer loop
         vertex -1.296856e+02 1.102500e+02 -2.479055e+00
         vertex -1.297339e+02 1.102500e+02 -2.738533e+00
         vertex -1.255074e+02 1.102500e+02 0.000000e+00
      endloop
   endfacet
   facet normal 0.000000e+00 -1.000000e+00 0.000000e+00
      outer loop
         vertex -1.255074e+02 1.102500e+02 0.000000e+00
         vertex -1.297339e+02 1.102500e+02 -2.738533e+00
         vertex -1.297500e+02 1.102500e+02 -3.000000e+00
      endloop
   endfacet
   facet normal 0.000000e+00 -1.000000e+00 -0.000000e+00
      outer loop
         vertex -1.255074e+02 1.102500e+02 0.000000e+00
         vertex -1.297500e+02 1.102500e+02 -3.000000e+00
         vertex 1.255074e+02 1.102500e+02 0.000000e+00
      endloop
   endfacet
   facet normal 0.000000e+00 -1.000000e+00 -0.000000e+00
      outer loop
         vertex 1.255074e+02 1.102500e+02 0.000000e+00
         vertex -1.297500e+02 1.102500e+02 -3.000000e+00
         vertex 1.297500e+02 1.102500e+02 -3.000000e+00
      endloop
   endfacet
   facet normal 0.000000e+00 -1.000000e+00 0.000000e+00
      outer loop
         vertex 1.255074e+02 1.102500e+02 0.000000e+00
         vertex 1.297500e+02 1.102500e+02 -3.000000e+00
         vertex 1.297369e+02 1.102500e+02 -2.764623e+00
      endloop
   endfacet
   facet normal 0.000000e+00 0.000000e+00 -1.000000e+00
      outer loop
         vertex 1.297500e+02 1.102500e+02 -1.350000e+01
         vertex -1.297500e+02 1.102500e+02 -1.350000e+01
         vertex 1.275000e+02 1.125000e+02 -1.350000e+01
      endloop
   endfacet
   facet normal -0.000000e+00 0.000000e+00 -1.000000e+00
      outer loop
         vertex 1.275000e+02 1.125000e+02 -1.350000e+01
         vertex -1.297500e+02 1.102500e+02 -1.350000e+01
         vertex -1.275000e+02 1.125000e+02 -1.350000e+01
      endloop
   endfacet
   facet normal -0.000000e+00 -1.000000e+00 -0.000000e+00
      outer loop
         vertex 1.275000e+02 1.125000e+02 -1.350000e+01
         vertex -1.275000e+02 1.125000e+02 -1.350000e+01
         vertex 1.275000e+02 1.125000e+02 -2.250000e+01
      endloop
   endfacet
   facet normal 0.000000e+00 -1.000000e+00 0.000000e+00
      outer loop
         vertex 1.275000e+02 1.125000e+02 -2.250000e+01
         vertex -1.275000e+02 1.125000e+02 -1.350000e+01
         vertex -1.275000e+02 1.125000e+02 -2.250000e+01
      endloop
   endfacet
   facet normal 0.000000e+00 0.000000e+00 1.000000e+00
      outer loop
         vertex 1.275000e+02 1.125000e+02 -2.250000e+01
         vertex -1.275000e+02 1.125000e+02 -2.250000e+01
         vertex 1.425000e+02 9.750000e+01 -2.250000e+01
      endloop
   endfacet
   facet normal 0.000000e+00 0.000000e+00 1.000000e+00
      outer loop
         vertex 1.425000e+02 9.750000e+01 -2.250000e+01
         vertex -1.275000e+02 1.125000e+02 -2.250000e+01
         vertex -1.425000e+02 9.750000e+01 -2.250000e+01
      endloop
   endfacet
   facet normal 0.000000e+00 1.000000e+00 -0.000000e+00
      outer loop
         vertex 1.425000e+02 9.750000e+01 -2.250000e+01
         vertex -1.425000e+02 9.750000e+01 -2.250000e+01
         vertex 1.425000e+02 9.750000e+01 -1.350000e+01
      endloop
   endfacet
   facet normal 0.000000e+00 1.000000e+00 0.000000e+00
      outer loop
         vertex 1.425000e+02 9.750000e+01 -1.350000e+01
         vertex -1.425000e+02 9.750000e+01 -2.250000e+01
         vertex -1.425000e+02 9.750000e+01 -1.350000e+01
      endloop
   endfacet
   facet normal 0.000000e+00 0.000000e+00 -1.000000e+00
      outer loop
         vertex 1.425000e+02 9.750000e+01 -1.350000e+01
         vertex -1.425000e+02 9.750000e+01 -1.350000e+01
         vertex 1.402500e+02 9.975000e+01 -1.350000e+01
      endloop
   endfacet
   facet normal -0.000000e+00 0.000000e+00 -1.000000e+00
      outer loop
         vertex 1.402500e+02 9.975000e+01 -1.350000e+01
         vertex -1.425000e+02 9.750000e+01 -1.350000e+01
         vertex -1.402500e+02 9.975000e+01 -1.350000e+01
      endloop
   endfacet
   facet normal 0.000000e+00 1.000000e+00 0.000000e+00
      outer loop
         vertex 1.396248e+02 9.975000e+01 -1.432504e+00
         vertex 1.397876e+02 9.975000e+01 -1.638029e+00
         vertex 1.360074e+02 9.975000e+01 0.000000e+00
      endloop
   endfacet
   facet normal 0.000000e+00 1.000000e+00 0.000000e+00
      outer loop
         vertex 1.360074e+02 9.975000e+01 0.000000e+00
         vertex 1.397876e+02 9.975000e+01 -1.638029e+00
         vertex 1.399270e+02 9.975000e+01 -1.851950e+00
      endloop
   endfacet
   facet normal 0.000000e+00 1.000000e+00 0.000000e+00
      outer loop
         vertex 1.385011e+02 9.975000e+01 -5.729490e-01
         vertex 1.390074e+02 9.975000e+01 -8.786797e-01
         vertex 1.394397e+02 9.975000e+01 -1.236644e+00
      endloop
   endfacet
   facet normal 0.000000e+00 1.000000e+00 0.000000e+00
      outer loop
         vertex -1.398525e+02 9.975000e+01 -1.732145e+00
         vertex -1.396816e+02 9.975000e+01 -1.500000e+00
         vertex -1.360074e+02 9.975000e+01 0.000000e+00
      endloop
   endfacet
   facet normal 0.000000e+00 1.000000e+00 0.000000e+00
      outer loop
         vertex -1.360074e+02 9.975000e+01 0.000000e+00
         vertex -1.396816e+02 9.975000e+01 -1.500000e+00
         vertex -1.394827e+02 9.975000e+01 -1.279271e+00
      endloop
   endfacet
   facet normal 0.000000e+00 1.000000e+00 0.000000e+00
      outer loop
         vertex -1.360074e+02 9.975000e+01 0.000000e+00
         vertex -1.394827e+02 9.975000e+01 -1.279271e+00
         vertex -1.367441e+02 9.975000e+01 -4.557674e-02
      endloop
   endfacet
   facet normal 0.000000e+00 1.000000e+00 0.000000e+00
      outer loop
         vertex -1.367441e+02 9.975000e+01 -4.557674e-02
         vertex -1.394827e+02 9.975000e+01 -1.279271e+00
         vertex -1.392574e+02 9.975000e+01 -1.071637e+00
      endloop
   endfacet
   facet normal 0.000000e+00 1.000000e+00 0.000000e+00
      outer loop
         vertex 1.360074e+02 9.975000e+01 0.000000e+00
         vertex 1.366711e+02 9.975000e+01 -3.693498e-02
         vertex 1.396248e+02 9.975000e+01 -1.432504e+00
      endloop
   endfacet
   facet normal 0.000000e+00 1.000000e+00 0.000000e+00
      outer loop
         vertex 1.396248e+02 9.975000e+01 -1.432504e+00
         vertex 1.366711e+02 9.975000e+01 -3.693498e-02
         vertex 1.373184e+02 9.975000e+01 -1.468305e-01
      endloop
   endfacet
   facet normal 0.000000e+00 1.000000e+00 0.000000e+00
      outer loop
         vertex 1.396248e+02 9.975000e+01 -1.432504e+00
         vertex 1.373184e+02 9.975000e+01 -1.468305e-01
         vertex 1.394397e+02 9.975000e+01 -1.236644e+00
      endloop
   endfacet
   facet normal 0.000000e+00 1.000000e+00 0.000000e+00
      outer loop
         vertex 1.394397e+02 9.975000e+01 -1.236644e+00
         vertex 1.373184e+02 9.975000e+01 -1.468305e-01
         vertex 1.379335e+02 9.975000e+01 -3.269804e-01
      endloop
   endfacet
   facet normal 0.000000e+00 1.000000e+00 0.000000e+00
      outer loop
         vertex 1.394397e+02 9.975000e+01 -1.236644e+00
         vertex 1.379335e+02 9.975000e+01 -3.269804e-01
         vertex 1.385011e+02 9.975000e+01 -5.729490e-01
      endloop
   endfacet
   facet normal 0.000000e+00 1.000000e+00 0.000000e+00
      outer loop
         vertex 1.399270e+02 9.975000e+01 -1.851950e+00
         vertex 1.400423e+02 9.975000e+01 -2.072949e+00
         vertex 1.360074e+02 9.975000e+01 0.000000e+00
      endloop
   endfacet
   facet normal 0.000000e+00 1.000000e+00 0.000000e+00
      outer loop
         vertex 1.360074e+02 9.975000e+01 0.000000e+00
         vertex 1.400423e+02 9.975000e+01 -2.072949e+00
         vertex 1.401328e+02 9.975000e+01 -2.299664e+00
      endloop
   endfacet
   facet normal 0.000000e+00 1.000000e+00 0.000000e+00
      outer loop
         vertex 1.360074e+02 9.975000e+01 0.000000e+00
         vertex 1.401328e+02 9.975000e+01 -2.299664e+00
         vertex 1.401978e+02 9.975000e+01 -2.530697e+00
      endloop
   endfacet
   facet normal 0.000000e+00 1.000000e+00 0.000000e+00
      outer loop
         vertex -1.401855e+02 9.975000e+01 -2.479055e+00
         vertex -1.401054e+02 9.975000e+01 -2.223543e+00
         vertex -1.360074e+02 9.975000e+01 0.000000e+00
      endloop
   endfacet
   facet normal 0.000000e+00 1.000000e+00 0.000000e+00
      outer loop
         vertex -1.360074e+02 9.975000e+01 0.000000e+00
         vertex -1.401054e+02 9.975000e+01 -2.223543e+00
         vertex -1.399941e+02 9.975000e+01 -1.973940e+00
      endloop
   endfacet
   facet normal 0.000000e+00 1.000000e+00 0.000000e+00
      outer loop
         vertex -1.360074e+02 9.975000e+01 0.000000e+00
         vertex -1.399941e+02 9.975000e+01 -1.973940e+00
         vertex -1.398525e+02 9.975000e+01 -1.732145e+00
      endloop
   endfacet
   facet normal -0.000000e+00 1.000000e+00 0.000000e+00
      outer loop
         vertex -1.387345e+02 9.975000e+01 -7.018667e-01
         vertex -1.381287e+02 9.975000e+01 -4.019238e-01
         vertex -1.392574e+02 9.975000e+01 -1.071637e+00
      endloop
   endfacet
   facet normal 0.000000e+00 1.000000e+00 0.000000e+00
      outer loop
         vertex -1.392574e+02 9.975000e+01 -1.071637e+00
         vertex -1.381287e+02 9.975000e+01 -4.019238e-01
         vertex -1.374584e+02 9.975000e+01 -1.809221e-01
      endloop
   endfacet
   facet normal 0.000000e+00 1.000000e+00 0.000000e+00
      outer loop
         vertex -1.392574e+02 9.975000e+01 -1.071637e+00
         vertex -1.374584e+02 9.975000e+01 -1.809221e-01
         vertex -1.367441e+02 9.975000e+01 -4.557674e-02
      endloop
   endfacet
   facet normal 0.000000e+00 1.000000e+00 0.000000e+00
      outer loop
         vertex 1.401978e+02 9.975000e+01 -2.530697e+00
         vertex 1.402369e+02 9.975000e+01 -2.764623e+00
         vertex 1.360074e+02 9.975000e+01 0.000000e+00
      endloop
   endfacet
   facet normal 0.000000e+00 1.000000e+00 0.000000e+00
      outer loop
         vertex 1.360074e+02 9.975000e+01 0.000000e+00
         vertex 1.402369e+02 9.975000e+01 -2.764623e+00
         vertex 1.402500e+02 9.975000e+01 -3.000000e+00
      endloop
   endfacet
   facet normal 0.000000e+00 1.000000e+00 0.000000e+00
      outer loop
         vertex 1.360074e+02 9.975000e+01 0.000000e+00
         vertex 1.402500e+02 9.975000e+01 -3.000000e+00
         vertex -1.360074e+02 9.975000e+01 0.000000e+00
      endloop
   endfacet
   facet normal 0.000000e+00 1.000000e+00 -0.000000e+00
      outer loop
         vertex 1.402500e+02 9.975000e+01 -1.350000e+01
         vertex -1.402500e+02 9.975000e+01 -1.350000e+01
         vertex 1.402500e+02 9.975000e+01 -3.000000e+00
      endloop
   endfacet
   facet normal 0.000000e+00 1.000000e+00 0.000000e+00
      outer loop
         vertex 1.402500e+02 9.975000e+01 -3.000000e+00
         vertex -1.402500e+02 9.975000e+01 -1.350000e+01
         vertex -1.402500e+02 9.975000e+01 -3.000000e+00
      endloop
   endfacet
   facet normal 0.000000e+00 1.000000e+00 0.000000e+00
      outer loop
         vertex 1.402500e+02 9.975000e+01 -3.000000e+00
         vertex -1.402500e+02 9.975000e+01 -3.000000e+00
         vertex -1.360074e+02 9.975000e+01 0.000000e+00
      endloop
   endfacet
   facet normal 0.000000e+00 1.000000e+00 0.000000e+00
      outer loop
         vertex -1.360074e+02 9.975000e+01 0.000000e+00
         vertex -1.402500e+02 9.975000e+01 -3.000000e+00
         vertex -1.402339e+02 9.975000e+01 -2.738533e+00
      endloop
   endfacet
   facet normal 0.000000e+00 1.000000e+00 0.000000e+00
      outer loop
         vertex -1.360074e+02 9.975000e+01 0.000000e+00
         vertex -1.402339e+02 9.975000e+01 -2.738533e+00
         vertex -1.401855e+02 9.975000e+01 -2.479055e+00
      endloop
   endfacet
   facet normal 0.000000e+00 -1.000000e+00 0.000000e+00
      outer loop
         vertex -1.500000e+02 -4.725000e+01 -3.000000e+00
         vertex -1.500000e+02 -4.725000e+01 -1.350000e+01
         vertex 1.500000e+02 -4.725000e+01 -1.350000e+01
      endloop
   endfacet
   facet normal 0.000000e+00 -1.000000e+00 -0.000000e+00
      outer loop
         vertex -1.495981e+02 -4.725000e+01 -1.500000e+00
         vertex -1.498191e+02 -4.725000e+01 -1.973940e+00
         vertex -1.470000e+02 -4.725000e+01 0.000000e+00
      endloop
   endfacet
   facet normal -0.000000e+00 -1.000000e+00 -0.000000e+00
      outer loop
         vertex 1.498191e+02 -4.725000e+01 -1.973940e+00
         vertex 1.470000e+02 -4.725000e+01 0.000000e+00
         vertex 1.499544e+02 -4.725000e+01 -2.479055e+00
      endloop
   endfacet
   facet normal -0.000000e+00 -1.000000e+00 -0.000000e+00
      outer loop
         vertex 1.499544e+02 -4.725000e+01 -2.479055e+00
         vertex 1.470000e+02 -4.725000e+01 0.000000e+00
         vertex 1.500000e+02 -4.725000e+01 -3.000000e+00
      endloop
   endfacet
   facet normal 0.000000e+00 -1.000000e+00 -0.000000e+00
      outer loop
         vertex -1.498191e+02 -4.725000e+01 -1.973940e+00
         vertex -1.499544e+02 -4.725000e+01 -2.479055e+00
         vertex -1.470000e+02 -4.725000e+01 0.000000e+00
      endloop
   endfacet
   facet normal 0.000000e+00 -1.000000e+00 0.000000e+00
      outer loop
         vertex -1.470000e+02 -4.725000e+01 0.000000e+00
         vertex -1.499544e+02 -4.725000e+01 -2.479055e+00
         vertex -1.500000e+02 -4.725000e+01 -3.000000e+00
      endloop
   endfacet
   facet normal 0.000000e+00 -1.000000e+00 -0.000000e+00
      outer loop
         vertex -1.470000e+02 -4.725000e+01 0.000000e+00
         vertex -1.500000e+02 -4.725000e+01 -3.000000e+00
         vertex 1.470000e+02 -4.725000e+01 0.000000e+00
      endloop
   endfacet
   facet normal 0.000000e+00 -1.000000e+00 -0.000000e+00
      outer loop
         vertex 1.470000e+02 -4.725000e+01 0.000000e+00
         vertex -1.500000e+02 -4.725000e+01 -3.000000e+00
         vertex 1.500000e+02 -4.725000e+01 -1.350000e+01
      endloop
   endfacet
   facet normal 0.000000e+00 -1.000000e+00 0.000000e+00
      outer loop
         vertex 1.470000e+02 -4.725000e+01 0.000000e+00
         vertex 1.500000e+02 -4.725000e+01 -1.350000e+01
         vertex 1.500000e+02 -4.725000e+01 -3.000000e+00
      endloop
   endfacet
   facet normal -0.000000e+00 -1.000000e+00 -0.000000e+00
      outer loop
         vertex 1.495981e+02 -4.725000e+01 -1.500000e+00
         vertex 1.492981e+02 -4.725000e+01 -1.071637e+00
         vertex 1.498191e+02 -4.725000e+01 -1.973940e+00
      endloop
   endfacet
   facet normal 0.000000e+00 -1.000000e+00 0.000000e+00
      outer loop
         vertex 1.498191e+02 -4.725000e+01 -1.973940e+00
         vertex 1.492981e+02 -4.725000e+01 -1.071637e+00
         vertex 1.489284e+02 -4.725000e+01 -7.018667e-01
      endloop
   endfacet
   facet normal 0.000000e+00 -1.000000e+00 0.000000e+00
      outer loop
         vertex 1.498191e+02 -4.725000e+01 -1.973940e+00
         vertex 1.489284e+02 -4.725000e+01 -7.018667e-01
         vertex 1.485000e+02 -4.725000e+01 -4.019238e-01
      endloop
   endfacet
   facet normal -0.000000e+00 -1.000000e+00 -0.000000e+00
      outer loop
         vertex 1.485000e+02 -4.725000e+01 -4.019238e-01
         vertex 1.480261e+02 -4.725000e+01 -1.809221e-01
         vertex 1.498191e+02 -4.725000e+01 -1.973940e+00
      endloop
   endfacet
   facet normal 0.000000e+00 -1.000000e+00 0.000000e+00
      outer loop
         vertex 1.498191e+02 -4.725000e+01 -1.973940e+00
         vertex 1.480261e+02 -4.725000e+01 -1.809221e-01
         vertex 1.475209e+02 -4.725000e+01 -4.557674e-02
      endloop
   endfacet
   facet normal 0.000000e+00 -1.000000e+00 0.000000e+00
      outer loop
         vertex 1.498191e+02 -4.725000e+01 -1.973940e+00
         vertex 1.475209e+02 -4.725000e+01 -4.557674e-02
         vertex 1.470000e+02 -4.725000e+01 0.000000e+00
      endloop
   endfacet
   facet normal 0.000000e+00 -1.000000e+00 -0.000000e+00
      outer loop
         vertex -1.485000e+02 -4.725000e+01 -4.019238e-01
         vertex -1.489284e+02 -4.725000e+01 -7.018667e-01
         vertex -1.480261e+02 -4.725000e+01 -1.809221e-01
      endloop
   endfacet
   facet normal 0.000000e+00 -1.000000e+00 -0.000000e+00
      outer loop
         vertex -1.480261e+02 -4.725000e+01 -1.809221e-01
         vertex -1.489284e+02 -4.725000e+01 -7.018667e-01
         vertex -1.475209e+02 -4.725000e+01 -4.557674e-02
      endloop
   endfacet
   facet normal 0.000000e+00 -1.000000e+00 -0.000000e+00
      outer loop
         vertex -1.475209e+02 -4.725000e+01 -4.557674e-02
         vertex -1.489284e+02 -4.725000e+01 -7.018667e-01
         vertex -1.470000e+02 -4.725000e+01 0.000000e+00
      endloop
   endfacet
   facet normal 0.000000e+00 -1.000000e+00 0.000000e+00
      outer loop
         vertex -1.470000e+02 -4.725000e+01 0.000000e+00
         vertex -1.489284e+02 -4.725000e+01 -7.018667e-01
         vertex -1.492981e+02 -4.725000e+01 -1.071637e+00
      endloop
   endfacet
   facet normal 0.000000e+00 -1.000000e+00 0.000000e+00
      outer loop
         vertex -1.470000e+02 -4.725000e+01 0.000000e+00
         vertex -1.492981e+02 -4.725000e+01 -1.071637e+00
         vertex -1.495981e+02 -4.725000e+01 -1.500000e+00
      endloop
   endfacet
   facet normal 0.000000e+00 0.000000e+00 -1.000000e+00
      outer loop
         vertex 1.500000e+02 -4.725000e+01 -1.350000e+01
         vertex -1.500000e+02 -4.725000e+01 -1.350000e+01
         vertex 1.500000e+02 -4.500000e+01 -1.350000e+01
      endloop
   endfacet
   facet normal -0.000000e+00 0.000000e+00 -1.000000e+00
      outer loop
         vertex 1.500000e+02 -4.500000e+01 -1.350000e+01
         vertex -1.500000e+02 -4.725000e+01 -1.350000e+01
         vertex -1.500000e+02 -4.500000e+01 -1.350000e+01
      endloop
   endfacet
   facet normal -0.000000e+00 -1.000000e+00 -0.000000e+00
      outer loop
         vertex 1.500000e+02 -4.500000e+01 -1.350000e+01
         vertex -1.500000e+02 -4.500000e+01 -1.350000e+01
         vertex 1.500000e+02 -4.500000e+01 -2.250000e+01
      endloop
   endfacet
   facet normal 0.000000e+00 -1.000000e+00 0.000000e+00
      outer loop
         vertex 1.500000e+02 -4.500000e+01 -2.250000e+01
         vertex -1.500000e+02 -4.500000e+01 -1.350000e+01
         vertex -1.500000e+02 -4.500000e+01 -2.250000e+01
      endloop
   endfacet
   facet normal 0.000000e+00 0.000000e+00 1.000000e+00
      outer loop
         vertex 1.500000e+02 -4.500000e+01 -2.250000e+01
         vertex -1.500000e+02 -4.500000e+01 -2.250000e+01
         vertex 1.500000e+02 -6.000000e+01 -2.250000e+01
      endloop
   endfacet
   facet normal 0.000000e+00 0.000000e+00 1.000000e+00
      outer loop
         vertex 1.500000e+02 -6.000000e+01 -2.250000e+01
         vertex -1.500000e+02 -4.500000e+01 -2.250000e+01
         vertex -1.500000e+02 -6.000000e+01 -2.250000e+01
      endloop
   endfacet
   facet normal 0.000000e+00 1.000000e+00 -0.000000e+00
      outer loop
         vertex 1.500000e+02 -6.000000e+01 -2.250000e+01
         vertex -1.500000e+02 -6.000000e+01 -2.250000e+01
         vertex 1.500000e+02 -6.000000e+01 -1.350000e+01
      endloop
   endfacet
   facet normal 0.000000e+00 1.000000e+00 0.000000e+00
      outer loop
         vertex 1.500000e+02 -6.000000e+01 -1.350000e+01
         vertex -1.500000e+02 -6.000000e+01 -2.250000e+01
         vertex -1.500000e+02 -6.000000e+01 -1.350000e+01
      endloop
   endfacet
   facet normal 0.000000e+00 0.000000e+00 -1.000000e+00
      outer loop
         vertex 1.500000e+02 -6.000000e+01 -1.350000e+01
         vertex -1.500000e+02 -6.000000e+01 -1.350000e+01
         vertex 1.500000e+02 -5.775000e+01 -1.350000e+01
      endloop
   endfacet
   facet normal -0.000000e+00 0.000000e+00 -1.000000e+00
      outer loop
         vertex 1.500000e+02 -5.775000e+01 -1.350000e+01
         vertex -1.500000e+02 -6.000000e+01 -1.350000e+01
         vertex -1.500000e+02 -5.775000e+01 -1.350000e+01
      endloop
   endfacet
   facet normal 0.000000e+00 1.000000e+00 0.000000e+00
      outer loop
         vertex 1.500000e+02 -5.775000e+01 -1.350000e+01
         vertex -1.500000e+02 -5.775000e+01 -1.350000e+01
         vertex -1.500000e+02 -5.775000e+01 -3.000000e+00
      endloop
   endfacet
   facet normal -0.000000e+00 1.000000e+00 0.000000e+00
      outer loop
         vertex -1.500000e+02 -5.775000e+01 -3.000000e+00
         vertex -1.470000e+02 -5.775000e+01 0.000000e+00
         vertex 1.500000e+02 -5.775000e+01 -1.350000e+01
      endloop
   endfacet
   facet normal 0.000000e+00 1.000000e+00 0.000000e+00
      outer loop
         vertex 1.500000e+02 -5.775000e+01 -1.350000e+01
         vertex -1.470000e+02 -5.775000e+01 0.000000e+00
         vertex 1.470000e+02 -5.775000e+01 0.000000e+00
      endloop
   endfacet
   facet normal 0.000000e+00 1.000000e+00 -0.000000e+00
      outer loop
         vertex 1.500000e+02 -5.775000e+01 -1.350000e+01
         vertex 1.470000e+02 -5.775000e+01 0.000000e+00
         vertex 1.500000e+02 -5.775000e+01 -3.000000e+00
      endloop
   endfacet
   facet normal 0.000000e+00 1.000000e+00 0.000000e+00
      outer loop
         vertex 1.500000e+02 -5.775000e+01 -3.000000e+00
         vertex 1.470000e+02 -5.775000e+01 0.000000e+00
         vertex 1.499544e+02 -5.775000e+01 -2.479055e+00
      endloop
   endfacet
   facet normal 0.000000e+00 1.000000e+00 0.000000e+00
      outer loop
         vertex -1.489284e+02 -5.775000e+01 -7.018667e-01
         vertex -1.485000e+02 -5.775000e+01 -4.019238e-01
         vertex -1.480261e+02 -5.775000e+01 -1.809221e-01
      endloop
   endfacet
   facet normal 0.000000e+00 1.000000e+00 0.000000e+00
      outer loop
         vertex -1.500000e+02 -5.775000e+01 -3.000000e+00
         vertex -1.499544e+02 -5.775000e+01 -2.479055e+00
         vertex -1.470000e+02 -5.775000e+01 0.000000e+00
      endloop
   endfacet
   facet normal 0.000000e+00 1.000000e+00 0.000000e+00
      outer loop
         vertex -1.470000e+02 -5.775000e+01 0.000000e+00
         vertex -1.499544e+02 -5.775000e+01 -2.479055e+00
         vertex -1.498191e+02 -5.775000e+01 -1.973940e+00
      endloop
   endfacet
   facet normal 0.000000e+00 1.000000e+00 0.000000e+00
      outer loop
         vertex -1.470000e+02 -5.775000e+01 0.000000e+00
         vertex -1.498191e+02 -5.775000e+01 -1.973940e+00
         vertex -1.495981e+02 -5.775000e+01 -1.500000e+00
      endloop
   endfacet
   facet normal 0.000000e+00 1.000000e+00 0.000000e+00
      outer loop
         vertex -1.495981e+02 -5.775000e+01 -1.500000e+00
         vertex -1.492981e+02 -5.775000e+01 -1.071637e+00
         vertex -1.470000e+02 -5.775000e+01 0.000000e+00
      endloop
   endfacet
   facet normal 0.000000e+00 1.000000e+00 0.000000e+00
      outer loop
         vertex -1.470000e+02 -5.775000e+01 0.000000e+00
         vertex -1.492981e+02 -5.775000e+01 -1.071637e+00
         vertex -1.489284e+02 -5.775000e+01 -7.018667e-01
      endloop
   endfacet
   facet normal 0.000000e+00 1.000000e+00 0.000000e+00
      outer loop
         vertex -1.470000e+02 -5.775000e+01 0.000000e+00
         vertex -1.489284e+02 -5.775000e+01 -7.018667e-01
         vertex -1.475209e+02 -5.775000e+01 -4.557674e-02
      endloop
   endfacet
   facet normal 0.000000e+00 1.000000e+00 0.000000e+00
      outer loop
         vertex -1.475209e+02 -5.775000e+01 -4.557674e-02
         vertex -1.489284e+02 -5.775000e+01 -7.018667e-01
         vertex -1.480261e+02 -5.775000e+01 -1.809221e-01
      endloop
   endfacet
   facet normal 0.000000e+00 1.000000e+00 0.000000e+00
      outer loop
         vertex 1.480261e+02 -5.775000e+01 -1.809221e-01
         vertex 1.485000e+02 -5.775000e+01 -4.019238e-01
         vertex 1.498191e+02 -5.775000e+01 -1.973940e+00
      endloop
   endfacet
   facet normal 0.000000e+00 1.000000e+00 0.000000e+00
      outer loop
         vertex 1.499544e+02 -5.775000e+01 -2.479055e+00
         vertex 1.470000e+02 -5.775000e+01 0.000000e+00
         vertex 1.498191e+02 -5.775000e+01 -1.973940e+00
      endloop
   endfacet
   facet normal 0.000000e+00 1.000000e+00 0.000000e+00
      outer loop
         vertex 1.498191e+02 -5.775000e+01 -1.973940e+00
         vertex 1.470000e+02 -5.775000e+01 0.000000e+00
         vertex 1.475209e+02 -5.775000e+01 -4.557674e-02
      endloop
   endfacet
   facet normal 0.000000e+00 1.000000e+00 0.000000e+00
      outer loop
         vertex 1.498191e+02 -5.775000e+01 -1.973940e+00
         vertex 1.475209e+02 -5.775000e+01 -4.557674e-02
         vertex 1.480261e+02 -5.775000e+01 -1.809221e-01
      endloop
   endfacet
   facet normal 0.000000e+00 1.000000e+00 0.000000e+00
      outer loop
         vertex 1.485000e+02 -5.775000e+01 -4.019238e-01
         vertex 1.489284e+02 -5.775000e+01 -7.018667e-01
         vertex 1.498191e+02 -5.775000e+01 -1.973940e+00
      endloop
   endfacet
   facet normal 0.000000e+00 1.000000e+00 0.000000e+00
      outer loop
         vertex 1.498191e+02 -5.775000e+01 -1.973940e+00
         vertex 1.489284e+02 -5.775000e+01 -7.018667e-01
         vertex 1.492981e+02 -5.775000e+01 -1.071637e+00
      endloop
   endfacet
   facet normal 0.000000e+00 1.000000e+00 0.000000e+00
      outer loop
         vertex 1.498191e+02 -5.775000e+01 -1.973940e+00
         vertex 1.492981e+02 -5.775000e+01 -1.071637e+00
         vertex 1.495981e+02 -5.775000e+01 -1.500000e+00
      endloop
   endfacet
   facet normal 0.000000e+00 -1.000000e+00 0.000000e+00
      outer loop
         vertex -1.402500e+02 -9.975000e+01 -3.000000e+00
         vertex -1.402500e+02 -9.975000e+01 -1.350000e+01
         vertex 1.402500e+02 -9.975000e+01 -3.000000e+00
      endloop
   endfacet
   facet normal 0.000000e+00 -1.000000e+00 -0.000000e+00
      outer loop
         vertex 1.402500e+02 -9.975000e+01 -3.000000e+00
         vertex -1.402500e+02 -9.975000e+01 -1.350000e+01
         vertex 1.402500e+02 -9.975000e+01 -1.350000e+01
      endloop
   endfacet
   facet normal 0.000000e+00 -1.000000e+00 0.000000e+00
      outer loop
         vertex 1.400423e+02 -9.975000e+01 -2.072949e+00
         vertex 1.399270e+02 -9.975000e+01 -1.851950e+00
         vertex 1.360074e+02 -9.975000e+01 0.000000e+00
      endloop
   endfacet
   facet normal 0.000000e+00 -1.000000e+00 0.000000e+00
      outer loop
         vertex 1.360074e+02 -9.975000e+01 0.000000e+00
         vertex 1.399270e+02 -9.975000e+01 -1.851950e+00
         vertex 1.397876e+02 -9.975000e+01 -1.638029e+00
      endloop
   endfacet
   facet normal 0.000000e+00 -1.000000e+00 0.000000e+00
      outer loop
         vertex 1.360074e+02 -9.975000e+01 0.000000e+00
         vertex 1.397876e+02 -9.975000e+01 -1.638029e+00
         vertex 1.396248e+02 -9.975000e+01 -1.432504e+00
      endloop
   endfacet
   facet normal -0.000000e+00 -1.000000e+00 -0.000000e+00
      outer loop
         vertex 1.394397e+02 -9.975000e+01 -1.236644e+00
         vertex 1.373184e+02 -9.975000e+01 -1.468305e-01
         vertex 1.396248e+02 -9.975000e+01 -1.432504e+00
      endloop
   endfacet
   facet normal 0.000000e+00 -1.000000e+00 0.000000e+00
      outer loop
         vertex 1.396248e+02 -9.975000e+01 -1.432504e+00
         vertex 1.373184e+02 -9.975000e+01 -1.468305e-01
         vertex 1.366711e+02 -9.975000e+01 -3.693498e-02
      endloop
   endfacet
   facet normal 0.000000e+00 -1.000000e+00 0.000000e+00
      outer loop
         vertex 1.396248e+02 -9.975000e+01 -1.432504e+00
         vertex 1.366711e+02 -9.975000e+01 -3.693498e-02
         vertex 1.360074e+02 -9.975000e+01 0.000000e+00
      endloop
   endfacet
   facet normal 0.000000e+00 -1.000000e+00 0.000000e+00
      outer loop
         vertex -1.381287e+02 -9.975000e+01 -4.019238e-01
         vertex -1.387345e+02 -9.975000e+01 -7.018667e-01
         vertex -1.392574e+02 -9.975000e+01 -1.071637e+00
      endloop
   endfacet
   facet normal 0.000000e+00 -1.000000e+00 0.000000e+00
      outer loop
         vertex -1.360074e+02 -9.975000e+01 0.000000e+00
         vertex -1.396816e+02 -9.975000e+01 -1.500000e+00
         vertex -1.398525e+02 -9.975000e+01 -1.732145e+00
      endloop
   endfacet
   facet normal 0.000000e+00 -1.000000e+00 0.000000e+00
      outer loop
         vertex 1.402369e+02 -9.975000e+01 -2.764623e+00
         vertex 1.401978e+02 -9.975000e+01 -2.530697e+00
         vertex 1.360074e+02 -9.975000e+01 0.000000e+00
      endloop
   endfacet
   facet normal 0.000000e+00 -1.000000e+00 0.000000e+00
      outer loop
         vertex 1.360074e+02 -9.975000e+01 0.000000e+00
         vertex 1.401978e+02 -9.975000e+01 -2.530697e+00
         vertex 1.401328e+02 -9.975000e+01 -2.299664e+00
      endloop
   endfacet
   facet normal 0.000000e+00 -1.000000e+00 0.000000e+00
      outer loop
         vertex 1.360074e+02 -9.975000e+01 0.000000e+00
         vertex 1.401328e+02 -9.975000e+01 -2.299664e+00
         vertex 1.400423e+02 -9.975000e+01 -2.072949e+00
      endloop
   endfacet
   facet normal -0.000000e+00 -1.000000e+00 -0.000000e+00
      outer loop
         vertex 1.390074e+02 -9.975000e+01 -8.786797e-01
         vertex 1.385011e+02 -9.975000e+01 -5.729490e-01
         vertex 1.394397e+02 -9.975000e+01 -1.236644e+00
      endloop
   endfacet
   facet normal 0.000000e+00 -1.000000e+00 0.000000e+00
      outer loop
         vertex 1.394397e+02 -9.975000e+01 -1.236644e+00
         vertex 1.385011e+02 -9.975000e+01 -5.729490e-01
         vertex 1.379335e+02 -9.975000e+01 -3.269804e-01
      endloop
   endfacet
   facet normal 0.000000e+00 -1.000000e+00 0.000000e+00
      outer loop
         vertex 1.394397e+02 -9.975000e+01 -1.236644e+00
         vertex 1.379335e+02 -9.975000e+01 -3.269804e-01
         vertex 1.373184e+02 -9.975000e+01 -1.468305e-01
      endloop
   endfacet
   facet normal 0.000000e+00 -1.000000e+00 0.000000e+00
      outer loop
         vertex -1.396816e+02 -9.975000e+01 -1.500000e+00
         vertex -1.360074e+02 -9.975000e+01 0.000000e+00
         vertex -1.394827e+02 -9.975000e+01 -1.279271e+00
      endloop
   endfacet
   facet normal 0.000000e+00 -1.000000e+00 0.000000e+00
      outer loop
         vertex -1.394827e+02 -9.975000e+01 -1.279271e+00
         vertex -1.360074e+02 -9.975000e+01 0.000000e+00
         vertex -1.367441e+02 -9.975000e+01 -4.557674e-02
      endloop
   endfacet
   facet normal 0.000000e+00 -1.000000e+00 0.000000e+00
      outer loop
         vertex -1.394827e+02 -9.975000e+01 -1.279271e+00
         vertex -1.367441e+02 -9.975000e+01 -4.557674e-02
         vertex -1.392574e+02 -9.975000e+01 -1.071637e+00
      endloop
   endfacet
   facet normal 0.000000e+00 -1.000000e+00 0.000000e+00
      outer loop
         vertex -1.392574e+02 -9.975000e+01 -1.071637e+00
         vertex -1.367441e+02 -9.975000e+01 -4.557674e-02
         vertex -1.374584e+02 -9.975000e+01 -1.809221e-01
      endloop
   endfacet
   facet normal 0.000000e+00 -1.000000e+00 0.000000e+00
      outer loop
         vertex -1.392574e+02 -9.975000e+01 -1.071637e+00
         vertex -1.374584e+02 -9.975000e+01 -1.809221e-01
         vertex -1.381287e+02 -9.975000e+01 -4.019238e-01
      endloop
   endfacet
   facet normal 0.000000e+00 -1.000000e+00 -0.000000e+00
      outer loop
         vertex -1.398525e+02 -9.975000e+01 -1.732145e+00
         vertex -1.399941e+02 -9.975000e+01 -1.973940e+00
         vertex -1.360074e+02 -9.975000e+01 0.000000e+00
      endloop
   endfacet
   facet normal 0.000000e+00 -1.000000e+00 0.000000e+00
      outer loop
         vertex -1.360074e+02 -9.975000e+01 0.000000e+00
         vertex -1.399941e+02 -9.975000e+01 -1.973940e+00
         vertex -1.401054e+02 -9.975000e+01 -2.223543e+00
      endloop
   endfacet
   facet normal 0.000000e+00 -1.000000e+00 0.000000e+00
      outer loop
         vertex -1.360074e+02 -9.975000e+01 0.000000e+00
         vertex -1.401054e+02 -9.975000e+01 -2.223543e+00
         vertex -1.401855e+02 -9.975000e+01 -2.479055e+00
      endloop
   endfacet
   facet normal 0.000000e+00 -1.000000e+00 -0.000000e+00
      outer loop
         vertex -1.401855e+02 -9.975000e+01 -2.479055e+00
         vertex -1.402339e+02 -9.975000e+01 -2.738533e+00
         vertex -1.360074e+02 -9.975000e+01 0.000000e+00
      endloop
   endfacet
   facet normal 0.000000e+00 -1.000000e+00 0.000000e+00
      outer loop
         vertex -1.360074e+02 -9.975000e+01 0.000000e+00
         vertex -1.402339e+02 -9.975000e+01 -2.738533e+00
         vertex -1.402500e+02 -9.975000e+01 -3.000000e+00
      endloop
   endfacet
   facet normal 0.000000e+00 -1.000000e+00 -0.000000e+00
      outer loop
         vertex -1.360074e+02 -9.975000e+01 0.000000e+00
         vertex -1.402500e+02 -9.975000e+01 -3.000000e+00
         vertex 1.360074e+02 -9.975000e+01 0.000000e+00
      endloop
   endfacet
   facet normal 0.000000e+00 -1.000000e+00 -0.000000e+00
      outer loop
         vertex 1.360074e+02 -9.975000e+01 0.000000e+00
         vertex -1.402500e+02 -9.975000e+01 -3.000000e+00
         vertex 1.402500e+02 -9.975000e+01 -3.000000e+00
      endloop
   endfacet
   facet normal 0.000000e+00 -1.000000e+00 0.000000e+00
      outer loop
         vertex 1.360074e+02 -9.975000e+01 0.000000e+00
         vertex 1.402500e+02 -9.975000e+01 -3.000000e+00
         vertex 1.402369e+02 -9.975000e+01 -2.764623e+00
      endloop
   endfacet
   facet normal 0.000000e+00 0.000000e+00 -1.000000e+00
      outer loop
         vertex -1.425000e+02 -9.750000e+01 -1.350000e+01
         vertex 1.425000e+02 -9.750000e+01 -1.350000e+01
         vertex -1.402500e+02 -9.975000e+01 -1.350000e+01
      endloop
   endfacet
   facet normal 0.000000e+00 0.000000e+00 -1.000000e+00
      outer loop
         vertex -1.402500e+02 -9.975000e+01 -1.350000e+01
         vertex 1.425000e+02 -9.750000e+01 -1.350000e+01
         vertex 1.402500e+02 -9.975000e+01 -1.350000e+01
      endloop
   endfacet
   facet normal 0.000000e+00 -1.000000e+00 0.000000e+00
      outer loop
         vertex -1.425000e+02 -9.750000e+01 -2.250000e+01
         vertex 1.425000e+02 -9.750000e+01 -2.250000e+01
         vertex -1.425000e+02 -9.750000e+01 -1.350000e+01
      endloop
   endfacet
   facet normal 0.000000e+00 -1.000000e+00 0.000000e+00
      outer loop
         vertex -1.425000e+02 -9.750000e+01 -1.350000e+01
         vertex 1.425000e+02 -9.750000e+01 -2.250000e+01
         vertex 1.425000e+02 -9.750000e+01 -1.350000e+01
      endloop
   endfacet
   facet normal 0.000000e+00 -0.000000e+00 1.000000e+00
      outer loop
         vertex -1.275000e+02 -1.125000e+02 -2.250000e+01
         vertex 1.275000e+02 -1.125000e+02 -2.250000e+01
         vertex -1.425000e+02 -9.750000e+01 -2.250000e+01
      endloop
   endfacet
   facet normal -0.000000e+00 0.000000e+00 1.000000e+00
      outer loop
         vertex -1.425000e+02 -9.750000e+01 -2.250000e+01
         vertex 1.275000e+02 -1.125000e+02 -2.250000e+01
         vertex 1.425000e+02 -9.750000e+01 -2.250000e+01
      endloop
   endfacet
   facet normal -0.000000e+00 1.000000e+00 0.000000e+00
      outer loop
         vertex -1.275000e+02 -1.125000e+02 -1.350000e+01
         vertex 1.275000e+02 -1.125000e+02 -1.350000e+01
         vertex -1.275000e+02 -1.125000e+02 -2.250000e+01
      endloop
   endfacet
   facet normal 0.000000e+00 1.000000e+00 0.000000e+00
      outer loop
         vertex -1.275000e+02 -1.125000e+02 -2.250000e+01
         vertex 1.275000e+02 -1.125000e+02 -1.350000e+01
         vertex 1.275000e+02 -1.125000e+02 -2.250000e+01
      endloop
   endfacet
   facet normal 0.000000e+00 0.000000e+00 -1.000000e+00
      outer loop
         vertex -1.297500e+02 -1.102500e+02 -1.350000e+01
         vertex 1.297500e+02 -1.102500e+02 -1.350000e+01
         vertex -1.275000e+02 -1.125000e+02 -1.350000e+01
      endloop
   endfacet
   facet normal 0.000000e+00 0.000000e+00 -1.000000e+00
      outer loop
         vertex -1.275000e+02 -1.125000e+02 -1.350000e+01
         vertex 1.297500e+02 -1.102500e+02 -1.350000e+01
         vertex 1.275000e+02 -1.125000e+02 -1.350000e+01
      endloop
   endfacet
   facet normal 0.000000e+00 1.000000e+00 0.000000e+00
      outer loop
         vertex 1.291248e+02 -1.102500e+02 -1.432504e+00
         vertex 1.292876e+02 -1.102500e+02 -1.638029e+00
         vertex 1.255074e+02 -1.102500e+02 0.000000e+00
      endloop
   endfacet
   facet normal 0.000000e+00 1.000000e+00 0.000000e+00
      outer loop
         vertex 1.255074e+02 -1.102500e+02 0.000000e+00
         vertex 1.292876e+02 -1.102500e+02 -1.638029e+00
         vertex 1.294270e+02 -1.102500e+02 -1.851950e+00
      endloop
   endfacet
   facet normal 0.000000e+00 1.000000e+00 0.000000e+00
      outer loop
         vertex 1.280011e+02 -1.102500e+02 -5.729490e-01
         vertex 1.285074e+02 -1.102500e+02 -8.786797e-01
         vertex 1.289397e+02 -1.102500e+02 -1.236644e+00
      endloop
   endfacet
   facet normal 0.000000e+00 1.000000e+00 0.000000e+00
      outer loop
         vertex -1.293525e+02 -1.102500e+02 -1.732145e+00
         vertex -1.291816e+02 -1.102500e+02 -1.500000e+00
         vertex -1.255074e+02 -1.102500e+02 0.000000e+00
      endloop
   endfacet
   facet normal 0.000000e+00 1.000000e+00 0.000000e+00
      outer loop
         vertex -1.255074e+02 -1.102500e+02 0.000000e+00
         vertex -1.291816e+02 -1.102500e+02 -1.500000e+00
         vertex -1.289827e+02 -1.102500e+02 -1.279271e+00
      endloop
   endfacet
   facet normal 0.000000e+00 1.000000e+00 0.000000e+00
      outer loop
         vertex -1.255074e+02 -1.102500e+02 0.000000e+00
         vertex -1.289827e+02 -1.102500e+02 -1.279271e+00
         vertex -1.262441e+02 -1.102500e+02 -4.557674e-02
      endloop
   endfacet
   facet normal 0.000000e+00 1.000000e+00 0.000000e+00
      outer loop
         vertex -1.262441e+02 -1.102500e+02 -4.557674e-02
         vertex -1.289827e+02 -1.102500e+02 -1.279271e+00
         vertex -1.287574e+02 -1.102500e+02 -1.071637e+00
      endloop
   endfacet
   facet normal 0.000000e+00 1.000000e+00 0.000000e+00
      outer loop
         vertex 1.255074e+02 -1.102500e+02 0.000000e+00
         vertex 1.261711e+02 -1.102500e+02 -3.693498e-02
         vertex 1.291248e+02 -1.102500e+02 -1.432504e+00
      endloop
   endfacet
   facet normal 0.000000e+00 1.000000e+00 0.000000e+00
      outer loop
         vertex 1.291248e+02 -1.102500e+02 -1.432504e+00
         vertex 1.261711e+02 -1.102500e+02 -3.693498e-02
         vertex 1.268184e+02 -1.102500e+02 -1.468305e-01
      endloop
   endfacet
   facet normal 0.000000e+00 1.000000e+00 0.000000e+00
      outer loop
         vertex 1.291248e+02 -1.102500e+02 -1.432504e+00
         vertex 1.268184e+02 -1.102500e+02 -1.468305e-01
         vertex 1.289397e+02 -1.102500e+02 -1.236644e+00
      endloop
   endfacet
   facet normal 0.000000e+00 1.000000e+00 0.000000e+00
      outer loop
         vertex 1.289397e+02 -1.102500e+02 -1.236644e+00
         vertex 1.268184e+02 -1.102500e+02 -1.468305e-01
         vertex 1.274335e+02 -1.102500e+02 -3.269804e-01
      endloop
   endfacet
   facet normal 0.000000e+00 1.000000e+00 0.000000e+00
      outer loop
         vertex 1.289397e+02 -1.102500e+02 -1.236644e+00
         vertex 1.274335e+02 -1.102500e+02 -3.269804e-01
         vertex 1.280011e+02 -1.102500e+02 -5.729490e-01
      endloop
   endfacet
   facet normal 0.000000e+00 1.000000e+00 0.000000e+00
      outer loop
         vertex 1.294270e+02 -1.102500e+02 -1.851950e+00
         vertex 1.295424e+02 -1.102500e+02 -2.072949e+00
         vertex 1.255074e+02 -1.102500e+02 0.000000e+00
      endloop
   endfacet
   facet normal 0.000000e+00 1.000000e+00 0.000000e+00
      outer loop
         vertex 1.255074e+02 -1.102500e+02 0.000000e+00
         vertex 1.295424e+02 -1.102500e+02 -2.072949e+00
         vertex 1.296328e+02 -1.102500e+02 -2.299664e+00
      endloop
   endfacet
   facet normal 0.000000e+00 1.000000e+00 0.000000e+00
      outer loop
         vertex 1.255074e+02 -1.102500e+02 0.000000e+00
         vertex 1.296328e+02 -1.102500e+02 -2.299664e+00
         vertex 1.296978e+02 -1.102500e+02 -2.530697e+00
      endloop
   endfacet
   facet normal 0.000000e+00 1.000000e+00 0.000000e+00
      outer loop
         vertex -1.296856e+02 -1.102500e+02 -2.479055e+00
         vertex -1.296054e+02 -1.102500e+02 -2.223543e+00
         vertex -1.255074e+02 -1.102500e+02 0.000000e+00
      endloop
   endfacet
   facet normal 0.000000e+00 1.000000e+00 0.000000e+00
      outer loop
         vertex -1.255074e+02 -1.102500e+02 0.000000e+00
         vertex -1.296054e+02 -1.102500e+02 -2.223543e+00
         vertex -1.294941e+02 -1.102500e+02 -1.973940e+00
      endloop
   endfacet
   facet normal 0.000000e+00 1.000000e+00 0.000000e+00
      outer loop
         vertex -1.255074e+02 -1.102500e+02 0.000000e+00
         vertex -1.294941e+02 -1.102500e+02 -1.973940e+00
         vertex -1.293525e+02 -1.102500e+02 -1.732145e+00
      endloop
   endfacet
   facet normal -0.000000e+00 1.000000e+00 0.000000e+00
      outer loop
         vertex -1.282345e+02 -1.102500e+02 -7.018667e-01
         vertex -1.276287e+02 -1.102500e+02 -4.019238e-01
         vertex -1.287574e+02 -1.102500e+02 -1.071637e+00
      endloop
   endfacet
   facet normal 0.000000e+00 1.000000e+00 0.000000e+00
      outer loop
         vertex -1.287574e+02 -1.102500e+02 -1.071637e+00
         vertex -1.276287e+02 -1.102500e+02 -4.019238e-01
         vertex -1.269584e+02 -1.102500e+02 -1.809221e-01
      endloop
   endfacet
   facet normal 0.000000e+00 1.000000e+00 0.000000e+00
      outer loop
         vertex -1.287574e+02 -1.102500e+02 -1.071637e+00
         vertex -1.269584e+02 -1.102500e+02 -1.809221e-01
         vertex -1.262441e+02 -1.102500e+02 -4.557674e-02
      endloop
   endfacet
   facet normal 0.000000e+00 1.000000e+00 0.000000e+00
      outer loop
         vertex 1.296978e+02 -1.102500e+02 -2.530697e+00
         vertex 1.297369e+02 -1.102500e+02 -2.764623e+00
         vertex 1.255074e+02 -1.102500e+02 0.000000e+00
      endloop
   endfacet
   facet normal 0.000000e+00 1.000000e+00 0.000000e+00
      outer loop
         vertex 1.255074e+02 -1.102500e+02 0.000000e+00
         vertex 1.297369e+02 -1.102500e+02 -2.764623e+00
         vertex 1.297500e+02 -1.102500e+02 -3.000000e+00
      endloop
   endfacet
   facet normal 0.000000e+00 1.000000e+00 0.000000e+00
      outer loop
         vertex 1.255074e+02 -1.102500e+02 0.000000e+00
         vertex 1.297500e+02 -1.102500e+02 -3.000000e+00
         vertex -1.255074e+02 -1.102500e+02 0.000000e+00
      endloop
   endfacet
   facet normal 0.000000e+00 1.000000e+00 -0.000000e+00
      outer loop
         vertex 1.297500e+02 -1.102500e+02 -1.350000e+01
         vertex -1.297500e+02 -1.102500e+02 -1.350000e+01
         vertex 1.297500e+02 -1.102500e+02 -3.000000e+00
      endloop
   endfacet
   facet normal 0.000000e+00 1.000000e+00 0.000000e+00
      outer loop
         vertex 1.297500e+02 -1.102500e+02 -3.000000e+00
         vertex -1.297500e+02 -1.102500e+02 -1.350000e+01
         vertex -1.297500e+02 -1.102500e+02 -3.000000e+00
      endloop
   endfacet
   facet normal 0.000000e+00 1.000000e+00 0.000000e+00
      outer loop
         vertex 1.297500e+02 -1.102500e+02 -3.000000e+00
         vertex -1.297500e+02 -1.102500e+02 -3.000000e+00
         vertex -1.255074e+02 -1.102500e+02 0.000000e+00
      endloop
   endfacet
   facet normal 0.000000e+00 1.000000e+00 0.000000e+00
      outer loop
         vertex -1.255074e+02 -1.102500e+02 0.000000e+00
         vertex -1.297500e+02 -1.102500e+02 -3.000000e+00
         vertex -1.297339e+02 -1.102500e+02 -2.738533e+00
      endloop
   endfacet
   facet normal 0.000000e+00 1.000000e+00 0.000000e+00
      outer loop
         vertex -1.255074e+02 -1.102500e+02 0.000000e+00
         vertex -1.297339e+02 -1.102500e+02 -2.738533e+00
         vertex -1.296856e+02 -1.102500e+02 -2.479055e+00
      endloop
   endfacet
endsolid