solid erowa_er-115308
   facet normal -1.166612e-01 -9.835643e-01 1.378092e-01
      outer loop
         vertex -8.919714e+00 -7.346046e+01 -2.938000e+01
         vertex -8.514554e+00 -7.350852e+01 -2.938000e+01
         vertex -1.176004e+01 -7.305957e+01 -2.892327e+01
      endloop
   endfacet
   facet normal -4.527218e-01 -8.916518e-01 0.000000e+00
      outer loop
         vertex -3.246152e+01 -6.650000e+01 -1.250000e+01
         vertex -3.246152e+01 -6.650000e+01 -3.000000e+00
         vertex -3.453300e+01 -6.544824e+01 -3.000000e+00
      endloop
   endfacet
   facet normal -4.511446e-01 -8.924508e-01 4.323710e-04
      outer loop
         vertex -3.246152e+01 -6.650000e+01 -1.250000e+01
         vertex -3.453300e+01 -6.544824e+01 -3.000000e+00
         vertex -3.430117e+01 -6.557003e+01 -1.250000e+01
      endloop
   endfacet
   facet normal -5.003826e-01 -8.658037e-01 -1.110813e-03
      outer loop
         vertex -3.430117e+01 -6.557003e+01 -1.250000e+01
         vertex -3.453300e+01 -6.544824e+01 -3.000000e+00
         vertex -3.946869e+01 -6.259570e+01 -3.000000e+00
      endloop
   endfacet
   facet normal -4.988498e-01 -8.666885e-01 0.000000e+00
      outer loop
         vertex -3.430117e+01 -6.557003e+01 -1.250000e+01
         vertex -3.946869e+01 -6.259570e+01 -3.000000e+00
         vertex -3.946869e+01 -6.259570e+01 -1.250000e+01
      endloop
   endfacet
   facet normal -5.348074e-01 -8.449740e-01 0.000000e+00
      outer loop
         vertex -3.946869e+01 -6.259570e+01 -1.250000e+01
         vertex -3.946869e+01 -6.259570e+01 -3.000000e+00
         vertex -3.968327e+01 -6.245989e+01 -3.000000e+00
      endloop
   endfacet
   facet normal -5.670050e-01 -8.237137e-01 -1.031167e-03
      outer loop
         vertex -3.946869e+01 -6.259570e+01 -1.250000e+01
         vertex -3.968327e+01 -6.245989e+01 -3.000000e+00
         vertex -4.437999e+01 -5.921500e+01 -1.250000e+01
      endloop
   endfacet
   facet normal -5.684180e-01 -8.227399e-01 0.000000e+00
      outer loop
         vertex -3.968327e+01 -6.245989e+01 -3.000000e+00
         vertex -4.437999e+01 -5.921500e+01 -3.000000e+00
         vertex -4.437999e+01 -5.921500e+01 -1.250000e+01
      endloop
   endfacet
   facet normal -6.010583e-01 -7.992052e-01 0.000000e+00
      outer loop
         vertex -4.437999e+01 -5.921500e+01 -1.250000e+01
         vertex -4.437999e+01 -5.921500e+01 -3.000000e+00
         vertex -4.457660e+01 -5.906714e+01 -3.000000e+00
      endloop
   endfacet
   facet normal -6.314795e-01 -7.753920e-01 -1.000234e-03
      outer loop
         vertex -4.437999e+01 -5.921500e+01 -1.250000e+01
         vertex -4.457660e+01 -5.906714e+01 -3.000000e+00
         vertex -4.900317e+01 -5.544988e+01 -1.250000e+01
      endloop
   endfacet
   facet normal -6.327678e-01 -7.743416e-01 0.000000e+00
      outer loop
         vertex -4.457660e+01 -5.906714e+01 -3.000000e+00
         vertex -4.900317e+01 -5.544988e+01 -3.000000e+00
         vertex -4.900317e+01 -5.544988e+01 -1.250000e+01
      endloop
   endfacet
   facet normal -6.634115e-01 -7.482548e-01 0.000000e+00
      outer loop
         vertex -4.900317e+01 -5.544988e+01 -1.250000e+01
         vertex -4.900317e+01 -5.544988e+01 -3.000000e+00
         vertex -4.918131e+01 -5.529194e+01 -3.000000e+00
      endloop
   endfacet
   facet normal -6.918549e-01 -7.220359e-01 -9.692371e-04
      outer loop
         vertex -4.900317e+01 -5.544988e+01 -1.250000e+01
         vertex -4.918131e+01 -5.529194e+01 -3.000000e+00
         vertex -5.330823e+01 -5.132478e+01 -1.250000e+01
      endloop
   endfacet
   facet normal -6.930158e-01 -7.209224e-01 0.000000e+00
      outer loop
         vertex -4.918131e+01 -5.529194e+01 -3.000000e+00
         vertex -5.330823e+01 -5.132478e+01 -3.000000e+00
         vertex -5.330823e+01 -5.132478e+01 -1.250000e+01
      endloop
   endfacet
   facet normal -7.214540e-01 -6.924624e-01 0.000000e+00
      outer loop
         vertex -5.330823e+01 -5.132478e+01 -1.250000e+01
         vertex -5.330823e+01 -5.132478e+01 -3.000000e+00
         vertex -5.346759e+01 -5.115874e+01 -3.000000e+00
      endloop
   endfacet
   facet normal -7.477378e-01 -6.639935e-01 -9.384605e-04
      outer loop
         vertex -5.330823e+01 -5.132478e+01 -1.250000e+01
         vertex -5.346759e+01 -5.115874e+01 -3.000000e+00
         vertex -5.726721e+01 -4.686648e+01 -1.250000e+01
      endloop
   endfacet
   facet normal -7.487699e-01 -6.628300e-01 0.000000e+00
      outer loop
         vertex -5.346759e+01 -5.115874e+01 -3.000000e+00
         vertex -5.726721e+01 -4.686648e+01 -3.000000e+00
         vertex -5.726721e+01 -4.686648e+01 -1.250000e+01
      endloop
   endfacet
   facet normal -7.748365e-01 -6.321617e-01 0.000000e+00
      outer loop
         vertex -5.726721e+01 -4.686648e+01 -1.250000e+01
         vertex -5.726721e+01 -4.686648e+01 -3.000000e+00
         vertex -5.740767e+01 -4.669431e+01 -3.000000e+00
      endloop
   endfacet
   facet normal -7.987673e-01 -6.016395e-01 -9.069901e-04
      outer loop
         vertex -5.726721e+01 -4.686648e+01 -1.250000e+01
         vertex -5.740767e+01 -4.669431e+01 -3.000000e+00
         vertex -6.085441e+01 -4.210392e+01 -1.250000e+01
      endloop
   endfacet
   facet normal -7.996698e-01 -6.004401e-01 0.000000e+00
      outer loop
         vertex -5.740767e+01 -4.669431e+01 -3.000000e+00
         vertex -6.085441e+01 -4.210392e+01 -3.000000e+00
         vertex -6.085441e+01 -4.210392e+01 -1.250000e+01
      endloop
   endfacet
   facet normal -8.231836e-01 -5.677752e-01 0.000000e+00
      outer loop
         vertex -6.085441e+01 -4.210392e+01 -1.250000e+01
         vertex -6.085441e+01 -4.210392e+01 -3.000000e+00
         vertex -6.097607e+01 -4.192755e+01 -3.000000e+00
      endloop
   endfacet
   facet normal -8.446107e-01 -5.353802e-01 -8.758336e-04
      outer loop
         vertex -6.085441e+01 -4.210392e+01 -1.250000e+01
         vertex -6.097607e+01 -4.192755e+01 -3.000000e+00
         vertex -6.404655e+01 -3.706803e+01 -1.250000e+01
      endloop
   endfacet
   facet normal -8.453851e-01 -5.341573e-01 0.000000e+00
      outer loop
         vertex -6.097607e+01 -4.192755e+01 -3.000000e+00
         vertex -6.404655e+01 -3.706803e+01 -3.000000e+00
         vertex -6.404655e+01 -3.706803e+01 -1.250000e+01
      endloop
   endfacet
   facet normal -8.661958e-01 -4.997047e-01 0.000000e+00
      outer loop
         vertex -6.404655e+01 -3.706803e+01 -1.250000e+01
         vertex -6.404655e+01 -3.706803e+01 -3.000000e+00
         vertex -6.414966e+01 -3.688931e+01 -3.000000e+00
      endloop
   endfacet
   facet normal -8.849711e-01 -4.656453e-01 -8.445009e-04
      outer loop
         vertex -6.404655e+01 -3.706803e+01 -1.250000e+01
         vertex -6.414966e+01 -3.688931e+01 -3.000000e+00
         vertex -6.682291e+01 -3.179150e+01 -1.250000e+01
      endloop
   endfacet
   facet normal -8.856195e-01 -4.644115e-01 0.000000e+00
      outer loop
         vertex -6.414966e+01 -3.688931e+01 -3.000000e+00
         vertex -6.682291e+01 -3.179150e+01 -3.000000e+00
         vertex -6.682291e+01 -3.179150e+01 -1.250000e+01
      endloop
   endfacet
   facet normal -9.035936e-01 -4.283906e-01 0.000000e+00
      outer loop
         vertex -6.682291e+01 -3.179150e+01 -1.250000e+01
         vertex -6.682291e+01 -3.179150e+01 -3.000000e+00
         vertex -6.690790e+01 -3.161223e+01 -3.000000e+00
      endloop
   endfacet
   facet normal -9.195867e-01 -3.928863e-01 -8.130432e-04
      outer loop
         vertex -6.682291e+01 -3.179150e+01 -1.250000e+01
         vertex -6.690790e+01 -3.161223e+01 -3.000000e+00
         vertex -6.916545e+01 -2.630857e+01 -1.250000e+01
      endloop
   endfacet
   facet normal -9.201127e-01 -3.916538e-01 0.000000e+00
      outer loop
         vertex -6.690790e+01 -3.161223e+01 -3.000000e+00
         vertex -6.916545e+01 -2.630857e+01 -3.000000e+00
         vertex -6.916545e+01 -2.630857e+01 -1.250000e+01
      endloop
   endfacet
   facet normal -9.351289e-01 -3.543078e-01 0.000000e+00
      outer loop
         vertex -6.916545e+01 -2.630857e+01 -1.250000e+01
         vertex -6.916545e+01 -2.630857e+01 -3.000000e+00
         vertex -6.923293e+01 -2.613047e+01 -3.000000e+00
      endloop
   endfacet
   facet normal -9.482319e-01 -3.175779e-01 -7.816645e-04
      outer loop
         vertex -6.916545e+01 -2.630857e+01 -1.250000e+01
         vertex -6.923293e+01 -2.613047e+01 -3.000000e+00
         vertex -7.105897e+01 -2.065485e+01 -1.250000e+01
      endloop
   endfacet
   facet normal -9.486400e-01 -3.163578e-01 0.000000e+00
      outer loop
         vertex -6.923293e+01 -2.613047e+01 -3.000000e+00
         vertex -7.105897e+01 -2.065485e+01 -3.000000e+00
         vertex -7.105897e+01 -2.065485e+01 -1.250000e+01
      endloop
   endfacet
   facet normal -9.605958e-01 -2.779490e-01 0.000000e+00
      outer loop
         vertex -7.105897e+01 -2.065485e+01 -1.250000e+01
         vertex -7.105897e+01 -2.065485e+01 -3.000000e+00
         vertex -7.110970e+01 -2.047952e+01 -3.000000e+00
      endloop
   endfacet
   facet normal -9.707212e-01 -2.402078e-01 -7.506032e-04
      outer loop
         vertex -7.105897e+01 -2.065485e+01 -1.250000e+01
         vertex -7.110970e+01 -2.047952e+01 -3.000000e+00
         vertex -7.249118e+01 -1.486704e+01 -1.250000e+01
      endloop
   endfacet
   facet normal -9.710171e-01 -2.390101e-01 0.000000e+00
      outer loop
         vertex -7.110970e+01 -2.047952e+01 -3.000000e+00
         vertex -7.249118e+01 -1.486704e+01 -3.000000e+00
         vertex -7.249118e+01 -1.486704e+01 -1.250000e+01
      endloop
   endfacet
   facet normal -9.798435e-01 -1.997669e-01 0.000000e+00
      outer loop
         vertex -7.249118e+01 -1.486704e+01 -1.250000e+01
         vertex -7.249118e+01 -1.486704e+01 -3.000000e+00
         vertex -7.252605e+01 -1.469598e+01 -3.000000e+00
      endloop
   endfacet
   facet normal -9.869087e-01 -1.612781e-01 -7.189996e-04
      outer loop
         vertex -7.249118e+01 -1.486704e+01 -1.250000e+01
         vertex -7.252605e+01 -1.469598e+01 -3.000000e+00
         vertex -7.345278e+01 -8.982717e+00 -1.250000e+01
      endloop
   endfacet
   facet normal -9.870986e-01 -1.601134e-01 0.000000e+00
      outer loop
         vertex -7.252605e+01 -1.469598e+01 -3.000000e+00
         vertex -7.345278e+01 -8.982717e+00 -3.000000e+00
         vertex -7.345278e+01 -8.982717e+00 -1.250000e+01
      endloop
   endfacet
   facet normal -9.927417e-01 -1.202659e-01 0.000000e+00
      outer loop
         vertex -7.345278e+01 -8.982717e+00 -1.250000e+01
         vertex -7.345278e+01 -8.982717e+00 -3.000000e+00
         vertex -7.347282e+01 -8.817279e+00 -3.000000e+00
      endloop
   endfacet
   facet normal -9.966893e-01 -8.130137e-02 -6.868790e-04
      outer loop
         vertex -7.345278e+01 -8.982717e+00 -1.250000e+01
         vertex -7.347282e+01 -8.817279e+00 -3.000000e+00
         vertex -7.393753e+01 -3.040076e+00 -1.250000e+01
      endloop
   endfacet
   facet normal -9.967805e-01 -8.017920e-02 0.000000e+00
      outer loop
         vertex -7.347282e+01 -8.817279e+00 -3.000000e+00
         vertex -7.393753e+01 -3.040076e+00 -3.000000e+00
         vertex -7.393753e+01 -3.040076e+00 -1.250000e+01
      endloop
   endfacet
   facet normal -9.991998e-01 -3.999616e-02 0.000000e+00
      outer loop
         vertex -7.393753e+01 -3.040076e+00 -1.250000e+01
         vertex -7.393753e+01 -3.040076e+00 -3.000000e+00
         vertex -7.394388e+01 -2.881491e+00 -3.000000e+00
      endloop
   endfacet
   facet normal -9.999995e-01 -7.959942e-04 -6.549114e-04
      outer loop
         vertex -7.393753e+01 -3.040076e+00 -1.250000e+01
         vertex -7.394388e+01 -2.881491e+00 -3.000000e+00
         vertex -7.394227e+01 2.922301e+00 -1.250000e+01
      endloop
   endfacet
   facet normal -1.000000e+00 2.760049e-04 0.000000e+00
      outer loop
         vertex -7.394388e+01 -2.881491e+00 -3.000000e+00
         vertex -7.394227e+01 2.922301e+00 -3.000000e+00
         vertex -7.394227e+01 2.922301e+00 -1.250000e+01
      endloop
   endfacet
   facet normal -9.991787e-01 4.051985e-02 0.000000e+00
      outer loop
         vertex -7.394227e+01 2.922301e+00 -1.250000e+01
         vertex -7.394227e+01 2.922301e+00 -3.000000e+00
         vertex -7.393616e+01 3.072954e+00 -3.000000e+00
      endloop
   endfacet
   facet normal -9.968177e-01 7.971313e-02 -6.230559e-04
      outer loop
         vertex -7.394227e+01 2.922301e+00 -1.250000e+01
         vertex -7.393616e+01 3.072954e+00 -3.000000e+00
         vertex -7.346699e+01 8.865707e+00 -1.250000e+01
      endloop
   endfacet
   facet normal -9.967361e-01 8.072833e-02 0.000000e+00
      outer loop
         vertex -7.393616e+01 3.072954e+00 -3.000000e+00
         vertex -7.346699e+01 8.865707e+00 -3.000000e+00
         vertex -7.346699e+01 8.865707e+00 -1.250000e+01
      endloop
   endfacet
   facet normal -9.926829e-01 1.207504e-01 0.000000e+00
      outer loop
         vertex -7.346699e+01 8.865707e+00 -1.250000e+01
         vertex -7.346699e+01 8.865707e+00 -3.000000e+00
         vertex -7.344975e+01 9.007502e+00 -3.000000e+00
      endloop
   endfacet
   facet normal -9.871644e-01 1.597062e-01 -5.914681e-04
      outer loop
         vertex -7.346699e+01 8.865707e+00 -1.250000e+01
         vertex -7.344975e+01 9.007502e+00 -3.000000e+00
         vertex -7.251476e+01 1.475156e+01 -1.250000e+01
      endloop
   endfacet
   facet normal -9.870099e-01 1.606592e-01 0.000000e+00
      outer loop
         vertex -7.344975e+01 9.007502e+00 -3.000000e+00
         vertex -7.251476e+01 1.475156e+01 -3.000000e+00
         vertex -7.251476e+01 1.475156e+01 -1.250000e+01
      endloop
   endfacet
   facet normal -9.797543e-01 2.002035e-01 0.000000e+00
      outer loop
         vertex -7.251476e+01 1.475156e+01 -1.250000e+01
         vertex -7.251476e+01 1.475156e+01 -3.000000e+00
         vertex -7.248776e+01 1.488373e+01 -3.000000e+00
      endloop
   endfacet
   facet normal -9.711028e-01 2.386608e-01 -5.596524e-04
      outer loop
         vertex -7.251476e+01 1.475156e+01 -1.250000e+01
         vertex -7.248776e+01 1.488373e+01 -3.000000e+00
         vertex -7.109178e+01 2.054164e+01 -1.250000e+01
      endloop
   endfacet
   facet normal -9.708848e-01 2.395467e-01 0.000000e+00
      outer loop
         vertex -7.248776e+01 1.488373e+01 -3.000000e+00
         vertex -7.109178e+01 2.054164e+01 -3.000000e+00
         vertex -7.109178e+01 2.054164e+01 -1.250000e+01
      endloop
   endfacet
   facet normal -9.604550e-01 2.784353e-01 0.000000e+00
      outer loop
         vertex -7.109178e+01 2.054164e+01 -1.250000e+01
         vertex -7.109178e+01 2.054164e+01 -3.000000e+00
         vertex -7.105643e+01 2.066359e+01 -3.000000e+00
      endloop
   endfacet
   facet normal -9.487367e-01 3.160672e-01 -5.266800e-04
      outer loop
         vertex -7.109178e+01 2.054164e+01 -1.250000e+01
         vertex -7.105643e+01 2.066359e+01 -3.000000e+00
         vertex -6.920727e+01 2.619837e+01 -1.250000e+01
      endloop
   endfacet
   facet normal -9.484654e-01 3.168806e-01 0.000000e+00
      outer loop
         vertex -7.105643e+01 2.066359e+01 -3.000000e+00
         vertex -6.920727e+01 2.619837e+01 -3.000000e+00
         vertex -6.920727e+01 2.619837e+01 -1.250000e+01
      endloop
   endfacet
   facet normal -9.349530e-01 3.547717e-01 0.000000e+00
      outer loop
         vertex -6.920727e+01 2.619837e+01 -1.250000e+01
         vertex -6.920727e+01 2.619837e+01 -3.000000e+00
         vertex -6.916504e+01 2.630966e+01 -3.000000e+00
      endloop
   endfacet
   facet normal -9.202113e-01 3.914218e-01 -4.948811e-04
      outer loop
         vertex -6.920727e+01 2.619837e+01 -1.250000e+01
         vertex -6.916504e+01 2.630966e+01 -3.000000e+00
         vertex -6.687346e+01 3.168502e+01 -1.250000e+01
      endloop
   endfacet
   facet normal -9.198962e-01 3.921620e-01 0.000000e+00
      outer loop
         vertex -6.916504e+01 2.630966e+01 -3.000000e+00
         vertex -6.687346e+01 3.168502e+01 -3.000000e+00
         vertex -6.687346e+01 3.168502e+01 -1.250000e+01
      endloop
   endfacet
   facet normal -9.033681e-01 4.288660e-01 0.000000e+00
      outer loop
         vertex -6.687346e+01 3.168502e+01 -1.250000e+01
         vertex -6.687346e+01 3.168502e+01 -3.000000e+00
         vertex -6.682581e+01 3.178538e+01 -3.000000e+00
      endloop
   endfacet
   facet normal -8.857122e-01 4.642345e-01 -4.622041e-04
      outer loop
         vertex -6.687346e+01 3.168502e+01 -1.250000e+01
         vertex -6.682581e+01 3.178538e+01 -3.000000e+00
         vertex -6.410552e+01 3.696597e+01 -1.250000e+01
      endloop
   endfacet
   facet normal -8.853637e-01 4.648991e-01 0.000000e+00
      outer loop
         vertex -6.682581e+01 3.178538e+01 -3.000000e+00
         vertex -6.410552e+01 3.696597e+01 -3.000000e+00
         vertex -6.410552e+01 3.696597e+01 -1.250000e+01
      endloop
   endfacet
   facet normal -8.659450e-01 5.001392e-01 0.000000e+00
      outer loop
         vertex -6.410552e+01 3.696597e+01 -1.250000e+01
         vertex -6.410552e+01 3.696597e+01 -3.000000e+00
         vertex -6.405392e+01 3.705530e+01 -3.000000e+00
      endloop
   endfacet
   facet normal -8.454625e-01 5.340345e-01 -4.299739e-04
      outer loop
         vertex -6.410552e+01 3.696597e+01 -1.250000e+01
         vertex -6.405392e+01 3.705530e+01 -3.000000e+00
         vertex -6.092140e+01 4.200694e+01 -1.250000e+01
      endloop
   endfacet
   facet normal -8.450901e-01 5.346239e-01 0.000000e+00
      outer loop
         vertex -6.405392e+01 3.705530e+01 -3.000000e+00
         vertex -6.092140e+01 4.200694e+01 -3.000000e+00
         vertex -6.092140e+01 4.200694e+01 -1.250000e+01
      endloop
   endfacet
   facet normal -8.228999e-01 5.681863e-01 0.000000e+00
      outer loop
         vertex -6.092140e+01 4.200694e+01 -1.250000e+01
         vertex -6.092140e+01 4.200694e+01 -3.000000e+00
         vertex -6.086729e+01 4.208530e+01 -3.000000e+00
      endloop
   endfacet
   facet normal -7.997247e-01 6.003668e-01 -3.974350e-04
      outer loop
         vertex -6.092140e+01 4.200694e+01 -1.250000e+01
         vertex -6.086729e+01 4.208530e+01 -3.000000e+00
         vertex -5.734179e+01 4.677520e+01 -1.250000e+01
      endloop
   endfacet
   facet normal -7.993382e-01 6.008813e-01 0.000000e+00
      outer loop
         vertex -6.086729e+01 4.208530e+01 -3.000000e+00
         vertex -5.734179e+01 4.677520e+01 -3.000000e+00
         vertex -5.734179e+01 4.677520e+01 -1.250000e+01
      endloop
   endfacet
   facet normal -7.745255e-01 6.325427e-01 0.000000e+00
      outer loop
         vertex -5.734179e+01 4.677520e+01 -1.250000e+01
         vertex -5.734179e+01 4.677520e+01 -3.000000e+00
         vertex -5.728657e+01 4.684281e+01 -3.000000e+00
      endloop
   endfacet
   facet normal -7.487951e-01 6.628015e-01 -3.648992e-04
      outer loop
         vertex -5.734179e+01 4.677520e+01 -1.250000e+01
         vertex -5.728657e+01 4.684281e+01 -3.000000e+00
         vertex -5.338991e+01 5.123980e+01 -1.250000e+01
      endloop
   endfacet
   facet normal -7.484039e-01 6.632432e-01 0.000000e+00
      outer loop
         vertex -5.728657e+01 4.684281e+01 -3.000000e+00
         vertex -5.338991e+01 5.123980e+01 -3.000000e+00
         vertex -5.338991e+01 5.123980e+01 -1.250000e+01
      endloop
   endfacet
   facet normal -7.210955e-01 6.928357e-01 0.000000e+00
      outer loop
         vertex -5.338991e+01 5.123980e+01 -1.250000e+01
         vertex -5.338991e+01 5.123980e+01 -3.000000e+00
         vertex -5.333493e+01 5.129702e+01 -3.000000e+00
      endloop
   endfacet
   facet normal -6.930039e-01 7.209337e-01 -3.318322e-04
      outer loop
         vertex -5.338991e+01 5.123980e+01 -1.250000e+01
         vertex -5.333493e+01 5.129702e+01 -3.000000e+00
         vertex -4.909143e+01 5.537175e+01 -1.250000e+01
      endloop
   endfacet
   facet normal -6.926176e-01 7.213050e-01 0.000000e+00
      outer loop
         vertex -5.333493e+01 5.129702e+01 -3.000000e+00
         vertex -4.909143e+01 5.537175e+01 -3.000000e+00
         vertex -4.909143e+01 5.537175e+01 -1.250000e+01
      endloop
   endfacet
   facet normal -6.630678e-01 7.485593e-01 0.000000e+00
      outer loop
         vertex -4.909143e+01 5.537175e+01 -1.250000e+01
         vertex -4.909143e+01 5.537175e+01 -3.000000e+00
         vertex -4.903797e+01 5.541911e+01 -3.000000e+00
      endloop
   endfacet
   facet normal -6.327144e-01 7.743852e-01 -2.995525e-04
      outer loop
         vertex -4.909143e+01 5.537175e+01 -1.250000e+01
         vertex -4.903797e+01 5.541911e+01 -3.000000e+00
         vertex -4.447426e+01 5.914424e+01 -1.250000e+01
      endloop
   endfacet
   facet normal -6.323403e-01 7.746908e-01 0.000000e+00
      outer loop
         vertex -4.903797e+01 5.541911e+01 -3.000000e+00
         vertex -4.447426e+01 5.914424e+01 -3.000000e+00
         vertex -4.447426e+01 5.914424e+01 -1.250000e+01
      endloop
   endfacet
   facet normal -6.006476e-01 7.995139e-01 0.000000e+00
      outer loop
         vertex -4.447426e+01 5.914424e+01 -1.250000e+01
         vertex -4.447426e+01 5.914424e+01 -3.000000e+00
         vertex -4.442350e+01 5.918237e+01 -3.000000e+00
      endloop
   endfacet
   facet normal -5.683163e-01 8.228102e-01 -2.662507e-04
      outer loop
         vertex -4.447426e+01 5.914424e+01 -1.250000e+01
         vertex -4.442350e+01 5.918237e+01 -3.000000e+00
         vertex -3.956835e+01 6.253275e+01 -1.250000e+01
      endloop
   endfacet
   facet normal -5.679634e-01 8.230538e-01 0.000000e+00
      outer loop
         vertex -4.442350e+01 5.918237e+01 -3.000000e+00
         vertex -3.956835e+01 6.253275e+01 -3.000000e+00
         vertex -3.956835e+01 6.253275e+01 -1.250000e+01
      endloop
   endfacet
   facet normal -5.344824e-01 8.451796e-01 0.000000e+00
      outer loop
         vertex -3.956835e+01 6.253275e+01 -1.250000e+01
         vertex -3.956835e+01 6.253275e+01 -3.000000e+00
         vertex -3.952140e+01 6.256244e+01 -3.000000e+00
      endloop
   endfacet
   facet normal -5.002304e-01 8.658923e-01 -2.340098e-04
      outer loop
         vertex -3.956835e+01 6.253275e+01 -1.250000e+01
         vertex -3.952140e+01 6.256244e+01 -3.000000e+00
         vertex -3.440557e+01 6.551532e+01 -1.250000e+01
      endloop
   endfacet
   facet normal -4.999045e-01 8.660805e-01 0.000000e+00
      outer loop
         vertex -3.952140e+01 6.256244e+01 -3.000000e+00
         vertex -3.440557e+01 6.551532e+01 -3.000000e+00
         vertex -3.440557e+01 6.551532e+01 -1.250000e+01
      endloop
   endfacet
   facet normal -4.645916e-01 8.855251e-01 0.000000e+00
      outer loop
         vertex -3.440557e+01 6.551532e+01 -1.250000e+01
         vertex -3.440557e+01 6.551532e+01 -3.000000e+00
         vertex -3.436341e+01 6.553744e+01 -3.000000e+00
      endloop
   endfacet
   facet normal -4.518539e-01 8.920920e-01 -7.182343e-05
      outer loop
         vertex -3.440557e+01 6.551532e+01 -1.250000e+01
         vertex -3.436341e+01 6.553744e+01 -3.000000e+00
         vertex -3.246152e+01 6.650000e+01 -1.250000e+01
      endloop
   endfacet
   facet normal -4.285987e-01 9.034768e-01 5.737384e-03
      outer loop
         vertex -3.246152e+01 6.650000e+01 -1.250000e+01
         vertex -3.436341e+01 6.553744e+01 -3.000000e+00
         vertex -2.901943e+01 6.807256e+01 -3.000000e+00
      endloop
   endfacet
   facet normal -4.155481e-01 9.095712e-01 0.000000e+00
      outer loop
         vertex -3.246152e+01 6.650000e+01 -1.250000e+01
         vertex -2.901943e+01 6.807256e+01 -3.000000e+00
         vertex -3.246152e+01 6.650000e+01 -2.225000e+01
      endloop
   endfacet
   facet normal -4.825671e-01 8.758590e-01 0.000000e+00
      outer loop
         vertex -3.440557e+01 6.551532e+01 -2.225000e+01
         vertex -3.440557e+01 6.551532e+01 -2.938000e+01
         vertex -3.700000e+01 6.408588e+01 -2.938000e+01
      endloop
   endfacet
   facet normal -5.002127e-01 8.658616e-01 8.425094e-03
      outer loop
         vertex -3.440557e+01 6.551532e+01 -2.225000e+01
         vertex -3.700000e+01 6.408588e+01 -2.938000e+01
         vertex -3.956835e+01 6.253275e+01 -2.225000e+01
      endloop
   endfacet
   facet normal -5.174609e-01 8.557069e-01 0.000000e+00
      outer loop
         vertex -3.700000e+01 6.408588e+01 -2.938000e+01
         vertex -3.956835e+01 6.253275e+01 -2.938000e+01
         vertex -3.956835e+01 6.253275e+01 -2.225000e+01
      endloop
   endfacet
   facet normal -5.514952e-01 8.341781e-01 0.000000e+00
      outer loop
         vertex -3.956835e+01 6.253275e+01 -2.225000e+01
         vertex -3.956835e+01 6.253275e+01 -2.938000e+01
         vertex -4.203679e+01 6.090081e+01 -2.938000e+01
      endloop
   endfacet
   facet normal -5.682961e-01 8.227810e-01 8.425191e-03
      outer loop
         vertex -3.956835e+01 6.253275e+01 -2.225000e+01
         vertex -4.203679e+01 6.090081e+01 -2.938000e+01
         vertex -4.447426e+01 5.914424e+01 -2.225000e+01
      endloop
   endfacet
   facet normal -5.846546e-01 8.112823e-01 0.000000e+00
      outer loop
         vertex -4.203679e+01 6.090081e+01 -2.938000e+01
         vertex -4.447426e+01 5.914424e+01 -2.938000e+01
         vertex -4.447426e+01 5.914424e+01 -2.225000e+01
      endloop
   endfacet
   facet normal -6.168481e-01 7.870823e-01 0.000000e+00
      outer loop
         vertex -4.447426e+01 5.914424e+01 -2.225000e+01
         vertex -4.447426e+01 5.914424e+01 -2.938000e+01
         vertex -4.680096e+01 5.732077e+01 -2.938000e+01
      endloop
   endfacet
   facet normal -6.326920e-01 7.743577e-01 8.424526e-03
      outer loop
         vertex -4.447426e+01 5.914424e+01 -2.225000e+01
         vertex -4.680096e+01 5.732077e+01 -2.938000e+01
         vertex -4.909143e+01 5.537175e+01 -2.225000e+01
      endloop
   endfacet
   facet normal -6.480552e-01 7.615934e-01 0.000000e+00
      outer loop
         vertex -4.680096e+01 5.732077e+01 -2.938000e+01
         vertex -4.909143e+01 5.537175e+01 -2.938000e+01
         vertex -4.909143e+01 5.537175e+01 -2.225000e+01
      endloop
   endfacet
   facet normal -6.781954e-01 7.348816e-01 0.000000e+00
      outer loop
         vertex -4.909143e+01 5.537175e+01 -2.225000e+01
         vertex -4.909143e+01 5.537175e+01 -2.938000e+01
         vertex -5.126160e+01 5.336898e+01 -2.938000e+01
      endloop
   endfacet
   facet normal -6.929794e-01 7.209082e-01 8.424901e-03
      outer loop
         vertex -4.909143e+01 5.537175e+01 -2.225000e+01
         vertex -5.126160e+01 5.336898e+01 -2.938000e+01
         vertex -5.338991e+01 5.123980e+01 -2.225000e+01
      endloop
   endfacet
   facet normal -7.072515e-01 7.069620e-01 0.000000e+00
      outer loop
         vertex -5.126160e+01 5.336898e+01 -2.938000e+01
         vertex -5.338991e+01 5.123980e+01 -2.938000e+01
         vertex -5.338991e+01 5.123980e+01 -2.225000e+01
      endloop
   endfacet
   facet normal -7.351440e-01 6.779109e-01 0.000000e+00
      outer loop
         vertex -5.338991e+01 5.123980e+01 -2.225000e+01
         vertex -5.338991e+01 5.123980e+01 -2.938000e+01
         vertex -5.538980e+01 4.907108e+01 -2.938000e+01
      endloop
   endfacet
   facet normal -7.487686e-01 6.627780e-01 8.424492e-03
      outer loop
         vertex -5.338991e+01 5.123980e+01 -2.225000e+01
         vertex -5.538980e+01 4.907108e+01 -2.938000e+01
         vertex -5.734179e+01 4.677520e+01 -2.225000e+01
      endloop
   endfacet
   facet normal -7.618580e-01 6.477440e-01 0.000000e+00
      outer loop
         vertex -5.538980e+01 4.907108e+01 -2.938000e+01
         vertex -5.734179e+01 4.677520e+01 -2.938000e+01
         vertex -5.734179e+01 4.677520e+01 -2.225000e+01
      endloop
   endfacet
   facet normal -7.873217e-01 6.165424e-01 0.000000e+00
      outer loop
         vertex -5.734179e+01 4.677520e+01 -2.225000e+01
         vertex -5.734179e+01 4.677520e+01 -2.938000e+01
         vertex -5.915876e+01 4.445493e+01 -2.938000e+01
      endloop
   endfacet
   facet normal -7.996964e-01 6.003455e-01 8.424334e-03
      outer loop
         vertex -5.734179e+01 4.677520e+01 -2.225000e+01
         vertex -5.915876e+01 4.445493e+01 -2.938000e+01
         vertex -6.092140e+01 4.200694e+01 -2.225000e+01
      endloop
   endfacet
   facet normal -8.115211e-01 5.843231e-01 0.000000e+00
      outer loop
         vertex -5.915876e+01 4.445493e+01 -2.938000e+01
         vertex -6.092140e+01 4.200694e+01 -2.938000e+01
         vertex -6.092140e+01 4.200694e+01 -2.225000e+01
      endloop
   endfacet
   facet normal -8.343918e-01 5.511718e-01 0.000000e+00
      outer loop
         vertex -6.092140e+01 4.200694e+01 -2.225000e+01
         vertex -6.092140e+01 4.200694e+01 -2.938000e+01
         vertex -6.254406e+01 3.955047e+01 -2.938000e+01
      endloop
   endfacet
   facet normal -8.454326e-01 5.340157e-01 8.423453e-03
      outer loop
         vertex -6.092140e+01 4.200694e+01 -2.225000e+01
         vertex -6.254406e+01 3.955047e+01 -2.938000e+01
         vertex -6.410552e+01 3.696597e+01 -2.225000e+01
      endloop
   endfacet
   facet normal -8.559177e-01 5.171121e-01 0.000000e+00
      outer loop
         vertex -6.254406e+01 3.955047e+01 -2.938000e+01
         vertex -6.410552e+01 3.696597e+01 -2.938000e+01
         vertex -6.410552e+01 3.696597e+01 -2.225000e+01
      endloop
   endfacet
   facet normal -8.760472e-01 4.822254e-01 0.000000e+00
      outer loop
         vertex -6.410552e+01 3.696597e+01 -2.225000e+01
         vertex -6.410552e+01 3.696597e+01 -2.938000e+01
         vertex -6.552374e+01 3.438951e+01 -2.938000e+01
      endloop
   endfacet
   facet normal -8.856809e-01 4.642181e-01 8.423262e-03
      outer loop
         vertex -6.410552e+01 3.696597e+01 -2.225000e+01
         vertex -6.552374e+01 3.438951e+01 -2.938000e+01
         vertex -6.687346e+01 3.168502e+01 -2.225000e+01
      endloop
   endfacet
   facet normal -8.947619e-01 4.465435e-01 0.000000e+00
      outer loop
         vertex -6.552374e+01 3.438951e+01 -2.938000e+01
         vertex -6.687346e+01 3.168502e+01 -2.938000e+01
         vertex -6.687346e+01 3.168502e+01 -2.225000e+01
      endloop
   endfacet
   facet normal -9.120170e-01 4.101524e-01 0.000000e+00
      outer loop
         vertex -6.687346e+01 3.168502e+01 -2.225000e+01
         vertex -6.687346e+01 3.168502e+01 -2.938000e+01
         vertex -6.807848e+01 2.900553e+01 -2.938000e+01
      endloop
   endfacet
   facet normal -9.201787e-01 3.914079e-01 8.423669e-03
      outer loop
         vertex -6.687346e+01 3.168502e+01 -2.225000e+01
         vertex -6.807848e+01 2.900553e+01 -2.938000e+01
         vertex -6.920727e+01 2.619837e+01 -2.225000e+01
      endloop
   endfacet
   facet normal -9.278003e-01 3.730771e-01 0.000000e+00
      outer loop
         vertex -6.807848e+01 2.900553e+01 -2.938000e+01
         vertex -6.920727e+01 2.619837e+01 -2.938000e+01
         vertex -6.920727e+01 2.619837e+01 -2.225000e+01
      endloop
   endfacet
   facet normal -9.420703e-01 3.354155e-01 0.000000e+00
      outer loop
         vertex -6.920727e+01 2.619837e+01 -2.225000e+01
         vertex -6.920727e+01 2.619837e+01 -2.938000e+01
         vertex -7.019170e+01 2.343343e+01 -2.938000e+01
      endloop
   endfacet
   facet normal -9.487031e-01 3.160560e-01 8.423189e-03
      outer loop
         vertex -6.920727e+01 2.619837e+01 -2.225000e+01
         vertex -7.019170e+01 2.343343e+01 -2.938000e+01
         vertex -7.109178e+01 2.054164e+01 -2.225000e+01
      endloop
   endfacet
   facet normal -9.548180e-01 2.971911e-01 0.000000e+00
      outer loop
         vertex -7.019170e+01 2.343343e+01 -2.938000e+01
         vertex -7.109178e+01 2.054164e+01 -2.938000e+01
         vertex -7.109178e+01 2.054164e+01 -2.225000e+01
      endloop
   endfacet
   facet normal -9.660101e-01 2.585041e-01 0.000000e+00
      outer loop
         vertex -7.109178e+01 2.054164e+01 -2.225000e+01
         vertex -7.109178e+01 2.054164e+01 -2.938000e+01
         vertex -7.184970e+01 1.770936e+01 -2.938000e+01
      endloop
   endfacet
   facet normal -9.710685e-01 2.386524e-01 8.423506e-03
      outer loop
         vertex -7.109178e+01 2.054164e+01 -2.225000e+01
         vertex -7.184970e+01 1.770936e+01 -2.938000e+01
         vertex -7.251476e+01 1.475156e+01 -2.225000e+01
      endloop
   endfacet
   facet normal -9.756406e-01 2.193750e-01 0.000000e+00
      outer loop
         vertex -7.184970e+01 1.770936e+01 -2.938000e+01
         vertex -7.251476e+01 1.475156e+01 -2.938000e+01
         vertex -7.251476e+01 1.475156e+01 -2.225000e+01
      endloop
   endfacet
   facet normal -9.836821e-01 1.799155e-01 0.000000e+00
      outer loop
         vertex -7.251476e+01 1.475156e+01 -2.225000e+01
         vertex -7.251476e+01 1.475156e+01 -2.938000e+01
         vertex -7.304172e+01 1.187043e+01 -2.938000e+01
      endloop
   endfacet
   facet normal -9.871296e-01 1.597005e-01 8.423335e-03
      outer loop
         vertex -7.251476e+01 1.475156e+01 -2.225000e+01
         vertex -7.304172e+01 1.187043e+01 -2.938000e+01
         vertex -7.346699e+01 8.865707e+00 -2.225000e+01
      endloop
   endfacet
   facet normal -9.901320e-01 1.401375e-01 0.000000e+00
      outer loop
         vertex -7.304172e+01 1.187043e+01 -2.938000e+01
         vertex -7.346699e+01 8.865707e+00 -2.938000e+01
         vertex -7.346699e+01 8.865707e+00 -2.225000e+01
      endloop
   endfacet
   facet normal -9.949717e-01 1.001562e-01 0.000000e+00
      outer loop
         vertex -7.346699e+01 8.865707e+00 -2.225000e+01
         vertex -7.346699e+01 8.865707e+00 -2.938000e+01
         vertex -7.376004e+01 5.954526e+00 -2.938000e+01
      endloop
   endfacet
   facet normal -9.967825e-01 7.971032e-02 8.422472e-03
      outer loop
         vertex -7.346699e+01 8.865707e+00 -2.225000e+01
         vertex -7.376004e+01 5.954526e+00 -2.938000e+01
         vertex -7.394227e+01 2.922301e+00 -2.225000e+01
      endloop
   endfacet
   facet normal -9.981989e-01 5.999077e-02 0.000000e+00
      outer loop
         vertex -7.376004e+01 5.954526e+00 -2.938000e+01
         vertex -7.394227e+01 2.922301e+00 -2.938000e+01
         vertex -7.394227e+01 2.922301e+00 -2.225000e+01
      endloop
   endfacet
   facet normal -9.998049e-01 1.975014e-02 0.000000e+00
      outer loop
         vertex -7.394227e+01 2.922301e+00 -2.225000e+01
         vertex -7.394227e+01 2.922301e+00 -2.938000e+01
         vertex -7.400000e+01 -8.952542e-14 -2.938000e+01
      endloop
   endfacet
   facet normal -9.999642e-01 -7.959661e-04 8.422313e-03
      outer loop
         vertex -7.394227e+01 2.922301e+00 -2.225000e+01
         vertex -7.400000e+01 -8.952542e-14 -2.938000e+01
         vertex -7.393753e+01 -3.040076e+00 -2.225000e+01
      endloop
   endfacet
   facet normal -9.997889e-01 -2.054551e-02 0.000000e+00
      outer loop
         vertex -7.400000e+01 -8.952542e-14 -2.938000e+01
         vertex -7.393753e+01 -3.040076e+00 -2.938000e+01
         vertex -7.393753e+01 -3.040076e+00 -2.225000e+01
      endloop
   endfacet
   facet normal -9.981508e-01 -6.078661e-02 -0.000000e+00
      outer loop
         vertex -7.393753e+01 -3.040076e+00 -2.225000e+01
         vertex -7.393753e+01 -3.040076e+00 -2.938000e+01
         vertex -7.376004e+01 -5.954526e+00 -2.938000e+01
      endloop
   endfacet
   facet normal -9.966542e-01 -8.129850e-02 8.421671e-03
      outer loop
         vertex -7.393753e+01 -3.040076e+00 -2.225000e+01
         vertex -7.376004e+01 -5.954526e+00 -2.938000e+01
         vertex -7.345278e+01 -8.982717e+00 -2.225000e+01
      endloop
   endfacet
   facet normal -9.948916e-01 -1.009488e-01 0.000000e+00
      outer loop
         vertex -7.376004e+01 -5.954526e+00 -2.938000e+01
         vertex -7.345278e+01 -8.982717e+00 -2.938000e+01
         vertex -7.345278e+01 -8.982717e+00 -2.225000e+01
      endloop
   endfacet
   facet normal -9.900202e-01 -1.409257e-01 -0.000000e+00
      outer loop
         vertex -7.345278e+01 -8.982717e+00 -2.225000e+01
         vertex -7.345278e+01 -8.982717e+00 -2.938000e+01
         vertex -7.304172e+01 -1.187043e+01 -2.938000e+01
      endloop
   endfacet
   facet normal -9.868740e-01 -1.612725e-01 8.421998e-03
      outer loop
         vertex -7.345278e+01 -8.982717e+00 -2.225000e+01
         vertex -7.304172e+01 -1.187043e+01 -2.938000e+01
         vertex -7.249118e+01 -1.486704e+01 -2.225000e+01
      endloop
   endfacet
   facet normal -9.835385e-01 -1.806986e-01 0.000000e+00
      outer loop
         vertex -7.304172e+01 -1.187043e+01 -2.938000e+01
         vertex -7.249118e+01 -1.486704e+01 -2.938000e+01
         vertex -7.249118e+01 -1.486704e+01 -2.225000e+01
      endloop
   endfacet
   facet normal -9.754656e-01 -2.201520e-01 -0.000000e+00
      outer loop
         vertex -7.249118e+01 -1.486704e+01 -2.225000e+01
         vertex -7.249118e+01 -1.486704e+01 -2.938000e+01
         vertex -7.184970e+01 -1.770936e+01 -2.938000e+01
      endloop
   endfacet
   facet normal -9.706870e-01 -2.401994e-01 8.421625e-03
      outer loop
         vertex -7.249118e+01 -1.486704e+01 -2.225000e+01
         vertex -7.184970e+01 -1.770936e+01 -2.938000e+01
         vertex -7.105897e+01 -2.065485e+01 -2.225000e+01
      endloop
   endfacet
   facet normal -9.658038e-01 -2.592742e-01 0.000000e+00
      outer loop
         vertex -7.184970e+01 -1.770936e+01 -2.938000e+01
         vertex -7.105897e+01 -2.065485e+01 -2.938000e+01
         vertex -7.105897e+01 -2.065485e+01 -2.225000e+01
      endloop
   endfacet
   facet normal -9.545813e-01 -2.979506e-01 -0.000000e+00
      outer loop
         vertex -7.105897e+01 -2.065485e+01 -2.225000e+01
         vertex -7.105897e+01 -2.065485e+01 -2.938000e+01
         vertex -7.019170e+01 -2.343343e+01 -2.938000e+01
      endloop
   endfacet
   facet normal -9.481985e-01 -3.175667e-01 8.420827e-03
      outer loop
         vertex -7.105897e+01 -2.065485e+01 -2.225000e+01
         vertex -7.019170e+01 -2.343343e+01 -2.938000e+01
         vertex -6.916545e+01 -2.630857e+01 -2.225000e+01
      endloop
   endfacet
   facet normal -9.418026e-01 -3.361664e-01 0.000000e+00
      outer loop
         vertex -7.019170e+01 -2.343343e+01 -2.938000e+01
         vertex -6.916545e+01 -2.630857e+01 -2.938000e+01
         vertex -6.916545e+01 -2.630857e+01 -2.225000e+01
      endloop
   endfacet
   facet normal -9.275032e-01 -3.738152e-01 -0.000000e+00
      outer loop
         vertex -6.916545e+01 -2.630857e+01 -2.225000e+01
         vertex -6.916545e+01 -2.630857e+01 -2.938000e+01
         vertex -6.807848e+01 -2.900553e+01 -2.938000e+01
      endloop
   endfacet
   facet normal -9.195544e-01 -3.928725e-01 8.420290e-03
      outer loop
         vertex -6.916545e+01 -2.630857e+01 -2.225000e+01
         vertex -6.807848e+01 -2.900553e+01 -2.938000e+01
         vertex -6.682291e+01 -3.179150e+01 -2.225000e+01
      endloop
   endfacet
   facet normal -9.116904e-01 -4.108780e-01 0.000000e+00
      outer loop
         vertex -6.807848e+01 -2.900553e+01 -2.938000e+01
         vertex -6.682291e+01 -3.179150e+01 -2.938000e+01
         vertex -6.682291e+01 -3.179150e+01 -2.225000e+01
      endloop
   endfacet
   facet normal -8.944056e-01 -4.472567e-01 -0.000000e+00
      outer loop
         vertex -6.682291e+01 -3.179150e+01 -2.225000e+01
         vertex -6.682291e+01 -3.179150e+01 -2.938000e+01
         vertex -6.552374e+01 -3.438951e+01 -2.938000e+01
      endloop
   endfacet
   facet normal -8.849400e-01 -4.656289e-01 8.419193e-03
      outer loop
         vertex -6.682291e+01 -3.179150e+01 -2.225000e+01
         vertex -6.552374e+01 -3.438951e+01 -2.938000e+01
         vertex -6.404655e+01 -3.706803e+01 -2.225000e+01
      endloop
   endfacet
   facet normal -8.756625e-01 -4.829236e-01 0.000000e+00
      outer loop
         vertex -6.552374e+01 -3.438951e+01 -2.938000e+01
         vertex -6.404655e+01 -3.706803e+01 -2.938000e+01
         vertex -6.404655e+01 -3.706803e+01 -2.225000e+01
      endloop
   endfacet
   facet normal -8.555059e-01 -5.177931e-01 -0.000000e+00
      outer loop
         vertex -6.404655e+01 -3.706803e+01 -2.225000e+01
         vertex -6.404655e+01 -3.706803e+01 -2.938000e+01
         vertex -6.254406e+01 -3.955047e+01 -2.938000e+01
      endloop
   endfacet
   facet normal -8.445811e-01 -5.353615e-01 8.418921e-03
      outer loop
         vertex -6.404655e+01 -3.706803e+01 -2.225000e+01
         vertex -6.254406e+01 -3.955047e+01 -2.938000e+01
         vertex -6.085441e+01 -4.210392e+01 -2.225000e+01
      endloop
   endfacet
   facet normal -8.339524e-01 -5.518364e-01 0.000000e+00
      outer loop
         vertex -6.254406e+01 -3.955047e+01 -2.938000e+01
         vertex -6.085441e+01 -4.210392e+01 -2.938000e+01
         vertex -6.085441e+01 -4.210392e+01 -2.225000e+01
      endloop
   endfacet
   facet normal -8.110557e-01 -5.849690e-01 -0.000000e+00
      outer loop
         vertex -6.085441e+01 -4.210392e+01 -2.225000e+01
         vertex -6.085441e+01 -4.210392e+01 -2.938000e+01
         vertex -5.915876e+01 -4.445493e+01 -2.938000e+01
      endloop
   endfacet
   facet normal -7.987393e-01 -6.016184e-01 8.418947e-03
      outer loop
         vertex -6.085441e+01 -4.210392e+01 -2.225000e+01
         vertex -5.915876e+01 -4.445493e+01 -2.938000e+01
         vertex -5.726721e+01 -4.686648e+01 -2.225000e+01
      endloop
   endfacet
   facet normal -7.868306e-01 -6.171690e-01 0.000000e+00
      outer loop
         vertex -5.915876e+01 -4.445493e+01 -2.938000e+01
         vertex -5.726721e+01 -4.686648e+01 -2.938000e+01
         vertex -5.726721e+01 -4.686648e+01 -2.225000e+01
      endloop
   endfacet
   facet normal -7.613417e-01 -6.483508e-01 -0.000000e+00
      outer loop
         vertex -5.726721e+01 -4.686648e+01 -2.225000e+01
         vertex -5.726721e+01 -4.686648e+01 -2.938000e+01
         vertex -5.538980e+01 -4.907108e+01 -2.938000e+01
      endloop
   endfacet
   facet normal -7.477116e-01 -6.639702e-01 8.418491e-03
      outer loop
         vertex -5.726721e+01 -4.686648e+01 -2.225000e+01
         vertex -5.538980e+01 -4.907108e+01 -2.938000e+01
         vertex -5.330823e+01 -5.132478e+01 -2.225000e+01
      endloop
   endfacet
   facet normal -7.346035e-01 -6.784967e-01 0.000000e+00
      outer loop
         vertex -5.538980e+01 -4.907108e+01 -2.938000e+01
         vertex -5.330823e+01 -5.132478e+01 -2.938000e+01
         vertex -5.330823e+01 -5.132478e+01 -2.225000e+01
      endloop
   endfacet
   facet normal -7.066888e-01 -7.075246e-01 -0.000000e+00
      outer loop
         vertex -5.330823e+01 -5.132478e+01 -2.225000e+01
         vertex -5.330823e+01 -5.132478e+01 -2.938000e+01
         vertex -5.126160e+01 -5.336898e+01 -2.938000e+01
      endloop
   endfacet
   facet normal -6.918308e-01 -7.220106e-01 8.418117e-03
      outer loop
         vertex -5.330823e+01 -5.132478e+01 -2.225000e+01
         vertex -5.126160e+01 -5.336898e+01 -2.938000e+01
         vertex -4.900317e+01 -5.544988e+01 -2.225000e+01
      endloop
   endfacet
   facet normal -6.776105e-01 -7.354210e-01 0.000000e+00
      outer loop
         vertex -5.126160e+01 -5.336898e+01 -2.938000e+01
         vertex -4.900317e+01 -5.544988e+01 -2.938000e+01
         vertex -4.900317e+01 -5.544988e+01 -2.225000e+01
      endloop
   endfacet
   facet normal -6.474478e-01 -7.621098e-01 -0.000000e+00
      outer loop
         vertex -4.900317e+01 -5.544988e+01 -2.225000e+01
         vertex -4.900317e+01 -5.544988e+01 -2.938000e+01
         vertex -4.680096e+01 -5.732077e+01 -2.938000e+01
      endloop
   endfacet
   facet normal -6.314574e-01 -7.753649e-01 8.416961e-03
      outer loop
         vertex -4.900317e+01 -5.544988e+01 -2.225000e+01
         vertex -4.680096e+01 -5.732077e+01 -2.938000e+01
         vertex -4.437999e+01 -5.921500e+01 -2.225000e+01
      endloop
   endfacet
   facet normal -6.162209e-01 -7.875734e-01 0.000000e+00
      outer loop
         vertex -4.680096e+01 -5.732077e+01 -2.938000e+01
         vertex -4.437999e+01 -5.921500e+01 -2.938000e+01
         vertex -4.437999e+01 -5.921500e+01 -2.225000e+01
      endloop
   endfacet
   facet normal -5.840084e-01 -8.117476e-01 -0.000000e+00
      outer loop
         vertex -4.437999e+01 -5.921500e+01 -2.225000e+01
         vertex -4.437999e+01 -5.921500e+01 -2.938000e+01
         vertex -4.203679e+01 -6.090081e+01 -2.938000e+01
      endloop
   endfacet
   facet normal -5.669853e-01 -8.236849e-01 8.416939e-03
      outer loop
         vertex -4.437999e+01 -5.921500e+01 -2.225000e+01
         vertex -4.203679e+01 -6.090081e+01 -2.938000e+01
         vertex -3.946869e+01 -6.259570e+01 -2.225000e+01
      endloop
   endfacet
   facet normal -5.508313e-01 -8.346166e-01 0.000000e+00
      outer loop
         vertex -4.203679e+01 -6.090081e+01 -2.938000e+01
         vertex -3.946869e+01 -6.259570e+01 -2.938000e+01
         vertex -3.946869e+01 -6.259570e+01 -2.225000e+01
      endloop
   endfacet
   facet normal -5.167785e-01 -8.561191e-01 -0.000000e+00
      outer loop
         vertex -3.946869e+01 -6.259570e+01 -2.225000e+01
         vertex -3.946869e+01 -6.259570e+01 -2.938000e+01
         vertex -3.700000e+01 -6.408588e+01 -2.938000e+01
      endloop
   endfacet
   facet normal -4.988321e-01 -8.666578e-01 8.416354e-03
      outer loop
         vertex -3.946869e+01 -6.259570e+01 -2.225000e+01
         vertex -3.700000e+01 -6.408588e+01 -2.938000e+01
         vertex -3.430117e+01 -6.557003e+01 -2.225000e+01
      endloop
   endfacet
   facet normal -4.818685e-01 -8.762435e-01 -0.000000e+00
      outer loop
         vertex -3.430117e+01 -6.557003e+01 -2.225000e+01
         vertex -3.700000e+01 -6.408588e+01 -2.938000e+01
         vertex -3.430117e+01 -6.557003e+01 -2.938000e+01
      endloop
   endfacet
   facet normal -4.511446e-01 -8.924508e-01 -0.000000e+00
      outer loop
         vertex -3.430117e+01 -6.557003e+01 -2.225000e+01
         vertex -3.430117e+01 -6.557003e+01 -2.938000e+01
         vertex -3.246152e+01 -6.650000e+01 -2.225000e+01
      endloop
   endfacet
   facet normal -4.461962e-01 -8.949337e-01 -1.600608e-03
      outer loop
         vertex -3.246152e+01 -6.650000e+01 -2.225000e+01
         vertex -3.430117e+01 -6.557003e+01 -2.938000e+01
         vertex -3.172325e+01 -6.685533e+01 -2.938000e+01
      endloop
   endfacet
   facet normal -4.138553e-01 -9.103392e-01 2.515847e-03
      outer loop
         vertex -3.246152e+01 -6.650000e+01 -2.225000e+01
         vertex -3.172325e+01 -6.685533e+01 -2.938000e+01
         vertex -2.891096e+01 -6.811869e+01 -2.389675e+01
      endloop
   endfacet
   facet normal -4.097791e-01 -9.121848e-01 -0.000000e+00
      outer loop
         vertex -2.891096e+01 -6.811869e+01 -2.389675e+01
         vertex -3.172325e+01 -6.685533e+01 -2.938000e+01
         vertex -2.891096e+01 -6.811869e+01 -2.938000e+01
      endloop
   endfacet
   facet normal -3.720626e-01 -9.282076e-01 -0.000000e+00
      outer loop
         vertex -2.891096e+01 -6.811869e+01 -2.389675e+01
         vertex -2.891096e+01 -6.811869e+01 -2.938000e+01
         vertex -2.614324e+01 -6.922811e+01 -2.502540e+01
      endloop
   endfacet
   facet normal -3.727174e-01 -9.279448e-01 4.831569e-04
      outer loop
         vertex -2.614324e+01 -6.922811e+01 -2.502540e+01
         vertex -2.891096e+01 -6.811869e+01 -2.938000e+01
         vertex -2.624076e+01 -6.919120e+01 -2.938000e+01
      endloop
   endfacet
   facet normal -3.345255e-01 -9.423866e-01 -4.945309e-04
      outer loop
         vertex -2.614324e+01 -6.922811e+01 -2.502540e+01
         vertex -2.624076e+01 -6.919120e+01 -2.938000e+01
         vertex -2.333307e+01 -7.022512e+01 -2.603969e+01
      endloop
   endfacet
   facet normal -3.350300e-01 -9.422075e-01 -0.000000e+00
      outer loop
         vertex -2.333307e+01 -7.022512e+01 -2.603969e+01
         vertex -2.624076e+01 -6.919120e+01 -2.938000e+01
         vertex -2.333307e+01 -7.022512e+01 -2.938000e+01
      endloop
   endfacet
   facet normal -2.961297e-01 -9.551477e-01 -0.000000e+00
      outer loop
         vertex -2.333307e+01 -7.022512e+01 -2.603969e+01
         vertex -2.333307e+01 -7.022512e+01 -2.938000e+01
         vertex -2.048501e+01 -7.110812e+01 -2.693799e+01
      endloop
   endfacet
   facet normal -2.968208e-01 -9.549328e-01 8.837195e-04
      outer loop
         vertex -2.048501e+01 -7.110812e+01 -2.693799e+01
         vertex -2.333307e+01 -7.022512e+01 -2.938000e+01
         vertex -2.058809e+01 -7.107834e+01 -2.938000e+01
      endloop
   endfacet
   facet normal -2.576373e-01 -9.662413e-01 -9.081454e-04
      outer loop
         vertex -2.048501e+01 -7.110812e+01 -2.693799e+01
         vertex -2.058809e+01 -7.107834e+01 -2.938000e+01
         vertex -1.760370e+01 -7.187565e+01 -2.771883e+01
      endloop
   endfacet
   facet normal -2.581092e-01 -9.661157e-01 -0.000000e+00
      outer loop
         vertex -1.760370e+01 -7.187565e+01 -2.771883e+01
         vertex -2.058809e+01 -7.107834e+01 -2.938000e+01
         vertex -1.760370e+01 -7.187565e+01 -2.938000e+01
      endloop
   endfacet
   facet normal -2.182706e-01 -9.758883e-01 -0.000000e+00
      outer loop
         vertex -1.760370e+01 -7.187565e+01 -2.771883e+01
         vertex -1.760370e+01 -7.187565e+01 -2.938000e+01
         vertex -1.469380e+01 -7.252649e+01 -2.838095e+01
      endloop
   endfacet
   facet normal -2.189970e-01 -9.757230e-01 2.223311e-03
      outer loop
         vertex -1.469380e+01 -7.252649e+01 -2.838095e+01
         vertex -1.760370e+01 -7.187565e+01 -2.938000e+01
         vertex -1.480190e+01 -7.250451e+01 -2.938000e+01
      endloop
   endfacet
   facet normal -1.791832e-01 -9.838131e-01 -2.262804e-03
      outer loop
         vertex -1.469380e+01 -7.252649e+01 -2.838095e+01
         vertex -1.480190e+01 -7.250451e+01 -2.938000e+01
         vertex -1.176004e+01 -7.305957e+01 -2.892327e+01
      endloop
   endfacet
   facet normal -1.795125e-01 -9.837557e-01 -0.000000e+00
      outer loop
         vertex -1.176004e+01 -7.305957e+01 -2.892327e+01
         vertex -1.480190e+01 -7.250451e+01 -2.938000e+01
         vertex -1.176004e+01 -7.305957e+01 -2.938000e+01
      endloop
   endfacet
   facet normal -1.397555e-01 -9.901860e-01 -0.000000e+00
      outer loop
         vertex -1.176004e+01 -7.305957e+01 -2.892327e+01
         vertex -1.176004e+01 -7.305957e+01 -2.938000e+01
         vertex -8.919714e+00 -7.346046e+01 -2.938000e+01
      endloop
   endfacet
   facet normal 1.166612e-01 -9.835643e-01 1.378092e-01
      outer loop
         vertex 8.514554e+00 -7.350852e+01 -2.938000e+01
         vertex 8.919714e+00 -7.346046e+01 -2.938000e+01
         vertex 1.176004e+01 -7.305957e+01 -2.892327e+01
      endloop
   endfacet
   facet normal 1.397555e-01 -9.901860e-01 0.000000e+00
      outer loop
         vertex 1.176004e+01 -7.305957e+01 -2.892327e+01
         vertex 8.919714e+00 -7.346046e+01 -2.938000e+01
         vertex 1.176004e+01 -7.305957e+01 -2.938000e+01
      endloop
   endfacet
   facet normal 1.787787e-01 -9.838893e-01 0.000000e+00
      outer loop
         vertex 1.176004e+01 -7.305957e+01 -2.892327e+01
         vertex 1.176004e+01 -7.305957e+01 -2.938000e+01
         vertex 1.469380e+01 -7.252649e+01 -2.838095e+01
      endloop
   endfacet
   facet normal 1.795120e-01 -9.837533e-01 -2.225906e-03
      outer loop
         vertex 1.469380e+01 -7.252649e+01 -2.838095e+01
         vertex 1.176004e+01 -7.305957e+01 -2.938000e+01
         vertex 1.480190e+01 -7.250451e+01 -2.938000e+01
      endloop
   endfacet
   facet normal 2.178172e-01 -9.759873e-01 2.089841e-03
      outer loop
         vertex 1.469380e+01 -7.252649e+01 -2.838095e+01
         vertex 1.480190e+01 -7.250451e+01 -2.938000e+01
         vertex 1.760370e+01 -7.187565e+01 -2.771883e+01
      endloop
   endfacet
   facet normal 2.189975e-01 -9.757254e-01 0.000000e+00
      outer loop
         vertex 1.760370e+01 -7.187565e+01 -2.771883e+01
         vertex 1.480190e+01 -7.250451e+01 -2.938000e+01
         vertex 1.760370e+01 -7.187565e+01 -2.938000e+01
      endloop
   endfacet
   facet normal 2.574076e-01 -9.663029e-01 0.000000e+00
      outer loop
         vertex 1.760370e+01 -7.187565e+01 -2.771883e+01
         vertex 1.760370e+01 -7.187565e+01 -2.938000e+01
         vertex 2.048501e+01 -7.110812e+01 -2.693799e+01
      endloop
   endfacet
   facet normal 2.581091e-01 -9.661154e-01 -8.866928e-04
      outer loop
         vertex 2.048501e+01 -7.110812e+01 -2.693799e+01
         vertex 1.760370e+01 -7.187565e+01 -2.938000e+01
         vertex 2.058809e+01 -7.107834e+01 -2.938000e+01
      endloop
   endfacet
   facet normal 2.958876e-01 -9.552224e-01 8.407996e-04
      outer loop
         vertex 2.048501e+01 -7.110812e+01 -2.693799e+01
         vertex 2.058809e+01 -7.107834e+01 -2.938000e+01
         vertex 2.333307e+01 -7.022512e+01 -2.603969e+01
      endloop
   endfacet
   facet normal 2.968209e-01 -9.549332e-01 0.000000e+00
      outer loop
         vertex 2.058809e+01 -7.107834e+01 -2.938000e+01
         vertex 2.333307e+01 -7.022512e+01 -2.938000e+01
         vertex 2.333307e+01 -7.022512e+01 -2.603969e+01
      endloop
   endfacet
   facet normal 3.350300e-01 -9.422075e-01 0.000000e+00
      outer loop
         vertex 2.333307e+01 -7.022512e+01 -2.603969e+01
         vertex 2.333307e+01 -7.022512e+01 -2.938000e+01
         vertex 2.624076e+01 -6.919120e+01 -2.938000e+01
      endloop
   endfacet
   facet normal 3.345255e-01 -9.423866e-01 -4.945309e-04
      outer loop
         vertex 2.333307e+01 -7.022512e+01 -2.603969e+01
         vertex 2.624076e+01 -6.919120e+01 -2.938000e+01
         vertex 2.614324e+01 -6.922811e+01 -2.502540e+01
      endloop
   endfacet
   facet normal 3.727174e-01 -9.279448e-01 4.831569e-04
      outer loop
         vertex 2.614324e+01 -6.922811e+01 -2.502540e+01
         vertex 2.624076e+01 -6.919120e+01 -2.938000e+01
         vertex 2.891096e+01 -6.811869e+01 -2.938000e+01
      endloop
   endfacet
   facet normal 3.720626e-01 -9.282076e-01 0.000000e+00
      outer loop
         vertex 2.614324e+01 -6.922811e+01 -2.502540e+01
         vertex 2.891096e+01 -6.811869e+01 -2.938000e+01
         vertex 2.891096e+01 -6.811869e+01 -2.389675e+01
      endloop
   endfacet
   facet normal 4.148229e-01 -9.099022e-01 0.000000e+00
      outer loop
         vertex 2.891096e+01 -6.811869e+01 -2.389675e+01
         vertex 2.891096e+01 -6.811869e+01 -2.938000e+01
         vertex 3.246152e+01 -6.650000e+01 -2.225000e+01
      endloop
   endfacet
   facet normal 4.097772e-01 -9.121806e-01 3.029873e-03
      outer loop
         vertex 3.246152e+01 -6.650000e+01 -2.225000e+01
         vertex 2.891096e+01 -6.811869e+01 -2.938000e+01
         vertex 3.172325e+01 -6.685533e+01 -2.938000e+01
      endloop
   endfacet
   facet normal 4.511435e-01 -8.924486e-01 -2.236716e-03
      outer loop
         vertex 3.246152e+01 -6.650000e+01 -2.225000e+01
         vertex 3.172325e+01 -6.685533e+01 -2.938000e+01
         vertex 3.430117e+01 -6.557003e+01 -2.225000e+01
      endloop
   endfacet
   facet normal 4.461968e-01 -8.949349e-01 0.000000e+00
      outer loop
         vertex 3.172325e+01 -6.685533e+01 -2.938000e+01
         vertex 3.430117e+01 -6.557003e+01 -2.938000e+01
         vertex 3.430117e+01 -6.557003e+01 -2.225000e+01
      endloop
   endfacet
   facet normal 4.818685e-01 -8.762435e-01 0.000000e+00
      outer loop
         vertex 3.430117e+01 -6.557003e+01 -2.225000e+01
         vertex 3.430117e+01 -6.557003e+01 -2.938000e+01
         vertex 3.700000e+01 -6.408588e+01 -2.938000e+01
      endloop
   endfacet
   facet normal 4.988321e-01 -8.666578e-01 8.416354e-03
      outer loop
         vertex 3.430117e+01 -6.557003e+01 -2.225000e+01
         vertex 3.700000e+01 -6.408588e+01 -2.938000e+01
         vertex 3.946869e+01 -6.259570e+01 -2.225000e+01
      endloop
   endfacet
   facet normal 5.167785e-01 -8.561191e-01 0.000000e+00
      outer loop
         vertex 3.700000e+01 -6.408588e+01 -2.938000e+01
         vertex 3.946869e+01 -6.259570e+01 -2.938000e+01
         vertex 3.946869e+01 -6.259570e+01 -2.225000e+01
      endloop
   endfacet
   facet normal 5.508313e-01 -8.346166e-01 0.000000e+00
      outer loop
         vertex 3.946869e+01 -6.259570e+01 -2.225000e+01
         vertex 3.946869e+01 -6.259570e+01 -2.938000e+01
         vertex 4.203679e+01 -6.090081e+01 -2.938000e+01
      endloop
   endfacet
   facet normal 5.669853e-01 -8.236849e-01 8.416939e-03
      outer loop
         vertex 3.946869e+01 -6.259570e+01 -2.225000e+01
         vertex 4.203679e+01 -6.090081e+01 -2.938000e+01
         vertex 4.437999e+01 -5.921500e+01 -2.225000e+01
      endloop
   endfacet
   facet normal 5.840084e-01 -8.117476e-01 0.000000e+00
      outer loop
         vertex 4.203679e+01 -6.090081e+01 -2.938000e+01
         vertex 4.437999e+01 -5.921500e+01 -2.938000e+01
         vertex 4.437999e+01 -5.921500e+01 -2.225000e+01
      endloop
   endfacet
   facet normal 6.162209e-01 -7.875734e-01 0.000000e+00
      outer loop
         vertex 4.437999e+01 -5.921500e+01 -2.225000e+01
         vertex 4.437999e+01 -5.921500e+01 -2.938000e+01
         vertex 4.680096e+01 -5.732077e+01 -2.938000e+01
      endloop
   endfacet
   facet normal 6.314574e-01 -7.753649e-01 8.416961e-03
      outer loop
         vertex 4.437999e+01 -5.921500e+01 -2.225000e+01
         vertex 4.680096e+01 -5.732077e+01 -2.938000e+01
         vertex 4.900317e+01 -5.544988e+01 -2.225000e+01
      endloop
   endfacet
   facet normal 6.474478e-01 -7.621098e-01 0.000000e+00
      outer loop
         vertex 4.680096e+01 -5.732077e+01 -2.938000e+01
         vertex 4.900317e+01 -5.544988e+01 -2.938000e+01
         vertex 4.900317e+01 -5.544988e+01 -2.225000e+01
      endloop
   endfacet
   facet normal 6.776105e-01 -7.354210e-01 0.000000e+00
      outer loop
         vertex 4.900317e+01 -5.544988e+01 -2.225000e+01
         vertex 4.900317e+01 -5.544988e+01 -2.938000e+01
         vertex 5.126160e+01 -5.336898e+01 -2.938000e+01
      endloop
   endfacet
   facet normal 6.918308e-01 -7.220106e-01 8.418117e-03
      outer loop
         vertex 4.900317e+01 -5.544988e+01 -2.225000e+01
         vertex 5.126160e+01 -5.336898e+01 -2.938000e+01
         vertex 5.330823e+01 -5.132478e+01 -2.225000e+01
      endloop
   endfacet
   facet normal 7.066888e-01 -7.075246e-01 0.000000e+00
      outer loop
         vertex 5.126160e+01 -5.336898e+01 -2.938000e+01
         vertex 5.330823e+01 -5.132478e+01 -2.938000e+01
         vertex 5.330823e+01 -5.132478e+01 -2.225000e+01
      endloop
   endfacet
   facet normal 7.346035e-01 -6.784967e-01 0.000000e+00
      outer loop
         vertex 5.330823e+01 -5.132478e+01 -2.225000e+01
         vertex 5.330823e+01 -5.132478e+01 -2.938000e+01
         vertex 5.538980e+01 -4.907108e+01 -2.938000e+01
      endloop
   endfacet
   facet normal 7.477116e-01 -6.639702e-01 8.418491e-03
      outer loop
         vertex 5.330823e+01 -5.132478e+01 -2.225000e+01
         vertex 5.538980e+01 -4.907108e+01 -2.938000e+01
         vertex 5.726721e+01 -4.686648e+01 -2.225000e+01
      endloop
   endfacet
   facet normal 7.613417e-01 -6.483508e-01 0.000000e+00
      outer loop
         vertex 5.538980e+01 -4.907108e+01 -2.938000e+01
         vertex 5.726721e+01 -4.686648e+01 -2.938000e+01
         vertex 5.726721e+01 -4.686648e+01 -2.225000e+01
      endloop
   endfacet
   facet normal 7.868306e-01 -6.171690e-01 0.000000e+00
      outer loop
         vertex 5.726721e+01 -4.686648e+01 -2.225000e+01
         vertex 5.726721e+01 -4.686648e+01 -2.938000e+01
         vertex 5.915876e+01 -4.445493e+01 -2.938000e+01
      endloop
   endfacet
   facet normal 7.987393e-01 -6.016184e-01 8.418947e-03
      outer loop
         vertex 5.726721e+01 -4.686648e+01 -2.225000e+01
         vertex 5.915876e+01 -4.445493e+01 -2.938000e+01
         vertex 6.085441e+01 -4.210392e+01 -2.225000e+01
      endloop
   endfacet
   facet normal 8.110557e-01 -5.849690e-01 0.000000e+00
      outer loop
         vertex 5.915876e+01 -4.445493e+01 -2.938000e+01
         vertex 6.085441e+01 -4.210392e+01 -2.938000e+01
         vertex 6.085441e+01 -4.210392e+01 -2.225000e+01
      endloop
   endfacet
   facet normal 8.339524e-01 -5.518364e-01 0.000000e+00
      outer loop
         vertex 6.085441e+01 -4.210392e+01 -2.225000e+01
         vertex 6.085441e+01 -4.210392e+01 -2.938000e+01
         vertex 6.254406e+01 -3.955047e+01 -2.938000e+01
      endloop
   endfacet
   facet normal 8.445811e-01 -5.353615e-01 8.418921e-03
      outer loop
         vertex 6.085441e+01 -4.210392e+01 -2.225000e+01
         vertex 6.254406e+01 -3.955047e+01 -2.938000e+01
         vertex 6.404655e+01 -3.706803e+01 -2.225000e+01
      endloop
   endfacet
   facet normal 8.555059e-01 -5.177931e-01 0.000000e+00
      outer loop
         vertex 6.254406e+01 -3.955047e+01 -2.938000e+01
         vertex 6.404655e+01 -3.706803e+01 -2.938000e+01
         vertex 6.404655e+01 -3.706803e+01 -2.225000e+01
      endloop
   endfacet
   facet normal 8.756625e-01 -4.829236e-01 0.000000e+00
      outer loop
         vertex 6.404655e+01 -3.706803e+01 -2.225000e+01
         vertex 6.404655e+01 -3.706803e+01 -2.938000e+01
         vertex 6.552374e+01 -3.438951e+01 -2.938000e+01
      endloop
   endfacet
   facet normal 8.849400e-01 -4.656289e-01 8.419193e-03
      outer loop
         vertex 6.404655e+01 -3.706803e+01 -2.225000e+01
         vertex 6.552374e+01 -3.438951e+01 -2.938000e+01
         vertex 6.682291e+01 -3.179150e+01 -2.225000e+01
      endloop
   endfacet
   facet normal 8.944056e-01 -4.472567e-01 0.000000e+00
      outer loop
         vertex 6.552374e+01 -3.438951e+01 -2.938000e+01
         vertex 6.682291e+01 -3.179150e+01 -2.938000e+01
         vertex 6.682291e+01 -3.179150e+01 -2.225000e+01
      endloop
   endfacet
   facet normal 9.116904e-01 -4.108780e-01 0.000000e+00
      outer loop
         vertex 6.682291e+01 -3.179150e+01 -2.225000e+01
         vertex 6.682291e+01 -3.179150e+01 -2.938000e+01
         vertex 6.807848e+01 -2.900553e+01 -2.938000e+01
      endloop
   endfacet
   facet normal 9.195544e-01 -3.928725e-01 8.420290e-03
      outer loop
         vertex 6.682291e+01 -3.179150e+01 -2.225000e+01
         vertex 6.807848e+01 -2.900553e+01 -2.938000e+01
         vertex 6.916545e+01 -2.630857e+01 -2.225000e+01
      endloop
   endfacet
   facet normal 9.275032e-01 -3.738152e-01 0.000000e+00
      outer loop
         vertex 6.807848e+01 -2.900553e+01 -2.938000e+01
         vertex 6.916545e+01 -2.630857e+01 -2.938000e+01
         vertex 6.916545e+01 -2.630857e+01 -2.225000e+01
      endloop
   endfacet
   facet normal 9.418026e-01 -3.361664e-01 0.000000e+00
      outer loop
         vertex 6.916545e+01 -2.630857e+01 -2.225000e+01
         vertex 6.916545e+01 -2.630857e+01 -2.938000e+01
         vertex 7.019170e+01 -2.343343e+01 -2.938000e+01
      endloop
   endfacet
   facet normal 9.481985e-01 -3.175667e-01 8.420827e-03
      outer loop
         vertex 6.916545e+01 -2.630857e+01 -2.225000e+01
         vertex 7.019170e+01 -2.343343e+01 -2.938000e+01
         vertex 7.105897e+01 -2.065485e+01 -2.225000e+01
      endloop
   endfacet
   facet normal 9.545813e-01 -2.979506e-01 0.000000e+00
      outer loop
         vertex 7.019170e+01 -2.343343e+01 -2.938000e+01
         vertex 7.105897e+01 -2.065485e+01 -2.938000e+01
         vertex 7.105897e+01 -2.065485e+01 -2.225000e+01
      endloop
   endfacet
   facet normal 9.658038e-01 -2.592742e-01 0.000000e+00
      outer loop
         vertex 7.105897e+01 -2.065485e+01 -2.225000e+01
         vertex 7.105897e+01 -2.065485e+01 -2.938000e+01
         vertex 7.184970e+01 -1.770936e+01 -2.938000e+01
      endloop
   endfacet
   facet normal 9.706870e-01 -2.401994e-01 8.421625e-03
      outer loop
         vertex 7.105897e+01 -2.065485e+01 -2.225000e+01
         vertex 7.184970e+01 -1.770936e+01 -2.938000e+01
         vertex 7.249118e+01 -1.486704e+01 -2.225000e+01
      endloop
   endfacet
   facet normal 9.754656e-01 -2.201520e-01 0.000000e+00
      outer loop
         vertex 7.184970e+01 -1.770936e+01 -2.938000e+01
         vertex 7.249118e+01 -1.486704e+01 -2.938000e+01
         vertex 7.249118e+01 -1.486704e+01 -2.225000e+01
      endloop
   endfacet
   facet normal 9.835385e-01 -1.806986e-01 0.000000e+00
      outer loop
         vertex 7.249118e+01 -1.486704e+01 -2.225000e+01
         vertex 7.249118e+01 -1.486704e+01 -2.938000e+01
         vertex 7.304172e+01 -1.187043e+01 -2.938000e+01
      endloop
   endfacet
   facet normal 9.868740e-01 -1.612725e-01 8.421998e-03
      outer loop
         vertex 7.249118e+01 -1.486704e+01 -2.225000e+01
         vertex 7.304172e+01 -1.187043e+01 -2.938000e+01
         vertex 7.345278e+01 -8.982717e+00 -2.225000e+01
      endloop
   endfacet
   facet normal 9.900202e-01 -1.409257e-01 0.000000e+00
      outer loop
         vertex 7.304172e+01 -1.187043e+01 -2.938000e+01
         vertex 7.345278e+01 -8.982717e+00 -2.938000e+01
         vertex 7.345278e+01 -8.982717e+00 -2.225000e+01
      endloop
   endfacet
   facet normal 9.948916e-01 -1.009488e-01 0.000000e+00
      outer loop
         vertex 7.345278e+01 -8.982717e+00 -2.225000e+01
         vertex 7.345278e+01 -8.982717e+00 -2.938000e+01
         vertex 7.376004e+01 -5.954526e+00 -2.938000e+01
      endloop
   endfacet
   facet normal 9.966542e-01 -8.129850e-02 8.421671e-03
      outer loop
         vertex 7.345278e+01 -8.982717e+00 -2.225000e+01
         vertex 7.376004e+01 -5.954526e+00 -2.938000e+01
         vertex 7.393753e+01 -3.040076e+00 -2.225000e+01
      endloop
   endfacet
   facet normal 9.981508e-01 -6.078661e-02 0.000000e+00
      outer loop
         vertex 7.376004e+01 -5.954526e+00 -2.938000e+01
         vertex 7.393753e+01 -3.040076e+00 -2.938000e+01
         vertex 7.393753e+01 -3.040076e+00 -2.225000e+01
      endloop
   endfacet
   facet normal 9.997889e-01 -2.054551e-02 0.000000e+00
      outer loop
         vertex 7.393753e+01 -3.040076e+00 -2.225000e+01
         vertex 7.393753e+01 -3.040076e+00 -2.938000e+01
         vertex 7.400000e+01 0.000000e+00 -2.938000e+01
      endloop
   endfacet
   facet normal 9.999642e-01 -7.959661e-04 8.422313e-03
      outer loop
         vertex 7.393753e+01 -3.040076e+00 -2.225000e+01
         vertex 7.400000e+01 0.000000e+00 -2.938000e+01
         vertex 7.394227e+01 2.922301e+00 -2.225000e+01
      endloop
   endfacet
   facet normal 9.998049e-01 1.975014e-02 0.000000e+00
      outer loop
         vertex 7.400000e+01 0.000000e+00 -2.938000e+01
         vertex 7.394227e+01 2.922301e+00 -2.938000e+01
         vertex 7.394227e+01 2.922301e+00 -2.225000e+01
      endloop
   endfacet
   facet normal 9.981989e-01 5.999077e-02 0.000000e+00
      outer loop
         vertex 7.394227e+01 2.922301e+00 -2.225000e+01
         vertex 7.394227e+01 2.922301e+00 -2.938000e+01
         vertex 7.376004e+01 5.954526e+00 -2.938000e+01
      endloop
   endfacet
   facet normal 9.967825e-01 7.971032e-02 8.422472e-03
      outer loop
         vertex 7.394227e+01 2.922301e+00 -2.225000e+01
         vertex 7.376004e+01 5.954526e+00 -2.938000e+01
         vertex 7.346699e+01 8.865707e+00 -2.225000e+01
      endloop
   endfacet
   facet normal 9.949717e-01 1.001562e-01 0.000000e+00
      outer loop
         vertex 7.376004e+01 5.954526e+00 -2.938000e+01
         vertex 7.346699e+01 8.865707e+00 -2.938000e+01
         vertex 7.346699e+01 8.865707e+00 -2.225000e+01
      endloop
   endfacet
   facet normal 9.901320e-01 1.401375e-01 0.000000e+00
      outer loop
         vertex 7.346699e+01 8.865707e+00 -2.225000e+01
         vertex 7.346699e+01 8.865707e+00 -2.938000e+01
         vertex 7.304172e+01 1.187043e+01 -2.938000e+01
      endloop
   endfacet
   facet normal 9.871296e-01 1.597005e-01 8.423335e-03
      outer loop
         vertex 7.346699e+01 8.865707e+00 -2.225000e+01
         vertex 7.304172e+01 1.187043e+01 -2.938000e+01
         vertex 7.251476e+01 1.475156e+01 -2.225000e+01
      endloop
   endfacet
   facet normal 9.836821e-01 1.799155e-01 0.000000e+00
      outer loop
         vertex 7.304172e+01 1.187043e+01 -2.938000e+01
         vertex 7.251476e+01 1.475156e+01 -2.938000e+01
         vertex 7.251476e+01 1.475156e+01 -2.225000e+01
      endloop
   endfacet
   facet normal 9.756406e-01 2.193750e-01 0.000000e+00
      outer loop
         vertex 7.251476e+01 1.475156e+01 -2.225000e+01
         vertex 7.251476e+01 1.475156e+01 -2.938000e+01
         vertex 7.184970e+01 1.770936e+01 -2.938000e+01
      endloop
   endfacet
   facet normal 9.710685e-01 2.386524e-01 8.423506e-03
      outer loop
         vertex 7.251476e+01 1.475156e+01 -2.225000e+01
         vertex 7.184970e+01 1.770936e+01 -2.938000e+01
         vertex 7.109178e+01 2.054164e+01 -2.225000e+01
      endloop
   endfacet
   facet normal 9.660101e-01 2.585041e-01 0.000000e+00
      outer loop
         vertex 7.184970e+01 1.770936e+01 -2.938000e+01
         vertex 7.109178e+01 2.054164e+01 -2.938000e+01
         vertex 7.109178e+01 2.054164e+01 -2.225000e+01
      endloop
   endfacet
   facet normal 9.548180e-01 2.971911e-01 0.000000e+00
      outer loop
         vertex 7.109178e+01 2.054164e+01 -2.225000e+01
         vertex 7.109178e+01 2.054164e+01 -2.938000e+01
         vertex 7.019170e+01 2.343343e+01 -2.938000e+01
      endloop
   endfacet
   facet normal 9.487031e-01 3.160560e-01 8.423189e-03
      outer loop
         vertex 7.109178e+01 2.054164e+01 -2.225000e+01
         vertex 7.019170e+01 2.343343e+01 -2.938000e+01
         vertex 6.920727e+01 2.619837e+01 -2.225000e+01
      endloop
   endfacet
   facet normal 9.420703e-01 3.354155e-01 0.000000e+00
      outer loop
         vertex 7.019170e+01 2.343343e+01 -2.938000e+01
         vertex 6.920727e+01 2.619837e+01 -2.938000e+01
         vertex 6.920727e+01 2.619837e+01 -2.225000e+01
      endloop
   endfacet
   facet normal 9.278003e-01 3.730771e-01 0.000000e+00
      outer loop
         vertex 6.920727e+01 2.619837e+01 -2.225000e+01
         vertex 6.920727e+01 2.619837e+01 -2.938000e+01
         vertex 6.807848e+01 2.900553e+01 -2.938000e+01
      endloop
   endfacet
   facet normal 9.201787e-01 3.914079e-01 8.423669e-03
      outer loop
         vertex 6.920727e+01 2.619837e+01 -2.225000e+01
         vertex 6.807848e+01 2.900553e+01 -2.938000e+01
         vertex 6.687346e+01 3.168502e+01 -2.225000e+01
      endloop
   endfacet
   facet normal 9.120170e-01 4.101524e-01 0.000000e+00
      outer loop
         vertex 6.807848e+01 2.900553e+01 -2.938000e+01
         vertex 6.687346e+01 3.168502e+01 -2.938000e+01
         vertex 6.687346e+01 3.168502e+01 -2.225000e+01
      endloop
   endfacet
   facet normal 8.947619e-01 4.465435e-01 0.000000e+00
      outer loop
         vertex 6.687346e+01 3.168502e+01 -2.225000e+01
         vertex 6.687346e+01 3.168502e+01 -2.938000e+01
         vertex 6.552374e+01 3.438951e+01 -2.938000e+01
      endloop
   endfacet
   facet normal 8.856809e-01 4.642181e-01 8.423262e-03
      outer loop
         vertex 6.687346e+01 3.168502e+01 -2.225000e+01
         vertex 6.552374e+01 3.438951e+01 -2.938000e+01
         vertex 6.410552e+01 3.696597e+01 -2.225000e+01
      endloop
   endfacet
   facet normal 8.760472e-01 4.822254e-01 0.000000e+00
      outer loop
         vertex 6.552374e+01 3.438951e+01 -2.938000e+01
         vertex 6.410552e+01 3.696597e+01 -2.938000e+01
         vertex 6.410552e+01 3.696597e+01 -2.225000e+01
      endloop
   endfacet
   facet normal 8.559177e-01 5.171121e-01 0.000000e+00
      outer loop
         vertex 6.410552e+01 3.696597e+01 -2.225000e+01
         vertex 6.410552e+01 3.696597e+01 -2.938000e+01
         vertex 6.254406e+01 3.955047e+01 -2.938000e+01
      endloop
   endfacet
   facet normal 8.454326e-01 5.340157e-01 8.423453e-03
      outer loop
         vertex 6.410552e+01 3.696597e+01 -2.225000e+01
         vertex 6.254406e+01 3.955047e+01 -2.938000e+01
         vertex 6.092140e+01 4.200694e+01 -2.225000e+01
      endloop
   endfacet
   facet normal 8.343918e-01 5.511718e-01 0.000000e+00
      outer loop
         vertex 6.254406e+01 3.955047e+01 -2.938000e+01
         vertex 6.092140e+01 4.200694e+01 -2.938000e+01
         vertex 6.092140e+01 4.200694e+01 -2.225000e+01
      endloop
   endfacet
   facet normal 8.115211e-01 5.843231e-01 0.000000e+00
      outer loop
         vertex 6.092140e+01 4.200694e+01 -2.225000e+01
         vertex 6.092140e+01 4.200694e+01 -2.938000e+01
         vertex 5.915876e+01 4.445493e+01 -2.938000e+01
      endloop
   endfacet
   facet normal 7.996964e-01 6.003455e-01 8.424334e-03
      outer loop
         vertex 6.092140e+01 4.200694e+01 -2.225000e+01
         vertex 5.915876e+01 4.445493e+01 -2.938000e+01
         vertex 5.734179e+01 4.677520e+01 -2.225000e+01
      endloop
   endfacet
   facet normal 7.873217e-01 6.165424e-01 0.000000e+00
      outer loop
         vertex 5.915876e+01 4.445493e+01 -2.938000e+01
         vertex 5.734179e+01 4.677520e+01 -2.938000e+01
         vertex 5.734179e+01 4.677520e+01 -2.225000e+01
      endloop
   endfacet
   facet normal 7.618580e-01 6.477440e-01 0.000000e+00
      outer loop
         vertex 5.734179e+01 4.677520e+01 -2.225000e+01
         vertex 5.734179e+01 4.677520e+01 -2.938000e+01
         vertex 5.538980e+01 4.907108e+01 -2.938000e+01
      endloop
   endfacet
   facet normal 7.487686e-01 6.627780e-01 8.424492e-03
      outer loop
         vertex 5.734179e+01 4.677520e+01 -2.225000e+01
         vertex 5.538980e+01 4.907108e+01 -2.938000e+01
         vertex 5.338991e+01 5.123980e+01 -2.225000e+01
      endloop
   endfacet
   facet normal 7.351440e-01 6.779109e-01 0.000000e+00
      outer loop
         vertex 5.538980e+01 4.907108e+01 -2.938000e+01
         vertex 5.338991e+01 5.123980e+01 -2.938000e+01
         vertex 5.338991e+01 5.123980e+01 -2.225000e+01
      endloop
   endfacet
   facet normal 7.072515e-01 7.069620e-01 0.000000e+00
      outer loop
         vertex 5.338991e+01 5.123980e+01 -2.225000e+01
         vertex 5.338991e+01 5.123980e+01 -2.938000e+01
         vertex 5.126160e+01 5.336898e+01 -2.938000e+01
      endloop
   endfacet
   facet normal 6.929794e-01 7.209082e-01 8.424901e-03
      outer loop
         vertex 5.338991e+01 5.123980e+01 -2.225000e+01
         vertex 5.126160e+01 5.336898e+01 -2.938000e+01
         vertex 4.909143e+01 5.537175e+01 -2.225000e+01
      endloop
   endfacet
   facet normal 6.781954e-01 7.348816e-01 0.000000e+00
      outer loop
         vertex 5.126160e+01 5.336898e+01 -2.938000e+01
         vertex 4.909143e+01 5.537175e+01 -2.938000e+01
         vertex 4.909143e+01 5.537175e+01 -2.225000e+01
      endloop
   endfacet
   facet normal 6.480552e-01 7.615934e-01 0.000000e+00
      outer loop
         vertex 4.909143e+01 5.537175e+01 -2.225000e+01
         vertex 4.909143e+01 5.537175e+01 -2.938000e+01
         vertex 4.680096e+01 5.732077e+01 -2.938000e+01
      endloop
   endfacet
   facet normal 6.326920e-01 7.743577e-01 8.424526e-03
      outer loop
         vertex 4.909143e+01 5.537175e+01 -2.225000e+01
         vertex 4.680096e+01 5.732077e+01 -2.938000e+01
         vertex 4.447426e+01 5.914424e+01 -2.225000e+01
      endloop
   endfacet
   facet normal 6.168481e-01 7.870823e-01 0.000000e+00
      outer loop
         vertex 4.680096e+01 5.732077e+01 -2.938000e+01
         vertex 4.447426e+01 5.914424e+01 -2.938000e+01
         vertex 4.447426e+01 5.914424e+01 -2.225000e+01
      endloop
   endfacet
   facet normal 5.846546e-01 8.112823e-01 0.000000e+00
      outer loop
         vertex 4.447426e+01 5.914424e+01 -2.225000e+01
         vertex 4.447426e+01 5.914424e+01 -2.938000e+01
         vertex 4.203679e+01 6.090081e+01 -2.938000e+01
      endloop
   endfacet
   facet normal 5.682961e-01 8.227810e-01 8.425191e-03
      outer loop
         vertex 4.447426e+01 5.914424e+01 -2.225000e+01
         vertex 4.203679e+01 6.090081e+01 -2.938000e+01
         vertex 3.956835e+01 6.253275e+01 -2.225000e+01
      endloop
   endfacet
   facet normal 5.514952e-01 8.341781e-01 0.000000e+00
      outer loop
         vertex 4.203679e+01 6.090081e+01 -2.938000e+01
         vertex 3.956835e+01 6.253275e+01 -2.938000e+01
         vertex 3.956835e+01 6.253275e+01 -2.225000e+01
      endloop
   endfacet
   facet normal 5.174609e-01 8.557069e-01 0.000000e+00
      outer loop
         vertex 3.956835e+01 6.253275e+01 -2.225000e+01
         vertex 3.956835e+01 6.253275e+01 -2.938000e+01
         vertex 3.700000e+01 6.408588e+01 -2.938000e+01
      endloop
   endfacet
   facet normal 5.002127e-01 8.658616e-01 8.425094e-03
      outer loop
         vertex 3.956835e+01 6.253275e+01 -2.225000e+01
         vertex 3.700000e+01 6.408588e+01 -2.938000e+01
         vertex 3.440557e+01 6.551532e+01 -2.225000e+01
      endloop
   endfacet
   facet normal 4.825671e-01 8.758590e-01 0.000000e+00
      outer loop
         vertex 3.700000e+01 6.408588e+01 -2.938000e+01
         vertex 3.440557e+01 6.551532e+01 -2.938000e+01
         vertex 3.440557e+01 6.551532e+01 -2.225000e+01
      endloop
   endfacet
   facet normal 4.469084e-01 8.945797e-01 0.000000e+00
      outer loop
         vertex 3.440557e+01 6.551532e+01 -2.225000e+01
         vertex 3.440557e+01 6.551532e+01 -2.938000e+01
         vertex 3.172325e+01 6.685533e+01 -2.938000e+01
      endloop
   endfacet
   facet normal 4.518527e-01 8.920895e-01 -2.328040e-03
      outer loop
         vertex 3.440557e+01 6.551532e+01 -2.225000e+01
         vertex 3.172325e+01 6.685533e+01 -2.938000e+01
         vertex 3.246152e+01 6.650000e+01 -2.225000e+01
      endloop
   endfacet
   facet normal 4.105045e-01 9.118538e-01 2.938283e-03
      outer loop
         vertex 3.246152e+01 6.650000e+01 -2.225000e+01
         vertex 3.172325e+01 6.685533e+01 -2.938000e+01
         vertex 2.901943e+01 6.807256e+01 -2.938000e+01
      endloop
   endfacet
   facet normal 4.155481e-01 9.095712e-01 -0.000000e+00
      outer loop
         vertex 3.246152e+01 6.650000e+01 -2.225000e+01
         vertex 2.901943e+01 6.807256e+01 -2.938000e+01
         vertex 3.246152e+01 6.650000e+01 -1.250000e+01
      endloop
   endfacet
   facet normal 5.002304e-01 8.658923e-01 -2.340098e-04
      outer loop
         vertex 3.952140e+01 6.256244e+01 -3.000000e+00
         vertex 3.956835e+01 6.253275e+01 -1.250000e+01
         vertex 3.440557e+01 6.551532e+01 -1.250000e+01
      endloop
   endfacet
   facet normal 5.344824e-01 8.451796e-01 0.000000e+00
      outer loop
         vertex 3.952140e+01 6.256244e+01 -3.000000e+00
         vertex 3.956835e+01 6.253275e+01 -3.000000e+00
         vertex 3.956835e+01 6.253275e+01 -1.250000e+01
      endloop
   endfacet
   facet normal 5.679634e-01 8.230538e-01 -0.000000e+00
      outer loop
         vertex 3.956835e+01 6.253275e+01 -1.250000e+01
         vertex 3.956835e+01 6.253275e+01 -3.000000e+00
         vertex 4.442350e+01 5.918237e+01 -3.000000e+00
      endloop
   endfacet
   facet normal 5.683163e-01 8.228102e-01 -2.662507e-04
      outer loop
         vertex 3.956835e+01 6.253275e+01 -1.250000e+01
         vertex 4.442350e+01 5.918237e+01 -3.000000e+00
         vertex 4.447426e+01 5.914424e+01 -1.250000e+01
      endloop
   endfacet
   facet normal 6.006476e-01 7.995139e-01 0.000000e+00
      outer loop
         vertex 4.442350e+01 5.918237e+01 -3.000000e+00
         vertex 4.447426e+01 5.914424e+01 -3.000000e+00
         vertex 4.447426e+01 5.914424e+01 -1.250000e+01
      endloop
   endfacet
   facet normal 6.323403e-01 7.746908e-01 -0.000000e+00
      outer loop
         vertex 4.447426e+01 5.914424e+01 -1.250000e+01
         vertex 4.447426e+01 5.914424e+01 -3.000000e+00
         vertex 4.903797e+01 5.541911e+01 -3.000000e+00
      endloop
   endfacet
   facet normal 6.327144e-01 7.743852e-01 -2.995525e-04
      outer loop
         vertex 4.447426e+01 5.914424e+01 -1.250000e+01
         vertex 4.903797e+01 5.541911e+01 -3.000000e+00
         vertex 4.909143e+01 5.537175e+01 -1.250000e+01
      endloop
   endfacet
   facet normal 6.630678e-01 7.485593e-01 0.000000e+00
      outer loop
         vertex 4.903797e+01 5.541911e+01 -3.000000e+00
         vertex 4.909143e+01 5.537175e+01 -3.000000e+00
         vertex 4.909143e+01 5.537175e+01 -1.250000e+01
      endloop
   endfacet
   facet normal 6.926176e-01 7.213050e-01 -0.000000e+00
      outer loop
         vertex 4.909143e+01 5.537175e+01 -1.250000e+01
         vertex 4.909143e+01 5.537175e+01 -3.000000e+00
         vertex 5.333493e+01 5.129702e+01 -3.000000e+00
      endloop
   endfacet
   facet normal 6.930039e-01 7.209337e-01 -3.318322e-04
      outer loop
         vertex 4.909143e+01 5.537175e+01 -1.250000e+01
         vertex 5.333493e+01 5.129702e+01 -3.000000e+00
         vertex 5.338991e+01 5.123980e+01 -1.250000e+01
      endloop
   endfacet
   facet normal 7.210955e-01 6.928357e-01 0.000000e+00
      outer loop
         vertex 5.333493e+01 5.129702e+01 -3.000000e+00
         vertex 5.338991e+01 5.123980e+01 -3.000000e+00
         vertex 5.338991e+01 5.123980e+01 -1.250000e+01
      endloop
   endfacet
   facet normal 7.484039e-01 6.632432e-01 -0.000000e+00
      outer loop
         vertex 5.338991e+01 5.123980e+01 -1.250000e+01
         vertex 5.338991e+01 5.123980e+01 -3.000000e+00
         vertex 5.728657e+01 4.684281e+01 -3.000000e+00
      endloop
   endfacet
   facet normal 7.487951e-01 6.628015e-01 -3.648992e-04
      outer loop
         vertex 5.338991e+01 5.123980e+01 -1.250000e+01
         vertex 5.728657e+01 4.684281e+01 -3.000000e+00
         vertex 5.734179e+01 4.677520e+01 -1.250000e+01
      endloop
   endfacet
   facet normal 7.745255e-01 6.325427e-01 0.000000e+00
      outer loop
         vertex 5.728657e+01 4.684281e+01 -3.000000e+00
         vertex 5.734179e+01 4.677520e+01 -3.000000e+00
         vertex 5.734179e+01 4.677520e+01 -1.250000e+01
      endloop
   endfacet
   facet normal 7.993382e-01 6.008813e-01 -0.000000e+00
      outer loop
         vertex 5.734179e+01 4.677520e+01 -1.250000e+01
         vertex 5.734179e+01 4.677520e+01 -3.000000e+00
         vertex 6.086729e+01 4.208530e+01 -3.000000e+00
      endloop
   endfacet
   facet normal 7.997247e-01 6.003668e-01 -3.974350e-04
      outer loop
         vertex 5.734179e+01 4.677520e+01 -1.250000e+01
         vertex 6.086729e+01 4.208530e+01 -3.000000e+00
         vertex 6.092140e+01 4.200694e+01 -1.250000e+01
      endloop
   endfacet
   facet normal 8.228999e-01 5.681863e-01 0.000000e+00
      outer loop
         vertex 6.086729e+01 4.208530e+01 -3.000000e+00
         vertex 6.092140e+01 4.200694e+01 -3.000000e+00
         vertex 6.092140e+01 4.200694e+01 -1.250000e+01
      endloop
   endfacet
   facet normal 8.450901e-01 5.346239e-01 -0.000000e+00
      outer loop
         vertex 6.092140e+01 4.200694e+01 -1.250000e+01
         vertex 6.092140e+01 4.200694e+01 -3.000000e+00
         vertex 6.405392e+01 3.705530e+01 -3.000000e+00
      endloop
   endfacet
   facet normal 8.454625e-01 5.340345e-01 -4.299739e-04
      outer loop
         vertex 6.092140e+01 4.200694e+01 -1.250000e+01
         vertex 6.405392e+01 3.705530e+01 -3.000000e+00
         vertex 6.410552e+01 3.696597e+01 -1.250000e+01
      endloop
   endfacet
   facet normal 8.659450e-01 5.001392e-01 0.000000e+00
      outer loop
         vertex 6.405392e+01 3.705530e+01 -3.000000e+00
         vertex 6.410552e+01 3.696597e+01 -3.000000e+00
         vertex 6.410552e+01 3.696597e+01 -1.250000e+01
      endloop
   endfacet
   facet normal 8.853637e-01 4.648991e-01 -0.000000e+00
      outer loop
         vertex 6.410552e+01 3.696597e+01 -1.250000e+01
         vertex 6.410552e+01 3.696597e+01 -3.000000e+00
         vertex 6.682581e+01 3.178538e+01 -3.000000e+00
      endloop
   endfacet
   facet normal 8.857122e-01 4.642345e-01 -4.622041e-04
      outer loop
         vertex 6.410552e+01 3.696597e+01 -1.250000e+01
         vertex 6.682581e+01 3.178538e+01 -3.000000e+00
         vertex 6.687346e+01 3.168502e+01 -1.250000e+01
      endloop
   endfacet
   facet normal 9.033681e-01 4.288660e-01 0.000000e+00
      outer loop
         vertex 6.682581e+01 3.178538e+01 -3.000000e+00
         vertex 6.687346e+01 3.168502e+01 -3.000000e+00
         vertex 6.687346e+01 3.168502e+01 -1.250000e+01
      endloop
   endfacet
   facet normal 9.198962e-01 3.921620e-01 -0.000000e+00
      outer loop
         vertex 6.687346e+01 3.168502e+01 -1.250000e+01
         vertex 6.687346e+01 3.168502e+01 -3.000000e+00
         vertex 6.916504e+01 2.630966e+01 -3.000000e+00
      endloop
   endfacet
   facet normal 9.202113e-01 3.914218e-01 -4.948811e-04
      outer loop
         vertex 6.687346e+01 3.168502e+01 -1.250000e+01
         vertex 6.916504e+01 2.630966e+01 -3.000000e+00
         vertex 6.920727e+01 2.619837e+01 -1.250000e+01
      endloop
   endfacet
   facet normal 9.349530e-01 3.547717e-01 0.000000e+00
      outer loop
         vertex 6.916504e+01 2.630966e+01 -3.000000e+00
         vertex 6.920727e+01 2.619837e+01 -3.000000e+00
         vertex 6.920727e+01 2.619837e+01 -1.250000e+01
      endloop
   endfacet
   facet normal 9.484654e-01 3.168806e-01 -0.000000e+00
      outer loop
         vertex 6.920727e+01 2.619837e+01 -1.250000e+01
         vertex 6.920727e+01 2.619837e+01 -3.000000e+00
         vertex 7.105643e+01 2.066359e+01 -3.000000e+00
      endloop
   endfacet
   facet normal 9.487367e-01 3.160672e-01 -5.266800e-04
      outer loop
         vertex 6.920727e+01 2.619837e+01 -1.250000e+01
         vertex 7.105643e+01 2.066359e+01 -3.000000e+00
         vertex 7.109178e+01 2.054164e+01 -1.250000e+01
      endloop
   endfacet
   facet normal 9.604550e-01 2.784353e-01 0.000000e+00
      outer loop
         vertex 7.105643e+01 2.066359e+01 -3.000000e+00
         vertex 7.109178e+01 2.054164e+01 -3.000000e+00
         vertex 7.109178e+01 2.054164e+01 -1.250000e+01
      endloop
   endfacet
   facet normal 9.708848e-01 2.395467e-01 -0.000000e+00
      outer loop
         vertex 7.109178e+01 2.054164e+01 -1.250000e+01
         vertex 7.109178e+01 2.054164e+01 -3.000000e+00
         vertex 7.248776e+01 1.488373e+01 -3.000000e+00
      endloop
   endfacet
   facet normal 9.711028e-01 2.386608e-01 -5.596524e-04
      outer loop
         vertex 7.109178e+01 2.054164e+01 -1.250000e+01
         vertex 7.248776e+01 1.488373e+01 -3.000000e+00
         vertex 7.251476e+01 1.475156e+01 -1.250000e+01
      endloop
   endfacet
   facet normal 9.797543e-01 2.002035e-01 0.000000e+00
      outer loop
         vertex 7.248776e+01 1.488373e+01 -3.000000e+00
         vertex 7.251476e+01 1.475156e+01 -3.000000e+00
         vertex 7.251476e+01 1.475156e+01 -1.250000e+01
      endloop
   endfacet
   facet normal 9.870099e-01 1.606592e-01 -0.000000e+00
      outer loop
         vertex 7.251476e+01 1.475156e+01 -1.250000e+01
         vertex 7.251476e+01 1.475156e+01 -3.000000e+00
         vertex 7.344975e+01 9.007502e+00 -3.000000e+00
      endloop
   endfacet
   facet normal 9.871644e-01 1.597062e-01 -5.914681e-04
      outer loop
         vertex 7.251476e+01 1.475156e+01 -1.250000e+01
         vertex 7.344975e+01 9.007502e+00 -3.000000e+00
         vertex 7.346699e+01 8.865707e+00 -1.250000e+01
      endloop
   endfacet
   facet normal 9.926829e-01 1.207504e-01 0.000000e+00
      outer loop
         vertex 7.344975e+01 9.007502e+00 -3.000000e+00
         vertex 7.346699e+01 8.865707e+00 -3.000000e+00
         vertex 7.346699e+01 8.865707e+00 -1.250000e+01
      endloop
   endfacet
   facet normal 9.967361e-01 8.072833e-02 -0.000000e+00
      outer loop
         vertex 7.346699e+01 8.865707e+00 -1.250000e+01
         vertex 7.346699e+01 8.865707e+00 -3.000000e+00
         vertex 7.393616e+01 3.072954e+00 -3.000000e+00
      endloop
   endfacet
   facet normal 9.968177e-01 7.971313e-02 -6.230559e-04
      outer loop
         vertex 7.346699e+01 8.865707e+00 -1.250000e+01
         vertex 7.393616e+01 3.072954e+00 -3.000000e+00
         vertex 7.394227e+01 2.922301e+00 -1.250000e+01
      endloop
   endfacet
   facet normal 9.991787e-01 4.051985e-02 0.000000e+00
      outer loop
         vertex 7.393616e+01 3.072954e+00 -3.000000e+00
         vertex 7.394227e+01 2.922301e+00 -3.000000e+00
         vertex 7.394227e+01 2.922301e+00 -1.250000e+01
      endloop
   endfacet
   facet normal 1.000000e+00 2.760049e-04 -0.000000e+00
      outer loop
         vertex 7.394227e+01 2.922301e+00 -1.250000e+01
         vertex 7.394227e+01 2.922301e+00 -3.000000e+00
         vertex 7.394388e+01 -2.881491e+00 -3.000000e+00
      endloop
   endfacet
   facet normal 9.999995e-01 -7.959942e-04 -6.549114e-04
      outer loop
         vertex 7.394227e+01 2.922301e+00 -1.250000e+01
         vertex 7.394388e+01 -2.881491e+00 -3.000000e+00
         vertex 7.393753e+01 -3.040076e+00 -1.250000e+01
      endloop
   endfacet
   facet normal 9.991998e-01 -3.999616e-02 0.000000e+00
      outer loop
         vertex 7.394388e+01 -2.881491e+00 -3.000000e+00
         vertex 7.393753e+01 -3.040076e+00 -3.000000e+00
         vertex 7.393753e+01 -3.040076e+00 -1.250000e+01
      endloop
   endfacet
   facet normal 9.967805e-01 -8.017920e-02 0.000000e+00
      outer loop
         vertex 7.393753e+01 -3.040076e+00 -1.250000e+01
         vertex 7.393753e+01 -3.040076e+00 -3.000000e+00
         vertex 7.347282e+01 -8.817279e+00 -3.000000e+00
      endloop
   endfacet
   facet normal 9.966893e-01 -8.130137e-02 -6.868790e-04
      outer loop
         vertex 7.393753e+01 -3.040076e+00 -1.250000e+01
         vertex 7.347282e+01 -8.817279e+00 -3.000000e+00
         vertex 7.345278e+01 -8.982717e+00 -1.250000e+01
      endloop
   endfacet
   facet normal 9.927417e-01 -1.202659e-01 0.000000e+00
      outer loop
         vertex 7.347282e+01 -8.817279e+00 -3.000000e+00
         vertex 7.345278e+01 -8.982717e+00 -3.000000e+00
         vertex 7.345278e+01 -8.982717e+00 -1.250000e+01
      endloop
   endfacet
   facet normal 9.870986e-01 -1.601134e-01 0.000000e+00
      outer loop
         vertex 7.345278e+01 -8.982717e+00 -1.250000e+01
         vertex 7.345278e+01 -8.982717e+00 -3.000000e+00
         vertex 7.252605e+01 -1.469598e+01 -3.000000e+00
      endloop
   endfacet
   facet normal 9.869087e-01 -1.612781e-01 -7.189996e-04
      outer loop
         vertex 7.345278e+01 -8.982717e+00 -1.250000e+01
         vertex 7.252605e+01 -1.469598e+01 -3.000000e+00
         vertex 7.249118e+01 -1.486704e+01 -1.250000e+01
      endloop
   endfacet
   facet normal 9.798435e-01 -1.997669e-01 0.000000e+00
      outer loop
         vertex 7.252605e+01 -1.469598e+01 -3.000000e+00
         vertex 7.249118e+01 -1.486704e+01 -3.000000e+00
         vertex 7.249118e+01 -1.486704e+01 -1.250000e+01
      endloop
   endfacet
   facet normal 9.710171e-01 -2.390101e-01 0.000000e+00
      outer loop
         vertex 7.249118e+01 -1.486704e+01 -1.250000e+01
         vertex 7.249118e+01 -1.486704e+01 -3.000000e+00
         vertex 7.110970e+01 -2.047952e+01 -3.000000e+00
      endloop
   endfacet
   facet normal 9.707212e-01 -2.402078e-01 -7.506032e-04
      outer loop
         vertex 7.249118e+01 -1.486704e+01 -1.250000e+01
         vertex 7.110970e+01 -2.047952e+01 -3.000000e+00
         vertex 7.105897e+01 -2.065485e+01 -1.250000e+01
      endloop
   endfacet
   facet normal 9.605958e-01 -2.779490e-01 0.000000e+00
      outer loop
         vertex 7.110970e+01 -2.047952e+01 -3.000000e+00
         vertex 7.105897e+01 -2.065485e+01 -3.000000e+00
         vertex 7.105897e+01 -2.065485e+01 -1.250000e+01
      endloop
   endfacet
   facet normal 9.486400e-01 -3.163578e-01 0.000000e+00
      outer loop
         vertex 7.105897e+01 -2.065485e+01 -1.250000e+01
         vertex 7.105897e+01 -2.065485e+01 -3.000000e+00
         vertex 6.923293e+01 -2.613047e+01 -3.000000e+00
      endloop
   endfacet
   facet normal 9.482319e-01 -3.175779e-01 -7.816645e-04
      outer loop
         vertex 7.105897e+01 -2.065485e+01 -1.250000e+01
         vertex 6.923293e+01 -2.613047e+01 -3.000000e+00
         vertex 6.916545e+01 -2.630857e+01 -1.250000e+01
      endloop
   endfacet
   facet normal 9.351289e-01 -3.543078e-01 0.000000e+00
      outer loop
         vertex 6.923293e+01 -2.613047e+01 -3.000000e+00
         vertex 6.916545e+01 -2.630857e+01 -3.000000e+00
         vertex 6.916545e+01 -2.630857e+01 -1.250000e+01
      endloop
   endfacet
   facet normal 9.201127e-01 -3.916538e-01 0.000000e+00
      outer loop
         vertex 6.916545e+01 -2.630857e+01 -1.250000e+01
         vertex 6.916545e+01 -2.630857e+01 -3.000000e+00
         vertex 6.690790e+01 -3.161223e+01 -3.000000e+00
      endloop
   endfacet
   facet normal 9.195867e-01 -3.928863e-01 -8.130432e-04
      outer loop
         vertex 6.916545e+01 -2.630857e+01 -1.250000e+01
         vertex 6.690790e+01 -3.161223e+01 -3.000000e+00
         vertex 6.682291e+01 -3.179150e+01 -1.250000e+01
      endloop
   endfacet
   facet normal 9.035936e-01 -4.283906e-01 0.000000e+00
      outer loop
         vertex 6.690790e+01 -3.161223e+01 -3.000000e+00
         vertex 6.682291e+01 -3.179150e+01 -3.000000e+00
         vertex 6.682291e+01 -3.179150e+01 -1.250000e+01
      endloop
   endfacet
   facet normal 8.856195e-01 -4.644115e-01 0.000000e+00
      outer loop
         vertex 6.682291e+01 -3.179150e+01 -1.250000e+01
         vertex 6.682291e+01 -3.179150e+01 -3.000000e+00
         vertex 6.414966e+01 -3.688931e+01 -3.000000e+00
      endloop
   endfacet
   facet normal 8.849711e-01 -4.656453e-01 -8.445009e-04
      outer loop
         vertex 6.682291e+01 -3.179150e+01 -1.250000e+01
         vertex 6.414966e+01 -3.688931e+01 -3.000000e+00
         vertex 6.404655e+01 -3.706803e+01 -1.250000e+01
      endloop
   endfacet
   facet normal 8.661958e-01 -4.997047e-01 0.000000e+00
      outer loop
         vertex 6.414966e+01 -3.688931e+01 -3.000000e+00
         vertex 6.404655e+01 -3.706803e+01 -3.000000e+00
         vertex 6.404655e+01 -3.706803e+01 -1.250000e+01
      endloop
   endfacet
   facet normal 8.453851e-01 -5.341573e-01 0.000000e+00
      outer loop
         vertex 6.404655e+01 -3.706803e+01 -1.250000e+01
         vertex 6.404655e+01 -3.706803e+01 -3.000000e+00
         vertex 6.097607e+01 -4.192755e+01 -3.000000e+00
      endloop
   endfacet
   facet normal 8.446107e-01 -5.353802e-01 -8.758336e-04
      outer loop
         vertex 6.404655e+01 -3.706803e+01 -1.250000e+01
         vertex 6.097607e+01 -4.192755e+01 -3.000000e+00
         vertex 6.085441e+01 -4.210392e+01 -1.250000e+01
      endloop
   endfacet
   facet normal 8.231836e-01 -5.677752e-01 0.000000e+00
      outer loop
         vertex 6.097607e+01 -4.192755e+01 -3.000000e+00
         vertex 6.085441e+01 -4.210392e+01 -3.000000e+00
         vertex 6.085441e+01 -4.210392e+01 -1.250000e+01
      endloop
   endfacet
   facet normal 7.996698e-01 -6.004401e-01 0.000000e+00
      outer loop
         vertex 6.085441e+01 -4.210392e+01 -1.250000e+01
         vertex 6.085441e+01 -4.210392e+01 -3.000000e+00
         vertex 5.740767e+01 -4.669431e+01 -3.000000e+00
      endloop
   endfacet
   facet normal 7.987673e-01 -6.016395e-01 -9.069901e-04
      outer loop
         vertex 6.085441e+01 -4.210392e+01 -1.250000e+01
         vertex 5.740767e+01 -4.669431e+01 -3.000000e+00
         vertex 5.726721e+01 -4.686648e+01 -1.250000e+01
      endloop
   endfacet
   facet normal 7.748365e-01 -6.321617e-01 0.000000e+00
      outer loop
         vertex 5.740767e+01 -4.669431e+01 -3.000000e+00
         vertex 5.726721e+01 -4.686648e+01 -3.000000e+00
         vertex 5.726721e+01 -4.686648e+01 -1.250000e+01
      endloop
   endfacet
   facet normal 7.487699e-01 -6.628300e-01 0.000000e+00
      outer loop
         vertex 5.726721e+01 -4.686648e+01 -1.250000e+01
         vertex 5.726721e+01 -4.686648e+01 -3.000000e+00
         vertex 5.346759e+01 -5.115874e+01 -3.000000e+00
      endloop
   endfacet
   facet normal 7.477378e-01 -6.639935e-01 -9.384605e-04
      outer loop
         vertex 5.726721e+01 -4.686648e+01 -1.250000e+01
         vertex 5.346759e+01 -5.115874e+01 -3.000000e+00
         vertex 5.330823e+01 -5.132478e+01 -1.250000e+01
      endloop
   endfacet
   facet normal 7.214540e-01 -6.924624e-01 0.000000e+00
      outer loop
         vertex 5.346759e+01 -5.115874e+01 -3.000000e+00
         vertex 5.330823e+01 -5.132478e+01 -3.000000e+00
         vertex 5.330823e+01 -5.132478e+01 -1.250000e+01
      endloop
   endfacet
   facet normal 6.930158e-01 -7.209224e-01 0.000000e+00
      outer loop
         vertex 5.330823e+01 -5.132478e+01 -1.250000e+01
         vertex 5.330823e+01 -5.132478e+01 -3.000000e+00
         vertex 4.918131e+01 -5.529194e+01 -3.000000e+00
      endloop
   endfacet
   facet normal 6.918549e-01 -7.220359e-01 -9.692371e-04
      outer loop
         vertex 5.330823e+01 -5.132478e+01 -1.250000e+01
         vertex 4.918131e+01 -5.529194e+01 -3.000000e+00
         vertex 4.900317e+01 -5.544988e+01 -1.250000e+01
      endloop
   endfacet
   facet normal 6.634115e-01 -7.482548e-01 0.000000e+00
      outer loop
         vertex 4.918131e+01 -5.529194e+01 -3.000000e+00
         vertex 4.900317e+01 -5.544988e+01 -3.000000e+00
         vertex 4.900317e+01 -5.544988e+01 -1.250000e+01
      endloop
   endfacet
   facet normal 6.327678e-01 -7.743416e-01 0.000000e+00
      outer loop
         vertex 4.900317e+01 -5.544988e+01 -1.250000e+01
         vertex 4.900317e+01 -5.544988e+01 -3.000000e+00
         vertex 4.457660e+01 -5.906714e+01 -3.000000e+00
      endloop
   endfacet
   facet normal 6.314795e-01 -7.753920e-01 -1.000234e-03
      outer loop
         vertex 4.900317e+01 -5.544988e+01 -1.250000e+01
         vertex 4.457660e+01 -5.906714e+01 -3.000000e+00
         vertex 4.437999e+01 -5.921500e+01 -1.250000e+01
      endloop
   endfacet
   facet normal 6.010583e-01 -7.992052e-01 0.000000e+00
      outer loop
         vertex 4.457660e+01 -5.906714e+01 -3.000000e+00
         vertex 4.437999e+01 -5.921500e+01 -3.000000e+00
         vertex 4.437999e+01 -5.921500e+01 -1.250000e+01
      endloop
   endfacet
   facet normal 5.684180e-01 -8.227399e-01 0.000000e+00
      outer loop
         vertex 4.437999e+01 -5.921500e+01 -1.250000e+01
         vertex 4.437999e+01 -5.921500e+01 -3.000000e+00
         vertex 3.968327e+01 -6.245989e+01 -3.000000e+00
      endloop
   endfacet
   facet normal 5.670050e-01 -8.237137e-01 -1.031167e-03
      outer loop
         vertex 4.437999e+01 -5.921500e+01 -1.250000e+01
         vertex 3.968327e+01 -6.245989e+01 -3.000000e+00
         vertex 3.946869e+01 -6.259570e+01 -1.250000e+01
      endloop
   endfacet
   facet normal 5.348074e-01 -8.449740e-01 0.000000e+00
      outer loop
         vertex 3.968327e+01 -6.245989e+01 -3.000000e+00
         vertex 3.946869e+01 -6.259570e+01 -3.000000e+00
         vertex 3.946869e+01 -6.259570e+01 -1.250000e+01
      endloop
   endfacet
   facet normal 5.003829e-01 -8.658042e-01 0.000000e+00
      outer loop
         vertex 3.946869e+01 -6.259570e+01 -1.250000e+01
         vertex 3.946869e+01 -6.259570e+01 -3.000000e+00
         vertex 3.453300e+01 -6.544824e+01 -3.000000e+00
      endloop
   endfacet
   facet normal 4.988495e-01 -8.666880e-01 -1.062063e-03
      outer loop
         vertex 3.946869e+01 -6.259570e+01 -1.250000e+01
         vertex 3.453300e+01 -6.544824e+01 -3.000000e+00
         vertex 3.430117e+01 -6.557003e+01 -1.250000e+01
      endloop
   endfacet
   facet normal 4.527218e-01 -8.916517e-01 3.836387e-04
      outer loop
         vertex 3.430117e+01 -6.557003e+01 -1.250000e+01
         vertex 3.453300e+01 -6.544824e+01 -3.000000e+00
         vertex 3.246152e+01 -6.650000e+01 -3.000000e+00
      endloop
   endfacet
   facet normal 4.511446e-01 -8.924508e-01 0.000000e+00
      outer loop
         vertex 3.430117e+01 -6.557003e+01 -1.250000e+01
         vertex 3.246152e+01 -6.650000e+01 -3.000000e+00
         vertex 3.246152e+01 -6.650000e+01 -1.250000e+01
      endloop
   endfacet
   facet normal -4.469084e-01 8.945797e-01 0.000000e+00
      outer loop
         vertex -3.440557e+01 6.551532e+01 -2.938000e+01
         vertex -3.440557e+01 6.551532e+01 -2.225000e+01
         vertex -3.172325e+01 6.685533e+01 -2.938000e+01
      endloop
   endfacet
   facet normal -4.518527e-01 8.920895e-01 -2.328040e-03
      outer loop
         vertex -3.172325e+01 6.685533e+01 -2.938000e+01
         vertex -3.440557e+01 6.551532e+01 -2.225000e+01
         vertex -3.246152e+01 6.650000e+01 -2.225000e+01
      endloop
   endfacet
   facet normal -4.105045e-01 9.118538e-01 2.938283e-03
      outer loop
         vertex -3.172325e+01 6.685533e+01 -2.938000e+01
         vertex -3.246152e+01 6.650000e+01 -2.225000e+01
         vertex -2.901943e+01 6.807256e+01 -2.938000e+01
      endloop
   endfacet
   facet normal -4.155481e-01 9.095712e-01 0.000000e+00
      outer loop
         vertex -2.901943e+01 6.807256e+01 -2.938000e+01
         vertex -3.246152e+01 6.650000e+01 -2.225000e+01
         vertex -2.901943e+01 6.807256e+01 -3.000000e+00
      endloop
   endfacet
   facet normal -3.734555e-01 9.276481e-01 0.000000e+00
      outer loop
         vertex -2.901943e+01 6.807256e+01 -2.938000e+01
         vertex -2.901943e+01 6.807256e+01 -3.000000e+00
         vertex -2.624076e+01 6.919120e+01 -2.938000e+01
      endloop
   endfacet
   facet normal -3.918890e-01 9.200097e-01 -2.265547e-03
      outer loop
         vertex -2.624076e+01 6.919120e+01 -2.938000e+01
         vertex -2.901943e+01 6.807256e+01 -3.000000e+00
         vertex -2.898293e+01 6.808811e+01 -3.000000e+00
      endloop
   endfacet
   facet normal -3.357776e-01 9.419306e-01 4.483791e-03
      outer loop
         vertex -2.624076e+01 6.919120e+01 -2.938000e+01
         vertex -2.898293e+01 6.808811e+01 -3.000000e+00
         vertex -2.344490e+01 7.018787e+01 -2.938000e+01
      endloop
   endfacet
   facet normal -3.545256e-01 9.350463e-01 0.000000e+00
      outer loop
         vertex -2.344490e+01 7.018787e+01 -2.938000e+01
         vertex -2.898293e+01 6.808811e+01 -3.000000e+00
         vertex -2.344490e+01 7.018787e+01 -3.000000e+00
      endloop
   endfacet
   facet normal -2.975805e-01 9.546967e-01 0.000000e+00
      outer loop
         vertex -2.344490e+01 7.018787e+01 -2.938000e+01
         vertex -2.344490e+01 7.018787e+01 -3.000000e+00
         vertex -2.058809e+01 7.107834e+01 -2.938000e+01
      endloop
   endfacet
   facet normal -3.166318e-01 9.485458e-01 -2.270775e-03
      outer loop
         vertex -2.058809e+01 7.107834e+01 -2.938000e+01
         vertex -2.344490e+01 7.018787e+01 -3.000000e+00
         vertex -2.341479e+01 7.019792e+01 -3.000000e+00
      endloop
   endfacet
   facet normal -2.588753e-01 9.659003e-01 4.497202e-03
      outer loop
         vertex -2.058809e+01 7.107834e+01 -2.938000e+01
         vertex -2.341479e+01 7.019792e+01 -3.000000e+00
         vertex -1.771816e+01 7.184752e+01 -2.938000e+01
      endloop
   endfacet
   facet normal -2.781483e-01 9.605381e-01 0.000000e+00
      outer loop
         vertex -1.771816e+01 7.184752e+01 -2.938000e+01
         vertex -2.341479e+01 7.019792e+01 -3.000000e+00
         vertex -1.771816e+01 7.184752e+01 -3.000000e+00
      endloop
   endfacet
   facet normal -2.197752e-01 9.755505e-01 0.000000e+00
      outer loop
         vertex -1.771816e+01 7.184752e+01 -2.938000e+01
         vertex -1.771816e+01 7.184752e+01 -3.000000e+00
         vertex -1.480190e+01 7.250451e+01 -2.938000e+01
      endloop
   endfacet
   facet normal -2.394043e-01 9.709173e-01 -2.285344e-03
      outer loop
         vertex -1.480190e+01 7.250451e+01 -2.938000e+01
         vertex -1.771816e+01 7.184752e+01 -3.000000e+00
         vertex -1.769505e+01 7.185322e+01 -3.000000e+00
      endloop
   endfacet
   facet normal -1.802932e-01 9.836026e-01 4.510667e-03
      outer loop
         vertex -1.480190e+01 7.250451e+01 -2.938000e+01
         vertex -1.769505e+01 7.185322e+01 -3.000000e+00
         vertex -1.187640e+01 7.304075e+01 -2.938000e+01
      endloop
   endfacet
   facet normal -1.998630e-01 9.798239e-01 2.404552e-05
      outer loop
         vertex -1.187640e+01 7.304075e+01 -2.938000e+01
         vertex -1.769505e+01 7.185322e+01 -3.000000e+00
         vertex -1.186074e+01 7.304329e+01 -3.000000e+00
      endloop
   endfacet
   facet normal -1.405450e-01 9.900743e-01 -1.217060e-05
      outer loop
         vertex -1.187640e+01 7.304075e+01 -2.938000e+01
         vertex -1.186074e+01 7.304329e+01 -3.000000e+00
         vertex -8.919714e+00 7.346046e+01 -2.938000e+01
      endloop
   endfacet
   facet normal -1.204375e-01 9.927183e-01 2.271365e-03
      outer loop
         vertex -8.919714e+00 7.346046e+01 -2.938000e+01
         vertex -1.186074e+01 7.304329e+01 -3.000000e+00
         vertex -5.949629e+00 7.376043e+01 -3.000000e+00
      endloop
   endfacet
   facet normal -1.005402e-01 9.949330e-01 5.981385e-06
      outer loop
         vertex -8.919714e+00 7.346046e+01 -2.938000e+01
         vertex -5.949629e+00 7.376043e+01 -3.000000e+00
         vertex -5.957539e+00 7.375979e+01 -2.938000e+01
      endloop
   endfacet
   facet normal -6.040020e-02 9.981742e-01 -6.133552e-06
      outer loop
         vertex -5.957539e+00 7.375979e+01 -2.938000e+01
         vertex -5.949629e+00 7.376043e+01 -3.000000e+00
         vertex -2.979679e+00 7.393999e+01 -2.938000e+01
      endloop
   endfacet
   facet normal -4.023300e-02 9.991877e-01 2.271257e-03
      outer loop
         vertex -2.979679e+00 7.393999e+01 -2.938000e+01
         vertex -5.949629e+00 7.376043e+01 -3.000000e+00
         vertex 2.265597e-14 7.400000e+01 -3.000000e+00
      endloop
   endfacet
   facet normal -2.013715e-02 9.997972e-01 -6.733609e-19
      outer loop
         vertex -2.979679e+00 7.393999e+01 -2.938000e+01
         vertex 2.265597e-14 7.400000e+01 -3.000000e+00
         vertex 2.341877e-14 7.400000e+01 -2.938000e+01
      endloop
   endfacet
   facet normal 2.013715e-02 9.997972e-01 5.822836e-19
      outer loop
         vertex 2.341877e-14 7.400000e+01 -2.938000e+01
         vertex 2.265597e-14 7.400000e+01 -3.000000e+00
         vertex 2.979679e+00 7.393999e+01 -2.938000e+01
      endloop
   endfacet
   facet normal 4.023300e-02 9.991877e-01 2.271257e-03
      outer loop
         vertex 2.979679e+00 7.393999e+01 -2.938000e+01
         vertex 2.265597e-14 7.400000e+01 -3.000000e+00
         vertex 5.949629e+00 7.376043e+01 -3.000000e+00
      endloop
   endfacet
   facet normal 6.040020e-02 9.981742e-01 -6.133552e-06
      outer loop
         vertex 2.979679e+00 7.393999e+01 -2.938000e+01
         vertex 5.949629e+00 7.376043e+01 -3.000000e+00
         vertex 5.957539e+00 7.375979e+01 -2.938000e+01
      endloop
   endfacet
   facet normal 1.005402e-01 9.949330e-01 5.981385e-06
      outer loop
         vertex 5.957539e+00 7.375979e+01 -2.938000e+01
         vertex 5.949629e+00 7.376043e+01 -3.000000e+00
         vertex 8.919714e+00 7.346046e+01 -2.938000e+01
      endloop
   endfacet
   facet normal 1.204375e-01 9.927183e-01 2.271365e-03
      outer loop
         vertex 8.919714e+00 7.346046e+01 -2.938000e+01
         vertex 5.949629e+00 7.376043e+01 -3.000000e+00
         vertex 1.186074e+01 7.304329e+01 -3.000000e+00
      endloop
   endfacet
   facet normal 1.405450e-01 9.900743e-01 -1.217060e-05
      outer loop
         vertex 8.919714e+00 7.346046e+01 -2.938000e+01
         vertex 1.186074e+01 7.304329e+01 -3.000000e+00
         vertex 1.187640e+01 7.304075e+01 -2.938000e+01
      endloop
   endfacet
   facet normal 1.802950e-01 9.836126e-01 1.205911e-05
      outer loop
         vertex 1.187640e+01 7.304075e+01 -2.938000e+01
         vertex 1.186074e+01 7.304329e+01 -3.000000e+00
         vertex 1.480190e+01 7.250451e+01 -2.938000e+01
      endloop
   endfacet
   facet normal 1.998624e-01 9.798213e-01 2.271112e-03
      outer loop
         vertex 1.480190e+01 7.250451e+01 -2.938000e+01
         vertex 1.186074e+01 7.304329e+01 -3.000000e+00
         vertex 1.769505e+01 7.185322e+01 -3.000000e+00
      endloop
   endfacet
   facet normal 2.197752e-01 9.755505e-01 -1.820098e-05
      outer loop
         vertex 1.480190e+01 7.250451e+01 -2.938000e+01
         vertex 1.769505e+01 7.185322e+01 -3.000000e+00
         vertex 1.771816e+01 7.184752e+01 -2.938000e+01
      endloop
   endfacet
   facet normal 2.394049e-01 9.709198e-01 -0.000000e+00
      outer loop
         vertex 1.771816e+01 7.184752e+01 -2.938000e+01
         vertex 1.769505e+01 7.185322e+01 -3.000000e+00
         vertex 1.771816e+01 7.184752e+01 -3.000000e+00
      endloop
   endfacet
   facet normal 2.588779e-01 9.659100e-01 -0.000000e+00
      outer loop
         vertex 1.771816e+01 7.184752e+01 -2.938000e+01
         vertex 1.771816e+01 7.184752e+01 -3.000000e+00
         vertex 2.058809e+01 7.107834e+01 -2.938000e+01
      endloop
   endfacet
   facet normal 2.781476e-01 9.605357e-01 2.253083e-03
      outer loop
         vertex 2.058809e+01 7.107834e+01 -2.938000e+01
         vertex 1.771816e+01 7.184752e+01 -3.000000e+00
         vertex 2.341479e+01 7.019792e+01 -3.000000e+00
      endloop
   endfacet
   facet normal 2.975805e-01 9.546967e-01 -2.408831e-05
      outer loop
         vertex 2.058809e+01 7.107834e+01 -2.938000e+01
         vertex 2.341479e+01 7.019792e+01 -3.000000e+00
         vertex 2.344490e+01 7.018787e+01 -2.938000e+01
      endloop
   endfacet
   facet normal 3.166326e-01 9.485482e-01 -0.000000e+00
      outer loop
         vertex 2.344490e+01 7.018787e+01 -2.938000e+01
         vertex 2.341479e+01 7.019792e+01 -3.000000e+00
         vertex 2.344490e+01 7.018787e+01 -3.000000e+00
      endloop
   endfacet
   facet normal 3.357810e-01 9.419401e-01 -0.000000e+00
      outer loop
         vertex 2.344490e+01 7.018787e+01 -2.938000e+01
         vertex 2.344490e+01 7.018787e+01 -3.000000e+00
         vertex 2.624076e+01 6.919120e+01 -2.938000e+01
      endloop
   endfacet
   facet normal 3.545247e-01 9.350439e-01 2.247084e-03
      outer loop
         vertex 2.624076e+01 6.919120e+01 -2.938000e+01
         vertex 2.344490e+01 7.018787e+01 -3.000000e+00
         vertex 2.898293e+01 6.808811e+01 -3.000000e+00
      endloop
   endfacet
   facet normal 3.734555e-01 9.276481e-01 -3.001022e-05
      outer loop
         vertex 2.624076e+01 6.919120e+01 -2.938000e+01
         vertex 2.898293e+01 6.808811e+01 -3.000000e+00
         vertex 2.901943e+01 6.807256e+01 -2.938000e+01
      endloop
   endfacet
   facet normal 3.918900e-01 9.200121e-01 -0.000000e+00
      outer loop
         vertex 2.901943e+01 6.807256e+01 -2.938000e+01
         vertex 2.898293e+01 6.808811e+01 -3.000000e+00
         vertex 2.901943e+01 6.807256e+01 -3.000000e+00
      endloop
   endfacet
   facet normal 4.155481e-01 9.095712e-01 -0.000000e+00
      outer loop
         vertex 2.901943e+01 6.807256e+01 -2.938000e+01
         vertex 2.901943e+01 6.807256e+01 -3.000000e+00
         vertex 3.246152e+01 6.650000e+01 -1.250000e+01
      endloop
   endfacet
   facet normal 4.285987e-01 9.034768e-01 5.737384e-03
      outer loop
         vertex 3.246152e+01 6.650000e+01 -1.250000e+01
         vertex 2.901943e+01 6.807256e+01 -3.000000e+00
         vertex 3.436341e+01 6.553744e+01 -3.000000e+00
      endloop
   endfacet
   facet normal 4.518539e-01 8.920920e-01 -7.182343e-05
      outer loop
         vertex 3.246152e+01 6.650000e+01 -1.250000e+01
         vertex 3.436341e+01 6.553744e+01 -3.000000e+00
         vertex 3.440557e+01 6.551532e+01 -1.250000e+01
      endloop
   endfacet
   facet normal 4.645916e-01 8.855251e-01 -0.000000e+00
      outer loop
         vertex 3.440557e+01 6.551532e+01 -1.250000e+01
         vertex 3.436341e+01 6.553744e+01 -3.000000e+00
         vertex 3.440557e+01 6.551532e+01 -3.000000e+00
      endloop
   endfacet
   facet normal 4.999045e-01 8.660805e-01 -0.000000e+00
      outer loop
         vertex 3.440557e+01 6.551532e+01 -1.250000e+01
         vertex 3.440557e+01 6.551532e+01 -3.000000e+00
         vertex 3.952140e+01 6.256244e+01 -3.000000e+00
      endloop
   endfacet
   facet normal 0.000000e+00 -0.000000e+00 -1.000000e+00
      outer loop
         vertex 7.254820e+01 1.179023e+01 -2.988000e+01
         vertex 7.326166e+01 5.914293e+00 -2.988000e+01
         vertex 0.000000e+00 0.000000e+00 -2.988000e+01
      endloop
   endfacet
   facet normal 0.000000e+00 0.000000e+00 -1.000000e+00
      outer loop
         vertex 0.000000e+00 0.000000e+00 -2.988000e+01
         vertex 7.326166e+01 5.914293e+00 -2.988000e+01
         vertex 7.350000e+01 0.000000e+00 -2.988000e+01
      endloop
   endfacet
   facet normal 0.000000e+00 0.000000e+00 -1.000000e+00
      outer loop
         vertex 0.000000e+00 0.000000e+00 -2.988000e+01
         vertex 7.350000e+01 0.000000e+00 -2.988000e+01
         vertex 7.326166e+01 -5.914293e+00 -2.988000e+01
      endloop
   endfacet
   facet normal 0.000000e+00 -0.000000e+00 -1.000000e+00
      outer loop
         vertex 6.761849e+01 2.880955e+01 -2.988000e+01
         vertex 6.971743e+01 2.327510e+01 -2.988000e+01
         vertex 0.000000e+00 0.000000e+00 -2.988000e+01
      endloop
   endfacet
   facet normal 0.000000e+00 0.000000e+00 -1.000000e+00
      outer loop
         vertex 0.000000e+00 0.000000e+00 -2.988000e+01
         vertex 6.971743e+01 2.327510e+01 -2.988000e+01
         vertex 7.136422e+01 1.758970e+01 -2.988000e+01
      endloop
   endfacet
   facet normal 0.000000e+00 0.000000e+00 -1.000000e+00
      outer loop
         vertex 0.000000e+00 0.000000e+00 -2.988000e+01
         vertex 7.136422e+01 1.758970e+01 -2.988000e+01
         vertex 7.254820e+01 1.179023e+01 -2.988000e+01
      endloop
   endfacet
   facet normal 0.000000e+00 -0.000000e+00 -1.000000e+00
      outer loop
         vertex 5.875904e+01 4.415455e+01 -2.988000e+01
         vertex 6.212147e+01 3.928324e+01 -2.988000e+01
         vertex 0.000000e+00 0.000000e+00 -2.988000e+01
      endloop
   endfacet
   facet normal 0.000000e+00 0.000000e+00 -1.000000e+00
      outer loop
         vertex 0.000000e+00 0.000000e+00 -2.988000e+01
         vertex 6.212147e+01 3.928324e+01 -2.988000e+01
         vertex 6.508102e+01 3.415715e+01 -2.988000e+01
      endloop
   endfacet
   facet normal 0.000000e+00 0.000000e+00 -1.000000e+00
      outer loop
         vertex 0.000000e+00 0.000000e+00 -2.988000e+01
         vertex 6.508102e+01 3.415715e+01 -2.988000e+01
         vertex 6.761849e+01 2.880955e+01 -2.988000e+01
      endloop
   endfacet
   facet normal 0.000000e+00 -0.000000e+00 -1.000000e+00
      outer loop
         vertex 4.648473e+01 5.693347e+01 -2.988000e+01
         vertex 5.091524e+01 5.300838e+01 -2.988000e+01
         vertex 0.000000e+00 0.000000e+00 -2.988000e+01
      endloop
   endfacet
   facet normal 0.000000e+00 0.000000e+00 -1.000000e+00
      outer loop
         vertex 0.000000e+00 0.000000e+00 -2.988000e+01
         vertex 5.091524e+01 5.300838e+01 -2.988000e+01
         vertex 5.501554e+01 4.873952e+01 -2.988000e+01
      endloop
   endfacet
   facet normal 0.000000e+00 0.000000e+00 -1.000000e+00
      outer loop
         vertex 0.000000e+00 0.000000e+00 -2.988000e+01
         vertex 5.501554e+01 4.873952e+01 -2.988000e+01
         vertex 5.875904e+01 4.415455e+01 -2.988000e+01
      endloop
   endfacet
   facet normal 0.000000e+00 -0.000000e+00 -1.000000e+00
      outer loop
         vertex 3.150890e+01 6.640361e+01 -2.988000e+01
         vertex 3.675000e+01 6.365287e+01 -2.988000e+01
         vertex 0.000000e+00 0.000000e+00 -2.988000e+01
      endloop
   endfacet
   facet normal 0.000000e+00 0.000000e+00 -1.000000e+00
      outer loop
         vertex 0.000000e+00 0.000000e+00 -2.988000e+01
         vertex 3.675000e+01 6.365287e+01 -2.988000e+01
         vertex 4.175276e+01 6.048932e+01 -2.988000e+01
      endloop
   endfacet
   facet normal 0.000000e+00 0.000000e+00 -1.000000e+00
      outer loop
         vertex 0.000000e+00 0.000000e+00 -2.988000e+01
         vertex 4.175276e+01 6.048932e+01 -2.988000e+01
         vertex 4.648473e+01 5.693347e+01 -2.988000e+01
      endloop
   endfacet
   facet normal 0.000000e+00 -0.000000e+00 -1.000000e+00
      outer loop
         vertex 1.470189e+01 7.201461e+01 -2.988000e+01
         vertex 2.044898e+01 7.059808e+01 -2.988000e+01
         vertex 0.000000e+00 0.000000e+00 -2.988000e+01
      endloop
   endfacet
   facet normal 0.000000e+00 0.000000e+00 -1.000000e+00
      outer loop
         vertex 0.000000e+00 0.000000e+00 -2.988000e+01
         vertex 2.044898e+01 7.059808e+01 -2.988000e+01
         vertex 2.606346e+01 6.872369e+01 -2.988000e+01
      endloop
   endfacet
   facet normal 0.000000e+00 0.000000e+00 -1.000000e+00
      outer loop
         vertex 0.000000e+00 0.000000e+00 -2.988000e+01
         vertex 2.606346e+01 6.872369e+01 -2.988000e+01
         vertex 3.150890e+01 6.640361e+01 -2.988000e+01
      endloop
   endfacet
   facet normal 0.000000e+00 0.000000e+00 -1.000000e+00
      outer loop
         vertex -2.959547e+00 7.344039e+01 -2.988000e+01
         vertex 2.959547e+00 7.344039e+01 -2.988000e+01
         vertex 0.000000e+00 0.000000e+00 -2.988000e+01
      endloop
   endfacet
   facet normal 0.000000e+00 0.000000e+00 -1.000000e+00
      outer loop
         vertex 0.000000e+00 0.000000e+00 -2.988000e+01
         vertex 2.959547e+00 7.344039e+01 -2.988000e+01
         vertex 8.859446e+00 7.296410e+01 -2.988000e+01
      endloop
   endfacet
   facet normal 0.000000e+00 0.000000e+00 -1.000000e+00
      outer loop
         vertex 0.000000e+00 0.000000e+00 -2.988000e+01
         vertex 8.859446e+00 7.296410e+01 -2.988000e+01
         vertex 1.470189e+01 7.201461e+01 -2.988000e+01
      endloop
   endfacet
   facet normal 0.000000e+00 0.000000e+00 -1.000000e+00
      outer loop
         vertex -2.044898e+01 7.059808e+01 -2.988000e+01
         vertex -1.470189e+01 7.201461e+01 -2.988000e+01
         vertex 0.000000e+00 0.000000e+00 -2.988000e+01
      endloop
   endfacet
   facet normal 0.000000e+00 0.000000e+00 -1.000000e+00
      outer loop
         vertex 0.000000e+00 0.000000e+00 -2.988000e+01
         vertex -1.470189e+01 7.201461e+01 -2.988000e+01
         vertex -8.859446e+00 7.296410e+01 -2.988000e+01
      endloop
   endfacet
   facet normal 0.000000e+00 0.000000e+00 -1.000000e+00
      outer loop
         vertex 0.000000e+00 0.000000e+00 -2.988000e+01
         vertex -8.859446e+00 7.296410e+01 -2.988000e+01
         vertex -2.959547e+00 7.344039e+01 -2.988000e+01
      endloop
   endfacet
   facet normal 0.000000e+00 0.000000e+00 -1.000000e+00
      outer loop
         vertex -3.675000e+01 6.365287e+01 -2.988000e+01
         vertex -3.150890e+01 6.640361e+01 -2.988000e+01
         vertex 0.000000e+00 0.000000e+00 -2.988000e+01
      endloop
   endfacet
   facet normal 0.000000e+00 0.000000e+00 -1.000000e+00
      outer loop
         vertex 0.000000e+00 0.000000e+00 -2.988000e+01
         vertex -3.150890e+01 6.640361e+01 -2.988000e+01
         vertex -2.606346e+01 6.872369e+01 -2.988000e+01
      endloop
   endfacet
   facet normal 0.000000e+00 0.000000e+00 -1.000000e+00
      outer loop
         vertex 0.000000e+00 0.000000e+00 -2.988000e+01
         vertex -2.606346e+01 6.872369e+01 -2.988000e+01
         vertex -2.044898e+01 7.059808e+01 -2.988000e+01
      endloop
   endfacet
   facet normal 0.000000e+00 0.000000e+00 -1.000000e+00
      outer loop
         vertex -5.091524e+01 5.300838e+01 -2.988000e+01
         vertex -4.648473e+01 5.693347e+01 -2.988000e+01
         vertex 0.000000e+00 0.000000e+00 -2.988000e+01
      endloop
   endfacet
   facet normal 0.000000e+00 0.000000e+00 -1.000000e+00
      outer loop
         vertex 0.000000e+00 0.000000e+00 -2.988000e+01
         vertex -4.648473e+01 5.693347e+01 -2.988000e+01
         vertex -4.175276e+01 6.048932e+01 -2.988000e+01
      endloop
   endfacet
   facet normal 0.000000e+00 0.000000e+00 -1.000000e+00
      outer loop
         vertex 0.000000e+00 0.000000e+00 -2.988000e+01
         vertex -4.175276e+01 6.048932e+01 -2.988000e+01
         vertex -3.675000e+01 6.365287e+01 -2.988000e+01
      endloop
   endfacet
   facet normal 0.000000e+00 0.000000e+00 -1.000000e+00
      outer loop
         vertex -6.212147e+01 3.928324e+01 -2.988000e+01
         vertex -5.875904e+01 4.415455e+01 -2.988000e+01
         vertex 0.000000e+00 0.000000e+00 -2.988000e+01
      endloop
   endfacet
   facet normal 0.000000e+00 0.000000e+00 -1.000000e+00
      outer loop
         vertex 0.000000e+00 0.000000e+00 -2.988000e+01
         vertex -5.875904e+01 4.415455e+01 -2.988000e+01
         vertex -5.501554e+01 4.873952e+01 -2.988000e+01
      endloop
   endfacet
   facet normal 0.000000e+00 0.000000e+00 -1.000000e+00
      outer loop
         vertex 0.000000e+00 0.000000e+00 -2.988000e+01
         vertex -5.501554e+01 4.873952e+01 -2.988000e+01
         vertex -5.091524e+01 5.300838e+01 -2.988000e+01
      endloop
   endfacet
   facet normal 0.000000e+00 0.000000e+00 -1.000000e+00
      outer loop
         vertex -6.971743e+01 2.327510e+01 -2.988000e+01
         vertex -6.761849e+01 2.880955e+01 -2.988000e+01
         vertex 0.000000e+00 0.000000e+00 -2.988000e+01
      endloop
   endfacet
   facet normal 0.000000e+00 0.000000e+00 -1.000000e+00
      outer loop
         vertex 0.000000e+00 0.000000e+00 -2.988000e+01
         vertex -6.761849e+01 2.880955e+01 -2.988000e+01
         vertex -6.508102e+01 3.415715e+01 -2.988000e+01
      endloop
   endfacet
   facet normal 0.000000e+00 0.000000e+00 -1.000000e+00
      outer loop
         vertex 0.000000e+00 0.000000e+00 -2.988000e+01
         vertex -6.508102e+01 3.415715e+01 -2.988000e+01
         vertex -6.212147e+01 3.928324e+01 -2.988000e+01
      endloop
   endfacet
   facet normal 0.000000e+00 0.000000e+00 -1.000000e+00
      outer loop
         vertex -7.326166e+01 5.914293e+00 -2.988000e+01
         vertex -7.254820e+01 1.179023e+01 -2.988000e+01
         vertex 0.000000e+00 0.000000e+00 -2.988000e+01
      endloop
   endfacet
   facet normal 0.000000e+00 0.000000e+00 -1.000000e+00
      outer loop
         vertex 0.000000e+00 0.000000e+00 -2.988000e+01
         vertex -7.254820e+01 1.179023e+01 -2.988000e+01
         vertex -7.136422e+01 1.758970e+01 -2.988000e+01
      endloop
   endfacet
   facet normal 0.000000e+00 0.000000e+00 -1.000000e+00
      outer loop
         vertex 0.000000e+00 0.000000e+00 -2.988000e+01
         vertex -7.136422e+01 1.758970e+01 -2.988000e+01
         vertex -6.971743e+01 2.327510e+01 -2.988000e+01
      endloop
   endfacet
   facet normal 0.000000e+00 0.000000e+00 -1.000000e+00
      outer loop
         vertex -7.254820e+01 -1.179023e+01 -2.988000e+01
         vertex -7.326166e+01 -5.914293e+00 -2.988000e+01
         vertex 0.000000e+00 0.000000e+00 -2.988000e+01
      endloop
   endfacet
   facet normal 0.000000e+00 0.000000e+00 -1.000000e+00
      outer loop
         vertex 0.000000e+00 0.000000e+00 -2.988000e+01
         vertex -7.326166e+01 -5.914293e+00 -2.988000e+01
         vertex -7.350000e+01 -1.215611e-13 -2.988000e+01
      endloop
   endfacet
   facet normal -0.000000e+00 0.000000e+00 -1.000000e+00
      outer loop
         vertex 0.000000e+00 0.000000e+00 -2.988000e+01
         vertex -7.350000e+01 -1.215611e-13 -2.988000e+01
         vertex -7.326166e+01 5.914293e+00 -2.988000e+01
      endloop
   endfacet
   facet normal 0.000000e+00 0.000000e+00 -1.000000e+00
      outer loop
         vertex -6.761849e+01 -2.880955e+01 -2.988000e+01
         vertex -6.971743e+01 -2.327510e+01 -2.988000e+01
         vertex 0.000000e+00 0.000000e+00 -2.988000e+01
      endloop
   endfacet
   facet normal 0.000000e+00 0.000000e+00 -1.000000e+00
      outer loop
         vertex 0.000000e+00 0.000000e+00 -2.988000e+01
         vertex -6.971743e+01 -2.327510e+01 -2.988000e+01
         vertex -7.136422e+01 -1.758970e+01 -2.988000e+01
      endloop
   endfacet
   facet normal 0.000000e+00 0.000000e+00 -1.000000e+00
      outer loop
         vertex 0.000000e+00 0.000000e+00 -2.988000e+01
         vertex -7.136422e+01 -1.758970e+01 -2.988000e+01
         vertex -7.254820e+01 -1.179023e+01 -2.988000e+01
      endloop
   endfacet
   facet normal 0.000000e+00 0.000000e+00 -1.000000e+00
      outer loop
         vertex -5.875904e+01 -4.415455e+01 -2.988000e+01
         vertex -6.212147e+01 -3.928324e+01 -2.988000e+01
         vertex 0.000000e+00 0.000000e+00 -2.988000e+01
      endloop
   endfacet
   facet normal 0.000000e+00 0.000000e+00 -1.000000e+00
      outer loop
         vertex 0.000000e+00 0.000000e+00 -2.988000e+01
         vertex -6.212147e+01 -3.928324e+01 -2.988000e+01
         vertex -6.508102e+01 -3.415715e+01 -2.988000e+01
      endloop
   endfacet
   facet normal 0.000000e+00 0.000000e+00 -1.000000e+00
      outer loop
         vertex 0.000000e+00 0.000000e+00 -2.988000e+01
         vertex -6.508102e+01 -3.415715e+01 -2.988000e+01
         vertex -6.761849e+01 -2.880955e+01 -2.988000e+01
      endloop
   endfacet
   facet normal 0.000000e+00 0.000000e+00 -1.000000e+00
      outer loop
         vertex -4.648473e+01 -5.693347e+01 -2.988000e+01
         vertex -5.091524e+01 -5.300838e+01 -2.988000e+01
         vertex 0.000000e+00 0.000000e+00 -2.988000e+01
      endloop
   endfacet
   facet normal 0.000000e+00 0.000000e+00 -1.000000e+00
      outer loop
         vertex 0.000000e+00 0.000000e+00 -2.988000e+01
         vertex -5.091524e+01 -5.300838e+01 -2.988000e+01
         vertex -5.501554e+01 -4.873952e+01 -2.988000e+01
      endloop
   endfacet
   facet normal 0.000000e+00 0.000000e+00 -1.000000e+00
      outer loop
         vertex 0.000000e+00 0.000000e+00 -2.988000e+01
         vertex -5.501554e+01 -4.873952e+01 -2.988000e+01
         vertex -5.875904e+01 -4.415455e+01 -2.988000e+01
      endloop
   endfacet
   facet normal 0.000000e+00 0.000000e+00 -1.000000e+00
      outer loop
         vertex -3.150890e+01 -6.640361e+01 -2.988000e+01
         vertex -3.675000e+01 -6.365287e+01 -2.988000e+01
         vertex 0.000000e+00 0.000000e+00 -2.988000e+01
      endloop
   endfacet
   facet normal 0.000000e+00 0.000000e+00 -1.000000e+00
      outer loop
         vertex 0.000000e+00 0.000000e+00 -2.988000e+01
         vertex -3.675000e+01 -6.365287e+01 -2.988000e+01
         vertex -4.175276e+01 -6.048932e+01 -2.988000e+01
      endloop
   endfacet
   facet normal 0.000000e+00 0.000000e+00 -1.000000e+00
      outer loop
         vertex 0.000000e+00 0.000000e+00 -2.988000e+01
         vertex -4.175276e+01 -6.048932e+01 -2.988000e+01
         vertex -4.648473e+01 -5.693347e+01 -2.988000e+01
      endloop
   endfacet
   facet normal 0.000000e+00 0.000000e+00 -1.000000e+00
      outer loop
         vertex -1.470189e+01 -7.201461e+01 -2.988000e+01
         vertex -2.044898e+01 -7.059808e+01 -2.988000e+01
         vertex 0.000000e+00 0.000000e+00 -2.988000e+01
      endloop
   endfacet
   facet normal 0.000000e+00 0.000000e+00 -1.000000e+00
      outer loop
         vertex 0.000000e+00 0.000000e+00 -2.988000e+01
         vertex -2.044898e+01 -7.059808e+01 -2.988000e+01
         vertex -2.606346e+01 -6.872369e+01 -2.988000e+01
      endloop
   endfacet
   facet normal 0.000000e+00 0.000000e+00 -1.000000e+00
      outer loop
         vertex 0.000000e+00 0.000000e+00 -2.988000e+01
         vertex -2.606346e+01 -6.872369e+01 -2.988000e+01
         vertex -3.150890e+01 -6.640361e+01 -2.988000e+01
      endloop
   endfacet
   facet normal 0.000000e+00 0.000000e+00 -1.000000e+00
      outer loop
         vertex 2.959547e+00 -7.344039e+01 -2.988000e+01
         vertex -2.959547e+00 -7.344039e+01 -2.988000e+01
         vertex 0.000000e+00 0.000000e+00 -2.988000e+01
      endloop
   endfacet
   facet normal 0.000000e+00 0.000000e+00 -1.000000e+00
      outer loop
         vertex 0.000000e+00 0.000000e+00 -2.988000e+01
         vertex -2.959547e+00 -7.344039e+01 -2.988000e+01
         vertex -8.859446e+00 -7.296410e+01 -2.988000e+01
      endloop
   endfacet
   facet normal 0.000000e+00 0.000000e+00 -1.000000e+00
      outer loop
         vertex 0.000000e+00 0.000000e+00 -2.988000e+01
         vertex -8.859446e+00 -7.296410e+01 -2.988000e+01
         vertex -1.470189e+01 -7.201461e+01 -2.988000e+01
      endloop
   endfacet
   facet normal -0.000000e+00 0.000000e+00 -1.000000e+00
      outer loop
         vertex 2.044898e+01 -7.059808e+01 -2.988000e+01
         vertex 1.470189e+01 -7.201461e+01 -2.988000e+01
         vertex 0.000000e+00 0.000000e+00 -2.988000e+01
      endloop
   endfacet
   facet normal 0.000000e+00 0.000000e+00 -1.000000e+00
      outer loop
         vertex 0.000000e+00 0.000000e+00 -2.988000e+01
         vertex 1.470189e+01 -7.201461e+01 -2.988000e+01
         vertex 8.859446e+00 -7.296410e+01 -2.988000e+01
      endloop
   endfacet
   facet normal 0.000000e+00 0.000000e+00 -1.000000e+00
      outer loop
         vertex 0.000000e+00 0.000000e+00 -2.988000e+01
         vertex 8.859446e+00 -7.296410e+01 -2.988000e+01
         vertex 2.959547e+00 -7.344039e+01 -2.988000e+01
      endloop
   endfacet
   facet normal -0.000000e+00 0.000000e+00 -1.000000e+00
      outer loop
         vertex 3.675000e+01 -6.365287e+01 -2.988000e+01
         vertex 3.150890e+01 -6.640361e+01 -2.988000e+01
         vertex 0.000000e+00 0.000000e+00 -2.988000e+01
      endloop
   endfacet
   facet normal 0.000000e+00 0.000000e+00 -1.000000e+00
      outer loop
         vertex 0.000000e+00 0.000000e+00 -2.988000e+01
         vertex 3.150890e+01 -6.640361e+01 -2.988000e+01
         vertex 2.606346e+01 -6.872369e+01 -2.988000e+01
      endloop
   endfacet
   facet normal 0.000000e+00 0.000000e+00 -1.000000e+00
      outer loop
         vertex 0.000000e+00 0.000000e+00 -2.988000e+01
         vertex 2.606346e+01 -6.872369e+01 -2.988000e+01
         vertex 2.044898e+01 -7.059808e+01 -2.988000e+01
      endloop
   endfacet
   facet normal -0.000000e+00 0.000000e+00 -1.000000e+00
      outer loop
         vertex 5.091524e+01 -5.300838e+01 -2.988000e+01
         vertex 4.648473e+01 -5.693347e+01 -2.988000e+01
         vertex 0.000000e+00 0.000000e+00 -2.988000e+01
      endloop
   endfacet
   facet normal 0.000000e+00 0.000000e+00 -1.000000e+00
      outer loop
         vertex 0.000000e+00 0.000000e+00 -2.988000e+01
         vertex 4.648473e+01 -5.693347e+01 -2.988000e+01
         vertex 4.175276e+01 -6.048932e+01 -2.988000e+01
      endloop
   endfacet
   facet normal 0.000000e+00 0.000000e+00 -1.000000e+00
      outer loop
         vertex 0.000000e+00 0.000000e+00 -2.988000e+01
         vertex 4.175276e+01 -6.048932e+01 -2.988000e+01
         vertex 3.675000e+01 -6.365287e+01 -2.988000e+01
      endloop
   endfacet
   facet normal -0.000000e+00 0.000000e+00 -1.000000e+00
      outer loop
         vertex 6.212147e+01 -3.928324e+01 -2.988000e+01
         vertex 5.875904e+01 -4.415455e+01 -2.988000e+01
         vertex 0.000000e+00 0.000000e+00 -2.988000e+01
      endloop
   endfacet
   facet normal 0.000000e+00 0.000000e+00 -1.000000e+00
      outer loop
         vertex 0.000000e+00 0.000000e+00 -2.988000e+01
         vertex 5.875904e+01 -4.415455e+01 -2.988000e+01
         vertex 5.501554e+01 -4.873952e+01 -2.988000e+01
      endloop
   endfacet
   facet normal 0.000000e+00 0.000000e+00 -1.000000e+00
      outer loop
         vertex 0.000000e+00 0.000000e+00 -2.988000e+01
         vertex 5.501554e+01 -4.873952e+01 -2.988000e+01
         vertex 5.091524e+01 -5.300838e+01 -2.988000e+01
      endloop
   endfacet
   facet normal -0.000000e+00 0.000000e+00 -1.000000e+00
      outer loop
         vertex 6.971743e+01 -2.327510e+01 -2.988000e+01
         vertex 6.761849e+01 -2.880955e+01 -2.988000e+01
         vertex 0.000000e+00 0.000000e+00 -2.988000e+01
      endloop
   endfacet
   facet normal 0.000000e+00 0.000000e+00 -1.000000e+00
      outer loop
         vertex 0.000000e+00 0.000000e+00 -2.988000e+01
         vertex 6.761849e+01 -2.880955e+01 -2.988000e+01
         vertex 6.508102e+01 -3.415715e+01 -2.988000e+01
      endloop
   endfacet
   facet normal 0.000000e+00 0.000000e+00 -1.000000e+00
      outer loop
         vertex 0.000000e+00 0.000000e+00 -2.988000e+01
         vertex 6.508102e+01 -3.415715e+01 -2.988000e+01
         vertex 6.212147e+01 -3.928324e+01 -2.988000e+01
      endloop
   endfacet
   facet normal -0.000000e+00 0.000000e+00 -1.000000e+00
      outer loop
         vertex 7.326166e+01 -5.914293e+00 -2.988000e+01
         vertex 7.254820e+01 -1.179023e+01 -2.988000e+01
         vertex 0.000000e+00 0.000000e+00 -2.988000e+01
      endloop
   endfacet
   facet normal 0.000000e+00 0.000000e+00 -1.000000e+00
      outer loop
         vertex 0.000000e+00 0.000000e+00 -2.988000e+01
         vertex 7.254820e+01 -1.179023e+01 -2.988000e+01
         vertex 7.136422e+01 -1.758970e+01 -2.988000e+01
      endloop
   endfacet
   facet normal 0.000000e+00 0.000000e+00 -1.000000e+00
      outer loop
         vertex 0.000000e+00 0.000000e+00 -2.988000e+01
         vertex 7.136422e+01 -1.758970e+01 -2.988000e+01
         vertex 6.971743e+01 -2.327510e+01 -2.988000e+01
      endloop
   endfacet
   facet normal 0.000000e+00 0.000000e+00 1.000000e+00
      outer loop
         vertex 2.797701e+01 -6.525555e+01 0.000000e+00
         vertex 3.313301e+01 -6.279493e+01 0.000000e+00
         vertex 3.675000e+01 -1.750000e+01 0.000000e+00
      endloop
   endfacet
   facet normal 0.000000e+00 -0.000000e+00 1.000000e+00
      outer loop
         vertex -6.642619e+01 -2.507113e+01 0.000000e+00
         vertex -6.512500e+01 -1.750000e+01 0.000000e+00
         vertex -6.822687e+01 -1.964927e+01 0.000000e+00
      endloop
   endfacet
   facet normal 0.000000e+00 0.000000e+00 1.000000e+00
      outer loop
         vertex -2.797701e+01 -6.525555e+01 0.000000e+00
         vertex -2.487469e+01 -6.650000e+01 0.000000e+00
         vertex -5.125000e+00 -6.650000e+01 0.000000e+00
      endloop
   endfacet
   facet normal -0.000000e+00 0.000000e+00 1.000000e+00
      outer loop
         vertex -5.081457e+01 -2.426200e+01 0.000000e+00
         vertex -5.075000e+01 -2.500000e+01 0.000000e+00
         vertex -3.675000e+01 -1.750000e+01 0.000000e+00
      endloop
   endfacet
   facet normal 0.000000e+00 0.000000e+00 1.000000e+00
      outer loop
         vertex -3.675000e+01 -1.750000e+01 0.000000e+00
         vertex -5.075000e+01 -2.500000e+01 0.000000e+00
         vertex -5.081457e+01 -2.573800e+01 0.000000e+00
      endloop
   endfacet
   facet normal -0.000000e+00 0.000000e+00 1.000000e+00
      outer loop
         vertex -5.174431e+01 -2.226815e+01 0.000000e+00
         vertex -5.131939e+01 -2.287500e+01 0.000000e+00
         vertex -3.675000e+01 -1.750000e+01 0.000000e+00
      endloop
   endfacet
   facet normal 0.000000e+00 0.000000e+00 1.000000e+00
      outer loop
         vertex -3.675000e+01 -1.750000e+01 0.000000e+00
         vertex -5.131939e+01 -2.287500e+01 0.000000e+00
         vertex -5.100631e+01 -2.354641e+01 0.000000e+00
      endloop
   endfacet
   facet normal 0.000000e+00 0.000000e+00 1.000000e+00
      outer loop
         vertex -3.675000e+01 -1.750000e+01 0.000000e+00
         vertex -5.100631e+01 -2.354641e+01 0.000000e+00
         vertex -5.081457e+01 -2.426200e+01 0.000000e+00
      endloop
   endfacet
   facet normal 0.000000e+00 0.000000e+00 1.000000e+00
      outer loop
         vertex -5.100631e+01 -2.645359e+01 0.000000e+00
         vertex -5.131939e+01 -2.712500e+01 0.000000e+00
         vertex -3.313301e+01 -6.279493e+01 0.000000e+00
      endloop
   endfacet
   facet normal 0.000000e+00 0.000000e+00 1.000000e+00
      outer loop
         vertex -3.313301e+01 -6.279493e+01 0.000000e+00
         vertex -5.131939e+01 -2.712500e+01 0.000000e+00
         vertex -5.174431e+01 -2.773185e+01 0.000000e+00
      endloop
   endfacet
   facet normal 0.000000e+00 0.000000e+00 1.000000e+00
      outer loop
         vertex -5.573801e+01 -2.918543e+01 0.000000e+00
         vertex -5.645359e+01 -2.899369e+01 0.000000e+00
         vertex -5.850406e+01 -4.022778e+01 0.000000e+00
      endloop
   endfacet
   facet normal -0.000000e+00 0.000000e+00 1.000000e+00
      outer loop
         vertex -5.426199e+01 -2.081457e+01 0.000000e+00
         vertex -5.354641e+01 -2.100631e+01 0.000000e+00
         vertex -3.675000e+01 -1.750000e+01 0.000000e+00
      endloop
   endfacet
   facet normal 0.000000e+00 -0.000000e+00 1.000000e+00
      outer loop
         vertex -5.712500e+01 -2.131939e+01 0.000000e+00
         vertex -5.645359e+01 -2.100631e+01 0.000000e+00
         vertex -6.512500e+01 -1.750000e+01 0.000000e+00
      endloop
   endfacet
   facet normal 0.000000e+00 0.000000e+00 1.000000e+00
      outer loop
         vertex -6.512500e+01 -1.750000e+01 0.000000e+00
         vertex -5.645359e+01 -2.100631e+01 0.000000e+00
         vertex -5.573801e+01 -2.081457e+01 0.000000e+00
      endloop
   endfacet
   facet normal 0.000000e+00 -0.000000e+00 1.000000e+00
      outer loop
         vertex -5.850406e+01 -4.022778e+01 0.000000e+00
         vertex -5.645359e+01 -2.899369e+01 0.000000e+00
         vertex -6.154900e+01 -3.539380e+01 0.000000e+00
      endloop
   endfacet
   facet normal 0.000000e+00 0.000000e+00 1.000000e+00
      outer loop
         vertex -5.918543e+01 -2.573800e+01 0.000000e+00
         vertex -6.642619e+01 -2.507113e+01 0.000000e+00
         vertex -5.899369e+01 -2.645359e+01 0.000000e+00
      endloop
   endfacet
   facet normal 0.000000e+00 0.000000e+00 1.000000e+00
      outer loop
         vertex -5.899369e+01 -2.645359e+01 0.000000e+00
         vertex -6.642619e+01 -2.507113e+01 0.000000e+00
         vertex -6.419542e+01 -3.033066e+01 0.000000e+00
      endloop
   endfacet
   facet normal 0.000000e+00 0.000000e+00 1.000000e+00
      outer loop
         vertex -5.899369e+01 -2.645359e+01 0.000000e+00
         vertex -6.419542e+01 -3.033066e+01 0.000000e+00
         vertex -5.868061e+01 -2.712500e+01 0.000000e+00
      endloop
   endfacet
   facet normal 0.000000e+00 -0.000000e+00 1.000000e+00
      outer loop
         vertex -5.868061e+01 -2.287500e+01 0.000000e+00
         vertex -5.825569e+01 -2.226815e+01 0.000000e+00
         vertex -6.512500e+01 -1.750000e+01 0.000000e+00
      endloop
   endfacet
   facet normal 0.000000e+00 0.000000e+00 1.000000e+00
      outer loop
         vertex -6.512500e+01 -1.750000e+01 0.000000e+00
         vertex -5.825569e+01 -2.226815e+01 0.000000e+00
         vertex -5.773185e+01 -2.174431e+01 0.000000e+00
      endloop
   endfacet
   facet normal 0.000000e+00 0.000000e+00 1.000000e+00
      outer loop
         vertex -6.512500e+01 -1.750000e+01 0.000000e+00
         vertex -5.773185e+01 -2.174431e+01 0.000000e+00
         vertex -5.712500e+01 -2.131939e+01 0.000000e+00
      endloop
   endfacet
   facet normal 0.000000e+00 -0.000000e+00 1.000000e+00
      outer loop
         vertex -5.426199e+01 -2.081457e+01 0.000000e+00
         vertex -3.675000e+01 -1.750000e+01 0.000000e+00
         vertex -5.500000e+01 -2.075000e+01 0.000000e+00
      endloop
   endfacet
   facet normal -0.000000e+00 0.000000e+00 1.000000e+00
      outer loop
         vertex -5.354641e+01 -2.100631e+01 0.000000e+00
         vertex -5.287500e+01 -2.131939e+01 0.000000e+00
         vertex -3.675000e+01 -1.750000e+01 0.000000e+00
      endloop
   endfacet
   facet normal 0.000000e+00 0.000000e+00 1.000000e+00
      outer loop
         vertex -3.675000e+01 -1.750000e+01 0.000000e+00
         vertex -5.287500e+01 -2.131939e+01 0.000000e+00
         vertex -5.226815e+01 -2.174431e+01 0.000000e+00
      endloop
   endfacet
   facet normal 0.000000e+00 0.000000e+00 1.000000e+00
      outer loop
         vertex -3.675000e+01 -1.750000e+01 0.000000e+00
         vertex -5.226815e+01 -2.174431e+01 0.000000e+00
         vertex -5.174431e+01 -2.226815e+01 0.000000e+00
      endloop
   endfacet
   facet normal 0.000000e+00 0.000000e+00 1.000000e+00
      outer loop
         vertex -5.287500e+01 -2.868061e+01 0.000000e+00
         vertex -5.354641e+01 -2.899369e+01 0.000000e+00
         vertex -4.276944e+01 -5.667252e+01 0.000000e+00
      endloop
   endfacet
   facet normal 0.000000e+00 0.000000e+00 1.000000e+00
      outer loop
         vertex -5.645359e+01 -2.899369e+01 0.000000e+00
         vertex -5.712500e+01 -2.868061e+01 0.000000e+00
         vertex -6.154900e+01 -3.539380e+01 0.000000e+00
      endloop
   endfacet
   facet normal 0.000000e+00 0.000000e+00 1.000000e+00
      outer loop
         vertex -6.154900e+01 -3.539380e+01 0.000000e+00
         vertex -5.712500e+01 -2.868061e+01 0.000000e+00
         vertex -5.773185e+01 -2.825569e+01 0.000000e+00
      endloop
   endfacet
   facet normal 0.000000e+00 -0.000000e+00 1.000000e+00
      outer loop
         vertex -6.154900e+01 -3.539380e+01 0.000000e+00
         vertex -5.773185e+01 -2.825569e+01 0.000000e+00
         vertex -6.419542e+01 -3.033066e+01 0.000000e+00
      endloop
   endfacet
   facet normal 0.000000e+00 0.000000e+00 1.000000e+00
      outer loop
         vertex -6.419542e+01 -3.033066e+01 0.000000e+00
         vertex -5.773185e+01 -2.825569e+01 0.000000e+00
         vertex -5.825569e+01 -2.773185e+01 0.000000e+00
      endloop
   endfacet
   facet normal 0.000000e+00 0.000000e+00 1.000000e+00
      outer loop
         vertex -6.419542e+01 -3.033066e+01 0.000000e+00
         vertex -5.825569e+01 -2.773185e+01 0.000000e+00
         vertex -5.868061e+01 -2.712500e+01 0.000000e+00
      endloop
   endfacet
   facet normal 0.000000e+00 0.000000e+00 1.000000e+00
      outer loop
         vertex -5.174431e+01 -2.773185e+01 0.000000e+00
         vertex -5.226815e+01 -2.825569e+01 0.000000e+00
         vertex -3.313301e+01 -6.279493e+01 0.000000e+00
      endloop
   endfacet
   facet normal 0.000000e+00 0.000000e+00 1.000000e+00
      outer loop
         vertex -3.313301e+01 -6.279493e+01 0.000000e+00
         vertex -5.226815e+01 -2.825569e+01 0.000000e+00
         vertex -5.287500e+01 -2.868061e+01 0.000000e+00
      endloop
   endfacet
   facet normal 0.000000e+00 0.000000e+00 1.000000e+00
      outer loop
         vertex -3.313301e+01 -6.279493e+01 0.000000e+00
         vertex -5.287500e+01 -2.868061e+01 0.000000e+00
         vertex -3.807449e+01 -5.992774e+01 0.000000e+00
      endloop
   endfacet
   facet normal 0.000000e+00 0.000000e+00 1.000000e+00
      outer loop
         vertex -3.807449e+01 -5.992774e+01 0.000000e+00
         vertex -5.287500e+01 -2.868061e+01 0.000000e+00
         vertex -4.276944e+01 -5.667252e+01 0.000000e+00
      endloop
   endfacet
   facet normal 0.000000e+00 0.000000e+00 1.000000e+00
      outer loop
         vertex -5.573801e+01 -2.918543e+01 0.000000e+00
         vertex -5.850406e+01 -4.022778e+01 0.000000e+00
         vertex -5.500000e+01 -2.925000e+01 0.000000e+00
      endloop
   endfacet
   facet normal 0.000000e+00 0.000000e+00 1.000000e+00
      outer loop
         vertex -5.500000e+01 -2.925000e+01 0.000000e+00
         vertex -5.850406e+01 -4.022778e+01 0.000000e+00
         vertex -5.508034e+01 -4.480130e+01 0.000000e+00
      endloop
   endfacet
   facet normal -0.000000e+00 0.000000e+00 1.000000e+00
      outer loop
         vertex -5.500000e+01 -2.925000e+01 0.000000e+00
         vertex -5.508034e+01 -4.480130e+01 0.000000e+00
         vertex -5.426199e+01 -2.918543e+01 0.000000e+00
      endloop
   endfacet
   facet normal 0.000000e+00 0.000000e+00 1.000000e+00
      outer loop
         vertex -5.426199e+01 -2.918543e+01 0.000000e+00
         vertex -5.508034e+01 -4.480130e+01 0.000000e+00
         vertex -5.129998e+01 -4.908474e+01 0.000000e+00
      endloop
   endfacet
   facet normal -0.000000e+00 0.000000e+00 1.000000e+00
      outer loop
         vertex -5.426199e+01 -2.918543e+01 0.000000e+00
         vertex -5.129998e+01 -4.908474e+01 0.000000e+00
         vertex -5.354641e+01 -2.899369e+01 0.000000e+00
      endloop
   endfacet
   facet normal 0.000000e+00 0.000000e+00 1.000000e+00
      outer loop
         vertex -5.354641e+01 -2.899369e+01 0.000000e+00
         vertex -5.129998e+01 -4.908474e+01 0.000000e+00
         vertex -4.718747e+01 -5.305038e+01 0.000000e+00
      endloop
   endfacet
   facet normal 0.000000e+00 0.000000e+00 1.000000e+00
      outer loop
         vertex -5.354641e+01 -2.899369e+01 0.000000e+00
         vertex -4.718747e+01 -5.305038e+01 0.000000e+00
         vertex -4.276944e+01 -5.667252e+01 0.000000e+00
      endloop
   endfacet
   facet normal 0.000000e+00 0.000000e+00 1.000000e+00
      outer loop
         vertex -5.918543e+01 -2.573800e+01 0.000000e+00
         vertex -5.925000e+01 -2.500000e+01 0.000000e+00
         vertex -6.642619e+01 -2.507113e+01 0.000000e+00
      endloop
   endfacet
   facet normal 0.000000e+00 0.000000e+00 1.000000e+00
      outer loop
         vertex -6.642619e+01 -2.507113e+01 0.000000e+00
         vertex -5.925000e+01 -2.500000e+01 0.000000e+00
         vertex -5.918543e+01 -2.426200e+01 0.000000e+00
      endloop
   endfacet
   facet normal 0.000000e+00 0.000000e+00 1.000000e+00
      outer loop
         vertex -6.642619e+01 -2.507113e+01 0.000000e+00
         vertex -5.918543e+01 -2.426200e+01 0.000000e+00
         vertex -6.512500e+01 -1.750000e+01 0.000000e+00
      endloop
   endfacet
   facet normal 0.000000e+00 0.000000e+00 1.000000e+00
      outer loop
         vertex -6.512500e+01 -1.750000e+01 0.000000e+00
         vertex -5.918543e+01 -2.426200e+01 0.000000e+00
         vertex -5.899369e+01 -2.354641e+01 0.000000e+00
      endloop
   endfacet
   facet normal 0.000000e+00 0.000000e+00 1.000000e+00
      outer loop
         vertex -6.512500e+01 -1.750000e+01 0.000000e+00
         vertex -5.899369e+01 -2.354641e+01 0.000000e+00
         vertex -5.868061e+01 -2.287500e+01 0.000000e+00
      endloop
   endfacet
   facet normal 0.000000e+00 -0.000000e+00 1.000000e+00
      outer loop
         vertex -6.822687e+01 -1.964927e+01 0.000000e+00
         vertex -6.512500e+01 -1.750000e+01 0.000000e+00
         vertex -6.958581e+01 -1.410019e+01 0.000000e+00
      endloop
   endfacet
   facet normal -0.000000e+00 0.000000e+00 1.000000e+00
      outer loop
         vertex -6.958581e+01 -1.410019e+01 0.000000e+00
         vertex -6.512500e+01 -1.750000e+01 0.000000e+00
         vertex -6.512500e+01 -1.012500e+01 0.000000e+00
      endloop
   endfacet
   facet normal 0.000000e+00 -0.000000e+00 1.000000e+00
      outer loop
         vertex -6.958581e+01 -1.410019e+01 0.000000e+00
         vertex -6.512500e+01 -1.012500e+01 0.000000e+00
         vertex -7.049420e+01 -8.459821e+00 0.000000e+00
      endloop
   endfacet
   facet normal -0.000000e+00 -0.000000e+00 1.000000e+00
      outer loop
         vertex -7.049420e+01 -8.459821e+00 0.000000e+00
         vertex -6.512500e+01 -1.012500e+01 0.000000e+00
         vertex -7.094615e+01 -2.764673e+00 0.000000e+00
      endloop
   endfacet
   facet normal -0.000000e+00 0.000000e+00 1.000000e+00
      outer loop
         vertex -7.094615e+01 -2.764673e+00 0.000000e+00
         vertex -6.512500e+01 -1.012500e+01 0.000000e+00
         vertex -6.512500e+01 5.125000e+00 0.000000e+00
      endloop
   endfacet
   facet normal 0.000000e+00 0.000000e+00 1.000000e+00
      outer loop
         vertex -7.094615e+01 -2.764673e+00 0.000000e+00
         vertex -6.512500e+01 5.125000e+00 0.000000e+00
         vertex -7.093876e+01 2.948375e+00 0.000000e+00
      endloop
   endfacet
   facet normal 0.000000e+00 0.000000e+00 1.000000e+00
      outer loop
         vertex -6.411666e+01 3.049678e+01 0.000000e+00
         vertex -6.636105e+01 2.524305e+01 0.000000e+00
         vertex -6.512500e+01 2.600000e+01 0.000000e+00
      endloop
   endfacet
   facet normal 0.000000e+00 0.000000e+00 1.000000e+00
      outer loop
         vertex -6.512500e+01 2.600000e+01 0.000000e+00
         vertex -6.636105e+01 2.524305e+01 0.000000e+00
         vertex -6.817576e+01 1.982588e+01 0.000000e+00
      endloop
   endfacet
   facet normal 0.000000e+00 0.000000e+00 1.000000e+00
      outer loop
         vertex -6.512500e+01 2.600000e+01 0.000000e+00
         vertex -6.817576e+01 1.982588e+01 0.000000e+00
         vertex -6.512500e+01 1.750000e+01 0.000000e+00
      endloop
   endfacet
   facet normal 0.000000e+00 0.000000e+00 1.000000e+00
      outer loop
         vertex -6.512500e+01 1.750000e+01 0.000000e+00
         vertex -6.817576e+01 1.982588e+01 0.000000e+00
         vertex -6.954906e+01 1.428034e+01 0.000000e+00
      endloop
   endfacet
   facet normal 0.000000e+00 0.000000e+00 1.000000e+00
      outer loop
         vertex -6.512500e+01 1.750000e+01 0.000000e+00
         vertex -6.954906e+01 1.428034e+01 0.000000e+00
         vertex -6.512500e+01 5.125000e+00 0.000000e+00
      endloop
   endfacet
   facet normal 0.000000e+00 0.000000e+00 1.000000e+00
      outer loop
         vertex -6.512500e+01 5.125000e+00 0.000000e+00
         vertex -6.954906e+01 1.428034e+01 0.000000e+00
         vertex -7.047205e+01 8.642334e+00 0.000000e+00
      endloop
   endfacet
   facet normal 0.000000e+00 0.000000e+00 1.000000e+00
      outer loop
         vertex -6.512500e+01 5.125000e+00 0.000000e+00
         vertex -7.047205e+01 8.642334e+00 0.000000e+00
         vertex -7.093876e+01 2.948375e+00 0.000000e+00
      endloop
   endfacet
   facet normal -0.000000e+00 -0.000000e+00 1.000000e+00
      outer loop
         vertex -5.100631e+01 2.645359e+01 0.000000e+00
         vertex -3.675000e+01 2.600000e+01 0.000000e+00
         vertex -5.131939e+01 2.712500e+01 0.000000e+00
      endloop
   endfacet
   facet normal -0.000000e+00 0.000000e+00 1.000000e+00
      outer loop
         vertex -5.131939e+01 2.712500e+01 0.000000e+00
         vertex -3.675000e+01 2.600000e+01 0.000000e+00
         vertex -3.675000e+01 4.375000e+01 0.000000e+00
      endloop
   endfacet
   facet normal 0.000000e+00 -0.000000e+00 1.000000e+00
      outer loop
         vertex -5.131939e+01 2.712500e+01 0.000000e+00
         vertex -3.675000e+01 4.375000e+01 0.000000e+00
         vertex -5.174431e+01 2.773185e+01 0.000000e+00
      endloop
   endfacet
   facet normal 0.000000e+00 0.000000e+00 1.000000e+00
      outer loop
         vertex -6.145714e+01 3.555306e+01 0.000000e+00
         vertex -5.773185e+01 2.825569e+01 0.000000e+00
         vertex -5.712500e+01 2.868061e+01 0.000000e+00
      endloop
   endfacet
   facet normal -0.000000e+00 0.000000e+00 1.000000e+00
      outer loop
         vertex -6.145714e+01 3.555306e+01 0.000000e+00
         vertex -5.712500e+01 2.868061e+01 0.000000e+00
         vertex -5.839970e+01 4.037914e+01 0.000000e+00
      endloop
   endfacet
   facet normal 0.000000e+00 0.000000e+00 1.000000e+00
      outer loop
         vertex -5.773185e+01 2.825569e+01 0.000000e+00
         vertex -6.145714e+01 3.555306e+01 0.000000e+00
         vertex -5.825569e+01 2.773185e+01 0.000000e+00
      endloop
   endfacet
   facet normal 0.000000e+00 0.000000e+00 1.000000e+00
      outer loop
         vertex -5.825569e+01 2.773185e+01 0.000000e+00
         vertex -6.145714e+01 3.555306e+01 0.000000e+00
         vertex -6.411666e+01 3.049678e+01 0.000000e+00
      endloop
   endfacet
   facet normal 0.000000e+00 0.000000e+00 1.000000e+00
      outer loop
         vertex -5.825569e+01 2.773185e+01 0.000000e+00
         vertex -6.411666e+01 3.049678e+01 0.000000e+00
         vertex -5.868061e+01 2.712500e+01 0.000000e+00
      endloop
   endfacet
   facet normal -0.000000e+00 0.000000e+00 1.000000e+00
      outer loop
         vertex -5.354641e+01 2.899369e+01 0.000000e+00
         vertex -5.287500e+01 2.868061e+01 0.000000e+00
         vertex -3.675000e+01 4.375000e+01 0.000000e+00
      endloop
   endfacet
   facet normal 0.000000e+00 0.000000e+00 1.000000e+00
      outer loop
         vertex -3.675000e+01 4.375000e+01 0.000000e+00
         vertex -5.287500e+01 2.868061e+01 0.000000e+00
         vertex -5.226815e+01 2.825569e+01 0.000000e+00
      endloop
   endfacet
   facet normal 0.000000e+00 0.000000e+00 1.000000e+00
      outer loop
         vertex -3.675000e+01 4.375000e+01 0.000000e+00
         vertex -5.226815e+01 2.825569e+01 0.000000e+00
         vertex -5.174431e+01 2.773185e+01 0.000000e+00
      endloop
   endfacet
   facet normal 0.000000e+00 -0.000000e+00 1.000000e+00
      outer loop
         vertex -5.712500e+01 2.868061e+01 0.000000e+00
         vertex -5.645359e+01 2.899369e+01 0.000000e+00
         vertex -5.839970e+01 4.037914e+01 0.000000e+00
      endloop
   endfacet
   facet normal 0.000000e+00 0.000000e+00 1.000000e+00
      outer loop
         vertex -5.839970e+01 4.037914e+01 0.000000e+00
         vertex -5.645359e+01 2.899369e+01 0.000000e+00
         vertex -5.573801e+01 2.918543e+01 0.000000e+00
      endloop
   endfacet
   facet normal -0.000000e+00 0.000000e+00 1.000000e+00
      outer loop
         vertex -5.839970e+01 4.037914e+01 0.000000e+00
         vertex -5.573801e+01 2.918543e+01 0.000000e+00
         vertex -5.496414e+01 4.494378e+01 0.000000e+00
      endloop
   endfacet
   facet normal 0.000000e+00 0.000000e+00 1.000000e+00
      outer loop
         vertex -5.496414e+01 4.494378e+01 0.000000e+00
         vertex -5.573801e+01 2.918543e+01 0.000000e+00
         vertex -5.500000e+01 2.925000e+01 0.000000e+00
      endloop
   endfacet
   facet normal 0.000000e+00 0.000000e+00 1.000000e+00
      outer loop
         vertex -5.496414e+01 4.494378e+01 0.000000e+00
         vertex -5.500000e+01 2.925000e+01 0.000000e+00
         vertex -5.426199e+01 2.918543e+01 0.000000e+00
      endloop
   endfacet
   facet normal 0.000000e+00 0.000000e+00 1.000000e+00
      outer loop
         vertex -3.297030e+01 6.288052e+01 0.000000e+00
         vertex -3.791918e+01 6.002613e+01 0.000000e+00
         vertex -3.675000e+01 4.375000e+01 0.000000e+00
      endloop
   endfacet
   facet normal 0.000000e+00 0.000000e+00 1.000000e+00
      outer loop
         vertex -3.675000e+01 4.375000e+01 0.000000e+00
         vertex -3.791918e+01 6.002613e+01 0.000000e+00
         vertex -4.262254e+01 5.678308e+01 0.000000e+00
      endloop
   endfacet
   facet normal 0.000000e+00 0.000000e+00 1.000000e+00
      outer loop
         vertex -3.675000e+01 4.375000e+01 0.000000e+00
         vertex -4.262254e+01 5.678308e+01 0.000000e+00
         vertex -4.704994e+01 5.317239e+01 0.000000e+00
      endloop
   endfacet
   facet normal -0.000000e+00 -0.000000e+00 1.000000e+00
      outer loop
         vertex -5.426199e+01 2.918543e+01 0.000000e+00
         vertex -5.354641e+01 2.899369e+01 0.000000e+00
         vertex -5.496414e+01 4.494378e+01 0.000000e+00
      endloop
   endfacet
   facet normal 0.000000e+00 0.000000e+00 1.000000e+00
      outer loop
         vertex -5.496414e+01 4.494378e+01 0.000000e+00
         vertex -5.354641e+01 2.899369e+01 0.000000e+00
         vertex -3.675000e+01 4.375000e+01 0.000000e+00
      endloop
   endfacet
   facet normal -0.000000e+00 0.000000e+00 1.000000e+00
      outer loop
         vertex -5.496414e+01 4.494378e+01 0.000000e+00
         vertex -3.675000e+01 4.375000e+01 0.000000e+00
         vertex -5.117271e+01 4.921742e+01 0.000000e+00
      endloop
   endfacet
   facet normal -0.000000e+00 0.000000e+00 1.000000e+00
      outer loop
         vertex -5.117271e+01 4.921742e+01 0.000000e+00
         vertex -3.675000e+01 4.375000e+01 0.000000e+00
         vertex -4.704994e+01 5.317239e+01 0.000000e+00
      endloop
   endfacet
   facet normal 0.000000e+00 0.000000e+00 1.000000e+00
      outer loop
         vertex -5.125000e+00 4.375000e+01 0.000000e+00
         vertex -5.708428e+00 7.077014e+01 0.000000e+00
         vertex -1.137989e+01 7.008208e+01 0.000000e+00
      endloop
   endfacet
   facet normal 0.000000e+00 0.000000e+00 1.000000e+00
      outer loop
         vertex -1.137989e+01 7.008208e+01 0.000000e+00
         vertex -1.697768e+01 6.894025e+01 0.000000e+00
         vertex -5.125000e+00 4.375000e+01 0.000000e+00
      endloop
   endfacet
   facet normal 0.000000e+00 0.000000e+00 1.000000e+00
      outer loop
         vertex -5.125000e+00 4.375000e+01 0.000000e+00
         vertex -1.697768e+01 6.894025e+01 0.000000e+00
         vertex -2.246554e+01 6.735206e+01 0.000000e+00
      endloop
   endfacet
   facet normal 0.000000e+00 0.000000e+00 1.000000e+00
      outer loop
         vertex -5.125000e+00 4.375000e+01 0.000000e+00
         vertex -2.246554e+01 6.735206e+01 0.000000e+00
         vertex -2.780794e+01 6.532778e+01 0.000000e+00
      endloop
   endfacet
   facet normal 0.000000e+00 0.000000e+00 1.000000e+00
      outer loop
         vertex -7.807123e-16 5.825000e+01 0.000000e+00
         vertex -7.380047e-01 5.831457e+01 0.000000e+00
         vertex -5.125000e+00 4.375000e+01 0.000000e+00
      endloop
   endfacet
   facet normal 0.000000e+00 0.000000e+00 1.000000e+00
      outer loop
         vertex 1.012500e+01 4.375000e+01 0.000000e+00
         vertex 2.125000e+00 5.881939e+01 0.000000e+00
         vertex 1.453586e+00 5.850631e+01 0.000000e+00
      endloop
   endfacet
   facet normal -0.000000e+00 0.000000e+00 1.000000e+00
      outer loop
         vertex 3.993694e+00 6.395359e+01 0.000000e+00
         vertex 4.185433e+00 6.323800e+01 0.000000e+00
         vertex 1.137989e+01 7.008208e+01 0.000000e+00
      endloop
   endfacet
   facet normal -0.000000e+00 0.000000e+00 1.000000e+00
      outer loop
         vertex -7.807123e-16 5.825000e+01 0.000000e+00
         vertex -5.125000e+00 4.375000e+01 0.000000e+00
         vertex 7.380047e-01 5.831457e+01 0.000000e+00
      endloop
   endfacet
   facet normal 0.000000e+00 -0.000000e+00 1.000000e+00
      outer loop
         vertex 1.453586e+00 6.649369e+01 0.000000e+00
         vertex 5.708428e+00 7.077014e+01 0.000000e+00
         vertex 7.380047e-01 6.668543e+01 0.000000e+00
      endloop
   endfacet
   facet normal 0.000000e+00 -0.000000e+00 1.000000e+00
      outer loop
         vertex 7.380047e-01 6.668543e+01 0.000000e+00
         vertex 5.708428e+00 7.077014e+01 0.000000e+00
         vertex -8.479815e-14 7.100000e+01 0.000000e+00
      endloop
   endfacet
   facet normal 0.000000e+00 0.000000e+00 1.000000e+00
      outer loop
         vertex 7.380047e-01 6.668543e+01 0.000000e+00
         vertex -8.479815e-14 7.100000e+01 0.000000e+00
         vertex 2.602375e-16 6.675000e+01 0.000000e+00
      endloop
   endfacet
   facet normal 0.000000e+00 -0.000000e+00 1.000000e+00
      outer loop
         vertex 3.993694e+00 6.395359e+01 0.000000e+00
         vertex 1.137989e+01 7.008208e+01 0.000000e+00
         vertex 3.680608e+00 6.462500e+01 0.000000e+00
      endloop
   endfacet
   facet normal 0.000000e+00 0.000000e+00 1.000000e+00
      outer loop
         vertex 3.680608e+00 6.037500e+01 0.000000e+00
         vertex 3.255689e+00 5.976815e+01 0.000000e+00
         vertex 1.012500e+01 4.375000e+01 0.000000e+00
      endloop
   endfacet
   facet normal 0.000000e+00 0.000000e+00 1.000000e+00
      outer loop
         vertex 1.012500e+01 4.375000e+01 0.000000e+00
         vertex 3.255689e+00 5.976815e+01 0.000000e+00
         vertex 2.731847e+00 5.924431e+01 0.000000e+00
      endloop
   endfacet
   facet normal 0.000000e+00 0.000000e+00 1.000000e+00
      outer loop
         vertex 1.012500e+01 4.375000e+01 0.000000e+00
         vertex 2.731847e+00 5.924431e+01 0.000000e+00
         vertex 2.125000e+00 5.881939e+01 0.000000e+00
      endloop
   endfacet
   facet normal 0.000000e+00 0.000000e+00 1.000000e+00
      outer loop
         vertex -7.380047e-01 5.831457e+01 0.000000e+00
         vertex -1.453586e+00 5.850631e+01 0.000000e+00
         vertex -5.125000e+00 4.375000e+01 0.000000e+00
      endloop
   endfacet
   facet normal 0.000000e+00 0.000000e+00 1.000000e+00
      outer loop
         vertex -5.125000e+00 4.375000e+01 0.000000e+00
         vertex -1.453586e+00 5.850631e+01 0.000000e+00
         vertex -2.125000e+00 5.881939e+01 0.000000e+00
      endloop
   endfacet
   facet normal 0.000000e+00 0.000000e+00 1.000000e+00
      outer loop
         vertex -5.125000e+00 4.375000e+01 0.000000e+00
         vertex -2.125000e+00 5.881939e+01 0.000000e+00
         vertex -2.731847e+00 5.924431e+01 0.000000e+00
      endloop
   endfacet
   facet normal -0.000000e+00 0.000000e+00 1.000000e+00
      outer loop
         vertex 1.453586e+00 6.649369e+01 0.000000e+00
         vertex 2.125000e+00 6.618061e+01 0.000000e+00
         vertex 5.708428e+00 7.077014e+01 0.000000e+00
      endloop
   endfacet
   facet normal 0.000000e+00 0.000000e+00 1.000000e+00
      outer loop
         vertex 5.708428e+00 7.077014e+01 0.000000e+00
         vertex 2.125000e+00 6.618061e+01 0.000000e+00
         vertex 2.731847e+00 6.575569e+01 0.000000e+00
      endloop
   endfacet
   facet normal 0.000000e+00 0.000000e+00 1.000000e+00
      outer loop
         vertex 5.708428e+00 7.077014e+01 0.000000e+00
         vertex 2.731847e+00 6.575569e+01 0.000000e+00
         vertex 1.137989e+01 7.008208e+01 0.000000e+00
      endloop
   endfacet
   facet normal 0.000000e+00 0.000000e+00 1.000000e+00
      outer loop
         vertex 1.137989e+01 7.008208e+01 0.000000e+00
         vertex 2.731847e+00 6.575569e+01 0.000000e+00
         vertex 3.255689e+00 6.523184e+01 0.000000e+00
      endloop
   endfacet
   facet normal 0.000000e+00 0.000000e+00 1.000000e+00
      outer loop
         vertex 1.137989e+01 7.008208e+01 0.000000e+00
         vertex 3.255689e+00 6.523184e+01 0.000000e+00
         vertex 3.680608e+00 6.462500e+01 0.000000e+00
      endloop
   endfacet
   facet normal -0.000000e+00 0.000000e+00 1.000000e+00
      outer loop
         vertex 4.185433e+00 6.323800e+01 0.000000e+00
         vertex 4.250000e+00 6.250000e+01 0.000000e+00
         vertex 1.137989e+01 7.008208e+01 0.000000e+00
      endloop
   endfacet
   facet normal 0.000000e+00 0.000000e+00 1.000000e+00
      outer loop
         vertex 1.137989e+01 7.008208e+01 0.000000e+00
         vertex 4.250000e+00 6.250000e+01 0.000000e+00
         vertex 4.185433e+00 6.176199e+01 0.000000e+00
      endloop
   endfacet
   facet normal 0.000000e+00 0.000000e+00 1.000000e+00
      outer loop
         vertex 1.137989e+01 7.008208e+01 0.000000e+00
         vertex 4.185433e+00 6.176199e+01 0.000000e+00
         vertex 1.012500e+01 4.375000e+01 0.000000e+00
      endloop
   endfacet
   facet normal 0.000000e+00 0.000000e+00 1.000000e+00
      outer loop
         vertex 1.012500e+01 4.375000e+01 0.000000e+00
         vertex 4.185433e+00 6.176199e+01 0.000000e+00
         vertex 3.993694e+00 6.104641e+01 0.000000e+00
      endloop
   endfacet
   facet normal 0.000000e+00 0.000000e+00 1.000000e+00
      outer loop
         vertex 1.012500e+01 4.375000e+01 0.000000e+00
         vertex 3.993694e+00 6.104641e+01 0.000000e+00
         vertex 3.680608e+00 6.037500e+01 0.000000e+00
      endloop
   endfacet
   facet normal 0.000000e+00 -0.000000e+00 1.000000e+00
      outer loop
         vertex -2.731847e+00 6.575569e+01 0.000000e+00
         vertex -2.125000e+00 6.618061e+01 0.000000e+00
         vertex -5.708428e+00 7.077014e+01 0.000000e+00
      endloop
   endfacet
   facet normal 0.000000e+00 0.000000e+00 1.000000e+00
      outer loop
         vertex -5.708428e+00 7.077014e+01 0.000000e+00
         vertex -2.125000e+00 6.618061e+01 0.000000e+00
         vertex -1.453586e+00 6.649369e+01 0.000000e+00
      endloop
   endfacet
   facet normal -0.000000e+00 0.000000e+00 1.000000e+00
      outer loop
         vertex -5.708428e+00 7.077014e+01 0.000000e+00
         vertex -1.453586e+00 6.649369e+01 0.000000e+00
         vertex -8.479815e-14 7.100000e+01 0.000000e+00
      endloop
   endfacet
   facet normal 0.000000e+00 0.000000e+00 1.000000e+00
      outer loop
         vertex -8.479815e-14 7.100000e+01 0.000000e+00
         vertex -1.453586e+00 6.649369e+01 0.000000e+00
         vertex -7.380047e-01 6.668543e+01 0.000000e+00
      endloop
   endfacet
   facet normal 0.000000e+00 0.000000e+00 1.000000e+00
      outer loop
         vertex -8.479815e-14 7.100000e+01 0.000000e+00
         vertex -7.380047e-01 6.668543e+01 0.000000e+00
         vertex 2.602375e-16 6.675000e+01 0.000000e+00
      endloop
   endfacet
   facet normal 0.000000e+00 0.000000e+00 1.000000e+00
      outer loop
         vertex -2.731847e+00 5.924431e+01 0.000000e+00
         vertex -3.255689e+00 5.976815e+01 0.000000e+00
         vertex -5.125000e+00 4.375000e+01 0.000000e+00
      endloop
   endfacet
   facet normal 0.000000e+00 0.000000e+00 1.000000e+00
      outer loop
         vertex -5.125000e+00 4.375000e+01 0.000000e+00
         vertex -3.255689e+00 5.976815e+01 0.000000e+00
         vertex -3.680608e+00 6.037500e+01 0.000000e+00
      endloop
   endfacet
   facet normal 0.000000e+00 0.000000e+00 1.000000e+00
      outer loop
         vertex -5.125000e+00 4.375000e+01 0.000000e+00
         vertex -3.680608e+00 6.037500e+01 0.000000e+00
         vertex -3.993694e+00 6.104641e+01 0.000000e+00
      endloop
   endfacet
   facet normal 0.000000e+00 0.000000e+00 1.000000e+00
      outer loop
         vertex -3.993694e+00 6.104641e+01 0.000000e+00
         vertex -4.185433e+00 6.176199e+01 0.000000e+00
         vertex -5.125000e+00 4.375000e+01 0.000000e+00
      endloop
   endfacet
   facet normal 0.000000e+00 0.000000e+00 1.000000e+00
      outer loop
         vertex -5.125000e+00 4.375000e+01 0.000000e+00
         vertex -4.185433e+00 6.176199e+01 0.000000e+00
         vertex -4.250000e+00 6.250000e+01 0.000000e+00
      endloop
   endfacet
   facet normal 0.000000e+00 -0.000000e+00 1.000000e+00
      outer loop
         vertex -5.125000e+00 4.375000e+01 0.000000e+00
         vertex -4.250000e+00 6.250000e+01 0.000000e+00
         vertex -5.708428e+00 7.077014e+01 0.000000e+00
      endloop
   endfacet
   facet normal 0.000000e+00 0.000000e+00 1.000000e+00
      outer loop
         vertex -5.708428e+00 7.077014e+01 0.000000e+00
         vertex -4.250000e+00 6.250000e+01 0.000000e+00
         vertex -4.185433e+00 6.323800e+01 0.000000e+00
      endloop
   endfacet
   facet normal 0.000000e+00 0.000000e+00 1.000000e+00
      outer loop
         vertex -5.708428e+00 7.077014e+01 0.000000e+00
         vertex -4.185433e+00 6.323800e+01 0.000000e+00
         vertex -3.993694e+00 6.395359e+01 0.000000e+00
      endloop
   endfacet
   facet normal 0.000000e+00 -0.000000e+00 1.000000e+00
      outer loop
         vertex -3.993694e+00 6.395359e+01 0.000000e+00
         vertex -3.680608e+00 6.462500e+01 0.000000e+00
         vertex -5.708428e+00 7.077014e+01 0.000000e+00
      endloop
   endfacet
   facet normal 0.000000e+00 0.000000e+00 1.000000e+00
      outer loop
         vertex -5.708428e+00 7.077014e+01 0.000000e+00
         vertex -3.680608e+00 6.462500e+01 0.000000e+00
         vertex -3.255689e+00 6.523184e+01 0.000000e+00
      endloop
   endfacet
   facet normal 0.000000e+00 0.000000e+00 1.000000e+00
      outer loop
         vertex -5.708428e+00 7.077014e+01 0.000000e+00
         vertex -3.255689e+00 6.523184e+01 0.000000e+00
         vertex -2.731847e+00 6.575569e+01 0.000000e+00
      endloop
   endfacet
   facet normal 0.000000e+00 0.000000e+00 1.000000e+00
      outer loop
         vertex 3.297030e+01 6.288052e+01 0.000000e+00
         vertex 2.780794e+01 6.532778e+01 0.000000e+00
         vertex 1.012500e+01 4.375000e+01 0.000000e+00
      endloop
   endfacet
   facet normal 0.000000e+00 0.000000e+00 1.000000e+00
      outer loop
         vertex 2.780794e+01 6.532778e+01 0.000000e+00
         vertex 2.246554e+01 6.735206e+01 0.000000e+00
         vertex 1.012500e+01 4.375000e+01 0.000000e+00
      endloop
   endfacet
   facet normal 0.000000e+00 0.000000e+00 1.000000e+00
      outer loop
         vertex 1.012500e+01 4.375000e+01 0.000000e+00
         vertex 2.246554e+01 6.735206e+01 0.000000e+00
         vertex 1.697768e+01 6.894025e+01 0.000000e+00
      endloop
   endfacet
   facet normal 0.000000e+00 0.000000e+00 1.000000e+00
      outer loop
         vertex 1.012500e+01 4.375000e+01 0.000000e+00
         vertex 1.697768e+01 6.894025e+01 0.000000e+00
         vertex 1.137989e+01 7.008208e+01 0.000000e+00
      endloop
   endfacet
   facet normal 0.000000e+00 0.000000e+00 1.000000e+00
      outer loop
         vertex 3.675000e+01 4.375000e+01 0.000000e+00
         vertex 5.496414e+01 4.494378e+01 0.000000e+00
         vertex 5.117271e+01 4.921742e+01 0.000000e+00
      endloop
   endfacet
   facet normal 0.000000e+00 0.000000e+00 1.000000e+00
      outer loop
         vertex 5.117271e+01 4.921742e+01 0.000000e+00
         vertex 4.704994e+01 5.317239e+01 0.000000e+00
         vertex 3.675000e+01 4.375000e+01 0.000000e+00
      endloop
   endfacet
   facet normal 0.000000e+00 0.000000e+00 1.000000e+00
      outer loop
         vertex 3.675000e+01 4.375000e+01 0.000000e+00
         vertex 4.704994e+01 5.317239e+01 0.000000e+00
         vertex 4.262254e+01 5.678308e+01 0.000000e+00
      endloop
   endfacet
   facet normal 0.000000e+00 0.000000e+00 1.000000e+00
      outer loop
         vertex 3.675000e+01 4.375000e+01 0.000000e+00
         vertex 4.262254e+01 5.678308e+01 0.000000e+00
         vertex 3.791918e+01 6.002613e+01 0.000000e+00
      endloop
   endfacet
   facet normal -0.000000e+00 0.000000e+00 1.000000e+00
      outer loop
         vertex 3.675000e+01 2.600000e+01 0.000000e+00
         vertex 5.081457e+01 2.573800e+01 0.000000e+00
         vertex 5.100631e+01 2.645359e+01 0.000000e+00
      endloop
   endfacet
   facet normal -0.000000e+00 0.000000e+00 1.000000e+00
      outer loop
         vertex 5.868061e+01 2.712500e+01 0.000000e+00
         vertex 5.899369e+01 2.645359e+01 0.000000e+00
         vertex 6.411666e+01 3.049678e+01 0.000000e+00
      endloop
   endfacet
   facet normal 0.000000e+00 0.000000e+00 1.000000e+00
      outer loop
         vertex 6.411666e+01 3.049678e+01 0.000000e+00
         vertex 5.899369e+01 2.645359e+01 0.000000e+00
         vertex 6.636105e+01 2.524305e+01 0.000000e+00
      endloop
   endfacet
   facet normal 0.000000e+00 0.000000e+00 1.000000e+00
      outer loop
         vertex 3.675000e+01 2.600000e+01 0.000000e+00
         vertex 5.100631e+01 2.645359e+01 0.000000e+00
         vertex 3.675000e+01 4.375000e+01 0.000000e+00
      endloop
   endfacet
   facet normal 0.000000e+00 0.000000e+00 1.000000e+00
      outer loop
         vertex 3.675000e+01 4.375000e+01 0.000000e+00
         vertex 5.100631e+01 2.645359e+01 0.000000e+00
         vertex 5.131939e+01 2.712500e+01 0.000000e+00
      endloop
   endfacet
   facet normal 0.000000e+00 0.000000e+00 1.000000e+00
      outer loop
         vertex 3.675000e+01 4.375000e+01 0.000000e+00
         vertex 5.131939e+01 2.712500e+01 0.000000e+00
         vertex 5.174431e+01 2.773185e+01 0.000000e+00
      endloop
   endfacet
   facet normal 0.000000e+00 -0.000000e+00 1.000000e+00
      outer loop
         vertex 5.354641e+01 2.899369e+01 0.000000e+00
         vertex 5.496414e+01 4.494378e+01 0.000000e+00
         vertex 5.287500e+01 2.868061e+01 0.000000e+00
      endloop
   endfacet
   facet normal 0.000000e+00 -0.000000e+00 1.000000e+00
      outer loop
         vertex 5.287500e+01 2.868061e+01 0.000000e+00
         vertex 5.496414e+01 4.494378e+01 0.000000e+00
         vertex 3.675000e+01 4.375000e+01 0.000000e+00
      endloop
   endfacet
   facet normal 0.000000e+00 0.000000e+00 1.000000e+00
      outer loop
         vertex 5.287500e+01 2.868061e+01 0.000000e+00
         vertex 3.675000e+01 4.375000e+01 0.000000e+00
         vertex 5.226815e+01 2.825569e+01 0.000000e+00
      endloop
   endfacet
   facet normal 0.000000e+00 0.000000e+00 1.000000e+00
      outer loop
         vertex 5.226815e+01 2.825569e+01 0.000000e+00
         vertex 3.675000e+01 4.375000e+01 0.000000e+00
         vertex 5.174431e+01 2.773185e+01 0.000000e+00
      endloop
   endfacet
   facet normal 0.000000e+00 0.000000e+00 1.000000e+00
      outer loop
         vertex 6.145714e+01 3.555306e+01 0.000000e+00
         vertex 5.839970e+01 4.037914e+01 0.000000e+00
         vertex 5.645359e+01 2.899369e+01 0.000000e+00
      endloop
   endfacet
   facet normal -0.000000e+00 0.000000e+00 1.000000e+00
      outer loop
         vertex 5.645359e+01 2.899369e+01 0.000000e+00
         vertex 5.712500e+01 2.868061e+01 0.000000e+00
         vertex 6.145714e+01 3.555306e+01 0.000000e+00
      endloop
   endfacet
   facet normal 0.000000e+00 0.000000e+00 1.000000e+00
      outer loop
         vertex 6.145714e+01 3.555306e+01 0.000000e+00
         vertex 5.712500e+01 2.868061e+01 0.000000e+00
         vertex 5.773185e+01 2.825569e+01 0.000000e+00
      endloop
   endfacet
   facet normal 0.000000e+00 0.000000e+00 1.000000e+00
      outer loop
         vertex 6.145714e+01 3.555306e+01 0.000000e+00
         vertex 5.773185e+01 2.825569e+01 0.000000e+00
         vertex 6.411666e+01 3.049678e+01 0.000000e+00
      endloop
   endfacet
   facet normal 0.000000e+00 0.000000e+00 1.000000e+00
      outer loop
         vertex 6.411666e+01 3.049678e+01 0.000000e+00
         vertex 5.773185e+01 2.825569e+01 0.000000e+00
         vertex 5.825569e+01 2.773185e+01 0.000000e+00
      endloop
   endfacet
   facet normal 0.000000e+00 0.000000e+00 1.000000e+00
      outer loop
         vertex 6.411666e+01 3.049678e+01 0.000000e+00
         vertex 5.825569e+01 2.773185e+01 0.000000e+00
         vertex 5.868061e+01 2.712500e+01 0.000000e+00
      endloop
   endfacet
   facet normal 0.000000e+00 0.000000e+00 1.000000e+00
      outer loop
         vertex 5.354641e+01 2.899369e+01 0.000000e+00
         vertex 5.426199e+01 2.918543e+01 0.000000e+00
         vertex 5.496414e+01 4.494378e+01 0.000000e+00
      endloop
   endfacet
   facet normal 0.000000e+00 0.000000e+00 1.000000e+00
      outer loop
         vertex 5.496414e+01 4.494378e+01 0.000000e+00
         vertex 5.426199e+01 2.918543e+01 0.000000e+00
         vertex 5.500000e+01 2.925000e+01 0.000000e+00
      endloop
   endfacet
   facet normal 0.000000e+00 0.000000e+00 1.000000e+00
      outer loop
         vertex 5.496414e+01 4.494378e+01 0.000000e+00
         vertex 5.500000e+01 2.925000e+01 0.000000e+00
         vertex 5.839970e+01 4.037914e+01 0.000000e+00
      endloop
   endfacet
   facet normal 0.000000e+00 0.000000e+00 1.000000e+00
      outer loop
         vertex 5.839970e+01 4.037914e+01 0.000000e+00
         vertex 5.500000e+01 2.925000e+01 0.000000e+00
         vertex 5.573801e+01 2.918543e+01 0.000000e+00
      endloop
   endfacet
   facet normal 0.000000e+00 0.000000e+00 1.000000e+00
      outer loop
         vertex 5.839970e+01 4.037914e+01 0.000000e+00
         vertex 5.573801e+01 2.918543e+01 0.000000e+00
         vertex 5.645359e+01 2.899369e+01 0.000000e+00
      endloop
   endfacet
   facet normal 0.000000e+00 0.000000e+00 1.000000e+00
      outer loop
         vertex 5.426199e+01 2.081457e+01 0.000000e+00
         vertex 5.354641e+01 2.100631e+01 0.000000e+00
         vertex 3.675000e+01 1.750000e+01 0.000000e+00
      endloop
   endfacet
   facet normal 0.000000e+00 0.000000e+00 1.000000e+00
      outer loop
         vertex 5.899369e+01 2.354641e+01 0.000000e+00
         vertex 5.868061e+01 2.287500e+01 0.000000e+00
         vertex 6.817576e+01 1.982588e+01 0.000000e+00
      endloop
   endfacet
   facet normal 0.000000e+00 0.000000e+00 1.000000e+00
      outer loop
         vertex 6.817576e+01 1.982588e+01 0.000000e+00
         vertex 5.868061e+01 2.287500e+01 0.000000e+00
         vertex 5.825569e+01 2.226815e+01 0.000000e+00
      endloop
   endfacet
   facet normal 0.000000e+00 0.000000e+00 1.000000e+00
      outer loop
         vertex 6.817576e+01 1.982588e+01 0.000000e+00
         vertex 5.825569e+01 2.226815e+01 0.000000e+00
         vertex 5.773185e+01 2.174431e+01 0.000000e+00
      endloop
   endfacet
   facet normal 0.000000e+00 0.000000e+00 1.000000e+00
      outer loop
         vertex 3.675000e+01 1.750000e+01 0.000000e+00
         vertex 5.174431e+01 2.226815e+01 0.000000e+00
         vertex 5.131939e+01 2.287500e+01 0.000000e+00
      endloop
   endfacet
   facet normal 0.000000e+00 0.000000e+00 1.000000e+00
      outer loop
         vertex 5.899369e+01 2.645359e+01 0.000000e+00
         vertex 5.918543e+01 2.573800e+01 0.000000e+00
         vertex 6.636105e+01 2.524305e+01 0.000000e+00
      endloop
   endfacet
   facet normal 0.000000e+00 0.000000e+00 1.000000e+00
      outer loop
         vertex 6.636105e+01 2.524305e+01 0.000000e+00
         vertex 5.918543e+01 2.573800e+01 0.000000e+00
         vertex 5.925000e+01 2.500000e+01 0.000000e+00
      endloop
   endfacet
   facet normal 0.000000e+00 0.000000e+00 1.000000e+00
      outer loop
         vertex 6.636105e+01 2.524305e+01 0.000000e+00
         vertex 5.925000e+01 2.500000e+01 0.000000e+00
         vertex 6.817576e+01 1.982588e+01 0.000000e+00
      endloop
   endfacet
   facet normal 0.000000e+00 0.000000e+00 1.000000e+00
      outer loop
         vertex 6.817576e+01 1.982588e+01 0.000000e+00
         vertex 5.925000e+01 2.500000e+01 0.000000e+00
         vertex 5.918543e+01 2.426200e+01 0.000000e+00
      endloop
   endfacet
   facet normal 0.000000e+00 0.000000e+00 1.000000e+00
      outer loop
         vertex 6.817576e+01 1.982588e+01 0.000000e+00
         vertex 5.918543e+01 2.426200e+01 0.000000e+00
         vertex 5.899369e+01 2.354641e+01 0.000000e+00
      endloop
   endfacet
   facet normal 0.000000e+00 0.000000e+00 1.000000e+00
      outer loop
         vertex 5.773185e+01 2.174431e+01 0.000000e+00
         vertex 5.712500e+01 2.131939e+01 0.000000e+00
         vertex 6.817576e+01 1.982588e+01 0.000000e+00
      endloop
   endfacet
   facet normal 0.000000e+00 0.000000e+00 1.000000e+00
      outer loop
         vertex 6.817576e+01 1.982588e+01 0.000000e+00
         vertex 5.712500e+01 2.131939e+01 0.000000e+00
         vertex 5.645359e+01 2.100631e+01 0.000000e+00
      endloop
   endfacet
   facet normal 0.000000e+00 0.000000e+00 1.000000e+00
      outer loop
         vertex 6.817576e+01 1.982588e+01 0.000000e+00
         vertex 5.645359e+01 2.100631e+01 0.000000e+00
         vertex 5.573801e+01 2.081457e+01 0.000000e+00
      endloop
   endfacet
   facet normal 0.000000e+00 0.000000e+00 1.000000e+00
      outer loop
         vertex 5.426199e+01 2.081457e+01 0.000000e+00
         vertex 3.675000e+01 1.750000e+01 0.000000e+00
         vertex 5.500000e+01 2.075000e+01 0.000000e+00
      endloop
   endfacet
   facet normal 0.000000e+00 0.000000e+00 1.000000e+00
      outer loop
         vertex 5.354641e+01 2.100631e+01 0.000000e+00
         vertex 5.287500e+01 2.131939e+01 0.000000e+00
         vertex 3.675000e+01 1.750000e+01 0.000000e+00
      endloop
   endfacet
   facet normal 0.000000e+00 0.000000e+00 1.000000e+00
      outer loop
         vertex 3.675000e+01 1.750000e+01 0.000000e+00
         vertex 5.287500e+01 2.131939e+01 0.000000e+00
         vertex 5.226815e+01 2.174431e+01 0.000000e+00
      endloop
   endfacet
   facet normal 0.000000e+00 0.000000e+00 1.000000e+00
      outer loop
         vertex 3.675000e+01 1.750000e+01 0.000000e+00
         vertex 5.226815e+01 2.174431e+01 0.000000e+00
         vertex 5.174431e+01 2.226815e+01 0.000000e+00
      endloop
   endfacet
   facet normal 0.000000e+00 0.000000e+00 1.000000e+00
      outer loop
         vertex 5.131939e+01 2.287500e+01 0.000000e+00
         vertex 5.100631e+01 2.354641e+01 0.000000e+00
         vertex 3.675000e+01 1.750000e+01 0.000000e+00
      endloop
   endfacet
   facet normal 0.000000e+00 0.000000e+00 1.000000e+00
      outer loop
         vertex 3.675000e+01 1.750000e+01 0.000000e+00
         vertex 5.100631e+01 2.354641e+01 0.000000e+00
         vertex 5.081457e+01 2.426200e+01 0.000000e+00
      endloop
   endfacet
   facet normal 0.000000e+00 0.000000e+00 1.000000e+00
      outer loop
         vertex 3.675000e+01 1.750000e+01 0.000000e+00
         vertex 5.081457e+01 2.426200e+01 0.000000e+00
         vertex 3.675000e+01 2.600000e+01 0.000000e+00
      endloop
   endfacet
   facet normal 0.000000e+00 0.000000e+00 1.000000e+00
      outer loop
         vertex 3.675000e+01 2.600000e+01 0.000000e+00
         vertex 5.081457e+01 2.426200e+01 0.000000e+00
         vertex 5.075000e+01 2.500000e+01 0.000000e+00
      endloop
   endfacet
   facet normal 0.000000e+00 0.000000e+00 1.000000e+00
      outer loop
         vertex 3.675000e+01 2.600000e+01 0.000000e+00
         vertex 5.075000e+01 2.500000e+01 0.000000e+00
         vertex 5.081457e+01 2.573800e+01 0.000000e+00
      endloop
   endfacet
   facet normal 0.000000e+00 0.000000e+00 1.000000e+00
      outer loop
         vertex 5.573801e+01 2.081457e+01 0.000000e+00
         vertex 5.500000e+01 2.075000e+01 0.000000e+00
         vertex 6.817576e+01 1.982588e+01 0.000000e+00
      endloop
   endfacet
   facet normal 0.000000e+00 0.000000e+00 1.000000e+00
      outer loop
         vertex 6.817576e+01 1.982588e+01 0.000000e+00
         vertex 5.500000e+01 2.075000e+01 0.000000e+00
         vertex 3.675000e+01 1.750000e+01 0.000000e+00
      endloop
   endfacet
   facet normal 0.000000e+00 0.000000e+00 1.000000e+00
      outer loop
         vertex 6.817576e+01 1.982588e+01 0.000000e+00
         vertex 3.675000e+01 1.750000e+01 0.000000e+00
         vertex 6.954906e+01 1.428034e+01 0.000000e+00
      endloop
   endfacet
   facet normal 0.000000e+00 0.000000e+00 1.000000e+00
      outer loop
         vertex 6.954906e+01 1.428034e+01 0.000000e+00
         vertex 3.675000e+01 1.750000e+01 0.000000e+00
         vertex 3.675000e+01 5.125000e+00 0.000000e+00
      endloop
   endfacet
   facet normal 0.000000e+00 0.000000e+00 1.000000e+00
      outer loop
         vertex 6.954906e+01 1.428034e+01 0.000000e+00
         vertex 3.675000e+01 5.125000e+00 0.000000e+00
         vertex 7.047205e+01 8.642334e+00 0.000000e+00
      endloop
   endfacet
   facet normal 0.000000e+00 0.000000e+00 1.000000e+00
      outer loop
         vertex 7.047205e+01 8.642334e+00 0.000000e+00
         vertex 3.675000e+01 5.125000e+00 0.000000e+00
         vertex 7.093876e+01 2.948375e+00 0.000000e+00
      endloop
   endfacet
   facet normal 0.000000e+00 0.000000e+00 1.000000e+00
      outer loop
         vertex 5.868061e+01 -2.712500e+01 0.000000e+00
         vertex 5.825569e+01 -2.773185e+01 0.000000e+00
         vertex 6.419542e+01 -3.033066e+01 0.000000e+00
      endloop
   endfacet
   facet normal 0.000000e+00 -0.000000e+00 1.000000e+00
      outer loop
         vertex 5.081457e+01 -2.426200e+01 0.000000e+00
         vertex 5.100631e+01 -2.354641e+01 0.000000e+00
         vertex 3.675000e+01 -1.750000e+01 0.000000e+00
      endloop
   endfacet
   facet normal 0.000000e+00 0.000000e+00 1.000000e+00
      outer loop
         vertex 6.958581e+01 -1.410019e+01 0.000000e+00
         vertex 5.868061e+01 -2.287500e+01 0.000000e+00
         vertex 6.822687e+01 -1.964927e+01 0.000000e+00
      endloop
   endfacet
   facet normal 0.000000e+00 0.000000e+00 1.000000e+00
      outer loop
         vertex 6.822687e+01 -1.964927e+01 0.000000e+00
         vertex 5.868061e+01 -2.287500e+01 0.000000e+00
         vertex 5.899369e+01 -2.354641e+01 0.000000e+00
      endloop
   endfacet
   facet normal 0.000000e+00 0.000000e+00 1.000000e+00
      outer loop
         vertex 6.822687e+01 -1.964927e+01 0.000000e+00
         vertex 5.899369e+01 -2.354641e+01 0.000000e+00
         vertex 6.642619e+01 -2.507113e+01 0.000000e+00
      endloop
   endfacet
   facet normal 0.000000e+00 0.000000e+00 1.000000e+00
      outer loop
         vertex 6.642619e+01 -2.507113e+01 0.000000e+00
         vertex 5.899369e+01 -2.354641e+01 0.000000e+00
         vertex 5.918543e+01 -2.426200e+01 0.000000e+00
      endloop
   endfacet
   facet normal 0.000000e+00 -0.000000e+00 1.000000e+00
      outer loop
         vertex 5.850406e+01 -4.022778e+01 0.000000e+00
         vertex 6.154900e+01 -3.539380e+01 0.000000e+00
         vertex 5.712500e+01 -2.868061e+01 0.000000e+00
      endloop
   endfacet
   facet normal 0.000000e+00 0.000000e+00 1.000000e+00
      outer loop
         vertex 5.081457e+01 -2.426200e+01 0.000000e+00
         vertex 3.675000e+01 -1.750000e+01 0.000000e+00
         vertex 5.075000e+01 -2.500000e+01 0.000000e+00
      endloop
   endfacet
   facet normal 0.000000e+00 0.000000e+00 1.000000e+00
      outer loop
         vertex 6.419542e+01 -3.033066e+01 0.000000e+00
         vertex 5.825569e+01 -2.773185e+01 0.000000e+00
         vertex 6.154900e+01 -3.539380e+01 0.000000e+00
      endloop
   endfacet
   facet normal 0.000000e+00 0.000000e+00 1.000000e+00
      outer loop
         vertex 6.154900e+01 -3.539380e+01 0.000000e+00
         vertex 5.825569e+01 -2.773185e+01 0.000000e+00
         vertex 5.773185e+01 -2.825569e+01 0.000000e+00
      endloop
   endfacet
   facet normal 0.000000e+00 0.000000e+00 1.000000e+00
      outer loop
         vertex 6.154900e+01 -3.539380e+01 0.000000e+00
         vertex 5.773185e+01 -2.825569e+01 0.000000e+00
         vertex 5.712500e+01 -2.868061e+01 0.000000e+00
      endloop
   endfacet
   facet normal 0.000000e+00 0.000000e+00 1.000000e+00
      outer loop
         vertex 5.918543e+01 -2.426200e+01 0.000000e+00
         vertex 5.925000e+01 -2.500000e+01 0.000000e+00
         vertex 6.642619e+01 -2.507113e+01 0.000000e+00
      endloop
   endfacet
   facet normal 0.000000e+00 0.000000e+00 1.000000e+00
      outer loop
         vertex 6.642619e+01 -2.507113e+01 0.000000e+00
         vertex 5.925000e+01 -2.500000e+01 0.000000e+00
         vertex 5.918543e+01 -2.573800e+01 0.000000e+00
      endloop
   endfacet
   facet normal 0.000000e+00 0.000000e+00 1.000000e+00
      outer loop
         vertex 6.642619e+01 -2.507113e+01 0.000000e+00
         vertex 5.918543e+01 -2.573800e+01 0.000000e+00
         vertex 6.419542e+01 -3.033066e+01 0.000000e+00
      endloop
   endfacet
   facet normal 0.000000e+00 0.000000e+00 1.000000e+00
      outer loop
         vertex 6.419542e+01 -3.033066e+01 0.000000e+00
         vertex 5.918543e+01 -2.573800e+01 0.000000e+00
         vertex 5.899369e+01 -2.645359e+01 0.000000e+00
      endloop
   endfacet
   facet normal 0.000000e+00 0.000000e+00 1.000000e+00
      outer loop
         vertex 6.419542e+01 -3.033066e+01 0.000000e+00
         vertex 5.899369e+01 -2.645359e+01 0.000000e+00
         vertex 5.868061e+01 -2.712500e+01 0.000000e+00
      endloop
   endfacet
   facet normal 0.000000e+00 -0.000000e+00 1.000000e+00
      outer loop
         vertex 5.100631e+01 -2.354641e+01 0.000000e+00
         vertex 5.131939e+01 -2.287500e+01 0.000000e+00
         vertex 3.675000e+01 -1.750000e+01 0.000000e+00
      endloop
   endfacet
   facet normal 0.000000e+00 0.000000e+00 1.000000e+00
      outer loop
         vertex 3.675000e+01 -1.750000e+01 0.000000e+00
         vertex 5.131939e+01 -2.287500e+01 0.000000e+00
         vertex 5.174431e+01 -2.226815e+01 0.000000e+00
      endloop
   endfacet
   facet normal 0.000000e+00 0.000000e+00 1.000000e+00
      outer loop
         vertex 3.675000e+01 -1.750000e+01 0.000000e+00
         vertex 5.174431e+01 -2.226815e+01 0.000000e+00
         vertex 5.226815e+01 -2.174431e+01 0.000000e+00
      endloop
   endfacet
   facet normal 0.000000e+00 0.000000e+00 1.000000e+00
      outer loop
         vertex 5.712500e+01 -2.868061e+01 0.000000e+00
         vertex 5.645359e+01 -2.899369e+01 0.000000e+00
         vertex 5.850406e+01 -4.022778e+01 0.000000e+00
      endloop
   endfacet
   facet normal 0.000000e+00 0.000000e+00 1.000000e+00
      outer loop
         vertex 5.850406e+01 -4.022778e+01 0.000000e+00
         vertex 5.645359e+01 -2.899369e+01 0.000000e+00
         vertex 5.573801e+01 -2.918543e+01 0.000000e+00
      endloop
   endfacet
   facet normal 0.000000e+00 0.000000e+00 1.000000e+00
      outer loop
         vertex 5.850406e+01 -4.022778e+01 0.000000e+00
         vertex 5.573801e+01 -2.918543e+01 0.000000e+00
         vertex 5.508034e+01 -4.480130e+01 0.000000e+00
      endloop
   endfacet
   facet normal 0.000000e+00 -0.000000e+00 1.000000e+00
      outer loop
         vertex 5.508034e+01 -4.480130e+01 0.000000e+00
         vertex 5.573801e+01 -2.918543e+01 0.000000e+00
         vertex 5.500000e+01 -2.925000e+01 0.000000e+00
      endloop
   endfacet
   facet normal 0.000000e+00 0.000000e+00 1.000000e+00
      outer loop
         vertex 5.508034e+01 -4.480130e+01 0.000000e+00
         vertex 5.500000e+01 -2.925000e+01 0.000000e+00
         vertex 5.129998e+01 -4.908474e+01 0.000000e+00
      endloop
   endfacet
   facet normal 0.000000e+00 0.000000e+00 1.000000e+00
      outer loop
         vertex 5.129998e+01 -4.908474e+01 0.000000e+00
         vertex 5.500000e+01 -2.925000e+01 0.000000e+00
         vertex 5.426199e+01 -2.918543e+01 0.000000e+00
      endloop
   endfacet
   facet normal 0.000000e+00 -0.000000e+00 1.000000e+00
      outer loop
         vertex 5.129998e+01 -4.908474e+01 0.000000e+00
         vertex 5.426199e+01 -2.918543e+01 0.000000e+00
         vertex 4.718747e+01 -5.305038e+01 0.000000e+00
      endloop
   endfacet
   facet normal 0.000000e+00 0.000000e+00 1.000000e+00
      outer loop
         vertex 4.718747e+01 -5.305038e+01 0.000000e+00
         vertex 5.426199e+01 -2.918543e+01 0.000000e+00
         vertex 5.354641e+01 -2.899369e+01 0.000000e+00
      endloop
   endfacet
   facet normal 0.000000e+00 -0.000000e+00 1.000000e+00
      outer loop
         vertex 4.718747e+01 -5.305038e+01 0.000000e+00
         vertex 5.354641e+01 -2.899369e+01 0.000000e+00
         vertex 4.276944e+01 -5.667252e+01 0.000000e+00
      endloop
   endfacet
   facet normal 0.000000e+00 -0.000000e+00 1.000000e+00
      outer loop
         vertex 4.276944e+01 -5.667252e+01 0.000000e+00
         vertex 5.354641e+01 -2.899369e+01 0.000000e+00
         vertex 3.807449e+01 -5.992774e+01 0.000000e+00
      endloop
   endfacet
   facet normal 0.000000e+00 0.000000e+00 1.000000e+00
      outer loop
         vertex 3.807449e+01 -5.992774e+01 0.000000e+00
         vertex 5.354641e+01 -2.899369e+01 0.000000e+00
         vertex 5.287500e+01 -2.868061e+01 0.000000e+00
      endloop
   endfacet
   facet normal 0.000000e+00 -0.000000e+00 1.000000e+00
      outer loop
         vertex 3.807449e+01 -5.992774e+01 0.000000e+00
         vertex 5.287500e+01 -2.868061e+01 0.000000e+00
         vertex 3.313301e+01 -6.279493e+01 0.000000e+00
      endloop
   endfacet
   facet normal 0.000000e+00 0.000000e+00 1.000000e+00
      outer loop
         vertex 3.313301e+01 -6.279493e+01 0.000000e+00
         vertex 5.287500e+01 -2.868061e+01 0.000000e+00
         vertex 5.226815e+01 -2.825569e+01 0.000000e+00
      endloop
   endfacet
   facet normal 0.000000e+00 0.000000e+00 1.000000e+00
      outer loop
         vertex 3.313301e+01 -6.279493e+01 0.000000e+00
         vertex 5.226815e+01 -2.825569e+01 0.000000e+00
         vertex 5.174431e+01 -2.773185e+01 0.000000e+00
      endloop
   endfacet
   facet normal 0.000000e+00 0.000000e+00 1.000000e+00
      outer loop
         vertex 5.174431e+01 -2.773185e+01 0.000000e+00
         vertex 5.131939e+01 -2.712500e+01 0.000000e+00
         vertex 3.313301e+01 -6.279493e+01 0.000000e+00
      endloop
   endfacet
   facet normal 0.000000e+00 0.000000e+00 1.000000e+00
      outer loop
         vertex 3.313301e+01 -6.279493e+01 0.000000e+00
         vertex 5.131939e+01 -2.712500e+01 0.000000e+00
         vertex 5.100631e+01 -2.645359e+01 0.000000e+00
      endloop
   endfacet
   facet normal 0.000000e+00 0.000000e+00 1.000000e+00
      outer loop
         vertex 3.313301e+01 -6.279493e+01 0.000000e+00
         vertex 5.100631e+01 -2.645359e+01 0.000000e+00
         vertex 3.675000e+01 -1.750000e+01 0.000000e+00
      endloop
   endfacet
   facet normal 0.000000e+00 0.000000e+00 1.000000e+00
      outer loop
         vertex 3.675000e+01 -1.750000e+01 0.000000e+00
         vertex 5.100631e+01 -2.645359e+01 0.000000e+00
         vertex 5.081457e+01 -2.573800e+01 0.000000e+00
      endloop
   endfacet
   facet normal 0.000000e+00 0.000000e+00 1.000000e+00
      outer loop
         vertex 3.675000e+01 -1.750000e+01 0.000000e+00
         vertex 5.081457e+01 -2.573800e+01 0.000000e+00
         vertex 5.075000e+01 -2.500000e+01 0.000000e+00
      endloop
   endfacet
   facet normal 0.000000e+00 -0.000000e+00 1.000000e+00
      outer loop
         vertex 5.226815e+01 -2.174431e+01 0.000000e+00
         vertex 5.287500e+01 -2.131939e+01 0.000000e+00
         vertex 3.675000e+01 -1.750000e+01 0.000000e+00
      endloop
   endfacet
   facet normal 0.000000e+00 0.000000e+00 1.000000e+00
      outer loop
         vertex 3.675000e+01 -1.750000e+01 0.000000e+00
         vertex 5.287500e+01 -2.131939e+01 0.000000e+00
         vertex 5.354641e+01 -2.100631e+01 0.000000e+00
      endloop
   endfacet
   facet normal 0.000000e+00 0.000000e+00 1.000000e+00
      outer loop
         vertex 3.675000e+01 -1.750000e+01 0.000000e+00
         vertex 5.354641e+01 -2.100631e+01 0.000000e+00
         vertex 5.426199e+01 -2.081457e+01 0.000000e+00
      endloop
   endfacet
   facet normal 0.000000e+00 0.000000e+00 1.000000e+00
      outer loop
         vertex 7.093876e+01 2.948375e+00 0.000000e+00
         vertex 3.675000e+01 5.125000e+00 0.000000e+00
         vertex 7.094615e+01 -2.764673e+00 0.000000e+00
      endloop
   endfacet
   facet normal 0.000000e+00 0.000000e+00 1.000000e+00
      outer loop
         vertex 7.094615e+01 -2.764673e+00 0.000000e+00
         vertex 3.675000e+01 5.125000e+00 0.000000e+00
         vertex 3.675000e+01 -1.012500e+01 0.000000e+00
      endloop
   endfacet
   facet normal 0.000000e+00 0.000000e+00 1.000000e+00
      outer loop
         vertex 7.094615e+01 -2.764673e+00 0.000000e+00
         vertex 3.675000e+01 -1.012500e+01 0.000000e+00
         vertex 7.049420e+01 -8.459821e+00 0.000000e+00
      endloop
   endfacet
   facet normal 0.000000e+00 0.000000e+00 1.000000e+00
      outer loop
         vertex 7.049420e+01 -8.459821e+00 0.000000e+00
         vertex 3.675000e+01 -1.012500e+01 0.000000e+00
         vertex 3.675000e+01 -1.750000e+01 0.000000e+00
      endloop
   endfacet
   facet normal 0.000000e+00 0.000000e+00 1.000000e+00
      outer loop
         vertex 7.049420e+01 -8.459821e+00 0.000000e+00
         vertex 3.675000e+01 -1.750000e+01 0.000000e+00
         vertex 6.958581e+01 -1.410019e+01 0.000000e+00
      endloop
   endfacet
   facet normal 0.000000e+00 0.000000e+00 1.000000e+00
      outer loop
         vertex 6.958581e+01 -1.410019e+01 0.000000e+00
         vertex 3.675000e+01 -1.750000e+01 0.000000e+00
         vertex 5.426199e+01 -2.081457e+01 0.000000e+00
      endloop
   endfacet
   facet normal 0.000000e+00 0.000000e+00 1.000000e+00
      outer loop
         vertex 6.958581e+01 -1.410019e+01 0.000000e+00
         vertex 5.426199e+01 -2.081457e+01 0.000000e+00
         vertex 5.500000e+01 -2.075000e+01 0.000000e+00
      endloop
   endfacet
   facet normal -0.000000e+00 0.000000e+00 1.000000e+00
      outer loop
         vertex 5.500000e+01 -2.075000e+01 0.000000e+00
         vertex 5.573801e+01 -2.081457e+01 0.000000e+00
         vertex 6.958581e+01 -1.410019e+01 0.000000e+00
      endloop
   endfacet
   facet normal 0.000000e+00 0.000000e+00 1.000000e+00
      outer loop
         vertex 6.958581e+01 -1.410019e+01 0.000000e+00
         vertex 5.573801e+01 -2.081457e+01 0.000000e+00
         vertex 5.645359e+01 -2.100631e+01 0.000000e+00
      endloop
   endfacet
   facet normal 0.000000e+00 0.000000e+00 1.000000e+00
      outer loop
         vertex 6.958581e+01 -1.410019e+01 0.000000e+00
         vertex 5.645359e+01 -2.100631e+01 0.000000e+00
         vertex 5.712500e+01 -2.131939e+01 0.000000e+00
      endloop
   endfacet
   facet normal -0.000000e+00 0.000000e+00 1.000000e+00
      outer loop
         vertex 5.712500e+01 -2.131939e+01 0.000000e+00
         vertex 5.773185e+01 -2.174431e+01 0.000000e+00
         vertex 6.958581e+01 -1.410019e+01 0.000000e+00
      endloop
   endfacet
   facet normal 0.000000e+00 0.000000e+00 1.000000e+00
      outer loop
         vertex 6.958581e+01 -1.410019e+01 0.000000e+00
         vertex 5.773185e+01 -2.174431e+01 0.000000e+00
         vertex 5.825569e+01 -2.226815e+01 0.000000e+00
      endloop
   endfacet
   facet normal 0.000000e+00 0.000000e+00 1.000000e+00
      outer loop
         vertex 6.958581e+01 -1.410019e+01 0.000000e+00
         vertex 5.825569e+01 -2.226815e+01 0.000000e+00
         vertex 5.868061e+01 -2.287500e+01 0.000000e+00
      endloop
   endfacet
   facet normal 0.000000e+00 0.000000e+00 1.000000e+00
      outer loop
         vertex 1.012500e+01 -1.750000e+01 0.000000e+00
         vertex 1.012500e+01 -6.650000e+01 0.000000e+00
         vertex 2.487469e+01 -6.650000e+01 0.000000e+00
      endloop
   endfacet
   facet normal 0.000000e+00 -0.000000e+00 1.000000e+00
      outer loop
         vertex -3.680608e+00 2.062500e+01 0.000000e+00
         vertex -3.255689e+00 2.123185e+01 0.000000e+00
         vertex -5.125000e+00 2.600000e+01 0.000000e+00
      endloop
   endfacet
   facet normal 0.000000e+00 0.000000e+00 1.000000e+00
      outer loop
         vertex -5.125000e+00 2.600000e+01 0.000000e+00
         vertex -3.255689e+00 2.123185e+01 0.000000e+00
         vertex -2.731847e+00 2.175569e+01 0.000000e+00
      endloop
   endfacet
   facet normal 0.000000e+00 -0.000000e+00 1.000000e+00
      outer loop
         vertex -2.731847e+00 2.175569e+01 0.000000e+00
         vertex -2.125000e+00 2.218061e+01 0.000000e+00
         vertex -5.125000e+00 2.600000e+01 0.000000e+00
      endloop
   endfacet
   facet normal 0.000000e+00 0.000000e+00 1.000000e+00
      outer loop
         vertex -5.125000e+00 2.600000e+01 0.000000e+00
         vertex -2.125000e+00 2.218061e+01 0.000000e+00
         vertex -1.453586e+00 2.249369e+01 0.000000e+00
      endloop
   endfacet
   facet normal 0.000000e+00 0.000000e+00 1.000000e+00
      outer loop
         vertex -5.125000e+00 2.600000e+01 0.000000e+00
         vertex -1.453586e+00 2.249369e+01 0.000000e+00
         vertex -7.380047e-01 2.268543e+01 0.000000e+00
      endloop
   endfacet
   facet normal -0.000000e+00 0.000000e+00 1.000000e+00
      outer loop
         vertex 2.602375e-16 2.275000e+01 0.000000e+00
         vertex 7.380047e-01 2.268543e+01 0.000000e+00
         vertex 1.012500e+01 2.600000e+01 0.000000e+00
      endloop
   endfacet
   facet normal 0.000000e+00 0.000000e+00 1.000000e+00
      outer loop
         vertex 1.012500e+01 2.600000e+01 0.000000e+00
         vertex 7.380047e-01 2.268543e+01 0.000000e+00
         vertex 1.453586e+00 2.249369e+01 0.000000e+00
      endloop
   endfacet
   facet normal 0.000000e+00 0.000000e+00 1.000000e+00
      outer loop
         vertex -4.185433e+00 1.776200e+01 0.000000e+00
         vertex -4.250000e+00 1.850000e+01 0.000000e+00
         vertex -5.125000e+00 1.750000e+01 0.000000e+00
      endloop
   endfacet
   facet normal 0.000000e+00 0.000000e+00 1.000000e+00
      outer loop
         vertex -5.125000e+00 1.750000e+01 0.000000e+00
         vertex -4.250000e+00 1.850000e+01 0.000000e+00
         vertex -4.185433e+00 1.923800e+01 0.000000e+00
      endloop
   endfacet
   facet normal 0.000000e+00 0.000000e+00 1.000000e+00
      outer loop
         vertex -5.125000e+00 1.750000e+01 0.000000e+00
         vertex -4.185433e+00 1.923800e+01 0.000000e+00
         vertex -5.125000e+00 2.600000e+01 0.000000e+00
      endloop
   endfacet
   facet normal 0.000000e+00 0.000000e+00 1.000000e+00
      outer loop
         vertex -5.125000e+00 2.600000e+01 0.000000e+00
         vertex -4.185433e+00 1.923800e+01 0.000000e+00
         vertex -3.993694e+00 1.995359e+01 0.000000e+00
      endloop
   endfacet
   facet normal 0.000000e+00 0.000000e+00 1.000000e+00
      outer loop
         vertex -5.125000e+00 2.600000e+01 0.000000e+00
         vertex -3.993694e+00 1.995359e+01 0.000000e+00
         vertex -3.680608e+00 2.062500e+01 0.000000e+00
      endloop
   endfacet
   facet normal -0.000000e+00 0.000000e+00 1.000000e+00
      outer loop
         vertex 1.453586e+00 2.249369e+01 0.000000e+00
         vertex 2.125000e+00 2.218061e+01 0.000000e+00
         vertex 1.012500e+01 2.600000e+01 0.000000e+00
      endloop
   endfacet
   facet normal 0.000000e+00 0.000000e+00 1.000000e+00
      outer loop
         vertex 1.012500e+01 2.600000e+01 0.000000e+00
         vertex 2.125000e+00 2.218061e+01 0.000000e+00
         vertex 2.731847e+00 2.175569e+01 0.000000e+00
      endloop
   endfacet
   facet normal 0.000000e+00 0.000000e+00 1.000000e+00
      outer loop
         vertex 1.012500e+01 2.600000e+01 0.000000e+00
         vertex 2.731847e+00 2.175569e+01 0.000000e+00
         vertex 3.255689e+00 2.123185e+01 0.000000e+00
      endloop
   endfacet
   facet normal -0.000000e+00 0.000000e+00 1.000000e+00
      outer loop
         vertex 3.255689e+00 2.123185e+01 0.000000e+00
         vertex 3.680608e+00 2.062500e+01 0.000000e+00
         vertex 1.012500e+01 2.600000e+01 0.000000e+00
      endloop
   endfacet
   facet normal 0.000000e+00 0.000000e+00 1.000000e+00
      outer loop
         vertex 1.012500e+01 2.600000e+01 0.000000e+00
         vertex 3.680608e+00 2.062500e+01 0.000000e+00
         vertex 3.993694e+00 1.995359e+01 0.000000e+00
      endloop
   endfacet
   facet normal 0.000000e+00 0.000000e+00 1.000000e+00
      outer loop
         vertex 1.012500e+01 2.600000e+01 0.000000e+00
         vertex 3.993694e+00 1.995359e+01 0.000000e+00
         vertex 1.012500e+01 1.750000e+01 0.000000e+00
      endloop
   endfacet
   facet normal 0.000000e+00 0.000000e+00 1.000000e+00
      outer loop
         vertex 1.012500e+01 1.750000e+01 0.000000e+00
         vertex 3.993694e+00 1.995359e+01 0.000000e+00
         vertex 4.185433e+00 1.923800e+01 0.000000e+00
      endloop
   endfacet
   facet normal 0.000000e+00 0.000000e+00 1.000000e+00
      outer loop
         vertex 1.012500e+01 1.750000e+01 0.000000e+00
         vertex 4.185433e+00 1.923800e+01 0.000000e+00
         vertex 4.250000e+00 1.850000e+01 0.000000e+00
      endloop
   endfacet
   facet normal -0.000000e+00 0.000000e+00 1.000000e+00
      outer loop
         vertex 2.125000e+00 1.481939e+01 0.000000e+00
         vertex 1.012500e+01 5.125000e+00 0.000000e+00
         vertex 2.731847e+00 1.524431e+01 0.000000e+00
      endloop
   endfacet
   facet normal -0.000000e+00 0.000000e+00 1.000000e+00
      outer loop
         vertex 2.731847e+00 1.524431e+01 0.000000e+00
         vertex 1.012500e+01 5.125000e+00 0.000000e+00
         vertex 3.255689e+00 1.576815e+01 0.000000e+00
      endloop
   endfacet
   facet normal 0.000000e+00 0.000000e+00 1.000000e+00
      outer loop
         vertex 4.250000e+00 1.850000e+01 0.000000e+00
         vertex 4.185433e+00 1.776200e+01 0.000000e+00
         vertex 1.012500e+01 1.750000e+01 0.000000e+00
      endloop
   endfacet
   facet normal 0.000000e+00 0.000000e+00 1.000000e+00
      outer loop
         vertex 1.012500e+01 1.750000e+01 0.000000e+00
         vertex 4.185433e+00 1.776200e+01 0.000000e+00
         vertex 3.993694e+00 1.704641e+01 0.000000e+00
      endloop
   endfacet
   facet normal 0.000000e+00 0.000000e+00 1.000000e+00
      outer loop
         vertex 1.012500e+01 1.750000e+01 0.000000e+00
         vertex 3.993694e+00 1.704641e+01 0.000000e+00
         vertex 1.012500e+01 5.125000e+00 0.000000e+00
      endloop
   endfacet
   facet normal 0.000000e+00 0.000000e+00 1.000000e+00
      outer loop
         vertex 1.012500e+01 5.125000e+00 0.000000e+00
         vertex 3.993694e+00 1.704641e+01 0.000000e+00
         vertex 3.680608e+00 1.637500e+01 0.000000e+00
      endloop
   endfacet
   facet normal 0.000000e+00 0.000000e+00 1.000000e+00
      outer loop
         vertex 1.012500e+01 5.125000e+00 0.000000e+00
         vertex 3.680608e+00 1.637500e+01 0.000000e+00
         vertex 3.255689e+00 1.576815e+01 0.000000e+00
      endloop
   endfacet
   facet normal 0.000000e+00 0.000000e+00 1.000000e+00
      outer loop
         vertex -2.731847e+00 1.524431e+01 0.000000e+00
         vertex -3.255689e+00 1.576815e+01 0.000000e+00
         vertex -5.125000e+00 5.125000e+00 0.000000e+00
      endloop
   endfacet
   facet normal 0.000000e+00 0.000000e+00 1.000000e+00
      outer loop
         vertex -5.125000e+00 5.125000e+00 0.000000e+00
         vertex -3.255689e+00 1.576815e+01 0.000000e+00
         vertex -3.680608e+00 1.637500e+01 0.000000e+00
      endloop
   endfacet
   facet normal 0.000000e+00 0.000000e+00 1.000000e+00
      outer loop
         vertex -5.125000e+00 5.125000e+00 0.000000e+00
         vertex -3.680608e+00 1.637500e+01 0.000000e+00
         vertex -5.125000e+00 1.750000e+01 0.000000e+00
      endloop
   endfacet
   facet normal 0.000000e+00 0.000000e+00 1.000000e+00
      outer loop
         vertex -5.125000e+00 1.750000e+01 0.000000e+00
         vertex -3.680608e+00 1.637500e+01 0.000000e+00
         vertex -3.993694e+00 1.704641e+01 0.000000e+00
      endloop
   endfacet
   facet normal -0.000000e+00 0.000000e+00 1.000000e+00
      outer loop
         vertex -5.125000e+00 1.750000e+01 0.000000e+00
         vertex -3.993694e+00 1.704641e+01 0.000000e+00
         vertex -4.185433e+00 1.776200e+01 0.000000e+00
      endloop
   endfacet
   facet normal -0.000000e+00 0.000000e+00 1.000000e+00
      outer loop
         vertex 7.380047e-01 1.431457e+01 0.000000e+00
         vertex 2.052121e+00 5.638156e+00 0.000000e+00
         vertex 1.453586e+00 1.450631e+01 0.000000e+00
      endloop
   endfacet
   facet normal 0.000000e+00 0.000000e+00 1.000000e+00
      outer loop
         vertex 1.453586e+00 1.450631e+01 0.000000e+00
         vertex 2.052121e+00 5.638156e+00 0.000000e+00
         vertex 3.000000e+00 5.196152e+00 0.000000e+00
      endloop
   endfacet
   facet normal 0.000000e+00 0.000000e+00 1.000000e+00
      outer loop
         vertex -7.380047e-01 1.431457e+01 0.000000e+00
         vertex -2.052121e+00 5.638156e+00 0.000000e+00
         vertex -1.041889e+00 5.908846e+00 0.000000e+00
      endloop
   endfacet
   facet normal 0.000000e+00 0.000000e+00 1.000000e+00
      outer loop
         vertex -7.380047e-01 1.431457e+01 0.000000e+00
         vertex -1.041889e+00 5.908846e+00 0.000000e+00
         vertex -7.807123e-16 1.425000e+01 0.000000e+00
      endloop
   endfacet
   facet normal 0.000000e+00 0.000000e+00 1.000000e+00
      outer loop
         vertex -7.807123e-16 1.425000e+01 0.000000e+00
         vertex -1.041889e+00 5.908846e+00 0.000000e+00
         vertex 3.673940e-16 6.000000e+00 0.000000e+00
      endloop
   endfacet
   facet normal -0.000000e+00 0.000000e+00 1.000000e+00
      outer loop
         vertex -7.807123e-16 1.425000e+01 0.000000e+00
         vertex 3.673940e-16 6.000000e+00 0.000000e+00
         vertex 7.380047e-01 1.431457e+01 0.000000e+00
      endloop
   endfacet
   facet normal 0.000000e+00 0.000000e+00 1.000000e+00
      outer loop
         vertex 7.380047e-01 1.431457e+01 0.000000e+00
         vertex 3.673940e-16 6.000000e+00 0.000000e+00
         vertex 1.041889e+00 5.908846e+00 0.000000e+00
      endloop
   endfacet
   facet normal 0.000000e+00 0.000000e+00 1.000000e+00
      outer loop
         vertex 7.380047e-01 1.431457e+01 0.000000e+00
         vertex 1.041889e+00 5.908846e+00 0.000000e+00
         vertex 2.052121e+00 5.638156e+00 0.000000e+00
      endloop
   endfacet
   facet normal 0.000000e+00 -0.000000e+00 1.000000e+00
      outer loop
         vertex -2.052121e+00 5.638156e+00 0.000000e+00
         vertex -7.380047e-01 1.431457e+01 0.000000e+00
         vertex -3.000000e+00 5.196152e+00 0.000000e+00
      endloop
   endfacet
   facet normal 0.000000e+00 0.000000e+00 1.000000e+00
      outer loop
         vertex -3.000000e+00 5.196152e+00 0.000000e+00
         vertex -7.380047e-01 1.431457e+01 0.000000e+00
         vertex -1.453586e+00 1.450631e+01 0.000000e+00
      endloop
   endfacet
   facet normal 0.000000e+00 -0.000000e+00 1.000000e+00
      outer loop
         vertex -3.000000e+00 5.196152e+00 0.000000e+00
         vertex -1.453586e+00 1.450631e+01 0.000000e+00
         vertex -5.125000e+00 5.125000e+00 0.000000e+00
      endloop
   endfacet
   facet normal 0.000000e+00 0.000000e+00 1.000000e+00
      outer loop
         vertex -5.125000e+00 5.125000e+00 0.000000e+00
         vertex -1.453586e+00 1.450631e+01 0.000000e+00
         vertex -2.125000e+00 1.481939e+01 0.000000e+00
      endloop
   endfacet
   facet normal 0.000000e+00 0.000000e+00 1.000000e+00
      outer loop
         vertex -5.125000e+00 5.125000e+00 0.000000e+00
         vertex -2.125000e+00 1.481939e+01 0.000000e+00
         vertex -2.731847e+00 1.524431e+01 0.000000e+00
      endloop
   endfacet
   facet normal 0.000000e+00 0.000000e+00 1.000000e+00
      outer loop
         vertex -5.573801e+01 2.081457e+01 0.000000e+00
         vertex -5.645359e+01 2.100631e+01 0.000000e+00
         vertex -6.512500e+01 1.750000e+01 0.000000e+00
      endloop
   endfacet
   facet normal 0.000000e+00 0.000000e+00 1.000000e+00
      outer loop
         vertex -5.100631e+01 2.354641e+01 0.000000e+00
         vertex -5.131939e+01 2.287500e+01 0.000000e+00
         vertex -3.675000e+01 1.750000e+01 0.000000e+00
      endloop
   endfacet
   facet normal 0.000000e+00 0.000000e+00 1.000000e+00
      outer loop
         vertex -3.675000e+01 1.750000e+01 0.000000e+00
         vertex -5.131939e+01 2.287500e+01 0.000000e+00
         vertex -5.174431e+01 2.226815e+01 0.000000e+00
      endloop
   endfacet
   facet normal 0.000000e+00 0.000000e+00 1.000000e+00
      outer loop
         vertex -3.675000e+01 1.750000e+01 0.000000e+00
         vertex -5.174431e+01 2.226815e+01 0.000000e+00
         vertex -5.226815e+01 2.174431e+01 0.000000e+00
      endloop
   endfacet
   facet normal 0.000000e+00 0.000000e+00 1.000000e+00
      outer loop
         vertex -5.100631e+01 2.645359e+01 0.000000e+00
         vertex -5.081457e+01 2.573800e+01 0.000000e+00
         vertex -3.675000e+01 2.600000e+01 0.000000e+00
      endloop
   endfacet
   facet normal 0.000000e+00 0.000000e+00 1.000000e+00
      outer loop
         vertex -3.675000e+01 2.600000e+01 0.000000e+00
         vertex -5.081457e+01 2.573800e+01 0.000000e+00
         vertex -5.075000e+01 2.500000e+01 0.000000e+00
      endloop
   endfacet
   facet normal 0.000000e+00 0.000000e+00 1.000000e+00
      outer loop
         vertex -3.675000e+01 2.600000e+01 0.000000e+00
         vertex -5.075000e+01 2.500000e+01 0.000000e+00
         vertex -3.675000e+01 1.750000e+01 0.000000e+00
      endloop
   endfacet
   facet normal 0.000000e+00 0.000000e+00 1.000000e+00
      outer loop
         vertex -3.675000e+01 1.750000e+01 0.000000e+00
         vertex -5.075000e+01 2.500000e+01 0.000000e+00
         vertex -5.081457e+01 2.426200e+01 0.000000e+00
      endloop
   endfacet
   facet normal 0.000000e+00 0.000000e+00 1.000000e+00
      outer loop
         vertex -3.675000e+01 1.750000e+01 0.000000e+00
         vertex -5.081457e+01 2.426200e+01 0.000000e+00
         vertex -5.100631e+01 2.354641e+01 0.000000e+00
      endloop
   endfacet
   facet normal 0.000000e+00 0.000000e+00 1.000000e+00
      outer loop
         vertex -5.226815e+01 2.174431e+01 0.000000e+00
         vertex -5.287500e+01 2.131939e+01 0.000000e+00
         vertex -3.675000e+01 1.750000e+01 0.000000e+00
      endloop
   endfacet
   facet normal 0.000000e+00 0.000000e+00 1.000000e+00
      outer loop
         vertex -3.675000e+01 1.750000e+01 0.000000e+00
         vertex -5.287500e+01 2.131939e+01 0.000000e+00
         vertex -5.354641e+01 2.100631e+01 0.000000e+00
      endloop
   endfacet
   facet normal 0.000000e+00 0.000000e+00 1.000000e+00
      outer loop
         vertex -3.675000e+01 1.750000e+01 0.000000e+00
         vertex -5.354641e+01 2.100631e+01 0.000000e+00
         vertex -5.426199e+01 2.081457e+01 0.000000e+00
      endloop
   endfacet
   facet normal 0.000000e+00 0.000000e+00 1.000000e+00
      outer loop
         vertex -5.573801e+01 2.081457e+01 0.000000e+00
         vertex -6.512500e+01 1.750000e+01 0.000000e+00
         vertex -5.500000e+01 2.075000e+01 0.000000e+00
      endloop
   endfacet
   facet normal 0.000000e+00 0.000000e+00 1.000000e+00
      outer loop
         vertex -5.645359e+01 2.100631e+01 0.000000e+00
         vertex -5.712500e+01 2.131939e+01 0.000000e+00
         vertex -6.512500e+01 1.750000e+01 0.000000e+00
      endloop
   endfacet
   facet normal 0.000000e+00 0.000000e+00 1.000000e+00
      outer loop
         vertex -6.512500e+01 1.750000e+01 0.000000e+00
         vertex -5.712500e+01 2.131939e+01 0.000000e+00
         vertex -5.773185e+01 2.174431e+01 0.000000e+00
      endloop
   endfacet
   facet normal 0.000000e+00 0.000000e+00 1.000000e+00
      outer loop
         vertex -6.512500e+01 1.750000e+01 0.000000e+00
         vertex -5.773185e+01 2.174431e+01 0.000000e+00
         vertex -5.825569e+01 2.226815e+01 0.000000e+00
      endloop
   endfacet
   facet normal 0.000000e+00 0.000000e+00 1.000000e+00
      outer loop
         vertex -5.825569e+01 2.226815e+01 0.000000e+00
         vertex -5.868061e+01 2.287500e+01 0.000000e+00
         vertex -6.512500e+01 1.750000e+01 0.000000e+00
      endloop
   endfacet
   facet normal 0.000000e+00 0.000000e+00 1.000000e+00
      outer loop
         vertex -6.512500e+01 1.750000e+01 0.000000e+00
         vertex -5.868061e+01 2.287500e+01 0.000000e+00
         vertex -5.899369e+01 2.354641e+01 0.000000e+00
      endloop
   endfacet
   facet normal 0.000000e+00 0.000000e+00 1.000000e+00
      outer loop
         vertex -6.512500e+01 1.750000e+01 0.000000e+00
         vertex -5.899369e+01 2.354641e+01 0.000000e+00
         vertex -6.512500e+01 2.600000e+01 0.000000e+00
      endloop
   endfacet
   facet normal 0.000000e+00 0.000000e+00 1.000000e+00
      outer loop
         vertex -6.512500e+01 2.600000e+01 0.000000e+00
         vertex -5.899369e+01 2.354641e+01 0.000000e+00
         vertex -5.918543e+01 2.426200e+01 0.000000e+00
      endloop
   endfacet
   facet normal 0.000000e+00 0.000000e+00 1.000000e+00
      outer loop
         vertex -5.918543e+01 2.426200e+01 0.000000e+00
         vertex -5.925000e+01 2.500000e+01 0.000000e+00
         vertex -6.512500e+01 2.600000e+01 0.000000e+00
      endloop
   endfacet
   facet normal 0.000000e+00 0.000000e+00 1.000000e+00
      outer loop
         vertex -6.512500e+01 2.600000e+01 0.000000e+00
         vertex -5.925000e+01 2.500000e+01 0.000000e+00
         vertex -5.918543e+01 2.573800e+01 0.000000e+00
      endloop
   endfacet
   facet normal -0.000000e+00 0.000000e+00 1.000000e+00
      outer loop
         vertex -6.512500e+01 2.600000e+01 0.000000e+00
         vertex -5.918543e+01 2.573800e+01 0.000000e+00
         vertex -6.411666e+01 3.049678e+01 0.000000e+00
      endloop
   endfacet
   facet normal 0.000000e+00 0.000000e+00 1.000000e+00
      outer loop
         vertex -6.411666e+01 3.049678e+01 0.000000e+00
         vertex -5.918543e+01 2.573800e+01 0.000000e+00
         vertex -5.899369e+01 2.645359e+01 0.000000e+00
      endloop
   endfacet
   facet normal 0.000000e+00 0.000000e+00 1.000000e+00
      outer loop
         vertex -6.411666e+01 3.049678e+01 0.000000e+00
         vertex -5.899369e+01 2.645359e+01 0.000000e+00
         vertex -5.868061e+01 2.712500e+01 0.000000e+00
      endloop
   endfacet
   facet normal 0.000000e+00 0.000000e+00 1.000000e+00
      outer loop
         vertex -2.052121e+00 -5.638156e+00 0.000000e+00
         vertex -3.000000e+00 -5.196152e+00 0.000000e+00
         vertex -5.125000e+00 -1.012500e+01 0.000000e+00
      endloop
   endfacet
   facet normal 0.000000e+00 -0.000000e+00 1.000000e+00
      outer loop
         vertex 3.856726e+00 4.596266e+00 0.000000e+00
         vertex 1.012500e+01 5.125000e+00 0.000000e+00
         vertex 3.000000e+00 5.196152e+00 0.000000e+00
      endloop
   endfacet
   facet normal -0.000000e+00 -0.000000e+00 1.000000e+00
      outer loop
         vertex 3.000000e+00 5.196152e+00 0.000000e+00
         vertex 1.012500e+01 5.125000e+00 0.000000e+00
         vertex 2.125000e+00 1.481939e+01 0.000000e+00
      endloop
   endfacet
   facet normal 0.000000e+00 0.000000e+00 1.000000e+00
      outer loop
         vertex 3.000000e+00 5.196152e+00 0.000000e+00
         vertex 2.125000e+00 1.481939e+01 0.000000e+00
         vertex 1.453586e+00 1.450631e+01 0.000000e+00
      endloop
   endfacet
   facet normal -0.000000e+00 0.000000e+00 1.000000e+00
      outer loop
         vertex 3.856726e+00 4.596266e+00 0.000000e+00
         vertex 4.596266e+00 3.856726e+00 0.000000e+00
         vertex 1.012500e+01 5.125000e+00 0.000000e+00
      endloop
   endfacet
   facet normal 0.000000e+00 0.000000e+00 1.000000e+00
      outer loop
         vertex 1.012500e+01 5.125000e+00 0.000000e+00
         vertex 4.596266e+00 3.856726e+00 0.000000e+00
         vertex 5.196152e+00 3.000000e+00 0.000000e+00
      endloop
   endfacet
   facet normal 0.000000e+00 0.000000e+00 1.000000e+00
      outer loop
         vertex 1.012500e+01 5.125000e+00 0.000000e+00
         vertex 5.196152e+00 3.000000e+00 0.000000e+00
         vertex 5.638156e+00 2.052121e+00 0.000000e+00
      endloop
   endfacet
   facet normal 0.000000e+00 0.000000e+00 1.000000e+00
      outer loop
         vertex 1.012500e+01 -1.012500e+01 0.000000e+00
         vertex 5.638156e+00 -2.052121e+00 0.000000e+00
         vertex 5.196152e+00 -3.000000e+00 0.000000e+00
      endloop
   endfacet
   facet normal -0.000000e+00 0.000000e+00 1.000000e+00
      outer loop
         vertex 5.638156e+00 2.052121e+00 0.000000e+00
         vertex 5.908846e+00 1.041889e+00 0.000000e+00
         vertex 1.012500e+01 5.125000e+00 0.000000e+00
      endloop
   endfacet
   facet normal 0.000000e+00 0.000000e+00 1.000000e+00
      outer loop
         vertex 1.012500e+01 5.125000e+00 0.000000e+00
         vertex 5.908846e+00 1.041889e+00 0.000000e+00
         vertex 6.000000e+00 0.000000e+00 0.000000e+00
      endloop
   endfacet
   facet normal 0.000000e+00 0.000000e+00 1.000000e+00
      outer loop
         vertex 1.012500e+01 5.125000e+00 0.000000e+00
         vertex 6.000000e+00 0.000000e+00 0.000000e+00
         vertex 1.012500e+01 -1.012500e+01 0.000000e+00
      endloop
   endfacet
   facet normal 0.000000e+00 0.000000e+00 1.000000e+00
      outer loop
         vertex 1.012500e+01 -1.012500e+01 0.000000e+00
         vertex 6.000000e+00 0.000000e+00 0.000000e+00
         vertex 5.908846e+00 -1.041889e+00 0.000000e+00
      endloop
   endfacet
   facet normal 0.000000e+00 0.000000e+00 1.000000e+00
      outer loop
         vertex 1.012500e+01 -1.012500e+01 0.000000e+00
         vertex 5.908846e+00 -1.041889e+00 0.000000e+00
         vertex 5.638156e+00 -2.052121e+00 0.000000e+00
      endloop
   endfacet
   facet normal 0.000000e+00 0.000000e+00 1.000000e+00
      outer loop
         vertex 5.196152e+00 -3.000000e+00 0.000000e+00
         vertex 4.596266e+00 -3.856726e+00 0.000000e+00
         vertex 1.012500e+01 -1.012500e+01 0.000000e+00
      endloop
   endfacet
   facet normal 0.000000e+00 0.000000e+00 1.000000e+00
      outer loop
         vertex 1.012500e+01 -1.012500e+01 0.000000e+00
         vertex 4.596266e+00 -3.856726e+00 0.000000e+00
         vertex 3.856726e+00 -4.596266e+00 0.000000e+00
      endloop
   endfacet
   facet normal 0.000000e+00 0.000000e+00 1.000000e+00
      outer loop
         vertex 1.012500e+01 -1.012500e+01 0.000000e+00
         vertex 3.856726e+00 -4.596266e+00 0.000000e+00
         vertex 3.000000e+00 -5.196152e+00 0.000000e+00
      endloop
   endfacet
   facet normal 0.000000e+00 0.000000e+00 1.000000e+00
      outer loop
         vertex -2.052121e+00 -5.638156e+00 0.000000e+00
         vertex -5.125000e+00 -1.012500e+01 0.000000e+00
         vertex -1.041889e+00 -5.908846e+00 0.000000e+00
      endloop
   endfacet
   facet normal 0.000000e+00 0.000000e+00 1.000000e+00
      outer loop
         vertex 3.000000e+00 -5.196152e+00 0.000000e+00
         vertex 2.052121e+00 -5.638156e+00 0.000000e+00
         vertex 1.012500e+01 -1.012500e+01 0.000000e+00
      endloop
   endfacet
   facet normal 0.000000e+00 0.000000e+00 1.000000e+00
      outer loop
         vertex 1.012500e+01 -1.012500e+01 0.000000e+00
         vertex 2.052121e+00 -5.638156e+00 0.000000e+00
         vertex 1.041889e+00 -5.908846e+00 0.000000e+00
      endloop
   endfacet
   facet normal 0.000000e+00 0.000000e+00 1.000000e+00
      outer loop
         vertex 1.012500e+01 -1.012500e+01 0.000000e+00
         vertex 1.041889e+00 -5.908846e+00 0.000000e+00
         vertex -5.125000e+00 -1.012500e+01 0.000000e+00
      endloop
   endfacet
   facet normal 0.000000e+00 0.000000e+00 1.000000e+00
      outer loop
         vertex -5.125000e+00 -1.012500e+01 0.000000e+00
         vertex 1.041889e+00 -5.908846e+00 0.000000e+00
         vertex -1.102182e-15 -6.000000e+00 0.000000e+00
      endloop
   endfacet
   facet normal 0.000000e+00 0.000000e+00 1.000000e+00
      outer loop
         vertex -5.125000e+00 -1.012500e+01 0.000000e+00
         vertex -1.102182e-15 -6.000000e+00 0.000000e+00
         vertex -1.041889e+00 -5.908846e+00 0.000000e+00
      endloop
   endfacet
   facet normal 0.000000e+00 0.000000e+00 1.000000e+00
      outer loop
         vertex -5.196152e+00 3.000000e+00 0.000000e+00
         vertex -4.596266e+00 3.856726e+00 0.000000e+00
         vertex -5.125000e+00 5.125000e+00 0.000000e+00
      endloop
   endfacet
   facet normal 0.000000e+00 0.000000e+00 1.000000e+00
      outer loop
         vertex -5.125000e+00 5.125000e+00 0.000000e+00
         vertex -4.596266e+00 3.856726e+00 0.000000e+00
         vertex -3.856726e+00 4.596266e+00 0.000000e+00
      endloop
   endfacet
   facet normal -0.000000e+00 0.000000e+00 1.000000e+00
      outer loop
         vertex -5.125000e+00 5.125000e+00 0.000000e+00
         vertex -3.856726e+00 4.596266e+00 0.000000e+00
         vertex -3.000000e+00 5.196152e+00 0.000000e+00
      endloop
   endfacet
   facet normal 0.000000e+00 0.000000e+00 1.000000e+00
      outer loop
         vertex -3.675000e+01 5.125000e+00 0.000000e+00
         vertex -2.268543e+01 7.380047e-01 0.000000e+00
         vertex -2.249369e+01 1.453586e+00 0.000000e+00
      endloop
   endfacet
   facet normal -0.000000e+00 0.000000e+00 1.000000e+00
      outer loop
         vertex -1.431457e+01 -7.380047e-01 0.000000e+00
         vertex -5.908846e+00 -1.041889e+00 0.000000e+00
         vertex -1.425000e+01 -3.469447e-15 0.000000e+00
      endloop
   endfacet
   facet normal -0.000000e+00 0.000000e+00 1.000000e+00
      outer loop
         vertex -1.425000e+01 -3.469447e-15 0.000000e+00
         vertex -5.908846e+00 -1.041889e+00 0.000000e+00
         vertex -6.000000e+00 7.347881e-16 0.000000e+00
      endloop
   endfacet
   facet normal 0.000000e+00 -0.000000e+00 1.000000e+00
      outer loop
         vertex -1.425000e+01 -3.469447e-15 0.000000e+00
         vertex -6.000000e+00 7.347881e-16 0.000000e+00
         vertex -1.431457e+01 7.380047e-01 0.000000e+00
      endloop
   endfacet
   facet normal 0.000000e+00 0.000000e+00 1.000000e+00
      outer loop
         vertex -5.125000e+00 -1.012500e+01 0.000000e+00
         vertex -1.524431e+01 -2.731847e+00 0.000000e+00
         vertex -1.576815e+01 -3.255689e+00 0.000000e+00
      endloop
   endfacet
   facet normal 0.000000e+00 0.000000e+00 1.000000e+00
      outer loop
         vertex -1.576815e+01 -3.255689e+00 0.000000e+00
         vertex -1.637500e+01 -3.680608e+00 0.000000e+00
         vertex -5.125000e+00 -1.012500e+01 0.000000e+00
      endloop
   endfacet
   facet normal 0.000000e+00 0.000000e+00 1.000000e+00
      outer loop
         vertex -5.125000e+00 -1.012500e+01 0.000000e+00
         vertex -1.637500e+01 -3.680608e+00 0.000000e+00
         vertex -1.704641e+01 -3.993694e+00 0.000000e+00
      endloop
   endfacet
   facet normal 0.000000e+00 0.000000e+00 1.000000e+00
      outer loop
         vertex -5.125000e+00 -1.012500e+01 0.000000e+00
         vertex -1.704641e+01 -3.993694e+00 0.000000e+00
         vertex -1.776200e+01 -4.185433e+00 0.000000e+00
      endloop
   endfacet
   facet normal 0.000000e+00 0.000000e+00 1.000000e+00
      outer loop
         vertex -2.062500e+01 -3.680608e+00 0.000000e+00
         vertex -2.123185e+01 -3.255689e+00 0.000000e+00
         vertex -3.675000e+01 -1.012500e+01 0.000000e+00
      endloop
   endfacet
   facet normal 0.000000e+00 0.000000e+00 1.000000e+00
      outer loop
         vertex -3.675000e+01 -1.012500e+01 0.000000e+00
         vertex -2.123185e+01 -3.255689e+00 0.000000e+00
         vertex -2.175569e+01 -2.731847e+00 0.000000e+00
      endloop
   endfacet
   facet normal 0.000000e+00 0.000000e+00 1.000000e+00
      outer loop
         vertex -3.675000e+01 -1.012500e+01 0.000000e+00
         vertex -2.175569e+01 -2.731847e+00 0.000000e+00
         vertex -2.218061e+01 -2.125000e+00 0.000000e+00
      endloop
   endfacet
   facet normal 0.000000e+00 0.000000e+00 1.000000e+00
      outer loop
         vertex -2.218061e+01 -2.125000e+00 0.000000e+00
         vertex -2.249369e+01 -1.453586e+00 0.000000e+00
         vertex -3.675000e+01 -1.012500e+01 0.000000e+00
      endloop
   endfacet
   facet normal 0.000000e+00 0.000000e+00 1.000000e+00
      outer loop
         vertex -3.675000e+01 -1.012500e+01 0.000000e+00
         vertex -2.249369e+01 -1.453586e+00 0.000000e+00
         vertex -2.268543e+01 -7.380047e-01 0.000000e+00
      endloop
   endfacet
   facet normal 0.000000e+00 0.000000e+00 1.000000e+00
      outer loop
         vertex -3.675000e+01 -1.012500e+01 0.000000e+00
         vertex -2.268543e+01 -7.380047e-01 0.000000e+00
         vertex -3.675000e+01 5.125000e+00 0.000000e+00
      endloop
   endfacet
   facet normal 0.000000e+00 0.000000e+00 1.000000e+00
      outer loop
         vertex -3.675000e+01 5.125000e+00 0.000000e+00
         vertex -2.268543e+01 -7.380047e-01 0.000000e+00
         vertex -2.275000e+01 -2.948972e-15 0.000000e+00
      endloop
   endfacet
   facet normal 0.000000e+00 0.000000e+00 1.000000e+00
      outer loop
         vertex -3.675000e+01 5.125000e+00 0.000000e+00
         vertex -2.275000e+01 -2.948972e-15 0.000000e+00
         vertex -2.268543e+01 7.380047e-01 0.000000e+00
      endloop
   endfacet
   facet normal -0.000000e+00 0.000000e+00 1.000000e+00
      outer loop
         vertex -1.637500e+01 3.680608e+00 0.000000e+00
         vertex -1.576815e+01 3.255689e+00 0.000000e+00
         vertex -5.125000e+00 5.125000e+00 0.000000e+00
      endloop
   endfacet
   facet normal -0.000000e+00 0.000000e+00 1.000000e+00
      outer loop
         vertex -1.450631e+01 -1.453586e+00 0.000000e+00
         vertex -5.196152e+00 -3.000000e+00 0.000000e+00
         vertex -1.431457e+01 -7.380047e-01 0.000000e+00
      endloop
   endfacet
   facet normal 0.000000e+00 0.000000e+00 1.000000e+00
      outer loop
         vertex -1.431457e+01 -7.380047e-01 0.000000e+00
         vertex -5.196152e+00 -3.000000e+00 0.000000e+00
         vertex -5.638156e+00 -2.052121e+00 0.000000e+00
      endloop
   endfacet
   facet normal 0.000000e+00 0.000000e+00 1.000000e+00
      outer loop
         vertex -1.431457e+01 -7.380047e-01 0.000000e+00
         vertex -5.638156e+00 -2.052121e+00 0.000000e+00
         vertex -5.908846e+00 -1.041889e+00 0.000000e+00
      endloop
   endfacet
   facet normal 0.000000e+00 0.000000e+00 1.000000e+00
      outer loop
         vertex -3.000000e+00 -5.196152e+00 0.000000e+00
         vertex -3.856726e+00 -4.596266e+00 0.000000e+00
         vertex -5.125000e+00 -1.012500e+01 0.000000e+00
      endloop
   endfacet
   facet normal 0.000000e+00 0.000000e+00 1.000000e+00
      outer loop
         vertex -5.125000e+00 -1.012500e+01 0.000000e+00
         vertex -3.856726e+00 -4.596266e+00 0.000000e+00
         vertex -4.596266e+00 -3.856726e+00 0.000000e+00
      endloop
   endfacet
   facet normal 0.000000e+00 -0.000000e+00 1.000000e+00
      outer loop
         vertex -5.125000e+00 -1.012500e+01 0.000000e+00
         vertex -4.596266e+00 -3.856726e+00 0.000000e+00
         vertex -1.524431e+01 -2.731847e+00 0.000000e+00
      endloop
   endfacet
   facet normal 0.000000e+00 0.000000e+00 1.000000e+00
      outer loop
         vertex -1.524431e+01 -2.731847e+00 0.000000e+00
         vertex -4.596266e+00 -3.856726e+00 0.000000e+00
         vertex -5.196152e+00 -3.000000e+00 0.000000e+00
      endloop
   endfacet
   facet normal -0.000000e+00 0.000000e+00 1.000000e+00
      outer loop
         vertex -1.524431e+01 -2.731847e+00 0.000000e+00
         vertex -5.196152e+00 -3.000000e+00 0.000000e+00
         vertex -1.481939e+01 -2.125000e+00 0.000000e+00
      endloop
   endfacet
   facet normal -0.000000e+00 0.000000e+00 1.000000e+00
      outer loop
         vertex -1.481939e+01 -2.125000e+00 0.000000e+00
         vertex -5.196152e+00 -3.000000e+00 0.000000e+00
         vertex -1.450631e+01 -1.453586e+00 0.000000e+00
      endloop
   endfacet
   facet normal 0.000000e+00 -0.000000e+00 1.000000e+00
      outer loop
         vertex -6.000000e+00 7.347881e-16 0.000000e+00
         vertex -5.908846e+00 1.041889e+00 0.000000e+00
         vertex -1.431457e+01 7.380047e-01 0.000000e+00
      endloop
   endfacet
   facet normal 0.000000e+00 0.000000e+00 1.000000e+00
      outer loop
         vertex -1.431457e+01 7.380047e-01 0.000000e+00
         vertex -5.908846e+00 1.041889e+00 0.000000e+00
         vertex -5.638156e+00 2.052121e+00 0.000000e+00
      endloop
   endfacet
   facet normal 0.000000e+00 -0.000000e+00 1.000000e+00
      outer loop
         vertex -1.431457e+01 7.380047e-01 0.000000e+00
         vertex -5.638156e+00 2.052121e+00 0.000000e+00
         vertex -1.450631e+01 1.453586e+00 0.000000e+00
      endloop
   endfacet
   facet normal 0.000000e+00 0.000000e+00 1.000000e+00
      outer loop
         vertex -1.450631e+01 1.453586e+00 0.000000e+00
         vertex -5.638156e+00 2.052121e+00 0.000000e+00
         vertex -5.196152e+00 3.000000e+00 0.000000e+00
      endloop
   endfacet
   facet normal 0.000000e+00 -0.000000e+00 1.000000e+00
      outer loop
         vertex -1.450631e+01 1.453586e+00 0.000000e+00
         vertex -5.196152e+00 3.000000e+00 0.000000e+00
         vertex -1.481939e+01 2.125000e+00 0.000000e+00
      endloop
   endfacet
   facet normal 0.000000e+00 0.000000e+00 1.000000e+00
      outer loop
         vertex -1.481939e+01 2.125000e+00 0.000000e+00
         vertex -5.196152e+00 3.000000e+00 0.000000e+00
         vertex -5.125000e+00 5.125000e+00 0.000000e+00
      endloop
   endfacet
   facet normal 0.000000e+00 -0.000000e+00 1.000000e+00
      outer loop
         vertex -1.481939e+01 2.125000e+00 0.000000e+00
         vertex -5.125000e+00 5.125000e+00 0.000000e+00
         vertex -1.524431e+01 2.731847e+00 0.000000e+00
      endloop
   endfacet
   facet normal 0.000000e+00 -0.000000e+00 1.000000e+00
      outer loop
         vertex -1.524431e+01 2.731847e+00 0.000000e+00
         vertex -5.125000e+00 5.125000e+00 0.000000e+00
         vertex -1.576815e+01 3.255689e+00 0.000000e+00
      endloop
   endfacet
   facet normal 0.000000e+00 -0.000000e+00 1.000000e+00
      outer loop
         vertex -2.249369e+01 1.453586e+00 0.000000e+00
         vertex -2.218061e+01 2.125000e+00 0.000000e+00
         vertex -3.675000e+01 5.125000e+00 0.000000e+00
      endloop
   endfacet
   facet normal 0.000000e+00 0.000000e+00 1.000000e+00
      outer loop
         vertex -3.675000e+01 5.125000e+00 0.000000e+00
         vertex -2.218061e+01 2.125000e+00 0.000000e+00
         vertex -2.175569e+01 2.731847e+00 0.000000e+00
      endloop
   endfacet
   facet normal 0.000000e+00 0.000000e+00 1.000000e+00
      outer loop
         vertex -3.675000e+01 5.125000e+00 0.000000e+00
         vertex -2.175569e+01 2.731847e+00 0.000000e+00
         vertex -2.123185e+01 3.255689e+00 0.000000e+00
      endloop
   endfacet
   facet normal 0.000000e+00 -0.000000e+00 1.000000e+00
      outer loop
         vertex -2.123185e+01 3.255689e+00 0.000000e+00
         vertex -2.062500e+01 3.680608e+00 0.000000e+00
         vertex -3.675000e+01 5.125000e+00 0.000000e+00
      endloop
   endfacet
   facet normal 0.000000e+00 0.000000e+00 1.000000e+00
      outer loop
         vertex -3.675000e+01 5.125000e+00 0.000000e+00
         vertex -2.062500e+01 3.680608e+00 0.000000e+00
         vertex -1.995359e+01 3.993694e+00 0.000000e+00
      endloop
   endfacet
   facet normal 0.000000e+00 0.000000e+00 1.000000e+00
      outer loop
         vertex -3.675000e+01 5.125000e+00 0.000000e+00
         vertex -1.995359e+01 3.993694e+00 0.000000e+00
         vertex -1.923800e+01 4.185433e+00 0.000000e+00
      endloop
   endfacet
   facet normal -0.000000e+00 0.000000e+00 1.000000e+00
      outer loop
         vertex -1.850000e+01 4.250000e+00 0.000000e+00
         vertex -1.776200e+01 4.185433e+00 0.000000e+00
         vertex -5.125000e+00 5.125000e+00 0.000000e+00
      endloop
   endfacet
   facet normal 0.000000e+00 0.000000e+00 1.000000e+00
      outer loop
         vertex -5.125000e+00 5.125000e+00 0.000000e+00
         vertex -1.776200e+01 4.185433e+00 0.000000e+00
         vertex -1.704641e+01 3.993694e+00 0.000000e+00
      endloop
   endfacet
   facet normal 0.000000e+00 0.000000e+00 1.000000e+00
      outer loop
         vertex -5.125000e+00 5.125000e+00 0.000000e+00
         vertex -1.704641e+01 3.993694e+00 0.000000e+00
         vertex -1.637500e+01 3.680608e+00 0.000000e+00
      endloop
   endfacet
   facet normal 0.000000e+00 0.000000e+00 1.000000e+00
      outer loop
         vertex -1.850000e+01 -4.250000e+00 0.000000e+00
         vertex -1.923800e+01 -4.185433e+00 0.000000e+00
         vertex -3.675000e+01 -1.012500e+01 0.000000e+00
      endloop
   endfacet
   facet normal 0.000000e+00 0.000000e+00 1.000000e+00
      outer loop
         vertex -3.675000e+01 -1.012500e+01 0.000000e+00
         vertex -1.923800e+01 -4.185433e+00 0.000000e+00
         vertex -1.995359e+01 -3.993694e+00 0.000000e+00
      endloop
   endfacet
   facet normal 0.000000e+00 0.000000e+00 1.000000e+00
      outer loop
         vertex -3.675000e+01 -1.012500e+01 0.000000e+00
         vertex -1.995359e+01 -3.993694e+00 0.000000e+00
         vertex -2.062500e+01 -3.680608e+00 0.000000e+00
      endloop
   endfacet
   facet normal 0.000000e+00 0.000000e+00 1.000000e+00
      outer loop
         vertex 1.012500e+01 -1.750000e+01 0.000000e+00
         vertex 4.185433e+00 -1.776200e+01 0.000000e+00
         vertex 4.250000e+00 -1.850000e+01 0.000000e+00
      endloop
   endfacet
   facet normal 0.000000e+00 0.000000e+00 1.000000e+00
      outer loop
         vertex 3.255689e+00 -2.123185e+01 0.000000e+00
         vertex 2.731847e+00 -2.175569e+01 0.000000e+00
         vertex 1.012500e+01 -6.650000e+01 0.000000e+00
      endloop
   endfacet
   facet normal 0.000000e+00 0.000000e+00 1.000000e+00
      outer loop
         vertex 1.012500e+01 -6.650000e+01 0.000000e+00
         vertex 2.731847e+00 -2.175569e+01 0.000000e+00
         vertex 2.125000e+00 -2.218061e+01 0.000000e+00
      endloop
   endfacet
   facet normal 0.000000e+00 0.000000e+00 1.000000e+00
      outer loop
         vertex -7.380047e-01 -2.268543e+01 0.000000e+00
         vertex -1.453586e+00 -2.249369e+01 0.000000e+00
         vertex -5.125000e+00 -6.650000e+01 0.000000e+00
      endloop
   endfacet
   facet normal 0.000000e+00 0.000000e+00 1.000000e+00
      outer loop
         vertex -5.125000e+00 -6.650000e+01 0.000000e+00
         vertex -1.453586e+00 -2.249369e+01 0.000000e+00
         vertex -2.125000e+00 -2.218061e+01 0.000000e+00
      endloop
   endfacet
   facet normal 0.000000e+00 0.000000e+00 1.000000e+00
      outer loop
         vertex -5.125000e+00 -6.650000e+01 0.000000e+00
         vertex -2.125000e+00 -2.218061e+01 0.000000e+00
         vertex -2.731847e+00 -2.175569e+01 0.000000e+00
      endloop
   endfacet
   facet normal 0.000000e+00 0.000000e+00 1.000000e+00
      outer loop
         vertex -5.125000e+00 -1.750000e+01 0.000000e+00
         vertex -4.185433e+00 -1.923800e+01 0.000000e+00
         vertex -4.250000e+00 -1.850000e+01 0.000000e+00
      endloop
   endfacet
   facet normal -0.000000e+00 0.000000e+00 1.000000e+00
      outer loop
         vertex 4.250000e+00 -1.850000e+01 0.000000e+00
         vertex 4.185433e+00 -1.923800e+01 0.000000e+00
         vertex 1.012500e+01 -1.750000e+01 0.000000e+00
      endloop
   endfacet
   facet normal 0.000000e+00 0.000000e+00 1.000000e+00
      outer loop
         vertex 1.012500e+01 -1.750000e+01 0.000000e+00
         vertex 4.185433e+00 -1.923800e+01 0.000000e+00
         vertex 3.993694e+00 -1.995359e+01 0.000000e+00
      endloop
   endfacet
   facet normal 0.000000e+00 0.000000e+00 1.000000e+00
      outer loop
         vertex 1.012500e+01 -1.750000e+01 0.000000e+00
         vertex 3.993694e+00 -1.995359e+01 0.000000e+00
         vertex 1.012500e+01 -6.650000e+01 0.000000e+00
      endloop
   endfacet
   facet normal 0.000000e+00 0.000000e+00 1.000000e+00
      outer loop
         vertex 1.012500e+01 -6.650000e+01 0.000000e+00
         vertex 3.993694e+00 -1.995359e+01 0.000000e+00
         vertex 3.680608e+00 -2.062500e+01 0.000000e+00
      endloop
   endfacet
   facet normal 0.000000e+00 0.000000e+00 1.000000e+00
      outer loop
         vertex 1.012500e+01 -6.650000e+01 0.000000e+00
         vertex 3.680608e+00 -2.062500e+01 0.000000e+00
         vertex 3.255689e+00 -2.123185e+01 0.000000e+00
      endloop
   endfacet
   facet normal 0.000000e+00 0.000000e+00 1.000000e+00
      outer loop
         vertex 2.125000e+00 -2.218061e+01 0.000000e+00
         vertex 1.453586e+00 -2.249369e+01 0.000000e+00
         vertex 1.012500e+01 -6.650000e+01 0.000000e+00
      endloop
   endfacet
   facet normal 0.000000e+00 0.000000e+00 1.000000e+00
      outer loop
         vertex 1.012500e+01 -6.650000e+01 0.000000e+00
         vertex 1.453586e+00 -2.249369e+01 0.000000e+00
         vertex 7.380047e-01 -2.268543e+01 0.000000e+00
      endloop
   endfacet
   facet normal 0.000000e+00 0.000000e+00 1.000000e+00
      outer loop
         vertex 1.012500e+01 -6.650000e+01 0.000000e+00
         vertex 7.380047e-01 -2.268543e+01 0.000000e+00
         vertex -5.125000e+00 -6.650000e+01 0.000000e+00
      endloop
   endfacet
   facet normal 0.000000e+00 0.000000e+00 1.000000e+00
      outer loop
         vertex -5.125000e+00 -6.650000e+01 0.000000e+00
         vertex 7.380047e-01 -2.268543e+01 0.000000e+00
         vertex -7.807123e-16 -2.275000e+01 0.000000e+00
      endloop
   endfacet
   facet normal 0.000000e+00 0.000000e+00 1.000000e+00
      outer loop
         vertex -5.125000e+00 -6.650000e+01 0.000000e+00
         vertex -7.807123e-16 -2.275000e+01 0.000000e+00
         vertex -7.380047e-01 -2.268543e+01 0.000000e+00
      endloop
   endfacet
   facet normal 0.000000e+00 0.000000e+00 1.000000e+00
      outer loop
         vertex -2.731847e+00 -2.175569e+01 0.000000e+00
         vertex -3.255689e+00 -2.123185e+01 0.000000e+00
         vertex -5.125000e+00 -6.650000e+01 0.000000e+00
      endloop
   endfacet
   facet normal 0.000000e+00 0.000000e+00 1.000000e+00
      outer loop
         vertex -5.125000e+00 -6.650000e+01 0.000000e+00
         vertex -3.255689e+00 -2.123185e+01 0.000000e+00
         vertex -3.680608e+00 -2.062500e+01 0.000000e+00
      endloop
   endfacet
   facet normal 0.000000e+00 0.000000e+00 1.000000e+00
      outer loop
         vertex -5.125000e+00 -6.650000e+01 0.000000e+00
         vertex -3.680608e+00 -2.062500e+01 0.000000e+00
         vertex -3.993694e+00 -1.995359e+01 0.000000e+00
      endloop
   endfacet
   facet normal -0.000000e+00 0.000000e+00 1.000000e+00
      outer loop
         vertex -3.313301e+01 -6.279493e+01 0.000000e+00
         vertex -2.797701e+01 -6.525555e+01 0.000000e+00
         vertex -5.125000e+00 -1.750000e+01 0.000000e+00
      endloop
   endfacet
   facet normal 0.000000e+00 0.000000e+00 1.000000e+00
      outer loop
         vertex -5.125000e+00 -1.750000e+01 0.000000e+00
         vertex -2.797701e+01 -6.525555e+01 0.000000e+00
         vertex -5.125000e+00 -6.650000e+01 0.000000e+00
      endloop
   endfacet
   facet normal 0.000000e+00 0.000000e+00 1.000000e+00
      outer loop
         vertex -5.125000e+00 -1.750000e+01 0.000000e+00
         vertex -5.125000e+00 -6.650000e+01 0.000000e+00
         vertex -4.185433e+00 -1.923800e+01 0.000000e+00
      endloop
   endfacet
   facet normal 0.000000e+00 0.000000e+00 1.000000e+00
      outer loop
         vertex -4.185433e+00 -1.923800e+01 0.000000e+00
         vertex -5.125000e+00 -6.650000e+01 0.000000e+00
         vertex -3.993694e+00 -1.995359e+01 0.000000e+00
      endloop
   endfacet
   facet normal -0.000000e+00 0.000000e+00 1.000000e+00
      outer loop
         vertex 1.453586e+00 -1.450631e+01 0.000000e+00
         vertex 2.125000e+00 -1.481939e+01 0.000000e+00
         vertex 1.012500e+01 -1.012500e+01 0.000000e+00
      endloop
   endfacet
   facet normal 0.000000e+00 0.000000e+00 1.000000e+00
      outer loop
         vertex 1.012500e+01 -1.012500e+01 0.000000e+00
         vertex 2.125000e+00 -1.481939e+01 0.000000e+00
         vertex 2.731847e+00 -1.524431e+01 0.000000e+00
      endloop
   endfacet
   facet normal 0.000000e+00 -0.000000e+00 1.000000e+00
      outer loop
         vertex -4.250000e+00 -1.850000e+01 0.000000e+00
         vertex -4.185433e+00 -1.776200e+01 0.000000e+00
         vertex -5.125000e+00 -1.750000e+01 0.000000e+00
      endloop
   endfacet
   facet normal -0.000000e+00 0.000000e+00 1.000000e+00
      outer loop
         vertex -5.125000e+00 -1.750000e+01 0.000000e+00
         vertex -4.185433e+00 -1.776200e+01 0.000000e+00
         vertex -3.993694e+00 -1.704641e+01 0.000000e+00
      endloop
   endfacet
   facet normal 0.000000e+00 0.000000e+00 1.000000e+00
      outer loop
         vertex -5.125000e+00 -1.750000e+01 0.000000e+00
         vertex -3.993694e+00 -1.704641e+01 0.000000e+00
         vertex -5.125000e+00 -1.012500e+01 0.000000e+00
      endloop
   endfacet
   facet normal 0.000000e+00 0.000000e+00 1.000000e+00
      outer loop
         vertex -5.125000e+00 -1.012500e+01 0.000000e+00
         vertex -3.993694e+00 -1.704641e+01 0.000000e+00
         vertex -3.680608e+00 -1.637500e+01 0.000000e+00
      endloop
   endfacet
   facet normal 0.000000e+00 0.000000e+00 1.000000e+00
      outer loop
         vertex -5.125000e+00 -1.012500e+01 0.000000e+00
         vertex -3.680608e+00 -1.637500e+01 0.000000e+00
         vertex -3.255689e+00 -1.576815e+01 0.000000e+00
      endloop
   endfacet
   facet normal 0.000000e+00 -0.000000e+00 1.000000e+00
      outer loop
         vertex -3.255689e+00 -1.576815e+01 0.000000e+00
         vertex -2.731847e+00 -1.524431e+01 0.000000e+00
         vertex -5.125000e+00 -1.012500e+01 0.000000e+00
      endloop
   endfacet
   facet normal 0.000000e+00 0.000000e+00 1.000000e+00
      outer loop
         vertex -5.125000e+00 -1.012500e+01 0.000000e+00
         vertex -2.731847e+00 -1.524431e+01 0.000000e+00
         vertex -2.125000e+00 -1.481939e+01 0.000000e+00
      endloop
   endfacet
   facet normal 0.000000e+00 0.000000e+00 1.000000e+00
      outer loop
         vertex -5.125000e+00 -1.012500e+01 0.000000e+00
         vertex -2.125000e+00 -1.481939e+01 0.000000e+00
         vertex -1.453586e+00 -1.450631e+01 0.000000e+00
      endloop
   endfacet
   facet normal 0.000000e+00 -0.000000e+00 1.000000e+00
      outer loop
         vertex -1.453586e+00 -1.450631e+01 0.000000e+00
         vertex -7.380047e-01 -1.431457e+01 0.000000e+00
         vertex -5.125000e+00 -1.012500e+01 0.000000e+00
      endloop
   endfacet
   facet normal 0.000000e+00 0.000000e+00 1.000000e+00
      outer loop
         vertex -5.125000e+00 -1.012500e+01 0.000000e+00
         vertex -7.380047e-01 -1.431457e+01 0.000000e+00
         vertex 2.602375e-16 -1.425000e+01 0.000000e+00
      endloop
   endfacet
   facet normal -0.000000e+00 0.000000e+00 1.000000e+00
      outer loop
         vertex -5.125000e+00 -1.012500e+01 0.000000e+00
         vertex 2.602375e-16 -1.425000e+01 0.000000e+00
         vertex 1.012500e+01 -1.012500e+01 0.000000e+00
      endloop
   endfacet
   facet normal 0.000000e+00 0.000000e+00 1.000000e+00
      outer loop
         vertex 1.012500e+01 -1.012500e+01 0.000000e+00
         vertex 2.602375e-16 -1.425000e+01 0.000000e+00
         vertex 7.380047e-01 -1.431457e+01 0.000000e+00
      endloop
   endfacet
   facet normal 0.000000e+00 0.000000e+00 1.000000e+00
      outer loop
         vertex 1.012500e+01 -1.012500e+01 0.000000e+00
         vertex 7.380047e-01 -1.431457e+01 0.000000e+00
         vertex 1.453586e+00 -1.450631e+01 0.000000e+00
      endloop
   endfacet
   facet normal -0.000000e+00 0.000000e+00 1.000000e+00
      outer loop
         vertex 2.731847e+00 -1.524431e+01 0.000000e+00
         vertex 3.255689e+00 -1.576815e+01 0.000000e+00
         vertex 1.012500e+01 -1.012500e+01 0.000000e+00
      endloop
   endfacet
   facet normal 0.000000e+00 0.000000e+00 1.000000e+00
      outer loop
         vertex 1.012500e+01 -1.012500e+01 0.000000e+00
         vertex 3.255689e+00 -1.576815e+01 0.000000e+00
         vertex 3.680608e+00 -1.637500e+01 0.000000e+00
      endloop
   endfacet
   facet normal 0.000000e+00 0.000000e+00 1.000000e+00
      outer loop
         vertex 1.012500e+01 -1.012500e+01 0.000000e+00
         vertex 3.680608e+00 -1.637500e+01 0.000000e+00
         vertex 1.012500e+01 -1.750000e+01 0.000000e+00
      endloop
   endfacet
   facet normal 0.000000e+00 0.000000e+00 1.000000e+00
      outer loop
         vertex 1.012500e+01 -1.750000e+01 0.000000e+00
         vertex 3.680608e+00 -1.637500e+01 0.000000e+00
         vertex 3.993694e+00 -1.704641e+01 0.000000e+00
      endloop
   endfacet
   facet normal 0.000000e+00 0.000000e+00 1.000000e+00
      outer loop
         vertex 1.012500e+01 -1.750000e+01 0.000000e+00
         vertex 3.993694e+00 -1.704641e+01 0.000000e+00
         vertex 4.185433e+00 -1.776200e+01 0.000000e+00
      endloop
   endfacet
   facet normal 0.000000e+00 0.000000e+00 1.000000e+00
      outer loop
         vertex 1.453586e+00 5.850631e+01 0.000000e+00
         vertex 7.380047e-01 5.831457e+01 0.000000e+00
         vertex 1.012500e+01 4.375000e+01 0.000000e+00
      endloop
   endfacet
   facet normal 0.000000e+00 0.000000e+00 1.000000e+00
      outer loop
         vertex 1.012500e+01 4.375000e+01 0.000000e+00
         vertex 7.380047e-01 5.831457e+01 0.000000e+00
         vertex -5.125000e+00 4.375000e+01 0.000000e+00
      endloop
   endfacet
   facet normal 0.000000e+00 0.000000e+00 1.000000e+00
      outer loop
         vertex 1.012500e+01 4.375000e+01 0.000000e+00
         vertex -5.125000e+00 4.375000e+01 0.000000e+00
         vertex 1.012500e+01 2.600000e+01 0.000000e+00
      endloop
   endfacet
   facet normal 0.000000e+00 0.000000e+00 1.000000e+00
      outer loop
         vertex 1.012500e+01 2.600000e+01 0.000000e+00
         vertex -5.125000e+00 4.375000e+01 0.000000e+00
         vertex -5.125000e+00 2.600000e+01 0.000000e+00
      endloop
   endfacet
   facet normal 0.000000e+00 0.000000e+00 1.000000e+00
      outer loop
         vertex 1.012500e+01 2.600000e+01 0.000000e+00
         vertex -5.125000e+00 2.600000e+01 0.000000e+00
         vertex 2.602375e-16 2.275000e+01 0.000000e+00
      endloop
   endfacet
   facet normal 0.000000e+00 0.000000e+00 1.000000e+00
      outer loop
         vertex 2.602375e-16 2.275000e+01 0.000000e+00
         vertex -5.125000e+00 2.600000e+01 0.000000e+00
         vertex -7.380047e-01 2.268543e+01 0.000000e+00
      endloop
   endfacet
   facet normal 0.000000e+00 0.000000e+00 1.000000e+00
      outer loop
         vertex -2.780794e+01 6.532778e+01 0.000000e+00
         vertex -3.297030e+01 6.288052e+01 0.000000e+00
         vertex -5.125000e+00 4.375000e+01 0.000000e+00
      endloop
   endfacet
   facet normal 0.000000e+00 0.000000e+00 1.000000e+00
      outer loop
         vertex -5.125000e+00 4.375000e+01 0.000000e+00
         vertex -3.297030e+01 6.288052e+01 0.000000e+00
         vertex -3.675000e+01 4.375000e+01 0.000000e+00
      endloop
   endfacet
   facet normal 0.000000e+00 0.000000e+00 1.000000e+00
      outer loop
         vertex -5.125000e+00 4.375000e+01 0.000000e+00
         vertex -3.675000e+01 4.375000e+01 0.000000e+00
         vertex -5.125000e+00 2.600000e+01 0.000000e+00
      endloop
   endfacet
   facet normal 0.000000e+00 0.000000e+00 1.000000e+00
      outer loop
         vertex -5.125000e+00 2.600000e+01 0.000000e+00
         vertex -3.675000e+01 4.375000e+01 0.000000e+00
         vertex -3.675000e+01 2.600000e+01 0.000000e+00
      endloop
   endfacet
   facet normal 0.000000e+00 0.000000e+00 1.000000e+00
      outer loop
         vertex -5.125000e+00 2.600000e+01 0.000000e+00
         vertex -3.675000e+01 2.600000e+01 0.000000e+00
         vertex -5.125000e+00 1.750000e+01 0.000000e+00
      endloop
   endfacet
   facet normal 0.000000e+00 0.000000e+00 1.000000e+00
      outer loop
         vertex -5.125000e+00 1.750000e+01 0.000000e+00
         vertex -3.675000e+01 2.600000e+01 0.000000e+00
         vertex -3.675000e+01 1.750000e+01 0.000000e+00
      endloop
   endfacet
   facet normal 0.000000e+00 0.000000e+00 1.000000e+00
      outer loop
         vertex -5.125000e+00 1.750000e+01 0.000000e+00
         vertex -3.675000e+01 1.750000e+01 0.000000e+00
         vertex -5.125000e+00 5.125000e+00 0.000000e+00
      endloop
   endfacet
   facet normal 0.000000e+00 0.000000e+00 1.000000e+00
      outer loop
         vertex -5.125000e+00 5.125000e+00 0.000000e+00
         vertex -3.675000e+01 1.750000e+01 0.000000e+00
         vertex -3.675000e+01 5.125000e+00 0.000000e+00
      endloop
   endfacet
   facet normal 0.000000e+00 0.000000e+00 1.000000e+00
      outer loop
         vertex -5.125000e+00 5.125000e+00 0.000000e+00
         vertex -3.675000e+01 5.125000e+00 0.000000e+00
         vertex -1.850000e+01 4.250000e+00 0.000000e+00
      endloop
   endfacet
   facet normal 0.000000e+00 0.000000e+00 1.000000e+00
      outer loop
         vertex -1.850000e+01 4.250000e+00 0.000000e+00
         vertex -3.675000e+01 5.125000e+00 0.000000e+00
         vertex -1.923800e+01 4.185433e+00 0.000000e+00
      endloop
   endfacet
   facet normal 0.000000e+00 -0.000000e+00 1.000000e+00
      outer loop
         vertex 1.431457e+01 7.380047e-01 0.000000e+00
         vertex 1.450631e+01 1.453586e+00 0.000000e+00
         vertex 1.012500e+01 5.125000e+00 0.000000e+00
      endloop
   endfacet
   facet normal -0.000000e+00 0.000000e+00 1.000000e+00
      outer loop
         vertex 2.218061e+01 2.125000e+00 0.000000e+00
         vertex 2.249369e+01 1.453586e+00 0.000000e+00
         vertex 3.675000e+01 5.125000e+00 0.000000e+00
      endloop
   endfacet
   facet normal 0.000000e+00 0.000000e+00 1.000000e+00
      outer loop
         vertex 2.249369e+01 -1.453586e+00 0.000000e+00
         vertex 2.218061e+01 -2.125000e+00 0.000000e+00
         vertex 3.675000e+01 -1.012500e+01 0.000000e+00
      endloop
   endfacet
   facet normal 0.000000e+00 0.000000e+00 1.000000e+00
      outer loop
         vertex 3.675000e+01 -1.012500e+01 0.000000e+00
         vertex 2.218061e+01 -2.125000e+00 0.000000e+00
         vertex 2.175569e+01 -2.731847e+00 0.000000e+00
      endloop
   endfacet
   facet normal -0.000000e+00 0.000000e+00 1.000000e+00
      outer loop
         vertex 2.249369e+01 1.453586e+00 0.000000e+00
         vertex 2.268543e+01 7.380047e-01 0.000000e+00
         vertex 3.675000e+01 5.125000e+00 0.000000e+00
      endloop
   endfacet
   facet normal 0.000000e+00 0.000000e+00 1.000000e+00
      outer loop
         vertex 3.675000e+01 5.125000e+00 0.000000e+00
         vertex 2.268543e+01 7.380047e-01 0.000000e+00
         vertex 2.275000e+01 8.673617e-16 0.000000e+00
      endloop
   endfacet
   facet normal 0.000000e+00 0.000000e+00 1.000000e+00
      outer loop
         vertex 3.675000e+01 5.125000e+00 0.000000e+00
         vertex 2.275000e+01 8.673617e-16 0.000000e+00
         vertex 3.675000e+01 -1.012500e+01 0.000000e+00
      endloop
   endfacet
   facet normal 0.000000e+00 0.000000e+00 1.000000e+00
      outer loop
         vertex 3.675000e+01 -1.012500e+01 0.000000e+00
         vertex 2.275000e+01 8.673617e-16 0.000000e+00
         vertex 2.268543e+01 -7.380047e-01 0.000000e+00
      endloop
   endfacet
   facet normal 0.000000e+00 0.000000e+00 1.000000e+00
      outer loop
         vertex 3.675000e+01 -1.012500e+01 0.000000e+00
         vertex 2.268543e+01 -7.380047e-01 0.000000e+00
         vertex 2.249369e+01 -1.453586e+00 0.000000e+00
      endloop
   endfacet
   facet normal 0.000000e+00 0.000000e+00 1.000000e+00
      outer loop
         vertex 2.175569e+01 -2.731847e+00 0.000000e+00
         vertex 2.123185e+01 -3.255689e+00 0.000000e+00
         vertex 3.675000e+01 -1.012500e+01 0.000000e+00
      endloop
   endfacet
   facet normal 0.000000e+00 0.000000e+00 1.000000e+00
      outer loop
         vertex 3.675000e+01 -1.012500e+01 0.000000e+00
         vertex 2.123185e+01 -3.255689e+00 0.000000e+00
         vertex 2.062500e+01 -3.680608e+00 0.000000e+00
      endloop
   endfacet
   facet normal 0.000000e+00 0.000000e+00 1.000000e+00
      outer loop
         vertex 3.675000e+01 -1.012500e+01 0.000000e+00
         vertex 2.062500e+01 -3.680608e+00 0.000000e+00
         vertex 1.995359e+01 -3.993694e+00 0.000000e+00
      endloop
   endfacet
   facet normal 0.000000e+00 -0.000000e+00 1.000000e+00
      outer loop
         vertex 1.450631e+01 1.453586e+00 0.000000e+00
         vertex 1.481939e+01 2.125000e+00 0.000000e+00
         vertex 1.012500e+01 5.125000e+00 0.000000e+00
      endloop
   endfacet
   facet normal 0.000000e+00 0.000000e+00 1.000000e+00
      outer loop
         vertex 1.012500e+01 5.125000e+00 0.000000e+00
         vertex 1.481939e+01 2.125000e+00 0.000000e+00
         vertex 1.524431e+01 2.731847e+00 0.000000e+00
      endloop
   endfacet
   facet normal 0.000000e+00 0.000000e+00 1.000000e+00
      outer loop
         vertex 1.012500e+01 5.125000e+00 0.000000e+00
         vertex 1.524431e+01 2.731847e+00 0.000000e+00
         vertex 1.576815e+01 3.255689e+00 0.000000e+00
      endloop
   endfacet
   facet normal 0.000000e+00 0.000000e+00 1.000000e+00
      outer loop
         vertex 1.923800e+01 -4.185433e+00 0.000000e+00
         vertex 1.850000e+01 -4.250000e+00 0.000000e+00
         vertex 1.012500e+01 -1.012500e+01 0.000000e+00
      endloop
   endfacet
   facet normal 0.000000e+00 0.000000e+00 1.000000e+00
      outer loop
         vertex 1.850000e+01 -4.250000e+00 0.000000e+00
         vertex 1.776200e+01 -4.185433e+00 0.000000e+00
         vertex 1.012500e+01 -1.012500e+01 0.000000e+00
      endloop
   endfacet
   facet normal 0.000000e+00 0.000000e+00 1.000000e+00
      outer loop
         vertex 1.012500e+01 -1.012500e+01 0.000000e+00
         vertex 1.776200e+01 -4.185433e+00 0.000000e+00
         vertex 1.704641e+01 -3.993694e+00 0.000000e+00
      endloop
   endfacet
   facet normal 0.000000e+00 0.000000e+00 1.000000e+00
      outer loop
         vertex 1.012500e+01 -1.012500e+01 0.000000e+00
         vertex 1.704641e+01 -3.993694e+00 0.000000e+00
         vertex 1.637500e+01 -3.680608e+00 0.000000e+00
      endloop
   endfacet
   facet normal 0.000000e+00 0.000000e+00 1.000000e+00
      outer loop
         vertex 1.637500e+01 -3.680608e+00 0.000000e+00
         vertex 1.576815e+01 -3.255689e+00 0.000000e+00
         vertex 1.012500e+01 -1.012500e+01 0.000000e+00
      endloop
   endfacet
   facet normal 0.000000e+00 0.000000e+00 1.000000e+00
      outer loop
         vertex 1.012500e+01 -1.012500e+01 0.000000e+00
         vertex 1.576815e+01 -3.255689e+00 0.000000e+00
         vertex 1.524431e+01 -2.731847e+00 0.000000e+00
      endloop
   endfacet
   facet normal 0.000000e+00 0.000000e+00 1.000000e+00
      outer loop
         vertex 1.012500e+01 -1.012500e+01 0.000000e+00
         vertex 1.524431e+01 -2.731847e+00 0.000000e+00
         vertex 1.481939e+01 -2.125000e+00 0.000000e+00
      endloop
   endfacet
   facet normal 0.000000e+00 -0.000000e+00 1.000000e+00
      outer loop
         vertex 1.576815e+01 3.255689e+00 0.000000e+00
         vertex 1.637500e+01 3.680608e+00 0.000000e+00
         vertex 1.012500e+01 5.125000e+00 0.000000e+00
      endloop
   endfacet
   facet normal 0.000000e+00 0.000000e+00 1.000000e+00
      outer loop
         vertex 1.012500e+01 5.125000e+00 0.000000e+00
         vertex 1.637500e+01 3.680608e+00 0.000000e+00
         vertex 1.704641e+01 3.993694e+00 0.000000e+00
      endloop
   endfacet
   facet normal 0.000000e+00 0.000000e+00 1.000000e+00
      outer loop
         vertex 1.012500e+01 5.125000e+00 0.000000e+00
         vertex 1.704641e+01 3.993694e+00 0.000000e+00
         vertex 1.776200e+01 4.185433e+00 0.000000e+00
      endloop
   endfacet
   facet normal -0.000000e+00 0.000000e+00 1.000000e+00
      outer loop
         vertex 1.850000e+01 4.250000e+00 0.000000e+00
         vertex 1.923800e+01 4.185433e+00 0.000000e+00
         vertex 3.675000e+01 5.125000e+00 0.000000e+00
      endloop
   endfacet
   facet normal 0.000000e+00 0.000000e+00 1.000000e+00
      outer loop
         vertex 3.675000e+01 5.125000e+00 0.000000e+00
         vertex 1.923800e+01 4.185433e+00 0.000000e+00
         vertex 1.995359e+01 3.993694e+00 0.000000e+00
      endloop
   endfacet
   facet normal 0.000000e+00 0.000000e+00 1.000000e+00
      outer loop
         vertex 3.675000e+01 5.125000e+00 0.000000e+00
         vertex 1.995359e+01 3.993694e+00 0.000000e+00
         vertex 2.062500e+01 3.680608e+00 0.000000e+00
      endloop
   endfacet
   facet normal -0.000000e+00 0.000000e+00 1.000000e+00
      outer loop
         vertex 2.062500e+01 3.680608e+00 0.000000e+00
         vertex 2.123185e+01 3.255689e+00 0.000000e+00
         vertex 3.675000e+01 5.125000e+00 0.000000e+00
      endloop
   endfacet
   facet normal 0.000000e+00 0.000000e+00 1.000000e+00
      outer loop
         vertex 3.675000e+01 5.125000e+00 0.000000e+00
         vertex 2.123185e+01 3.255689e+00 0.000000e+00
         vertex 2.175569e+01 2.731847e+00 0.000000e+00
      endloop
   endfacet
   facet normal 0.000000e+00 0.000000e+00 1.000000e+00
      outer loop
         vertex 3.675000e+01 5.125000e+00 0.000000e+00
         vertex 2.175569e+01 2.731847e+00 0.000000e+00
         vertex 2.218061e+01 2.125000e+00 0.000000e+00
      endloop
   endfacet
   facet normal 0.000000e+00 0.000000e+00 1.000000e+00
      outer loop
         vertex 1.481939e+01 -2.125000e+00 0.000000e+00
         vertex 1.450631e+01 -1.453586e+00 0.000000e+00
         vertex 1.012500e+01 -1.012500e+01 0.000000e+00
      endloop
   endfacet
   facet normal 0.000000e+00 0.000000e+00 1.000000e+00
      outer loop
         vertex 1.012500e+01 -1.012500e+01 0.000000e+00
         vertex 1.450631e+01 -1.453586e+00 0.000000e+00
         vertex 1.431457e+01 -7.380047e-01 0.000000e+00
      endloop
   endfacet
   facet normal 0.000000e+00 0.000000e+00 1.000000e+00
      outer loop
         vertex 1.012500e+01 -1.012500e+01 0.000000e+00
         vertex 1.431457e+01 -7.380047e-01 0.000000e+00
         vertex 1.012500e+01 5.125000e+00 0.000000e+00
      endloop
   endfacet
   facet normal 0.000000e+00 0.000000e+00 1.000000e+00
      outer loop
         vertex 1.012500e+01 5.125000e+00 0.000000e+00
         vertex 1.431457e+01 -7.380047e-01 0.000000e+00
         vertex 1.425000e+01 1.387837e-15 0.000000e+00
      endloop
   endfacet
   facet normal 0.000000e+00 0.000000e+00 1.000000e+00
      outer loop
         vertex 1.012500e+01 5.125000e+00 0.000000e+00
         vertex 1.425000e+01 1.387837e-15 0.000000e+00
         vertex 1.431457e+01 7.380047e-01 0.000000e+00
      endloop
   endfacet
   facet normal 0.000000e+00 -0.000000e+00 1.000000e+00
      outer loop
         vertex 1.776200e+01 4.185433e+00 0.000000e+00
         vertex 1.850000e+01 4.250000e+00 0.000000e+00
         vertex 1.012500e+01 5.125000e+00 0.000000e+00
      endloop
   endfacet
   facet normal -0.000000e+00 0.000000e+00 1.000000e+00
      outer loop
         vertex 1.012500e+01 5.125000e+00 0.000000e+00
         vertex 1.850000e+01 4.250000e+00 0.000000e+00
         vertex 3.675000e+01 5.125000e+00 0.000000e+00
      endloop
   endfacet
   facet normal 0.000000e+00 0.000000e+00 1.000000e+00
      outer loop
         vertex 1.012500e+01 5.125000e+00 0.000000e+00
         vertex 3.675000e+01 5.125000e+00 0.000000e+00
         vertex 1.012500e+01 1.750000e+01 0.000000e+00
      endloop
   endfacet
   facet normal -0.000000e+00 0.000000e+00 1.000000e+00
      outer loop
         vertex 1.012500e+01 1.750000e+01 0.000000e+00
         vertex 3.675000e+01 5.125000e+00 0.000000e+00
         vertex 3.675000e+01 1.750000e+01 0.000000e+00
      endloop
   endfacet
   facet normal 0.000000e+00 0.000000e+00 1.000000e+00
      outer loop
         vertex 1.012500e+01 1.750000e+01 0.000000e+00
         vertex 3.675000e+01 1.750000e+01 0.000000e+00
         vertex 1.012500e+01 2.600000e+01 0.000000e+00
      endloop
   endfacet
   facet normal -0.000000e+00 0.000000e+00 1.000000e+00
      outer loop
         vertex 1.012500e+01 2.600000e+01 0.000000e+00
         vertex 3.675000e+01 1.750000e+01 0.000000e+00
         vertex 3.675000e+01 2.600000e+01 0.000000e+00
      endloop
   endfacet
   facet normal 0.000000e+00 0.000000e+00 1.000000e+00
      outer loop
         vertex 1.012500e+01 2.600000e+01 0.000000e+00
         vertex 3.675000e+01 2.600000e+01 0.000000e+00
         vertex 1.012500e+01 4.375000e+01 0.000000e+00
      endloop
   endfacet
   facet normal -0.000000e+00 0.000000e+00 1.000000e+00
      outer loop
         vertex 1.012500e+01 4.375000e+01 0.000000e+00
         vertex 3.675000e+01 2.600000e+01 0.000000e+00
         vertex 3.675000e+01 4.375000e+01 0.000000e+00
      endloop
   endfacet
   facet normal 0.000000e+00 0.000000e+00 1.000000e+00
      outer loop
         vertex 1.012500e+01 4.375000e+01 0.000000e+00
         vertex 3.675000e+01 4.375000e+01 0.000000e+00
         vertex 3.297030e+01 6.288052e+01 0.000000e+00
      endloop
   endfacet
   facet normal 0.000000e+00 0.000000e+00 1.000000e+00
      outer loop
         vertex 3.297030e+01 6.288052e+01 0.000000e+00
         vertex 3.675000e+01 4.375000e+01 0.000000e+00
         vertex 3.791918e+01 6.002613e+01 0.000000e+00
      endloop
   endfacet
   facet normal 0.000000e+00 0.000000e+00 1.000000e+00
      outer loop
         vertex 1.995359e+01 -3.993694e+00 0.000000e+00
         vertex 1.923800e+01 -4.185433e+00 0.000000e+00
         vertex 3.675000e+01 -1.012500e+01 0.000000e+00
      endloop
   endfacet
   facet normal 0.000000e+00 0.000000e+00 1.000000e+00
      outer loop
         vertex 3.675000e+01 -1.012500e+01 0.000000e+00
         vertex 1.923800e+01 -4.185433e+00 0.000000e+00
         vertex 1.012500e+01 -1.012500e+01 0.000000e+00
      endloop
   endfacet
   facet normal 0.000000e+00 0.000000e+00 1.000000e+00
      outer loop
         vertex 3.675000e+01 -1.012500e+01 0.000000e+00
         vertex 1.012500e+01 -1.012500e+01 0.000000e+00
         vertex 3.675000e+01 -1.750000e+01 0.000000e+00
      endloop
   endfacet
   facet normal 0.000000e+00 0.000000e+00 1.000000e+00
      outer loop
         vertex 3.675000e+01 -1.750000e+01 0.000000e+00
         vertex 1.012500e+01 -1.012500e+01 0.000000e+00
         vertex 1.012500e+01 -1.750000e+01 0.000000e+00
      endloop
   endfacet
   facet normal 0.000000e+00 0.000000e+00 1.000000e+00
      outer loop
         vertex 3.675000e+01 -1.750000e+01 0.000000e+00
         vertex 1.012500e+01 -1.750000e+01 0.000000e+00
         vertex 2.797701e+01 -6.525555e+01 0.000000e+00
      endloop
   endfacet
   facet normal 0.000000e+00 0.000000e+00 1.000000e+00
      outer loop
         vertex 2.797701e+01 -6.525555e+01 0.000000e+00
         vertex 1.012500e+01 -1.750000e+01 0.000000e+00
         vertex 2.487469e+01 -6.650000e+01 0.000000e+00
      endloop
   endfacet
   facet normal 0.000000e+00 0.000000e+00 1.000000e+00
      outer loop
         vertex -1.776200e+01 -4.185433e+00 0.000000e+00
         vertex -1.850000e+01 -4.250000e+00 0.000000e+00
         vertex -5.125000e+00 -1.012500e+01 0.000000e+00
      endloop
   endfacet
   facet normal 0.000000e+00 0.000000e+00 1.000000e+00
      outer loop
         vertex -5.125000e+00 -1.012500e+01 0.000000e+00
         vertex -1.850000e+01 -4.250000e+00 0.000000e+00
         vertex -3.675000e+01 -1.012500e+01 0.000000e+00
      endloop
   endfacet
   facet normal 0.000000e+00 0.000000e+00 1.000000e+00
      outer loop
         vertex -5.125000e+00 -1.012500e+01 0.000000e+00
         vertex -3.675000e+01 -1.012500e+01 0.000000e+00
         vertex -5.125000e+00 -1.750000e+01 0.000000e+00
      endloop
   endfacet
   facet normal 0.000000e+00 0.000000e+00 1.000000e+00
      outer loop
         vertex -5.125000e+00 -1.750000e+01 0.000000e+00
         vertex -3.675000e+01 -1.012500e+01 0.000000e+00
         vertex -3.675000e+01 -1.750000e+01 0.000000e+00
      endloop
   endfacet
   facet normal 0.000000e+00 0.000000e+00 1.000000e+00
      outer loop
         vertex -5.125000e+00 -1.750000e+01 0.000000e+00
         vertex -3.675000e+01 -1.750000e+01 0.000000e+00
         vertex -3.313301e+01 -6.279493e+01 0.000000e+00
      endloop
   endfacet
   facet normal 0.000000e+00 0.000000e+00 1.000000e+00
      outer loop
         vertex -3.313301e+01 -6.279493e+01 0.000000e+00
         vertex -3.675000e+01 -1.750000e+01 0.000000e+00
         vertex -5.081457e+01 -2.573800e+01 0.000000e+00
      endloop
   endfacet
   facet normal 0.000000e+00 0.000000e+00 1.000000e+00
      outer loop
         vertex -3.313301e+01 -6.279493e+01 0.000000e+00
         vertex -5.081457e+01 -2.573800e+01 0.000000e+00
         vertex -5.100631e+01 -2.645359e+01 0.000000e+00
      endloop
   endfacet
   facet normal 0.000000e+00 0.000000e+00 1.000000e+00
      outer loop
         vertex -5.426199e+01 2.081457e+01 0.000000e+00
         vertex -5.500000e+01 2.075000e+01 0.000000e+00
         vertex -3.675000e+01 1.750000e+01 0.000000e+00
      endloop
   endfacet
   facet normal 0.000000e+00 0.000000e+00 1.000000e+00
      outer loop
         vertex -3.675000e+01 1.750000e+01 0.000000e+00
         vertex -5.500000e+01 2.075000e+01 0.000000e+00
         vertex -6.512500e+01 1.750000e+01 0.000000e+00
      endloop
   endfacet
   facet normal 0.000000e+00 0.000000e+00 1.000000e+00
      outer loop
         vertex -3.675000e+01 1.750000e+01 0.000000e+00
         vertex -6.512500e+01 1.750000e+01 0.000000e+00
         vertex -3.675000e+01 5.125000e+00 0.000000e+00
      endloop
   endfacet
   facet normal 0.000000e+00 0.000000e+00 1.000000e+00
      outer loop
         vertex -3.675000e+01 5.125000e+00 0.000000e+00
         vertex -6.512500e+01 1.750000e+01 0.000000e+00
         vertex -6.512500e+01 5.125000e+00 0.000000e+00
      endloop
   endfacet
   facet normal 0.000000e+00 0.000000e+00 1.000000e+00
      outer loop
         vertex -3.675000e+01 5.125000e+00 0.000000e+00
         vertex -6.512500e+01 5.125000e+00 0.000000e+00
         vertex -3.675000e+01 -1.012500e+01 0.000000e+00
      endloop
   endfacet
   facet normal 0.000000e+00 0.000000e+00 1.000000e+00
      outer loop
         vertex -3.675000e+01 -1.012500e+01 0.000000e+00
         vertex -6.512500e+01 5.125000e+00 0.000000e+00
         vertex -6.512500e+01 -1.012500e+01 0.000000e+00
      endloop
   endfacet
   facet normal 0.000000e+00 0.000000e+00 1.000000e+00
      outer loop
         vertex -3.675000e+01 -1.012500e+01 0.000000e+00
         vertex -6.512500e+01 -1.012500e+01 0.000000e+00
         vertex -3.675000e+01 -1.750000e+01 0.000000e+00
      endloop
   endfacet
   facet normal 0.000000e+00 0.000000e+00 1.000000e+00
      outer loop
         vertex -3.675000e+01 -1.750000e+01 0.000000e+00
         vertex -6.512500e+01 -1.012500e+01 0.000000e+00
         vertex -6.512500e+01 -1.750000e+01 0.000000e+00
      endloop
   endfacet
   facet normal 0.000000e+00 0.000000e+00 1.000000e+00
      outer loop
         vertex -3.675000e+01 -1.750000e+01 0.000000e+00
         vertex -6.512500e+01 -1.750000e+01 0.000000e+00
         vertex -5.500000e+01 -2.075000e+01 0.000000e+00
      endloop
   endfacet
   facet normal 0.000000e+00 0.000000e+00 1.000000e+00
      outer loop
         vertex -5.500000e+01 -2.075000e+01 0.000000e+00
         vertex -6.512500e+01 -1.750000e+01 0.000000e+00
         vertex -5.573801e+01 -2.081457e+01 0.000000e+00
      endloop
   endfacet
   facet normal -5.489151e-01 -8.358781e-01 0.000000e+00
      outer loop
         vertex -3.246152e+01 -6.650000e+01 -2.225000e+01
         vertex -3.246152e+01 -6.650000e+01 -1.250000e+01
         vertex -3.740322e+01 -6.325482e+01 -1.250000e+01
      endloop
   endfacet
   facet normal -5.489151e-01 -8.358781e-01 0.000000e+00
      outer loop
         vertex -3.246152e+01 -6.650000e+01 -2.225000e+01
         vertex -3.740322e+01 -6.325482e+01 -1.250000e+01
         vertex -3.740322e+01 -6.325482e+01 -2.225000e+01
      endloop
   endfacet
   facet normal -6.109014e-01 -7.917067e-01 0.000000e+00
      outer loop
         vertex -3.740322e+01 -6.325482e+01 -2.225000e+01
         vertex -3.740322e+01 -6.325482e+01 -1.250000e+01
         vertex -4.208379e+01 -5.964317e+01 -1.250000e+01
      endloop
   endfacet
   facet normal -6.109014e-01 -7.917067e-01 0.000000e+00
      outer loop
         vertex -3.740322e+01 -6.325482e+01 -2.225000e+01
         vertex -4.208379e+01 -5.964317e+01 -1.250000e+01
         vertex -4.208379e+01 -5.964317e+01 -2.225000e+01
      endloop
   endfacet
   facet normal -6.693487e-01 -7.429484e-01 0.000000e+00
      outer loop
         vertex -4.208379e+01 -5.964317e+01 -2.225000e+01
         vertex -4.208379e+01 -5.964317e+01 -1.250000e+01
         vertex -4.647610e+01 -5.568599e+01 -1.250000e+01
      endloop
   endfacet
   facet normal -6.693487e-01 -7.429484e-01 0.000000e+00
      outer loop
         vertex -4.208379e+01 -5.964317e+01 -2.225000e+01
         vertex -4.647610e+01 -5.568599e+01 -1.250000e+01
         vertex -4.647610e+01 -5.568599e+01 -2.225000e+01
      endloop
   endfacet
   facet normal -7.239179e-01 -6.898861e-01 0.000000e+00
      outer loop
         vertex -4.647610e+01 -5.568599e+01 -2.225000e+01
         vertex -4.647610e+01 -5.568599e+01 -1.250000e+01
         vertex -5.055470e+01 -5.140619e+01 -1.250000e+01
      endloop
   endfacet
   facet normal -7.239179e-01 -6.898861e-01 0.000000e+00
      outer loop
         vertex -4.647610e+01 -5.568599e+01 -2.225000e+01
         vertex -5.055470e+01 -5.140619e+01 -1.250000e+01
         vertex -5.055470e+01 -5.140619e+01 -2.225000e+01
      endloop
   endfacet
   facet normal -7.742937e-01 -6.328265e-01 0.000000e+00
      outer loop
         vertex -5.055470e+01 -5.140619e+01 -2.225000e+01
         vertex -5.055470e+01 -5.140619e+01 -1.250000e+01
         vertex -5.429597e+01 -4.682856e+01 -1.250000e+01
      endloop
   endfacet
   facet normal -7.742937e-01 -6.328265e-01 0.000000e+00
      outer loop
         vertex -5.055470e+01 -5.140619e+01 -2.225000e+01
         vertex -5.429597e+01 -4.682856e+01 -1.250000e+01
         vertex -5.429597e+01 -4.682856e+01 -2.225000e+01
      endloop
   endfacet
   facet normal -8.201830e-01 -5.721012e-01 0.000000e+00
      outer loop
         vertex -5.429597e+01 -4.682856e+01 -2.225000e+01
         vertex -5.429597e+01 -4.682856e+01 -1.250000e+01
         vertex -5.767823e+01 -4.197965e+01 -1.250000e+01
      endloop
   endfacet
   facet normal -8.201830e-01 -5.721012e-01 0.000000e+00
      outer loop
         vertex -5.429597e+01 -4.682856e+01 -2.225000e+01
         vertex -5.767823e+01 -4.197965e+01 -1.250000e+01
         vertex -5.767823e+01 -4.197965e+01 -2.225000e+01
      endloop
   endfacet
   facet normal -8.613213e-01 -5.080606e-01 0.000000e+00
      outer loop
         vertex -5.767823e+01 -4.197965e+01 -2.225000e+01
         vertex -5.767823e+01 -4.197965e+01 -1.250000e+01
         vertex -6.068188e+01 -3.688752e+01 -1.250000e+01
      endloop
   endfacet
   facet normal -8.613213e-01 -5.080606e-01 0.000000e+00
      outer loop
         vertex -5.767823e+01 -4.197965e+01 -2.225000e+01
         vertex -6.068188e+01 -3.688752e+01 -1.250000e+01
         vertex -6.068188e+01 -3.688752e+01 -2.225000e+01
      endloop
   endfacet
   facet normal -8.974692e-01 -4.410770e-01 0.000000e+00
      outer loop
         vertex -6.068188e+01 -3.688752e+01 -2.225000e+01
         vertex -6.068188e+01 -3.688752e+01 -1.250000e+01
         vertex -6.328952e+01 -3.158169e+01 -1.250000e+01
      endloop
   endfacet
   facet normal -8.974692e-01 -4.410770e-01 0.000000e+00
      outer loop
         vertex -6.068188e+01 -3.688752e+01 -2.225000e+01
         vertex -6.328952e+01 -3.158169e+01 -1.250000e+01
         vertex -6.328952e+01 -3.158169e+01 -2.225000e+01
      endloop
   endfacet
   facet normal -9.284174e-01 -3.715388e-01 0.000000e+00
      outer loop
         vertex -6.328952e+01 -3.158169e+01 -2.225000e+01
         vertex -6.328952e+01 -3.158169e+01 -1.250000e+01
         vertex -6.548606e+01 -2.609289e+01 -1.250000e+01
      endloop
   endfacet
   facet normal -9.284174e-01 -3.715388e-01 0.000000e+00
      outer loop
         vertex -6.328952e+01 -3.158169e+01 -2.225000e+01
         vertex -6.548606e+01 -2.609289e+01 -1.250000e+01
         vertex -6.548606e+01 -2.609289e+01 -2.225000e+01
      endloop
   endfacet
   facet normal -9.539869e-01 -2.998482e-01 0.000000e+00
      outer loop
         vertex -6.548606e+01 -2.609289e+01 -2.225000e+01
         vertex -6.548606e+01 -2.609289e+01 -1.250000e+01
         vertex -6.725876e+01 -2.045292e+01 -1.250000e+01
      endloop
   endfacet
   facet normal -9.539869e-01 -2.998482e-01 0.000000e+00
      outer loop
         vertex -6.548606e+01 -2.609289e+01 -2.225000e+01
         vertex -6.725876e+01 -2.045292e+01 -1.250000e+01
         vertex -6.725876e+01 -2.045292e+01 -2.225000e+01
      endloop
   endfacet
   facet normal -9.740301e-01 -2.264187e-01 0.000000e+00
      outer loop
         vertex -6.725876e+01 -2.045292e+01 -2.225000e+01
         vertex -6.725876e+01 -2.045292e+01 -1.250000e+01
         vertex -6.859735e+01 -1.469446e+01 -1.250000e+01
      endloop
   endfacet
   facet normal -9.740301e-01 -2.264187e-01 0.000000e+00
      outer loop
         vertex -6.725876e+01 -2.045292e+01 -2.225000e+01
         vertex -6.859735e+01 -1.469446e+01 -1.250000e+01
         vertex -6.859735e+01 -1.469446e+01 -2.225000e+01
      endloop
   endfacet
   facet normal -9.884299e-01 -1.516784e-01 0.000000e+00
      outer loop
         vertex -6.859735e+01 -1.469446e+01 -2.225000e+01
         vertex -6.859735e+01 -1.469446e+01 -1.250000e+01
         vertex -6.949407e+01 -8.850867e+00 -1.250000e+01
      endloop
   endfacet
   facet normal -9.884299e-01 -1.516784e-01 0.000000e+00
      outer loop
         vertex -6.859735e+01 -1.469446e+01 -2.225000e+01
         vertex -6.949407e+01 -8.850867e+00 -1.250000e+01
         vertex -6.949407e+01 -8.850867e+00 -2.225000e+01
      endloop
   endfacet
   facet normal -9.971033e-01 -7.605976e-02 0.000000e+00
      outer loop
         vertex -6.949407e+01 -8.850867e+00 -2.225000e+01
         vertex -6.949407e+01 -8.850867e+00 -1.250000e+01
         vertex -6.994373e+01 -2.955998e+00 -1.250000e+01
      endloop
   endfacet
   facet normal -9.971033e-01 -7.605976e-02 0.000000e+00
      outer loop
         vertex -6.949407e+01 -8.850867e+00 -2.225000e+01
         vertex -6.994373e+01 -2.955998e+00 -1.250000e+01
         vertex -6.994373e+01 -2.955998e+00 -2.225000e+01
      endloop
   endfacet
   facet normal -1.000000e+00 0.000000e+00 0.000000e+00
      outer loop
         vertex -6.994373e+01 -2.955998e+00 -2.225000e+01
         vertex -6.994373e+01 -2.955998e+00 -1.250000e+01
         vertex -6.994373e+01 2.955998e+00 -1.250000e+01
      endloop
   endfacet
   facet normal -1.000000e+00 0.000000e+00 0.000000e+00
      outer loop
         vertex -6.994373e+01 -2.955998e+00 -2.225000e+01
         vertex -6.994373e+01 2.955998e+00 -1.250000e+01
         vertex -6.994373e+01 2.955998e+00 -2.225000e+01
      endloop
   endfacet
   facet normal -9.971033e-01 7.605976e-02 0.000000e+00
      outer loop
         vertex -6.994373e+01 2.955998e+00 -2.225000e+01
         vertex -6.994373e+01 2.955998e+00 -1.250000e+01
         vertex -6.949407e+01 8.850867e+00 -1.250000e+01
      endloop
   endfacet
   facet normal -9.971033e-01 7.605976e-02 0.000000e+00
      outer loop
         vertex -6.994373e+01 2.955998e+00 -2.225000e+01
         vertex -6.949407e+01 8.850867e+00 -1.250000e+01
         vertex -6.949407e+01 8.850867e+00 -2.225000e+01
      endloop
   endfacet
   facet normal -9.884299e-01 1.516784e-01 0.000000e+00
      outer loop
         vertex -6.949407e+01 8.850867e+00 -2.225000e+01
         vertex -6.949407e+01 8.850867e+00 -1.250000e+01
         vertex -6.859735e+01 1.469446e+01 -1.250000e+01
      endloop
   endfacet
   facet normal -9.884299e-01 1.516784e-01 0.000000e+00
      outer loop
         vertex -6.949407e+01 8.850867e+00 -2.225000e+01
         vertex -6.859735e+01 1.469446e+01 -1.250000e+01
         vertex -6.859735e+01 1.469446e+01 -2.225000e+01
      endloop
   endfacet
   facet normal -9.740301e-01 2.264187e-01 0.000000e+00
      outer loop
         vertex -6.859735e+01 1.469446e+01 -2.225000e+01
         vertex -6.859735e+01 1.469446e+01 -1.250000e+01
         vertex -6.725876e+01 2.045292e+01 -1.250000e+01
      endloop
   endfacet
   facet normal -9.740301e-01 2.264187e-01 0.000000e+00
      outer loop
         vertex -6.859735e+01 1.469446e+01 -2.225000e+01
         vertex -6.725876e+01 2.045292e+01 -1.250000e+01
         vertex -6.725876e+01 2.045292e+01 -2.225000e+01
      endloop
   endfacet
   facet normal -9.539869e-01 2.998482e-01 0.000000e+00
      outer loop
         vertex -6.725876e+01 2.045292e+01 -2.225000e+01
         vertex -6.725876e+01 2.045292e+01 -1.250000e+01
         vertex -6.548606e+01 2.609289e+01 -1.250000e+01
      endloop
   endfacet
   facet normal -9.539869e-01 2.998482e-01 0.000000e+00
      outer loop
         vertex -6.725876e+01 2.045292e+01 -2.225000e+01
         vertex -6.548606e+01 2.609289e+01 -1.250000e+01
         vertex -6.548606e+01 2.609289e+01 -2.225000e+01
      endloop
   endfacet
   facet normal -9.284174e-01 3.715388e-01 0.000000e+00
      outer loop
         vertex -6.548606e+01 2.609289e+01 -2.225000e+01
         vertex -6.548606e+01 2.609289e+01 -1.250000e+01
         vertex -6.328952e+01 3.158169e+01 -1.250000e+01
      endloop
   endfacet
   facet normal -9.284174e-01 3.715388e-01 0.000000e+00
      outer loop
         vertex -6.548606e+01 2.609289e+01 -2.225000e+01
         vertex -6.328952e+01 3.158169e+01 -1.250000e+01
         vertex -6.328952e+01 3.158169e+01 -2.225000e+01
      endloop
   endfacet
   facet normal -8.974692e-01 4.410770e-01 0.000000e+00
      outer loop
         vertex -6.328952e+01 3.158169e+01 -2.225000e+01
         vertex -6.328952e+01 3.158169e+01 -1.250000e+01
         vertex -6.068188e+01 3.688752e+01 -1.250000e+01
      endloop
   endfacet
   facet normal -8.974692e-01 4.410770e-01 0.000000e+00
      outer loop
         vertex -6.328952e+01 3.158169e+01 -2.225000e+01
         vertex -6.068188e+01 3.688752e+01 -1.250000e+01
         vertex -6.068188e+01 3.688752e+01 -2.225000e+01
      endloop
   endfacet
   facet normal -8.613213e-01 5.080606e-01 0.000000e+00
      outer loop
         vertex -6.068188e+01 3.688752e+01 -2.225000e+01
         vertex -6.068188e+01 3.688752e+01 -1.250000e+01
         vertex -5.767823e+01 4.197965e+01 -1.250000e+01
      endloop
   endfacet
   facet normal -8.613213e-01 5.080606e-01 0.000000e+00
      outer loop
         vertex -6.068188e+01 3.688752e+01 -2.225000e+01
         vertex -5.767823e+01 4.197965e+01 -1.250000e+01
         vertex -5.767823e+01 4.197965e+01 -2.225000e+01
      endloop
   endfacet
   facet normal -8.201830e-01 5.721012e-01 0.000000e+00
      outer loop
         vertex -5.767823e+01 4.197965e+01 -2.225000e+01
         vertex -5.767823e+01 4.197965e+01 -1.250000e+01
         vertex -5.429597e+01 4.682856e+01 -1.250000e+01
      endloop
   endfacet
   facet normal -8.201830e-01 5.721012e-01 0.000000e+00
      outer loop
         vertex -5.767823e+01 4.197965e+01 -2.225000e+01
         vertex -5.429597e+01 4.682856e+01 -1.250000e+01
         vertex -5.429597e+01 4.682856e+01 -2.225000e+01
      endloop
   endfacet
   facet normal -7.742937e-01 6.328265e-01 0.000000e+00
      outer loop
         vertex -5.429597e+01 4.682856e+01 -2.225000e+01
         vertex -5.429597e+01 4.682856e+01 -1.250000e+01
         vertex -5.055470e+01 5.140619e+01 -1.250000e+01
      endloop
   endfacet
   facet normal -7.742937e-01 6.328265e-01 0.000000e+00
      outer loop
         vertex -5.429597e+01 4.682856e+01 -2.225000e+01
         vertex -5.055470e+01 5.140619e+01 -1.250000e+01
         vertex -5.055470e+01 5.140619e+01 -2.225000e+01
      endloop
   endfacet
   facet normal -7.239179e-01 6.898861e-01 0.000000e+00
      outer loop
         vertex -5.055470e+01 5.140619e+01 -2.225000e+01
         vertex -5.055470e+01 5.140619e+01 -1.250000e+01
         vertex -4.647610e+01 5.568599e+01 -1.250000e+01
      endloop
   endfacet
   facet normal -7.239179e-01 6.898861e-01 0.000000e+00
      outer loop
         vertex -5.055470e+01 5.140619e+01 -2.225000e+01
         vertex -4.647610e+01 5.568599e+01 -1.250000e+01
         vertex -4.647610e+01 5.568599e+01 -2.225000e+01
      endloop
   endfacet
   facet normal -6.693487e-01 7.429484e-01 0.000000e+00
      outer loop
         vertex -4.647610e+01 5.568599e+01 -2.225000e+01
         vertex -4.647610e+01 5.568599e+01 -1.250000e+01
         vertex -4.208379e+01 5.964317e+01 -1.250000e+01
      endloop
   endfacet
   facet normal -6.693487e-01 7.429484e-01 0.000000e+00
      outer loop
         vertex -4.647610e+01 5.568599e+01 -2.225000e+01
         vertex -4.208379e+01 5.964317e+01 -1.250000e+01
         vertex -4.208379e+01 5.964317e+01 -2.225000e+01
      endloop
   endfacet
   facet normal -6.109014e-01 7.917067e-01 0.000000e+00
      outer loop
         vertex -4.208379e+01 5.964317e+01 -2.225000e+01
         vertex -4.208379e+01 5.964317e+01 -1.250000e+01
         vertex -3.740322e+01 6.325482e+01 -1.250000e+01
      endloop
   endfacet
   facet normal -6.109014e-01 7.917067e-01 0.000000e+00
      outer loop
         vertex -4.208379e+01 5.964317e+01 -2.225000e+01
         vertex -3.740322e+01 6.325482e+01 -1.250000e+01
         vertex -3.740322e+01 6.325482e+01 -2.225000e+01
      endloop
   endfacet
   facet normal -5.489151e-01 8.358781e-01 0.000000e+00
      outer loop
         vertex -3.740322e+01 6.325482e+01 -2.225000e+01
         vertex -3.740322e+01 6.325482e+01 -1.250000e+01
         vertex -3.246152e+01 6.650000e+01 -1.250000e+01
      endloop
   endfacet
   facet normal -5.489151e-01 8.358781e-01 0.000000e+00
      outer loop
         vertex -3.740322e+01 6.325482e+01 -2.225000e+01
         vertex -3.246152e+01 6.650000e+01 -1.250000e+01
         vertex -3.246152e+01 6.650000e+01 -2.225000e+01
      endloop
   endfacet
   facet normal 0.000000e+00 0.000000e+00 1.000000e+00
      outer loop
         vertex -4.208379e+01 -5.964317e+01 -2.225000e+01
         vertex -3.946869e+01 -6.259570e+01 -2.225000e+01
         vertex -3.740322e+01 -6.325482e+01 -2.225000e+01
      endloop
   endfacet
   facet normal 0.000000e+00 0.000000e+00 1.000000e+00
      outer loop
         vertex -3.740322e+01 -6.325482e+01 -2.225000e+01
         vertex -3.946869e+01 -6.259570e+01 -2.225000e+01
         vertex -3.430117e+01 -6.557003e+01 -2.225000e+01
      endloop
   endfacet
   facet normal 0.000000e+00 0.000000e+00 1.000000e+00
      outer loop
         vertex -3.740322e+01 -6.325482e+01 -2.225000e+01
         vertex -3.430117e+01 -6.557003e+01 -2.225000e+01
         vertex -3.246152e+01 -6.650000e+01 -2.225000e+01
      endloop
   endfacet
   facet normal 0.000000e+00 0.000000e+00 1.000000e+00
      outer loop
         vertex -3.246152e+01 6.650000e+01 -2.225000e+01
         vertex -3.440557e+01 6.551532e+01 -2.225000e+01
         vertex -3.740322e+01 6.325482e+01 -2.225000e+01
      endloop
   endfacet
   facet normal 0.000000e+00 -0.000000e+00 1.000000e+00
      outer loop
         vertex -3.740322e+01 6.325482e+01 -2.225000e+01
         vertex -3.440557e+01 6.551532e+01 -2.225000e+01
         vertex -3.956835e+01 6.253275e+01 -2.225000e+01
      endloop
   endfacet
   facet normal 0.000000e+00 0.000000e+00 1.000000e+00
      outer loop
         vertex -3.740322e+01 6.325482e+01 -2.225000e+01
         vertex -3.956835e+01 6.253275e+01 -2.225000e+01
         vertex -4.208379e+01 5.964317e+01 -2.225000e+01
      endloop
   endfacet
   facet normal 0.000000e+00 -0.000000e+00 1.000000e+00
      outer loop
         vertex -4.208379e+01 5.964317e+01 -2.225000e+01
         vertex -3.956835e+01 6.253275e+01 -2.225000e+01
         vertex -4.447426e+01 5.914424e+01 -2.225000e+01
      endloop
   endfacet
   facet normal 0.000000e+00 0.000000e+00 1.000000e+00
      outer loop
         vertex -4.208379e+01 5.964317e+01 -2.225000e+01
         vertex -4.447426e+01 5.914424e+01 -2.225000e+01
         vertex -4.647610e+01 5.568599e+01 -2.225000e+01
      endloop
   endfacet
   facet normal 0.000000e+00 -0.000000e+00 1.000000e+00
      outer loop
         vertex -4.647610e+01 5.568599e+01 -2.225000e+01
         vertex -4.447426e+01 5.914424e+01 -2.225000e+01
         vertex -4.909143e+01 5.537175e+01 -2.225000e+01
      endloop
   endfacet
   facet normal 0.000000e+00 0.000000e+00 1.000000e+00
      outer loop
         vertex -4.647610e+01 5.568599e+01 -2.225000e+01
         vertex -4.909143e+01 5.537175e+01 -2.225000e+01
         vertex -5.055470e+01 5.140619e+01 -2.225000e+01
      endloop
   endfacet
   facet normal 0.000000e+00 -0.000000e+00 1.000000e+00
      outer loop
         vertex -5.055470e+01 5.140619e+01 -2.225000e+01
         vertex -4.909143e+01 5.537175e+01 -2.225000e+01
         vertex -5.338991e+01 5.123980e+01 -2.225000e+01
      endloop
   endfacet
   facet normal 0.000000e+00 0.000000e+00 1.000000e+00
      outer loop
         vertex -5.055470e+01 5.140619e+01 -2.225000e+01
         vertex -5.338991e+01 5.123980e+01 -2.225000e+01
         vertex -5.429597e+01 4.682856e+01 -2.225000e+01
      endloop
   endfacet
   facet normal 0.000000e+00 -0.000000e+00 1.000000e+00
      outer loop
         vertex -5.429597e+01 4.682856e+01 -2.225000e+01
         vertex -5.338991e+01 5.123980e+01 -2.225000e+01
         vertex -5.734179e+01 4.677520e+01 -2.225000e+01
      endloop
   endfacet
   facet normal 0.000000e+00 0.000000e+00 1.000000e+00
      outer loop
         vertex -5.429597e+01 4.682856e+01 -2.225000e+01
         vertex -5.734179e+01 4.677520e+01 -2.225000e+01
         vertex -5.767823e+01 4.197965e+01 -2.225000e+01
      endloop
   endfacet
   facet normal 0.000000e+00 -0.000000e+00 1.000000e+00
      outer loop
         vertex -5.767823e+01 4.197965e+01 -2.225000e+01
         vertex -5.734179e+01 4.677520e+01 -2.225000e+01
         vertex -6.092140e+01 4.200694e+01 -2.225000e+01
      endloop
   endfacet
   facet normal 0.000000e+00 0.000000e+00 1.000000e+00
      outer loop
         vertex -5.767823e+01 4.197965e+01 -2.225000e+01
         vertex -6.092140e+01 4.200694e+01 -2.225000e+01
         vertex -6.068188e+01 3.688752e+01 -2.225000e+01
      endloop
   endfacet
   facet normal 0.000000e+00 0.000000e+00 1.000000e+00
      outer loop
         vertex -6.068188e+01 3.688752e+01 -2.225000e+01
         vertex -6.092140e+01 4.200694e+01 -2.225000e+01
         vertex -6.410552e+01 3.696597e+01 -2.225000e+01
      endloop
   endfacet
   facet normal 0.000000e+00 0.000000e+00 1.000000e+00
      outer loop
         vertex -6.068188e+01 3.688752e+01 -2.225000e+01
         vertex -6.410552e+01 3.696597e+01 -2.225000e+01
         vertex -6.328952e+01 3.158169e+01 -2.225000e+01
      endloop
   endfacet
   facet normal 0.000000e+00 0.000000e+00 1.000000e+00
      outer loop
         vertex -6.328952e+01 3.158169e+01 -2.225000e+01
         vertex -6.410552e+01 3.696597e+01 -2.225000e+01
         vertex -6.687346e+01 3.168502e+01 -2.225000e+01
      endloop
   endfacet
   facet normal 0.000000e+00 0.000000e+00 1.000000e+00
      outer loop
         vertex -6.328952e+01 3.158169e+01 -2.225000e+01
         vertex -6.687346e+01 3.168502e+01 -2.225000e+01
         vertex -6.548606e+01 2.609289e+01 -2.225000e+01
      endloop
   endfacet
   facet normal 0.000000e+00 0.000000e+00 1.000000e+00
      outer loop
         vertex -6.548606e+01 2.609289e+01 -2.225000e+01
         vertex -6.687346e+01 3.168502e+01 -2.225000e+01
         vertex -6.920727e+01 2.619837e+01 -2.225000e+01
      endloop
   endfacet
   facet normal 0.000000e+00 0.000000e+00 1.000000e+00
      outer loop
         vertex -6.548606e+01 2.609289e+01 -2.225000e+01
         vertex -6.920727e+01 2.619837e+01 -2.225000e+01
         vertex -6.725876e+01 2.045292e+01 -2.225000e+01
      endloop
   endfacet
   facet normal 0.000000e+00 0.000000e+00 1.000000e+00
      outer loop
         vertex -6.725876e+01 2.045292e+01 -2.225000e+01
         vertex -6.920727e+01 2.619837e+01 -2.225000e+01
         vertex -7.109178e+01 2.054164e+01 -2.225000e+01
      endloop
   endfacet
   facet normal 0.000000e+00 0.000000e+00 1.000000e+00
      outer loop
         vertex -6.725876e+01 2.045292e+01 -2.225000e+01
         vertex -7.109178e+01 2.054164e+01 -2.225000e+01
         vertex -6.859735e+01 1.469446e+01 -2.225000e+01
      endloop
   endfacet
   facet normal 0.000000e+00 0.000000e+00 1.000000e+00
      outer loop
         vertex -6.859735e+01 1.469446e+01 -2.225000e+01
         vertex -7.109178e+01 2.054164e+01 -2.225000e+01
         vertex -7.251476e+01 1.475156e+01 -2.225000e+01
      endloop
   endfacet
   facet normal 0.000000e+00 0.000000e+00 1.000000e+00
      outer loop
         vertex -6.859735e+01 1.469446e+01 -2.225000e+01
         vertex -7.251476e+01 1.475156e+01 -2.225000e+01
         vertex -6.949407e+01 8.850867e+00 -2.225000e+01
      endloop
   endfacet
   facet normal 0.000000e+00 0.000000e+00 1.000000e+00
      outer loop
         vertex -6.949407e+01 8.850867e+00 -2.225000e+01
         vertex -7.251476e+01 1.475156e+01 -2.225000e+01
         vertex -7.346699e+01 8.865707e+00 -2.225000e+01
      endloop
   endfacet
   facet normal 0.000000e+00 0.000000e+00 1.000000e+00
      outer loop
         vertex -6.949407e+01 8.850867e+00 -2.225000e+01
         vertex -7.346699e+01 8.865707e+00 -2.225000e+01
         vertex -6.994373e+01 2.955998e+00 -2.225000e+01
      endloop
   endfacet
   facet normal 0.000000e+00 0.000000e+00 1.000000e+00
      outer loop
         vertex -6.994373e+01 2.955998e+00 -2.225000e+01
         vertex -7.346699e+01 8.865707e+00 -2.225000e+01
         vertex -7.394227e+01 2.922301e+00 -2.225000e+01
      endloop
   endfacet
   facet normal 0.000000e+00 0.000000e+00 1.000000e+00
      outer loop
         vertex -6.994373e+01 2.955998e+00 -2.225000e+01
         vertex -7.394227e+01 2.922301e+00 -2.225000e+01
         vertex -6.994373e+01 -2.955998e+00 -2.225000e+01
      endloop
   endfacet
   facet normal 0.000000e+00 0.000000e+00 1.000000e+00
      outer loop
         vertex -6.994373e+01 -2.955998e+00 -2.225000e+01
         vertex -7.394227e+01 2.922301e+00 -2.225000e+01
         vertex -7.393753e+01 -3.040076e+00 -2.225000e+01
      endloop
   endfacet
   facet normal 0.000000e+00 0.000000e+00 1.000000e+00
      outer loop
         vertex -6.994373e+01 -2.955998e+00 -2.225000e+01
         vertex -7.393753e+01 -3.040076e+00 -2.225000e+01
         vertex -6.949407e+01 -8.850867e+00 -2.225000e+01
      endloop
   endfacet
   facet normal 0.000000e+00 0.000000e+00 1.000000e+00
      outer loop
         vertex -6.949407e+01 -8.850867e+00 -2.225000e+01
         vertex -7.393753e+01 -3.040076e+00 -2.225000e+01
         vertex -7.345278e+01 -8.982717e+00 -2.225000e+01
      endloop
   endfacet
   facet normal 0.000000e+00 0.000000e+00 1.000000e+00
      outer loop
         vertex -6.949407e+01 -8.850867e+00 -2.225000e+01
         vertex -7.345278e+01 -8.982717e+00 -2.225000e+01
         vertex -6.859735e+01 -1.469446e+01 -2.225000e+01
      endloop
   endfacet
   facet normal 0.000000e+00 0.000000e+00 1.000000e+00
      outer loop
         vertex -6.859735e+01 -1.469446e+01 -2.225000e+01
         vertex -7.345278e+01 -8.982717e+00 -2.225000e+01
         vertex -7.249118e+01 -1.486704e+01 -2.225000e+01
      endloop
   endfacet
   facet normal 0.000000e+00 0.000000e+00 1.000000e+00
      outer loop
         vertex -6.859735e+01 -1.469446e+01 -2.225000e+01
         vertex -7.249118e+01 -1.486704e+01 -2.225000e+01
         vertex -6.725876e+01 -2.045292e+01 -2.225000e+01
      endloop
   endfacet
   facet normal 0.000000e+00 0.000000e+00 1.000000e+00
      outer loop
         vertex -6.725876e+01 -2.045292e+01 -2.225000e+01
         vertex -7.249118e+01 -1.486704e+01 -2.225000e+01
         vertex -7.105897e+01 -2.065485e+01 -2.225000e+01
      endloop
   endfacet
   facet normal 0.000000e+00 0.000000e+00 1.000000e+00
      outer loop
         vertex -6.725876e+01 -2.045292e+01 -2.225000e+01
         vertex -7.105897e+01 -2.065485e+01 -2.225000e+01
         vertex -6.548606e+01 -2.609289e+01 -2.225000e+01
      endloop
   endfacet
   facet normal 0.000000e+00 0.000000e+00 1.000000e+00
      outer loop
         vertex -6.548606e+01 -2.609289e+01 -2.225000e+01
         vertex -7.105897e+01 -2.065485e+01 -2.225000e+01
         vertex -6.916545e+01 -2.630857e+01 -2.225000e+01
      endloop
   endfacet
   facet normal 0.000000e+00 0.000000e+00 1.000000e+00
      outer loop
         vertex -6.548606e+01 -2.609289e+01 -2.225000e+01
         vertex -6.916545e+01 -2.630857e+01 -2.225000e+01
         vertex -6.328952e+01 -3.158169e+01 -2.225000e+01
      endloop
   endfacet
   facet normal 0.000000e+00 0.000000e+00 1.000000e+00
      outer loop
         vertex -6.328952e+01 -3.158169e+01 -2.225000e+01
         vertex -6.916545e+01 -2.630857e+01 -2.225000e+01
         vertex -6.682291e+01 -3.179150e+01 -2.225000e+01
      endloop
   endfacet
   facet normal 0.000000e+00 0.000000e+00 1.000000e+00
      outer loop
         vertex -6.328952e+01 -3.158169e+01 -2.225000e+01
         vertex -6.682291e+01 -3.179150e+01 -2.225000e+01
         vertex -6.068188e+01 -3.688752e+01 -2.225000e+01
      endloop
   endfacet
   facet normal 0.000000e+00 0.000000e+00 1.000000e+00
      outer loop
         vertex -6.068188e+01 -3.688752e+01 -2.225000e+01
         vertex -6.682291e+01 -3.179150e+01 -2.225000e+01
         vertex -6.404655e+01 -3.706803e+01 -2.225000e+01
      endloop
   endfacet
   facet normal 0.000000e+00 0.000000e+00 1.000000e+00
      outer loop
         vertex -6.068188e+01 -3.688752e+01 -2.225000e+01
         vertex -6.404655e+01 -3.706803e+01 -2.225000e+01
         vertex -5.767823e+01 -4.197965e+01 -2.225000e+01
      endloop
   endfacet
   facet normal 0.000000e+00 0.000000e+00 1.000000e+00
      outer loop
         vertex -5.767823e+01 -4.197965e+01 -2.225000e+01
         vertex -6.404655e+01 -3.706803e+01 -2.225000e+01
         vertex -6.085441e+01 -4.210392e+01 -2.225000e+01
      endloop
   endfacet
   facet normal 0.000000e+00 0.000000e+00 1.000000e+00
      outer loop
         vertex -5.767823e+01 -4.197965e+01 -2.225000e+01
         vertex -6.085441e+01 -4.210392e+01 -2.225000e+01
         vertex -5.429597e+01 -4.682856e+01 -2.225000e+01
      endloop
   endfacet
   facet normal 0.000000e+00 0.000000e+00 1.000000e+00
      outer loop
         vertex -5.429597e+01 -4.682856e+01 -2.225000e+01
         vertex -6.085441e+01 -4.210392e+01 -2.225000e+01
         vertex -5.726721e+01 -4.686648e+01 -2.225000e+01
      endloop
   endfacet
   facet normal 0.000000e+00 0.000000e+00 1.000000e+00
      outer loop
         vertex -5.429597e+01 -4.682856e+01 -2.225000e+01
         vertex -5.726721e+01 -4.686648e+01 -2.225000e+01
         vertex -5.055470e+01 -5.140619e+01 -2.225000e+01
      endloop
   endfacet
   facet normal 0.000000e+00 0.000000e+00 1.000000e+00
      outer loop
         vertex -5.055470e+01 -5.140619e+01 -2.225000e+01
         vertex -5.726721e+01 -4.686648e+01 -2.225000e+01
         vertex -5.330823e+01 -5.132478e+01 -2.225000e+01
      endloop
   endfacet
   facet normal 0.000000e+00 0.000000e+00 1.000000e+00
      outer loop
         vertex -5.055470e+01 -5.140619e+01 -2.225000e+01
         vertex -5.330823e+01 -5.132478e+01 -2.225000e+01
         vertex -4.647610e+01 -5.568599e+01 -2.225000e+01
      endloop
   endfacet
   facet normal 0.000000e+00 0.000000e+00 1.000000e+00
      outer loop
         vertex -4.647610e+01 -5.568599e+01 -2.225000e+01
         vertex -5.330823e+01 -5.132478e+01 -2.225000e+01
         vertex -4.900317e+01 -5.544988e+01 -2.225000e+01
      endloop
   endfacet
   facet normal 0.000000e+00 0.000000e+00 1.000000e+00
      outer loop
         vertex -4.647610e+01 -5.568599e+01 -2.225000e+01
         vertex -4.900317e+01 -5.544988e+01 -2.225000e+01
         vertex -4.208379e+01 -5.964317e+01 -2.225000e+01
      endloop
   endfacet
   facet normal 0.000000e+00 0.000000e+00 1.000000e+00
      outer loop
         vertex -4.208379e+01 -5.964317e+01 -2.225000e+01
         vertex -4.900317e+01 -5.544988e+01 -2.225000e+01
         vertex -4.437999e+01 -5.921500e+01 -2.225000e+01
      endloop
   endfacet
   facet normal 0.000000e+00 0.000000e+00 1.000000e+00
      outer loop
         vertex -4.208379e+01 -5.964317e+01 -2.225000e+01
         vertex -4.437999e+01 -5.921500e+01 -2.225000e+01
         vertex -3.946869e+01 -6.259570e+01 -2.225000e+01
      endloop
   endfacet
   facet normal 0.000000e+00 0.000000e+00 -1.000000e+00
      outer loop
         vertex -4.208379e+01 5.964317e+01 -1.250000e+01
         vertex -3.956835e+01 6.253275e+01 -1.250000e+01
         vertex -3.740322e+01 6.325482e+01 -1.250000e+01
      endloop
   endfacet
   facet normal -0.000000e+00 0.000000e+00 -1.000000e+00
      outer loop
         vertex -3.740322e+01 6.325482e+01 -1.250000e+01
         vertex -3.956835e+01 6.253275e+01 -1.250000e+01
         vertex -3.440557e+01 6.551532e+01 -1.250000e+01
      endloop
   endfacet
   facet normal 0.000000e+00 0.000000e+00 -1.000000e+00
      outer loop
         vertex -3.740322e+01 6.325482e+01 -1.250000e+01
         vertex -3.440557e+01 6.551532e+01 -1.250000e+01
         vertex -3.246152e+01 6.650000e+01 -1.250000e+01
      endloop
   endfacet
   facet normal 0.000000e+00 0.000000e+00 -1.000000e+00
      outer loop
         vertex -3.246152e+01 -6.650000e+01 -1.250000e+01
         vertex -3.430117e+01 -6.557003e+01 -1.250000e+01
         vertex -3.740322e+01 -6.325482e+01 -1.250000e+01
      endloop
   endfacet
   facet normal -0.000000e+00 -0.000000e+00 -1.000000e+00
      outer loop
         vertex -3.740322e+01 -6.325482e+01 -1.250000e+01
         vertex -3.430117e+01 -6.557003e+01 -1.250000e+01
         vertex -3.946869e+01 -6.259570e+01 -1.250000e+01
      endloop
   endfacet
   facet normal 0.000000e+00 0.000000e+00 -1.000000e+00
      outer loop
         vertex -3.740322e+01 -6.325482e+01 -1.250000e+01
         vertex -3.946869e+01 -6.259570e+01 -1.250000e+01
         vertex -4.208379e+01 -5.964317e+01 -1.250000e+01
      endloop
   endfacet
   facet normal -0.000000e+00 -0.000000e+00 -1.000000e+00
      outer loop
         vertex -4.208379e+01 -5.964317e+01 -1.250000e+01
         vertex -3.946869e+01 -6.259570e+01 -1.250000e+01
         vertex -4.437999e+01 -5.921500e+01 -1.250000e+01
      endloop
   endfacet
   facet normal 0.000000e+00 0.000000e+00 -1.000000e+00
      outer loop
         vertex -4.208379e+01 -5.964317e+01 -1.250000e+01
         vertex -4.437999e+01 -5.921500e+01 -1.250000e+01
         vertex -4.647610e+01 -5.568599e+01 -1.250000e+01
      endloop
   endfacet
   facet normal -0.000000e+00 -0.000000e+00 -1.000000e+00
      outer loop
         vertex -4.647610e+01 -5.568599e+01 -1.250000e+01
         vertex -4.437999e+01 -5.921500e+01 -1.250000e+01
         vertex -4.900317e+01 -5.544988e+01 -1.250000e+01
      endloop
   endfacet
   facet normal 0.000000e+00 0.000000e+00 -1.000000e+00
      outer loop
         vertex -4.647610e+01 -5.568599e+01 -1.250000e+01
         vertex -4.900317e+01 -5.544988e+01 -1.250000e+01
         vertex -5.055470e+01 -5.140619e+01 -1.250000e+01
      endloop
   endfacet
   facet normal -0.000000e+00 -0.000000e+00 -1.000000e+00
      outer loop
         vertex -5.055470e+01 -5.140619e+01 -1.250000e+01
         vertex -4.900317e+01 -5.544988e+01 -1.250000e+01
         vertex -5.330823e+01 -5.132478e+01 -1.250000e+01
      endloop
   endfacet
   facet normal 0.000000e+00 0.000000e+00 -1.000000e+00
      outer loop
         vertex -5.055470e+01 -5.140619e+01 -1.250000e+01
         vertex -5.330823e+01 -5.132478e+01 -1.250000e+01
         vertex -5.429597e+01 -4.682856e+01 -1.250000e+01
      endloop
   endfacet
   facet normal 0.000000e+00 -0.000000e+00 -1.000000e+00
      outer loop
         vertex -5.429597e+01 -4.682856e+01 -1.250000e+01
         vertex -5.330823e+01 -5.132478e+01 -1.250000e+01
         vertex -5.726721e+01 -4.686648e+01 -1.250000e+01
      endloop
   endfacet
   facet normal -0.000000e+00 0.000000e+00 -1.000000e+00
      outer loop
         vertex -5.429597e+01 -4.682856e+01 -1.250000e+01
         vertex -5.726721e+01 -4.686648e+01 -1.250000e+01
         vertex -5.767823e+01 -4.197965e+01 -1.250000e+01
      endloop
   endfacet
   facet normal 0.000000e+00 -0.000000e+00 -1.000000e+00
      outer loop
         vertex -5.767823e+01 -4.197965e+01 -1.250000e+01
         vertex -5.726721e+01 -4.686648e+01 -1.250000e+01
         vertex -6.085441e+01 -4.210392e+01 -1.250000e+01
      endloop
   endfacet
   facet normal -0.000000e+00 0.000000e+00 -1.000000e+00
      outer loop
         vertex -5.767823e+01 -4.197965e+01 -1.250000e+01
         vertex -6.085441e+01 -4.210392e+01 -1.250000e+01
         vertex -6.068188e+01 -3.688752e+01 -1.250000e+01
      endloop
   endfacet
   facet normal 0.000000e+00 0.000000e+00 -1.000000e+00
      outer loop
         vertex -6.068188e+01 -3.688752e+01 -1.250000e+01
         vertex -6.085441e+01 -4.210392e+01 -1.250000e+01
         vertex -6.404655e+01 -3.706803e+01 -1.250000e+01
      endloop
   endfacet
   facet normal -0.000000e+00 0.000000e+00 -1.000000e+00
      outer loop
         vertex -6.068188e+01 -3.688752e+01 -1.250000e+01
         vertex -6.404655e+01 -3.706803e+01 -1.250000e+01
         vertex -6.328952e+01 -3.158169e+01 -1.250000e+01
      endloop
   endfacet
   facet normal 0.000000e+00 0.000000e+00 -1.000000e+00
      outer loop
         vertex -6.328952e+01 -3.158169e+01 -1.250000e+01
         vertex -6.404655e+01 -3.706803e+01 -1.250000e+01
         vertex -6.682291e+01 -3.179150e+01 -1.250000e+01
      endloop
   endfacet
   facet normal -0.000000e+00 0.000000e+00 -1.000000e+00
      outer loop
         vertex -6.328952e+01 -3.158169e+01 -1.250000e+01
         vertex -6.682291e+01 -3.179150e+01 -1.250000e+01
         vertex -6.548606e+01 -2.609289e+01 -1.250000e+01
      endloop
   endfacet
   facet normal 0.000000e+00 0.000000e+00 -1.000000e+00
      outer loop
         vertex -6.548606e+01 -2.609289e+01 -1.250000e+01
         vertex -6.682291e+01 -3.179150e+01 -1.250000e+01
         vertex -6.916545e+01 -2.630857e+01 -1.250000e+01
      endloop
   endfacet
   facet normal -0.000000e+00 0.000000e+00 -1.000000e+00
      outer loop
         vertex -6.548606e+01 -2.609289e+01 -1.250000e+01
         vertex -6.916545e+01 -2.630857e+01 -1.250000e+01
         vertex -6.725876e+01 -2.045292e+01 -1.250000e+01
      endloop
   endfacet
   facet normal 0.000000e+00 0.000000e+00 -1.000000e+00
      outer loop
         vertex -6.725876e+01 -2.045292e+01 -1.250000e+01
         vertex -6.916545e+01 -2.630857e+01 -1.250000e+01
         vertex -7.105897e+01 -2.065485e+01 -1.250000e+01
      endloop
   endfacet
   facet normal -0.000000e+00 0.000000e+00 -1.000000e+00
      outer loop
         vertex -6.725876e+01 -2.045292e+01 -1.250000e+01
         vertex -7.105897e+01 -2.065485e+01 -1.250000e+01
         vertex -6.859735e+01 -1.469446e+01 -1.250000e+01
      endloop
   endfacet
   facet normal 0.000000e+00 0.000000e+00 -1.000000e+00
      outer loop
         vertex -6.859735e+01 -1.469446e+01 -1.250000e+01
         vertex -7.105897e+01 -2.065485e+01 -1.250000e+01
         vertex -7.249118e+01 -1.486704e+01 -1.250000e+01
      endloop
   endfacet
   facet normal -0.000000e+00 0.000000e+00 -1.000000e+00
      outer loop
         vertex -6.859735e+01 -1.469446e+01 -1.250000e+01
         vertex -7.249118e+01 -1.486704e+01 -1.250000e+01
         vertex -6.949407e+01 -8.850867e+00 -1.250000e+01
      endloop
   endfacet
   facet normal 0.000000e+00 0.000000e+00 -1.000000e+00
      outer loop
         vertex -6.949407e+01 -8.850867e+00 -1.250000e+01
         vertex -7.249118e+01 -1.486704e+01 -1.250000e+01
         vertex -7.345278e+01 -8.982717e+00 -1.250000e+01
      endloop
   endfacet
   facet normal -0.000000e+00 0.000000e+00 -1.000000e+00
      outer loop
         vertex -6.949407e+01 -8.850867e+00 -1.250000e+01
         vertex -7.345278e+01 -8.982717e+00 -1.250000e+01
         vertex -6.994373e+01 -2.955998e+00 -1.250000e+01
      endloop
   endfacet
   facet normal 0.000000e+00 0.000000e+00 -1.000000e+00
      outer loop
         vertex -6.994373e+01 -2.955998e+00 -1.250000e+01
         vertex -7.345278e+01 -8.982717e+00 -1.250000e+01
         vertex -7.393753e+01 -3.040076e+00 -1.250000e+01
      endloop
   endfacet
   facet normal -0.000000e+00 0.000000e+00 -1.000000e+00
      outer loop
         vertex -6.994373e+01 -2.955998e+00 -1.250000e+01
         vertex -7.393753e+01 -3.040076e+00 -1.250000e+01
         vertex -6.994373e+01 2.955998e+00 -1.250000e+01
      endloop
   endfacet
   facet normal 0.000000e+00 0.000000e+00 -1.000000e+00
      outer loop
         vertex -6.994373e+01 2.955998e+00 -1.250000e+01
         vertex -7.393753e+01 -3.040076e+00 -1.250000e+01
         vertex -7.394227e+01 2.922301e+00 -1.250000e+01
      endloop
   endfacet
   facet normal -0.000000e+00 0.000000e+00 -1.000000e+00
      outer loop
         vertex -6.994373e+01 2.955998e+00 -1.250000e+01
         vertex -7.394227e+01 2.922301e+00 -1.250000e+01
         vertex -6.949407e+01 8.850867e+00 -1.250000e+01
      endloop
   endfacet
   facet normal -0.000000e+00 0.000000e+00 -1.000000e+00
      outer loop
         vertex -6.949407e+01 8.850867e+00 -1.250000e+01
         vertex -7.394227e+01 2.922301e+00 -1.250000e+01
         vertex -7.346699e+01 8.865707e+00 -1.250000e+01
      endloop
   endfacet
   facet normal 0.000000e+00 0.000000e+00 -1.000000e+00
      outer loop
         vertex -6.949407e+01 8.850867e+00 -1.250000e+01
         vertex -7.346699e+01 8.865707e+00 -1.250000e+01
         vertex -6.859735e+01 1.469446e+01 -1.250000e+01
      endloop
   endfacet
   facet normal -0.000000e+00 0.000000e+00 -1.000000e+00
      outer loop
         vertex -6.859735e+01 1.469446e+01 -1.250000e+01
         vertex -7.346699e+01 8.865707e+00 -1.250000e+01
         vertex -7.251476e+01 1.475156e+01 -1.250000e+01
      endloop
   endfacet
   facet normal 0.000000e+00 0.000000e+00 -1.000000e+00
      outer loop
         vertex -6.859735e+01 1.469446e+01 -1.250000e+01
         vertex -7.251476e+01 1.475156e+01 -1.250000e+01
         vertex -6.725876e+01 2.045292e+01 -1.250000e+01
      endloop
   endfacet
   facet normal -0.000000e+00 0.000000e+00 -1.000000e+00
      outer loop
         vertex -6.725876e+01 2.045292e+01 -1.250000e+01
         vertex -7.251476e+01 1.475156e+01 -1.250000e+01
         vertex -7.109178e+01 2.054164e+01 -1.250000e+01
      endloop
   endfacet
   facet normal 0.000000e+00 0.000000e+00 -1.000000e+00
      outer loop
         vertex -6.725876e+01 2.045292e+01 -1.250000e+01
         vertex -7.109178e+01 2.054164e+01 -1.250000e+01
         vertex -6.548606e+01 2.609289e+01 -1.250000e+01
      endloop
   endfacet
   facet normal -0.000000e+00 0.000000e+00 -1.000000e+00
      outer loop
         vertex -6.548606e+01 2.609289e+01 -1.250000e+01
         vertex -7.109178e+01 2.054164e+01 -1.250000e+01
         vertex -6.920727e+01 2.619837e+01 -1.250000e+01
      endloop
   endfacet
   facet normal 0.000000e+00 0.000000e+00 -1.000000e+00
      outer loop
         vertex -6.548606e+01 2.609289e+01 -1.250000e+01
         vertex -6.920727e+01 2.619837e+01 -1.250000e+01
         vertex -6.328952e+01 3.158169e+01 -1.250000e+01
      endloop
   endfacet
   facet normal -0.000000e+00 0.000000e+00 -1.000000e+00
      outer loop
         vertex -6.328952e+01 3.158169e+01 -1.250000e+01
         vertex -6.920727e+01 2.619837e+01 -1.250000e+01
         vertex -6.687346e+01 3.168502e+01 -1.250000e+01
      endloop
   endfacet
   facet normal 0.000000e+00 0.000000e+00 -1.000000e+00
      outer loop
         vertex -6.328952e+01 3.158169e+01 -1.250000e+01
         vertex -6.687346e+01 3.168502e+01 -1.250000e+01
         vertex -6.068188e+01 3.688752e+01 -1.250000e+01
      endloop
   endfacet
   facet normal -0.000000e+00 0.000000e+00 -1.000000e+00
      outer loop
         vertex -6.068188e+01 3.688752e+01 -1.250000e+01
         vertex -6.687346e+01 3.168502e+01 -1.250000e+01
         vertex -6.410552e+01 3.696597e+01 -1.250000e+01
      endloop
   endfacet
   facet normal 0.000000e+00 0.000000e+00 -1.000000e+00
      outer loop
         vertex -6.068188e+01 3.688752e+01 -1.250000e+01
         vertex -6.410552e+01 3.696597e+01 -1.250000e+01
         vertex -5.767823e+01 4.197965e+01 -1.250000e+01
      endloop
   endfacet
   facet normal -0.000000e+00 0.000000e+00 -1.000000e+00
      outer loop
         vertex -5.767823e+01 4.197965e+01 -1.250000e+01
         vertex -6.410552e+01 3.696597e+01 -1.250000e+01
         vertex -6.092140e+01 4.200694e+01 -1.250000e+01
      endloop
   endfacet
   facet normal 0.000000e+00 0.000000e+00 -1.000000e+00
      outer loop
         vertex -5.767823e+01 4.197965e+01 -1.250000e+01
         vertex -6.092140e+01 4.200694e+01 -1.250000e+01
         vertex -5.429597e+01 4.682856e+01 -1.250000e+01
      endloop
   endfacet
   facet normal 0.000000e+00 0.000000e+00 -1.000000e+00
      outer loop
         vertex -5.429597e+01 4.682856e+01 -1.250000e+01
         vertex -6.092140e+01 4.200694e+01 -1.250000e+01
         vertex -5.734179e+01 4.677520e+01 -1.250000e+01
      endloop
   endfacet
   facet normal -0.000000e+00 0.000000e+00 -1.000000e+00
      outer loop
         vertex -5.429597e+01 4.682856e+01 -1.250000e+01
         vertex -5.734179e+01 4.677520e+01 -1.250000e+01
         vertex -5.055470e+01 5.140619e+01 -1.250000e+01
      endloop
   endfacet
   facet normal 0.000000e+00 0.000000e+00 -1.000000e+00
      outer loop
         vertex -5.055470e+01 5.140619e+01 -1.250000e+01
         vertex -5.734179e+01 4.677520e+01 -1.250000e+01
         vertex -5.338991e+01 5.123980e+01 -1.250000e+01
      endloop
   endfacet
   facet normal -0.000000e+00 0.000000e+00 -1.000000e+00
      outer loop
         vertex -5.055470e+01 5.140619e+01 -1.250000e+01
         vertex -5.338991e+01 5.123980e+01 -1.250000e+01
         vertex -4.647610e+01 5.568599e+01 -1.250000e+01
      endloop
   endfacet
   facet normal 0.000000e+00 0.000000e+00 -1.000000e+00
      outer loop
         vertex -4.647610e+01 5.568599e+01 -1.250000e+01
         vertex -5.338991e+01 5.123980e+01 -1.250000e+01
         vertex -4.909143e+01 5.537175e+01 -1.250000e+01
      endloop
   endfacet
   facet normal -0.000000e+00 0.000000e+00 -1.000000e+00
      outer loop
         vertex -4.647610e+01 5.568599e+01 -1.250000e+01
         vertex -4.909143e+01 5.537175e+01 -1.250000e+01
         vertex -4.208379e+01 5.964317e+01 -1.250000e+01
      endloop
   endfacet
   facet normal 0.000000e+00 0.000000e+00 -1.000000e+00
      outer loop
         vertex -4.208379e+01 5.964317e+01 -1.250000e+01
         vertex -4.909143e+01 5.537175e+01 -1.250000e+01
         vertex -4.447426e+01 5.914424e+01 -1.250000e+01
      endloop
   endfacet
   facet normal -0.000000e+00 0.000000e+00 -1.000000e+00
      outer loop
         vertex -4.208379e+01 5.964317e+01 -1.250000e+01
         vertex -4.447426e+01 5.914424e+01 -1.250000e+01
         vertex -3.956835e+01 6.253275e+01 -1.250000e+01
      endloop
   endfacet
   facet normal 5.489151e-01 8.358781e-01 -0.000000e+00
      outer loop
         vertex 3.246152e+01 6.650000e+01 -2.225000e+01
         vertex 3.246152e+01 6.650000e+01 -1.250000e+01
         vertex 3.740322e+01 6.325482e+01 -1.250000e+01
      endloop
   endfacet
   facet normal 5.489151e-01 8.358781e-01 0.000000e+00
      outer loop
         vertex 3.246152e+01 6.650000e+01 -2.225000e+01
         vertex 3.740322e+01 6.325482e+01 -1.250000e+01
         vertex 3.740322e+01 6.325482e+01 -2.225000e+01
      endloop
   endfacet
   facet normal 6.109014e-01 7.917067e-01 -0.000000e+00
      outer loop
         vertex 3.740322e+01 6.325482e+01 -2.225000e+01
         vertex 3.740322e+01 6.325482e+01 -1.250000e+01
         vertex 4.208379e+01 5.964317e+01 -1.250000e+01
      endloop
   endfacet
   facet normal 6.109014e-01 7.917067e-01 0.000000e+00
      outer loop
         vertex 3.740322e+01 6.325482e+01 -2.225000e+01
         vertex 4.208379e+01 5.964317e+01 -1.250000e+01
         vertex 4.208379e+01 5.964317e+01 -2.225000e+01
      endloop
   endfacet
   facet normal 6.693487e-01 7.429484e-01 -0.000000e+00
      outer loop
         vertex 4.208379e+01 5.964317e+01 -2.225000e+01
         vertex 4.208379e+01 5.964317e+01 -1.250000e+01
         vertex 4.647610e+01 5.568599e+01 -1.250000e+01
      endloop
   endfacet
   facet normal 6.693487e-01 7.429484e-01 0.000000e+00
      outer loop
         vertex 4.208379e+01 5.964317e+01 -2.225000e+01
         vertex 4.647610e+01 5.568599e+01 -1.250000e+01
         vertex 4.647610e+01 5.568599e+01 -2.225000e+01
      endloop
   endfacet
   facet normal 7.239179e-01 6.898861e-01 -0.000000e+00
      outer loop
         vertex 4.647610e+01 5.568599e+01 -2.225000e+01
         vertex 4.647610e+01 5.568599e+01 -1.250000e+01
         vertex 5.055470e+01 5.140619e+01 -1.250000e+01
      endloop
   endfacet
   facet normal 7.239179e-01 6.898861e-01 0.000000e+00
      outer loop
         vertex 4.647610e+01 5.568599e+01 -2.225000e+01
         vertex 5.055470e+01 5.140619e+01 -1.250000e+01
         vertex 5.055470e+01 5.140619e+01 -2.225000e+01
      endloop
   endfacet
   facet normal 7.742937e-01 6.328265e-01 -0.000000e+00
      outer loop
         vertex 5.055470e+01 5.140619e+01 -2.225000e+01
         vertex 5.055470e+01 5.140619e+01 -1.250000e+01
         vertex 5.429597e+01 4.682856e+01 -1.250000e+01
      endloop
   endfacet
   facet normal 7.742937e-01 6.328265e-01 0.000000e+00
      outer loop
         vertex 5.055470e+01 5.140619e+01 -2.225000e+01
         vertex 5.429597e+01 4.682856e+01 -1.250000e+01
         vertex 5.429597e+01 4.682856e+01 -2.225000e+01
      endloop
   endfacet
   facet normal 8.201830e-01 5.721012e-01 -0.000000e+00
      outer loop
         vertex 5.429597e+01 4.682856e+01 -2.225000e+01
         vertex 5.429597e+01 4.682856e+01 -1.250000e+01
         vertex 5.767823e+01 4.197965e+01 -1.250000e+01
      endloop
   endfacet
   facet normal 8.201830e-01 5.721012e-01 0.000000e+00
      outer loop
         vertex 5.429597e+01 4.682856e+01 -2.225000e+01
         vertex 5.767823e+01 4.197965e+01 -1.250000e+01
         vertex 5.767823e+01 4.197965e+01 -2.225000e+01
      endloop
   endfacet
   facet normal 8.613213e-01 5.080606e-01 -0.000000e+00
      outer loop
         vertex 5.767823e+01 4.197965e+01 -2.225000e+01
         vertex 5.767823e+01 4.197965e+01 -1.250000e+01
         vertex 6.068188e+01 3.688752e+01 -1.250000e+01
      endloop
   endfacet
   facet normal 8.613213e-01 5.080606e-01 0.000000e+00
      outer loop
         vertex 5.767823e+01 4.197965e+01 -2.225000e+01
         vertex 6.068188e+01 3.688752e+01 -1.250000e+01
         vertex 6.068188e+01 3.688752e+01 -2.225000e+01
      endloop
   endfacet
   facet normal 8.974692e-01 4.410770e-01 -0.000000e+00
      outer loop
         vertex 6.068188e+01 3.688752e+01 -2.225000e+01
         vertex 6.068188e+01 3.688752e+01 -1.250000e+01
         vertex 6.328952e+01 3.158169e+01 -1.250000e+01
      endloop
   endfacet
   facet normal 8.974692e-01 4.410770e-01 0.000000e+00
      outer loop
         vertex 6.068188e+01 3.688752e+01 -2.225000e+01
         vertex 6.328952e+01 3.158169e+01 -1.250000e+01
         vertex 6.328952e+01 3.158169e+01 -2.225000e+01
      endloop
   endfacet
   facet normal 9.284174e-01 3.715388e-01 -0.000000e+00
      outer loop
         vertex 6.328952e+01 3.158169e+01 -2.225000e+01
         vertex 6.328952e+01 3.158169e+01 -1.250000e+01
         vertex 6.548606e+01 2.609289e+01 -1.250000e+01
      endloop
   endfacet
   facet normal 9.284174e-01 3.715388e-01 0.000000e+00
      outer loop
         vertex 6.328952e+01 3.158169e+01 -2.225000e+01
         vertex 6.548606e+01 2.609289e+01 -1.250000e+01
         vertex 6.548606e+01 2.609289e+01 -2.225000e+01
      endloop
   endfacet
   facet normal 9.539869e-01 2.998482e-01 -0.000000e+00
      outer loop
         vertex 6.548606e+01 2.609289e+01 -2.225000e+01
         vertex 6.548606e+01 2.609289e+01 -1.250000e+01
         vertex 6.725876e+01 2.045292e+01 -1.250000e+01
      endloop
   endfacet
   facet normal 9.539869e-01 2.998482e-01 0.000000e+00
      outer loop
         vertex 6.548606e+01 2.609289e+01 -2.225000e+01
         vertex 6.725876e+01 2.045292e+01 -1.250000e+01
         vertex 6.725876e+01 2.045292e+01 -2.225000e+01
      endloop
   endfacet
   facet normal 9.740301e-01 2.264187e-01 -0.000000e+00
      outer loop
         vertex 6.725876e+01 2.045292e+01 -2.225000e+01
         vertex 6.725876e+01 2.045292e+01 -1.250000e+01
         vertex 6.859735e+01 1.469446e+01 -1.250000e+01
      endloop
   endfacet
   facet normal 9.740301e-01 2.264187e-01 0.000000e+00
      outer loop
         vertex 6.725876e+01 2.045292e+01 -2.225000e+01
         vertex 6.859735e+01 1.469446e+01 -1.250000e+01
         vertex 6.859735e+01 1.469446e+01 -2.225000e+01
      endloop
   endfacet
   facet normal 9.884299e-01 1.516784e-01 -0.000000e+00
      outer loop
         vertex 6.859735e+01 1.469446e+01 -2.225000e+01
         vertex 6.859735e+01 1.469446e+01 -1.250000e+01
         vertex 6.949407e+01 8.850867e+00 -1.250000e+01
      endloop
   endfacet
   facet normal 9.884299e-01 1.516784e-01 0.000000e+00
      outer loop
         vertex 6.859735e+01 1.469446e+01 -2.225000e+01
         vertex 6.949407e+01 8.850867e+00 -1.250000e+01
         vertex 6.949407e+01 8.850867e+00 -2.225000e+01
      endloop
   endfacet
   facet normal 9.971033e-01 7.605976e-02 -0.000000e+00
      outer loop
         vertex 6.949407e+01 8.850867e+00 -2.225000e+01
         vertex 6.949407e+01 8.850867e+00 -1.250000e+01
         vertex 6.994373e+01 2.955998e+00 -1.250000e+01
      endloop
   endfacet
   facet normal 9.971033e-01 7.605976e-02 0.000000e+00
      outer loop
         vertex 6.949407e+01 8.850867e+00 -2.225000e+01
         vertex 6.994373e+01 2.955998e+00 -1.250000e+01
         vertex 6.994373e+01 2.955998e+00 -2.225000e+01
      endloop
   endfacet
   facet normal 1.000000e+00 0.000000e+00 -0.000000e+00
      outer loop
         vertex 6.994373e+01 2.955998e+00 -2.225000e+01
         vertex 6.994373e+01 2.955998e+00 -1.250000e+01
         vertex 6.994373e+01 -2.955998e+00 -1.250000e+01
      endloop
   endfacet
   facet normal 1.000000e+00 0.000000e+00 0.000000e+00
      outer loop
         vertex 6.994373e+01 2.955998e+00 -2.225000e+01
         vertex 6.994373e+01 -2.955998e+00 -1.250000e+01
         vertex 6.994373e+01 -2.955998e+00 -2.225000e+01
      endloop
   endfacet
   facet normal 9.971033e-01 -7.605976e-02 0.000000e+00
      outer loop
         vertex 6.994373e+01 -2.955998e+00 -2.225000e+01
         vertex 6.994373e+01 -2.955998e+00 -1.250000e+01
         vertex 6.949407e+01 -8.850867e+00 -1.250000e+01
      endloop
   endfacet
   facet normal 9.971033e-01 -7.605976e-02 0.000000e+00
      outer loop
         vertex 6.994373e+01 -2.955998e+00 -2.225000e+01
         vertex 6.949407e+01 -8.850867e+00 -1.250000e+01
         vertex 6.949407e+01 -8.850867e+00 -2.225000e+01
      endloop
   endfacet
   facet normal 9.884299e-01 -1.516784e-01 0.000000e+00
      outer loop
         vertex 6.949407e+01 -8.850867e+00 -2.225000e+01
         vertex 6.949407e+01 -8.850867e+00 -1.250000e+01
         vertex 6.859735e+01 -1.469446e+01 -1.250000e+01
      endloop
   endfacet
   facet normal 9.884299e-01 -1.516784e-01 0.000000e+00
      outer loop
         vertex 6.949407e+01 -8.850867e+00 -2.225000e+01
         vertex 6.859735e+01 -1.469446e+01 -1.250000e+01
         vertex 6.859735e+01 -1.469446e+01 -2.225000e+01
      endloop
   endfacet
   facet normal 9.740301e-01 -2.264187e-01 0.000000e+00
      outer loop
         vertex 6.859735e+01 -1.469446e+01 -2.225000e+01
         vertex 6.859735e+01 -1.469446e+01 -1.250000e+01
         vertex 6.725876e+01 -2.045292e+01 -1.250000e+01
      endloop
   endfacet
   facet normal 9.740301e-01 -2.264187e-01 0.000000e+00
      outer loop
         vertex 6.859735e+01 -1.469446e+01 -2.225000e+01
         vertex 6.725876e+01 -2.045292e+01 -1.250000e+01
         vertex 6.725876e+01 -2.045292e+01 -2.225000e+01
      endloop
   endfacet
   facet normal 9.539869e-01 -2.998482e-01 0.000000e+00
      outer loop
         vertex 6.725876e+01 -2.045292e+01 -2.225000e+01
         vertex 6.725876e+01 -2.045292e+01 -1.250000e+01
         vertex 6.548606e+01 -2.609289e+01 -1.250000e+01
      endloop
   endfacet
   facet normal 9.539869e-01 -2.998482e-01 0.000000e+00
      outer loop
         vertex 6.725876e+01 -2.045292e+01 -2.225000e+01
         vertex 6.548606e+01 -2.609289e+01 -1.250000e+01
         vertex 6.548606e+01 -2.609289e+01 -2.225000e+01
      endloop
   endfacet
   facet normal 9.284174e-01 -3.715388e-01 0.000000e+00
      outer loop
         vertex 6.548606e+01 -2.609289e+01 -2.225000e+01
         vertex 6.548606e+01 -2.609289e+01 -1.250000e+01
         vertex 6.328952e+01 -3.158169e+01 -1.250000e+01
      endloop
   endfacet
   facet normal 9.284174e-01 -3.715388e-01 0.000000e+00
      outer loop
         vertex 6.548606e+01 -2.609289e+01 -2.225000e+01
         vertex 6.328952e+01 -3.158169e+01 -1.250000e+01
         vertex 6.328952e+01 -3.158169e+01 -2.225000e+01
      endloop
   endfacet
   facet normal 8.974692e-01 -4.410770e-01 0.000000e+00
      outer loop
         vertex 6.328952e+01 -3.158169e+01 -2.225000e+01
         vertex 6.328952e+01 -3.158169e+01 -1.250000e+01
         vertex 6.068188e+01 -3.688752e+01 -1.250000e+01
      endloop
   endfacet
   facet normal 8.974692e-01 -4.410770e-01 0.000000e+00
      outer loop
         vertex 6.328952e+01 -3.158169e+01 -2.225000e+01
         vertex 6.068188e+01 -3.688752e+01 -1.250000e+01
         vertex 6.068188e+01 -3.688752e+01 -2.225000e+01
      endloop
   endfacet
   facet normal 8.613213e-01 -5.080606e-01 0.000000e+00
      outer loop
         vertex 6.068188e+01 -3.688752e+01 -2.225000e+01
         vertex 6.068188e+01 -3.688752e+01 -1.250000e+01
         vertex 5.767823e+01 -4.197965e+01 -1.250000e+01
      endloop
   endfacet
   facet normal 8.613213e-01 -5.080606e-01 0.000000e+00
      outer loop
         vertex 6.068188e+01 -3.688752e+01 -2.225000e+01
         vertex 5.767823e+01 -4.197965e+01 -1.250000e+01
         vertex 5.767823e+01 -4.197965e+01 -2.225000e+01
      endloop
   endfacet
   facet normal 8.201830e-01 -5.721012e-01 0.000000e+00
      outer loop
         vertex 5.767823e+01 -4.197965e+01 -2.225000e+01
         vertex 5.767823e+01 -4.197965e+01 -1.250000e+01
         vertex 5.429597e+01 -4.682856e+01 -1.250000e+01
      endloop
   endfacet
   facet normal 8.201830e-01 -5.721012e-01 0.000000e+00
      outer loop
         vertex 5.767823e+01 -4.197965e+01 -2.225000e+01
         vertex 5.429597e+01 -4.682856e+01 -1.250000e+01
         vertex 5.429597e+01 -4.682856e+01 -2.225000e+01
      endloop
   endfacet
   facet normal 7.742937e-01 -6.328265e-01 0.000000e+00
      outer loop
         vertex 5.429597e+01 -4.682856e+01 -2.225000e+01
         vertex 5.429597e+01 -4.682856e+01 -1.250000e+01
         vertex 5.055470e+01 -5.140619e+01 -1.250000e+01
      endloop
   endfacet
   facet normal 7.742937e-01 -6.328265e-01 0.000000e+00
      outer loop
         vertex 5.429597e+01 -4.682856e+01 -2.225000e+01
         vertex 5.055470e+01 -5.140619e+01 -1.250000e+01
         vertex 5.055470e+01 -5.140619e+01 -2.225000e+01
      endloop
   endfacet
   facet normal 7.239179e-01 -6.898861e-01 0.000000e+00
      outer loop
         vertex 5.055470e+01 -5.140619e+01 -2.225000e+01
         vertex 5.055470e+01 -5.140619e+01 -1.250000e+01
         vertex 4.647610e+01 -5.568599e+01 -1.250000e+01
      endloop
   endfacet
   facet normal 7.239179e-01 -6.898861e-01 0.000000e+00
      outer loop
         vertex 5.055470e+01 -5.140619e+01 -2.225000e+01
         vertex 4.647610e+01 -5.568599e+01 -1.250000e+01
         vertex 4.647610e+01 -5.568599e+01 -2.225000e+01
      endloop
   endfacet
   facet normal 6.693487e-01 -7.429484e-01 0.000000e+00
      outer loop
         vertex 4.647610e+01 -5.568599e+01 -2.225000e+01
         vertex 4.647610e+01 -5.568599e+01 -1.250000e+01
         vertex 4.208379e+01 -5.964317e+01 -1.250000e+01
      endloop
   endfacet
   facet normal 6.693487e-01 -7.429484e-01 0.000000e+00
      outer loop
         vertex 4.647610e+01 -5.568599e+01 -2.225000e+01
         vertex 4.208379e+01 -5.964317e+01 -1.250000e+01
         vertex 4.208379e+01 -5.964317e+01 -2.225000e+01
      endloop
   endfacet
   facet normal 6.109014e-01 -7.917067e-01 0.000000e+00
      outer loop
         vertex 4.208379e+01 -5.964317e+01 -2.225000e+01
         vertex 4.208379e+01 -5.964317e+01 -1.250000e+01
         vertex 3.740322e+01 -6.325482e+01 -1.250000e+01
      endloop
   endfacet
   facet normal 6.109014e-01 -7.917067e-01 0.000000e+00
      outer loop
         vertex 4.208379e+01 -5.964317e+01 -2.225000e+01
         vertex 3.740322e+01 -6.325482e+01 -1.250000e+01
         vertex 3.740322e+01 -6.325482e+01 -2.225000e+01
      endloop
   endfacet
   facet normal 5.489151e-01 -8.358781e-01 0.000000e+00
      outer loop
         vertex 3.740322e+01 -6.325482e+01 -2.225000e+01
         vertex 3.740322e+01 -6.325482e+01 -1.250000e+01
         vertex 3.246152e+01 -6.650000e+01 -1.250000e+01
      endloop
   endfacet
   facet normal 5.489151e-01 -8.358781e-01 0.000000e+00
      outer loop
         vertex 3.740322e+01 -6.325482e+01 -2.225000e+01
         vertex 3.246152e+01 -6.650000e+01 -1.250000e+01
         vertex 3.246152e+01 -6.650000e+01 -2.225000e+01
      endloop
   endfacet
   facet normal 0.000000e+00 0.000000e+00 1.000000e+00
      outer loop
         vertex 4.208379e+01 5.964317e+01 -2.225000e+01
         vertex 3.956835e+01 6.253275e+01 -2.225000e+01
         vertex 3.740322e+01 6.325482e+01 -2.225000e+01
      endloop
   endfacet
   facet normal -0.000000e+00 -0.000000e+00 1.000000e+00
      outer loop
         vertex 3.740322e+01 6.325482e+01 -2.225000e+01
         vertex 3.956835e+01 6.253275e+01 -2.225000e+01
         vertex 3.440557e+01 6.551532e+01 -2.225000e+01
      endloop
   endfacet
   facet normal 0.000000e+00 0.000000e+00 1.000000e+00
      outer loop
         vertex 3.740322e+01 6.325482e+01 -2.225000e+01
         vertex 3.440557e+01 6.551532e+01 -2.225000e+01
         vertex 3.246152e+01 6.650000e+01 -2.225000e+01
      endloop
   endfacet
   facet normal 0.000000e+00 0.000000e+00 1.000000e+00
      outer loop
         vertex 3.246152e+01 -6.650000e+01 -2.225000e+01
         vertex 3.430117e+01 -6.557003e+01 -2.225000e+01
         vertex 3.740322e+01 -6.325482e+01 -2.225000e+01
      endloop
   endfacet
   facet normal -0.000000e+00 0.000000e+00 1.000000e+00
      outer loop
         vertex 3.740322e+01 -6.325482e+01 -2.225000e+01
         vertex 3.430117e+01 -6.557003e+01 -2.225000e+01
         vertex 3.946869e+01 -6.259570e+01 -2.225000e+01
      endloop
   endfacet
   facet normal 0.000000e+00 0.000000e+00 1.000000e+00
      outer loop
         vertex 3.740322e+01 -6.325482e+01 -2.225000e+01
         vertex 3.946869e+01 -6.259570e+01 -2.225000e+01
         vertex 4.208379e+01 -5.964317e+01 -2.225000e+01
      endloop
   endfacet
   facet normal -0.000000e+00 0.000000e+00 1.000000e+00
      outer loop
         vertex 4.208379e+01 -5.964317e+01 -2.225000e+01
         vertex 3.946869e+01 -6.259570e+01 -2.225000e+01
         vertex 4.437999e+01 -5.921500e+01 -2.225000e+01
      endloop
   endfacet
   facet normal 0.000000e+00 0.000000e+00 1.000000e+00
      outer loop
         vertex 4.208379e+01 -5.964317e+01 -2.225000e+01
         vertex 4.437999e+01 -5.921500e+01 -2.225000e+01
         vertex 4.647610e+01 -5.568599e+01 -2.225000e+01
      endloop
   endfacet
   facet normal -0.000000e+00 0.000000e+00 1.000000e+00
      outer loop
         vertex 4.647610e+01 -5.568599e+01 -2.225000e+01
         vertex 4.437999e+01 -5.921500e+01 -2.225000e+01
         vertex 4.900317e+01 -5.544988e+01 -2.225000e+01
      endloop
   endfacet
   facet normal 0.000000e+00 0.000000e+00 1.000000e+00
      outer loop
         vertex 4.647610e+01 -5.568599e+01 -2.225000e+01
         vertex 4.900317e+01 -5.544988e+01 -2.225000e+01
         vertex 5.055470e+01 -5.140619e+01 -2.225000e+01
      endloop
   endfacet
   facet normal -0.000000e+00 0.000000e+00 1.000000e+00
      outer loop
         vertex 5.055470e+01 -5.140619e+01 -2.225000e+01
         vertex 4.900317e+01 -5.544988e+01 -2.225000e+01
         vertex 5.330823e+01 -5.132478e+01 -2.225000e+01
      endloop
   endfacet
   facet normal 0.000000e+00 0.000000e+00 1.000000e+00
      outer loop
         vertex 5.055470e+01 -5.140619e+01 -2.225000e+01
         vertex 5.330823e+01 -5.132478e+01 -2.225000e+01
         vertex 5.429597e+01 -4.682856e+01 -2.225000e+01
      endloop
   endfacet
   facet normal 0.000000e+00 0.000000e+00 1.000000e+00
      outer loop
         vertex 5.429597e+01 -4.682856e+01 -2.225000e+01
         vertex 5.330823e+01 -5.132478e+01 -2.225000e+01
         vertex 5.726721e+01 -4.686648e+01 -2.225000e+01
      endloop
   endfacet
   facet normal -0.000000e+00 0.000000e+00 1.000000e+00
      outer loop
         vertex 5.429597e+01 -4.682856e+01 -2.225000e+01
         vertex 5.726721e+01 -4.686648e+01 -2.225000e+01
         vertex 5.767823e+01 -4.197965e+01 -2.225000e+01
      endloop
   endfacet
   facet normal 0.000000e+00 0.000000e+00 1.000000e+00
      outer loop
         vertex 5.767823e+01 -4.197965e+01 -2.225000e+01
         vertex 5.726721e+01 -4.686648e+01 -2.225000e+01
         vertex 6.085441e+01 -4.210392e+01 -2.225000e+01
      endloop
   endfacet
   facet normal -0.000000e+00 0.000000e+00 1.000000e+00
      outer loop
         vertex 5.767823e+01 -4.197965e+01 -2.225000e+01
         vertex 6.085441e+01 -4.210392e+01 -2.225000e+01
         vertex 6.068188e+01 -3.688752e+01 -2.225000e+01
      endloop
   endfacet
   facet normal 0.000000e+00 0.000000e+00 1.000000e+00
      outer loop
         vertex 6.068188e+01 -3.688752e+01 -2.225000e+01
         vertex 6.085441e+01 -4.210392e+01 -2.225000e+01
         vertex 6.404655e+01 -3.706803e+01 -2.225000e+01
      endloop
   endfacet
   facet normal -0.000000e+00 0.000000e+00 1.000000e+00
      outer loop
         vertex 6.068188e+01 -3.688752e+01 -2.225000e+01
         vertex 6.404655e+01 -3.706803e+01 -2.225000e+01
         vertex 6.328952e+01 -3.158169e+01 -2.225000e+01
      endloop
   endfacet
   facet normal 0.000000e+00 0.000000e+00 1.000000e+00
      outer loop
         vertex 6.328952e+01 -3.158169e+01 -2.225000e+01
         vertex 6.404655e+01 -3.706803e+01 -2.225000e+01
         vertex 6.682291e+01 -3.179150e+01 -2.225000e+01
      endloop
   endfacet
   facet normal -0.000000e+00 0.000000e+00 1.000000e+00
      outer loop
         vertex 6.328952e+01 -3.158169e+01 -2.225000e+01
         vertex 6.682291e+01 -3.179150e+01 -2.225000e+01
         vertex 6.548606e+01 -2.609289e+01 -2.225000e+01
      endloop
   endfacet
   facet normal 0.000000e+00 0.000000e+00 1.000000e+00
      outer loop
         vertex 6.548606e+01 -2.609289e+01 -2.225000e+01
         vertex 6.682291e+01 -3.179150e+01 -2.225000e+01
         vertex 6.916545e+01 -2.630857e+01 -2.225000e+01
      endloop
   endfacet
   facet normal -0.000000e+00 0.000000e+00 1.000000e+00
      outer loop
         vertex 6.548606e+01 -2.609289e+01 -2.225000e+01
         vertex 6.916545e+01 -2.630857e+01 -2.225000e+01
         vertex 6.725876e+01 -2.045292e+01 -2.225000e+01
      endloop
   endfacet
   facet normal 0.000000e+00 0.000000e+00 1.000000e+00
      outer loop
         vertex 6.725876e+01 -2.045292e+01 -2.225000e+01
         vertex 6.916545e+01 -2.630857e+01 -2.225000e+01
         vertex 7.105897e+01 -2.065485e+01 -2.225000e+01
      endloop
   endfacet
   facet normal -0.000000e+00 0.000000e+00 1.000000e+00
      outer loop
         vertex 6.725876e+01 -2.045292e+01 -2.225000e+01
         vertex 7.105897e+01 -2.065485e+01 -2.225000e+01
         vertex 6.859735e+01 -1.469446e+01 -2.225000e+01
      endloop
   endfacet
   facet normal 0.000000e+00 0.000000e+00 1.000000e+00
      outer loop
         vertex 6.859735e+01 -1.469446e+01 -2.225000e+01
         vertex 7.105897e+01 -2.065485e+01 -2.225000e+01
         vertex 7.249118e+01 -1.486704e+01 -2.225000e+01
      endloop
   endfacet
   facet normal -0.000000e+00 0.000000e+00 1.000000e+00
      outer loop
         vertex 6.859735e+01 -1.469446e+01 -2.225000e+01
         vertex 7.249118e+01 -1.486704e+01 -2.225000e+01
         vertex 6.949407e+01 -8.850867e+00 -2.225000e+01
      endloop
   endfacet
   facet normal 0.000000e+00 0.000000e+00 1.000000e+00
      outer loop
         vertex 6.949407e+01 -8.850867e+00 -2.225000e+01
         vertex 7.249118e+01 -1.486704e+01 -2.225000e+01
         vertex 7.345278e+01 -8.982717e+00 -2.225000e+01
      endloop
   endfacet
   facet normal -0.000000e+00 0.000000e+00 1.000000e+00
      outer loop
         vertex 6.949407e+01 -8.850867e+00 -2.225000e+01
         vertex 7.345278e+01 -8.982717e+00 -2.225000e+01
         vertex 6.994373e+01 -2.955998e+00 -2.225000e+01
      endloop
   endfacet
   facet normal 0.000000e+00 0.000000e+00 1.000000e+00
      outer loop
         vertex 6.994373e+01 -2.955998e+00 -2.225000e+01
         vertex 7.345278e+01 -8.982717e+00 -2.225000e+01
         vertex 7.393753e+01 -3.040076e+00 -2.225000e+01
      endloop
   endfacet
   facet normal -0.000000e+00 0.000000e+00 1.000000e+00
      outer loop
         vertex 6.994373e+01 -2.955998e+00 -2.225000e+01
         vertex 7.393753e+01 -3.040076e+00 -2.225000e+01
         vertex 6.994373e+01 2.955998e+00 -2.225000e+01
      endloop
   endfacet
   facet normal 0.000000e+00 0.000000e+00 1.000000e+00
      outer loop
         vertex 6.994373e+01 2.955998e+00 -2.225000e+01
         vertex 7.393753e+01 -3.040076e+00 -2.225000e+01
         vertex 7.394227e+01 2.922301e+00 -2.225000e+01
      endloop
   endfacet
   facet normal -0.000000e+00 -0.000000e+00 1.000000e+00
      outer loop
         vertex 6.994373e+01 2.955998e+00 -2.225000e+01
         vertex 7.394227e+01 2.922301e+00 -2.225000e+01
         vertex 6.949407e+01 8.850867e+00 -2.225000e+01
      endloop
   endfacet
   facet normal -0.000000e+00 0.000000e+00 1.000000e+00
      outer loop
         vertex 6.949407e+01 8.850867e+00 -2.225000e+01
         vertex 7.394227e+01 2.922301e+00 -2.225000e+01
         vertex 7.346699e+01 8.865707e+00 -2.225000e+01
      endloop
   endfacet
   facet normal 0.000000e+00 -0.000000e+00 1.000000e+00
      outer loop
         vertex 6.949407e+01 8.850867e+00 -2.225000e+01
         vertex 7.346699e+01 8.865707e+00 -2.225000e+01
         vertex 6.859735e+01 1.469446e+01 -2.225000e+01
      endloop
   endfacet
   facet normal -0.000000e+00 0.000000e+00 1.000000e+00
      outer loop
         vertex 6.859735e+01 1.469446e+01 -2.225000e+01
         vertex 7.346699e+01 8.865707e+00 -2.225000e+01
         vertex 7.251476e+01 1.475156e+01 -2.225000e+01
      endloop
   endfacet
   facet normal 0.000000e+00 -0.000000e+00 1.000000e+00
      outer loop
         vertex 6.859735e+01 1.469446e+01 -2.225000e+01
         vertex 7.251476e+01 1.475156e+01 -2.225000e+01
         vertex 6.725876e+01 2.045292e+01 -2.225000e+01
      endloop
   endfacet
   facet normal -0.000000e+00 0.000000e+00 1.000000e+00
      outer loop
         vertex 6.725876e+01 2.045292e+01 -2.225000e+01
         vertex 7.251476e+01 1.475156e+01 -2.225000e+01
         vertex 7.109178e+01 2.054164e+01 -2.225000e+01
      endloop
   endfacet
   facet normal 0.000000e+00 -0.000000e+00 1.000000e+00
      outer loop
         vertex 6.725876e+01 2.045292e+01 -2.225000e+01
         vertex 7.109178e+01 2.054164e+01 -2.225000e+01
         vertex 6.548606e+01 2.609289e+01 -2.225000e+01
      endloop
   endfacet
   facet normal -0.000000e+00 0.000000e+00 1.000000e+00
      outer loop
         vertex 6.548606e+01 2.609289e+01 -2.225000e+01
         vertex 7.109178e+01 2.054164e+01 -2.225000e+01
         vertex 6.920727e+01 2.619837e+01 -2.225000e+01
      endloop
   endfacet
   facet normal 0.000000e+00 -0.000000e+00 1.000000e+00
      outer loop
         vertex 6.548606e+01 2.609289e+01 -2.225000e+01
         vertex 6.920727e+01 2.619837e+01 -2.225000e+01
         vertex 6.328952e+01 3.158169e+01 -2.225000e+01
      endloop
   endfacet
   facet normal -0.000000e+00 0.000000e+00 1.000000e+00
      outer loop
         vertex 6.328952e+01 3.158169e+01 -2.225000e+01
         vertex 6.920727e+01 2.619837e+01 -2.225000e+01
         vertex 6.687346e+01 3.168502e+01 -2.225000e+01
      endloop
   endfacet
   facet normal 0.000000e+00 -0.000000e+00 1.000000e+00
      outer loop
         vertex 6.328952e+01 3.158169e+01 -2.225000e+01
         vertex 6.687346e+01 3.168502e+01 -2.225000e+01
         vertex 6.068188e+01 3.688752e+01 -2.225000e+01
      endloop
   endfacet
   facet normal -0.000000e+00 0.000000e+00 1.000000e+00
      outer loop
         vertex 6.068188e+01 3.688752e+01 -2.225000e+01
         vertex 6.687346e+01 3.168502e+01 -2.225000e+01
         vertex 6.410552e+01 3.696597e+01 -2.225000e+01
      endloop
   endfacet
   facet normal 0.000000e+00 -0.000000e+00 1.000000e+00
      outer loop
         vertex 6.068188e+01 3.688752e+01 -2.225000e+01
         vertex 6.410552e+01 3.696597e+01 -2.225000e+01
         vertex 5.767823e+01 4.197965e+01 -2.225000e+01
      endloop
   endfacet
   facet normal -0.000000e+00 0.000000e+00 1.000000e+00
      outer loop
         vertex 5.767823e+01 4.197965e+01 -2.225000e+01
         vertex 6.410552e+01 3.696597e+01 -2.225000e+01
         vertex 6.092140e+01 4.200694e+01 -2.225000e+01
      endloop
   endfacet
   facet normal 0.000000e+00 -0.000000e+00 1.000000e+00
      outer loop
         vertex 5.767823e+01 4.197965e+01 -2.225000e+01
         vertex 6.092140e+01 4.200694e+01 -2.225000e+01
         vertex 5.429597e+01 4.682856e+01 -2.225000e+01
      endloop
   endfacet
   facet normal 0.000000e+00 0.000000e+00 1.000000e+00
      outer loop
         vertex 5.429597e+01 4.682856e+01 -2.225000e+01
         vertex 6.092140e+01 4.200694e+01 -2.225000e+01
         vertex 5.734179e+01 4.677520e+01 -2.225000e+01
      endloop
   endfacet
   facet normal -0.000000e+00 -0.000000e+00 1.000000e+00
      outer loop
         vertex 5.429597e+01 4.682856e+01 -2.225000e+01
         vertex 5.734179e+01 4.677520e+01 -2.225000e+01
         vertex 5.055470e+01 5.140619e+01 -2.225000e+01
      endloop
   endfacet
   facet normal 0.000000e+00 0.000000e+00 1.000000e+00
      outer loop
         vertex 5.055470e+01 5.140619e+01 -2.225000e+01
         vertex 5.734179e+01 4.677520e+01 -2.225000e+01
         vertex 5.338991e+01 5.123980e+01 -2.225000e+01
      endloop
   endfacet
   facet normal -0.000000e+00 -0.000000e+00 1.000000e+00
      outer loop
         vertex 5.055470e+01 5.140619e+01 -2.225000e+01
         vertex 5.338991e+01 5.123980e+01 -2.225000e+01
         vertex 4.647610e+01 5.568599e+01 -2.225000e+01
      endloop
   endfacet
   facet normal 0.000000e+00 0.000000e+00 1.000000e+00
      outer loop
         vertex 4.647610e+01 5.568599e+01 -2.225000e+01
         vertex 5.338991e+01 5.123980e+01 -2.225000e+01
         vertex 4.909143e+01 5.537175e+01 -2.225000e+01
      endloop
   endfacet
   facet normal -0.000000e+00 -0.000000e+00 1.000000e+00
      outer loop
         vertex 4.647610e+01 5.568599e+01 -2.225000e+01
         vertex 4.909143e+01 5.537175e+01 -2.225000e+01
         vertex 4.208379e+01 5.964317e+01 -2.225000e+01
      endloop
   endfacet
   facet normal 0.000000e+00 0.000000e+00 1.000000e+00
      outer loop
         vertex 4.208379e+01 5.964317e+01 -2.225000e+01
         vertex 4.909143e+01 5.537175e+01 -2.225000e+01
         vertex 4.447426e+01 5.914424e+01 -2.225000e+01
      endloop
   endfacet
   facet normal -0.000000e+00 -0.000000e+00 1.000000e+00
      outer loop
         vertex 4.208379e+01 5.964317e+01 -2.225000e+01
         vertex 4.447426e+01 5.914424e+01 -2.225000e+01
         vertex 3.956835e+01 6.253275e+01 -2.225000e+01
      endloop
   endfacet
   facet normal 0.000000e+00 0.000000e+00 -1.000000e+00
      outer loop
         vertex 4.208379e+01 -5.964317e+01 -1.250000e+01
         vertex 3.946869e+01 -6.259570e+01 -1.250000e+01
         vertex 3.740322e+01 -6.325482e+01 -1.250000e+01
      endloop
   endfacet
   facet normal 0.000000e+00 -0.000000e+00 -1.000000e+00
      outer loop
         vertex 3.740322e+01 -6.325482e+01 -1.250000e+01
         vertex 3.946869e+01 -6.259570e+01 -1.250000e+01
         vertex 3.430117e+01 -6.557003e+01 -1.250000e+01
      endloop
   endfacet
   facet normal 0.000000e+00 0.000000e+00 -1.000000e+00
      outer loop
         vertex 3.740322e+01 -6.325482e+01 -1.250000e+01
         vertex 3.430117e+01 -6.557003e+01 -1.250000e+01
         vertex 3.246152e+01 -6.650000e+01 -1.250000e+01
      endloop
   endfacet
   facet normal 0.000000e+00 0.000000e+00 -1.000000e+00
      outer loop
         vertex 3.246152e+01 6.650000e+01 -1.250000e+01
         vertex 3.440557e+01 6.551532e+01 -1.250000e+01
         vertex 3.740322e+01 6.325482e+01 -1.250000e+01
      endloop
   endfacet
   facet normal 0.000000e+00 0.000000e+00 -1.000000e+00
      outer loop
         vertex 3.740322e+01 6.325482e+01 -1.250000e+01
         vertex 3.440557e+01 6.551532e+01 -1.250000e+01
         vertex 3.956835e+01 6.253275e+01 -1.250000e+01
      endloop
   endfacet
   facet normal 0.000000e+00 0.000000e+00 -1.000000e+00
      outer loop
         vertex 3.740322e+01 6.325482e+01 -1.250000e+01
         vertex 3.956835e+01 6.253275e+01 -1.250000e+01
         vertex 4.208379e+01 5.964317e+01 -1.250000e+01
      endloop
   endfacet
   facet normal 0.000000e+00 0.000000e+00 -1.000000e+00
      outer loop
         vertex 4.208379e+01 5.964317e+01 -1.250000e+01
         vertex 3.956835e+01 6.253275e+01 -1.250000e+01
         vertex 4.447426e+01 5.914424e+01 -1.250000e+01
      endloop
   endfacet
   facet normal 0.000000e+00 0.000000e+00 -1.000000e+00
      outer loop
         vertex 4.208379e+01 5.964317e+01 -1.250000e+01
         vertex 4.447426e+01 5.914424e+01 -1.250000e+01
         vertex 4.647610e+01 5.568599e+01 -1.250000e+01
      endloop
   endfacet
   facet normal 0.000000e+00 0.000000e+00 -1.000000e+00
      outer loop
         vertex 4.647610e+01 5.568599e+01 -1.250000e+01
         vertex 4.447426e+01 5.914424e+01 -1.250000e+01
         vertex 4.909143e+01 5.537175e+01 -1.250000e+01
      endloop
   endfacet
   facet normal 0.000000e+00 0.000000e+00 -1.000000e+00
      outer loop
         vertex 4.647610e+01 5.568599e+01 -1.250000e+01
         vertex 4.909143e+01 5.537175e+01 -1.250000e+01
         vertex 5.055470e+01 5.140619e+01 -1.250000e+01
      endloop
   endfacet
   facet normal 0.000000e+00 0.000000e+00 -1.000000e+00
      outer loop
         vertex 5.055470e+01 5.140619e+01 -1.250000e+01
         vertex 4.909143e+01 5.537175e+01 -1.250000e+01
         vertex 5.338991e+01 5.123980e+01 -1.250000e+01
      endloop
   endfacet
   facet normal 0.000000e+00 0.000000e+00 -1.000000e+00
      outer loop
         vertex 5.055470e+01 5.140619e+01 -1.250000e+01
         vertex 5.338991e+01 5.123980e+01 -1.250000e+01
         vertex 5.429597e+01 4.682856e+01 -1.250000e+01
      endloop
   endfacet
   facet normal 0.000000e+00 0.000000e+00 -1.000000e+00
      outer loop
         vertex 5.429597e+01 4.682856e+01 -1.250000e+01
         vertex 5.338991e+01 5.123980e+01 -1.250000e+01
         vertex 5.734179e+01 4.677520e+01 -1.250000e+01
      endloop
   endfacet
   facet normal 0.000000e+00 0.000000e+00 -1.000000e+00
      outer loop
         vertex 5.429597e+01 4.682856e+01 -1.250000e+01
         vertex 5.734179e+01 4.677520e+01 -1.250000e+01
         vertex 5.767823e+01 4.197965e+01 -1.250000e+01
      endloop
   endfacet
   facet normal 0.000000e+00 0.000000e+00 -1.000000e+00
      outer loop
         vertex 5.767823e+01 4.197965e+01 -1.250000e+01
         vertex 5.734179e+01 4.677520e+01 -1.250000e+01
         vertex 6.092140e+01 4.200694e+01 -1.250000e+01
      endloop
   endfacet
   facet normal 0.000000e+00 0.000000e+00 -1.000000e+00
      outer loop
         vertex 5.767823e+01 4.197965e+01 -1.250000e+01
         vertex 6.092140e+01 4.200694e+01 -1.250000e+01
         vertex 6.068188e+01 3.688752e+01 -1.250000e+01
      endloop
   endfacet
   facet normal 0.000000e+00 0.000000e+00 -1.000000e+00
      outer loop
         vertex 6.068188e+01 3.688752e+01 -1.250000e+01
         vertex 6.092140e+01 4.200694e+01 -1.250000e+01
         vertex 6.410552e+01 3.696597e+01 -1.250000e+01
      endloop
   endfacet
   facet normal 0.000000e+00 0.000000e+00 -1.000000e+00
      outer loop
         vertex 6.068188e+01 3.688752e+01 -1.250000e+01
         vertex 6.410552e+01 3.696597e+01 -1.250000e+01
         vertex 6.328952e+01 3.158169e+01 -1.250000e+01
      endloop
   endfacet
   facet normal 0.000000e+00 0.000000e+00 -1.000000e+00
      outer loop
         vertex 6.328952e+01 3.158169e+01 -1.250000e+01
         vertex 6.410552e+01 3.696597e+01 -1.250000e+01
         vertex 6.687346e+01 3.168502e+01 -1.250000e+01
      endloop
   endfacet
   facet normal 0.000000e+00 0.000000e+00 -1.000000e+00
      outer loop
         vertex 6.328952e+01 3.158169e+01 -1.250000e+01
         vertex 6.687346e+01 3.168502e+01 -1.250000e+01
         vertex 6.548606e+01 2.609289e+01 -1.250000e+01
      endloop
   endfacet
   facet normal 0.000000e+00 0.000000e+00 -1.000000e+00
      outer loop
         vertex 6.548606e+01 2.609289e+01 -1.250000e+01
         vertex 6.687346e+01 3.168502e+01 -1.250000e+01
         vertex 6.920727e+01 2.619837e+01 -1.250000e+01
      endloop
   endfacet
   facet normal 0.000000e+00 0.000000e+00 -1.000000e+00
      outer loop
         vertex 6.548606e+01 2.609289e+01 -1.250000e+01
         vertex 6.920727e+01 2.619837e+01 -1.250000e+01
         vertex 6.725876e+01 2.045292e+01 -1.250000e+01
      endloop
   endfacet
   facet normal 0.000000e+00 0.000000e+00 -1.000000e+00
      outer loop
         vertex 6.725876e+01 2.045292e+01 -1.250000e+01
         vertex 6.920727e+01 2.619837e+01 -1.250000e+01
         vertex 7.109178e+01 2.054164e+01 -1.250000e+01
      endloop
   endfacet
   facet normal 0.000000e+00 0.000000e+00 -1.000000e+00
      outer loop
         vertex 6.725876e+01 2.045292e+01 -1.250000e+01
         vertex 7.109178e+01 2.054164e+01 -1.250000e+01
         vertex 6.859735e+01 1.469446e+01 -1.250000e+01
      endloop
   endfacet
   facet normal 0.000000e+00 0.000000e+00 -1.000000e+00
      outer loop
         vertex 6.859735e+01 1.469446e+01 -1.250000e+01
         vertex 7.109178e+01 2.054164e+01 -1.250000e+01
         vertex 7.251476e+01 1.475156e+01 -1.250000e+01
      endloop
   endfacet
   facet normal 0.000000e+00 0.000000e+00 -1.000000e+00
      outer loop
         vertex 6.859735e+01 1.469446e+01 -1.250000e+01
         vertex 7.251476e+01 1.475156e+01 -1.250000e+01
         vertex 6.949407e+01 8.850867e+00 -1.250000e+01
      endloop
   endfacet
   facet normal 0.000000e+00 0.000000e+00 -1.000000e+00
      outer loop
         vertex 6.949407e+01 8.850867e+00 -1.250000e+01
         vertex 7.251476e+01 1.475156e+01 -1.250000e+01
         vertex 7.346699e+01 8.865707e+00 -1.250000e+01
      endloop
   endfacet
   facet normal 0.000000e+00 0.000000e+00 -1.000000e+00
      outer loop
         vertex 6.949407e+01 8.850867e+00 -1.250000e+01
         vertex 7.346699e+01 8.865707e+00 -1.250000e+01
         vertex 6.994373e+01 2.955998e+00 -1.250000e+01
      endloop
   endfacet
   facet normal 0.000000e+00 0.000000e+00 -1.000000e+00
      outer loop
         vertex 6.994373e+01 2.955998e+00 -1.250000e+01
         vertex 7.346699e+01 8.865707e+00 -1.250000e+01
         vertex 7.394227e+01 2.922301e+00 -1.250000e+01
      endloop
   endfacet
   facet normal 0.000000e+00 0.000000e+00 -1.000000e+00
      outer loop
         vertex 6.994373e+01 2.955998e+00 -1.250000e+01
         vertex 7.394227e+01 2.922301e+00 -1.250000e+01
         vertex 6.994373e+01 -2.955998e+00 -1.250000e+01
      endloop
   endfacet
   facet normal 0.000000e+00 0.000000e+00 -1.000000e+00
      outer loop
         vertex 6.994373e+01 -2.955998e+00 -1.250000e+01
         vertex 7.394227e+01 2.922301e+00 -1.250000e+01
         vertex 7.393753e+01 -3.040076e+00 -1.250000e+01
      endloop
   endfacet
   facet normal 0.000000e+00 -0.000000e+00 -1.000000e+00
      outer loop
         vertex 6.994373e+01 -2.955998e+00 -1.250000e+01
         vertex 7.393753e+01 -3.040076e+00 -1.250000e+01
         vertex 6.949407e+01 -8.850867e+00 -1.250000e+01
      endloop
   endfacet
   facet normal 0.000000e+00 0.000000e+00 -1.000000e+00
      outer loop
         vertex 6.949407e+01 -8.850867e+00 -1.250000e+01
         vertex 7.393753e+01 -3.040076e+00 -1.250000e+01
         vertex 7.345278e+01 -8.982717e+00 -1.250000e+01
      endloop
   endfacet
   facet normal 0.000000e+00 -0.000000e+00 -1.000000e+00
      outer loop
         vertex 6.949407e+01 -8.850867e+00 -1.250000e+01
         vertex 7.345278e+01 -8.982717e+00 -1.250000e+01
         vertex 6.859735e+01 -1.469446e+01 -1.250000e+01
      endloop
   endfacet
   facet normal 0.000000e+00 0.000000e+00 -1.000000e+00
      outer loop
         vertex 6.859735e+01 -1.469446e+01 -1.250000e+01
         vertex 7.345278e+01 -8.982717e+00 -1.250000e+01
         vertex 7.249118e+01 -1.486704e+01 -1.250000e+01
      endloop
   endfacet
   facet normal 0.000000e+00 -0.000000e+00 -1.000000e+00
      outer loop
         vertex 6.859735e+01 -1.469446e+01 -1.250000e+01
         vertex 7.249118e+01 -1.486704e+01 -1.250000e+01
         vertex 6.725876e+01 -2.045292e+01 -1.250000e+01
      endloop
   endfacet
   facet normal 0.000000e+00 0.000000e+00 -1.000000e+00
      outer loop
         vertex 6.725876e+01 -2.045292e+01 -1.250000e+01
         vertex 7.249118e+01 -1.486704e+01 -1.250000e+01
         vertex 7.105897e+01 -2.065485e+01 -1.250000e+01
      endloop
   endfacet
   facet normal 0.000000e+00 -0.000000e+00 -1.000000e+00
      outer loop
         vertex 6.725876e+01 -2.045292e+01 -1.250000e+01
         vertex 7.105897e+01 -2.065485e+01 -1.250000e+01
         vertex 6.548606e+01 -2.609289e+01 -1.250000e+01
      endloop
   endfacet
   facet normal 0.000000e+00 0.000000e+00 -1.000000e+00
      outer loop
         vertex 6.548606e+01 -2.609289e+01 -1.250000e+01
         vertex 7.105897e+01 -2.065485e+01 -1.250000e+01
         vertex 6.916545e+01 -2.630857e+01 -1.250000e+01
      endloop
   endfacet
   facet normal 0.000000e+00 -0.000000e+00 -1.000000e+00
      outer loop
         vertex 6.548606e+01 -2.609289e+01 -1.250000e+01
         vertex 6.916545e+01 -2.630857e+01 -1.250000e+01
         vertex 6.328952e+01 -3.158169e+01 -1.250000e+01
      endloop
   endfacet
   facet normal 0.000000e+00 0.000000e+00 -1.000000e+00
      outer loop
         vertex 6.328952e+01 -3.158169e+01 -1.250000e+01
         vertex 6.916545e+01 -2.630857e+01 -1.250000e+01
         vertex 6.682291e+01 -3.179150e+01 -1.250000e+01
      endloop
   endfacet
   facet normal 0.000000e+00 -0.000000e+00 -1.000000e+00
      outer loop
         vertex 6.328952e+01 -3.158169e+01 -1.250000e+01
         vertex 6.682291e+01 -3.179150e+01 -1.250000e+01
         vertex 6.068188e+01 -3.688752e+01 -1.250000e+01
      endloop
   endfacet
   facet normal 0.000000e+00 0.000000e+00 -1.000000e+00
      outer loop
         vertex 6.068188e+01 -3.688752e+01 -1.250000e+01
         vertex 6.682291e+01 -3.179150e+01 -1.250000e+01
         vertex 6.404655e+01 -3.706803e+01 -1.250000e+01
      endloop
   endfacet
   facet normal 0.000000e+00 -0.000000e+00 -1.000000e+00
      outer loop
         vertex 6.068188e+01 -3.688752e+01 -1.250000e+01
         vertex 6.404655e+01 -3.706803e+01 -1.250000e+01
         vertex 5.767823e+01 -4.197965e+01 -1.250000e+01
      endloop
   endfacet
   facet normal 0.000000e+00 0.000000e+00 -1.000000e+00
      outer loop
         vertex 5.767823e+01 -4.197965e+01 -1.250000e+01
         vertex 6.404655e+01 -3.706803e+01 -1.250000e+01
         vertex 6.085441e+01 -4.210392e+01 -1.250000e+01
      endloop
   endfacet
   facet normal 0.000000e+00 -0.000000e+00 -1.000000e+00
      outer loop
         vertex 5.767823e+01 -4.197965e+01 -1.250000e+01
         vertex 6.085441e+01 -4.210392e+01 -1.250000e+01
         vertex 5.429597e+01 -4.682856e+01 -1.250000e+01
      endloop
   endfacet
   facet normal 0.000000e+00 0.000000e+00 -1.000000e+00
      outer loop
         vertex 5.429597e+01 -4.682856e+01 -1.250000e+01
         vertex 6.085441e+01 -4.210392e+01 -1.250000e+01
         vertex 5.726721e+01 -4.686648e+01 -1.250000e+01
      endloop
   endfacet
   facet normal 0.000000e+00 -0.000000e+00 -1.000000e+00
      outer loop
         vertex 5.429597e+01 -4.682856e+01 -1.250000e+01
         vertex 5.726721e+01 -4.686648e+01 -1.250000e+01
         vertex 5.055470e+01 -5.140619e+01 -1.250000e+01
      endloop
   endfacet
   facet normal 0.000000e+00 0.000000e+00 -1.000000e+00
      outer loop
         vertex 5.055470e+01 -5.140619e+01 -1.250000e+01
         vertex 5.726721e+01 -4.686648e+01 -1.250000e+01
         vertex 5.330823e+01 -5.132478e+01 -1.250000e+01
      endloop
   endfacet
   facet normal 0.000000e+00 -0.000000e+00 -1.000000e+00
      outer loop
         vertex 5.055470e+01 -5.140619e+01 -1.250000e+01
         vertex 5.330823e+01 -5.132478e+01 -1.250000e+01
         vertex 4.647610e+01 -5.568599e+01 -1.250000e+01
      endloop
   endfacet
   facet normal 0.000000e+00 0.000000e+00 -1.000000e+00
      outer loop
         vertex 4.647610e+01 -5.568599e+01 -1.250000e+01
         vertex 5.330823e+01 -5.132478e+01 -1.250000e+01
         vertex 4.900317e+01 -5.544988e+01 -1.250000e+01
      endloop
   endfacet
   facet normal 0.000000e+00 -0.000000e+00 -1.000000e+00
      outer loop
         vertex 4.647610e+01 -5.568599e+01 -1.250000e+01
         vertex 4.900317e+01 -5.544988e+01 -1.250000e+01
         vertex 4.208379e+01 -5.964317e+01 -1.250000e+01
      endloop
   endfacet
   facet normal 0.000000e+00 0.000000e+00 -1.000000e+00
      outer loop
         vertex 4.208379e+01 -5.964317e+01 -1.250000e+01
         vertex 4.900317e+01 -5.544988e+01 -1.250000e+01
         vertex 4.437999e+01 -5.921500e+01 -1.250000e+01
      endloop
   endfacet
   facet normal 0.000000e+00 -0.000000e+00 -1.000000e+00
      outer loop
         vertex 4.208379e+01 -5.964317e+01 -1.250000e+01
         vertex 4.437999e+01 -5.921500e+01 -1.250000e+01
         vertex 3.946869e+01 -6.259570e+01 -1.250000e+01
      endloop
   endfacet
   facet normal 7.624807e-07 -7.131541e-01 7.010073e-01
      outer loop
         vertex 2.970915e+00 -7.372249e+01 -2.959768e+01
         vertex 5.744234e+00 -7.364126e+01 -2.951504e+01
         vertex -3.246152e+01 -6.650000e+01 -2.225000e+01
      endloop
   endfacet
   facet normal -1.388784e-06 -7.131590e-01 7.010024e-01
      outer loop
         vertex -2.891096e+01 -6.811869e+01 -2.389675e+01
         vertex -2.614324e+01 -6.922811e+01 -2.502540e+01
         vertex -5.744234e+00 -7.364126e+01 -2.951504e+01
      endloop
   endfacet
   facet normal 3.640381e-08 -7.131561e-01 7.010052e-01
      outer loop
         vertex 2.333307e+01 -7.022512e+01 -2.603969e+01
         vertex 2.614324e+01 -6.922811e+01 -2.502540e+01
         vertex -3.246152e+01 -6.650000e+01 -2.225000e+01
      endloop
   endfacet
   facet normal -6.299372e-08 -7.131572e-01 7.010042e-01
      outer loop
         vertex -3.246152e+01 -6.650000e+01 -2.225000e+01
         vertex 2.614324e+01 -6.922811e+01 -2.502540e+01
         vertex 2.891096e+01 -6.811869e+01 -2.389675e+01
      endloop
   endfacet
   facet normal 0.000000e+00 -7.131560e-01 7.010054e-01
      outer loop
         vertex -3.246152e+01 -6.650000e+01 -2.225000e+01
         vertex 2.891096e+01 -6.811869e+01 -2.389675e+01
         vertex 3.246152e+01 -6.650000e+01 -2.225000e+01
      endloop
   endfacet
   facet normal -4.153100e-07 -7.131569e-01 7.010044e-01
      outer loop
         vertex 2.970915e+00 -7.372249e+01 -2.959768e+01
         vertex -3.246152e+01 -6.650000e+01 -2.225000e+01
         vertex 5.551115e-14 -7.375215e+01 -2.962785e+01
      endloop
   endfacet
   facet normal 9.213320e-08 -7.131559e-01 7.010055e-01
      outer loop
         vertex -2.891096e+01 -6.811869e+01 -2.389675e+01
         vertex -5.744234e+00 -7.364126e+01 -2.951504e+01
         vertex -3.246152e+01 -6.650000e+01 -2.225000e+01
      endloop
   endfacet
   facet normal -9.904842e-07 -7.131579e-01 7.010034e-01
      outer loop
         vertex -3.246152e+01 -6.650000e+01 -2.225000e+01
         vertex -5.744234e+00 -7.364126e+01 -2.951504e+01
         vertex -2.970915e+00 -7.372249e+01 -2.959768e+01
      endloop
   endfacet
   facet normal 4.541667e-07 -7.131550e-01 7.010064e-01
      outer loop
         vertex -3.246152e+01 -6.650000e+01 -2.225000e+01
         vertex -2.970915e+00 -7.372249e+01 -2.959768e+01
         vertex 5.551115e-14 -7.375215e+01 -2.962785e+01
      endloop
   endfacet
   facet normal -5.852053e-08 -7.131564e-01 7.010050e-01
      outer loop
         vertex 1.469380e+01 -7.252649e+01 -2.838095e+01
         vertex 1.760370e+01 -7.187565e+01 -2.771883e+01
         vertex -3.246152e+01 -6.650000e+01 -2.225000e+01
      endloop
   endfacet
   facet normal -1.854396e-07 -7.131570e-01 7.010044e-01
      outer loop
         vertex -3.246152e+01 -6.650000e+01 -2.225000e+01
         vertex 1.760370e+01 -7.187565e+01 -2.771883e+01
         vertex 2.048501e+01 -7.110812e+01 -2.693799e+01
      endloop
   endfacet
   facet normal 2.784459e-07 -7.131543e-01 7.010070e-01
      outer loop
         vertex -3.246152e+01 -6.650000e+01 -2.225000e+01
         vertex 2.048501e+01 -7.110812e+01 -2.693799e+01
         vertex 2.333307e+01 -7.022512e+01 -2.603969e+01
      endloop
   endfacet
   facet normal -3.103112e-07 -7.131565e-01 7.010049e-01
      outer loop
         vertex -2.614324e+01 -6.922811e+01 -2.502540e+01
         vertex -2.333307e+01 -7.022512e+01 -2.603969e+01
         vertex -5.744234e+00 -7.364126e+01 -2.951504e+01
      endloop
   endfacet
   facet normal 1.922597e-06 -7.131509e-01 7.010106e-01
      outer loop
         vertex -5.744234e+00 -7.364126e+01 -2.951504e+01
         vertex -2.333307e+01 -7.022512e+01 -2.603969e+01
         vertex -2.048501e+01 -7.110812e+01 -2.693799e+01
      endloop
   endfacet
   facet normal -9.382011e-07 -7.131590e-01 7.010023e-01
      outer loop
         vertex -5.744234e+00 -7.364126e+01 -2.951504e+01
         vertex -2.048501e+01 -7.110812e+01 -2.693799e+01
         vertex -1.760370e+01 -7.187565e+01 -2.771883e+01
      endloop
   endfacet
   facet normal -5.179678e-07 -7.131576e-01 7.010037e-01
      outer loop
         vertex -1.760370e+01 -7.187565e+01 -2.771883e+01
         vertex -1.469380e+01 -7.252649e+01 -2.838095e+01
         vertex -5.744234e+00 -7.364126e+01 -2.951504e+01
      endloop
   endfacet
   facet normal 3.414262e-07 -7.131543e-01 7.010071e-01
      outer loop
         vertex -5.744234e+00 -7.364126e+01 -2.951504e+01
         vertex -1.469380e+01 -7.252649e+01 -2.838095e+01
         vertex -1.176004e+01 -7.305957e+01 -2.892327e+01
      endloop
   endfacet
   facet normal -1.212789e-06 -7.131622e-01 7.009991e-01
      outer loop
         vertex -5.744234e+00 -7.364126e+01 -2.951504e+01
         vertex -1.176004e+01 -7.305957e+01 -2.892327e+01
         vertex -8.514554e+00 -7.350852e+01 -2.938000e+01
      endloop
   endfacet
   facet normal 4.929633e-07 -7.131548e-01 7.010066e-01
      outer loop
         vertex 5.744234e+00 -7.364126e+01 -2.951504e+01
         vertex 8.514554e+00 -7.350852e+01 -2.938000e+01
         vertex -3.246152e+01 -6.650000e+01 -2.225000e+01
      endloop
   endfacet
   facet normal -2.579337e-07 -7.131569e-01 7.010044e-01
      outer loop
         vertex -3.246152e+01 -6.650000e+01 -2.225000e+01
         vertex 8.514554e+00 -7.350852e+01 -2.938000e+01
         vertex 1.176004e+01 -7.305957e+01 -2.892327e+01
      endloop
   endfacet
   facet normal 1.489320e-07 -7.131556e-01 7.010058e-01
      outer loop
         vertex -3.246152e+01 -6.650000e+01 -2.225000e+01
         vertex 1.176004e+01 -7.305957e+01 -2.892327e+01
         vertex 1.469380e+01 -7.252649e+01 -2.838095e+01
      endloop
   endfacet
   facet normal 0.000000e+00 -1.000000e+00 0.000000e+00
      outer loop
         vertex -3.246152e+01 -6.650000e+01 -2.225000e+01
         vertex 3.246152e+01 -6.650000e+01 -2.225000e+01
         vertex -3.246152e+01 -6.650000e+01 -1.250000e+01
      endloop
   endfacet
   facet normal 0.000000e+00 -1.000000e+00 0.000000e+00
      outer loop
         vertex -3.246152e+01 -6.650000e+01 -1.250000e+01
         vertex 3.246152e+01 -6.650000e+01 -2.225000e+01
         vertex 3.246152e+01 -6.650000e+01 -1.250000e+01
      endloop
   endfacet
   facet normal 0.000000e+00 -1.000000e+00 0.000000e+00
      outer loop
         vertex 2.851055e+01 -6.650000e+01 -1.353999e+00
         vertex 2.487469e+01 -6.650000e+01 3.469447e-15
         vertex 1.012500e+01 -6.650000e+01 0.000000e+00
      endloop
   endfacet
   facet normal -0.000000e+00 -1.000000e+00 -0.000000e+00
      outer loop
         vertex 3.246152e+01 -6.650000e+01 -3.000000e+00
         vertex 2.851055e+01 -6.650000e+01 -1.353999e+00
         vertex 3.246152e+01 -6.650000e+01 -1.250000e+01
      endloop
   endfacet
   facet normal 0.000000e+00 -1.000000e+00 0.000000e+00
      outer loop
         vertex 3.246152e+01 -6.650000e+01 -1.250000e+01
         vertex 2.851055e+01 -6.650000e+01 -1.353999e+00
         vertex 1.012500e+01 -6.650000e+01 0.000000e+00
      endloop
   endfacet
   facet normal 0.000000e+00 -1.000000e+00 0.000000e+00
      outer loop
         vertex 3.246152e+01 -6.650000e+01 -1.250000e+01
         vertex 1.012500e+01 -6.650000e+01 0.000000e+00
         vertex -3.246152e+01 -6.650000e+01 -1.250000e+01
      endloop
   endfacet
   facet normal 0.000000e+00 -1.000000e+00 0.000000e+00
      outer loop
         vertex -3.246152e+01 -6.650000e+01 -1.250000e+01
         vertex 1.012500e+01 -6.650000e+01 0.000000e+00
         vertex -5.125000e+00 -6.650000e+01 0.000000e+00
      endloop
   endfacet
   facet normal -0.000000e+00 -1.000000e+00 0.000000e+00
      outer loop
         vertex -5.125000e+00 -6.650000e+01 0.000000e+00
         vertex -2.487469e+01 -6.650000e+01 0.000000e+00
         vertex -3.246152e+01 -6.650000e+01 -1.250000e+01
      endloop
   endfacet
   facet normal 0.000000e+00 -1.000000e+00 0.000000e+00
      outer loop
         vertex -3.246152e+01 -6.650000e+01 -1.250000e+01
         vertex -2.487469e+01 -6.650000e+01 0.000000e+00
         vertex -2.851055e+01 -6.650000e+01 -1.353999e+00
      endloop
   endfacet
   facet normal 0.000000e+00 -1.000000e+00 0.000000e+00
      outer loop
         vertex -3.246152e+01 -6.650000e+01 -1.250000e+01
         vertex -2.851055e+01 -6.650000e+01 -1.353999e+00
         vertex -3.246152e+01 -6.650000e+01 -3.000000e+00
      endloop
   endfacet
   facet normal -6.819560e-02 -6.979434e-01 -7.128986e-01
      outer loop
         vertex -8.514554e+00 -7.350852e+01 -2.938000e+01
         vertex -8.859446e+00 -7.296410e+01 -2.988000e+01
         vertex -5.744234e+00 -7.364126e+01 -2.951504e+01
      endloop
   endfacet
   facet normal -5.247201e-02 -6.499870e-01 -7.581317e-01
      outer loop
         vertex -5.744234e+00 -7.364126e+01 -2.951504e+01
         vertex -8.859446e+00 -7.296410e+01 -2.988000e+01
         vertex -2.959547e+00 -7.344039e+01 -2.988000e+01
      endloop
   endfacet
   facet normal -4.174206e-02 -7.059293e-01 -7.070512e-01
      outer loop
         vertex -5.744234e+00 -7.364126e+01 -2.951504e+01
         vertex -2.959547e+00 -7.344039e+01 -2.988000e+01
         vertex -2.970915e+00 -7.372249e+01 -2.959768e+01
      endloop
   endfacet
   facet normal -1.424046e-02 -7.070283e-01 -7.070419e-01
      outer loop
         vertex -2.970915e+00 -7.372249e+01 -2.959768e+01
         vertex -2.959547e+00 -7.344039e+01 -2.988000e+01
         vertex 5.195702e-14 -7.375215e+01 -2.962785e+01
      endloop
   endfacet
   facet normal 0.000000e+00 -6.288506e-01 -7.775262e-01
      outer loop
         vertex 5.195702e-14 -7.375215e+01 -2.962785e+01
         vertex -2.959547e+00 -7.344039e+01 -2.988000e+01
         vertex 2.959547e+00 -7.344039e+01 -2.988000e+01
      endloop
   endfacet
   facet normal 1.424046e-02 -7.070283e-01 -7.070419e-01
      outer loop
         vertex 5.195702e-14 -7.375215e+01 -2.962785e+01
         vertex 2.959547e+00 -7.344039e+01 -2.988000e+01
         vertex 2.970915e+00 -7.372249e+01 -2.959768e+01
      endloop
   endfacet
   facet normal 4.174206e-02 -7.059293e-01 -7.070512e-01
      outer loop
         vertex 2.970915e+00 -7.372249e+01 -2.959768e+01
         vertex 2.959547e+00 -7.344039e+01 -2.988000e+01
         vertex 5.744234e+00 -7.364126e+01 -2.951504e+01
      endloop
   endfacet
   facet normal 5.247201e-02 -6.499870e-01 -7.581317e-01
      outer loop
         vertex 5.744234e+00 -7.364126e+01 -2.951504e+01
         vertex 2.959547e+00 -7.344039e+01 -2.988000e+01
         vertex 8.859446e+00 -7.296410e+01 -2.988000e+01
      endloop
   endfacet
   facet normal 6.819560e-02 -6.979434e-01 -7.128986e-01
      outer loop
         vertex 5.744234e+00 -7.364126e+01 -2.951504e+01
         vertex 8.859446e+00 -7.296410e+01 -2.988000e+01
         vertex 8.514554e+00 -7.350852e+01 -2.938000e+01
      endloop
   endfacet
   facet normal 6.657515e-01 -2.682873e-02 -7.456910e-01
      outer loop
         vertex 7.393753e+01 -3.040076e+00 -2.938000e+01
         vertex 7.326166e+01 -5.914293e+00 -2.988000e+01
         vertex 7.350000e+01 0.000000e+00 -2.988000e+01
      endloop
   endfacet
   facet normal 6.528321e-01 -1.332767e-01 -7.456860e-01
      outer loop
         vertex 7.249118e+01 -1.486704e+01 -2.938000e+01
         vertex 7.136422e+01 -1.758970e+01 -2.988000e+01
         vertex 7.254820e+01 -1.179023e+01 -2.988000e+01
      endloop
   endfacet
   facet normal 7.058699e-01 -4.298693e-02 -7.070359e-01
      outer loop
         vertex 7.393753e+01 -3.040076e+00 -2.938000e+01
         vertex 7.376004e+01 -5.954526e+00 -2.938000e+01
         vertex 7.326166e+01 -5.914293e+00 -2.988000e+01
      endloop
   endfacet
   facet normal 7.035710e-01 -7.138935e-02 -7.070300e-01
      outer loop
         vertex 7.326166e+01 -5.914293e+00 -2.988000e+01
         vertex 7.376004e+01 -5.954526e+00 -2.938000e+01
         vertex 7.345278e+01 -8.982717e+00 -2.938000e+01
      endloop
   endfacet
   facet normal 6.614372e-01 -8.031299e-02 -7.456881e-01
      outer loop
         vertex 7.326166e+01 -5.914293e+00 -2.988000e+01
         vertex 7.345278e+01 -8.982717e+00 -2.938000e+01
         vertex 7.254820e+01 -1.179023e+01 -2.988000e+01
      endloop
   endfacet
   facet normal 7.001178e-01 -9.965920e-02 -7.070383e-01
      outer loop
         vertex 7.254820e+01 -1.179023e+01 -2.988000e+01
         vertex 7.345278e+01 -8.982717e+00 -2.938000e+01
         vertex 7.304172e+01 -1.187043e+01 -2.938000e+01
      endloop
   endfacet
   facet normal 6.955403e-01 -1.277867e-01 -7.070320e-01
      outer loop
         vertex 7.254820e+01 -1.179023e+01 -2.988000e+01
         vertex 7.304172e+01 -1.187043e+01 -2.938000e+01
         vertex 7.249118e+01 -1.486704e+01 -2.938000e+01
      endloop
   endfacet
   facet normal 6.230014e-01 -2.362734e-01 -7.456837e-01
      outer loop
         vertex 6.916545e+01 -2.630857e+01 -2.938000e+01
         vertex 6.761849e+01 -2.880955e+01 -2.988000e+01
         vertex 6.971743e+01 -2.327510e+01 -2.988000e+01
      endloop
   endfacet
   facet normal 6.898248e-01 -1.556860e-01 -7.070386e-01
      outer loop
         vertex 7.249118e+01 -1.486704e+01 -2.938000e+01
         vertex 7.184970e+01 -1.770936e+01 -2.938000e+01
         vertex 7.136422e+01 -1.758970e+01 -2.988000e+01
      endloop
   endfacet
   facet normal 6.829986e-01 -1.833539e-01 -7.070320e-01
      outer loop
         vertex 7.136422e+01 -1.758970e+01 -2.988000e+01
         vertex 7.184970e+01 -1.770936e+01 -2.938000e+01
         vertex 7.105897e+01 -2.065485e+01 -2.938000e+01
      endloop
   endfacet
   facet normal 6.399929e-01 -1.853761e-01 -7.456841e-01
      outer loop
         vertex 7.136422e+01 -1.758970e+01 -2.988000e+01
         vertex 7.105897e+01 -2.065485e+01 -2.938000e+01
         vertex 6.971743e+01 -2.327510e+01 -2.988000e+01
      endloop
   endfacet
   facet normal 6.750578e-01 -2.107038e-01 -7.070367e-01
      outer loop
         vertex 6.971743e+01 -2.327510e+01 -2.988000e+01
         vertex 7.105897e+01 -2.065485e+01 -2.938000e+01
         vertex 7.019170e+01 -2.343343e+01 -2.938000e+01
      endloop
   endfacet
   facet normal 6.660275e-01 -2.377314e-01 -7.070299e-01
      outer loop
         vertex 6.971743e+01 -2.327510e+01 -2.988000e+01
         vertex 7.019170e+01 -2.343343e+01 -2.938000e+01
         vertex 6.916545e+01 -2.630857e+01 -2.938000e+01
      endloop
   endfacet
   facet normal 5.770341e-01 -3.331507e-01 -7.456824e-01
      outer loop
         vertex 6.404655e+01 -3.706803e+01 -2.938000e+01
         vertex 6.212147e+01 -3.928324e+01 -2.988000e+01
         vertex 6.508102e+01 -3.415715e+01 -2.988000e+01
      endloop
   endfacet
   facet normal 6.559066e-01 -2.643526e-01 -7.070390e-01
      outer loop
         vertex 6.916545e+01 -2.630857e+01 -2.938000e+01
         vertex 6.807848e+01 -2.900553e+01 -2.938000e+01
         vertex 6.761849e+01 -2.880955e+01 -2.988000e+01
      endloop
   endfacet
   facet normal 6.447307e-01 -2.905654e-01 -7.070319e-01
      outer loop
         vertex 6.761849e+01 -2.880955e+01 -2.988000e+01
         vertex 6.807848e+01 -2.900553e+01 -2.938000e+01
         vertex 6.682291e+01 -3.179150e+01 -2.938000e+01
      endloop
   endfacet
   facet normal 6.019675e-01 -2.856374e-01 -7.456852e-01
      outer loop
         vertex 6.761849e+01 -2.880955e+01 -2.988000e+01
         vertex 6.682291e+01 -3.179150e+01 -2.938000e+01
         vertex 6.508102e+01 -3.415715e+01 -2.988000e+01
      endloop
   endfacet
   facet normal 6.325017e-01 -3.162889e-01 -7.070381e-01
      outer loop
         vertex 6.508102e+01 -3.415715e+01 -2.988000e+01
         vertex 6.682291e+01 -3.179150e+01 -2.938000e+01
         vertex 6.552374e+01 -3.438951e+01 -2.938000e+01
      endloop
   endfacet
   facet normal 6.192535e-01 -3.415153e-01 -7.070307e-01
      outer loop
         vertex 6.508102e+01 -3.415715e+01 -2.988000e+01
         vertex 6.552374e+01 -3.438951e+01 -2.938000e+01
         vertex 6.404655e+01 -3.706803e+01 -2.938000e+01
      endloop
   endfacet
   facet normal 5.161255e-01 -4.214033e-01 -7.456767e-01
      outer loop
         vertex 5.726721e+01 -4.686648e+01 -2.938000e+01
         vertex 5.501554e+01 -4.873952e+01 -2.988000e+01
         vertex 5.875904e+01 -4.415455e+01 -2.988000e+01
      endloop
   endfacet
   facet normal 6.049935e-01 -3.661710e-01 -7.070373e-01
      outer loop
         vertex 6.404655e+01 -3.706803e+01 -2.938000e+01
         vertex 6.254406e+01 -3.955047e+01 -2.938000e+01
         vertex 6.212147e+01 -3.928324e+01 -2.988000e+01
      endloop
   endfacet
   facet normal 5.897577e-01 -3.902499e-01 -7.070296e-01
      outer loop
         vertex 6.212147e+01 -3.928324e+01 -2.988000e+01
         vertex 6.254406e+01 -3.955047e+01 -2.938000e+01
         vertex 6.085441e+01 -4.210392e+01 -2.938000e+01
      endloop
   endfacet
   facet normal 5.483587e-01 -3.785044e-01 -7.456790e-01
      outer loop
         vertex 6.212147e+01 -3.928324e+01 -2.988000e+01
         vertex 6.085441e+01 -4.210392e+01 -2.938000e+01
         vertex 5.875904e+01 -4.415455e+01 -2.988000e+01
      endloop
   endfacet
   facet normal 5.735583e-01 -4.136755e-01 -7.070385e-01
      outer loop
         vertex 5.875904e+01 -4.415455e+01 -2.988000e+01
         vertex 6.085441e+01 -4.210392e+01 -2.938000e+01
         vertex 5.915876e+01 -4.445493e+01 -2.938000e+01
      endloop
   endfacet
   facet normal 5.564332e-01 -4.364514e-01 -7.070306e-01
      outer loop
         vertex 5.875904e+01 -4.415455e+01 -2.988000e+01
         vertex 5.915876e+01 -4.445493e+01 -2.938000e+01
         vertex 5.726721e+01 -4.686648e+01 -2.938000e+01
      endloop
   endfacet
   facet normal 4.418468e-01 -4.987421e-01 -7.456727e-01
      outer loop
         vertex 4.900317e+01 -5.544988e+01 -2.938000e+01
         vertex 4.648473e+01 -5.693347e+01 -2.988000e+01
         vertex 5.091524e+01 -5.300838e+01 -2.988000e+01
      endloop
   endfacet
   facet normal 5.384024e-01 -4.584979e-01 -7.070379e-01
      outer loop
         vertex 5.726721e+01 -4.686648e+01 -2.938000e+01
         vertex 5.538980e+01 -4.907108e+01 -2.938000e+01
         vertex 5.501554e+01 -4.873952e+01 -2.988000e+01
      endloop
   endfacet
   facet normal 5.194998e-01 -4.798220e-01 -7.070296e-01
      outer loop
         vertex 5.501554e+01 -4.873952e+01 -2.988000e+01
         vertex 5.538980e+01 -4.907108e+01 -2.938000e+01
         vertex 5.330823e+01 -5.132478e+01 -2.938000e+01
      endloop
   endfacet
   facet normal 4.805460e-01 -4.615705e-01 -7.456730e-01
      outer loop
         vertex 5.501554e+01 -4.873952e+01 -2.988000e+01
         vertex 5.330823e+01 -5.132478e+01 -2.938000e+01
         vertex 5.091524e+01 -5.300838e+01 -2.988000e+01
      endloop
   endfacet
   facet normal 4.997527e-01 -5.003438e-01 -7.070384e-01
      outer loop
         vertex 5.091524e+01 -5.300838e+01 -2.988000e+01
         vertex 5.330823e+01 -5.132478e+01 -2.938000e+01
         vertex 5.126160e+01 -5.336898e+01 -2.938000e+01
      endloop
   endfacet
   facet normal 4.791951e-01 -5.200778e-01 -7.070298e-01
      outer loop
         vertex 5.091524e+01 -5.300838e+01 -2.988000e+01
         vertex 5.126160e+01 -5.336898e+01 -2.938000e+01
         vertex 4.900317e+01 -5.544988e+01 -2.938000e+01
      endloop
   endfacet
   facet normal 3.561240e-01 -5.631656e-01 -7.456676e-01
      outer loop
         vertex 3.946869e+01 -6.259570e+01 -2.938000e+01
         vertex 3.675000e+01 -6.365287e+01 -2.988000e+01
         vertex 4.175276e+01 -6.048932e+01 -2.988000e+01
      endloop
   endfacet
   facet normal 4.578602e-01 -5.389465e-01 -7.070366e-01
      outer loop
         vertex 4.900317e+01 -5.544988e+01 -2.938000e+01
         vertex 4.680096e+01 -5.732077e+01 -2.938000e+01
         vertex 4.648473e+01 -5.693347e+01 -2.988000e+01
      endloop
   endfacet
   facet normal 4.357827e-01 -5.569608e-01 -7.070277e-01
      outer loop
         vertex 4.648473e+01 -5.693347e+01 -2.988000e+01
         vertex 4.680096e+01 -5.732077e+01 -2.938000e+01
         vertex 4.437999e+01 -5.921500e+01 -2.938000e+01
      endloop
   endfacet
   facet normal 4.002840e-01 -5.326813e-01 -7.456697e-01
      outer loop
         vertex 4.648473e+01 -5.693347e+01 -2.988000e+01
         vertex 4.437999e+01 -5.921500e+01 -2.938000e+01
         vertex 4.175276e+01 -6.048932e+01 -2.988000e+01
      endloop
   endfacet
   facet normal 4.129964e-01 -5.740479e-01 -7.070382e-01
      outer loop
         vertex 4.175276e+01 -6.048932e+01 -2.988000e+01
         vertex 4.437999e+01 -5.921500e+01 -2.938000e+01
         vertex 4.203679e+01 -6.090081e+01 -2.938000e+01
      endloop
   endfacet
   facet normal 3.895394e-01 -5.902279e-01 -7.070291e-01
      outer loop
         vertex 4.175276e+01 -6.048932e+01 -2.988000e+01
         vertex 4.203679e+01 -6.090081e+01 -2.938000e+01
         vertex 3.946869e+01 -6.259570e+01 -2.938000e+01
      endloop
   endfacet
   facet normal 2.611762e-01 -6.130027e-01 -7.456640e-01
      outer loop
         vertex 2.891096e+01 -6.811869e+01 -2.938000e+01
         vertex 2.606346e+01 -6.872369e+01 -2.988000e+01
         vertex 3.150890e+01 -6.640361e+01 -2.988000e+01
      endloop
   endfacet
   facet normal 3.654525e-01 -6.054255e-01 -7.070392e-01
      outer loop
         vertex 3.946869e+01 -6.259570e+01 -2.938000e+01
         vertex 3.700000e+01 -6.408588e+01 -2.938000e+01
         vertex 3.675000e+01 -6.365287e+01 -2.988000e+01
      endloop
   endfacet
   facet normal 3.407696e-01 -6.196652e-01 -7.070297e-01
      outer loop
         vertex 3.675000e+01 -6.365287e+01 -2.988000e+01
         vertex 3.700000e+01 -6.408588e+01 -2.938000e+01
         vertex 3.430117e+01 -6.557003e+01 -2.938000e+01
      endloop
   endfacet
   facet normal 3.096548e-01 -5.899980e-01 -7.456650e-01
      outer loop
         vertex 3.675000e+01 -6.365287e+01 -2.988000e+01
         vertex 3.430117e+01 -6.557003e+01 -2.938000e+01
         vertex 3.150890e+01 -6.640361e+01 -2.988000e+01
      endloop
   endfacet
   facet normal 3.155381e-01 -6.328733e-01 -7.070411e-01
      outer loop
         vertex 3.150890e+01 -6.640361e+01 -2.988000e+01
         vertex 3.430117e+01 -6.557003e+01 -2.938000e+01
         vertex 3.172325e+01 -6.685533e+01 -2.938000e+01
      endloop
   endfacet
   facet normal 2.897885e-01 -6.450808e-01 -7.070314e-01
      outer loop
         vertex 3.150890e+01 -6.640361e+01 -2.988000e+01
         vertex 3.172325e+01 -6.685533e+01 -2.938000e+01
         vertex 2.891096e+01 -6.811869e+01 -2.938000e+01
      endloop
   endfacet
   facet normal 1.594635e-01 -6.469674e-01 -7.456571e-01
      outer loop
         vertex 1.760370e+01 -7.187565e+01 -2.938000e+01
         vertex 1.470189e+01 -7.201461e+01 -2.988000e+01
         vertex 2.044898e+01 -7.059808e+01 -2.988000e+01
      endloop
   endfacet
   facet normal 2.635759e-01 -6.562180e-01 -7.070401e-01
      outer loop
         vertex 2.891096e+01 -6.811869e+01 -2.938000e+01
         vertex 2.624076e+01 -6.919120e+01 -2.938000e+01
         vertex 2.606346e+01 -6.872369e+01 -2.988000e+01
      endloop
   endfacet
   facet normal 2.369277e-01 -6.663136e-01 -7.070300e-01
      outer loop
         vertex 2.606346e+01 -6.872369e+01 -2.988000e+01
         vertex 2.624076e+01 -6.919120e+01 -2.938000e+01
         vertex 2.333307e+01 -7.022512e+01 -2.938000e+01
      endloop
   endfacet
   facet normal 2.110045e-01 -6.320358e-01 -7.456593e-01
      outer loop
         vertex 2.606346e+01 -6.872369e+01 -2.988000e+01
         vertex 2.333307e+01 -7.022512e+01 -2.938000e+01
         vertex 2.044898e+01 -7.059808e+01 -2.988000e+01
      endloop
   endfacet
   facet normal 2.099044e-01 -6.753052e-01 -7.070382e-01
      outer loop
         vertex 2.044898e+01 -7.059808e+01 -2.988000e+01
         vertex 2.333307e+01 -7.022512e+01 -2.938000e+01
         vertex 2.058809e+01 -7.107834e+01 -2.938000e+01
      endloop
   endfacet
   facet normal 1.825312e-01 -6.832233e-01 -7.070278e-01
      outer loop
         vertex 2.044898e+01 -7.059808e+01 -2.988000e+01
         vertex 2.058809e+01 -7.107834e+01 -2.938000e+01
         vertex 1.760370e+01 -7.187565e+01 -2.938000e+01
      endloop
   endfacet
   facet normal 1.548701e-01 -6.900109e-01 -7.070362e-01
      outer loop
         vertex 1.760370e+01 -7.187565e+01 -2.938000e+01
         vertex 1.480190e+01 -7.250451e+01 -2.938000e+01
         vertex 1.470189e+01 -7.201461e+01 -2.988000e+01
      endloop
   endfacet
   facet normal 1.269491e-01 -6.957002e-01 -7.070256e-01
      outer loop
         vertex 1.470189e+01 -7.201461e+01 -2.988000e+01
         vertex 1.480190e+01 -7.250451e+01 -2.938000e+01
         vertex 1.176004e+01 -7.305957e+01 -2.938000e+01
      endloop
   endfacet
   facet normal 1.068870e-01 -6.577036e-01 -7.456548e-01
      outer loop
         vertex 1.470189e+01 -7.201461e+01 -2.988000e+01
         vertex 1.176004e+01 -7.305957e+01 -2.938000e+01
         vertex 8.859446e+00 -7.296410e+01 -2.988000e+01
      endloop
   endfacet
   facet normal 9.883115e-02 -7.002316e-01 -7.070418e-01
      outer loop
         vertex 8.859446e+00 -7.296410e+01 -2.988000e+01
         vertex 1.176004e+01 -7.305957e+01 -2.938000e+01
         vertex 8.919714e+00 -7.346046e+01 -2.938000e+01
      endloop
   endfacet
   facet normal 8.328653e-02 -7.021845e-01 -7.071069e-01
      outer loop
         vertex 8.859446e+00 -7.296410e+01 -2.988000e+01
         vertex 8.919714e+00 -7.346046e+01 -2.938000e+01
         vertex 8.514554e+00 -7.350852e+01 -2.938000e+01
      endloop
   endfacet
   facet normal -8.328653e-02 -7.021845e-01 -7.071069e-01
      outer loop
         vertex -8.514554e+00 -7.350852e+01 -2.938000e+01
         vertex -8.919714e+00 -7.346046e+01 -2.938000e+01
         vertex -8.859446e+00 -7.296410e+01 -2.988000e+01
      endloop
   endfacet
   facet normal -9.883115e-02 -7.002316e-01 -7.070418e-01
      outer loop
         vertex -8.859446e+00 -7.296410e+01 -2.988000e+01
         vertex -8.919714e+00 -7.346046e+01 -2.938000e+01
         vertex -1.176004e+01 -7.305957e+01 -2.938000e+01
      endloop
   endfacet
   facet normal -1.068870e-01 -6.577036e-01 -7.456548e-01
      outer loop
         vertex -8.859446e+00 -7.296410e+01 -2.988000e+01
         vertex -1.176004e+01 -7.305957e+01 -2.938000e+01
         vertex -1.470189e+01 -7.201461e+01 -2.988000e+01
      endloop
   endfacet
   facet normal -1.269491e-01 -6.957002e-01 -7.070256e-01
      outer loop
         vertex -1.176004e+01 -7.305957e+01 -2.938000e+01
         vertex -1.480190e+01 -7.250451e+01 -2.938000e+01
         vertex -1.470189e+01 -7.201461e+01 -2.988000e+01
      endloop
   endfacet
   facet normal -1.548701e-01 -6.900109e-01 -7.070362e-01
      outer loop
         vertex -1.470189e+01 -7.201461e+01 -2.988000e+01
         vertex -1.480190e+01 -7.250451e+01 -2.938000e+01
         vertex -1.760370e+01 -7.187565e+01 -2.938000e+01
      endloop
   endfacet
   facet normal -1.594635e-01 -6.469674e-01 -7.456571e-01
      outer loop
         vertex -1.470189e+01 -7.201461e+01 -2.988000e+01
         vertex -1.760370e+01 -7.187565e+01 -2.938000e+01
         vertex -2.044898e+01 -7.059808e+01 -2.988000e+01
      endloop
   endfacet
   facet normal -1.825312e-01 -6.832233e-01 -7.070278e-01
      outer loop
         vertex -1.760370e+01 -7.187565e+01 -2.938000e+01
         vertex -2.058809e+01 -7.107834e+01 -2.938000e+01
         vertex -2.044898e+01 -7.059808e+01 -2.988000e+01
      endloop
   endfacet
   facet normal -2.099044e-01 -6.753052e-01 -7.070382e-01
      outer loop
         vertex -2.044898e+01 -7.059808e+01 -2.988000e+01
         vertex -2.058809e+01 -7.107834e+01 -2.938000e+01
         vertex -2.333307e+01 -7.022512e+01 -2.938000e+01
      endloop
   endfacet
   facet normal -2.110045e-01 -6.320358e-01 -7.456593e-01
      outer loop
         vertex -2.044898e+01 -7.059808e+01 -2.988000e+01
         vertex -2.333307e+01 -7.022512e+01 -2.938000e+01
         vertex -2.606346e+01 -6.872369e+01 -2.988000e+01
      endloop
   endfacet
   facet normal -2.369277e-01 -6.663136e-01 -7.070300e-01
      outer loop
         vertex -2.333307e+01 -7.022512e+01 -2.938000e+01
         vertex -2.624076e+01 -6.919120e+01 -2.938000e+01
         vertex -2.606346e+01 -6.872369e+01 -2.988000e+01
      endloop
   endfacet
   facet normal -2.635759e-01 -6.562180e-01 -7.070401e-01
      outer loop
         vertex -2.606346e+01 -6.872369e+01 -2.988000e+01
         vertex -2.624076e+01 -6.919120e+01 -2.938000e+01
         vertex -2.891096e+01 -6.811869e+01 -2.938000e+01
      endloop
   endfacet
   facet normal -2.611762e-01 -6.130027e-01 -7.456640e-01
      outer loop
         vertex -2.606346e+01 -6.872369e+01 -2.988000e+01
         vertex -2.891096e+01 -6.811869e+01 -2.938000e+01
         vertex -3.150890e+01 -6.640361e+01 -2.988000e+01
      endloop
   endfacet
   facet normal -2.897885e-01 -6.450808e-01 -7.070314e-01
      outer loop
         vertex -2.891096e+01 -6.811869e+01 -2.938000e+01
         vertex -3.172325e+01 -6.685533e+01 -2.938000e+01
         vertex -3.150890e+01 -6.640361e+01 -2.988000e+01
      endloop
   endfacet
   facet normal -3.155381e-01 -6.328733e-01 -7.070411e-01
      outer loop
         vertex -3.150890e+01 -6.640361e+01 -2.988000e+01
         vertex -3.172325e+01 -6.685533e+01 -2.938000e+01
         vertex -3.430117e+01 -6.557003e+01 -2.938000e+01
      endloop
   endfacet
   facet normal -3.096548e-01 -5.899980e-01 -7.456650e-01
      outer loop
         vertex -3.150890e+01 -6.640361e+01 -2.988000e+01
         vertex -3.430117e+01 -6.557003e+01 -2.938000e+01
         vertex -3.675000e+01 -6.365287e+01 -2.988000e+01
      endloop
   endfacet
   facet normal -3.407696e-01 -6.196652e-01 -7.070297e-01
      outer loop
         vertex -3.430117e+01 -6.557003e+01 -2.938000e+01
         vertex -3.700000e+01 -6.408588e+01 -2.938000e+01
         vertex -3.675000e+01 -6.365287e+01 -2.988000e+01
      endloop
   endfacet
   facet normal -3.654525e-01 -6.054255e-01 -7.070392e-01
      outer loop
         vertex -3.675000e+01 -6.365287e+01 -2.988000e+01
         vertex -3.700000e+01 -6.408588e+01 -2.938000e+01
         vertex -3.946869e+01 -6.259570e+01 -2.938000e+01
      endloop
   endfacet
   facet normal -3.561240e-01 -5.631656e-01 -7.456676e-01
      outer loop
         vertex -3.675000e+01 -6.365287e+01 -2.988000e+01
         vertex -3.946869e+01 -6.259570e+01 -2.938000e+01
         vertex -4.175276e+01 -6.048932e+01 -2.988000e+01
      endloop
   endfacet
   facet normal -3.895394e-01 -5.902279e-01 -7.070291e-01
      outer loop
         vertex -3.946869e+01 -6.259570e+01 -2.938000e+01
         vertex -4.203679e+01 -6.090081e+01 -2.938000e+01
         vertex -4.175276e+01 -6.048932e+01 -2.988000e+01
      endloop
   endfacet
   facet normal -4.129964e-01 -5.740479e-01 -7.070382e-01
      outer loop
         vertex -4.175276e+01 -6.048932e+01 -2.988000e+01
         vertex -4.203679e+01 -6.090081e+01 -2.938000e+01
         vertex -4.437999e+01 -5.921500e+01 -2.938000e+01
      endloop
   endfacet
   facet normal -4.002840e-01 -5.326813e-01 -7.456697e-01
      outer loop
         vertex -4.175276e+01 -6.048932e+01 -2.988000e+01
         vertex -4.437999e+01 -5.921500e+01 -2.938000e+01
         vertex -4.648473e+01 -5.693347e+01 -2.988000e+01
      endloop
   endfacet
   facet normal -4.357827e-01 -5.569608e-01 -7.070277e-01
      outer loop
         vertex -4.437999e+01 -5.921500e+01 -2.938000e+01
         vertex -4.680096e+01 -5.732077e+01 -2.938000e+01
         vertex -4.648473e+01 -5.693347e+01 -2.988000e+01
      endloop
   endfacet
   facet normal -4.578602e-01 -5.389465e-01 -7.070366e-01
      outer loop
         vertex -4.648473e+01 -5.693347e+01 -2.988000e+01
         vertex -4.680096e+01 -5.732077e+01 -2.938000e+01
         vertex -4.900317e+01 -5.544988e+01 -2.938000e+01
      endloop
   endfacet
   facet normal -4.418468e-01 -4.987421e-01 -7.456727e-01
      outer loop
         vertex -4.648473e+01 -5.693347e+01 -2.988000e+01
         vertex -4.900317e+01 -5.544988e+01 -2.938000e+01
         vertex -5.091524e+01 -5.300838e+01 -2.988000e+01
      endloop
   endfacet
   facet normal -4.791951e-01 -5.200778e-01 -7.070298e-01
      outer loop
         vertex -4.900317e+01 -5.544988e+01 -2.938000e+01
         vertex -5.126160e+01 -5.336898e+01 -2.938000e+01
         vertex -5.091524e+01 -5.300838e+01 -2.988000e+01
      endloop
   endfacet
   facet normal -4.997527e-01 -5.003438e-01 -7.070384e-01
      outer loop
         vertex -5.091524e+01 -5.300838e+01 -2.988000e+01
         vertex -5.126160e+01 -5.336898e+01 -2.938000e+01
         vertex -5.330823e+01 -5.132478e+01 -2.938000e+01
      endloop
   endfacet
   facet normal -4.805460e-01 -4.615705e-01 -7.456730e-01
      outer loop
         vertex -5.091524e+01 -5.300838e+01 -2.988000e+01
         vertex -5.330823e+01 -5.132478e+01 -2.938000e+01
         vertex -5.501554e+01 -4.873952e+01 -2.988000e+01
      endloop
   endfacet
   facet normal -5.194998e-01 -4.798220e-01 -7.070296e-01
      outer loop
         vertex -5.330823e+01 -5.132478e+01 -2.938000e+01
         vertex -5.538980e+01 -4.907108e+01 -2.938000e+01
         vertex -5.501554e+01 -4.873952e+01 -2.988000e+01
      endloop
   endfacet
   facet normal -5.384024e-01 -4.584979e-01 -7.070379e-01
      outer loop
         vertex -5.501554e+01 -4.873952e+01 -2.988000e+01
         vertex -5.538980e+01 -4.907108e+01 -2.938000e+01
         vertex -5.726721e+01 -4.686648e+01 -2.938000e+01
      endloop
   endfacet
   facet normal -5.161255e-01 -4.214033e-01 -7.456767e-01
      outer loop
         vertex -5.501554e+01 -4.873952e+01 -2.988000e+01
         vertex -5.726721e+01 -4.686648e+01 -2.938000e+01
         vertex -5.875904e+01 -4.415455e+01 -2.988000e+01
      endloop
   endfacet
   facet normal -5.564332e-01 -4.364514e-01 -7.070306e-01
      outer loop
         vertex -5.726721e+01 -4.686648e+01 -2.938000e+01
         vertex -5.915876e+01 -4.445493e+01 -2.938000e+01
         vertex -5.875904e+01 -4.415455e+01 -2.988000e+01
      endloop
   endfacet
   facet normal -5.735583e-01 -4.136755e-01 -7.070385e-01
      outer loop
         vertex -5.875904e+01 -4.415455e+01 -2.988000e+01
         vertex -5.915876e+01 -4.445493e+01 -2.938000e+01
         vertex -6.085441e+01 -4.210392e+01 -2.938000e+01
      endloop
   endfacet
   facet normal -5.483587e-01 -3.785044e-01 -7.456790e-01
      outer loop
         vertex -5.875904e+01 -4.415455e+01 -2.988000e+01
         vertex -6.085441e+01 -4.210392e+01 -2.938000e+01
         vertex -6.212147e+01 -3.928324e+01 -2.988000e+01
      endloop
   endfacet
   facet normal -5.897577e-01 -3.902499e-01 -7.070296e-01
      outer loop
         vertex -6.085441e+01 -4.210392e+01 -2.938000e+01
         vertex -6.254406e+01 -3.955047e+01 -2.938000e+01
         vertex -6.212147e+01 -3.928324e+01 -2.988000e+01
      endloop
   endfacet
   facet normal -6.049935e-01 -3.661710e-01 -7.070373e-01
      outer loop
         vertex -6.212147e+01 -3.928324e+01 -2.988000e+01
         vertex -6.254406e+01 -3.955047e+01 -2.938000e+01
         vertex -6.404655e+01 -3.706803e+01 -2.938000e+01
      endloop
   endfacet
   facet normal -5.770341e-01 -3.331507e-01 -7.456824e-01
      outer loop
         vertex -6.212147e+01 -3.928324e+01 -2.988000e+01
         vertex -6.404655e+01 -3.706803e+01 -2.938000e+01
         vertex -6.508102e+01 -3.415715e+01 -2.988000e+01
      endloop
   endfacet
   facet normal -6.192535e-01 -3.415153e-01 -7.070307e-01
      outer loop
         vertex -6.404655e+01 -3.706803e+01 -2.938000e+01
         vertex -6.552374e+01 -3.438951e+01 -2.938000e+01
         vertex -6.508102e+01 -3.415715e+01 -2.988000e+01
      endloop
   endfacet
   facet normal -6.325017e-01 -3.162889e-01 -7.070381e-01
      outer loop
         vertex -6.508102e+01 -3.415715e+01 -2.988000e+01
         vertex -6.552374e+01 -3.438951e+01 -2.938000e+01
         vertex -6.682291e+01 -3.179150e+01 -2.938000e+01
      endloop
   endfacet
   facet normal -6.019675e-01 -2.856374e-01 -7.456852e-01
      outer loop
         vertex -6.508102e+01 -3.415715e+01 -2.988000e+01
         vertex -6.682291e+01 -3.179150e+01 -2.938000e+01
         vertex -6.761849e+01 -2.880955e+01 -2.988000e+01
      endloop
   endfacet
   facet normal -6.447307e-01 -2.905654e-01 -7.070319e-01
      outer loop
         vertex -6.682291e+01 -3.179150e+01 -2.938000e+01
         vertex -6.807848e+01 -2.900553e+01 -2.938000e+01
         vertex -6.761849e+01 -2.880955e+01 -2.988000e+01
      endloop
   endfacet
   facet normal -6.559066e-01 -2.643526e-01 -7.070390e-01
      outer loop
         vertex -6.761849e+01 -2.880955e+01 -2.988000e+01
         vertex -6.807848e+01 -2.900553e+01 -2.938000e+01
         vertex -6.916545e+01 -2.630857e+01 -2.938000e+01
      endloop
   endfacet
   facet normal -6.230014e-01 -2.362734e-01 -7.456837e-01
      outer loop
         vertex -6.761849e+01 -2.880955e+01 -2.988000e+01
         vertex -6.916545e+01 -2.630857e+01 -2.938000e+01
         vertex -6.971743e+01 -2.327510e+01 -2.988000e+01
      endloop
   endfacet
   facet normal -6.660275e-01 -2.377314e-01 -7.070299e-01
      outer loop
         vertex -6.916545e+01 -2.630857e+01 -2.938000e+01
         vertex -7.019170e+01 -2.343343e+01 -2.938000e+01
         vertex -6.971743e+01 -2.327510e+01 -2.988000e+01
      endloop
   endfacet
   facet normal -6.750578e-01 -2.107038e-01 -7.070367e-01
      outer loop
         vertex -6.971743e+01 -2.327510e+01 -2.988000e+01
         vertex -7.019170e+01 -2.343343e+01 -2.938000e+01
         vertex -7.105897e+01 -2.065485e+01 -2.938000e+01
      endloop
   endfacet
   facet normal -6.399929e-01 -1.853761e-01 -7.456841e-01
      outer loop
         vertex -6.971743e+01 -2.327510e+01 -2.988000e+01
         vertex -7.105897e+01 -2.065485e+01 -2.938000e+01
         vertex -7.136422e+01 -1.758970e+01 -2.988000e+01
      endloop
   endfacet
   facet normal -6.829986e-01 -1.833539e-01 -7.070320e-01
      outer loop
         vertex -7.105897e+01 -2.065485e+01 -2.938000e+01
         vertex -7.184970e+01 -1.770936e+01 -2.938000e+01
         vertex -7.136422e+01 -1.758970e+01 -2.988000e+01
      endloop
   endfacet
   facet normal -6.898248e-01 -1.556860e-01 -7.070386e-01
      outer loop
         vertex -7.136422e+01 -1.758970e+01 -2.988000e+01
         vertex -7.184970e+01 -1.770936e+01 -2.938000e+01
         vertex -7.249118e+01 -1.486704e+01 -2.938000e+01
      endloop
   endfacet
   facet normal -6.528321e-01 -1.332767e-01 -7.456860e-01
      outer loop
         vertex -7.136422e+01 -1.758970e+01 -2.988000e+01
         vertex -7.249118e+01 -1.486704e+01 -2.938000e+01
         vertex -7.254820e+01 -1.179023e+01 -2.988000e+01
      endloop
   endfacet
   facet normal -6.955403e-01 -1.277867e-01 -7.070320e-01
      outer loop
         vertex -7.249118e+01 -1.486704e+01 -2.938000e+01
         vertex -7.304172e+01 -1.187043e+01 -2.938000e+01
         vertex -7.254820e+01 -1.179023e+01 -2.988000e+01
      endloop
   endfacet
   facet normal -7.001178e-01 -9.965920e-02 -7.070383e-01
      outer loop
         vertex -7.254820e+01 -1.179023e+01 -2.988000e+01
         vertex -7.304172e+01 -1.187043e+01 -2.938000e+01
         vertex -7.345278e+01 -8.982717e+00 -2.938000e+01
      endloop
   endfacet
   facet normal -6.614372e-01 -8.031299e-02 -7.456881e-01
      outer loop
         vertex -7.254820e+01 -1.179023e+01 -2.988000e+01
         vertex -7.345278e+01 -8.982717e+00 -2.938000e+01
         vertex -7.326166e+01 -5.914293e+00 -2.988000e+01
      endloop
   endfacet
   facet normal -7.035710e-01 -7.138935e-02 -7.070300e-01
      outer loop
         vertex -7.345278e+01 -8.982717e+00 -2.938000e+01
         vertex -7.376004e+01 -5.954526e+00 -2.938000e+01
         vertex -7.326166e+01 -5.914293e+00 -2.988000e+01
      endloop
   endfacet
   facet normal -7.058699e-01 -4.298693e-02 -7.070359e-01
      outer loop
         vertex -7.326166e+01 -5.914293e+00 -2.988000e+01
         vertex -7.376004e+01 -5.954526e+00 -2.938000e+01
         vertex -7.393753e+01 -3.040076e+00 -2.938000e+01
      endloop
   endfacet
   facet normal -6.657515e-01 -2.682873e-02 -7.456910e-01
      outer loop
         vertex -7.326166e+01 -5.914293e+00 -2.988000e+01
         vertex -7.393753e+01 -3.040076e+00 -2.938000e+01
         vertex -7.350000e+01 2.550043e-14 -2.988000e+01
      endloop
   endfacet
   facet normal -7.070321e-01 -1.452941e-02 -7.070321e-01
      outer loop
         vertex -7.393753e+01 -3.040076e+00 -2.938000e+01
         vertex -7.400000e+01 2.567391e-14 -2.938000e+01
         vertex -7.350000e+01 2.550043e-14 -2.988000e+01
      endloop
   endfacet
   facet normal -7.070378e-01 1.396682e-02 -7.070378e-01
      outer loop
         vertex -7.350000e+01 2.550043e-14 -2.988000e+01
         vertex -7.400000e+01 2.567391e-14 -2.938000e+01
         vertex -7.394227e+01 2.922301e+00 -2.938000e+01
      endloop
   endfacet
   facet normal -6.657516e-01 2.682874e-02 -7.456909e-01
      outer loop
         vertex -7.350000e+01 2.550043e-14 -2.988000e+01
         vertex -7.394227e+01 2.922301e+00 -2.938000e+01
         vertex -7.326166e+01 5.914293e+00 -2.988000e+01
      endloop
   endfacet
   facet normal -7.059096e-01 4.242447e-02 -7.070302e-01
      outer loop
         vertex -7.394227e+01 2.922301e+00 -2.938000e+01
         vertex -7.376004e+01 5.954526e+00 -2.938000e+01
         vertex -7.326166e+01 5.914293e+00 -2.988000e+01
      endloop
   endfacet
   facet normal -7.036220e-01 7.082823e-02 -7.070356e-01
      outer loop
         vertex -7.326166e+01 5.914293e+00 -2.988000e+01
         vertex -7.376004e+01 5.954526e+00 -2.938000e+01
         vertex -7.346699e+01 8.865707e+00 -2.938000e+01
      endloop
   endfacet
   facet normal -6.614319e-01 8.031235e-02 -7.456928e-01
      outer loop
         vertex -7.326166e+01 5.914293e+00 -2.988000e+01
         vertex -7.346699e+01 8.865707e+00 -2.938000e+01
         vertex -7.254820e+01 1.179023e+01 -2.988000e+01
      endloop
   endfacet
   facet normal -7.002025e-01 9.910258e-02 -7.070326e-01
      outer loop
         vertex -7.346699e+01 8.865707e+00 -2.938000e+01
         vertex -7.304172e+01 1.187043e+01 -2.938000e+01
         vertex -7.254820e+01 1.179023e+01 -2.988000e+01
      endloop
   endfacet
   facet normal -6.956362e-01 1.272319e-01 -7.070377e-01
      outer loop
         vertex -7.254820e+01 1.179023e+01 -2.988000e+01
         vertex -7.304172e+01 1.187043e+01 -2.938000e+01
         vertex -7.251476e+01 1.475156e+01 -2.938000e+01
      endloop
   endfacet
   facet normal -6.528247e-01 1.332752e-01 -7.456928e-01
      outer loop
         vertex -7.254820e+01 1.179023e+01 -2.988000e+01
         vertex -7.251476e+01 1.475156e+01 -2.938000e+01
         vertex -7.136422e+01 1.758970e+01 -2.988000e+01
      endloop
   endfacet
   facet normal -6.899541e-01 1.551377e-01 -7.070329e-01
      outer loop
         vertex -7.251476e+01 1.475156e+01 -2.938000e+01
         vertex -7.184970e+01 1.770936e+01 -2.938000e+01
         vertex -7.136422e+01 1.758970e+01 -2.988000e+01
      endloop
   endfacet
   facet normal -6.831390e-01 1.828079e-01 -7.070377e-01
      outer loop
         vertex -7.136422e+01 1.758970e+01 -2.988000e+01
         vertex -7.184970e+01 1.770936e+01 -2.938000e+01
         vertex -7.109178e+01 2.054164e+01 -2.938000e+01
      endloop
   endfacet
   facet normal -6.399805e-01 1.853725e-01 -7.456956e-01
      outer loop
         vertex -7.136422e+01 1.758970e+01 -2.988000e+01
         vertex -7.109178e+01 2.054164e+01 -2.938000e+01
         vertex -6.971743e+01 2.327510e+01 -2.988000e+01
      endloop
   endfacet
   facet normal -6.752306e-01 2.101683e-01 -7.070310e-01
      outer loop
         vertex -7.109178e+01 2.054164e+01 -2.938000e+01
         vertex -7.019170e+01 2.343343e+01 -2.938000e+01
         vertex -6.971743e+01 2.327510e+01 -2.988000e+01
      endloop
   endfacet
   facet normal -6.662114e-01 2.371985e-01 -7.070356e-01
      outer loop
         vertex -6.971743e+01 2.327510e+01 -2.988000e+01
         vertex -7.019170e+01 2.343343e+01 -2.938000e+01
         vertex -6.920727e+01 2.619837e+01 -2.938000e+01
      endloop
   endfacet
   facet normal -6.229867e-01 2.362678e-01 -7.456978e-01
      outer loop
         vertex -6.971743e+01 2.327510e+01 -2.988000e+01
         vertex -6.920727e+01 2.619837e+01 -2.938000e+01
         vertex -6.761849e+01 2.880955e+01 -2.988000e+01
      endloop
   endfacet
   facet normal -6.561220e-01 2.638327e-01 -7.070334e-01
      outer loop
         vertex -6.920727e+01 2.619837e+01 -2.938000e+01
         vertex -6.807848e+01 2.900553e+01 -2.938000e+01
         vertex -6.761849e+01 2.880955e+01 -2.988000e+01
      endloop
   endfacet
   facet normal -6.449565e-01 2.900499e-01 -7.070376e-01
      outer loop
         vertex -6.761849e+01 2.880955e+01 -2.988000e+01
         vertex -6.807848e+01 2.900553e+01 -2.938000e+01
         vertex -6.687346e+01 3.168502e+01 -2.938000e+01
      endloop
   endfacet
   facet normal -6.019530e-01 2.856306e-01 -7.456995e-01
      outer loop
         vertex -6.761849e+01 2.880955e+01 -2.988000e+01
         vertex -6.687346e+01 3.168502e+01 -2.938000e+01
         vertex -6.508102e+01 3.415715e+01 -2.988000e+01
      endloop
   endfacet
   facet normal -6.327587e-01 3.157871e-01 -7.070325e-01
      outer loop
         vertex -6.687346e+01 3.168502e+01 -2.938000e+01
         vertex -6.552374e+01 3.438951e+01 -2.938000e+01
         vertex -6.508102e+01 3.415715e+01 -2.988000e+01
      endloop
   endfacet
   facet normal -6.195206e-01 3.410188e-01 -7.070364e-01
      outer loop
         vertex -6.508102e+01 3.415715e+01 -2.988000e+01
         vertex -6.552374e+01 3.438951e+01 -2.938000e+01
         vertex -6.410552e+01 3.696597e+01 -2.938000e+01
      endloop
   endfacet
   facet normal -5.770150e-01 3.331397e-01 -7.457021e-01
      outer loop
         vertex -6.508102e+01 3.415715e+01 -2.988000e+01
         vertex -6.410552e+01 3.696597e+01 -2.938000e+01
         vertex -6.212147e+01 3.928324e+01 -2.988000e+01
      endloop
   endfacet
   facet normal -6.052895e-01 3.656923e-01 -7.070316e-01
      outer loop
         vertex -6.410552e+01 3.696597e+01 -2.938000e+01
         vertex -6.254406e+01 3.955047e+01 -2.938000e+01
         vertex -6.212147e+01 3.928324e+01 -2.988000e+01
      endloop
   endfacet
   facet normal -5.900637e-01 3.897767e-01 -7.070353e-01
      outer loop
         vertex -6.212147e+01 3.928324e+01 -2.988000e+01
         vertex -6.254406e+01 3.955047e+01 -2.938000e+01
         vertex -6.092140e+01 4.200694e+01 -2.938000e+01
      endloop
   endfacet
   facet normal -5.483385e-01 3.784905e-01 -7.457009e-01
      outer loop
         vertex -6.212147e+01 3.928324e+01 -2.988000e+01
         vertex -6.092140e+01 4.200694e+01 -2.938000e+01
         vertex -5.875904e+01 4.415455e+01 -2.988000e+01
      endloop
   endfacet
   facet normal -5.738920e-01 4.132220e-01 -7.070329e-01
      outer loop
         vertex -6.092140e+01 4.200694e+01 -2.938000e+01
         vertex -5.915876e+01 4.445493e+01 -2.938000e+01
         vertex -5.875904e+01 4.415455e+01 -2.988000e+01
      endloop
   endfacet
   facet normal -5.567760e-01 4.360047e-01 -7.070363e-01
      outer loop
         vertex -5.875904e+01 4.415455e+01 -2.988000e+01
         vertex -5.915876e+01 4.445493e+01 -2.938000e+01
         vertex -5.734179e+01 4.677520e+01 -2.938000e+01
      endloop
   endfacet
   facet normal -5.161048e-01 4.213864e-01 -7.457005e-01
      outer loop
         vertex -5.875904e+01 4.415455e+01 -2.988000e+01
         vertex -5.734179e+01 4.677520e+01 -2.938000e+01
         vertex -5.501554e+01 4.873952e+01 -2.988000e+01
      endloop
   endfacet
   facet normal -5.387718e-01 4.580725e-01 -7.070322e-01
      outer loop
         vertex -5.734179e+01 4.677520e+01 -2.938000e+01
         vertex -5.538980e+01 4.907108e+01 -2.938000e+01
         vertex -5.501554e+01 4.873952e+01 -2.988000e+01
      endloop
   endfacet
   facet normal -5.198778e-01 4.794039e-01 -7.070353e-01
      outer loop
         vertex -5.501554e+01 4.873952e+01 -2.988000e+01
         vertex -5.538980e+01 4.907108e+01 -2.938000e+01
         vertex -5.338991e+01 5.123980e+01 -2.938000e+01
      endloop
   endfacet
   facet normal -4.805232e-01 4.615487e-01 -7.457012e-01
      outer loop
         vertex -5.501554e+01 4.873952e+01 -2.988000e+01
         vertex -5.338991e+01 5.123980e+01 -2.938000e+01
         vertex -5.091524e+01 5.300838e+01 -2.988000e+01
      endloop
   endfacet
   facet normal -5.001547e-01 4.999499e-01 -7.070328e-01
      outer loop
         vertex -5.338991e+01 5.123980e+01 -2.938000e+01
         vertex -5.126160e+01 5.336898e+01 -2.938000e+01
         vertex -5.091524e+01 5.300838e+01 -2.988000e+01
      endloop
   endfacet
   facet normal -4.796048e-01 5.196921e-01 -7.070356e-01
      outer loop
         vertex -5.091524e+01 5.300838e+01 -2.988000e+01
         vertex -5.126160e+01 5.336898e+01 -2.938000e+01
         vertex -4.909143e+01 5.537175e+01 -2.938000e+01
      endloop
   endfacet
   facet normal -4.418257e-01 4.987182e-01 -7.457012e-01
      outer loop
         vertex -5.091524e+01 5.300838e+01 -2.988000e+01
         vertex -4.909143e+01 5.537175e+01 -2.938000e+01
         vertex -4.648473e+01 5.693347e+01 -2.988000e+01
      endloop
   endfacet
   facet normal -4.582933e-01 5.385856e-01 -7.070310e-01
      outer loop
         vertex -4.909143e+01 5.537175e+01 -2.938000e+01
         vertex -4.680096e+01 5.732077e+01 -2.938000e+01
         vertex -4.648473e+01 5.693347e+01 -2.988000e+01
      endloop
   endfacet
   facet normal -4.362227e-01 5.566089e-01 -7.070334e-01
      outer loop
         vertex -4.648473e+01 5.693347e+01 -2.988000e+01
         vertex -4.680096e+01 5.732077e+01 -2.938000e+01
         vertex -4.447426e+01 5.914424e+01 -2.938000e+01
      endloop
   endfacet
   facet normal -4.002619e-01 5.326518e-01 -7.457027e-01
      outer loop
         vertex -4.648473e+01 5.693347e+01 -2.988000e+01
         vertex -4.447426e+01 5.914424e+01 -2.938000e+01
         vertex -4.175276e+01 6.048932e+01 -2.988000e+01
      endloop
   endfacet
   facet normal -4.134566e-01 5.737234e-01 -7.070326e-01
      outer loop
         vertex -4.447426e+01 5.914424e+01 -2.938000e+01
         vertex -4.203679e+01 6.090081e+01 -2.938000e+01
         vertex -4.175276e+01 6.048932e+01 -2.988000e+01
      endloop
   endfacet
   facet normal -3.900057e-01 5.899130e-01 -7.070348e-01
      outer loop
         vertex -4.175276e+01 6.048932e+01 -2.988000e+01
         vertex -4.203679e+01 6.090081e+01 -2.938000e+01
         vertex -3.956835e+01 6.253275e+01 -2.938000e+01
      endloop
   endfacet
   facet normal -3.561036e-01 5.631334e-01 -7.457017e-01
      outer loop
         vertex -4.175276e+01 6.048932e+01 -2.988000e+01
         vertex -3.956835e+01 6.253275e+01 -2.938000e+01
         vertex -3.675000e+01 6.365287e+01 -2.988000e+01
      endloop
   endfacet
   facet normal -3.659380e-01 6.051387e-01 -7.070336e-01
      outer loop
         vertex -3.956835e+01 6.253275e+01 -2.938000e+01
         vertex -3.700000e+01 6.408588e+01 -2.938000e+01
         vertex -3.675000e+01 6.365287e+01 -2.988000e+01
      endloop
   endfacet
   facet normal -3.412609e-01 6.193883e-01 -7.070355e-01
      outer loop
         vertex -3.675000e+01 6.365287e+01 -2.988000e+01
         vertex -3.700000e+01 6.408588e+01 -2.938000e+01
         vertex -3.440557e+01 6.551532e+01 -2.938000e+01
      endloop
   endfacet
   facet normal -3.096339e-01 5.899580e-01 -7.457053e-01
      outer loop
         vertex -3.675000e+01 6.365287e+01 -2.988000e+01
         vertex -3.440557e+01 6.551532e+01 -2.938000e+01
         vertex -3.150890e+01 6.640361e+01 -2.988000e+01
      endloop
   endfacet
   facet normal -3.160438e-01 6.326271e-01 -7.070355e-01
      outer loop
         vertex -3.440557e+01 6.551532e+01 -2.938000e+01
         vertex -3.172325e+01 6.685533e+01 -2.938000e+01
         vertex -3.150890e+01 6.640361e+01 -2.988000e+01
      endloop
   endfacet
   facet normal -2.903003e-01 6.448443e-01 -7.070372e-01
      outer loop
         vertex -3.150890e+01 6.640361e+01 -2.988000e+01
         vertex -3.172325e+01 6.685533e+01 -2.938000e+01
         vertex -2.901943e+01 6.807256e+01 -2.938000e+01
      endloop
   endfacet
   facet normal -2.611573e-01 6.129585e-01 -7.457069e-01
      outer loop
         vertex -3.150890e+01 6.640361e+01 -2.988000e+01
         vertex -2.901943e+01 6.807256e+01 -2.938000e+01
         vertex -2.606346e+01 6.872369e+01 -2.988000e+01
      endloop
   endfacet
   facet normal -2.640999e-01 6.560133e-01 -7.070345e-01
      outer loop
         vertex -2.901943e+01 6.807256e+01 -2.938000e+01
         vertex -2.624076e+01 6.919120e+01 -2.938000e+01
         vertex -2.606346e+01 6.872369e+01 -2.988000e+01
      endloop
   endfacet
   facet normal -2.374569e-01 6.661191e-01 -7.070358e-01
      outer loop
         vertex -2.606346e+01 6.872369e+01 -2.988000e+01
         vertex -2.624076e+01 6.919120e+01 -2.938000e+01
         vertex -2.344490e+01 7.018787e+01 -2.938000e+01
      endloop
   endfacet
   facet normal -2.109884e-01 6.319874e-01 -7.457049e-01
      outer loop
         vertex -2.606346e+01 6.872369e+01 -2.988000e+01
         vertex -2.344490e+01 7.018787e+01 -2.938000e+01
         vertex -2.044898e+01 7.059808e+01 -2.988000e+01
      endloop
   endfacet
   facet normal -2.104433e-01 6.751433e-01 -7.070326e-01
      outer loop
         vertex -2.344490e+01 7.018787e+01 -2.938000e+01
         vertex -2.058809e+01 7.107834e+01 -2.938000e+01
         vertex -2.044898e+01 7.059808e+01 -2.988000e+01
      endloop
   endfacet
   facet normal -1.830733e-01 6.830722e-01 -7.070336e-01
      outer loop
         vertex -2.044898e+01 7.059808e+01 -2.988000e+01
         vertex -2.058809e+01 7.107834e+01 -2.938000e+01
         vertex -1.771816e+01 7.184752e+01 -2.938000e+01
      endloop
   endfacet
   facet normal -1.594512e-01 6.469176e-01 -7.457030e-01
      outer loop
         vertex -2.044898e+01 7.059808e+01 -2.988000e+01
         vertex -1.771816e+01 7.184752e+01 -2.938000e+01
         vertex -1.470189e+01 7.201461e+01 -2.988000e+01
      endloop
   endfacet
   facet normal -1.554213e-01 6.898927e-01 -7.070307e-01
      outer loop
         vertex -1.771816e+01 7.184752e+01 -2.938000e+01
         vertex -1.480190e+01 7.250451e+01 -2.938000e+01
         vertex -1.470189e+01 7.201461e+01 -2.988000e+01
      endloop
   endfacet
   facet normal -1.275014e-01 6.955933e-01 -7.070313e-01
      outer loop
         vertex -1.470189e+01 7.201461e+01 -2.988000e+01
         vertex -1.480190e+01 7.250451e+01 -2.938000e+01
         vertex -1.187640e+01 7.304075e+01 -2.938000e+01
      endloop
   endfacet
   facet normal -1.068783e-01 6.576505e-01 -7.457030e-01
      outer loop
         vertex -1.470189e+01 7.201461e+01 -2.988000e+01
         vertex -1.187640e+01 7.304075e+01 -2.938000e+01
         vertex -8.859446e+00 7.296410e+01 -2.988000e+01
      endloop
   endfacet
   facet normal 0.000000e+00 6.662726e-01 -7.457083e-01
      outer loop
         vertex 2.341877e-14 7.400000e+01 -2.938000e+01
         vertex 2.959547e+00 7.344039e+01 -2.988000e+01
         vertex -2.959547e+00 7.344039e+01 -2.988000e+01
      endloop
   endfacet
   facet normal -9.939022e-02 7.001581e-01 -7.070363e-01
      outer loop
         vertex -1.187640e+01 7.304075e+01 -2.938000e+01
         vertex -8.919714e+00 7.346046e+01 -2.938000e+01
         vertex -8.859446e+00 7.296410e+01 -2.988000e+01
      endloop
   endfacet
   facet normal -7.109972e-02 7.035936e-01 -7.070367e-01
      outer loop
         vertex -8.859446e+00 7.296410e+01 -2.988000e+01
         vertex -8.919714e+00 7.346046e+01 -2.938000e+01
         vertex -5.957539e+00 7.375979e+01 -2.938000e+01
      endloop
   endfacet
   facet normal -5.361262e-02 6.641161e-01 -7.457047e-01
      outer loop
         vertex -8.859446e+00 7.296410e+01 -2.988000e+01
         vertex -5.957539e+00 7.375979e+01 -2.938000e+01
         vertex -2.959547e+00 7.344039e+01 -2.988000e+01
      endloop
   endfacet
   facet normal -4.271360e-02 7.058853e-01 -7.070372e-01
      outer loop
         vertex -2.959547e+00 7.344039e+01 -2.988000e+01
         vertex -5.957539e+00 7.375979e+01 -2.938000e+01
         vertex -2.979679e+00 7.393999e+01 -2.938000e+01
      endloop
   endfacet
   facet normal -1.424051e-02 7.070328e-01 -7.070373e-01
      outer loop
         vertex -2.959547e+00 7.344039e+01 -2.988000e+01
         vertex -2.979679e+00 7.393999e+01 -2.938000e+01
         vertex 2.341877e-14 7.400000e+01 -2.938000e+01
      endloop
   endfacet
   facet normal 1.068783e-01 6.576505e-01 -7.457030e-01
      outer loop
         vertex 1.187640e+01 7.304075e+01 -2.938000e+01
         vertex 1.470189e+01 7.201461e+01 -2.988000e+01
         vertex 8.859446e+00 7.296410e+01 -2.988000e+01
      endloop
   endfacet
   facet normal 1.424051e-02 7.070328e-01 -7.070373e-01
      outer loop
         vertex 2.341877e-14 7.400000e+01 -2.938000e+01
         vertex 2.979679e+00 7.393999e+01 -2.938000e+01
         vertex 2.959547e+00 7.344039e+01 -2.988000e+01
      endloop
   endfacet
   facet normal 4.271360e-02 7.058853e-01 -7.070372e-01
      outer loop
         vertex 2.959547e+00 7.344039e+01 -2.988000e+01
         vertex 2.979679e+00 7.393999e+01 -2.938000e+01
         vertex 5.957539e+00 7.375979e+01 -2.938000e+01
      endloop
   endfacet
   facet normal 5.361262e-02 6.641161e-01 -7.457047e-01
      outer loop
         vertex 2.959547e+00 7.344039e+01 -2.988000e+01
         vertex 5.957539e+00 7.375979e+01 -2.938000e+01
         vertex 8.859446e+00 7.296410e+01 -2.988000e+01
      endloop
   endfacet
   facet normal 7.109972e-02 7.035936e-01 -7.070367e-01
      outer loop
         vertex 8.859446e+00 7.296410e+01 -2.988000e+01
         vertex 5.957539e+00 7.375979e+01 -2.938000e+01
         vertex 8.919714e+00 7.346046e+01 -2.938000e+01
      endloop
   endfacet
   facet normal 9.939022e-02 7.001581e-01 -7.070363e-01
      outer loop
         vertex 8.859446e+00 7.296410e+01 -2.988000e+01
         vertex 8.919714e+00 7.346046e+01 -2.938000e+01
         vertex 1.187640e+01 7.304075e+01 -2.938000e+01
      endloop
   endfacet
   facet normal 2.109884e-01 6.319874e-01 -7.457049e-01
      outer loop
         vertex 2.344490e+01 7.018787e+01 -2.938000e+01
         vertex 2.606346e+01 6.872369e+01 -2.988000e+01
         vertex 2.044898e+01 7.059808e+01 -2.988000e+01
      endloop
   endfacet
   facet normal 1.275014e-01 6.955933e-01 -7.070313e-01
      outer loop
         vertex 1.187640e+01 7.304075e+01 -2.938000e+01
         vertex 1.480190e+01 7.250451e+01 -2.938000e+01
         vertex 1.470189e+01 7.201461e+01 -2.988000e+01
      endloop
   endfacet
   facet normal 1.554213e-01 6.898927e-01 -7.070307e-01
      outer loop
         vertex 1.470189e+01 7.201461e+01 -2.988000e+01
         vertex 1.480190e+01 7.250451e+01 -2.938000e+01
         vertex 1.771816e+01 7.184752e+01 -2.938000e+01
      endloop
   endfacet
   facet normal 1.594512e-01 6.469176e-01 -7.457030e-01
      outer loop
         vertex 1.470189e+01 7.201461e+01 -2.988000e+01
         vertex 1.771816e+01 7.184752e+01 -2.938000e+01
         vertex 2.044898e+01 7.059808e+01 -2.988000e+01
      endloop
   endfacet
   facet normal 1.830733e-01 6.830722e-01 -7.070336e-01
      outer loop
         vertex 2.044898e+01 7.059808e+01 -2.988000e+01
         vertex 1.771816e+01 7.184752e+01 -2.938000e+01
         vertex 2.058809e+01 7.107834e+01 -2.938000e+01
      endloop
   endfacet
   facet normal 2.104433e-01 6.751433e-01 -7.070326e-01
      outer loop
         vertex 2.044898e+01 7.059808e+01 -2.988000e+01
         vertex 2.058809e+01 7.107834e+01 -2.938000e+01
         vertex 2.344490e+01 7.018787e+01 -2.938000e+01
      endloop
   endfacet
   facet normal 3.096339e-01 5.899580e-01 -7.457053e-01
      outer loop
         vertex 3.440557e+01 6.551532e+01 -2.938000e+01
         vertex 3.675000e+01 6.365287e+01 -2.988000e+01
         vertex 3.150890e+01 6.640361e+01 -2.988000e+01
      endloop
   endfacet
   facet normal 2.374569e-01 6.661191e-01 -7.070358e-01
      outer loop
         vertex 2.344490e+01 7.018787e+01 -2.938000e+01
         vertex 2.624076e+01 6.919120e+01 -2.938000e+01
         vertex 2.606346e+01 6.872369e+01 -2.988000e+01
      endloop
   endfacet
   facet normal 2.640999e-01 6.560133e-01 -7.070345e-01
      outer loop
         vertex 2.606346e+01 6.872369e+01 -2.988000e+01
         vertex 2.624076e+01 6.919120e+01 -2.938000e+01
         vertex 2.901943e+01 6.807256e+01 -2.938000e+01
      endloop
   endfacet
   facet normal 2.611573e-01 6.129585e-01 -7.457069e-01
      outer loop
         vertex 2.606346e+01 6.872369e+01 -2.988000e+01
         vertex 2.901943e+01 6.807256e+01 -2.938000e+01
         vertex 3.150890e+01 6.640361e+01 -2.988000e+01
      endloop
   endfacet
   facet normal 2.903003e-01 6.448443e-01 -7.070372e-01
      outer loop
         vertex 3.150890e+01 6.640361e+01 -2.988000e+01
         vertex 2.901943e+01 6.807256e+01 -2.938000e+01
         vertex 3.172325e+01 6.685533e+01 -2.938000e+01
      endloop
   endfacet
   facet normal 3.160438e-01 6.326271e-01 -7.070355e-01
      outer loop
         vertex 3.150890e+01 6.640361e+01 -2.988000e+01
         vertex 3.172325e+01 6.685533e+01 -2.938000e+01
         vertex 3.440557e+01 6.551532e+01 -2.938000e+01
      endloop
   endfacet
   facet normal 4.002619e-01 5.326518e-01 -7.457027e-01
      outer loop
         vertex 4.447426e+01 5.914424e+01 -2.938000e+01
         vertex 4.648473e+01 5.693347e+01 -2.988000e+01
         vertex 4.175276e+01 6.048932e+01 -2.988000e+01
      endloop
   endfacet
   facet normal 3.412609e-01 6.193883e-01 -7.070355e-01
      outer loop
         vertex 3.440557e+01 6.551532e+01 -2.938000e+01
         vertex 3.700000e+01 6.408588e+01 -2.938000e+01
         vertex 3.675000e+01 6.365287e+01 -2.988000e+01
      endloop
   endfacet
   facet normal 3.659380e-01 6.051387e-01 -7.070336e-01
      outer loop
         vertex 3.675000e+01 6.365287e+01 -2.988000e+01
         vertex 3.700000e+01 6.408588e+01 -2.938000e+01
         vertex 3.956835e+01 6.253275e+01 -2.938000e+01
      endloop
   endfacet
   facet normal 3.561036e-01 5.631334e-01 -7.457017e-01
      outer loop
         vertex 3.675000e+01 6.365287e+01 -2.988000e+01
         vertex 3.956835e+01 6.253275e+01 -2.938000e+01
         vertex 4.175276e+01 6.048932e+01 -2.988000e+01
      endloop
   endfacet
   facet normal 3.900057e-01 5.899130e-01 -7.070348e-01
      outer loop
         vertex 4.175276e+01 6.048932e+01 -2.988000e+01
         vertex 3.956835e+01 6.253275e+01 -2.938000e+01
         vertex 4.203679e+01 6.090081e+01 -2.938000e+01
      endloop
   endfacet
   facet normal 4.134566e-01 5.737234e-01 -7.070326e-01
      outer loop
         vertex 4.175276e+01 6.048932e+01 -2.988000e+01
         vertex 4.203679e+01 6.090081e+01 -2.938000e+01
         vertex 4.447426e+01 5.914424e+01 -2.938000e+01
      endloop
   endfacet
   facet normal 4.805232e-01 4.615487e-01 -7.457012e-01
      outer loop
         vertex 5.338991e+01 5.123980e+01 -2.938000e+01
         vertex 5.501554e+01 4.873952e+01 -2.988000e+01
         vertex 5.091524e+01 5.300838e+01 -2.988000e+01
      endloop
   endfacet
   facet normal 4.362227e-01 5.566089e-01 -7.070334e-01
      outer loop
         vertex 4.447426e+01 5.914424e+01 -2.938000e+01
         vertex 4.680096e+01 5.732077e+01 -2.938000e+01
         vertex 4.648473e+01 5.693347e+01 -2.988000e+01
      endloop
   endfacet
   facet normal 4.582933e-01 5.385856e-01 -7.070310e-01
      outer loop
         vertex 4.648473e+01 5.693347e+01 -2.988000e+01
         vertex 4.680096e+01 5.732077e+01 -2.938000e+01
         vertex 4.909143e+01 5.537175e+01 -2.938000e+01
      endloop
   endfacet
   facet normal 4.418257e-01 4.987182e-01 -7.457012e-01
      outer loop
         vertex 4.648473e+01 5.693347e+01 -2.988000e+01
         vertex 4.909143e+01 5.537175e+01 -2.938000e+01
         vertex 5.091524e+01 5.300838e+01 -2.988000e+01
      endloop
   endfacet
   facet normal 4.796048e-01 5.196921e-01 -7.070356e-01
      outer loop
         vertex 5.091524e+01 5.300838e+01 -2.988000e+01
         vertex 4.909143e+01 5.537175e+01 -2.938000e+01
         vertex 5.126160e+01 5.336898e+01 -2.938000e+01
      endloop
   endfacet
   facet normal 5.001547e-01 4.999499e-01 -7.070328e-01
      outer loop
         vertex 5.091524e+01 5.300838e+01 -2.988000e+01
         vertex 5.126160e+01 5.336898e+01 -2.938000e+01
         vertex 5.338991e+01 5.123980e+01 -2.938000e+01
      endloop
   endfacet
   facet normal 5.483385e-01 3.784905e-01 -7.457009e-01
      outer loop
         vertex 6.092140e+01 4.200694e+01 -2.938000e+01
         vertex 6.212147e+01 3.928324e+01 -2.988000e+01
         vertex 5.875904e+01 4.415455e+01 -2.988000e+01
      endloop
   endfacet
   facet normal 5.198778e-01 4.794039e-01 -7.070353e-01
      outer loop
         vertex 5.338991e+01 5.123980e+01 -2.938000e+01
         vertex 5.538980e+01 4.907108e+01 -2.938000e+01
         vertex 5.501554e+01 4.873952e+01 -2.988000e+01
      endloop
   endfacet
   facet normal 5.387718e-01 4.580725e-01 -7.070322e-01
      outer loop
         vertex 5.501554e+01 4.873952e+01 -2.988000e+01
         vertex 5.538980e+01 4.907108e+01 -2.938000e+01
         vertex 5.734179e+01 4.677520e+01 -2.938000e+01
      endloop
   endfacet
   facet normal 5.161048e-01 4.213864e-01 -7.457005e-01
      outer loop
         vertex 5.501554e+01 4.873952e+01 -2.988000e+01
         vertex 5.734179e+01 4.677520e+01 -2.938000e+01
         vertex 5.875904e+01 4.415455e+01 -2.988000e+01
      endloop
   endfacet
   facet normal 5.567760e-01 4.360047e-01 -7.070363e-01
      outer loop
         vertex 5.875904e+01 4.415455e+01 -2.988000e+01
         vertex 5.734179e+01 4.677520e+01 -2.938000e+01
         vertex 5.915876e+01 4.445493e+01 -2.938000e+01
      endloop
   endfacet
   facet normal 5.738920e-01 4.132220e-01 -7.070329e-01
      outer loop
         vertex 5.875904e+01 4.415455e+01 -2.988000e+01
         vertex 5.915876e+01 4.445493e+01 -2.938000e+01
         vertex 6.092140e+01 4.200694e+01 -2.938000e+01
      endloop
   endfacet
   facet normal 6.019530e-01 2.856306e-01 -7.456995e-01
      outer loop
         vertex 6.687346e+01 3.168502e+01 -2.938000e+01
         vertex 6.761849e+01 2.880955e+01 -2.988000e+01
         vertex 6.508102e+01 3.415715e+01 -2.988000e+01
      endloop
   endfacet
   facet normal 5.900637e-01 3.897767e-01 -7.070353e-01
      outer loop
         vertex 6.092140e+01 4.200694e+01 -2.938000e+01
         vertex 6.254406e+01 3.955047e+01 -2.938000e+01
         vertex 6.212147e+01 3.928324e+01 -2.988000e+01
      endloop
   endfacet
   facet normal 6.052895e-01 3.656923e-01 -7.070316e-01
      outer loop
         vertex 6.212147e+01 3.928324e+01 -2.988000e+01
         vertex 6.254406e+01 3.955047e+01 -2.938000e+01
         vertex 6.410552e+01 3.696597e+01 -2.938000e+01
      endloop
   endfacet
   facet normal 5.770150e-01 3.331397e-01 -7.457021e-01
      outer loop
         vertex 6.212147e+01 3.928324e+01 -2.988000e+01
         vertex 6.410552e+01 3.696597e+01 -2.938000e+01
         vertex 6.508102e+01 3.415715e+01 -2.988000e+01
      endloop
   endfacet
   facet normal 6.195206e-01 3.410188e-01 -7.070364e-01
      outer loop
         vertex 6.508102e+01 3.415715e+01 -2.988000e+01
         vertex 6.410552e+01 3.696597e+01 -2.938000e+01
         vertex 6.552374e+01 3.438951e+01 -2.938000e+01
      endloop
   endfacet
   facet normal 6.327587e-01 3.157871e-01 -7.070325e-01
      outer loop
         vertex 6.508102e+01 3.415715e+01 -2.988000e+01
         vertex 6.552374e+01 3.438951e+01 -2.938000e+01
         vertex 6.687346e+01 3.168502e+01 -2.938000e+01
      endloop
   endfacet
   facet normal 6.399805e-01 1.853725e-01 -7.456956e-01
      outer loop
         vertex 7.109178e+01 2.054164e+01 -2.938000e+01
         vertex 7.136422e+01 1.758970e+01 -2.988000e+01
         vertex 6.971743e+01 2.327510e+01 -2.988000e+01
      endloop
   endfacet
   facet normal 6.449565e-01 2.900499e-01 -7.070376e-01
      outer loop
         vertex 6.687346e+01 3.168502e+01 -2.938000e+01
         vertex 6.807848e+01 2.900553e+01 -2.938000e+01
         vertex 6.761849e+01 2.880955e+01 -2.988000e+01
      endloop
   endfacet
   facet normal 6.561220e-01 2.638327e-01 -7.070334e-01
      outer loop
         vertex 6.761849e+01 2.880955e+01 -2.988000e+01
         vertex 6.807848e+01 2.900553e+01 -2.938000e+01
         vertex 6.920727e+01 2.619837e+01 -2.938000e+01
      endloop
   endfacet
   facet normal 6.229867e-01 2.362678e-01 -7.456978e-01
      outer loop
         vertex 6.761849e+01 2.880955e+01 -2.988000e+01
         vertex 6.920727e+01 2.619837e+01 -2.938000e+01
         vertex 6.971743e+01 2.327510e+01 -2.988000e+01
      endloop
   endfacet
   facet normal 6.662114e-01 2.371985e-01 -7.070356e-01
      outer loop
         vertex 6.971743e+01 2.327510e+01 -2.988000e+01
         vertex 6.920727e+01 2.619837e+01 -2.938000e+01
         vertex 7.019170e+01 2.343343e+01 -2.938000e+01
      endloop
   endfacet
   facet normal 6.752306e-01 2.101683e-01 -7.070310e-01
      outer loop
         vertex 6.971743e+01 2.327510e+01 -2.988000e+01
         vertex 7.019170e+01 2.343343e+01 -2.938000e+01
         vertex 7.109178e+01 2.054164e+01 -2.938000e+01
      endloop
   endfacet
   facet normal 6.614319e-01 8.031235e-02 -7.456928e-01
      outer loop
         vertex 7.346699e+01 8.865707e+00 -2.938000e+01
         vertex 7.326166e+01 5.914293e+00 -2.988000e+01
         vertex 7.254820e+01 1.179023e+01 -2.988000e+01
      endloop
   endfacet
   facet normal 6.831390e-01 1.828079e-01 -7.070377e-01
      outer loop
         vertex 7.109178e+01 2.054164e+01 -2.938000e+01
         vertex 7.184970e+01 1.770936e+01 -2.938000e+01
         vertex 7.136422e+01 1.758970e+01 -2.988000e+01
      endloop
   endfacet
   facet normal 6.899541e-01 1.551377e-01 -7.070329e-01
      outer loop
         vertex 7.136422e+01 1.758970e+01 -2.988000e+01
         vertex 7.184970e+01 1.770936e+01 -2.938000e+01
         vertex 7.251476e+01 1.475156e+01 -2.938000e+01
      endloop
   endfacet
   facet normal 6.528247e-01 1.332752e-01 -7.456928e-01
      outer loop
         vertex 7.136422e+01 1.758970e+01 -2.988000e+01
         vertex 7.251476e+01 1.475156e+01 -2.938000e+01
         vertex 7.254820e+01 1.179023e+01 -2.988000e+01
      endloop
   endfacet
   facet normal 6.956362e-01 1.272319e-01 -7.070377e-01
      outer loop
         vertex 7.254820e+01 1.179023e+01 -2.988000e+01
         vertex 7.251476e+01 1.475156e+01 -2.938000e+01
         vertex 7.304172e+01 1.187043e+01 -2.938000e+01
      endloop
   endfacet
   facet normal 7.002025e-01 9.910258e-02 -7.070326e-01
      outer loop
         vertex 7.254820e+01 1.179023e+01 -2.988000e+01
         vertex 7.304172e+01 1.187043e+01 -2.938000e+01
         vertex 7.346699e+01 8.865707e+00 -2.938000e+01
      endloop
   endfacet
   facet normal 7.036220e-01 7.082823e-02 -7.070356e-01
      outer loop
         vertex 7.346699e+01 8.865707e+00 -2.938000e+01
         vertex 7.376004e+01 5.954526e+00 -2.938000e+01
         vertex 7.326166e+01 5.914293e+00 -2.988000e+01
      endloop
   endfacet
   facet normal 7.059096e-01 4.242447e-02 -7.070302e-01
      outer loop
         vertex 7.326166e+01 5.914293e+00 -2.988000e+01
         vertex 7.376004e+01 5.954526e+00 -2.938000e+01
         vertex 7.394227e+01 2.922301e+00 -2.938000e+01
      endloop
   endfacet
   facet normal 6.657516e-01 2.682874e-02 -7.456909e-01
      outer loop
         vertex 7.326166e+01 5.914293e+00 -2.988000e+01
         vertex 7.394227e+01 2.922301e+00 -2.938000e+01
         vertex 7.350000e+01 0.000000e+00 -2.988000e+01
      endloop
   endfacet
   facet normal 7.070378e-01 1.396682e-02 -7.070378e-01
      outer loop
         vertex 7.350000e+01 0.000000e+00 -2.988000e+01
         vertex 7.394227e+01 2.922301e+00 -2.938000e+01
         vertex 7.400000e+01 0.000000e+00 -2.938000e+01
      endloop
   endfacet
   facet normal 7.070321e-01 -1.452941e-02 -7.070321e-01
      outer loop
         vertex 7.350000e+01 0.000000e+00 -2.988000e+01
         vertex 7.400000e+01 0.000000e+00 -2.938000e+01
         vertex 7.393753e+01 -3.040076e+00 -2.938000e+01
      endloop
   endfacet
   facet normal -3.017938e-01 -6.323803e-01 7.134533e-01
      outer loop
         vertex -3.313301e+01 -6.279493e+01 0.000000e+00
         vertex -3.246152e+01 -6.650000e+01 -3.000000e+00
         vertex -2.797701e+01 -6.525555e+01 0.000000e+00
      endloop
   endfacet
   facet normal -2.945409e-01 -6.429594e-01 7.069999e-01
      outer loop
         vertex -2.797701e+01 -6.525555e+01 0.000000e+00
         vertex -3.246152e+01 -6.650000e+01 -3.000000e+00
         vertex -2.851055e+01 -6.650000e+01 -1.353999e+00
      endloop
   endfacet
   facet normal -2.632908e-01 -6.563666e-01 7.070084e-01
      outer loop
         vertex -2.797701e+01 -6.525555e+01 0.000000e+00
         vertex -2.851055e+01 -6.650000e+01 -1.353999e+00
         vertex -2.487469e+01 -6.650000e+01 0.000000e+00
      endloop
   endfacet
   facet normal 2.977928e-01 -6.327500e-01 7.148055e-01
      outer loop
         vertex 3.246152e+01 -6.650000e+01 -3.000000e+00
         vertex 3.313301e+01 -6.279493e+01 0.000000e+00
         vertex 2.851055e+01 -6.650000e+01 -1.353999e+00
      endloop
   endfacet
   facet normal 3.046755e-01 -6.384187e-01 7.068200e-01
      outer loop
         vertex 2.851055e+01 -6.650000e+01 -1.353999e+00
         vertex 3.313301e+01 -6.279493e+01 0.000000e+00
         vertex 2.797701e+01 -6.525555e+01 0.000000e+00
      endloop
   endfacet
   facet normal 2.632908e-01 -6.563666e-01 7.070084e-01
      outer loop
         vertex 2.851055e+01 -6.650000e+01 -1.353999e+00
         vertex 2.797701e+01 -6.525555e+01 0.000000e+00
         vertex 2.487469e+01 -6.650000e+01 0.000000e+00
      endloop
   endfacet
   facet normal 3.201423e-01 -6.305318e-01 7.070633e-01
      outer loop
         vertex 3.246152e+01 -6.650000e+01 -3.000000e+00
         vertex 3.453300e+01 -6.544824e+01 -3.000000e+00
         vertex 3.313301e+01 -6.279493e+01 0.000000e+00
      endloop
   endfacet
   facet normal 3.539554e-01 -6.124431e-01 7.068444e-01
      outer loop
         vertex 3.313301e+01 -6.279493e+01 0.000000e+00
         vertex 3.453300e+01 -6.544824e+01 -3.000000e+00
         vertex 3.946869e+01 -6.259570e+01 -3.000000e+00
      endloop
   endfacet
   facet normal 3.544393e-01 -6.108592e-01 7.079716e-01
      outer loop
         vertex 3.313301e+01 -6.279493e+01 0.000000e+00
         vertex 3.946869e+01 -6.259570e+01 -3.000000e+00
         vertex 3.807449e+01 -5.992774e+01 0.000000e+00
      endloop
   endfacet
   facet normal 3.781662e-01 -5.974872e-01 7.071063e-01
      outer loop
         vertex 3.946869e+01 -6.259570e+01 -3.000000e+00
         vertex 3.968327e+01 -6.245989e+01 -3.000000e+00
         vertex 3.807449e+01 -5.992774e+01 0.000000e+00
      endloop
   endfacet
   facet normal 4.020818e-01 -5.819814e-01 7.068436e-01
      outer loop
         vertex 3.807449e+01 -5.992774e+01 0.000000e+00
         vertex 3.968327e+01 -6.245989e+01 -3.000000e+00
         vertex 4.437999e+01 -5.921500e+01 -3.000000e+00
      endloop
   endfacet
   facet normal 4.024248e-01 -5.804128e-01 7.079373e-01
      outer loop
         vertex 3.807449e+01 -5.992774e+01 0.000000e+00
         vertex 4.437999e+01 -5.921500e+01 -3.000000e+00
         vertex 4.276944e+01 -5.667252e+01 0.000000e+00
      endloop
   endfacet
   facet normal 4.250127e-01 -5.651238e-01 7.071063e-01
      outer loop
         vertex 4.437999e+01 -5.921500e+01 -3.000000e+00
         vertex 4.457660e+01 -5.906714e+01 -3.000000e+00
         vertex 4.276944e+01 -5.667252e+01 0.000000e+00
      endloop
   endfacet
   facet normal 4.476014e-01 -5.477465e-01 7.068428e-01
      outer loop
         vertex 4.276944e+01 -5.667252e+01 0.000000e+00
         vertex 4.457660e+01 -5.906714e+01 -3.000000e+00
         vertex 4.900317e+01 -5.544988e+01 -3.000000e+00
      endloop
   endfacet
   facet normal 4.478093e-01 -5.462053e-01 7.079029e-01
      outer loop
         vertex 4.276944e+01 -5.667252e+01 0.000000e+00
         vertex 4.900317e+01 -5.544988e+01 -3.000000e+00
         vertex 4.718747e+01 -5.305038e+01 0.000000e+00
      endloop
   endfacet
   facet normal 4.691031e-01 -5.290964e-01 7.071063e-01
      outer loop
         vertex 4.900317e+01 -5.544988e+01 -3.000000e+00
         vertex 4.918131e+01 -5.529194e+01 -3.000000e+00
         vertex 4.718747e+01 -5.305038e+01 0.000000e+00
      endloop
   endfacet
   facet normal 4.902195e-01 -5.099599e-01 7.068420e-01
      outer loop
         vertex 4.718747e+01 -5.305038e+01 0.000000e+00
         vertex 4.918131e+01 -5.529194e+01 -3.000000e+00
         vertex 5.330823e+01 -5.132478e+01 -3.000000e+00
      endloop
   endfacet
   facet normal 4.902990e-01 -5.084580e-01 7.078681e-01
      outer loop
         vertex 4.718747e+01 -5.305038e+01 0.000000e+00
         vertex 5.330823e+01 -5.132478e+01 -3.000000e+00
         vertex 5.129998e+01 -4.908474e+01 0.000000e+00
      endloop
   endfacet
   facet normal 5.101453e-01 -4.896452e-01 7.071064e-01
      outer loop
         vertex 5.330823e+01 -5.132478e+01 -3.000000e+00
         vertex 5.346759e+01 -5.115874e+01 -3.000000e+00
         vertex 5.129998e+01 -4.908474e+01 0.000000e+00
      endloop
   endfacet
   facet normal 5.296590e-01 -4.688675e-01 7.068413e-01
      outer loop
         vertex 5.129998e+01 -4.908474e+01 0.000000e+00
         vertex 5.346759e+01 -5.115874e+01 -3.000000e+00
         vertex 5.726721e+01 -4.686648e+01 -3.000000e+00
      endloop
   endfacet
   facet normal 5.296178e-01 -4.674143e-01 7.078339e-01
      outer loop
         vertex 5.129998e+01 -4.908474e+01 0.000000e+00
         vertex 5.726721e+01 -4.686648e+01 -3.000000e+00
         vertex 5.508034e+01 -4.480130e+01 0.000000e+00
      endloop
   endfacet
   facet normal 5.478924e-01 -4.470060e-01 7.071064e-01
      outer loop
         vertex 5.726721e+01 -4.686648e+01 -3.000000e+00
         vertex 5.740767e+01 -4.669431e+01 -3.000000e+00
         vertex 5.508034e+01 -4.480130e+01 0.000000e+00
      endloop
   endfacet
   facet normal 5.656647e-01 -4.247350e-01 7.068406e-01
      outer loop
         vertex 5.508034e+01 -4.480130e+01 0.000000e+00
         vertex 5.740767e+01 -4.669431e+01 -3.000000e+00
         vertex 6.085441e+01 -4.210392e+01 -3.000000e+00
      endloop
   endfacet
   facet normal 5.655113e-01 -4.233410e-01 7.077989e-01
      outer loop
         vertex 5.508034e+01 -4.480130e+01 0.000000e+00
         vertex 6.085441e+01 -4.210392e+01 -3.000000e+00
         vertex 5.850406e+01 -4.022778e+01 0.000000e+00
      endloop
   endfacet
   facet normal 5.820792e-01 -4.014780e-01 7.071063e-01
      outer loop
         vertex 6.085441e+01 -4.210392e+01 -3.000000e+00
         vertex 6.097607e+01 -4.192755e+01 -3.000000e+00
         vertex 5.850406e+01 -4.022778e+01 0.000000e+00
      endloop
   endfacet
   facet normal 5.980032e-01 -3.778489e-01 7.068397e-01
      outer loop
         vertex 5.850406e+01 -4.022778e+01 0.000000e+00
         vertex 6.097607e+01 -4.192755e+01 -3.000000e+00
         vertex 6.404655e+01 -3.706803e+01 -3.000000e+00
      endloop
   endfacet
   facet normal 5.977470e-01 -3.765218e-01 7.077640e-01
      outer loop
         vertex 5.850406e+01 -4.022778e+01 0.000000e+00
         vertex 6.404655e+01 -3.706803e+01 -3.000000e+00
         vertex 6.154900e+01 -3.539380e+01 0.000000e+00
      endloop
   endfacet
   facet normal 6.124934e-01 -3.533449e-01 7.071062e-01
      outer loop
         vertex 6.404655e+01 -3.706803e+01 -3.000000e+00
         vertex 6.414966e+01 -3.688931e+01 -3.000000e+00
         vertex 6.154900e+01 -3.539380e+01 0.000000e+00
      endloop
   endfacet
   facet normal 6.264647e-01 -3.285129e-01 7.068389e-01
      outer loop
         vertex 6.154900e+01 -3.539380e+01 0.000000e+00
         vertex 6.414966e+01 -3.688931e+01 -3.000000e+00
         vertex 6.682291e+01 -3.179150e+01 -3.000000e+00
      endloop
   endfacet
   facet normal 6.261153e-01 -3.272599e-01 7.077292e-01
      outer loop
         vertex 6.154900e+01 -3.539380e+01 0.000000e+00
         vertex 6.682291e+01 -3.179150e+01 -3.000000e+00
         vertex 6.419542e+01 -3.033066e+01 0.000000e+00
      endloop
   endfacet
   facet normal 6.389377e-01 -3.029181e-01 7.071063e-01
      outer loop
         vertex 6.682291e+01 -3.179150e+01 -3.000000e+00
         vertex 6.690790e+01 -3.161223e+01 -3.000000e+00
         vertex 6.419542e+01 -3.033066e+01 0.000000e+00
      endloop
   endfacet
   facet normal 6.508650e-01 -2.770462e-01 7.068382e-01
      outer loop
         vertex 6.419542e+01 -3.033066e+01 0.000000e+00
         vertex 6.690790e+01 -3.161223e+01 -3.000000e+00
         vertex 6.916545e+01 -2.630857e+01 -3.000000e+00
      endloop
   endfacet
   facet normal 6.504328e-01 -2.758740e-01 7.076939e-01
      outer loop
         vertex 6.419542e+01 -3.033066e+01 0.000000e+00
         vertex 6.916545e+01 -2.630857e+01 -3.000000e+00
         vertex 6.642619e+01 -2.507113e+01 0.000000e+00
      endloop
   endfacet
   facet normal 6.612365e-01 -2.505337e-01 7.071062e-01
      outer loop
         vertex 6.916545e+01 -2.630857e+01 -3.000000e+00
         vertex 6.923293e+01 -2.613047e+01 -3.000000e+00
         vertex 6.642619e+01 -2.507113e+01 0.000000e+00
      endloop
   endfacet
   facet normal 6.710453e-01 -2.237839e-01 7.068373e-01
      outer loop
         vertex 6.642619e+01 -2.507113e+01 0.000000e+00
         vertex 6.923293e+01 -2.613047e+01 -3.000000e+00
         vertex 7.105897e+01 -2.065485e+01 -3.000000e+00
      endloop
   endfacet
   facet normal 6.705413e-01 -2.226976e-01 7.076582e-01
      outer loop
         vertex 6.642619e+01 -2.507113e+01 0.000000e+00
         vertex 7.105897e+01 -2.065485e+01 -3.000000e+00
         vertex 6.822687e+01 -1.964927e+01 0.000000e+00
      endloop
   endfacet
   facet normal 6.792443e-01 -1.965398e-01 7.071063e-01
      outer loop
         vertex 7.105897e+01 -2.065485e+01 -3.000000e+00
         vertex 7.110970e+01 -2.047952e+01 -3.000000e+00
         vertex 6.822687e+01 -1.964927e+01 0.000000e+00
      endloop
   endfacet
   facet normal 6.868750e-01 -1.690702e-01 7.068367e-01
      outer loop
         vertex 6.822687e+01 -1.964927e+01 0.000000e+00
         vertex 7.110970e+01 -2.047952e+01 -3.000000e+00
         vertex 7.249118e+01 -1.486704e+01 -3.000000e+00
      endloop
   endfacet
   facet normal 6.863097e-01 -1.680729e-01 7.076231e-01
      outer loop
         vertex 6.822687e+01 -1.964927e+01 0.000000e+00
         vertex 7.249118e+01 -1.486704e+01 -3.000000e+00
         vertex 6.958581e+01 -1.410019e+01 0.000000e+00
      endloop
   endfacet
   facet normal 6.928542e-01 -1.412566e-01 7.071065e-01
      outer loop
         vertex 7.249118e+01 -1.486704e+01 -3.000000e+00
         vertex 7.252605e+01 -1.469598e+01 -3.000000e+00
         vertex 6.958581e+01 -1.410019e+01 0.000000e+00
      endloop
   endfacet
   facet normal 6.982512e-01 -1.132606e-01 7.068361e-01
      outer loop
         vertex 6.958581e+01 -1.410019e+01 0.000000e+00
         vertex 7.252605e+01 -1.469598e+01 -3.000000e+00
         vertex 7.345278e+01 -8.982717e+00 -3.000000e+00
      endloop
   endfacet
   facet normal 6.976361e-01 -1.123552e-01 7.075876e-01
      outer loop
         vertex 6.958581e+01 -1.410019e+01 0.000000e+00
         vertex 7.345278e+01 -8.982717e+00 -3.000000e+00
         vertex 7.049420e+01 -8.459821e+00 0.000000e+00
      endloop
   endfacet
   facet normal 7.019752e-01 -8.504096e-02 7.071060e-01
      outer loop
         vertex 7.345278e+01 -8.982717e+00 -3.000000e+00
         vertex 7.347282e+01 -8.817279e+00 -3.000000e+00
         vertex 7.049420e+01 -8.459821e+00 0.000000e+00
      endloop
   endfacet
   facet normal 7.051012e-01 -5.671705e-02 7.068348e-01
      outer loop
         vertex 7.049420e+01 -8.459821e+00 0.000000e+00
         vertex 7.347282e+01 -8.817279e+00 -3.000000e+00
         vertex 7.393753e+01 -3.040076e+00 -3.000000e+00
      endloop
   endfacet
   facet normal 7.044456e-01 -5.590298e-02 7.075530e-01
      outer loop
         vertex 7.049420e+01 -8.459821e+00 0.000000e+00
         vertex 7.393753e+01 -3.040076e+00 -3.000000e+00
         vertex 7.094615e+01 -2.764673e+00 0.000000e+00
      endloop
   endfacet
   facet normal 7.065410e-01 -2.828156e-02 7.071067e-01
      outer loop
         vertex 7.393753e+01 -3.040076e+00 -3.000000e+00
         vertex 7.394388e+01 -2.881491e+00 -3.000000e+00
         vertex 7.094615e+01 -2.764673e+00 0.000000e+00
      endloop
   endfacet
   facet normal 7.073786e-01 1.952400e-04 7.068348e-01
      outer loop
         vertex 7.094615e+01 -2.764673e+00 0.000000e+00
         vertex 7.394388e+01 -2.881491e+00 -3.000000e+00
         vertex 7.394227e+01 2.922301e+00 -3.000000e+00
      endloop
   endfacet
   facet normal 7.066963e-01 9.142537e-04 7.075164e-01
      outer loop
         vertex 7.094615e+01 -2.764673e+00 0.000000e+00
         vertex 7.394227e+01 2.922301e+00 -3.000000e+00
         vertex 7.093876e+01 2.948375e+00 0.000000e+00
      endloop
   endfacet
   facet normal 7.065270e-01 2.865190e-02 7.071058e-01
      outer loop
         vertex 7.394227e+01 2.922301e+00 -3.000000e+00
         vertex 7.393616e+01 3.072954e+00 -3.000000e+00
         vertex 7.093876e+01 2.948375e+00 0.000000e+00
      endloop
   endfacet
   facet normal 7.050715e-01 5.710563e-02 7.068332e-01
      outer loop
         vertex 7.093876e+01 2.948375e+00 0.000000e+00
         vertex 7.393616e+01 3.072954e+00 -3.000000e+00
         vertex 7.346699e+01 8.865707e+00 -3.000000e+00
      endloop
   endfacet
   facet normal 7.043703e-01 5.773360e-02 7.074809e-01
      outer loop
         vertex 7.093876e+01 2.948375e+00 0.000000e+00
         vertex 7.346699e+01 8.865707e+00 -3.000000e+00
         vertex 7.047205e+01 8.642334e+00 0.000000e+00
      endloop
   endfacet
   facet normal 7.019331e-01 8.538345e-02 7.071065e-01
      outer loop
         vertex 7.346699e+01 8.865707e+00 -3.000000e+00
         vertex 7.344975e+01 9.007502e+00 -3.000000e+00
         vertex 7.047205e+01 8.642334e+00 0.000000e+00
      endloop
   endfacet
   facet normal 6.981915e-01 1.136472e-01 7.068331e-01
      outer loop
         vertex 7.047205e+01 8.642334e+00 0.000000e+00
         vertex 7.344975e+01 9.007502e+00 -3.000000e+00
         vertex 7.251476e+01 1.475156e+01 -3.000000e+00
      endloop
   endfacet
   facet normal 6.974835e-01 1.141845e-01 7.074451e-01
      outer loop
         vertex 7.047205e+01 8.642334e+00 0.000000e+00
         vertex 7.251476e+01 1.475156e+01 -3.000000e+00
         vertex 6.954906e+01 1.428034e+01 0.000000e+00
      endloop
   endfacet
   facet normal 6.927908e-01 1.415652e-01 7.071069e-01
      outer loop
         vertex 7.251476e+01 1.475156e+01 -3.000000e+00
         vertex 7.248776e+01 1.488373e+01 -3.000000e+00
         vertex 6.954906e+01 1.428034e+01 0.000000e+00
      endloop
   endfacet
   facet normal 6.867853e-01 1.694507e-01 7.068327e-01
      outer loop
         vertex 6.954906e+01 1.428034e+01 0.000000e+00
         vertex 7.248776e+01 1.488373e+01 -3.000000e+00
         vertex 7.109178e+01 2.054164e+01 -3.000000e+00
      endloop
   endfacet
   facet normal 6.860798e-01 1.699009e-01 7.074095e-01
      outer loop
         vertex 6.954906e+01 1.428034e+01 0.000000e+00
         vertex 7.109178e+01 2.054164e+01 -3.000000e+00
         vertex 6.817576e+01 1.982588e+01 0.000000e+00
      endloop
   endfacet
   facet normal 6.791447e-01 1.968836e-01 7.071063e-01
      outer loop
         vertex 7.109178e+01 2.054164e+01 -3.000000e+00
         vertex 7.105643e+01 2.066359e+01 -3.000000e+00
         vertex 6.817576e+01 1.982588e+01 0.000000e+00
      endloop
   endfacet
   facet normal 6.709275e-01 2.241556e-01 7.068313e-01
      outer loop
         vertex 6.817576e+01 1.982588e+01 0.000000e+00
         vertex 7.105643e+01 2.066359e+01 -3.000000e+00
         vertex 6.920727e+01 2.619837e+01 -3.000000e+00
      endloop
   endfacet
   facet normal 6.702329e-01 2.245233e-01 7.073734e-01
      outer loop
         vertex 6.817576e+01 1.982588e+01 0.000000e+00
         vertex 6.920727e+01 2.619837e+01 -3.000000e+00
         vertex 6.636105e+01 2.524305e+01 0.000000e+00
      endloop
   endfacet
   facet normal 6.611116e-01 2.508615e-01 7.071068e-01
      outer loop
         vertex 6.920727e+01 2.619837e+01 -3.000000e+00
         vertex 6.916504e+01 2.630966e+01 -3.000000e+00
         vertex 6.636105e+01 2.524305e+01 0.000000e+00
      endloop
   endfacet
   facet normal 6.507183e-01 2.774085e-01 7.068311e-01
      outer loop
         vertex 6.636105e+01 2.524305e+01 0.000000e+00
         vertex 6.916504e+01 2.630966e+01 -3.000000e+00
         vertex 6.687346e+01 3.168502e+01 -3.000000e+00
      endloop
   endfacet
   facet normal 6.500437e-01 2.776982e-01 7.073379e-01
      outer loop
         vertex 6.636105e+01 2.524305e+01 0.000000e+00
         vertex 6.687346e+01 3.168502e+01 -3.000000e+00
         vertex 6.411666e+01 3.049678e+01 0.000000e+00
      endloop
   endfacet
   facet normal 6.387775e-01 3.032539e-01 7.071070e-01
      outer loop
         vertex 6.687346e+01 3.168502e+01 -3.000000e+00
         vertex 6.682581e+01 3.178538e+01 -3.000000e+00
         vertex 6.411666e+01 3.049678e+01 0.000000e+00
      endloop
   endfacet
   facet normal 6.262912e-01 3.288617e-01 7.068305e-01
      outer loop
         vertex 6.411666e+01 3.049678e+01 0.000000e+00
         vertex 6.682581e+01 3.178538e+01 -3.000000e+00
         vertex 6.410552e+01 3.696597e+01 -3.000000e+00
      endloop
   endfacet
   facet normal 6.256450e-01 3.290790e-01 7.073014e-01
      outer loop
         vertex 6.411666e+01 3.049678e+01 0.000000e+00
         vertex 6.410552e+01 3.696597e+01 -3.000000e+00
         vertex 6.145714e+01 3.555306e+01 0.000000e+00
      endloop
   endfacet
   facet normal 6.123153e-01 3.536517e-01 7.071071e-01
      outer loop
         vertex 6.410552e+01 3.696597e+01 -3.000000e+00
         vertex 6.405392e+01 3.705530e+01 -3.000000e+00
         vertex 6.145714e+01 3.555306e+01 0.000000e+00
      endloop
   endfacet
   facet normal 5.978029e-01 3.781842e-01 7.068298e-01
      outer loop
         vertex 6.145714e+01 3.555306e+01 0.000000e+00
         vertex 6.405392e+01 3.705530e+01 -3.000000e+00
         vertex 6.092140e+01 4.200694e+01 -3.000000e+00
      endloop
   endfacet
   facet normal 5.971921e-01 3.783357e-01 7.072649e-01
      outer loop
         vertex 6.145714e+01 3.555306e+01 0.000000e+00
         vertex 6.092140e+01 4.200694e+01 -3.000000e+00
         vertex 5.839970e+01 4.037914e+01 0.000000e+00
      endloop
   endfacet
   facet normal 5.818780e-01 4.017683e-01 7.071069e-01
      outer loop
         vertex 6.092140e+01 4.200694e+01 -3.000000e+00
         vertex 6.086729e+01 4.208530e+01 -3.000000e+00
         vertex 5.839970e+01 4.037914e+01 0.000000e+00
      endloop
   endfacet
   facet normal 5.654396e-01 4.250542e-01 7.068289e-01
      outer loop
         vertex 5.839970e+01 4.037914e+01 0.000000e+00
         vertex 6.086729e+01 4.208530e+01 -3.000000e+00
         vertex 5.734179e+01 4.677520e+01 -3.000000e+00
      endloop
   endfacet
   facet normal 5.648700e-01 4.251473e-01 7.072282e-01
      outer loop
         vertex 5.839970e+01 4.037914e+01 0.000000e+00
         vertex 5.734179e+01 4.677520e+01 -3.000000e+00
         vertex 5.496414e+01 4.494378e+01 0.000000e+00
      endloop
   endfacet
   facet normal 5.476723e-01 4.472752e-01 7.071067e-01
      outer loop
         vertex 5.734179e+01 4.677520e+01 -3.000000e+00
         vertex 5.728657e+01 4.684281e+01 -3.000000e+00
         vertex 5.496414e+01 4.494378e+01 0.000000e+00
      endloop
   endfacet
   facet normal 5.294101e-01 4.691686e-01 7.068279e-01
      outer loop
         vertex 5.496414e+01 4.494378e+01 0.000000e+00
         vertex 5.728657e+01 4.684281e+01 -3.000000e+00
         vertex 5.338991e+01 5.123980e+01 -3.000000e+00
      endloop
   endfacet
   facet normal 5.288866e-01 4.692110e-01 7.071916e-01
      outer loop
         vertex 5.496414e+01 4.494378e+01 0.000000e+00
         vertex 5.338991e+01 5.123980e+01 -3.000000e+00
         vertex 5.117271e+01 4.921742e+01 0.000000e+00
      endloop
   endfacet
   facet normal 5.098918e-01 4.899091e-01 7.071064e-01
      outer loop
         vertex 5.338991e+01 5.123980e+01 -3.000000e+00
         vertex 5.333493e+01 5.129702e+01 -3.000000e+00
         vertex 5.117271e+01 4.921742e+01 0.000000e+00
      endloop
   endfacet
   facet normal 4.899484e-01 5.102415e-01 7.068268e-01
      outer loop
         vertex 5.117271e+01 4.921742e+01 0.000000e+00
         vertex 5.333493e+01 5.129702e+01 -3.000000e+00
         vertex 4.909143e+01 5.537175e+01 -3.000000e+00
      endloop
   endfacet
   facet normal 4.894748e-01 5.102413e-01 7.071550e-01
      outer loop
         vertex 5.117271e+01 4.921742e+01 0.000000e+00
         vertex 4.909143e+01 5.537175e+01 -3.000000e+00
         vertex 4.704994e+01 5.317239e+01 0.000000e+00
      endloop
   endfacet
   facet normal 4.688596e-01 5.293112e-01 7.071070e-01
      outer loop
         vertex 4.909143e+01 5.537175e+01 -3.000000e+00
         vertex 4.903797e+01 5.541911e+01 -3.000000e+00
         vertex 4.704994e+01 5.317239e+01 0.000000e+00
      endloop
   endfacet
   facet normal 4.473091e-01 5.480060e-01 7.068267e-01
      outer loop
         vertex 4.704994e+01 5.317239e+01 0.000000e+00
         vertex 4.903797e+01 5.541911e+01 -3.000000e+00
         vertex 4.447426e+01 5.914424e+01 -3.000000e+00
      endloop
   endfacet
   facet normal 4.468898e-01 5.479717e-01 7.071185e-01
      outer loop
         vertex 4.704994e+01 5.317239e+01 0.000000e+00
         vertex 4.447426e+01 5.914424e+01 -3.000000e+00
         vertex 4.262254e+01 5.678308e+01 0.000000e+00
      endloop
   endfacet
   facet normal 4.247220e-01 5.653417e-01 7.071068e-01
      outer loop
         vertex 4.447426e+01 5.914424e+01 -3.000000e+00
         vertex 4.442350e+01 5.918237e+01 -3.000000e+00
         vertex 4.262254e+01 5.678308e+01 0.000000e+00
      endloop
   endfacet
   facet normal 4.017704e-01 5.822182e-01 7.068257e-01
      outer loop
         vertex 4.262254e+01 5.678308e+01 0.000000e+00
         vertex 4.442350e+01 5.918237e+01 -3.000000e+00
         vertex 3.956835e+01 6.253275e+01 -3.000000e+00
      endloop
   endfacet
   facet normal 4.014075e-01 5.821586e-01 7.070809e-01
      outer loop
         vertex 4.262254e+01 5.678308e+01 0.000000e+00
         vertex 3.956835e+01 6.253275e+01 -3.000000e+00
         vertex 3.791918e+01 6.002613e+01 0.000000e+00
      endloop
   endfacet
   facet normal 3.779360e-01 5.976321e-01 7.071069e-01
      outer loop
         vertex 3.956835e+01 6.253275e+01 -3.000000e+00
         vertex 3.952140e+01 6.256244e+01 -3.000000e+00
         vertex 3.791918e+01 6.002613e+01 0.000000e+00
      endloop
   endfacet
   facet normal 3.536267e-01 6.126553e-01 7.068251e-01
      outer loop
         vertex 3.791918e+01 6.002613e+01 0.000000e+00
         vertex 3.952140e+01 6.256244e+01 -3.000000e+00
         vertex 3.440557e+01 6.551532e+01 -3.000000e+00
      endloop
   endfacet
   facet normal 3.533199e-01 6.125789e-01 7.070446e-01
      outer loop
         vertex 3.791918e+01 6.002613e+01 0.000000e+00
         vertex 3.440557e+01 6.551532e+01 -3.000000e+00
         vertex 3.297030e+01 6.288052e+01 0.000000e+00
      endloop
   endfacet
   facet normal 3.285160e-01 6.261610e-01 7.071065e-01
      outer loop
         vertex 3.440557e+01 6.551532e+01 -3.000000e+00
         vertex 3.436341e+01 6.553744e+01 -3.000000e+00
         vertex 3.297030e+01 6.288052e+01 0.000000e+00
      endloop
   endfacet
   facet normal 3.031912e-01 6.391205e-01 7.068239e-01
      outer loop
         vertex 3.297030e+01 6.288052e+01 0.000000e+00
         vertex 3.436341e+01 6.553744e+01 -3.000000e+00
         vertex 2.901943e+01 6.807256e+01 -3.000000e+00
      endloop
   endfacet
   facet normal 3.029411e-01 6.390362e-01 7.070074e-01
      outer loop
         vertex 3.297030e+01 6.288052e+01 0.000000e+00
         vertex 2.901943e+01 6.807256e+01 -3.000000e+00
         vertex 2.780794e+01 6.532778e+01 0.000000e+00
      endloop
   endfacet
   facet normal 2.771081e-01 6.505468e-01 7.071067e-01
      outer loop
         vertex 2.901943e+01 6.807256e+01 -3.000000e+00
         vertex 2.898293e+01 6.808811e+01 -3.000000e+00
         vertex 2.780794e+01 6.532778e+01 0.000000e+00
      endloop
   endfacet
   facet normal 2.507879e-01 6.614425e-01 7.068233e-01
      outer loop
         vertex 2.780794e+01 6.532778e+01 0.000000e+00
         vertex 2.898293e+01 6.808811e+01 -3.000000e+00
         vertex 2.344490e+01 7.018787e+01 -3.000000e+00
      endloop
   endfacet
   facet normal 2.505941e-01 6.613591e-01 7.069701e-01
      outer loop
         vertex 2.780794e+01 6.532778e+01 0.000000e+00
         vertex 2.344490e+01 7.018787e+01 -3.000000e+00
         vertex 2.246554e+01 6.735206e+01 0.000000e+00
      endloop
   endfacet
   facet normal 2.238931e-01 6.707249e-01 7.071067e-01
      outer loop
         vertex 2.344490e+01 7.018787e+01 -3.000000e+00
         vertex 2.341479e+01 7.019792e+01 -3.000000e+00
         vertex 2.246554e+01 6.735206e+01 0.000000e+00
      endloop
   endfacet
   facet normal 1.967596e-01 6.794759e-01 7.068226e-01
      outer loop
         vertex 2.246554e+01 6.735206e+01 0.000000e+00
         vertex 2.341479e+01 7.019792e+01 -3.000000e+00
         vertex 1.771816e+01 7.184752e+01 -3.000000e+00
      endloop
   endfacet
   facet normal 1.966200e-01 6.794019e-01 7.069325e-01
      outer loop
         vertex 2.246554e+01 6.735206e+01 0.000000e+00
         vertex 1.771816e+01 7.184752e+01 -3.000000e+00
         vertex 1.697768e+01 6.894025e+01 0.000000e+00
      endloop
   endfacet
   facet normal 1.692848e-01 6.865440e-01 7.071067e-01
      outer loop
         vertex 1.771816e+01 7.184752e+01 -3.000000e+00
         vertex 1.769505e+01 7.185322e+01 -3.000000e+00
         vertex 1.697768e+01 6.894025e+01 0.000000e+00
      endloop
   endfacet
   facet normal 1.413817e-01 6.931207e-01 7.068203e-01
      outer loop
         vertex 1.697768e+01 6.894025e+01 0.000000e+00
         vertex 1.769505e+01 7.185322e+01 -3.000000e+00
         vertex 1.186074e+01 7.304329e+01 -3.000000e+00
      endloop
   endfacet
   facet normal 1.413822e-01 6.931210e-01 7.068199e-01
      outer loop
         vertex 1.697768e+01 6.894025e+01 0.000000e+00
         vertex 1.186074e+01 7.304329e+01 -3.000000e+00
         vertex 1.137989e+01 7.008208e+01 0.000000e+00
      endloop
   endfacet
   facet normal 8.519690e-02 7.022443e-01 7.068199e-01
      outer loop
         vertex 1.137989e+01 7.008208e+01 0.000000e+00
         vertex 1.186074e+01 7.304329e+01 -3.000000e+00
         vertex 5.949629e+00 7.376043e+01 -3.000000e+00
      endloop
   endfacet
   facet normal 8.519605e-02 7.022437e-01 7.068207e-01
      outer loop
         vertex 1.137989e+01 7.008208e+01 0.000000e+00
         vertex 5.949629e+00 7.376043e+01 -3.000000e+00
         vertex 5.708428e+00 7.077014e+01 0.000000e+00
      endloop
   endfacet
   facet normal 2.846060e-02 7.068200e-01 7.068207e-01
      outer loop
         vertex 5.708428e+00 7.077014e+01 0.000000e+00
         vertex 5.949629e+00 7.376043e+01 -3.000000e+00
         vertex -3.469447e-15 7.400000e+01 -3.000000e+00
      endloop
   endfacet
   facet normal 2.846112e-02 7.068205e-01 7.068202e-01
      outer loop
         vertex 5.708428e+00 7.077014e+01 0.000000e+00
         vertex -3.469447e-15 7.400000e+01 -3.000000e+00
         vertex 0.000000e+00 7.100000e+01 0.000000e+00
      endloop
   endfacet
   facet normal -2.846062e-02 7.068205e-01 7.068202e-01
      outer loop
         vertex 0.000000e+00 7.100000e+01 0.000000e+00
         vertex -3.469447e-15 7.400000e+01 -3.000000e+00
         vertex -5.949629e+00 7.376043e+01 -3.000000e+00
      endloop
   endfacet
   facet normal -2.846110e-02 7.068200e-01 7.068207e-01
      outer loop
         vertex 0.000000e+00 7.100000e+01 0.000000e+00
         vertex -5.949629e+00 7.376043e+01 -3.000000e+00
         vertex -5.708428e+00 7.077014e+01 0.000000e+00
      endloop
   endfacet
   facet normal -8.519681e-02 7.022436e-01 7.068206e-01
      outer loop
         vertex -5.708428e+00 7.077014e+01 0.000000e+00
         vertex -5.949629e+00 7.376043e+01 -3.000000e+00
         vertex -1.186074e+01 7.304329e+01 -3.000000e+00
      endloop
   endfacet
   facet normal -8.519614e-02 7.022444e-01 7.068199e-01
      outer loop
         vertex -5.708428e+00 7.077014e+01 0.000000e+00
         vertex -1.186074e+01 7.304329e+01 -3.000000e+00
         vertex -1.137989e+01 7.008208e+01 0.000000e+00
      endloop
   endfacet
   facet normal -1.413818e-01 6.931211e-01 7.068199e-01
      outer loop
         vertex -1.137989e+01 7.008208e+01 0.000000e+00
         vertex -1.186074e+01 7.304329e+01 -3.000000e+00
         vertex -1.769505e+01 7.185322e+01 -3.000000e+00
      endloop
   endfacet
   facet normal -1.413821e-01 6.931206e-01 7.068203e-01
      outer loop
         vertex -1.137989e+01 7.008208e+01 0.000000e+00
         vertex -1.769505e+01 7.185322e+01 -3.000000e+00
         vertex -1.697768e+01 6.894025e+01 0.000000e+00
      endloop
   endfacet
   facet normal -1.692848e-01 6.865440e-01 7.071067e-01
      outer loop
         vertex -1.697768e+01 6.894025e+01 0.000000e+00
         vertex -1.769505e+01 7.185322e+01 -3.000000e+00
         vertex -1.771816e+01 7.184752e+01 -3.000000e+00
      endloop
   endfacet
   facet normal -1.966200e-01 6.794019e-01 7.069325e-01
      outer loop
         vertex -1.697768e+01 6.894025e+01 0.000000e+00
         vertex -1.771816e+01 7.184752e+01 -3.000000e+00
         vertex -2.246554e+01 6.735206e+01 0.000000e+00
      endloop
   endfacet
   facet normal -1.967596e-01 6.794759e-01 7.068226e-01
      outer loop
         vertex -1.771816e+01 7.184752e+01 -3.000000e+00
         vertex -2.341479e+01 7.019792e+01 -3.000000e+00
         vertex -2.246554e+01 6.735206e+01 0.000000e+00
      endloop
   endfacet
   facet normal -2.238931e-01 6.707249e-01 7.071067e-01
      outer loop
         vertex -2.246554e+01 6.735206e+01 0.000000e+00
         vertex -2.341479e+01 7.019792e+01 -3.000000e+00
         vertex -2.344490e+01 7.018787e+01 -3.000000e+00
      endloop
   endfacet
   facet normal -2.505941e-01 6.613591e-01 7.069701e-01
      outer loop
         vertex -2.246554e+01 6.735206e+01 0.000000e+00
         vertex -2.344490e+01 7.018787e+01 -3.000000e+00
         vertex -2.780794e+01 6.532778e+01 0.000000e+00
      endloop
   endfacet
   facet normal -2.507879e-01 6.614425e-01 7.068233e-01
      outer loop
         vertex -2.344490e+01 7.018787e+01 -3.000000e+00
         vertex -2.898293e+01 6.808811e+01 -3.000000e+00
         vertex -2.780794e+01 6.532778e+01 0.000000e+00
      endloop
   endfacet
   facet normal -2.771081e-01 6.505468e-01 7.071067e-01
      outer loop
         vertex -2.780794e+01 6.532778e+01 0.000000e+00
         vertex -2.898293e+01 6.808811e+01 -3.000000e+00
         vertex -2.901943e+01 6.807256e+01 -3.000000e+00
      endloop
   endfacet
   facet normal -3.029411e-01 6.390362e-01 7.070074e-01
      outer loop
         vertex -2.780794e+01 6.532778e+01 0.000000e+00
         vertex -2.901943e+01 6.807256e+01 -3.000000e+00
         vertex -3.297030e+01 6.288052e+01 0.000000e+00
      endloop
   endfacet
   facet normal -3.031912e-01 6.391205e-01 7.068239e-01
      outer loop
         vertex -2.901943e+01 6.807256e+01 -3.000000e+00
         vertex -3.436341e+01 6.553744e+01 -3.000000e+00
         vertex -3.297030e+01 6.288052e+01 0.000000e+00
      endloop
   endfacet
   facet normal -3.285160e-01 6.261610e-01 7.071065e-01
      outer loop
         vertex -3.297030e+01 6.288052e+01 0.000000e+00
         vertex -3.436341e+01 6.553744e+01 -3.000000e+00
         vertex -3.440557e+01 6.551532e+01 -3.000000e+00
      endloop
   endfacet
   facet normal -3.533199e-01 6.125789e-01 7.070446e-01
      outer loop
         vertex -3.297030e+01 6.288052e+01 0.000000e+00
         vertex -3.440557e+01 6.551532e+01 -3.000000e+00
         vertex -3.791918e+01 6.002613e+01 0.000000e+00
      endloop
   endfacet
   facet normal -3.536267e-01 6.126553e-01 7.068251e-01
      outer loop
         vertex -3.440557e+01 6.551532e+01 -3.000000e+00
         vertex -3.952140e+01 6.256244e+01 -3.000000e+00
         vertex -3.791918e+01 6.002613e+01 0.000000e+00
      endloop
   endfacet
   facet normal -3.779360e-01 5.976321e-01 7.071069e-01
      outer loop
         vertex -3.791918e+01 6.002613e+01 0.000000e+00
         vertex -3.952140e+01 6.256244e+01 -3.000000e+00
         vertex -3.956835e+01 6.253275e+01 -3.000000e+00
      endloop
   endfacet
   facet normal -4.014075e-01 5.821586e-01 7.070809e-01
      outer loop
         vertex -3.791918e+01 6.002613e+01 0.000000e+00
         vertex -3.956835e+01 6.253275e+01 -3.000000e+00
         vertex -4.262254e+01 5.678308e+01 0.000000e+00
      endloop
   endfacet
   facet normal -4.017704e-01 5.822182e-01 7.068257e-01
      outer loop
         vertex -3.956835e+01 6.253275e+01 -3.000000e+00
         vertex -4.442350e+01 5.918237e+01 -3.000000e+00
         vertex -4.262254e+01 5.678308e+01 0.000000e+00
      endloop
   endfacet
   facet normal -4.247220e-01 5.653417e-01 7.071068e-01
      outer loop
         vertex -4.262254e+01 5.678308e+01 0.000000e+00
         vertex -4.442350e+01 5.918237e+01 -3.000000e+00
         vertex -4.447426e+01 5.914424e+01 -3.000000e+00
      endloop
   endfacet
   facet normal -4.468898e-01 5.479717e-01 7.071185e-01
      outer loop
         vertex -4.262254e+01 5.678308e+01 0.000000e+00
         vertex -4.447426e+01 5.914424e+01 -3.000000e+00
         vertex -4.704994e+01 5.317239e+01 0.000000e+00
      endloop
   endfacet
   facet normal -4.473091e-01 5.480060e-01 7.068267e-01
      outer loop
         vertex -4.447426e+01 5.914424e+01 -3.000000e+00
         vertex -4.903797e+01 5.541911e+01 -3.000000e+00
         vertex -4.704994e+01 5.317239e+01 0.000000e+00
      endloop
   endfacet
   facet normal -4.688596e-01 5.293112e-01 7.071070e-01
      outer loop
         vertex -4.704994e+01 5.317239e+01 0.000000e+00
         vertex -4.903797e+01 5.541911e+01 -3.000000e+00
         vertex -4.909143e+01 5.537175e+01 -3.000000e+00
      endloop
   endfacet
   facet normal -4.894748e-01 5.102413e-01 7.071550e-01
      outer loop
         vertex -4.704994e+01 5.317239e+01 0.000000e+00
         vertex -4.909143e+01 5.537175e+01 -3.000000e+00
         vertex -5.117271e+01 4.921742e+01 0.000000e+00
      endloop
   endfacet
   facet normal -4.899484e-01 5.102415e-01 7.068268e-01
      outer loop
         vertex -4.909143e+01 5.537175e+01 -3.000000e+00
         vertex -5.333493e+01 5.129702e+01 -3.000000e+00
         vertex -5.117271e+01 4.921742e+01 0.000000e+00
      endloop
   endfacet
   facet normal -5.098918e-01 4.899091e-01 7.071064e-01
      outer loop
         vertex -5.117271e+01 4.921742e+01 0.000000e+00
         vertex -5.333493e+01 5.129702e+01 -3.000000e+00
         vertex -5.338991e+01 5.123980e+01 -3.000000e+00
      endloop
   endfacet
   facet normal -5.288866e-01 4.692110e-01 7.071916e-01
      outer loop
         vertex -5.117271e+01 4.921742e+01 0.000000e+00
         vertex -5.338991e+01 5.123980e+01 -3.000000e+00
         vertex -5.496414e+01 4.494378e+01 0.000000e+00
      endloop
   endfacet
   facet normal -5.294101e-01 4.691686e-01 7.068279e-01
      outer loop
         vertex -5.338991e+01 5.123980e+01 -3.000000e+00
         vertex -5.728657e+01 4.684281e+01 -3.000000e+00
         vertex -5.496414e+01 4.494378e+01 0.000000e+00
      endloop
   endfacet
   facet normal -5.476723e-01 4.472752e-01 7.071067e-01
      outer loop
         vertex -5.496414e+01 4.494378e+01 0.000000e+00
         vertex -5.728657e+01 4.684281e+01 -3.000000e+00
         vertex -5.734179e+01 4.677520e+01 -3.000000e+00
      endloop
   endfacet
   facet normal -5.648700e-01 4.251473e-01 7.072282e-01
      outer loop
         vertex -5.496414e+01 4.494378e+01 0.000000e+00
         vertex -5.734179e+01 4.677520e+01 -3.000000e+00
         vertex -5.839970e+01 4.037914e+01 0.000000e+00
      endloop
   endfacet
   facet normal -5.654396e-01 4.250542e-01 7.068289e-01
      outer loop
         vertex -5.734179e+01 4.677520e+01 -3.000000e+00
         vertex -6.086729e+01 4.208530e+01 -3.000000e+00
         vertex -5.839970e+01 4.037914e+01 0.000000e+00
      endloop
   endfacet
   facet normal -5.818780e-01 4.017683e-01 7.071069e-01
      outer loop
         vertex -5.839970e+01 4.037914e+01 0.000000e+00
         vertex -6.086729e+01 4.208530e+01 -3.000000e+00
         vertex -6.092140e+01 4.200694e+01 -3.000000e+00
      endloop
   endfacet
   facet normal -5.971921e-01 3.783357e-01 7.072649e-01
      outer loop
         vertex -5.839970e+01 4.037914e+01 0.000000e+00
         vertex -6.092140e+01 4.200694e+01 -3.000000e+00
         vertex -6.145714e+01 3.555306e+01 0.000000e+00
      endloop
   endfacet
   facet normal -5.978029e-01 3.781842e-01 7.068298e-01
      outer loop
         vertex -6.092140e+01 4.200694e+01 -3.000000e+00
         vertex -6.405392e+01 3.705530e+01 -3.000000e+00
         vertex -6.145714e+01 3.555306e+01 0.000000e+00
      endloop
   endfacet
   facet normal -6.123153e-01 3.536517e-01 7.071071e-01
      outer loop
         vertex -6.145714e+01 3.555306e+01 0.000000e+00
         vertex -6.405392e+01 3.705530e+01 -3.000000e+00
         vertex -6.410552e+01 3.696597e+01 -3.000000e+00
      endloop
   endfacet
   facet normal -6.256450e-01 3.290790e-01 7.073014e-01
      outer loop
         vertex -6.145714e+01 3.555306e+01 0.000000e+00
         vertex -6.410552e+01 3.696597e+01 -3.000000e+00
         vertex -6.411666e+01 3.049678e+01 0.000000e+00
      endloop
   endfacet
   facet normal -6.262912e-01 3.288617e-01 7.068305e-01
      outer loop
         vertex -6.410552e+01 3.696597e+01 -3.000000e+00
         vertex -6.682581e+01 3.178538e+01 -3.000000e+00
         vertex -6.411666e+01 3.049678e+01 0.000000e+00
      endloop
   endfacet
   facet normal -6.387775e-01 3.032539e-01 7.071070e-01
      outer loop
         vertex -6.411666e+01 3.049678e+01 0.000000e+00
         vertex -6.682581e+01 3.178538e+01 -3.000000e+00
         vertex -6.687346e+01 3.168502e+01 -3.000000e+00
      endloop
   endfacet
   facet normal -6.500437e-01 2.776982e-01 7.073379e-01
      outer loop
         vertex -6.411666e+01 3.049678e+01 0.000000e+00
         vertex -6.687346e+01 3.168502e+01 -3.000000e+00
         vertex -6.636105e+01 2.524305e+01 0.000000e+00
      endloop
   endfacet
   facet normal -6.507183e-01 2.774085e-01 7.068311e-01
      outer loop
         vertex -6.687346e+01 3.168502e+01 -3.000000e+00
         vertex -6.916504e+01 2.630966e+01 -3.000000e+00
         vertex -6.636105e+01 2.524305e+01 0.000000e+00
      endloop
   endfacet
   facet normal -6.611116e-01 2.508615e-01 7.071068e-01
      outer loop
         vertex -6.636105e+01 2.524305e+01 0.000000e+00
         vertex -6.916504e+01 2.630966e+01 -3.000000e+00
         vertex -6.920727e+01 2.619837e+01 -3.000000e+00
      endloop
   endfacet
   facet normal -6.702329e-01 2.245233e-01 7.073734e-01
      outer loop
         vertex -6.636105e+01 2.524305e+01 0.000000e+00
         vertex -6.920727e+01 2.619837e+01 -3.000000e+00
         vertex -6.817576e+01 1.982588e+01 0.000000e+00
      endloop
   endfacet
   facet normal -6.709275e-01 2.241556e-01 7.068313e-01
      outer loop
         vertex -6.920727e+01 2.619837e+01 -3.000000e+00
         vertex -7.105643e+01 2.066359e+01 -3.000000e+00
         vertex -6.817576e+01 1.982588e+01 0.000000e+00
      endloop
   endfacet
   facet normal -6.791447e-01 1.968836e-01 7.071063e-01
      outer loop
         vertex -6.817576e+01 1.982588e+01 0.000000e+00
         vertex -7.105643e+01 2.066359e+01 -3.000000e+00
         vertex -7.109178e+01 2.054164e+01 -3.000000e+00
      endloop
   endfacet
   facet normal -6.860798e-01 1.699009e-01 7.074095e-01
      outer loop
         vertex -6.817576e+01 1.982588e+01 0.000000e+00
         vertex -7.109178e+01 2.054164e+01 -3.000000e+00
         vertex -6.954906e+01 1.428034e+01 0.000000e+00
      endloop
   endfacet
   facet normal -6.867853e-01 1.694507e-01 7.068327e-01
      outer loop
         vertex -7.109178e+01 2.054164e+01 -3.000000e+00
         vertex -7.248776e+01 1.488373e+01 -3.000000e+00
         vertex -6.954906e+01 1.428034e+01 0.000000e+00
      endloop
   endfacet
   facet normal -6.927908e-01 1.415652e-01 7.071069e-01
      outer loop
         vertex -6.954906e+01 1.428034e+01 0.000000e+00
         vertex -7.248776e+01 1.488373e+01 -3.000000e+00
         vertex -7.251476e+01 1.475156e+01 -3.000000e+00
      endloop
   endfacet
   facet normal -6.974835e-01 1.141845e-01 7.074451e-01
      outer loop
         vertex -6.954906e+01 1.428034e+01 0.000000e+00
         vertex -7.251476e+01 1.475156e+01 -3.000000e+00
         vertex -7.047205e+01 8.642334e+00 0.000000e+00
      endloop
   endfacet
   facet normal -6.981915e-01 1.136472e-01 7.068331e-01
      outer loop
         vertex -7.251476e+01 1.475156e+01 -3.000000e+00
         vertex -7.344975e+01 9.007502e+00 -3.000000e+00
         vertex -7.047205e+01 8.642334e+00 0.000000e+00
      endloop
   endfacet
   facet normal -7.019331e-01 8.538345e-02 7.071065e-01
      outer loop
         vertex -7.047205e+01 8.642334e+00 0.000000e+00
         vertex -7.344975e+01 9.007502e+00 -3.000000e+00
         vertex -7.346699e+01 8.865707e+00 -3.000000e+00
      endloop
   endfacet
   facet normal -7.043703e-01 5.773360e-02 7.074809e-01
      outer loop
         vertex -7.047205e+01 8.642334e+00 0.000000e+00
         vertex -7.346699e+01 8.865707e+00 -3.000000e+00
         vertex -7.093876e+01 2.948375e+00 0.000000e+00
      endloop
   endfacet
   facet normal -7.050715e-01 5.710563e-02 7.068332e-01
      outer loop
         vertex -7.346699e+01 8.865707e+00 -3.000000e+00
         vertex -7.393616e+01 3.072954e+00 -3.000000e+00
         vertex -7.093876e+01 2.948375e+00 0.000000e+00
      endloop
   endfacet
   facet normal -7.065270e-01 2.865190e-02 7.071058e-01
      outer loop
         vertex -7.093876e+01 2.948375e+00 0.000000e+00
         vertex -7.393616e+01 3.072954e+00 -3.000000e+00
         vertex -7.394227e+01 2.922301e+00 -3.000000e+00
      endloop
   endfacet
   facet normal -7.066963e-01 9.142537e-04 7.075164e-01
      outer loop
         vertex -7.093876e+01 2.948375e+00 0.000000e+00
         vertex -7.394227e+01 2.922301e+00 -3.000000e+00
         vertex -7.094615e+01 -2.764673e+00 0.000000e+00
      endloop
   endfacet
   facet normal -7.073786e-01 1.952400e-04 7.068348e-01
      outer loop
         vertex -7.394227e+01 2.922301e+00 -3.000000e+00
         vertex -7.394388e+01 -2.881491e+00 -3.000000e+00
         vertex -7.094615e+01 -2.764673e+00 0.000000e+00
      endloop
   endfacet
   facet normal -7.065410e-01 -2.828156e-02 7.071067e-01
      outer loop
         vertex -7.094615e+01 -2.764673e+00 0.000000e+00
         vertex -7.394388e+01 -2.881491e+00 -3.000000e+00
         vertex -7.393753e+01 -3.040076e+00 -3.000000e+00
      endloop
   endfacet
   facet normal -7.044456e-01 -5.590298e-02 7.075530e-01
      outer loop
         vertex -7.094615e+01 -2.764673e+00 0.000000e+00
         vertex -7.393753e+01 -3.040076e+00 -3.000000e+00
         vertex -7.049420e+01 -8.459821e+00 0.000000e+00
      endloop
   endfacet
   facet normal -7.051012e-01 -5.671705e-02 7.068348e-01
      outer loop
         vertex -7.393753e+01 -3.040076e+00 -3.000000e+00
         vertex -7.347282e+01 -8.817279e+00 -3.000000e+00
         vertex -7.049420e+01 -8.459821e+00 0.000000e+00
      endloop
   endfacet
   facet normal -7.019752e-01 -8.504096e-02 7.071060e-01
      outer loop
         vertex -7.049420e+01 -8.459821e+00 0.000000e+00
         vertex -7.347282e+01 -8.817279e+00 -3.000000e+00
         vertex -7.345278e+01 -8.982717e+00 -3.000000e+00
      endloop
   endfacet
   facet normal -6.976361e-01 -1.123552e-01 7.075876e-01
      outer loop
         vertex -7.049420e+01 -8.459821e+00 0.000000e+00
         vertex -7.345278e+01 -8.982717e+00 -3.000000e+00
         vertex -6.958581e+01 -1.410019e+01 0.000000e+00
      endloop
   endfacet
   facet normal -6.982512e-01 -1.132606e-01 7.068361e-01
      outer loop
         vertex -7.345278e+01 -8.982717e+00 -3.000000e+00
         vertex -7.252605e+01 -1.469598e+01 -3.000000e+00
         vertex -6.958581e+01 -1.410019e+01 0.000000e+00
      endloop
   endfacet
   facet normal -6.928542e-01 -1.412566e-01 7.071065e-01
      outer loop
         vertex -6.958581e+01 -1.410019e+01 0.000000e+00
         vertex -7.252605e+01 -1.469598e+01 -3.000000e+00
         vertex -7.249118e+01 -1.486704e+01 -3.000000e+00
      endloop
   endfacet
   facet normal -6.863097e-01 -1.680729e-01 7.076231e-01
      outer loop
         vertex -6.958581e+01 -1.410019e+01 0.000000e+00
         vertex -7.249118e+01 -1.486704e+01 -3.000000e+00
         vertex -6.822687e+01 -1.964927e+01 0.000000e+00
      endloop
   endfacet
   facet normal -6.868750e-01 -1.690702e-01 7.068367e-01
      outer loop
         vertex -7.249118e+01 -1.486704e+01 -3.000000e+00
         vertex -7.110970e+01 -2.047952e+01 -3.000000e+00
         vertex -6.822687e+01 -1.964927e+01 0.000000e+00
      endloop
   endfacet
   facet normal -6.792443e-01 -1.965398e-01 7.071063e-01
      outer loop
         vertex -6.822687e+01 -1.964927e+01 0.000000e+00
         vertex -7.110970e+01 -2.047952e+01 -3.000000e+00
         vertex -7.105897e+01 -2.065485e+01 -3.000000e+00
      endloop
   endfacet
   facet normal -6.705413e-01 -2.226976e-01 7.076582e-01
      outer loop
         vertex -6.822687e+01 -1.964927e+01 0.000000e+00
         vertex -7.105897e+01 -2.065485e+01 -3.000000e+00
         vertex -6.642619e+01 -2.507113e+01 0.000000e+00
      endloop
   endfacet
   facet normal -6.710453e-01 -2.237839e-01 7.068373e-01
      outer loop
         vertex -7.105897e+01 -2.065485e+01 -3.000000e+00
         vertex -6.923293e+01 -2.613047e+01 -3.000000e+00
         vertex -6.642619e+01 -2.507113e+01 0.000000e+00
      endloop
   endfacet
   facet normal -6.612365e-01 -2.505337e-01 7.071062e-01
      outer loop
         vertex -6.642619e+01 -2.507113e+01 0.000000e+00
         vertex -6.923293e+01 -2.613047e+01 -3.000000e+00
         vertex -6.916545e+01 -2.630857e+01 -3.000000e+00
      endloop
   endfacet
   facet normal -6.504328e-01 -2.758740e-01 7.076939e-01
      outer loop
         vertex -6.642619e+01 -2.507113e+01 0.000000e+00
         vertex -6.916545e+01 -2.630857e+01 -3.000000e+00
         vertex -6.419542e+01 -3.033066e+01 0.000000e+00
      endloop
   endfacet
   facet normal -6.508650e-01 -2.770462e-01 7.068382e-01
      outer loop
         vertex -6.916545e+01 -2.630857e+01 -3.000000e+00
         vertex -6.690790e+01 -3.161223e+01 -3.000000e+00
         vertex -6.419542e+01 -3.033066e+01 0.000000e+00
      endloop
   endfacet
   facet normal -6.389377e-01 -3.029181e-01 7.071063e-01
      outer loop
         vertex -6.419542e+01 -3.033066e+01 0.000000e+00
         vertex -6.690790e+01 -3.161223e+01 -3.000000e+00
         vertex -6.682291e+01 -3.179150e+01 -3.000000e+00
      endloop
   endfacet
   facet normal -6.261153e-01 -3.272599e-01 7.077292e-01
      outer loop
         vertex -6.419542e+01 -3.033066e+01 0.000000e+00
         vertex -6.682291e+01 -3.179150e+01 -3.000000e+00
         vertex -6.154900e+01 -3.539380e+01 0.000000e+00
      endloop
   endfacet
   facet normal -6.264647e-01 -3.285129e-01 7.068389e-01
      outer loop
         vertex -6.682291e+01 -3.179150e+01 -3.000000e+00
         vertex -6.414966e+01 -3.688931e+01 -3.000000e+00
         vertex -6.154900e+01 -3.539380e+01 0.000000e+00
      endloop
   endfacet
   facet normal -6.124934e-01 -3.533449e-01 7.071062e-01
      outer loop
         vertex -6.154900e+01 -3.539380e+01 0.000000e+00
         vertex -6.414966e+01 -3.688931e+01 -3.000000e+00
         vertex -6.404655e+01 -3.706803e+01 -3.000000e+00
      endloop
   endfacet
   facet normal -5.977470e-01 -3.765218e-01 7.077640e-01
      outer loop
         vertex -6.154900e+01 -3.539380e+01 0.000000e+00
         vertex -6.404655e+01 -3.706803e+01 -3.000000e+00
         vertex -5.850406e+01 -4.022778e+01 0.000000e+00
      endloop
   endfacet
   facet normal -5.980032e-01 -3.778489e-01 7.068397e-01
      outer loop
         vertex -6.404655e+01 -3.706803e+01 -3.000000e+00
         vertex -6.097607e+01 -4.192755e+01 -3.000000e+00
         vertex -5.850406e+01 -4.022778e+01 0.000000e+00
      endloop
   endfacet
   facet normal -5.820792e-01 -4.014780e-01 7.071063e-01
      outer loop
         vertex -5.850406e+01 -4.022778e+01 0.000000e+00
         vertex -6.097607e+01 -4.192755e+01 -3.000000e+00
         vertex -6.085441e+01 -4.210392e+01 -3.000000e+00
      endloop
   endfacet
   facet normal -5.655113e-01 -4.233410e-01 7.077989e-01
      outer loop
         vertex -5.850406e+01 -4.022778e+01 0.000000e+00
         vertex -6.085441e+01 -4.210392e+01 -3.000000e+00
         vertex -5.508034e+01 -4.480130e+01 0.000000e+00
      endloop
   endfacet
   facet normal -5.656647e-01 -4.247350e-01 7.068406e-01
      outer loop
         vertex -6.085441e+01 -4.210392e+01 -3.000000e+00
         vertex -5.740767e+01 -4.669431e+01 -3.000000e+00
         vertex -5.508034e+01 -4.480130e+01 0.000000e+00
      endloop
   endfacet
   facet normal -5.478924e-01 -4.470060e-01 7.071064e-01
      outer loop
         vertex -5.508034e+01 -4.480130e+01 0.000000e+00
         vertex -5.740767e+01 -4.669431e+01 -3.000000e+00
         vertex -5.726721e+01 -4.686648e+01 -3.000000e+00
      endloop
   endfacet
   facet normal -5.296178e-01 -4.674143e-01 7.078339e-01
      outer loop
         vertex -5.508034e+01 -4.480130e+01 0.000000e+00
         vertex -5.726721e+01 -4.686648e+01 -3.000000e+00
         vertex -5.129998e+01 -4.908474e+01 0.000000e+00
      endloop
   endfacet
   facet normal -5.296590e-01 -4.688675e-01 7.068413e-01
      outer loop
         vertex -5.726721e+01 -4.686648e+01 -3.000000e+00
         vertex -5.346759e+01 -5.115874e+01 -3.000000e+00
         vertex -5.129998e+01 -4.908474e+01 0.000000e+00
      endloop
   endfacet
   facet normal -5.101453e-01 -4.896452e-01 7.071064e-01
      outer loop
         vertex -5.129998e+01 -4.908474e+01 0.000000e+00
         vertex -5.346759e+01 -5.115874e+01 -3.000000e+00
         vertex -5.330823e+01 -5.132478e+01 -3.000000e+00
      endloop
   endfacet
   facet normal -4.902990e-01 -5.084580e-01 7.078681e-01
      outer loop
         vertex -5.129998e+01 -4.908474e+01 0.000000e+00
         vertex -5.330823e+01 -5.132478e+01 -3.000000e+00
         vertex -4.718747e+01 -5.305038e+01 0.000000e+00
      endloop
   endfacet
   facet normal -4.902195e-01 -5.099599e-01 7.068420e-01
      outer loop
         vertex -5.330823e+01 -5.132478e+01 -3.000000e+00
         vertex -4.918131e+01 -5.529194e+01 -3.000000e+00
         vertex -4.718747e+01 -5.305038e+01 0.000000e+00
      endloop
   endfacet
   facet normal -4.691031e-01 -5.290964e-01 7.071063e-01
      outer loop
         vertex -4.718747e+01 -5.305038e+01 0.000000e+00
         vertex -4.918131e+01 -5.529194e+01 -3.000000e+00
         vertex -4.900317e+01 -5.544988e+01 -3.000000e+00
      endloop
   endfacet
   facet normal -4.478093e-01 -5.462053e-01 7.079029e-01
      outer loop
         vertex -4.718747e+01 -5.305038e+01 0.000000e+00
         vertex -4.900317e+01 -5.544988e+01 -3.000000e+00
         vertex -4.276944e+01 -5.667252e+01 0.000000e+00
      endloop
   endfacet
   facet normal -4.476014e-01 -5.477465e-01 7.068428e-01
      outer loop
         vertex -4.900317e+01 -5.544988e+01 -3.000000e+00
         vertex -4.457660e+01 -5.906714e+01 -3.000000e+00
         vertex -4.276944e+01 -5.667252e+01 0.000000e+00
      endloop
   endfacet
   facet normal -4.250127e-01 -5.651238e-01 7.071063e-01
      outer loop
         vertex -4.276944e+01 -5.667252e+01 0.000000e+00
         vertex -4.457660e+01 -5.906714e+01 -3.000000e+00
         vertex -4.437999e+01 -5.921500e+01 -3.000000e+00
      endloop
   endfacet
   facet normal -4.024248e-01 -5.804128e-01 7.079373e-01
      outer loop
         vertex -4.276944e+01 -5.667252e+01 0.000000e+00
         vertex -4.437999e+01 -5.921500e+01 -3.000000e+00
         vertex -3.807449e+01 -5.992774e+01 0.000000e+00
      endloop
   endfacet
   facet normal -4.020818e-01 -5.819814e-01 7.068436e-01
      outer loop
         vertex -4.437999e+01 -5.921500e+01 -3.000000e+00
         vertex -3.968327e+01 -6.245989e+01 -3.000000e+00
         vertex -3.807449e+01 -5.992774e+01 0.000000e+00
      endloop
   endfacet
   facet normal -3.781662e-01 -5.974872e-01 7.071063e-01
      outer loop
         vertex -3.807449e+01 -5.992774e+01 0.000000e+00
         vertex -3.968327e+01 -6.245989e+01 -3.000000e+00
         vertex -3.946869e+01 -6.259570e+01 -3.000000e+00
      endloop
   endfacet
   facet normal -3.544393e-01 -6.108592e-01 7.079716e-01
      outer loop
         vertex -3.807449e+01 -5.992774e+01 0.000000e+00
         vertex -3.946869e+01 -6.259570e+01 -3.000000e+00
         vertex -3.313301e+01 -6.279493e+01 0.000000e+00
      endloop
   endfacet
   facet normal -3.539554e-01 -6.124431e-01 7.068444e-01
      outer loop
         vertex -3.313301e+01 -6.279493e+01 0.000000e+00
         vertex -3.946869e+01 -6.259570e+01 -3.000000e+00
         vertex -3.453300e+01 -6.544824e+01 -3.000000e+00
      endloop
   endfacet
   facet normal -3.201423e-01 -6.305318e-01 7.070633e-01
      outer loop
         vertex -3.313301e+01 -6.279493e+01 0.000000e+00
         vertex -3.453300e+01 -6.544824e+01 -3.000000e+00
         vertex -3.246152e+01 -6.650000e+01 -3.000000e+00
      endloop
   endfacet
   facet normal -9.961947e-01 -8.715600e-02 0.000000e+00
      outer loop
         vertex 4.250000e+00 1.850000e+01 -1.400000e+01
         vertex 4.250000e+00 1.850000e+01 0.000000e+00
         vertex 4.185433e+00 1.923800e+01 -1.400000e+01
      endloop
   endfacet
   facet normal -9.961947e-01 -8.715600e-02 0.000000e+00
      outer loop
         vertex 4.185433e+00 1.923800e+01 -1.400000e+01
         vertex 4.250000e+00 1.850000e+01 0.000000e+00
         vertex 4.185433e+00 1.923800e+01 0.000000e+00
      endloop
   endfacet
   facet normal -9.659259e-01 -2.588187e-01 0.000000e+00
      outer loop
         vertex 4.185433e+00 1.923800e+01 -1.400000e+01
         vertex 4.185433e+00 1.923800e+01 0.000000e+00
         vertex 3.993694e+00 1.995359e+01 -1.400000e+01
      endloop
   endfacet
   facet normal -9.659259e-01 -2.588187e-01 0.000000e+00
      outer loop
         vertex 3.993694e+00 1.995359e+01 -1.400000e+01
         vertex 4.185433e+00 1.923800e+01 0.000000e+00
         vertex 3.993694e+00 1.995359e+01 0.000000e+00
      endloop
   endfacet
   facet normal -9.063078e-01 -4.226182e-01 0.000000e+00
      outer loop
         vertex 3.993694e+00 1.995359e+01 -1.400000e+01
         vertex 3.993694e+00 1.995359e+01 0.000000e+00
         vertex 3.680608e+00 2.062500e+01 -1.400000e+01
      endloop
   endfacet
   facet normal -9.063078e-01 -4.226182e-01 0.000000e+00
      outer loop
         vertex 3.680608e+00 2.062500e+01 -1.400000e+01
         vertex 3.993694e+00 1.995359e+01 0.000000e+00
         vertex 3.680608e+00 2.062500e+01 0.000000e+00
      endloop
   endfacet
   facet normal -8.191514e-01 -5.735773e-01 0.000000e+00
      outer loop
         vertex 3.680608e+00 2.062500e+01 -1.400000e+01
         vertex 3.680608e+00 2.062500e+01 0.000000e+00
         vertex 3.255689e+00 2.123185e+01 -1.400000e+01
      endloop
   endfacet
   facet normal -8.191514e-01 -5.735773e-01 0.000000e+00
      outer loop
         vertex 3.255689e+00 2.123185e+01 -1.400000e+01
         vertex 3.680608e+00 2.062500e+01 0.000000e+00
         vertex 3.255689e+00 2.123185e+01 0.000000e+00
      endloop
   endfacet
   facet normal -7.071077e-01 -7.071058e-01 0.000000e+00
      outer loop
         vertex 3.255689e+00 2.123185e+01 -1.400000e+01
         vertex 3.255689e+00 2.123185e+01 0.000000e+00
         vertex 2.731847e+00 2.175569e+01 -1.400000e+01
      endloop
   endfacet
   facet normal -7.071077e-01 -7.071058e-01 0.000000e+00
      outer loop
         vertex 2.731847e+00 2.175569e+01 -1.400000e+01
         vertex 3.255689e+00 2.123185e+01 0.000000e+00
         vertex 2.731847e+00 2.175569e+01 0.000000e+00
      endloop
   endfacet
   facet normal -5.735753e-01 -8.191528e-01 0.000000e+00
      outer loop
         vertex 2.731847e+00 2.175569e+01 -1.400000e+01
         vertex 2.731847e+00 2.175569e+01 0.000000e+00
         vertex 2.125000e+00 2.218061e+01 -1.400000e+01
      endloop
   endfacet
   facet normal -5.735753e-01 -8.191528e-01 0.000000e+00
      outer loop
         vertex 2.125000e+00 2.218061e+01 -1.400000e+01
         vertex 2.731847e+00 2.175569e+01 0.000000e+00
         vertex 2.125000e+00 2.218061e+01 0.000000e+00
      endloop
   endfacet
   facet normal -4.226190e-01 -9.063074e-01 0.000000e+00
      outer loop
         vertex 2.125000e+00 2.218061e+01 -1.400000e+01
         vertex 2.125000e+00 2.218061e+01 0.000000e+00
         vertex 1.453586e+00 2.249369e+01 -1.400000e+01
      endloop
   endfacet
   facet normal -4.226190e-01 -9.063074e-01 0.000000e+00
      outer loop
         vertex 1.453586e+00 2.249369e+01 -1.400000e+01
         vertex 2.125000e+00 2.218061e+01 0.000000e+00
         vertex 1.453586e+00 2.249369e+01 0.000000e+00
      endloop
   endfacet
   facet normal -2.588184e-01 -9.659260e-01 0.000000e+00
      outer loop
         vertex 1.453586e+00 2.249369e+01 -1.400000e+01
         vertex 1.453586e+00 2.249369e+01 0.000000e+00
         vertex 7.380047e-01 2.268543e+01 -1.400000e+01
      endloop
   endfacet
   facet normal -2.588184e-01 -9.659260e-01 0.000000e+00
      outer loop
         vertex 7.380047e-01 2.268543e+01 -1.400000e+01
         vertex 1.453586e+00 2.249369e+01 0.000000e+00
         vertex 7.380047e-01 2.268543e+01 0.000000e+00
      endloop
   endfacet
   facet normal -8.715532e-02 -9.961947e-01 0.000000e+00
      outer loop
         vertex 7.380047e-01 2.268543e+01 -1.400000e+01
         vertex 7.380047e-01 2.268543e+01 0.000000e+00
         vertex 2.602375e-16 2.275000e+01 -1.400000e+01
      endloop
   endfacet
   facet normal -8.715532e-02 -9.961947e-01 0.000000e+00
      outer loop
         vertex 2.602375e-16 2.275000e+01 -1.400000e+01
         vertex 7.380047e-01 2.268543e+01 0.000000e+00
         vertex 2.602375e-16 2.275000e+01 0.000000e+00
      endloop
   endfacet
   facet normal 8.715532e-02 -9.961947e-01 0.000000e+00
      outer loop
         vertex 2.602375e-16 2.275000e+01 -1.400000e+01
         vertex 2.602375e-16 2.275000e+01 0.000000e+00
         vertex -7.380047e-01 2.268543e+01 -1.400000e+01
      endloop
   endfacet
   facet normal 8.715532e-02 -9.961947e-01 0.000000e+00
      outer loop
         vertex -7.380047e-01 2.268543e+01 -1.400000e+01
         vertex 2.602375e-16 2.275000e+01 0.000000e+00
         vertex -7.380047e-01 2.268543e+01 0.000000e+00
      endloop
   endfacet
   facet normal 2.588184e-01 -9.659260e-01 0.000000e+00
      outer loop
         vertex -7.380047e-01 2.268543e+01 -1.400000e+01
         vertex -7.380047e-01 2.268543e+01 0.000000e+00
         vertex -1.453586e+00 2.249369e+01 -1.400000e+01
      endloop
   endfacet
   facet normal 2.588184e-01 -9.659260e-01 0.000000e+00
      outer loop
         vertex -1.453586e+00 2.249369e+01 -1.400000e+01
         vertex -7.380047e-01 2.268543e+01 0.000000e+00
         vertex -1.453586e+00 2.249369e+01 0.000000e+00
      endloop
   endfacet
   facet normal 4.226190e-01 -9.063074e-01 0.000000e+00
      outer loop
         vertex -1.453586e+00 2.249369e+01 -1.400000e+01
         vertex -1.453586e+00 2.249369e+01 0.000000e+00
         vertex -2.125000e+00 2.218061e+01 -1.400000e+01
      endloop
   endfacet
   facet normal 4.226190e-01 -9.063074e-01 0.000000e+00
      outer loop
         vertex -2.125000e+00 2.218061e+01 -1.400000e+01
         vertex -1.453586e+00 2.249369e+01 0.000000e+00
         vertex -2.125000e+00 2.218061e+01 0.000000e+00
      endloop
   endfacet
   facet normal 5.735753e-01 -8.191528e-01 0.000000e+00
      outer loop
         vertex -2.125000e+00 2.218061e+01 -1.400000e+01
         vertex -2.125000e+00 2.218061e+01 0.000000e+00
         vertex -2.731847e+00 2.175569e+01 -1.400000e+01
      endloop
   endfacet
   facet normal 5.735753e-01 -8.191528e-01 0.000000e+00
      outer loop
         vertex -2.731847e+00 2.175569e+01 -1.400000e+01
         vertex -2.125000e+00 2.218061e+01 0.000000e+00
         vertex -2.731847e+00 2.175569e+01 0.000000e+00
      endloop
   endfacet
   facet normal 7.071077e-01 -7.071058e-01 0.000000e+00
      outer loop
         vertex -2.731847e+00 2.175569e+01 -1.400000e+01
         vertex -2.731847e+00 2.175569e+01 0.000000e+00
         vertex -3.255689e+00 2.123185e+01 -1.400000e+01
      endloop
   endfacet
   facet normal 7.071077e-01 -7.071058e-01 0.000000e+00
      outer loop
         vertex -3.255689e+00 2.123185e+01 -1.400000e+01
         vertex -2.731847e+00 2.175569e+01 0.000000e+00
         vertex -3.255689e+00 2.123185e+01 0.000000e+00
      endloop
   endfacet
   facet normal 8.191514e-01 -5.735773e-01 0.000000e+00
      outer loop
         vertex -3.255689e+00 2.123185e+01 -1.400000e+01
         vertex -3.255689e+00 2.123185e+01 0.000000e+00
         vertex -3.680608e+00 2.062500e+01 -1.400000e+01
      endloop
   endfacet
   facet normal 8.191514e-01 -5.735773e-01 0.000000e+00
      outer loop
         vertex -3.680608e+00 2.062500e+01 -1.400000e+01
         vertex -3.255689e+00 2.123185e+01 0.000000e+00
         vertex -3.680608e+00 2.062500e+01 0.000000e+00
      endloop
   endfacet
   facet normal 9.063078e-01 -4.226182e-01 0.000000e+00
      outer loop
         vertex -3.680608e+00 2.062500e+01 -1.400000e+01
         vertex -3.680608e+00 2.062500e+01 0.000000e+00
         vertex -3.993694e+00 1.995359e+01 -1.400000e+01
      endloop
   endfacet
   facet normal 9.063078e-01 -4.226182e-01 0.000000e+00
      outer loop
         vertex -3.993694e+00 1.995359e+01 -1.400000e+01
         vertex -3.680608e+00 2.062500e+01 0.000000e+00
         vertex -3.993694e+00 1.995359e+01 0.000000e+00
      endloop
   endfacet
   facet normal 9.659259e-01 -2.588187e-01 0.000000e+00
      outer loop
         vertex -3.993694e+00 1.995359e+01 -1.400000e+01
         vertex -3.993694e+00 1.995359e+01 0.000000e+00
         vertex -4.185433e+00 1.923800e+01 -1.400000e+01
      endloop
   endfacet
   facet normal 9.659259e-01 -2.588187e-01 0.000000e+00
      outer loop
         vertex -4.185433e+00 1.923800e+01 -1.400000e+01
         vertex -3.993694e+00 1.995359e+01 0.000000e+00
         vertex -4.185433e+00 1.923800e+01 0.000000e+00
      endloop
   endfacet
   facet normal 9.961947e-01 -8.715600e-02 0.000000e+00
      outer loop
         vertex -4.185433e+00 1.923800e+01 -1.400000e+01
         vertex -4.185433e+00 1.923800e+01 0.000000e+00
         vertex -4.250000e+00 1.850000e+01 -1.400000e+01
      endloop
   endfacet
   facet normal 9.961947e-01 -8.715600e-02 0.000000e+00
      outer loop
         vertex -4.250000e+00 1.850000e+01 -1.400000e+01
         vertex -4.185433e+00 1.923800e+01 0.000000e+00
         vertex -4.250000e+00 1.850000e+01 0.000000e+00
      endloop
   endfacet
   facet normal 9.961947e-01 8.715600e-02 -0.000000e+00
      outer loop
         vertex -4.250000e+00 1.850000e+01 -1.400000e+01
         vertex -4.250000e+00 1.850000e+01 0.000000e+00
         vertex -4.185433e+00 1.776200e+01 -1.400000e+01
      endloop
   endfacet
   facet normal 9.961947e-01 8.715600e-02 -0.000000e+00
      outer loop
         vertex -4.185433e+00 1.776200e+01 -1.400000e+01
         vertex -4.250000e+00 1.850000e+01 0.000000e+00
         vertex -4.185433e+00 1.776200e+01 0.000000e+00
      endloop
   endfacet
   facet normal 9.659259e-01 2.588187e-01 -0.000000e+00
      outer loop
         vertex -4.185433e+00 1.776200e+01 -1.400000e+01
         vertex -4.185433e+00 1.776200e+01 0.000000e+00
         vertex -3.993694e+00 1.704641e+01 -1.400000e+01
      endloop
   endfacet
   facet normal 9.659259e-01 2.588187e-01 -0.000000e+00
      outer loop
         vertex -3.993694e+00 1.704641e+01 -1.400000e+01
         vertex -4.185433e+00 1.776200e+01 0.000000e+00
         vertex -3.993694e+00 1.704641e+01 0.000000e+00
      endloop
   endfacet
   facet normal 9.063078e-01 4.226182e-01 -0.000000e+00
      outer loop
         vertex -3.993694e+00 1.704641e+01 -1.400000e+01
         vertex -3.993694e+00 1.704641e+01 0.000000e+00
         vertex -3.680608e+00 1.637500e+01 -1.400000e+01
      endloop
   endfacet
   facet normal 9.063078e-01 4.226182e-01 -0.000000e+00
      outer loop
         vertex -3.680608e+00 1.637500e+01 -1.400000e+01
         vertex -3.993694e+00 1.704641e+01 0.000000e+00
         vertex -3.680608e+00 1.637500e+01 0.000000e+00
      endloop
   endfacet
   facet normal 8.191522e-01 5.735762e-01 -0.000000e+00
      outer loop
         vertex -3.680608e+00 1.637500e+01 -1.400000e+01
         vertex -3.680608e+00 1.637500e+01 0.000000e+00
         vertex -3.255689e+00 1.576815e+01 -1.400000e+01
      endloop
   endfacet
   facet normal 8.191522e-01 5.735762e-01 -0.000000e+00
      outer loop
         vertex -3.255689e+00 1.576815e+01 -1.400000e+01
         vertex -3.680608e+00 1.637500e+01 0.000000e+00
         vertex -3.255689e+00 1.576815e+01 0.000000e+00
      endloop
   endfacet
   facet normal 7.071065e-01 7.071071e-01 -0.000000e+00
      outer loop
         vertex -3.255689e+00 1.576815e+01 -1.400000e+01
         vertex -3.255689e+00 1.576815e+01 0.000000e+00
         vertex -2.731847e+00 1.524431e+01 -1.400000e+01
      endloop
   endfacet
   facet normal 7.071065e-01 7.071071e-01 -0.000000e+00
      outer loop
         vertex -2.731847e+00 1.524431e+01 -1.400000e+01
         vertex -3.255689e+00 1.576815e+01 0.000000e+00
         vertex -2.731847e+00 1.524431e+01 0.000000e+00
      endloop
   endfacet
   facet normal 5.735762e-01 8.191522e-01 -0.000000e+00
      outer loop
         vertex -2.731847e+00 1.524431e+01 -1.400000e+01
         vertex -2.731847e+00 1.524431e+01 0.000000e+00
         vertex -2.125000e+00 1.481939e+01 -1.400000e+01
      endloop
   endfacet
   facet normal 5.735762e-01 8.191522e-01 -0.000000e+00
      outer loop
         vertex -2.125000e+00 1.481939e+01 -1.400000e+01
         vertex -2.731847e+00 1.524431e+01 0.000000e+00
         vertex -2.125000e+00 1.481939e+01 0.000000e+00
      endloop
   endfacet
   facet normal 4.226180e-01 9.063079e-01 -0.000000e+00
      outer loop
         vertex -2.125000e+00 1.481939e+01 -1.400000e+01
         vertex -2.125000e+00 1.481939e+01 0.000000e+00
         vertex -1.453586e+00 1.450631e+01 -1.400000e+01
      endloop
   endfacet
   facet normal 4.226180e-01 9.063079e-01 -0.000000e+00
      outer loop
         vertex -1.453586e+00 1.450631e+01 -1.400000e+01
         vertex -2.125000e+00 1.481939e+01 0.000000e+00
         vertex -1.453586e+00 1.450631e+01 0.000000e+00
      endloop
   endfacet
   facet normal 2.588196e-01 9.659257e-01 -0.000000e+00
      outer loop
         vertex -1.453586e+00 1.450631e+01 -1.400000e+01
         vertex -1.453586e+00 1.450631e+01 0.000000e+00
         vertex -7.380047e-01 1.431457e+01 -1.400000e+01
      endloop
   endfacet
   facet normal 2.588196e-01 9.659257e-01 -0.000000e+00
      outer loop
         vertex -7.380047e-01 1.431457e+01 -1.400000e+01
         vertex -1.453586e+00 1.450631e+01 0.000000e+00
         vertex -7.380047e-01 1.431457e+01 0.000000e+00
      endloop
   endfacet
   facet normal 8.715532e-02 9.961947e-01 -0.000000e+00
      outer loop
         vertex -7.380047e-01 1.431457e+01 -1.400000e+01
         vertex -7.380047e-01 1.431457e+01 0.000000e+00
         vertex -7.807123e-16 1.425000e+01 -1.400000e+01
      endloop
   endfacet
   facet normal 8.715532e-02 9.961947e-01 -0.000000e+00
      outer loop
         vertex -7.807123e-16 1.425000e+01 -1.400000e+01
         vertex -7.380047e-01 1.431457e+01 0.000000e+00
         vertex -7.807123e-16 1.425000e+01 0.000000e+00
      endloop
   endfacet
   facet normal -8.715532e-02 9.961947e-01 0.000000e+00
      outer loop
         vertex -7.807123e-16 1.425000e+01 -1.400000e+01
         vertex -7.807123e-16 1.425000e+01 0.000000e+00
         vertex 7.380047e-01 1.431457e+01 -1.400000e+01
      endloop
   endfacet
   facet normal -8.715532e-02 9.961947e-01 0.000000e+00
      outer loop
         vertex 7.380047e-01 1.431457e+01 -1.400000e+01
         vertex -7.807123e-16 1.425000e+01 0.000000e+00
         vertex 7.380047e-01 1.431457e+01 0.000000e+00
      endloop
   endfacet
   facet normal -2.588196e-01 9.659257e-01 0.000000e+00
      outer loop
         vertex 7.380047e-01 1.431457e+01 -1.400000e+01
         vertex 7.380047e-01 1.431457e+01 0.000000e+00
         vertex 1.453586e+00 1.450631e+01 -1.400000e+01
      endloop
   endfacet
   facet normal -2.588196e-01 9.659257e-01 0.000000e+00
      outer loop
         vertex 1.453586e+00 1.450631e+01 -1.400000e+01
         vertex 7.380047e-01 1.431457e+01 0.000000e+00
         vertex 1.453586e+00 1.450631e+01 0.000000e+00
      endloop
   endfacet
   facet normal -4.226180e-01 9.063079e-01 0.000000e+00
      outer loop
         vertex 1.453586e+00 1.450631e+01 -1.400000e+01
         vertex 1.453586e+00 1.450631e+01 0.000000e+00
         vertex 2.125000e+00 1.481939e+01 -1.400000e+01
      endloop
   endfacet
   facet normal -4.226180e-01 9.063079e-01 0.000000e+00
      outer loop
         vertex 2.125000e+00 1.481939e+01 -1.400000e+01
         vertex 1.453586e+00 1.450631e+01 0.000000e+00
         vertex 2.125000e+00 1.481939e+01 0.000000e+00
      endloop
   endfacet
   facet normal -5.735762e-01 8.191522e-01 0.000000e+00
      outer loop
         vertex 2.125000e+00 1.481939e+01 -1.400000e+01
         vertex 2.125000e+00 1.481939e+01 0.000000e+00
         vertex 2.731847e+00 1.524431e+01 -1.400000e+01
      endloop
   endfacet
   facet normal -5.735762e-01 8.191522e-01 0.000000e+00
      outer loop
         vertex 2.731847e+00 1.524431e+01 -1.400000e+01
         vertex 2.125000e+00 1.481939e+01 0.000000e+00
         vertex 2.731847e+00 1.524431e+01 0.000000e+00
      endloop
   endfacet
   facet normal -7.071065e-01 7.071071e-01 0.000000e+00
      outer loop
         vertex 2.731847e+00 1.524431e+01 -1.400000e+01
         vertex 2.731847e+00 1.524431e+01 0.000000e+00
         vertex 3.255689e+00 1.576815e+01 -1.400000e+01
      endloop
   endfacet
   facet normal -7.071065e-01 7.071071e-01 0.000000e+00
      outer loop
         vertex 3.255689e+00 1.576815e+01 -1.400000e+01
         vertex 2.731847e+00 1.524431e+01 0.000000e+00
         vertex 3.255689e+00 1.576815e+01 0.000000e+00
      endloop
   endfacet
   facet normal -8.191522e-01 5.735762e-01 0.000000e+00
      outer loop
         vertex 3.255689e+00 1.576815e+01 -1.400000e+01
         vertex 3.255689e+00 1.576815e+01 0.000000e+00
         vertex 3.680608e+00 1.637500e+01 -1.400000e+01
      endloop
   endfacet
   facet normal -8.191522e-01 5.735762e-01 0.000000e+00
      outer loop
         vertex 3.680608e+00 1.637500e+01 -1.400000e+01
         vertex 3.255689e+00 1.576815e+01 0.000000e+00
         vertex 3.680608e+00 1.637500e+01 0.000000e+00
      endloop
   endfacet
   facet normal -9.063078e-01 4.226182e-01 0.000000e+00
      outer loop
         vertex 3.680608e+00 1.637500e+01 -1.400000e+01
         vertex 3.680608e+00 1.637500e+01 0.000000e+00
         vertex 3.993694e+00 1.704641e+01 -1.400000e+01
      endloop
   endfacet
   facet normal -9.063078e-01 4.226182e-01 0.000000e+00
      outer loop
         vertex 3.993694e+00 1.704641e+01 -1.400000e+01
         vertex 3.680608e+00 1.637500e+01 0.000000e+00
         vertex 3.993694e+00 1.704641e+01 0.000000e+00
      endloop
   endfacet
   facet normal -9.659259e-01 2.588187e-01 0.000000e+00
      outer loop
         vertex 3.993694e+00 1.704641e+01 -1.400000e+01
         vertex 3.993694e+00 1.704641e+01 0.000000e+00
         vertex 4.185433e+00 1.776200e+01 -1.400000e+01
      endloop
   endfacet
   facet normal -9.659259e-01 2.588187e-01 0.000000e+00
      outer loop
         vertex 4.185433e+00 1.776200e+01 -1.400000e+01
         vertex 3.993694e+00 1.704641e+01 0.000000e+00
         vertex 4.185433e+00 1.776200e+01 0.000000e+00
      endloop
   endfacet
   facet normal -9.961947e-01 8.715600e-02 0.000000e+00
      outer loop
         vertex 4.185433e+00 1.776200e+01 -1.400000e+01
         vertex 4.185433e+00 1.776200e+01 0.000000e+00
         vertex 4.250000e+00 1.850000e+01 -1.400000e+01
      endloop
   endfacet
   facet normal -9.961947e-01 8.715600e-02 0.000000e+00
      outer loop
         vertex 4.250000e+00 1.850000e+01 -1.400000e+01
         vertex 4.185433e+00 1.776200e+01 0.000000e+00
         vertex 4.250000e+00 1.850000e+01 0.000000e+00
      endloop
   endfacet
   facet normal 0.000000e+00 -0.000000e+00 1.000000e+00
      outer loop
         vertex 3.993694e+00 1.704641e+01 -1.400000e+01
         vertex 4.185433e+00 1.776200e+01 -1.400000e+01
         vertex 0.000000e+00 1.850000e+01 -1.400000e+01
      endloop
   endfacet
   facet normal -0.000000e+00 0.000000e+00 1.000000e+00
      outer loop
         vertex 0.000000e+00 1.850000e+01 -1.400000e+01
         vertex 4.185433e+00 1.776200e+01 -1.400000e+01
         vertex 4.250000e+00 1.850000e+01 -1.400000e+01
      endloop
   endfacet
   facet normal 0.000000e+00 0.000000e+00 1.000000e+00
      outer loop
         vertex 0.000000e+00 1.850000e+01 -1.400000e+01
         vertex 4.250000e+00 1.850000e+01 -1.400000e+01
         vertex 4.185433e+00 1.923800e+01 -1.400000e+01
      endloop
   endfacet
   facet normal 0.000000e+00 -0.000000e+00 1.000000e+00
      outer loop
         vertex 2.731847e+00 1.524431e+01 -1.400000e+01
         vertex 3.255689e+00 1.576815e+01 -1.400000e+01
         vertex 0.000000e+00 1.850000e+01 -1.400000e+01
      endloop
   endfacet
   facet normal 0.000000e+00 0.000000e+00 1.000000e+00
      outer loop
         vertex 0.000000e+00 1.850000e+01 -1.400000e+01
         vertex 3.255689e+00 1.576815e+01 -1.400000e+01
         vertex 3.680608e+00 1.637500e+01 -1.400000e+01
      endloop
   endfacet
   facet normal 0.000000e+00 0.000000e+00 1.000000e+00
      outer loop
         vertex 0.000000e+00 1.850000e+01 -1.400000e+01
         vertex 3.680608e+00 1.637500e+01 -1.400000e+01
         vertex 3.993694e+00 1.704641e+01 -1.400000e+01
      endloop
   endfacet
   facet normal 0.000000e+00 -0.000000e+00 1.000000e+00
      outer loop
         vertex 7.380047e-01 1.431457e+01 -1.400000e+01
         vertex 1.453586e+00 1.450631e+01 -1.400000e+01
         vertex 0.000000e+00 1.850000e+01 -1.400000e+01
      endloop
   endfacet
   facet normal 0.000000e+00 0.000000e+00 1.000000e+00
      outer loop
         vertex 0.000000e+00 1.850000e+01 -1.400000e+01
         vertex 1.453586e+00 1.450631e+01 -1.400000e+01
         vertex 2.125000e+00 1.481939e+01 -1.400000e+01
      endloop
   endfacet
   facet normal 0.000000e+00 0.000000e+00 1.000000e+00
      outer loop
         vertex 0.000000e+00 1.850000e+01 -1.400000e+01
         vertex 2.125000e+00 1.481939e+01 -1.400000e+01
         vertex 2.731847e+00 1.524431e+01 -1.400000e+01
      endloop
   endfacet
   facet normal -0.000000e+00 0.000000e+00 1.000000e+00
      outer loop
         vertex -1.453586e+00 1.450631e+01 -1.400000e+01
         vertex -7.380047e-01 1.431457e+01 -1.400000e+01
         vertex 0.000000e+00 1.850000e+01 -1.400000e+01
      endloop
   endfacet
   facet normal 0.000000e+00 0.000000e+00 1.000000e+00
      outer loop
         vertex 0.000000e+00 1.850000e+01 -1.400000e+01
         vertex -7.380047e-01 1.431457e+01 -1.400000e+01
         vertex -7.807123e-16 1.425000e+01 -1.400000e+01
      endloop
   endfacet
   facet normal 0.000000e+00 0.000000e+00 1.000000e+00
      outer loop
         vertex 0.000000e+00 1.850000e+01 -1.400000e+01
         vertex -7.807123e-16 1.425000e+01 -1.400000e+01
         vertex 7.380047e-01 1.431457e+01 -1.400000e+01
      endloop
   endfacet
   facet normal -0.000000e+00 0.000000e+00 1.000000e+00
      outer loop
         vertex -3.255689e+00 1.576815e+01 -1.400000e+01
         vertex -2.731847e+00 1.524431e+01 -1.400000e+01
         vertex 0.000000e+00 1.850000e+01 -1.400000e+01
      endloop
   endfacet
   facet normal 0.000000e+00 0.000000e+00 1.000000e+00
      outer loop
         vertex 0.000000e+00 1.850000e+01 -1.400000e+01
         vertex -2.731847e+00 1.524431e+01 -1.400000e+01
         vertex -2.125000e+00 1.481939e+01 -1.400000e+01
      endloop
   endfacet
   facet normal 0.000000e+00 0.000000e+00 1.000000e+00
      outer loop
         vertex 0.000000e+00 1.850000e+01 -1.400000e+01
         vertex -2.125000e+00 1.481939e+01 -1.400000e+01
         vertex -1.453586e+00 1.450631e+01 -1.400000e+01
      endloop
   endfacet
   facet normal -0.000000e+00 0.000000e+00 1.000000e+00
      outer loop
         vertex -4.185433e+00 1.776200e+01 -1.400000e+01
         vertex -3.993694e+00 1.704641e+01 -1.400000e+01
         vertex 0.000000e+00 1.850000e+01 -1.400000e+01
      endloop
   endfacet
   facet normal 0.000000e+00 0.000000e+00 1.000000e+00
      outer loop
         vertex 0.000000e+00 1.850000e+01 -1.400000e+01
         vertex -3.993694e+00 1.704641e+01 -1.400000e+01
         vertex -3.680608e+00 1.637500e+01 -1.400000e+01
      endloop
   endfacet
   facet normal 0.000000e+00 0.000000e+00 1.000000e+00
      outer loop
         vertex 0.000000e+00 1.850000e+01 -1.400000e+01
         vertex -3.680608e+00 1.637500e+01 -1.400000e+01
         vertex -3.255689e+00 1.576815e+01 -1.400000e+01
      endloop
   endfacet
   facet normal 0.000000e+00 0.000000e+00 1.000000e+00
      outer loop
         vertex -3.993694e+00 1.995359e+01 -1.400000e+01
         vertex -4.185433e+00 1.923800e+01 -1.400000e+01
         vertex 0.000000e+00 1.850000e+01 -1.400000e+01
      endloop
   endfacet
   facet normal 0.000000e+00 0.000000e+00 1.000000e+00
      outer loop
         vertex 0.000000e+00 1.850000e+01 -1.400000e+01
         vertex -4.185433e+00 1.923800e+01 -1.400000e+01
         vertex -4.250000e+00 1.850000e+01 -1.400000e+01
      endloop
   endfacet
   facet normal 0.000000e+00 0.000000e+00 1.000000e+00
      outer loop
         vertex 0.000000e+00 1.850000e+01 -1.400000e+01
         vertex -4.250000e+00 1.850000e+01 -1.400000e+01
         vertex -4.185433e+00 1.776200e+01 -1.400000e+01
      endloop
   endfacet
   facet normal 0.000000e+00 0.000000e+00 1.000000e+00
      outer loop
         vertex -2.731847e+00 2.175569e+01 -1.400000e+01
         vertex -3.255689e+00 2.123185e+01 -1.400000e+01
         vertex 0.000000e+00 1.850000e+01 -1.400000e+01
      endloop
   endfacet
   facet normal 0.000000e+00 0.000000e+00 1.000000e+00
      outer loop
         vertex 0.000000e+00 1.850000e+01 -1.400000e+01
         vertex -3.255689e+00 2.123185e+01 -1.400000e+01
         vertex -3.680608e+00 2.062500e+01 -1.400000e+01
      endloop
   endfacet
   facet normal 0.000000e+00 0.000000e+00 1.000000e+00
      outer loop
         vertex 0.000000e+00 1.850000e+01 -1.400000e+01
         vertex -3.680608e+00 2.062500e+01 -1.400000e+01
         vertex -3.993694e+00 1.995359e+01 -1.400000e+01
      endloop
   endfacet
   facet normal 0.000000e+00 0.000000e+00 1.000000e+00
      outer loop
         vertex -7.380047e-01 2.268543e+01 -1.400000e+01
         vertex -1.453586e+00 2.249369e+01 -1.400000e+01
         vertex 0.000000e+00 1.850000e+01 -1.400000e+01
      endloop
   endfacet
   facet normal 0.000000e+00 0.000000e+00 1.000000e+00
      outer loop
         vertex 0.000000e+00 1.850000e+01 -1.400000e+01
         vertex -1.453586e+00 2.249369e+01 -1.400000e+01
         vertex -2.125000e+00 2.218061e+01 -1.400000e+01
      endloop
   endfacet
   facet normal 0.000000e+00 0.000000e+00 1.000000e+00
      outer loop
         vertex 0.000000e+00 1.850000e+01 -1.400000e+01
         vertex -2.125000e+00 2.218061e+01 -1.400000e+01
         vertex -2.731847e+00 2.175569e+01 -1.400000e+01
      endloop
   endfacet
   facet normal 0.000000e+00 0.000000e+00 1.000000e+00
      outer loop
         vertex 1.453586e+00 2.249369e+01 -1.400000e+01
         vertex 7.380047e-01 2.268543e+01 -1.400000e+01
         vertex 0.000000e+00 1.850000e+01 -1.400000e+01
      endloop
   endfacet
   facet normal 0.000000e+00 0.000000e+00 1.000000e+00
      outer loop
         vertex 0.000000e+00 1.850000e+01 -1.400000e+01
         vertex 7.380047e-01 2.268543e+01 -1.400000e+01
         vertex 2.602375e-16 2.275000e+01 -1.400000e+01
      endloop
   endfacet
   facet normal 0.000000e+00 -0.000000e+00 1.000000e+00
      outer loop
         vertex 0.000000e+00 1.850000e+01 -1.400000e+01
         vertex 2.602375e-16 2.275000e+01 -1.400000e+01
         vertex -7.380047e-01 2.268543e+01 -1.400000e+01
      endloop
   endfacet
   facet normal 0.000000e+00 0.000000e+00 1.000000e+00
      outer loop
         vertex 3.255689e+00 2.123185e+01 -1.400000e+01
         vertex 2.731847e+00 2.175569e+01 -1.400000e+01
         vertex 0.000000e+00 1.850000e+01 -1.400000e+01
      endloop
   endfacet
   facet normal 0.000000e+00 0.000000e+00 1.000000e+00
      outer loop
         vertex 0.000000e+00 1.850000e+01 -1.400000e+01
         vertex 2.731847e+00 2.175569e+01 -1.400000e+01
         vertex 2.125000e+00 2.218061e+01 -1.400000e+01
      endloop
   endfacet
   facet normal 0.000000e+00 0.000000e+00 1.000000e+00
      outer loop
         vertex 0.000000e+00 1.850000e+01 -1.400000e+01
         vertex 2.125000e+00 2.218061e+01 -1.400000e+01
         vertex 1.453586e+00 2.249369e+01 -1.400000e+01
      endloop
   endfacet
   facet normal 0.000000e+00 0.000000e+00 1.000000e+00
      outer loop
         vertex 4.185433e+00 1.923800e+01 -1.400000e+01
         vertex 3.993694e+00 1.995359e+01 -1.400000e+01
         vertex 0.000000e+00 1.850000e+01 -1.400000e+01
      endloop
   endfacet
   facet normal 0.000000e+00 0.000000e+00 1.000000e+00
      outer loop
         vertex 0.000000e+00 1.850000e+01 -1.400000e+01
         vertex 3.993694e+00 1.995359e+01 -1.400000e+01
         vertex 3.680608e+00 2.062500e+01 -1.400000e+01
      endloop
   endfacet
   facet normal 0.000000e+00 0.000000e+00 1.000000e+00
      outer loop
         vertex 0.000000e+00 1.850000e+01 -1.400000e+01
         vertex 3.680608e+00 2.062500e+01 -1.400000e+01
         vertex 3.255689e+00 2.123185e+01 -1.400000e+01
      endloop
   endfacet
   facet normal -9.961947e-01 -8.715538e-02 0.000000e+00
      outer loop
         vertex -5.075000e+01 -2.500000e+01 -1.400000e+01
         vertex -5.075000e+01 -2.500000e+01 0.000000e+00
         vertex -5.081457e+01 -2.426200e+01 -1.400000e+01
      endloop
   endfacet
   facet normal -9.961947e-01 -8.715538e-02 0.000000e+00
      outer loop
         vertex -5.081457e+01 -2.426200e+01 -1.400000e+01
         vertex -5.075000e+01 -2.500000e+01 0.000000e+00
         vertex -5.081457e+01 -2.426200e+01 0.000000e+00
      endloop
   endfacet
   facet normal -9.659254e-01 -2.588205e-01 0.000000e+00
      outer loop
         vertex -5.081457e+01 -2.426200e+01 -1.400000e+01
         vertex -5.081457e+01 -2.426200e+01 0.000000e+00
         vertex -5.100631e+01 -2.354641e+01 -1.400000e+01
      endloop
   endfacet
   facet normal -9.659254e-01 -2.588205e-01 0.000000e+00
      outer loop
         vertex -5.100631e+01 -2.354641e+01 -1.400000e+01
         vertex -5.081457e+01 -2.426200e+01 0.000000e+00
         vertex -5.100631e+01 -2.354641e+01 0.000000e+00
      endloop
   endfacet
   facet normal -9.063084e-01 -4.226169e-01 0.000000e+00
      outer loop
         vertex -5.100631e+01 -2.354641e+01 -1.400000e+01
         vertex -5.100631e+01 -2.354641e+01 0.000000e+00
         vertex -5.131939e+01 -2.287500e+01 -1.400000e+01
      endloop
   endfacet
   facet normal -9.063084e-01 -4.226169e-01 0.000000e+00
      outer loop
         vertex -5.131939e+01 -2.287500e+01 -1.400000e+01
         vertex -5.100631e+01 -2.354641e+01 0.000000e+00
         vertex -5.131939e+01 -2.287500e+01 0.000000e+00
      endloop
   endfacet
   facet normal -8.191508e-01 -5.735783e-01 0.000000e+00
      outer loop
         vertex -5.131939e+01 -2.287500e+01 -1.400000e+01
         vertex -5.131939e+01 -2.287500e+01 0.000000e+00
         vertex -5.174431e+01 -2.226815e+01 -1.400000e+01
      endloop
   endfacet
   facet normal -8.191508e-01 -5.735783e-01 0.000000e+00
      outer loop
         vertex -5.174431e+01 -2.226815e+01 -1.400000e+01
         vertex -5.131939e+01 -2.287500e+01 0.000000e+00
         vertex -5.174431e+01 -2.226815e+01 0.000000e+00
      endloop
   endfacet
   facet normal -7.071080e-01 -7.071055e-01 0.000000e+00
      outer loop
         vertex -5.174431e+01 -2.226815e+01 -1.400000e+01
         vertex -5.174431e+01 -2.226815e+01 0.000000e+00
         vertex -5.226815e+01 -2.174431e+01 -1.400000e+01
      endloop
   endfacet
   facet normal -7.071080e-01 -7.071055e-01 0.000000e+00
      outer loop
         vertex -5.226815e+01 -2.174431e+01 -1.400000e+01
         vertex -5.174431e+01 -2.226815e+01 0.000000e+00
         vertex -5.226815e+01 -2.174431e+01 0.000000e+00
      endloop
   endfacet
   facet normal -5.735754e-01 -8.191528e-01 0.000000e+00
      outer loop
         vertex -5.226815e+01 -2.174431e+01 -1.400000e+01
         vertex -5.226815e+01 -2.174431e+01 0.000000e+00
         vertex -5.287500e+01 -2.131939e+01 -1.400000e+01
      endloop
   endfacet
   facet normal -5.735754e-01 -8.191528e-01 0.000000e+00
      outer loop
         vertex -5.287500e+01 -2.131939e+01 -1.400000e+01
         vertex -5.226815e+01 -2.174431e+01 0.000000e+00
         vertex -5.287500e+01 -2.131939e+01 0.000000e+00
      endloop
   endfacet
   facet normal -4.226179e-01 -9.063080e-01 0.000000e+00
      outer loop
         vertex -5.287500e+01 -2.131939e+01 -1.400000e+01
         vertex -5.287500e+01 -2.131939e+01 0.000000e+00
         vertex -5.354641e+01 -2.100631e+01 -1.400000e+01
      endloop
   endfacet
   facet normal -4.226179e-01 -9.063080e-01 0.000000e+00
      outer loop
         vertex -5.354641e+01 -2.100631e+01 -1.400000e+01
         vertex -5.287500e+01 -2.131939e+01 0.000000e+00
         vertex -5.354641e+01 -2.100631e+01 0.000000e+00
      endloop
   endfacet
   facet normal -2.588188e-01 -9.659259e-01 0.000000e+00
      outer loop
         vertex -5.354641e+01 -2.100631e+01 -1.400000e+01
         vertex -5.354641e+01 -2.100631e+01 0.000000e+00
         vertex -5.426199e+01 -2.081457e+01 -1.400000e+01
      endloop
   endfacet
   facet normal -2.588188e-01 -9.659259e-01 0.000000e+00
      outer loop
         vertex -5.426199e+01 -2.081457e+01 -1.400000e+01
         vertex -5.354641e+01 -2.100631e+01 0.000000e+00
         vertex -5.426199e+01 -2.081457e+01 0.000000e+00
      endloop
   endfacet
   facet normal -8.715766e-02 -9.961945e-01 0.000000e+00
      outer loop
         vertex -5.426199e+01 -2.081457e+01 -1.400000e+01
         vertex -5.426199e+01 -2.081457e+01 0.000000e+00
         vertex -5.500000e+01 -2.075000e+01 -1.400000e+01
      endloop
   endfacet
   facet normal -8.715766e-02 -9.961945e-01 0.000000e+00
      outer loop
         vertex -5.500000e+01 -2.075000e+01 -1.400000e+01
         vertex -5.426199e+01 -2.081457e+01 0.000000e+00
         vertex -5.500000e+01 -2.075000e+01 0.000000e+00
      endloop
   endfacet
   facet normal 8.715766e-02 -9.961945e-01 0.000000e+00
      outer loop
         vertex -5.500000e+01 -2.075000e+01 -1.400000e+01
         vertex -5.500000e+01 -2.075000e+01 0.000000e+00
         vertex -5.573801e+01 -2.081457e+01 -1.400000e+01
      endloop
   endfacet
   facet normal 8.715766e-02 -9.961945e-01 0.000000e+00
      outer loop
         vertex -5.573801e+01 -2.081457e+01 -1.400000e+01
         vertex -5.500000e+01 -2.075000e+01 0.000000e+00
         vertex -5.573801e+01 -2.081457e+01 0.000000e+00
      endloop
   endfacet
   facet normal 2.588188e-01 -9.659259e-01 0.000000e+00
      outer loop
         vertex -5.573801e+01 -2.081457e+01 -1.400000e+01
         vertex -5.573801e+01 -2.081457e+01 0.000000e+00
         vertex -5.645359e+01 -2.100631e+01 -1.400000e+01
      endloop
   endfacet
   facet normal 2.588188e-01 -9.659259e-01 0.000000e+00
      outer loop
         vertex -5.645359e+01 -2.100631e+01 -1.400000e+01
         vertex -5.573801e+01 -2.081457e+01 0.000000e+00
         vertex -5.645359e+01 -2.100631e+01 0.000000e+00
      endloop
   endfacet
   facet normal 4.226179e-01 -9.063080e-01 0.000000e+00
      outer loop
         vertex -5.645359e+01 -2.100631e+01 -1.400000e+01
         vertex -5.645359e+01 -2.100631e+01 0.000000e+00
         vertex -5.712500e+01 -2.131939e+01 -1.400000e+01
      endloop
   endfacet
   facet normal 4.226179e-01 -9.063080e-01 0.000000e+00
      outer loop
         vertex -5.712500e+01 -2.131939e+01 -1.400000e+01
         vertex -5.645359e+01 -2.100631e+01 0.000000e+00
         vertex -5.712500e+01 -2.131939e+01 0.000000e+00
      endloop
   endfacet
   facet normal 5.735754e-01 -8.191528e-01 0.000000e+00
      outer loop
         vertex -5.712500e+01 -2.131939e+01 -1.400000e+01
         vertex -5.712500e+01 -2.131939e+01 0.000000e+00
         vertex -5.773185e+01 -2.174431e+01 -1.400000e+01
      endloop
   endfacet
   facet normal 5.735754e-01 -8.191528e-01 0.000000e+00
      outer loop
         vertex -5.773185e+01 -2.174431e+01 -1.400000e+01
         vertex -5.712500e+01 -2.131939e+01 0.000000e+00
         vertex -5.773185e+01 -2.174431e+01 0.000000e+00
      endloop
   endfacet
   facet normal 7.071080e-01 -7.071055e-01 0.000000e+00
      outer loop
         vertex -5.773185e+01 -2.174431e+01 -1.400000e+01
         vertex -5.773185e+01 -2.174431e+01 0.000000e+00
         vertex -5.825569e+01 -2.226815e+01 -1.400000e+01
      endloop
   endfacet
   facet normal 7.071080e-01 -7.071055e-01 0.000000e+00
      outer loop
         vertex -5.825569e+01 -2.226815e+01 -1.400000e+01
         vertex -5.773185e+01 -2.174431e+01 0.000000e+00
         vertex -5.825569e+01 -2.226815e+01 0.000000e+00
      endloop
   endfacet
   facet normal 8.191508e-01 -5.735783e-01 0.000000e+00
      outer loop
         vertex -5.825569e+01 -2.226815e+01 -1.400000e+01
         vertex -5.825569e+01 -2.226815e+01 0.000000e+00
         vertex -5.868061e+01 -2.287500e+01 -1.400000e+01
      endloop
   endfacet
   facet normal 8.191508e-01 -5.735783e-01 0.000000e+00
      outer loop
         vertex -5.868061e+01 -2.287500e+01 -1.400000e+01
         vertex -5.825569e+01 -2.226815e+01 0.000000e+00
         vertex -5.868061e+01 -2.287500e+01 0.000000e+00
      endloop
   endfacet
   facet normal 9.063084e-01 -4.226169e-01 0.000000e+00
      outer loop
         vertex -5.868061e+01 -2.287500e+01 -1.400000e+01
         vertex -5.868061e+01 -2.287500e+01 0.000000e+00
         vertex -5.899369e+01 -2.354641e+01 -1.400000e+01
      endloop
   endfacet
   facet normal 9.063084e-01 -4.226169e-01 0.000000e+00
      outer loop
         vertex -5.899369e+01 -2.354641e+01 -1.400000e+01
         vertex -5.868061e+01 -2.287500e+01 0.000000e+00
         vertex -5.899369e+01 -2.354641e+01 0.000000e+00
      endloop
   endfacet
   facet normal 9.659254e-01 -2.588205e-01 0.000000e+00
      outer loop
         vertex -5.899369e+01 -2.354641e+01 -1.400000e+01
         vertex -5.899369e+01 -2.354641e+01 0.000000e+00
         vertex -5.918543e+01 -2.426200e+01 -1.400000e+01
      endloop
   endfacet
   facet normal 9.659254e-01 -2.588205e-01 0.000000e+00
      outer loop
         vertex -5.918543e+01 -2.426200e+01 -1.400000e+01
         vertex -5.899369e+01 -2.354641e+01 0.000000e+00
         vertex -5.918543e+01 -2.426200e+01 0.000000e+00
      endloop
   endfacet
   facet normal 9.961947e-01 -8.715538e-02 0.000000e+00
      outer loop
         vertex -5.918543e+01 -2.426200e+01 -1.400000e+01
         vertex -5.918543e+01 -2.426200e+01 0.000000e+00
         vertex -5.925000e+01 -2.500000e+01 -1.400000e+01
      endloop
   endfacet
   facet normal 9.961947e-01 -8.715538e-02 0.000000e+00
      outer loop
         vertex -5.925000e+01 -2.500000e+01 -1.400000e+01
         vertex -5.918543e+01 -2.426200e+01 0.000000e+00
         vertex -5.925000e+01 -2.500000e+01 0.000000e+00
      endloop
   endfacet
   facet normal 9.961947e-01 8.715538e-02 -0.000000e+00
      outer loop
         vertex -5.925000e+01 -2.500000e+01 -1.400000e+01
         vertex -5.925000e+01 -2.500000e+01 0.000000e+00
         vertex -5.918543e+01 -2.573800e+01 -1.400000e+01
      endloop
   endfacet
   facet normal 9.961947e-01 8.715538e-02 -0.000000e+00
      outer loop
         vertex -5.918543e+01 -2.573800e+01 -1.400000e+01
         vertex -5.925000e+01 -2.500000e+01 0.000000e+00
         vertex -5.918543e+01 -2.573800e+01 0.000000e+00
      endloop
   endfacet
   facet normal 9.659254e-01 2.588205e-01 -0.000000e+00
      outer loop
         vertex -5.918543e+01 -2.573800e+01 -1.400000e+01
         vertex -5.918543e+01 -2.573800e+01 0.000000e+00
         vertex -5.899369e+01 -2.645359e+01 -1.400000e+01
      endloop
   endfacet
   facet normal 9.659254e-01 2.588205e-01 -0.000000e+00
      outer loop
         vertex -5.899369e+01 -2.645359e+01 -1.400000e+01
         vertex -5.918543e+01 -2.573800e+01 0.000000e+00
         vertex -5.899369e+01 -2.645359e+01 0.000000e+00
      endloop
   endfacet
   facet normal 9.063080e-01 4.226179e-01 -0.000000e+00
      outer loop
         vertex -5.899369e+01 -2.645359e+01 -1.400000e+01
         vertex -5.899369e+01 -2.645359e+01 0.000000e+00
         vertex -5.868061e+01 -2.712500e+01 -1.400000e+01
      endloop
   endfacet
   facet normal 9.063080e-01 4.226179e-01 -0.000000e+00
      outer loop
         vertex -5.868061e+01 -2.712500e+01 -1.400000e+01
         vertex -5.899369e+01 -2.645359e+01 0.000000e+00
         vertex -5.868061e+01 -2.712500e+01 0.000000e+00
      endloop
   endfacet
   facet normal 8.191508e-01 5.735783e-01 -0.000000e+00
      outer loop
         vertex -5.868061e+01 -2.712500e+01 -1.400000e+01
         vertex -5.868061e+01 -2.712500e+01 0.000000e+00
         vertex -5.825569e+01 -2.773185e+01 -1.400000e+01
      endloop
   endfacet
   facet normal 8.191508e-01 5.735783e-01 -0.000000e+00
      outer loop
         vertex -5.825569e+01 -2.773185e+01 -1.400000e+01
         vertex -5.868061e+01 -2.712500e+01 0.000000e+00
         vertex -5.825569e+01 -2.773185e+01 0.000000e+00
      endloop
   endfacet
   facet normal 7.071080e-01 7.071055e-01 -0.000000e+00
      outer loop
         vertex -5.825569e+01 -2.773185e+01 -1.400000e+01
         vertex -5.825569e+01 -2.773185e+01 0.000000e+00
         vertex -5.773185e+01 -2.825569e+01 -1.400000e+01
      endloop
   endfacet
   facet normal 7.071080e-01 7.071055e-01 -0.000000e+00
      outer loop
         vertex -5.773185e+01 -2.825569e+01 -1.400000e+01
         vertex -5.825569e+01 -2.773185e+01 0.000000e+00
         vertex -5.773185e+01 -2.825569e+01 0.000000e+00
      endloop
   endfacet
   facet normal 5.735754e-01 8.191528e-01 -0.000000e+00
      outer loop
         vertex -5.773185e+01 -2.825569e+01 -1.400000e+01
         vertex -5.773185e+01 -2.825569e+01 0.000000e+00
         vertex -5.712500e+01 -2.868061e+01 -1.400000e+01
      endloop
   endfacet
   facet normal 5.735754e-01 8.191528e-01 -0.000000e+00
      outer loop
         vertex -5.712500e+01 -2.868061e+01 -1.400000e+01
         vertex -5.773185e+01 -2.825569e+01 0.000000e+00
         vertex -5.712500e+01 -2.868061e+01 0.000000e+00
      endloop
   endfacet
   facet normal 4.226199e-01 9.063070e-01 -0.000000e+00
      outer loop
         vertex -5.712500e+01 -2.868061e+01 -1.400000e+01
         vertex -5.712500e+01 -2.868061e+01 0.000000e+00
         vertex -5.645359e+01 -2.899369e+01 -1.400000e+01
      endloop
   endfacet
   facet normal 4.226199e-01 9.063070e-01 -0.000000e+00
      outer loop
         vertex -5.645359e+01 -2.899369e+01 -1.400000e+01
         vertex -5.712500e+01 -2.868061e+01 0.000000e+00
         vertex -5.645359e+01 -2.899369e+01 0.000000e+00
      endloop
   endfacet
   facet normal 2.588188e-01 9.659259e-01 -0.000000e+00
      outer loop
         vertex -5.645359e+01 -2.899369e+01 -1.400000e+01
         vertex -5.645359e+01 -2.899369e+01 0.000000e+00
         vertex -5.573801e+01 -2.918543e+01 -1.400000e+01
      endloop
   endfacet
   facet normal 2.588188e-01 9.659259e-01 -0.000000e+00
      outer loop
         vertex -5.573801e+01 -2.918543e+01 -1.400000e+01
         vertex -5.645359e+01 -2.899369e+01 0.000000e+00
         vertex -5.573801e+01 -2.918543e+01 0.000000e+00
      endloop
   endfacet
   facet normal 8.715516e-02 9.961947e-01 -0.000000e+00
      outer loop
         vertex -5.573801e+01 -2.918543e+01 -1.400000e+01
         vertex -5.573801e+01 -2.918543e+01 0.000000e+00
         vertex -5.500000e+01 -2.925000e+01 -1.400000e+01
      endloop
   endfacet
   facet normal 8.715516e-02 9.961947e-01 -0.000000e+00
      outer loop
         vertex -5.500000e+01 -2.925000e+01 -1.400000e+01
         vertex -5.573801e+01 -2.918543e+01 0.000000e+00
         vertex -5.500000e+01 -2.925000e+01 0.000000e+00
      endloop
   endfacet
   facet normal -8.715516e-02 9.961947e-01 0.000000e+00
      outer loop
         vertex -5.500000e+01 -2.925000e+01 -1.400000e+01
         vertex -5.500000e+01 -2.925000e+01 0.000000e+00
         vertex -5.426199e+01 -2.918543e+01 -1.400000e+01
      endloop
   endfacet
   facet normal -8.715516e-02 9.961947e-01 0.000000e+00
      outer loop
         vertex -5.426199e+01 -2.918543e+01 -1.400000e+01
         vertex -5.500000e+01 -2.925000e+01 0.000000e+00
         vertex -5.426199e+01 -2.918543e+01 0.000000e+00
      endloop
   endfacet
   facet normal -2.588188e-01 9.659259e-01 0.000000e+00
      outer loop
         vertex -5.426199e+01 -2.918543e+01 -1.400000e+01
         vertex -5.426199e+01 -2.918543e+01 0.000000e+00
         vertex -5.354641e+01 -2.899369e+01 -1.400000e+01
      endloop
   endfacet
   facet normal -2.588188e-01 9.659259e-01 0.000000e+00
      outer loop
         vertex -5.354641e+01 -2.899369e+01 -1.400000e+01
         vertex -5.426199e+01 -2.918543e+01 0.000000e+00
         vertex -5.354641e+01 -2.899369e+01 0.000000e+00
      endloop
   endfacet
   facet normal -4.226199e-01 9.063070e-01 0.000000e+00
      outer loop
         vertex -5.354641e+01 -2.899369e+01 -1.400000e+01
         vertex -5.354641e+01 -2.899369e+01 0.000000e+00
         vertex -5.287500e+01 -2.868061e+01 -1.400000e+01
      endloop
   endfacet
   facet normal -4.226199e-01 9.063070e-01 0.000000e+00
      outer loop
         vertex -5.287500e+01 -2.868061e+01 -1.400000e+01
         vertex -5.354641e+01 -2.899369e+01 0.000000e+00
         vertex -5.287500e+01 -2.868061e+01 0.000000e+00
      endloop
   endfacet
   facet normal -5.735754e-01 8.191528e-01 0.000000e+00
      outer loop
         vertex -5.287500e+01 -2.868061e+01 -1.400000e+01
         vertex -5.287500e+01 -2.868061e+01 0.000000e+00
         vertex -5.226815e+01 -2.825569e+01 -1.400000e+01
      endloop
   endfacet
   facet normal -5.735754e-01 8.191528e-01 0.000000e+00
      outer loop
         vertex -5.226815e+01 -2.825569e+01 -1.400000e+01
         vertex -5.287500e+01 -2.868061e+01 0.000000e+00
         vertex -5.226815e+01 -2.825569e+01 0.000000e+00
      endloop
   endfacet
   facet normal -7.071080e-01 7.071055e-01 0.000000e+00
      outer loop
         vertex -5.226815e+01 -2.825569e+01 -1.400000e+01
         vertex -5.226815e+01 -2.825569e+01 0.000000e+00
         vertex -5.174431e+01 -2.773185e+01 -1.400000e+01
      endloop
   endfacet
   facet normal -7.071080e-01 7.071055e-01 0.000000e+00
      outer loop
         vertex -5.174431e+01 -2.773185e+01 -1.400000e+01
         vertex -5.226815e+01 -2.825569e+01 0.000000e+00
         vertex -5.174431e+01 -2.773185e+01 0.000000e+00
      endloop
   endfacet
   facet normal -8.191508e-01 5.735783e-01 0.000000e+00
      outer loop
         vertex -5.174431e+01 -2.773185e+01 -1.400000e+01
         vertex -5.174431e+01 -2.773185e+01 0.000000e+00
         vertex -5.131939e+01 -2.712500e+01 -1.400000e+01
      endloop
   endfacet
   facet normal -8.191508e-01 5.735783e-01 0.000000e+00
      outer loop
         vertex -5.131939e+01 -2.712500e+01 -1.400000e+01
         vertex -5.174431e+01 -2.773185e+01 0.000000e+00
         vertex -5.131939e+01 -2.712500e+01 0.000000e+00
      endloop
   endfacet
   facet normal -9.063080e-01 4.226179e-01 0.000000e+00
      outer loop
         vertex -5.131939e+01 -2.712500e+01 -1.400000e+01
         vertex -5.131939e+01 -2.712500e+01 0.000000e+00
         vertex -5.100631e+01 -2.645359e+01 -1.400000e+01
      endloop
   endfacet
   facet normal -9.063080e-01 4.226179e-01 0.000000e+00
      outer loop
         vertex -5.100631e+01 -2.645359e+01 -1.400000e+01
         vertex -5.131939e+01 -2.712500e+01 0.000000e+00
         vertex -5.100631e+01 -2.645359e+01 0.000000e+00
      endloop
   endfacet
   facet normal -9.659254e-01 2.588205e-01 0.000000e+00
      outer loop
         vertex -5.100631e+01 -2.645359e+01 -1.400000e+01
         vertex -5.100631e+01 -2.645359e+01 0.000000e+00
         vertex -5.081457e+01 -2.573800e+01 -1.400000e+01
      endloop
   endfacet
   facet normal -9.659254e-01 2.588205e-01 0.000000e+00
      outer loop
         vertex -5.081457e+01 -2.573800e+01 -1.400000e+01
         vertex -5.100631e+01 -2.645359e+01 0.000000e+00
         vertex -5.081457e+01 -2.573800e+01 0.000000e+00
      endloop
   endfacet
   facet normal -9.961947e-01 8.715538e-02 0.000000e+00
      outer loop
         vertex -5.081457e+01 -2.573800e+01 -1.400000e+01
         vertex -5.081457e+01 -2.573800e+01 0.000000e+00
         vertex -5.075000e+01 -2.500000e+01 -1.400000e+01
      endloop
   endfacet
   facet normal -9.961947e-01 8.715538e-02 0.000000e+00
      outer loop
         vertex -5.075000e+01 -2.500000e+01 -1.400000e+01
         vertex -5.081457e+01 -2.573800e+01 0.000000e+00
         vertex -5.075000e+01 -2.500000e+01 0.000000e+00
      endloop
   endfacet
   facet normal 0.000000e+00 -0.000000e+00 1.000000e+00
      outer loop
         vertex -5.100631e+01 -2.645359e+01 -1.400000e+01
         vertex -5.081457e+01 -2.573800e+01 -1.400000e+01
         vertex -5.500000e+01 -2.500000e+01 -1.400000e+01
      endloop
   endfacet
   facet normal -0.000000e+00 0.000000e+00 1.000000e+00
      outer loop
         vertex -5.500000e+01 -2.500000e+01 -1.400000e+01
         vertex -5.081457e+01 -2.573800e+01 -1.400000e+01
         vertex -5.075000e+01 -2.500000e+01 -1.400000e+01
      endloop
   endfacet
   facet normal 0.000000e+00 0.000000e+00 1.000000e+00
      outer loop
         vertex -5.500000e+01 -2.500000e+01 -1.400000e+01
         vertex -5.075000e+01 -2.500000e+01 -1.400000e+01
         vertex -5.081457e+01 -2.426200e+01 -1.400000e+01
      endloop
   endfacet
   facet normal 0.000000e+00 -0.000000e+00 1.000000e+00
      outer loop
         vertex -5.226815e+01 -2.825569e+01 -1.400000e+01
         vertex -5.174431e+01 -2.773185e+01 -1.400000e+01
         vertex -5.500000e+01 -2.500000e+01 -1.400000e+01
      endloop
   endfacet
   facet normal 0.000000e+00 0.000000e+00 1.000000e+00
      outer loop
         vertex -5.500000e+01 -2.500000e+01 -1.400000e+01
         vertex -5.174431e+01 -2.773185e+01 -1.400000e+01
         vertex -5.131939e+01 -2.712500e+01 -1.400000e+01
      endloop
   endfacet
   facet normal 0.000000e+00 0.000000e+00 1.000000e+00
      outer loop
         vertex -5.500000e+01 -2.500000e+01 -1.400000e+01
         vertex -5.131939e+01 -2.712500e+01 -1.400000e+01
         vertex -5.100631e+01 -2.645359e+01 -1.400000e+01
      endloop
   endfacet
   facet normal 0.000000e+00 -0.000000e+00 1.000000e+00
      outer loop
         vertex -5.426199e+01 -2.918543e+01 -1.400000e+01
         vertex -5.354641e+01 -2.899369e+01 -1.400000e+01
         vertex -5.500000e+01 -2.500000e+01 -1.400000e+01
      endloop
   endfacet
   facet normal 0.000000e+00 0.000000e+00 1.000000e+00
      outer loop
         vertex -5.500000e+01 -2.500000e+01 -1.400000e+01
         vertex -5.354641e+01 -2.899369e+01 -1.400000e+01
         vertex -5.287500e+01 -2.868061e+01 -1.400000e+01
      endloop
   endfacet
   facet normal 0.000000e+00 0.000000e+00 1.000000e+00
      outer loop
         vertex -5.500000e+01 -2.500000e+01 -1.400000e+01
         vertex -5.287500e+01 -2.868061e+01 -1.400000e+01
         vertex -5.226815e+01 -2.825569e+01 -1.400000e+01
      endloop
   endfacet
   facet normal -0.000000e+00 0.000000e+00 1.000000e+00
      outer loop
         vertex -5.645359e+01 -2.899369e+01 -1.400000e+01
         vertex -5.573801e+01 -2.918543e+01 -1.400000e+01
         vertex -5.500000e+01 -2.500000e+01 -1.400000e+01
      endloop
   endfacet
   facet normal 0.000000e+00 0.000000e+00 1.000000e+00
      outer loop
         vertex -5.500000e+01 -2.500000e+01 -1.400000e+01
         vertex -5.573801e+01 -2.918543e+01 -1.400000e+01
         vertex -5.500000e+01 -2.925000e+01 -1.400000e+01
      endloop
   endfacet
   facet normal 0.000000e+00 0.000000e+00 1.000000e+00
      outer loop
         vertex -5.500000e+01 -2.500000e+01 -1.400000e+01
         vertex -5.500000e+01 -2.925000e+01 -1.400000e+01
         vertex -5.426199e+01 -2.918543e+01 -1.400000e+01
      endloop
   endfacet
   facet normal -0.000000e+00 0.000000e+00 1.000000e+00
      outer loop
         vertex -5.825569e+01 -2.773185e+01 -1.400000e+01
         vertex -5.773185e+01 -2.825569e+01 -1.400000e+01
         vertex -5.500000e+01 -2.500000e+01 -1.400000e+01
      endloop
   endfacet
   facet normal 0.000000e+00 0.000000e+00 1.000000e+00
      outer loop
         vertex -5.500000e+01 -2.500000e+01 -1.400000e+01
         vertex -5.773185e+01 -2.825569e+01 -1.400000e+01
         vertex -5.712500e+01 -2.868061e+01 -1.400000e+01
      endloop
   endfacet
   facet normal 0.000000e+00 0.000000e+00 1.000000e+00
      outer loop
         vertex -5.500000e+01 -2.500000e+01 -1.400000e+01
         vertex -5.712500e+01 -2.868061e+01 -1.400000e+01
         vertex -5.645359e+01 -2.899369e+01 -1.400000e+01
      endloop
   endfacet
   facet normal -0.000000e+00 0.000000e+00 1.000000e+00
      outer loop
         vertex -5.918543e+01 -2.573800e+01 -1.400000e+01
         vertex -5.899369e+01 -2.645359e+01 -1.400000e+01
         vertex -5.500000e+01 -2.500000e+01 -1.400000e+01
      endloop
   endfacet
   facet normal 0.000000e+00 0.000000e+00 1.000000e+00
      outer loop
         vertex -5.500000e+01 -2.500000e+01 -1.400000e+01
         vertex -5.899369e+01 -2.645359e+01 -1.400000e+01
         vertex -5.868061e+01 -2.712500e+01 -1.400000e+01
      endloop
   endfacet
   facet normal 0.000000e+00 0.000000e+00 1.000000e+00
      outer loop
         vertex -5.500000e+01 -2.500000e+01 -1.400000e+01
         vertex -5.868061e+01 -2.712500e+01 -1.400000e+01
         vertex -5.825569e+01 -2.773185e+01 -1.400000e+01
      endloop
   endfacet
   facet normal 0.000000e+00 0.000000e+00 1.000000e+00
      outer loop
         vertex -5.899369e+01 -2.354641e+01 -1.400000e+01
         vertex -5.918543e+01 -2.426200e+01 -1.400000e+01
         vertex -5.500000e+01 -2.500000e+01 -1.400000e+01
      endloop
   endfacet
   facet normal 0.000000e+00 0.000000e+00 1.000000e+00
      outer loop
         vertex -5.500000e+01 -2.500000e+01 -1.400000e+01
         vertex -5.918543e+01 -2.426200e+01 -1.400000e+01
         vertex -5.925000e+01 -2.500000e+01 -1.400000e+01
      endloop
   endfacet
   facet normal 0.000000e+00 0.000000e+00 1.000000e+00
      outer loop
         vertex -5.500000e+01 -2.500000e+01 -1.400000e+01
         vertex -5.925000e+01 -2.500000e+01 -1.400000e+01
         vertex -5.918543e+01 -2.573800e+01 -1.400000e+01
      endloop
   endfacet
   facet normal 0.000000e+00 0.000000e+00 1.000000e+00
      outer loop
         vertex -5.773185e+01 -2.174431e+01 -1.400000e+01
         vertex -5.825569e+01 -2.226815e+01 -1.400000e+01
         vertex -5.500000e+01 -2.500000e+01 -1.400000e+01
      endloop
   endfacet
   facet normal 0.000000e+00 0.000000e+00 1.000000e+00
      outer loop
         vertex -5.500000e+01 -2.500000e+01 -1.400000e+01
         vertex -5.825569e+01 -2.226815e+01 -1.400000e+01
         vertex -5.868061e+01 -2.287500e+01 -1.400000e+01
      endloop
   endfacet
   facet normal 0.000000e+00 0.000000e+00 1.000000e+00
      outer loop
         vertex -5.500000e+01 -2.500000e+01 -1.400000e+01
         vertex -5.868061e+01 -2.287500e+01 -1.400000e+01
         vertex -5.899369e+01 -2.354641e+01 -1.400000e+01
      endloop
   endfacet
   facet normal 0.000000e+00 0.000000e+00 1.000000e+00
      outer loop
         vertex -5.573801e+01 -2.081457e+01 -1.400000e+01
         vertex -5.645359e+01 -2.100631e+01 -1.400000e+01
         vertex -5.500000e+01 -2.500000e+01 -1.400000e+01
      endloop
   endfacet
   facet normal 0.000000e+00 0.000000e+00 1.000000e+00
      outer loop
         vertex -5.500000e+01 -2.500000e+01 -1.400000e+01
         vertex -5.645359e+01 -2.100631e+01 -1.400000e+01
         vertex -5.712500e+01 -2.131939e+01 -1.400000e+01
      endloop
   endfacet
   facet normal 0.000000e+00 0.000000e+00 1.000000e+00
      outer loop
         vertex -5.500000e+01 -2.500000e+01 -1.400000e+01
         vertex -5.712500e+01 -2.131939e+01 -1.400000e+01
         vertex -5.773185e+01 -2.174431e+01 -1.400000e+01
      endloop
   endfacet
   facet normal 0.000000e+00 0.000000e+00 1.000000e+00
      outer loop
         vertex -5.354641e+01 -2.100631e+01 -1.400000e+01
         vertex -5.426199e+01 -2.081457e+01 -1.400000e+01
         vertex -5.500000e+01 -2.500000e+01 -1.400000e+01
      endloop
   endfacet
   facet normal 0.000000e+00 0.000000e+00 1.000000e+00
      outer loop
         vertex -5.500000e+01 -2.500000e+01 -1.400000e+01
         vertex -5.426199e+01 -2.081457e+01 -1.400000e+01
         vertex -5.500000e+01 -2.075000e+01 -1.400000e+01
      endloop
   endfacet
   facet normal 0.000000e+00 -0.000000e+00 1.000000e+00
      outer loop
         vertex -5.500000e+01 -2.500000e+01 -1.400000e+01
         vertex -5.500000e+01 -2.075000e+01 -1.400000e+01
         vertex -5.573801e+01 -2.081457e+01 -1.400000e+01
      endloop
   endfacet
   facet normal 0.000000e+00 0.000000e+00 1.000000e+00
      outer loop
         vertex -5.174431e+01 -2.226815e+01 -1.400000e+01
         vertex -5.226815e+01 -2.174431e+01 -1.400000e+01
         vertex -5.500000e+01 -2.500000e+01 -1.400000e+01
      endloop
   endfacet
   facet normal 0.000000e+00 0.000000e+00 1.000000e+00
      outer loop
         vertex -5.500000e+01 -2.500000e+01 -1.400000e+01
         vertex -5.226815e+01 -2.174431e+01 -1.400000e+01
         vertex -5.287500e+01 -2.131939e+01 -1.400000e+01
      endloop
   endfacet
   facet normal 0.000000e+00 0.000000e+00 1.000000e+00
      outer loop
         vertex -5.500000e+01 -2.500000e+01 -1.400000e+01
         vertex -5.287500e+01 -2.131939e+01 -1.400000e+01
         vertex -5.354641e+01 -2.100631e+01 -1.400000e+01
      endloop
   endfacet
   facet normal 0.000000e+00 0.000000e+00 1.000000e+00
      outer loop
         vertex -5.081457e+01 -2.426200e+01 -1.400000e+01
         vertex -5.100631e+01 -2.354641e+01 -1.400000e+01
         vertex -5.500000e+01 -2.500000e+01 -1.400000e+01
      endloop
   endfacet
   facet normal 0.000000e+00 0.000000e+00 1.000000e+00
      outer loop
         vertex -5.500000e+01 -2.500000e+01 -1.400000e+01
         vertex -5.100631e+01 -2.354641e+01 -1.400000e+01
         vertex -5.131939e+01 -2.287500e+01 -1.400000e+01
      endloop
   endfacet
   facet normal 0.000000e+00 0.000000e+00 1.000000e+00
      outer loop
         vertex -5.500000e+01 -2.500000e+01 -1.400000e+01
         vertex -5.131939e+01 -2.287500e+01 -1.400000e+01
         vertex -5.174431e+01 -2.226815e+01 -1.400000e+01
      endloop
   endfacet
   facet normal -9.961947e-01 -8.715538e-02 0.000000e+00
      outer loop
         vertex 5.925000e+01 -2.500000e+01 -1.400000e+01
         vertex 5.925000e+01 -2.500000e+01 0.000000e+00
         vertex 5.918543e+01 -2.426200e+01 -1.400000e+01
      endloop
   endfacet
   facet normal -9.961947e-01 -8.715538e-02 0.000000e+00
      outer loop
         vertex 5.918543e+01 -2.426200e+01 -1.400000e+01
         vertex 5.925000e+01 -2.500000e+01 0.000000e+00
         vertex 5.918543e+01 -2.426200e+01 0.000000e+00
      endloop
   endfacet
   facet normal -9.659254e-01 -2.588205e-01 0.000000e+00
      outer loop
         vertex 5.918543e+01 -2.426200e+01 -1.400000e+01
         vertex 5.918543e+01 -2.426200e+01 0.000000e+00
         vertex 5.899369e+01 -2.354641e+01 -1.400000e+01
      endloop
   endfacet
   facet normal -9.659254e-01 -2.588205e-01 0.000000e+00
      outer loop
         vertex 5.899369e+01 -2.354641e+01 -1.400000e+01
         vertex 5.918543e+01 -2.426200e+01 0.000000e+00
         vertex 5.899369e+01 -2.354641e+01 0.000000e+00
      endloop
   endfacet
   facet normal -9.063084e-01 -4.226169e-01 0.000000e+00
      outer loop
         vertex 5.899369e+01 -2.354641e+01 -1.400000e+01
         vertex 5.899369e+01 -2.354641e+01 0.000000e+00
         vertex 5.868061e+01 -2.287500e+01 -1.400000e+01
      endloop
   endfacet
   facet normal -9.063084e-01 -4.226169e-01 0.000000e+00
      outer loop
         vertex 5.868061e+01 -2.287500e+01 -1.400000e+01
         vertex 5.899369e+01 -2.354641e+01 0.000000e+00
         vertex 5.868061e+01 -2.287500e+01 0.000000e+00
      endloop
   endfacet
   facet normal -8.191508e-01 -5.735783e-01 0.000000e+00
      outer loop
         vertex 5.868061e+01 -2.287500e+01 -1.400000e+01
         vertex 5.868061e+01 -2.287500e+01 0.000000e+00
         vertex 5.825569e+01 -2.226815e+01 -1.400000e+01
      endloop
   endfacet
   facet normal -8.191508e-01 -5.735783e-01 0.000000e+00
      outer loop
         vertex 5.825569e+01 -2.226815e+01 -1.400000e+01
         vertex 5.868061e+01 -2.287500e+01 0.000000e+00
         vertex 5.825569e+01 -2.226815e+01 0.000000e+00
      endloop
   endfacet
   facet normal -7.071080e-01 -7.071055e-01 0.000000e+00
      outer loop
         vertex 5.825569e+01 -2.226815e+01 -1.400000e+01
         vertex 5.825569e+01 -2.226815e+01 0.000000e+00
         vertex 5.773185e+01 -2.174431e+01 -1.400000e+01
      endloop
   endfacet
   facet normal -7.071080e-01 -7.071055e-01 0.000000e+00
      outer loop
         vertex 5.773185e+01 -2.174431e+01 -1.400000e+01
         vertex 5.825569e+01 -2.226815e+01 0.000000e+00
         vertex 5.773185e+01 -2.174431e+01 0.000000e+00
      endloop
   endfacet
   facet normal -5.735754e-01 -8.191528e-01 0.000000e+00
      outer loop
         vertex 5.773185e+01 -2.174431e+01 -1.400000e+01
         vertex 5.773185e+01 -2.174431e+01 0.000000e+00
         vertex 5.712500e+01 -2.131939e+01 -1.400000e+01
      endloop
   endfacet
   facet normal -5.735754e-01 -8.191528e-01 0.000000e+00
      outer loop
         vertex 5.712500e+01 -2.131939e+01 -1.400000e+01
         vertex 5.773185e+01 -2.174431e+01 0.000000e+00
         vertex 5.712500e+01 -2.131939e+01 0.000000e+00
      endloop
   endfacet
   facet normal -4.226179e-01 -9.063080e-01 0.000000e+00
      outer loop
         vertex 5.712500e+01 -2.131939e+01 -1.400000e+01
         vertex 5.712500e+01 -2.131939e+01 0.000000e+00
         vertex 5.645359e+01 -2.100631e+01 -1.400000e+01
      endloop
   endfacet
   facet normal -4.226179e-01 -9.063080e-01 0.000000e+00
      outer loop
         vertex 5.645359e+01 -2.100631e+01 -1.400000e+01
         vertex 5.712500e+01 -2.131939e+01 0.000000e+00
         vertex 5.645359e+01 -2.100631e+01 0.000000e+00
      endloop
   endfacet
   facet normal -2.588188e-01 -9.659259e-01 0.000000e+00
      outer loop
         vertex 5.645359e+01 -2.100631e+01 -1.400000e+01
         vertex 5.645359e+01 -2.100631e+01 0.000000e+00
         vertex 5.573801e+01 -2.081457e+01 -1.400000e+01
      endloop
   endfacet
   facet normal -2.588188e-01 -9.659259e-01 0.000000e+00
      outer loop
         vertex 5.573801e+01 -2.081457e+01 -1.400000e+01
         vertex 5.645359e+01 -2.100631e+01 0.000000e+00
         vertex 5.573801e+01 -2.081457e+01 0.000000e+00
      endloop
   endfacet
   facet normal -8.715766e-02 -9.961945e-01 0.000000e+00
      outer loop
         vertex 5.573801e+01 -2.081457e+01 -1.400000e+01
         vertex 5.573801e+01 -2.081457e+01 0.000000e+00
         vertex 5.500000e+01 -2.075000e+01 -1.400000e+01
      endloop
   endfacet
   facet normal -8.715766e-02 -9.961945e-01 0.000000e+00
      outer loop
         vertex 5.500000e+01 -2.075000e+01 -1.400000e+01
         vertex 5.573801e+01 -2.081457e+01 0.000000e+00
         vertex 5.500000e+01 -2.075000e+01 0.000000e+00
      endloop
   endfacet
   facet normal 8.715766e-02 -9.961945e-01 0.000000e+00
      outer loop
         vertex 5.500000e+01 -2.075000e+01 -1.400000e+01
         vertex 5.500000e+01 -2.075000e+01 0.000000e+00
         vertex 5.426199e+01 -2.081457e+01 -1.400000e+01
      endloop
   endfacet
   facet normal 8.715766e-02 -9.961945e-01 0.000000e+00
      outer loop
         vertex 5.426199e+01 -2.081457e+01 -1.400000e+01
         vertex 5.500000e+01 -2.075000e+01 0.000000e+00
         vertex 5.426199e+01 -2.081457e+01 0.000000e+00
      endloop
   endfacet
   facet normal 2.588188e-01 -9.659259e-01 0.000000e+00
      outer loop
         vertex 5.426199e+01 -2.081457e+01 -1.400000e+01
         vertex 5.426199e+01 -2.081457e+01 0.000000e+00
         vertex 5.354641e+01 -2.100631e+01 -1.400000e+01
      endloop
   endfacet
   facet normal 2.588188e-01 -9.659259e-01 0.000000e+00
      outer loop
         vertex 5.354641e+01 -2.100631e+01 -1.400000e+01
         vertex 5.426199e+01 -2.081457e+01 0.000000e+00
         vertex 5.354641e+01 -2.100631e+01 0.000000e+00
      endloop
   endfacet
   facet normal 4.226179e-01 -9.063080e-01 0.000000e+00
      outer loop
         vertex 5.354641e+01 -2.100631e+01 -1.400000e+01
         vertex 5.354641e+01 -2.100631e+01 0.000000e+00
         vertex 5.287500e+01 -2.131939e+01 -1.400000e+01
      endloop
   endfacet
   facet normal 4.226179e-01 -9.063080e-01 0.000000e+00
      outer loop
         vertex 5.287500e+01 -2.131939e+01 -1.400000e+01
         vertex 5.354641e+01 -2.100631e+01 0.000000e+00
         vertex 5.287500e+01 -2.131939e+01 0.000000e+00
      endloop
   endfacet
   facet normal 5.735754e-01 -8.191528e-01 0.000000e+00
      outer loop
         vertex 5.287500e+01 -2.131939e+01 -1.400000e+01
         vertex 5.287500e+01 -2.131939e+01 0.000000e+00
         vertex 5.226815e+01 -2.174431e+01 -1.400000e+01
      endloop
   endfacet
   facet normal 5.735754e-01 -8.191528e-01 0.000000e+00
      outer loop
         vertex 5.226815e+01 -2.174431e+01 -1.400000e+01
         vertex 5.287500e+01 -2.131939e+01 0.000000e+00
         vertex 5.226815e+01 -2.174431e+01 0.000000e+00
      endloop
   endfacet
   facet normal 7.071080e-01 -7.071055e-01 0.000000e+00
      outer loop
         vertex 5.226815e+01 -2.174431e+01 -1.400000e+01
         vertex 5.226815e+01 -2.174431e+01 0.000000e+00
         vertex 5.174431e+01 -2.226815e+01 -1.400000e+01
      endloop
   endfacet
   facet normal 7.071080e-01 -7.071055e-01 0.000000e+00
      outer loop
         vertex 5.174431e+01 -2.226815e+01 -1.400000e+01
         vertex 5.226815e+01 -2.174431e+01 0.000000e+00
         vertex 5.174431e+01 -2.226815e+01 0.000000e+00
      endloop
   endfacet
   facet normal 8.191508e-01 -5.735783e-01 0.000000e+00
      outer loop
         vertex 5.174431e+01 -2.226815e+01 -1.400000e+01
         vertex 5.174431e+01 -2.226815e+01 0.000000e+00
         vertex 5.131939e+01 -2.287500e+01 -1.400000e+01
      endloop
   endfacet
   facet normal 8.191508e-01 -5.735783e-01 0.000000e+00
      outer loop
         vertex 5.131939e+01 -2.287500e+01 -1.400000e+01
         vertex 5.174431e+01 -2.226815e+01 0.000000e+00
         vertex 5.131939e+01 -2.287500e+01 0.000000e+00
      endloop
   endfacet
   facet normal 9.063084e-01 -4.226169e-01 0.000000e+00
      outer loop
         vertex 5.131939e+01 -2.287500e+01 -1.400000e+01
         vertex 5.131939e+01 -2.287500e+01 0.000000e+00
         vertex 5.100631e+01 -2.354641e+01 -1.400000e+01
      endloop
   endfacet
   facet normal 9.063084e-01 -4.226169e-01 0.000000e+00
      outer loop
         vertex 5.100631e+01 -2.354641e+01 -1.400000e+01
         vertex 5.131939e+01 -2.287500e+01 0.000000e+00
         vertex 5.100631e+01 -2.354641e+01 0.000000e+00
      endloop
   endfacet
   facet normal 9.659254e-01 -2.588205e-01 0.000000e+00
      outer loop
         vertex 5.100631e+01 -2.354641e+01 -1.400000e+01
         vertex 5.100631e+01 -2.354641e+01 0.000000e+00
         vertex 5.081457e+01 -2.426200e+01 -1.400000e+01
      endloop
   endfacet
   facet normal 9.659254e-01 -2.588205e-01 0.000000e+00
      outer loop
         vertex 5.081457e+01 -2.426200e+01 -1.400000e+01
         vertex 5.100631e+01 -2.354641e+01 0.000000e+00
         vertex 5.081457e+01 -2.426200e+01 0.000000e+00
      endloop
   endfacet
   facet normal 9.961947e-01 -8.715538e-02 0.000000e+00
      outer loop
         vertex 5.081457e+01 -2.426200e+01 -1.400000e+01
         vertex 5.081457e+01 -2.426200e+01 0.000000e+00
         vertex 5.075000e+01 -2.500000e+01 -1.400000e+01
      endloop
   endfacet
   facet normal 9.961947e-01 -8.715538e-02 0.000000e+00
      outer loop
         vertex 5.075000e+01 -2.500000e+01 -1.400000e+01
         vertex 5.081457e+01 -2.426200e+01 0.000000e+00
         vertex 5.075000e+01 -2.500000e+01 0.000000e+00
      endloop
   endfacet
   facet normal 9.961947e-01 8.715538e-02 -0.000000e+00
      outer loop
         vertex 5.075000e+01 -2.500000e+01 -1.400000e+01
         vertex 5.075000e+01 -2.500000e+01 0.000000e+00
         vertex 5.081457e+01 -2.573800e+01 -1.400000e+01
      endloop
   endfacet
   facet normal 9.961947e-01 8.715538e-02 -0.000000e+00
      outer loop
         vertex 5.081457e+01 -2.573800e+01 -1.400000e+01
         vertex 5.075000e+01 -2.500000e+01 0.000000e+00
         vertex 5.081457e+01 -2.573800e+01 0.000000e+00
      endloop
   endfacet
   facet normal 9.659254e-01 2.588205e-01 -0.000000e+00
      outer loop
         vertex 5.081457e+01 -2.573800e+01 -1.400000e+01
         vertex 5.081457e+01 -2.573800e+01 0.000000e+00
         vertex 5.100631e+01 -2.645359e+01 -1.400000e+01
      endloop
   endfacet
   facet normal 9.659254e-01 2.588205e-01 -0.000000e+00
      outer loop
         vertex 5.100631e+01 -2.645359e+01 -1.400000e+01
         vertex 5.081457e+01 -2.573800e+01 0.000000e+00
         vertex 5.100631e+01 -2.645359e+01 0.000000e+00
      endloop
   endfacet
   facet normal 9.063080e-01 4.226179e-01 -0.000000e+00
      outer loop
         vertex 5.100631e+01 -2.645359e+01 -1.400000e+01
         vertex 5.100631e+01 -2.645359e+01 0.000000e+00
         vertex 5.131939e+01 -2.712500e+01 -1.400000e+01
      endloop
   endfacet
   facet normal 9.063080e-01 4.226179e-01 -0.000000e+00
      outer loop
         vertex 5.131939e+01 -2.712500e+01 -1.400000e+01
         vertex 5.100631e+01 -2.645359e+01 0.000000e+00
         vertex 5.131939e+01 -2.712500e+01 0.000000e+00
      endloop
   endfacet
   facet normal 8.191508e-01 5.735783e-01 -0.000000e+00
      outer loop
         vertex 5.131939e+01 -2.712500e+01 -1.400000e+01
         vertex 5.131939e+01 -2.712500e+01 0.000000e+00
         vertex 5.174431e+01 -2.773185e+01 -1.400000e+01
      endloop
   endfacet
   facet normal 8.191508e-01 5.735783e-01 -0.000000e+00
      outer loop
         vertex 5.174431e+01 -2.773185e+01 -1.400000e+01
         vertex 5.131939e+01 -2.712500e+01 0.000000e+00
         vertex 5.174431e+01 -2.773185e+01 0.000000e+00
      endloop
   endfacet
   facet normal 7.071080e-01 7.071055e-01 -0.000000e+00
      outer loop
         vertex 5.174431e+01 -2.773185e+01 -1.400000e+01
         vertex 5.174431e+01 -2.773185e+01 0.000000e+00
         vertex 5.226815e+01 -2.825569e+01 -1.400000e+01
      endloop
   endfacet
   facet normal 7.071080e-01 7.071055e-01 -0.000000e+00
      outer loop
         vertex 5.226815e+01 -2.825569e+01 -1.400000e+01
         vertex 5.174431e+01 -2.773185e+01 0.000000e+00
         vertex 5.226815e+01 -2.825569e+01 0.000000e+00
      endloop
   endfacet
   facet normal 5.735754e-01 8.191528e-01 -0.000000e+00
      outer loop
         vertex 5.226815e+01 -2.825569e+01 -1.400000e+01
         vertex 5.226815e+01 -2.825569e+01 0.000000e+00
         vertex 5.287500e+01 -2.868061e+01 -1.400000e+01
      endloop
   endfacet
   facet normal 5.735754e-01 8.191528e-01 -0.000000e+00
      outer loop
         vertex 5.287500e+01 -2.868061e+01 -1.400000e+01
         vertex 5.226815e+01 -2.825569e+01 0.000000e+00
         vertex 5.287500e+01 -2.868061e+01 0.000000e+00
      endloop
   endfacet
   facet normal 4.226199e-01 9.063070e-01 -0.000000e+00
      outer loop
         vertex 5.287500e+01 -2.868061e+01 -1.400000e+01
         vertex 5.287500e+01 -2.868061e+01 0.000000e+00
         vertex 5.354641e+01 -2.899369e+01 -1.400000e+01
      endloop
   endfacet
   facet normal 4.226199e-01 9.063070e-01 -0.000000e+00
      outer loop
         vertex 5.354641e+01 -2.899369e+01 -1.400000e+01
         vertex 5.287500e+01 -2.868061e+01 0.000000e+00
         vertex 5.354641e+01 -2.899369e+01 0.000000e+00
      endloop
   endfacet
   facet normal 2.588188e-01 9.659259e-01 -0.000000e+00
      outer loop
         vertex 5.354641e+01 -2.899369e+01 -1.400000e+01
         vertex 5.354641e+01 -2.899369e+01 0.000000e+00
         vertex 5.426199e+01 -2.918543e+01 -1.400000e+01
      endloop
   endfacet
   facet normal 2.588188e-01 9.659259e-01 -0.000000e+00
      outer loop
         vertex 5.426199e+01 -2.918543e+01 -1.400000e+01
         vertex 5.354641e+01 -2.899369e+01 0.000000e+00
         vertex 5.426199e+01 -2.918543e+01 0.000000e+00
      endloop
   endfacet
   facet normal 8.715516e-02 9.961947e-01 -0.000000e+00
      outer loop
         vertex 5.426199e+01 -2.918543e+01 -1.400000e+01
         vertex 5.426199e+01 -2.918543e+01 0.000000e+00
         vertex 5.500000e+01 -2.925000e+01 -1.400000e+01
      endloop
   endfacet
   facet normal 8.715516e-02 9.961947e-01 -0.000000e+00
      outer loop
         vertex 5.500000e+01 -2.925000e+01 -1.400000e+01
         vertex 5.426199e+01 -2.918543e+01 0.000000e+00
         vertex 5.500000e+01 -2.925000e+01 0.000000e+00
      endloop
   endfacet
   facet normal -8.715516e-02 9.961947e-01 0.000000e+00
      outer loop
         vertex 5.500000e+01 -2.925000e+01 -1.400000e+01
         vertex 5.500000e+01 -2.925000e+01 0.000000e+00
         vertex 5.573801e+01 -2.918543e+01 -1.400000e+01
      endloop
   endfacet
   facet normal -8.715516e-02 9.961947e-01 0.000000e+00
      outer loop
         vertex 5.573801e+01 -2.918543e+01 -1.400000e+01
         vertex 5.500000e+01 -2.925000e+01 0.000000e+00
         vertex 5.573801e+01 -2.918543e+01 0.000000e+00
      endloop
   endfacet
   facet normal -2.588188e-01 9.659259e-01 0.000000e+00
      outer loop
         vertex 5.573801e+01 -2.918543e+01 -1.400000e+01
         vertex 5.573801e+01 -2.918543e+01 0.000000e+00
         vertex 5.645359e+01 -2.899369e+01 -1.400000e+01
      endloop
   endfacet
   facet normal -2.588188e-01 9.659259e-01 0.000000e+00
      outer loop
         vertex 5.645359e+01 -2.899369e+01 -1.400000e+01
         vertex 5.573801e+01 -2.918543e+01 0.000000e+00
         vertex 5.645359e+01 -2.899369e+01 0.000000e+00
      endloop
   endfacet
   facet normal -4.226199e-01 9.063070e-01 0.000000e+00
      outer loop
         vertex 5.645359e+01 -2.899369e+01 -1.400000e+01
         vertex 5.645359e+01 -2.899369e+01 0.000000e+00
         vertex 5.712500e+01 -2.868061e+01 -1.400000e+01
      endloop
   endfacet
   facet normal -4.226199e-01 9.063070e-01 0.000000e+00
      outer loop
         vertex 5.712500e+01 -2.868061e+01 -1.400000e+01
         vertex 5.645359e+01 -2.899369e+01 0.000000e+00
         vertex 5.712500e+01 -2.868061e+01 0.000000e+00
      endloop
   endfacet
   facet normal -5.735754e-01 8.191528e-01 0.000000e+00
      outer loop
         vertex 5.712500e+01 -2.868061e+01 -1.400000e+01
         vertex 5.712500e+01 -2.868061e+01 0.000000e+00
         vertex 5.773185e+01 -2.825569e+01 -1.400000e+01
      endloop
   endfacet
   facet normal -5.735754e-01 8.191528e-01 0.000000e+00
      outer loop
         vertex 5.773185e+01 -2.825569e+01 -1.400000e+01
         vertex 5.712500e+01 -2.868061e+01 0.000000e+00
         vertex 5.773185e+01 -2.825569e+01 0.000000e+00
      endloop
   endfacet
   facet normal -7.071080e-01 7.071055e-01 0.000000e+00
      outer loop
         vertex 5.773185e+01 -2.825569e+01 -1.400000e+01
         vertex 5.773185e+01 -2.825569e+01 0.000000e+00
         vertex 5.825569e+01 -2.773185e+01 -1.400000e+01
      endloop
   endfacet
   facet normal -7.071080e-01 7.071055e-01 0.000000e+00
      outer loop
         vertex 5.825569e+01 -2.773185e+01 -1.400000e+01
         vertex 5.773185e+01 -2.825569e+01 0.000000e+00
         vertex 5.825569e+01 -2.773185e+01 0.000000e+00
      endloop
   endfacet
   facet normal -8.191508e-01 5.735783e-01 0.000000e+00
      outer loop
         vertex 5.825569e+01 -2.773185e+01 -1.400000e+01
         vertex 5.825569e+01 -2.773185e+01 0.000000e+00
         vertex 5.868061e+01 -2.712500e+01 -1.400000e+01
      endloop
   endfacet
   facet normal -8.191508e-01 5.735783e-01 0.000000e+00
      outer loop
         vertex 5.868061e+01 -2.712500e+01 -1.400000e+01
         vertex 5.825569e+01 -2.773185e+01 0.000000e+00
         vertex 5.868061e+01 -2.712500e+01 0.000000e+00
      endloop
   endfacet
   facet normal -9.063080e-01 4.226179e-01 0.000000e+00
      outer loop
         vertex 5.868061e+01 -2.712500e+01 -1.400000e+01
         vertex 5.868061e+01 -2.712500e+01 0.000000e+00
         vertex 5.899369e+01 -2.645359e+01 -1.400000e+01
      endloop
   endfacet
   facet normal -9.063080e-01 4.226179e-01 0.000000e+00
      outer loop
         vertex 5.899369e+01 -2.645359e+01 -1.400000e+01
         vertex 5.868061e+01 -2.712500e+01 0.000000e+00
         vertex 5.899369e+01 -2.645359e+01 0.000000e+00
      endloop
   endfacet
   facet normal -9.659254e-01 2.588205e-01 0.000000e+00
      outer loop
         vertex 5.899369e+01 -2.645359e+01 -1.400000e+01
         vertex 5.899369e+01 -2.645359e+01 0.000000e+00
         vertex 5.918543e+01 -2.573800e+01 -1.400000e+01
      endloop
   endfacet
   facet normal -9.659254e-01 2.588205e-01 0.000000e+00
      outer loop
         vertex 5.918543e+01 -2.573800e+01 -1.400000e+01
         vertex 5.899369e+01 -2.645359e+01 0.000000e+00
         vertex 5.918543e+01 -2.573800e+01 0.000000e+00
      endloop
   endfacet
   facet normal -9.961947e-01 8.715538e-02 0.000000e+00
      outer loop
         vertex 5.918543e+01 -2.573800e+01 -1.400000e+01
         vertex 5.918543e+01 -2.573800e+01 0.000000e+00
         vertex 5.925000e+01 -2.500000e+01 -1.400000e+01
      endloop
   endfacet
   facet normal -9.961947e-01 8.715538e-02 0.000000e+00
      outer loop
         vertex 5.925000e+01 -2.500000e+01 -1.400000e+01
         vertex 5.918543e+01 -2.573800e+01 0.000000e+00
         vertex 5.925000e+01 -2.500000e+01 0.000000e+00
      endloop
   endfacet
   facet normal 0.000000e+00 -0.000000e+00 1.000000e+00
      outer loop
         vertex 5.899369e+01 -2.645359e+01 -1.400000e+01
         vertex 5.918543e+01 -2.573800e+01 -1.400000e+01
         vertex 5.500000e+01 -2.500000e+01 -1.400000e+01
      endloop
   endfacet
   facet normal -0.000000e+00 0.000000e+00 1.000000e+00
      outer loop
         vertex 5.500000e+01 -2.500000e+01 -1.400000e+01
         vertex 5.918543e+01 -2.573800e+01 -1.400000e+01
         vertex 5.925000e+01 -2.500000e+01 -1.400000e+01
      endloop
   endfacet
   facet normal 0.000000e+00 0.000000e+00 1.000000e+00
      outer loop
         vertex 5.500000e+01 -2.500000e+01 -1.400000e+01
         vertex 5.925000e+01 -2.500000e+01 -1.400000e+01
         vertex 5.918543e+01 -2.426200e+01 -1.400000e+01
      endloop
   endfacet
   facet normal 0.000000e+00 -0.000000e+00 1.000000e+00
      outer loop
         vertex 5.773185e+01 -2.825569e+01 -1.400000e+01
         vertex 5.825569e+01 -2.773185e+01 -1.400000e+01
         vertex 5.500000e+01 -2.500000e+01 -1.400000e+01
      endloop
   endfacet
   facet normal 0.000000e+00 0.000000e+00 1.000000e+00
      outer loop
         vertex 5.500000e+01 -2.500000e+01 -1.400000e+01
         vertex 5.825569e+01 -2.773185e+01 -1.400000e+01
         vertex 5.868061e+01 -2.712500e+01 -1.400000e+01
      endloop
   endfacet
   facet normal 0.000000e+00 0.000000e+00 1.000000e+00
      outer loop
         vertex 5.500000e+01 -2.500000e+01 -1.400000e+01
         vertex 5.868061e+01 -2.712500e+01 -1.400000e+01
         vertex 5.899369e+01 -2.645359e+01 -1.400000e+01
      endloop
   endfacet
   facet normal 0.000000e+00 -0.000000e+00 1.000000e+00
      outer loop
         vertex 5.573801e+01 -2.918543e+01 -1.400000e+01
         vertex 5.645359e+01 -2.899369e+01 -1.400000e+01
         vertex 5.500000e+01 -2.500000e+01 -1.400000e+01
      endloop
   endfacet
   facet normal 0.000000e+00 0.000000e+00 1.000000e+00
      outer loop
         vertex 5.500000e+01 -2.500000e+01 -1.400000e+01
         vertex 5.645359e+01 -2.899369e+01 -1.400000e+01
         vertex 5.712500e+01 -2.868061e+01 -1.400000e+01
      endloop
   endfacet
   facet normal 0.000000e+00 0.000000e+00 1.000000e+00
      outer loop
         vertex 5.500000e+01 -2.500000e+01 -1.400000e+01
         vertex 5.712500e+01 -2.868061e+01 -1.400000e+01
         vertex 5.773185e+01 -2.825569e+01 -1.400000e+01
      endloop
   endfacet
   facet normal -0.000000e+00 0.000000e+00 1.000000e+00
      outer loop
         vertex 5.354641e+01 -2.899369e+01 -1.400000e+01
         vertex 5.426199e+01 -2.918543e+01 -1.400000e+01
         vertex 5.500000e+01 -2.500000e+01 -1.400000e+01
      endloop
   endfacet
   facet normal 0.000000e+00 0.000000e+00 1.000000e+00
      outer loop
         vertex 5.500000e+01 -2.500000e+01 -1.400000e+01
         vertex 5.426199e+01 -2.918543e+01 -1.400000e+01
         vertex 5.500000e+01 -2.925000e+01 -1.400000e+01
      endloop
   endfacet
   facet normal 0.000000e+00 0.000000e+00 1.000000e+00
      outer loop
         vertex 5.500000e+01 -2.500000e+01 -1.400000e+01
         vertex 5.500000e+01 -2.925000e+01 -1.400000e+01
         vertex 5.573801e+01 -2.918543e+01 -1.400000e+01
      endloop
   endfacet
   facet normal -0.000000e+00 0.000000e+00 1.000000e+00
      outer loop
         vertex 5.174431e+01 -2.773185e+01 -1.400000e+01
         vertex 5.226815e+01 -2.825569e+01 -1.400000e+01
         vertex 5.500000e+01 -2.500000e+01 -1.400000e+01
      endloop
   endfacet
   facet normal 0.000000e+00 0.000000e+00 1.000000e+00
      outer loop
         vertex 5.500000e+01 -2.500000e+01 -1.400000e+01
         vertex 5.226815e+01 -2.825569e+01 -1.400000e+01
         vertex 5.287500e+01 -2.868061e+01 -1.400000e+01
      endloop
   endfacet
   facet normal 0.000000e+00 0.000000e+00 1.000000e+00
      outer loop
         vertex 5.500000e+01 -2.500000e+01 -1.400000e+01
         vertex 5.287500e+01 -2.868061e+01 -1.400000e+01
         vertex 5.354641e+01 -2.899369e+01 -1.400000e+01
      endloop
   endfacet
   facet normal -0.000000e+00 0.000000e+00 1.000000e+00
      outer loop
         vertex 5.081457e+01 -2.573800e+01 -1.400000e+01
         vertex 5.100631e+01 -2.645359e+01 -1.400000e+01
         vertex 5.500000e+01 -2.500000e+01 -1.400000e+01
      endloop
   endfacet
   facet normal 0.000000e+00 0.000000e+00 1.000000e+00
      outer loop
         vertex 5.500000e+01 -2.500000e+01 -1.400000e+01
         vertex 5.100631e+01 -2.645359e+01 -1.400000e+01
         vertex 5.131939e+01 -2.712500e+01 -1.400000e+01
      endloop
   endfacet
   facet normal 0.000000e+00 0.000000e+00 1.000000e+00
      outer loop
         vertex 5.500000e+01 -2.500000e+01 -1.400000e+01
         vertex 5.131939e+01 -2.712500e+01 -1.400000e+01
         vertex 5.174431e+01 -2.773185e+01 -1.400000e+01
      endloop
   endfacet
   facet normal 0.000000e+00 0.000000e+00 1.000000e+00
      outer loop
         vertex 5.100631e+01 -2.354641e+01 -1.400000e+01
         vertex 5.081457e+01 -2.426200e+01 -1.400000e+01
         vertex 5.500000e+01 -2.500000e+01 -1.400000e+01
      endloop
   endfacet
   facet normal 0.000000e+00 0.000000e+00 1.000000e+00
      outer loop
         vertex 5.500000e+01 -2.500000e+01 -1.400000e+01
         vertex 5.081457e+01 -2.426200e+01 -1.400000e+01
         vertex 5.075000e+01 -2.500000e+01 -1.400000e+01
      endloop
   endfacet
   facet normal 0.000000e+00 0.000000e+00 1.000000e+00
      outer loop
         vertex 5.500000e+01 -2.500000e+01 -1.400000e+01
         vertex 5.075000e+01 -2.500000e+01 -1.400000e+01
         vertex 5.081457e+01 -2.573800e+01 -1.400000e+01
      endloop
   endfacet
   facet normal 0.000000e+00 0.000000e+00 1.000000e+00
      outer loop
         vertex 5.226815e+01 -2.174431e+01 -1.400000e+01
         vertex 5.174431e+01 -2.226815e+01 -1.400000e+01
         vertex 5.500000e+01 -2.500000e+01 -1.400000e+01
      endloop
   endfacet
   facet normal 0.000000e+00 0.000000e+00 1.000000e+00
      outer loop
         vertex 5.500000e+01 -2.500000e+01 -1.400000e+01
         vertex 5.174431e+01 -2.226815e+01 -1.400000e+01
         vertex 5.131939e+01 -2.287500e+01 -1.400000e+01
      endloop
   endfacet
   facet normal 0.000000e+00 0.000000e+00 1.000000e+00
      outer loop
         vertex 5.500000e+01 -2.500000e+01 -1.400000e+01
         vertex 5.131939e+01 -2.287500e+01 -1.400000e+01
         vertex 5.100631e+01 -2.354641e+01 -1.400000e+01
      endloop
   endfacet
   facet normal 0.000000e+00 0.000000e+00 1.000000e+00
      outer loop
         vertex 5.426199e+01 -2.081457e+01 -1.400000e+01
         vertex 5.354641e+01 -2.100631e+01 -1.400000e+01
         vertex 5.500000e+01 -2.500000e+01 -1.400000e+01
      endloop
   endfacet
   facet normal 0.000000e+00 0.000000e+00 1.000000e+00
      outer loop
         vertex 5.500000e+01 -2.500000e+01 -1.400000e+01
         vertex 5.354641e+01 -2.100631e+01 -1.400000e+01
         vertex 5.287500e+01 -2.131939e+01 -1.400000e+01
      endloop
   endfacet
   facet normal 0.000000e+00 0.000000e+00 1.000000e+00
      outer loop
         vertex 5.500000e+01 -2.500000e+01 -1.400000e+01
         vertex 5.287500e+01 -2.131939e+01 -1.400000e+01
         vertex 5.226815e+01 -2.174431e+01 -1.400000e+01
      endloop
   endfacet
   facet normal 0.000000e+00 0.000000e+00 1.000000e+00
      outer loop
         vertex 5.645359e+01 -2.100631e+01 -1.400000e+01
         vertex 5.573801e+01 -2.081457e+01 -1.400000e+01
         vertex 5.500000e+01 -2.500000e+01 -1.400000e+01
      endloop
   endfacet
   facet normal 0.000000e+00 0.000000e+00 1.000000e+00
      outer loop
         vertex 5.500000e+01 -2.500000e+01 -1.400000e+01
         vertex 5.573801e+01 -2.081457e+01 -1.400000e+01
         vertex 5.500000e+01 -2.075000e+01 -1.400000e+01
      endloop
   endfacet
   facet normal 0.000000e+00 -0.000000e+00 1.000000e+00
      outer loop
         vertex 5.500000e+01 -2.500000e+01 -1.400000e+01
         vertex 5.500000e+01 -2.075000e+01 -1.400000e+01
         vertex 5.426199e+01 -2.081457e+01 -1.400000e+01
      endloop
   endfacet
   facet normal 0.000000e+00 0.000000e+00 1.000000e+00
      outer loop
         vertex 5.825569e+01 -2.226815e+01 -1.400000e+01
         vertex 5.773185e+01 -2.174431e+01 -1.400000e+01
         vertex 5.500000e+01 -2.500000e+01 -1.400000e+01
      endloop
   endfacet
   facet normal 0.000000e+00 0.000000e+00 1.000000e+00
      outer loop
         vertex 5.500000e+01 -2.500000e+01 -1.400000e+01
         vertex 5.773185e+01 -2.174431e+01 -1.400000e+01
         vertex 5.712500e+01 -2.131939e+01 -1.400000e+01
      endloop
   endfacet
   facet normal 0.000000e+00 0.000000e+00 1.000000e+00
      outer loop
         vertex 5.500000e+01 -2.500000e+01 -1.400000e+01
         vertex 5.712500e+01 -2.131939e+01 -1.400000e+01
         vertex 5.645359e+01 -2.100631e+01 -1.400000e+01
      endloop
   endfacet
   facet normal 0.000000e+00 0.000000e+00 1.000000e+00
      outer loop
         vertex 5.918543e+01 -2.426200e+01 -1.400000e+01
         vertex 5.899369e+01 -2.354641e+01 -1.400000e+01
         vertex 5.500000e+01 -2.500000e+01 -1.400000e+01
      endloop
   endfacet
   facet normal 0.000000e+00 0.000000e+00 1.000000e+00
      outer loop
         vertex 5.500000e+01 -2.500000e+01 -1.400000e+01
         vertex 5.899369e+01 -2.354641e+01 -1.400000e+01
         vertex 5.868061e+01 -2.287500e+01 -1.400000e+01
      endloop
   endfacet
   facet normal 0.000000e+00 0.000000e+00 1.000000e+00
      outer loop
         vertex 5.500000e+01 -2.500000e+01 -1.400000e+01
         vertex 5.868061e+01 -2.287500e+01 -1.400000e+01
         vertex 5.825569e+01 -2.226815e+01 -1.400000e+01
      endloop
   endfacet
   facet normal -9.961947e-01 -8.715538e-02 0.000000e+00
      outer loop
         vertex -5.075000e+01 2.500000e+01 -1.400000e+01
         vertex -5.075000e+01 2.500000e+01 0.000000e+00
         vertex -5.081457e+01 2.573800e+01 -1.400000e+01
      endloop
   endfacet
   facet normal -9.961947e-01 -8.715538e-02 0.000000e+00
      outer loop
         vertex -5.081457e+01 2.573800e+01 -1.400000e+01
         vertex -5.075000e+01 2.500000e+01 0.000000e+00
         vertex -5.081457e+01 2.573800e+01 0.000000e+00
      endloop
   endfacet
   facet normal -9.659254e-01 -2.588205e-01 0.000000e+00
      outer loop
         vertex -5.081457e+01 2.573800e+01 -1.400000e+01
         vertex -5.081457e+01 2.573800e+01 0.000000e+00
         vertex -5.100631e+01 2.645359e+01 -1.400000e+01
      endloop
   endfacet
   facet normal -9.659254e-01 -2.588205e-01 0.000000e+00
      outer loop
         vertex -5.100631e+01 2.645359e+01 -1.400000e+01
         vertex -5.081457e+01 2.573800e+01 0.000000e+00
         vertex -5.100631e+01 2.645359e+01 0.000000e+00
      endloop
   endfacet
   facet normal -9.063080e-01 -4.226179e-01 0.000000e+00
      outer loop
         vertex -5.100631e+01 2.645359e+01 -1.400000e+01
         vertex -5.100631e+01 2.645359e+01 0.000000e+00
         vertex -5.131939e+01 2.712500e+01 -1.400000e+01
      endloop
   endfacet
   facet normal -9.063080e-01 -4.226179e-01 0.000000e+00
      outer loop
         vertex -5.131939e+01 2.712500e+01 -1.400000e+01
         vertex -5.100631e+01 2.645359e+01 0.000000e+00
         vertex -5.131939e+01 2.712500e+01 0.000000e+00
      endloop
   endfacet
   facet normal -8.191508e-01 -5.735783e-01 0.000000e+00
      outer loop
         vertex -5.131939e+01 2.712500e+01 -1.400000e+01
         vertex -5.131939e+01 2.712500e+01 0.000000e+00
         vertex -5.174431e+01 2.773185e+01 -1.400000e+01
      endloop
   endfacet
   facet normal -8.191508e-01 -5.735783e-01 0.000000e+00
      outer loop
         vertex -5.174431e+01 2.773185e+01 -1.400000e+01
         vertex -5.131939e+01 2.712500e+01 0.000000e+00
         vertex -5.174431e+01 2.773185e+01 0.000000e+00
      endloop
   endfacet
   facet normal -7.071080e-01 -7.071055e-01 0.000000e+00
      outer loop
         vertex -5.174431e+01 2.773185e+01 -1.400000e+01
         vertex -5.174431e+01 2.773185e+01 0.000000e+00
         vertex -5.226815e+01 2.825569e+01 -1.400000e+01
      endloop
   endfacet
   facet normal -7.071080e-01 -7.071055e-01 0.000000e+00
      outer loop
         vertex -5.226815e+01 2.825569e+01 -1.400000e+01
         vertex -5.174431e+01 2.773185e+01 0.000000e+00
         vertex -5.226815e+01 2.825569e+01 0.000000e+00
      endloop
   endfacet
   facet normal -5.735754e-01 -8.191528e-01 0.000000e+00
      outer loop
         vertex -5.226815e+01 2.825569e+01 -1.400000e+01
         vertex -5.226815e+01 2.825569e+01 0.000000e+00
         vertex -5.287500e+01 2.868061e+01 -1.400000e+01
      endloop
   endfacet
   facet normal -5.735754e-01 -8.191528e-01 0.000000e+00
      outer loop
         vertex -5.287500e+01 2.868061e+01 -1.400000e+01
         vertex -5.226815e+01 2.825569e+01 0.000000e+00
         vertex -5.287500e+01 2.868061e+01 0.000000e+00
      endloop
   endfacet
   facet normal -4.226199e-01 -9.063070e-01 0.000000e+00
      outer loop
         vertex -5.287500e+01 2.868061e+01 -1.400000e+01
         vertex -5.287500e+01 2.868061e+01 0.000000e+00
         vertex -5.354641e+01 2.899369e+01 -1.400000e+01
      endloop
   endfacet
   facet normal -4.226199e-01 -9.063070e-01 0.000000e+00
      outer loop
         vertex -5.354641e+01 2.899369e+01 -1.400000e+01
         vertex -5.287500e+01 2.868061e+01 0.000000e+00
         vertex -5.354641e+01 2.899369e+01 0.000000e+00
      endloop
   endfacet
   facet normal -2.588188e-01 -9.659259e-01 0.000000e+00
      outer loop
         vertex -5.354641e+01 2.899369e+01 -1.400000e+01
         vertex -5.354641e+01 2.899369e+01 0.000000e+00
         vertex -5.426199e+01 2.918543e+01 -1.400000e+01
      endloop
   endfacet
   facet normal -2.588188e-01 -9.659259e-01 0.000000e+00
      outer loop
         vertex -5.426199e+01 2.918543e+01 -1.400000e+01
         vertex -5.354641e+01 2.899369e+01 0.000000e+00
         vertex -5.426199e+01 2.918543e+01 0.000000e+00
      endloop
   endfacet
   facet normal -8.715516e-02 -9.961947e-01 0.000000e+00
      outer loop
         vertex -5.426199e+01 2.918543e+01 -1.400000e+01
         vertex -5.426199e+01 2.918543e+01 0.000000e+00
         vertex -5.500000e+01 2.925000e+01 -1.400000e+01
      endloop
   endfacet
   facet normal -8.715516e-02 -9.961947e-01 0.000000e+00
      outer loop
         vertex -5.500000e+01 2.925000e+01 -1.400000e+01
         vertex -5.426199e+01 2.918543e+01 0.000000e+00
         vertex -5.500000e+01 2.925000e+01 0.000000e+00
      endloop
   endfacet
   facet normal 8.715516e-02 -9.961947e-01 0.000000e+00
      outer loop
         vertex -5.500000e+01 2.925000e+01 -1.400000e+01
         vertex -5.500000e+01 2.925000e+01 0.000000e+00
         vertex -5.573801e+01 2.918543e+01 -1.400000e+01
      endloop
   endfacet
   facet normal 8.715516e-02 -9.961947e-01 0.000000e+00
      outer loop
         vertex -5.573801e+01 2.918543e+01 -1.400000e+01
         vertex -5.500000e+01 2.925000e+01 0.000000e+00
         vertex -5.573801e+01 2.918543e+01 0.000000e+00
      endloop
   endfacet
   facet normal 2.588188e-01 -9.659259e-01 0.000000e+00
      outer loop
         vertex -5.573801e+01 2.918543e+01 -1.400000e+01
         vertex -5.573801e+01 2.918543e+01 0.000000e+00
         vertex -5.645359e+01 2.899369e+01 -1.400000e+01
      endloop
   endfacet
   facet normal 2.588188e-01 -9.659259e-01 0.000000e+00
      outer loop
         vertex -5.645359e+01 2.899369e+01 -1.400000e+01
         vertex -5.573801e+01 2.918543e+01 0.000000e+00
         vertex -5.645359e+01 2.899369e+01 0.000000e+00
      endloop
   endfacet
   facet normal 4.226199e-01 -9.063070e-01 0.000000e+00
      outer loop
         vertex -5.645359e+01 2.899369e+01 -1.400000e+01
         vertex -5.645359e+01 2.899369e+01 0.000000e+00
         vertex -5.712500e+01 2.868061e+01 -1.400000e+01
      endloop
   endfacet
   facet normal 4.226199e-01 -9.063070e-01 0.000000e+00
      outer loop
         vertex -5.712500e+01 2.868061e+01 -1.400000e+01
         vertex -5.645359e+01 2.899369e+01 0.000000e+00
         vertex -5.712500e+01 2.868061e+01 0.000000e+00
      endloop
   endfacet
   facet normal 5.735754e-01 -8.191528e-01 0.000000e+00
      outer loop
         vertex -5.712500e+01 2.868061e+01 -1.400000e+01
         vertex -5.712500e+01 2.868061e+01 0.000000e+00
         vertex -5.773185e+01 2.825569e+01 -1.400000e+01
      endloop
   endfacet
   facet normal 5.735754e-01 -8.191528e-01 0.000000e+00
      outer loop
         vertex -5.773185e+01 2.825569e+01 -1.400000e+01
         vertex -5.712500e+01 2.868061e+01 0.000000e+00
         vertex -5.773185e+01 2.825569e+01 0.000000e+00
      endloop
   endfacet
   facet normal 7.071080e-01 -7.071055e-01 0.000000e+00
      outer loop
         vertex -5.773185e+01 2.825569e+01 -1.400000e+01
         vertex -5.773185e+01 2.825569e+01 0.000000e+00
         vertex -5.825569e+01 2.773185e+01 -1.400000e+01
      endloop
   endfacet
   facet normal 7.071080e-01 -7.071055e-01 0.000000e+00
      outer loop
         vertex -5.825569e+01 2.773185e+01 -1.400000e+01
         vertex -5.773185e+01 2.825569e+01 0.000000e+00
         vertex -5.825569e+01 2.773185e+01 0.000000e+00
      endloop
   endfacet
   facet normal 8.191508e-01 -5.735783e-01 0.000000e+00
      outer loop
         vertex -5.825569e+01 2.773185e+01 -1.400000e+01
         vertex -5.825569e+01 2.773185e+01 0.000000e+00
         vertex -5.868061e+01 2.712500e+01 -1.400000e+01
      endloop
   endfacet
   facet normal 8.191508e-01 -5.735783e-01 0.000000e+00
      outer loop
         vertex -5.868061e+01 2.712500e+01 -1.400000e+01
         vertex -5.825569e+01 2.773185e+01 0.000000e+00
         vertex -5.868061e+01 2.712500e+01 0.000000e+00
      endloop
   endfacet
   facet normal 9.063080e-01 -4.226179e-01 0.000000e+00
      outer loop
         vertex -5.868061e+01 2.712500e+01 -1.400000e+01
         vertex -5.868061e+01 2.712500e+01 0.000000e+00
         vertex -5.899369e+01 2.645359e+01 -1.400000e+01
      endloop
   endfacet
   facet normal 9.063080e-01 -4.226179e-01 0.000000e+00
      outer loop
         vertex -5.899369e+01 2.645359e+01 -1.400000e+01
         vertex -5.868061e+01 2.712500e+01 0.000000e+00
         vertex -5.899369e+01 2.645359e+01 0.000000e+00
      endloop
   endfacet
   facet normal 9.659254e-01 -2.588205e-01 0.000000e+00
      outer loop
         vertex -5.899369e+01 2.645359e+01 -1.400000e+01
         vertex -5.899369e+01 2.645359e+01 0.000000e+00
         vertex -5.918543e+01 2.573800e+01 -1.400000e+01
      endloop
   endfacet
   facet normal 9.659254e-01 -2.588205e-01 0.000000e+00
      outer loop
         vertex -5.918543e+01 2.573800e+01 -1.400000e+01
         vertex -5.899369e+01 2.645359e+01 0.000000e+00
         vertex -5.918543e+01 2.573800e+01 0.000000e+00
      endloop
   endfacet
   facet normal 9.961947e-01 -8.715538e-02 0.000000e+00
      outer loop
         vertex -5.918543e+01 2.573800e+01 -1.400000e+01
         vertex -5.918543e+01 2.573800e+01 0.000000e+00
         vertex -5.925000e+01 2.500000e+01 -1.400000e+01
      endloop
   endfacet
   facet normal 9.961947e-01 -8.715538e-02 0.000000e+00
      outer loop
         vertex -5.925000e+01 2.500000e+01 -1.400000e+01
         vertex -5.918543e+01 2.573800e+01 0.000000e+00
         vertex -5.925000e+01 2.500000e+01 0.000000e+00
      endloop
   endfacet
   facet normal 9.961947e-01 8.715538e-02 -0.000000e+00
      outer loop
         vertex -5.925000e+01 2.500000e+01 -1.400000e+01
         vertex -5.925000e+01 2.500000e+01 0.000000e+00
         vertex -5.918543e+01 2.426200e+01 -1.400000e+01
      endloop
   endfacet
   facet normal 9.961947e-01 8.715538e-02 -0.000000e+00
      outer loop
         vertex -5.918543e+01 2.426200e+01 -1.400000e+01
         vertex -5.925000e+01 2.500000e+01 0.000000e+00
         vertex -5.918543e+01 2.426200e+01 0.000000e+00
      endloop
   endfacet
   facet normal 9.659254e-01 2.588205e-01 -0.000000e+00
      outer loop
         vertex -5.918543e+01 2.426200e+01 -1.400000e+01
         vertex -5.918543e+01 2.426200e+01 0.000000e+00
         vertex -5.899369e+01 2.354641e+01 -1.400000e+01
      endloop
   endfacet
   facet normal 9.659254e-01 2.588205e-01 -0.000000e+00
      outer loop
         vertex -5.899369e+01 2.354641e+01 -1.400000e+01
         vertex -5.918543e+01 2.426200e+01 0.000000e+00
         vertex -5.899369e+01 2.354641e+01 0.000000e+00
      endloop
   endfacet
   facet normal 9.063084e-01 4.226169e-01 -0.000000e+00
      outer loop
         vertex -5.899369e+01 2.354641e+01 -1.400000e+01
         vertex -5.899369e+01 2.354641e+01 0.000000e+00
         vertex -5.868061e+01 2.287500e+01 -1.400000e+01
      endloop
   endfacet
   facet normal 9.063084e-01 4.226169e-01 -0.000000e+00
      outer loop
         vertex -5.868061e+01 2.287500e+01 -1.400000e+01
         vertex -5.899369e+01 2.354641e+01 0.000000e+00
         vertex -5.868061e+01 2.287500e+01 0.000000e+00
      endloop
   endfacet
   facet normal 8.191508e-01 5.735783e-01 -0.000000e+00
      outer loop
         vertex -5.868061e+01 2.287500e+01 -1.400000e+01
         vertex -5.868061e+01 2.287500e+01 0.000000e+00
         vertex -5.825569e+01 2.226815e+01 -1.400000e+01
      endloop
   endfacet
   facet normal 8.191508e-01 5.735783e-01 -0.000000e+00
      outer loop
         vertex -5.825569e+01 2.226815e+01 -1.400000e+01
         vertex -5.868061e+01 2.287500e+01 0.000000e+00
         vertex -5.825569e+01 2.226815e+01 0.000000e+00
      endloop
   endfacet
   facet normal 7.071080e-01 7.071055e-01 -0.000000e+00
      outer loop
         vertex -5.825569e+01 2.226815e+01 -1.400000e+01
         vertex -5.825569e+01 2.226815e+01 0.000000e+00
         vertex -5.773185e+01 2.174431e+01 -1.400000e+01
      endloop
   endfacet
   facet normal 7.071080e-01 7.071055e-01 -0.000000e+00
      outer loop
         vertex -5.773185e+01 2.174431e+01 -1.400000e+01
         vertex -5.825569e+01 2.226815e+01 0.000000e+00
         vertex -5.773185e+01 2.174431e+01 0.000000e+00
      endloop
   endfacet
   facet normal 5.735754e-01 8.191528e-01 -0.000000e+00
      outer loop
         vertex -5.773185e+01 2.174431e+01 -1.400000e+01
         vertex -5.773185e+01 2.174431e+01 0.000000e+00
         vertex -5.712500e+01 2.131939e+01 -1.400000e+01
      endloop
   endfacet
   facet normal 5.735754e-01 8.191528e-01 -0.000000e+00
      outer loop
         vertex -5.712500e+01 2.131939e+01 -1.400000e+01
         vertex -5.773185e+01 2.174431e+01 0.000000e+00
         vertex -5.712500e+01 2.131939e+01 0.000000e+00
      endloop
   endfacet
   facet normal 4.226179e-01 9.063080e-01 -0.000000e+00
      outer loop
         vertex -5.712500e+01 2.131939e+01 -1.400000e+01
         vertex -5.712500e+01 2.131939e+01 0.000000e+00
         vertex -5.645359e+01 2.100631e+01 -1.400000e+01
      endloop
   endfacet
   facet normal 4.226179e-01 9.063080e-01 -0.000000e+00
      outer loop
         vertex -5.645359e+01 2.100631e+01 -1.400000e+01
         vertex -5.712500e+01 2.131939e+01 0.000000e+00
         vertex -5.645359e+01 2.100631e+01 0.000000e+00
      endloop
   endfacet
   facet normal 2.588188e-01 9.659259e-01 -0.000000e+00
      outer loop
         vertex -5.645359e+01 2.100631e+01 -1.400000e+01
         vertex -5.645359e+01 2.100631e+01 0.000000e+00
         vertex -5.573801e+01 2.081457e+01 -1.400000e+01
      endloop
   endfacet
   facet normal 2.588188e-01 9.659259e-01 -0.000000e+00
      outer loop
         vertex -5.573801e+01 2.081457e+01 -1.400000e+01
         vertex -5.645359e+01 2.100631e+01 0.000000e+00
         vertex -5.573801e+01 2.081457e+01 0.000000e+00
      endloop
   endfacet
   facet normal 8.715766e-02 9.961945e-01 -0.000000e+00
      outer loop
         vertex -5.573801e+01 2.081457e+01 -1.400000e+01
         vertex -5.573801e+01 2.081457e+01 0.000000e+00
         vertex -5.500000e+01 2.075000e+01 -1.400000e+01
      endloop
   endfacet
   facet normal 8.715766e-02 9.961945e-01 -0.000000e+00
      outer loop
         vertex -5.500000e+01 2.075000e+01 -1.400000e+01
         vertex -5.573801e+01 2.081457e+01 0.000000e+00
         vertex -5.500000e+01 2.075000e+01 0.000000e+00
      endloop
   endfacet
   facet normal -8.715766e-02 9.961945e-01 0.000000e+00
      outer loop
         vertex -5.500000e+01 2.075000e+01 -1.400000e+01
         vertex -5.500000e+01 2.075000e+01 0.000000e+00
         vertex -5.426199e+01 2.081457e+01 -1.400000e+01
      endloop
   endfacet
   facet normal -8.715766e-02 9.961945e-01 0.000000e+00
      outer loop
         vertex -5.426199e+01 2.081457e+01 -1.400000e+01
         vertex -5.500000e+01 2.075000e+01 0.000000e+00
         vertex -5.426199e+01 2.081457e+01 0.000000e+00
      endloop
   endfacet
   facet normal -2.588188e-01 9.659259e-01 0.000000e+00
      outer loop
         vertex -5.426199e+01 2.081457e+01 -1.400000e+01
         vertex -5.426199e+01 2.081457e+01 0.000000e+00
         vertex -5.354641e+01 2.100631e+01 -1.400000e+01
      endloop
   endfacet
   facet normal -2.588188e-01 9.659259e-01 0.000000e+00
      outer loop
         vertex -5.354641e+01 2.100631e+01 -1.400000e+01
         vertex -5.426199e+01 2.081457e+01 0.000000e+00
         vertex -5.354641e+01 2.100631e+01 0.000000e+00
      endloop
   endfacet
   facet normal -4.226179e-01 9.063080e-01 0.000000e+00
      outer loop
         vertex -5.354641e+01 2.100631e+01 -1.400000e+01
         vertex -5.354641e+01 2.100631e+01 0.000000e+00
         vertex -5.287500e+01 2.131939e+01 -1.400000e+01
      endloop
   endfacet
   facet normal -4.226179e-01 9.063080e-01 0.000000e+00
      outer loop
         vertex -5.287500e+01 2.131939e+01 -1.400000e+01
         vertex -5.354641e+01 2.100631e+01 0.000000e+00
         vertex -5.287500e+01 2.131939e+01 0.000000e+00
      endloop
   endfacet
   facet normal -5.735754e-01 8.191528e-01 0.000000e+00
      outer loop
         vertex -5.287500e+01 2.131939e+01 -1.400000e+01
         vertex -5.287500e+01 2.131939e+01 0.000000e+00
         vertex -5.226815e+01 2.174431e+01 -1.400000e+01
      endloop
   endfacet
   facet normal -5.735754e-01 8.191528e-01 0.000000e+00
      outer loop
         vertex -5.226815e+01 2.174431e+01 -1.400000e+01
         vertex -5.287500e+01 2.131939e+01 0.000000e+00
         vertex -5.226815e+01 2.174431e+01 0.000000e+00
      endloop
   endfacet
   facet normal -7.071080e-01 7.071055e-01 0.000000e+00
      outer loop
         vertex -5.226815e+01 2.174431e+01 -1.400000e+01
         vertex -5.226815e+01 2.174431e+01 0.000000e+00
         vertex -5.174431e+01 2.226815e+01 -1.400000e+01
      endloop
   endfacet
   facet normal -7.071080e-01 7.071055e-01 0.000000e+00
      outer loop
         vertex -5.174431e+01 2.226815e+01 -1.400000e+01
         vertex -5.226815e+01 2.174431e+01 0.000000e+00
         vertex -5.174431e+01 2.226815e+01 0.000000e+00
      endloop
   endfacet
   facet normal -8.191508e-01 5.735783e-01 0.000000e+00
      outer loop
         vertex -5.174431e+01 2.226815e+01 -1.400000e+01
         vertex -5.174431e+01 2.226815e+01 0.000000e+00
         vertex -5.131939e+01 2.287500e+01 -1.400000e+01
      endloop
   endfacet
   facet normal -8.191508e-01 5.735783e-01 0.000000e+00
      outer loop
         vertex -5.131939e+01 2.287500e+01 -1.400000e+01
         vertex -5.174431e+01 2.226815e+01 0.000000e+00
         vertex -5.131939e+01 2.287500e+01 0.000000e+00
      endloop
   endfacet
   facet normal -9.063084e-01 4.226169e-01 0.000000e+00
      outer loop
         vertex -5.131939e+01 2.287500e+01 -1.400000e+01
         vertex -5.131939e+01 2.287500e+01 0.000000e+00
         vertex -5.100631e+01 2.354641e+01 -1.400000e+01
      endloop
   endfacet
   facet normal -9.063084e-01 4.226169e-01 0.000000e+00
      outer loop
         vertex -5.100631e+01 2.354641e+01 -1.400000e+01
         vertex -5.131939e+01 2.287500e+01 0.000000e+00
         vertex -5.100631e+01 2.354641e+01 0.000000e+00
      endloop
   endfacet
   facet normal -9.659254e-01 2.588205e-01 0.000000e+00
      outer loop
         vertex -5.100631e+01 2.354641e+01 -1.400000e+01
         vertex -5.100631e+01 2.354641e+01 0.000000e+00
         vertex -5.081457e+01 2.426200e+01 -1.400000e+01
      endloop
   endfacet
   facet normal -9.659254e-01 2.588205e-01 0.000000e+00
      outer loop
         vertex -5.081457e+01 2.426200e+01 -1.400000e+01
         vertex -5.100631e+01 2.354641e+01 0.000000e+00
         vertex -5.081457e+01 2.426200e+01 0.000000e+00
      endloop
   endfacet
   facet normal -9.961947e-01 8.715538e-02 0.000000e+00
      outer loop
         vertex -5.081457e+01 2.426200e+01 -1.400000e+01
         vertex -5.081457e+01 2.426200e+01 0.000000e+00
         vertex -5.075000e+01 2.500000e+01 -1.400000e+01
      endloop
   endfacet
   facet normal -9.961947e-01 8.715538e-02 0.000000e+00
      outer loop
         vertex -5.075000e+01 2.500000e+01 -1.400000e+01
         vertex -5.081457e+01 2.426200e+01 0.000000e+00
         vertex -5.075000e+01 2.500000e+01 0.000000e+00
      endloop
   endfacet
   facet normal 0.000000e+00 -0.000000e+00 1.000000e+00
      outer loop
         vertex -5.100631e+01 2.354641e+01 -1.400000e+01
         vertex -5.081457e+01 2.426200e+01 -1.400000e+01
         vertex -5.500000e+01 2.500000e+01 -1.400000e+01
      endloop
   endfacet
   facet normal -0.000000e+00 0.000000e+00 1.000000e+00
      outer loop
         vertex -5.500000e+01 2.500000e+01 -1.400000e+01
         vertex -5.081457e+01 2.426200e+01 -1.400000e+01
         vertex -5.075000e+01 2.500000e+01 -1.400000e+01
      endloop
   endfacet
   facet normal 0.000000e+00 0.000000e+00 1.000000e+00
      outer loop
         vertex -5.500000e+01 2.500000e+01 -1.400000e+01
         vertex -5.075000e+01 2.500000e+01 -1.400000e+01
         vertex -5.081457e+01 2.573800e+01 -1.400000e+01
      endloop
   endfacet
   facet normal 0.000000e+00 -0.000000e+00 1.000000e+00
      outer loop
         vertex -5.226815e+01 2.174431e+01 -1.400000e+01
         vertex -5.174431e+01 2.226815e+01 -1.400000e+01
         vertex -5.500000e+01 2.500000e+01 -1.400000e+01
      endloop
   endfacet
   facet normal 0.000000e+00 0.000000e+00 1.000000e+00
      outer loop
         vertex -5.500000e+01 2.500000e+01 -1.400000e+01
         vertex -5.174431e+01 2.226815e+01 -1.400000e+01
         vertex -5.131939e+01 2.287500e+01 -1.400000e+01
      endloop
   endfacet
   facet normal 0.000000e+00 0.000000e+00 1.000000e+00
      outer loop
         vertex -5.500000e+01 2.500000e+01 -1.400000e+01
         vertex -5.131939e+01 2.287500e+01 -1.400000e+01
         vertex -5.100631e+01 2.354641e+01 -1.400000e+01
      endloop
   endfacet
   facet normal 0.000000e+00 -0.000000e+00 1.000000e+00
      outer loop
         vertex -5.426199e+01 2.081457e+01 -1.400000e+01
         vertex -5.354641e+01 2.100631e+01 -1.400000e+01
         vertex -5.500000e+01 2.500000e+01 -1.400000e+01
      endloop
   endfacet
   facet normal 0.000000e+00 0.000000e+00 1.000000e+00
      outer loop
         vertex -5.500000e+01 2.500000e+01 -1.400000e+01
         vertex -5.354641e+01 2.100631e+01 -1.400000e+01
         vertex -5.287500e+01 2.131939e+01 -1.400000e+01
      endloop
   endfacet
   facet normal 0.000000e+00 0.000000e+00 1.000000e+00
      outer loop
         vertex -5.500000e+01 2.500000e+01 -1.400000e+01
         vertex -5.287500e+01 2.131939e+01 -1.400000e+01
         vertex -5.226815e+01 2.174431e+01 -1.400000e+01
      endloop
   endfacet
   facet normal -0.000000e+00 0.000000e+00 1.000000e+00
      outer loop
         vertex -5.645359e+01 2.100631e+01 -1.400000e+01
         vertex -5.573801e+01 2.081457e+01 -1.400000e+01
         vertex -5.500000e+01 2.500000e+01 -1.400000e+01
      endloop
   endfacet
   facet normal 0.000000e+00 0.000000e+00 1.000000e+00
      outer loop
         vertex -5.500000e+01 2.500000e+01 -1.400000e+01
         vertex -5.573801e+01 2.081457e+01 -1.400000e+01
         vertex -5.500000e+01 2.075000e+01 -1.400000e+01
      endloop
   endfacet
   facet normal 0.000000e+00 0.000000e+00 1.000000e+00
      outer loop
         vertex -5.500000e+01 2.500000e+01 -1.400000e+01
         vertex -5.500000e+01 2.075000e+01 -1.400000e+01
         vertex -5.426199e+01 2.081457e+01 -1.400000e+01
      endloop
   endfacet
   facet normal -0.000000e+00 0.000000e+00 1.000000e+00
      outer loop
         vertex -5.825569e+01 2.226815e+01 -1.400000e+01
         vertex -5.773185e+01 2.174431e+01 -1.400000e+01
         vertex -5.500000e+01 2.500000e+01 -1.400000e+01
      endloop
   endfacet
   facet normal 0.000000e+00 0.000000e+00 1.000000e+00
      outer loop
         vertex -5.500000e+01 2.500000e+01 -1.400000e+01
         vertex -5.773185e+01 2.174431e+01 -1.400000e+01
         vertex -5.712500e+01 2.131939e+01 -1.400000e+01
      endloop
   endfacet
   facet normal 0.000000e+00 0.000000e+00 1.000000e+00
      outer loop
         vertex -5.500000e+01 2.500000e+01 -1.400000e+01
         vertex -5.712500e+01 2.131939e+01 -1.400000e+01
         vertex -5.645359e+01 2.100631e+01 -1.400000e+01
      endloop
   endfacet
   facet normal -0.000000e+00 0.000000e+00 1.000000e+00
      outer loop
         vertex -5.918543e+01 2.426200e+01 -1.400000e+01
         vertex -5.899369e+01 2.354641e+01 -1.400000e+01
         vertex -5.500000e+01 2.500000e+01 -1.400000e+01
      endloop
   endfacet
   facet normal 0.000000e+00 0.000000e+00 1.000000e+00
      outer loop
         vertex -5.500000e+01 2.500000e+01 -1.400000e+01
         vertex -5.899369e+01 2.354641e+01 -1.400000e+01
         vertex -5.868061e+01 2.287500e+01 -1.400000e+01
      endloop
   endfacet
   facet normal 0.000000e+00 0.000000e+00 1.000000e+00
      outer loop
         vertex -5.500000e+01 2.500000e+01 -1.400000e+01
         vertex -5.868061e+01 2.287500e+01 -1.400000e+01
         vertex -5.825569e+01 2.226815e+01 -1.400000e+01
      endloop
   endfacet
   facet normal 0.000000e+00 0.000000e+00 1.000000e+00
      outer loop
         vertex -5.899369e+01 2.645359e+01 -1.400000e+01
         vertex -5.918543e+01 2.573800e+01 -1.400000e+01
         vertex -5.500000e+01 2.500000e+01 -1.400000e+01
      endloop
   endfacet
   facet normal 0.000000e+00 0.000000e+00 1.000000e+00
      outer loop
         vertex -5.500000e+01 2.500000e+01 -1.400000e+01
         vertex -5.918543e+01 2.573800e+01 -1.400000e+01
         vertex -5.925000e+01 2.500000e+01 -1.400000e+01
      endloop
   endfacet
   facet normal 0.000000e+00 0.000000e+00 1.000000e+00
      outer loop
         vertex -5.500000e+01 2.500000e+01 -1.400000e+01
         vertex -5.925000e+01 2.500000e+01 -1.400000e+01
         vertex -5.918543e+01 2.426200e+01 -1.400000e+01
      endloop
   endfacet
   facet normal 0.000000e+00 0.000000e+00 1.000000e+00
      outer loop
         vertex -5.773185e+01 2.825569e+01 -1.400000e+01
         vertex -5.825569e+01 2.773185e+01 -1.400000e+01
         vertex -5.500000e+01 2.500000e+01 -1.400000e+01
      endloop
   endfacet
   facet normal 0.000000e+00 0.000000e+00 1.000000e+00
      outer loop
         vertex -5.500000e+01 2.500000e+01 -1.400000e+01
         vertex -5.825569e+01 2.773185e+01 -1.400000e+01
         vertex -5.868061e+01 2.712500e+01 -1.400000e+01
      endloop
   endfacet
   facet normal 0.000000e+00 0.000000e+00 1.000000e+00
      outer loop
         vertex -5.500000e+01 2.500000e+01 -1.400000e+01
         vertex -5.868061e+01 2.712500e+01 -1.400000e+01
         vertex -5.899369e+01 2.645359e+01 -1.400000e+01
      endloop
   endfacet
   facet normal 0.000000e+00 0.000000e+00 1.000000e+00
      outer loop
         vertex -5.573801e+01 2.918543e+01 -1.400000e+01
         vertex -5.645359e+01 2.899369e+01 -1.400000e+01
         vertex -5.500000e+01 2.500000e+01 -1.400000e+01
      endloop
   endfacet
   facet normal 0.000000e+00 0.000000e+00 1.000000e+00
      outer loop
         vertex -5.500000e+01 2.500000e+01 -1.400000e+01
         vertex -5.645359e+01 2.899369e+01 -1.400000e+01
         vertex -5.712500e+01 2.868061e+01 -1.400000e+01
      endloop
   endfacet
   facet normal 0.000000e+00 0.000000e+00 1.000000e+00
      outer loop
         vertex -5.500000e+01 2.500000e+01 -1.400000e+01
         vertex -5.712500e+01 2.868061e+01 -1.400000e+01
         vertex -5.773185e+01 2.825569e+01 -1.400000e+01
      endloop
   endfacet
   facet normal 0.000000e+00 0.000000e+00 1.000000e+00
      outer loop
         vertex -5.354641e+01 2.899369e+01 -1.400000e+01
         vertex -5.426199e+01 2.918543e+01 -1.400000e+01
         vertex -5.500000e+01 2.500000e+01 -1.400000e+01
      endloop
   endfacet
   facet normal 0.000000e+00 0.000000e+00 1.000000e+00
      outer loop
         vertex -5.500000e+01 2.500000e+01 -1.400000e+01
         vertex -5.426199e+01 2.918543e+01 -1.400000e+01
         vertex -5.500000e+01 2.925000e+01 -1.400000e+01
      endloop
   endfacet
   facet normal 0.000000e+00 -0.000000e+00 1.000000e+00
      outer loop
         vertex -5.500000e+01 2.500000e+01 -1.400000e+01
         vertex -5.500000e+01 2.925000e+01 -1.400000e+01
         vertex -5.573801e+01 2.918543e+01 -1.400000e+01
      endloop
   endfacet
   facet normal 0.000000e+00 0.000000e+00 1.000000e+00
      outer loop
         vertex -5.174431e+01 2.773185e+01 -1.400000e+01
         vertex -5.226815e+01 2.825569e+01 -1.400000e+01
         vertex -5.500000e+01 2.500000e+01 -1.400000e+01
      endloop
   endfacet
   facet normal 0.000000e+00 0.000000e+00 1.000000e+00
      outer loop
         vertex -5.500000e+01 2.500000e+01 -1.400000e+01
         vertex -5.226815e+01 2.825569e+01 -1.400000e+01
         vertex -5.287500e+01 2.868061e+01 -1.400000e+01
      endloop
   endfacet
   facet normal 0.000000e+00 0.000000e+00 1.000000e+00
      outer loop
         vertex -5.500000e+01 2.500000e+01 -1.400000e+01
         vertex -5.287500e+01 2.868061e+01 -1.400000e+01
         vertex -5.354641e+01 2.899369e+01 -1.400000e+01
      endloop
   endfacet
   facet normal 0.000000e+00 0.000000e+00 1.000000e+00
      outer loop
         vertex -5.081457e+01 2.573800e+01 -1.400000e+01
         vertex -5.100631e+01 2.645359e+01 -1.400000e+01
         vertex -5.500000e+01 2.500000e+01 -1.400000e+01
      endloop
   endfacet
   facet normal 0.000000e+00 0.000000e+00 1.000000e+00
      outer loop
         vertex -5.500000e+01 2.500000e+01 -1.400000e+01
         vertex -5.100631e+01 2.645359e+01 -1.400000e+01
         vertex -5.131939e+01 2.712500e+01 -1.400000e+01
      endloop
   endfacet
   facet normal 0.000000e+00 0.000000e+00 1.000000e+00
      outer loop
         vertex -5.500000e+01 2.500000e+01 -1.400000e+01
         vertex -5.131939e+01 2.712500e+01 -1.400000e+01
         vertex -5.174431e+01 2.773185e+01 -1.400000e+01
      endloop
   endfacet
   facet normal -9.961947e-01 -8.715532e-02 0.000000e+00
      outer loop
         vertex -1.425000e+01 -4.510397e-15 -1.400000e+01
         vertex -1.425000e+01 -4.510397e-15 0.000000e+00
         vertex -1.431457e+01 7.380047e-01 -1.400000e+01
      endloop
   endfacet
   facet normal -9.961947e-01 -8.715532e-02 0.000000e+00
      outer loop
         vertex -1.431457e+01 7.380047e-01 -1.400000e+01
         vertex -1.425000e+01 -4.510397e-15 0.000000e+00
         vertex -1.431457e+01 7.380047e-01 0.000000e+00
      endloop
   endfacet
   facet normal -9.659257e-01 -2.588196e-01 0.000000e+00
      outer loop
         vertex -1.431457e+01 7.380047e-01 -1.400000e+01
         vertex -1.431457e+01 7.380047e-01 0.000000e+00
         vertex -1.450631e+01 1.453586e+00 -1.400000e+01
      endloop
   endfacet
   facet normal -9.659257e-01 -2.588196e-01 0.000000e+00
      outer loop
         vertex -1.450631e+01 1.453586e+00 -1.400000e+01
         vertex -1.431457e+01 7.380047e-01 0.000000e+00
         vertex -1.450631e+01 1.453586e+00 0.000000e+00
      endloop
   endfacet
   facet normal -9.063079e-01 -4.226180e-01 0.000000e+00
      outer loop
         vertex -1.450631e+01 1.453586e+00 -1.400000e+01
         vertex -1.450631e+01 1.453586e+00 0.000000e+00
         vertex -1.481939e+01 2.125000e+00 -1.400000e+01
      endloop
   endfacet
   facet normal -9.063079e-01 -4.226180e-01 0.000000e+00
      outer loop
         vertex -1.481939e+01 2.125000e+00 -1.400000e+01
         vertex -1.450631e+01 1.453586e+00 0.000000e+00
         vertex -1.481939e+01 2.125000e+00 0.000000e+00
      endloop
   endfacet
   facet normal -8.191522e-01 -5.735762e-01 0.000000e+00
      outer loop
         vertex -1.481939e+01 2.125000e+00 -1.400000e+01
         vertex -1.481939e+01 2.125000e+00 0.000000e+00
         vertex -1.524431e+01 2.731847e+00 -1.400000e+01
      endloop
   endfacet
   facet normal -8.191522e-01 -5.735762e-01 0.000000e+00
      outer loop
         vertex -1.524431e+01 2.731847e+00 -1.400000e+01
         vertex -1.481939e+01 2.125000e+00 0.000000e+00
         vertex -1.524431e+01 2.731847e+00 0.000000e+00
      endloop
   endfacet
   facet normal -7.071071e-01 -7.071065e-01 0.000000e+00
      outer loop
         vertex -1.524431e+01 2.731847e+00 -1.400000e+01
         vertex -1.524431e+01 2.731847e+00 0.000000e+00
         vertex -1.576815e+01 3.255689e+00 -1.400000e+01
      endloop
   endfacet
   facet normal -7.071071e-01 -7.071065e-01 0.000000e+00
      outer loop
         vertex -1.576815e+01 3.255689e+00 -1.400000e+01
         vertex -1.524431e+01 2.731847e+00 0.000000e+00
         vertex -1.576815e+01 3.255689e+00 0.000000e+00
      endloop
   endfacet
   facet normal -5.735762e-01 -8.191522e-01 0.000000e+00
      outer loop
         vertex -1.576815e+01 3.255689e+00 -1.400000e+01
         vertex -1.576815e+01 3.255689e+00 0.000000e+00
         vertex -1.637500e+01 3.680608e+00 -1.400000e+01
      endloop
   endfacet
   facet normal -5.735762e-01 -8.191522e-01 0.000000e+00
      outer loop
         vertex -1.637500e+01 3.680608e+00 -1.400000e+01
         vertex -1.576815e+01 3.255689e+00 0.000000e+00
         vertex -1.637500e+01 3.680608e+00 0.000000e+00
      endloop
   endfacet
   facet normal -4.226182e-01 -9.063078e-01 0.000000e+00
      outer loop
         vertex -1.637500e+01 3.680608e+00 -1.400000e+01
         vertex -1.637500e+01 3.680608e+00 0.000000e+00
         vertex -1.704641e+01 3.993694e+00 -1.400000e+01
      endloop
   endfacet
   facet normal -4.226182e-01 -9.063078e-01 0.000000e+00
      outer loop
         vertex -1.704641e+01 3.993694e+00 -1.400000e+01
         vertex -1.637500e+01 3.680608e+00 0.000000e+00
         vertex -1.704641e+01 3.993694e+00 0.000000e+00
      endloop
   endfacet
   facet normal -2.588187e-01 -9.659259e-01 0.000000e+00
      outer loop
         vertex -1.704641e+01 3.993694e+00 -1.400000e+01
         vertex -1.704641e+01 3.993694e+00 0.000000e+00
         vertex -1.776200e+01 4.185433e+00 -1.400000e+01
      endloop
   endfacet
   facet normal -2.588187e-01 -9.659259e-01 0.000000e+00
      outer loop
         vertex -1.776200e+01 4.185433e+00 -1.400000e+01
         vertex -1.704641e+01 3.993694e+00 0.000000e+00
         vertex -1.776200e+01 4.185433e+00 0.000000e+00
      endloop
   endfacet
   facet normal -8.715600e-02 -9.961947e-01 0.000000e+00
      outer loop
         vertex -1.776200e+01 4.185433e+00 -1.400000e+01
         vertex -1.776200e+01 4.185433e+00 0.000000e+00
         vertex -1.850000e+01 4.250000e+00 -1.400000e+01
      endloop
   endfacet
   facet normal -8.715600e-02 -9.961947e-01 0.000000e+00
      outer loop
         vertex -1.850000e+01 4.250000e+00 -1.400000e+01
         vertex -1.776200e+01 4.185433e+00 0.000000e+00
         vertex -1.850000e+01 4.250000e+00 0.000000e+00
      endloop
   endfacet
   facet normal 8.715600e-02 -9.961947e-01 0.000000e+00
      outer loop
         vertex -1.850000e+01 4.250000e+00 -1.400000e+01
         vertex -1.850000e+01 4.250000e+00 0.000000e+00
         vertex -1.923800e+01 4.185433e+00 -1.400000e+01
      endloop
   endfacet
   facet normal 8.715600e-02 -9.961947e-01 0.000000e+00
      outer loop
         vertex -1.923800e+01 4.185433e+00 -1.400000e+01
         vertex -1.850000e+01 4.250000e+00 0.000000e+00
         vertex -1.923800e+01 4.185433e+00 0.000000e+00
      endloop
   endfacet
   facet normal 2.588187e-01 -9.659259e-01 0.000000e+00
      outer loop
         vertex -1.923800e+01 4.185433e+00 -1.400000e+01
         vertex -1.923800e+01 4.185433e+00 0.000000e+00
         vertex -1.995359e+01 3.993694e+00 -1.400000e+01
      endloop
   endfacet
   facet normal 2.588187e-01 -9.659259e-01 0.000000e+00
      outer loop
         vertex -1.995359e+01 3.993694e+00 -1.400000e+01
         vertex -1.923800e+01 4.185433e+00 0.000000e+00
         vertex -1.995359e+01 3.993694e+00 0.000000e+00
      endloop
   endfacet
   facet normal 4.226182e-01 -9.063078e-01 0.000000e+00
      outer loop
         vertex -1.995359e+01 3.993694e+00 -1.400000e+01
         vertex -1.995359e+01 3.993694e+00 0.000000e+00
         vertex -2.062500e+01 3.680608e+00 -1.400000e+01
      endloop
   endfacet
   facet normal 4.226182e-01 -9.063078e-01 0.000000e+00
      outer loop
         vertex -2.062500e+01 3.680608e+00 -1.400000e+01
         vertex -1.995359e+01 3.993694e+00 0.000000e+00
         vertex -2.062500e+01 3.680608e+00 0.000000e+00
      endloop
   endfacet
   facet normal 5.735773e-01 -8.191514e-01 0.000000e+00
      outer loop
         vertex -2.062500e+01 3.680608e+00 -1.400000e+01
         vertex -2.062500e+01 3.680608e+00 0.000000e+00
         vertex -2.123185e+01 3.255689e+00 -1.400000e+01
      endloop
   endfacet
   facet normal 5.735773e-01 -8.191514e-01 0.000000e+00
      outer loop
         vertex -2.123185e+01 3.255689e+00 -1.400000e+01
         vertex -2.062500e+01 3.680608e+00 0.000000e+00
         vertex -2.123185e+01 3.255689e+00 0.000000e+00
      endloop
   endfacet
   facet normal 7.071058e-01 -7.071077e-01 0.000000e+00
      outer loop
         vertex -2.123185e+01 3.255689e+00 -1.400000e+01
         vertex -2.123185e+01 3.255689e+00 0.000000e+00
         vertex -2.175569e+01 2.731847e+00 -1.400000e+01
      endloop
   endfacet
   facet normal 7.071058e-01 -7.071077e-01 0.000000e+00
      outer loop
         vertex -2.175569e+01 2.731847e+00 -1.400000e+01
         vertex -2.123185e+01 3.255689e+00 0.000000e+00
         vertex -2.175569e+01 2.731847e+00 0.000000e+00
      endloop
   endfacet
   facet normal 8.191528e-01 -5.735753e-01 0.000000e+00
      outer loop
         vertex -2.175569e+01 2.731847e+00 -1.400000e+01
         vertex -2.175569e+01 2.731847e+00 0.000000e+00
         vertex -2.218061e+01 2.125000e+00 -1.400000e+01
      endloop
   endfacet
   facet normal 8.191528e-01 -5.735753e-01 0.000000e+00
      outer loop
         vertex -2.218061e+01 2.125000e+00 -1.400000e+01
         vertex -2.175569e+01 2.731847e+00 0.000000e+00
         vertex -2.218061e+01 2.125000e+00 0.000000e+00
      endloop
   endfacet
   facet normal 9.063074e-01 -4.226190e-01 0.000000e+00
      outer loop
         vertex -2.218061e+01 2.125000e+00 -1.400000e+01
         vertex -2.218061e+01 2.125000e+00 0.000000e+00
         vertex -2.249369e+01 1.453586e+00 -1.400000e+01
      endloop
   endfacet
   facet normal 9.063074e-01 -4.226190e-01 0.000000e+00
      outer loop
         vertex -2.249369e+01 1.453586e+00 -1.400000e+01
         vertex -2.218061e+01 2.125000e+00 0.000000e+00
         vertex -2.249369e+01 1.453586e+00 0.000000e+00
      endloop
   endfacet
   facet normal 9.659260e-01 -2.588184e-01 0.000000e+00
      outer loop
         vertex -2.249369e+01 1.453586e+00 -1.400000e+01
         vertex -2.249369e+01 1.453586e+00 0.000000e+00
         vertex -2.268543e+01 7.380047e-01 -1.400000e+01
      endloop
   endfacet
   facet normal 9.659260e-01 -2.588184e-01 0.000000e+00
      outer loop
         vertex -2.268543e+01 7.380047e-01 -1.400000e+01
         vertex -2.249369e+01 1.453586e+00 0.000000e+00
         vertex -2.268543e+01 7.380047e-01 0.000000e+00
      endloop
   endfacet
   facet normal 9.961947e-01 -8.715532e-02 0.000000e+00
      outer loop
         vertex -2.268543e+01 7.380047e-01 -1.400000e+01
         vertex -2.268543e+01 7.380047e-01 0.000000e+00
         vertex -2.275000e+01 -2.948972e-15 -1.400000e+01
      endloop
   endfacet
   facet normal 9.961947e-01 -8.715532e-02 0.000000e+00
      outer loop
         vertex -2.275000e+01 -2.948972e-15 -1.400000e+01
         vertex -2.268543e+01 7.380047e-01 0.000000e+00
         vertex -2.275000e+01 -2.948972e-15 0.000000e+00
      endloop
   endfacet
   facet normal 9.961947e-01 8.715532e-02 -0.000000e+00
      outer loop
         vertex -2.275000e+01 -2.948972e-15 -1.400000e+01
         vertex -2.275000e+01 -2.948972e-15 0.000000e+00
         vertex -2.268543e+01 -7.380047e-01 -1.400000e+01
      endloop
   endfacet
   facet normal 9.961947e-01 8.715532e-02 -0.000000e+00
      outer loop
         vertex -2.268543e+01 -7.380047e-01 -1.400000e+01
         vertex -2.275000e+01 -2.948972e-15 0.000000e+00
         vertex -2.268543e+01 -7.380047e-01 0.000000e+00
      endloop
   endfacet
   facet normal 9.659260e-01 2.588184e-01 -0.000000e+00
      outer loop
         vertex -2.268543e+01 -7.380047e-01 -1.400000e+01
         vertex -2.268543e+01 -7.380047e-01 0.000000e+00
         vertex -2.249369e+01 -1.453586e+00 -1.400000e+01
      endloop
   endfacet
   facet normal 9.659260e-01 2.588184e-01 -0.000000e+00
      outer loop
         vertex -2.249369e+01 -1.453586e+00 -1.400000e+01
         vertex -2.268543e+01 -7.380047e-01 0.000000e+00
         vertex -2.249369e+01 -1.453586e+00 0.000000e+00
      endloop
   endfacet
   facet normal 9.063074e-01 4.226190e-01 -0.000000e+00
      outer loop
         vertex -2.249369e+01 -1.453586e+00 -1.400000e+01
         vertex -2.249369e+01 -1.453586e+00 0.000000e+00
         vertex -2.218061e+01 -2.125000e+00 -1.400000e+01
      endloop
   endfacet
   facet normal 9.063074e-01 4.226190e-01 -0.000000e+00
      outer loop
         vertex -2.218061e+01 -2.125000e+00 -1.400000e+01
         vertex -2.249369e+01 -1.453586e+00 0.000000e+00
         vertex -2.218061e+01 -2.125000e+00 0.000000e+00
      endloop
   endfacet
   facet normal 8.191528e-01 5.735753e-01 -0.000000e+00
      outer loop
         vertex -2.218061e+01 -2.125000e+00 -1.400000e+01
         vertex -2.218061e+01 -2.125000e+00 0.000000e+00
         vertex -2.175569e+01 -2.731847e+00 -1.400000e+01
      endloop
   endfacet
   facet normal 8.191528e-01 5.735753e-01 -0.000000e+00
      outer loop
         vertex -2.175569e+01 -2.731847e+00 -1.400000e+01
         vertex -2.218061e+01 -2.125000e+00 0.000000e+00
         vertex -2.175569e+01 -2.731847e+00 0.000000e+00
      endloop
   endfacet
   facet normal 7.071058e-01 7.071077e-01 -0.000000e+00
      outer loop
         vertex -2.175569e+01 -2.731847e+00 -1.400000e+01
         vertex -2.175569e+01 -2.731847e+00 0.000000e+00
         vertex -2.123185e+01 -3.255689e+00 -1.400000e+01
      endloop
   endfacet
   facet normal 7.071058e-01 7.071077e-01 -0.000000e+00
      outer loop
         vertex -2.123185e+01 -3.255689e+00 -1.400000e+01
         vertex -2.175569e+01 -2.731847e+00 0.000000e+00
         vertex -2.123185e+01 -3.255689e+00 0.000000e+00
      endloop
   endfacet
   facet normal 5.735773e-01 8.191514e-01 -0.000000e+00
      outer loop
         vertex -2.123185e+01 -3.255689e+00 -1.400000e+01
         vertex -2.123185e+01 -3.255689e+00 0.000000e+00
         vertex -2.062500e+01 -3.680608e+00 -1.400000e+01
      endloop
   endfacet
   facet normal 5.735773e-01 8.191514e-01 -0.000000e+00
      outer loop
         vertex -2.062500e+01 -3.680608e+00 -1.400000e+01
         vertex -2.123185e+01 -3.255689e+00 0.000000e+00
         vertex -2.062500e+01 -3.680608e+00 0.000000e+00
      endloop
   endfacet
   facet normal 4.226182e-01 9.063078e-01 -0.000000e+00
      outer loop
         vertex -2.062500e+01 -3.680608e+00 -1.400000e+01
         vertex -2.062500e+01 -3.680608e+00 0.000000e+00
         vertex -1.995359e+01 -3.993694e+00 -1.400000e+01
      endloop
   endfacet
   facet normal 4.226182e-01 9.063078e-01 -0.000000e+00
      outer loop
         vertex -1.995359e+01 -3.993694e+00 -1.400000e+01
         vertex -2.062500e+01 -3.680608e+00 0.000000e+00
         vertex -1.995359e+01 -3.993694e+00 0.000000e+00
      endloop
   endfacet
   facet normal 2.588187e-01 9.659259e-01 -0.000000e+00
      outer loop
         vertex -1.995359e+01 -3.993694e+00 -1.400000e+01
         vertex -1.995359e+01 -3.993694e+00 0.000000e+00
         vertex -1.923800e+01 -4.185433e+00 -1.400000e+01
      endloop
   endfacet
   facet normal 2.588187e-01 9.659259e-01 -0.000000e+00
      outer loop
         vertex -1.923800e+01 -4.185433e+00 -1.400000e+01
         vertex -1.995359e+01 -3.993694e+00 0.000000e+00
         vertex -1.923800e+01 -4.185433e+00 0.000000e+00
      endloop
   endfacet
   facet normal 8.715600e-02 9.961947e-01 -0.000000e+00
      outer loop
         vertex -1.923800e+01 -4.185433e+00 -1.400000e+01
         vertex -1.923800e+01 -4.185433e+00 0.000000e+00
         vertex -1.850000e+01 -4.250000e+00 -1.400000e+01
      endloop
   endfacet
   facet normal 8.715600e-02 9.961947e-01 -0.000000e+00
      outer loop
         vertex -1.850000e+01 -4.250000e+00 -1.400000e+01
         vertex -1.923800e+01 -4.185433e+00 0.000000e+00
         vertex -1.850000e+01 -4.250000e+00 0.000000e+00
      endloop
   endfacet
   facet normal -8.715600e-02 9.961947e-01 0.000000e+00
      outer loop
         vertex -1.850000e+01 -4.250000e+00 -1.400000e+01
         vertex -1.850000e+01 -4.250000e+00 0.000000e+00
         vertex -1.776200e+01 -4.185433e+00 -1.400000e+01
      endloop
   endfacet
   facet normal -8.715600e-02 9.961947e-01 0.000000e+00
      outer loop
         vertex -1.776200e+01 -4.185433e+00 -1.400000e+01
         vertex -1.850000e+01 -4.250000e+00 0.000000e+00
         vertex -1.776200e+01 -4.185433e+00 0.000000e+00
      endloop
   endfacet
   facet normal -2.588187e-01 9.659259e-01 0.000000e+00
      outer loop
         vertex -1.776200e+01 -4.185433e+00 -1.400000e+01
         vertex -1.776200e+01 -4.185433e+00 0.000000e+00
         vertex -1.704641e+01 -3.993694e+00 -1.400000e+01
      endloop
   endfacet
   facet normal -2.588187e-01 9.659259e-01 0.000000e+00
      outer loop
         vertex -1.704641e+01 -3.993694e+00 -1.400000e+01
         vertex -1.776200e+01 -4.185433e+00 0.000000e+00
         vertex -1.704641e+01 -3.993694e+00 0.000000e+00
      endloop
   endfacet
   facet normal -4.226182e-01 9.063078e-01 0.000000e+00
      outer loop
         vertex -1.704641e+01 -3.993694e+00 -1.400000e+01
         vertex -1.704641e+01 -3.993694e+00 0.000000e+00
         vertex -1.637500e+01 -3.680608e+00 -1.400000e+01
      endloop
   endfacet
   facet normal -4.226182e-01 9.063078e-01 0.000000e+00
      outer loop
         vertex -1.637500e+01 -3.680608e+00 -1.400000e+01
         vertex -1.704641e+01 -3.993694e+00 0.000000e+00
         vertex -1.637500e+01 -3.680608e+00 0.000000e+00
      endloop
   endfacet
   facet normal -5.735762e-01 8.191522e-01 0.000000e+00
      outer loop
         vertex -1.637500e+01 -3.680608e+00 -1.400000e+01
         vertex -1.637500e+01 -3.680608e+00 0.000000e+00
         vertex -1.576815e+01 -3.255689e+00 -1.400000e+01
      endloop
   endfacet
   facet normal -5.735762e-01 8.191522e-01 0.000000e+00
      outer loop
         vertex -1.576815e+01 -3.255689e+00 -1.400000e+01
         vertex -1.637500e+01 -3.680608e+00 0.000000e+00
         vertex -1.576815e+01 -3.255689e+00 0.000000e+00
      endloop
   endfacet
   facet normal -7.071071e-01 7.071065e-01 0.000000e+00
      outer loop
         vertex -1.576815e+01 -3.255689e+00 -1.400000e+01
         vertex -1.576815e+01 -3.255689e+00 0.000000e+00
         vertex -1.524431e+01 -2.731847e+00 -1.400000e+01
      endloop
   endfacet
   facet normal -7.071071e-01 7.071065e-01 0.000000e+00
      outer loop
         vertex -1.524431e+01 -2.731847e+00 -1.400000e+01
         vertex -1.576815e+01 -3.255689e+00 0.000000e+00
         vertex -1.524431e+01 -2.731847e+00 0.000000e+00
      endloop
   endfacet
   facet normal -8.191522e-01 5.735762e-01 0.000000e+00
      outer loop
         vertex -1.524431e+01 -2.731847e+00 -1.400000e+01
         vertex -1.524431e+01 -2.731847e+00 0.000000e+00
         vertex -1.481939e+01 -2.125000e+00 -1.400000e+01
      endloop
   endfacet
   facet normal -8.191522e-01 5.735762e-01 0.000000e+00
      outer loop
         vertex -1.481939e+01 -2.125000e+00 -1.400000e+01
         vertex -1.524431e+01 -2.731847e+00 0.000000e+00
         vertex -1.481939e+01 -2.125000e+00 0.000000e+00
      endloop
   endfacet
   facet normal -9.063079e-01 4.226180e-01 0.000000e+00
      outer loop
         vertex -1.481939e+01 -2.125000e+00 -1.400000e+01
         vertex -1.481939e+01 -2.125000e+00 0.000000e+00
         vertex -1.450631e+01 -1.453586e+00 -1.400000e+01
      endloop
   endfacet
   facet normal -9.063079e-01 4.226180e-01 0.000000e+00
      outer loop
         vertex -1.450631e+01 -1.453586e+00 -1.400000e+01
         vertex -1.481939e+01 -2.125000e+00 0.000000e+00
         vertex -1.450631e+01 -1.453586e+00 0.000000e+00
      endloop
   endfacet
   facet normal -9.659257e-01 2.588196e-01 0.000000e+00
      outer loop
         vertex -1.450631e+01 -1.453586e+00 -1.400000e+01
         vertex -1.450631e+01 -1.453586e+00 0.000000e+00
         vertex -1.431457e+01 -7.380047e-01 -1.400000e+01
      endloop
   endfacet
   facet normal -9.659257e-01 2.588196e-01 0.000000e+00
      outer loop
         vertex -1.431457e+01 -7.380047e-01 -1.400000e+01
         vertex -1.450631e+01 -1.453586e+00 0.000000e+00
         vertex -1.431457e+01 -7.380047e-01 0.000000e+00
      endloop
   endfacet
   facet normal -9.961947e-01 8.715532e-02 0.000000e+00
      outer loop
         vertex -1.431457e+01 -7.380047e-01 -1.400000e+01
         vertex -1.431457e+01 -7.380047e-01 0.000000e+00
         vertex -1.425000e+01 -4.510397e-15 -1.400000e+01
      endloop
   endfacet
   facet normal -9.961947e-01 8.715532e-02 0.000000e+00
      outer loop
         vertex -1.425000e+01 -4.510397e-15 -1.400000e+01
         vertex -1.431457e+01 -7.380047e-01 0.000000e+00
         vertex -1.425000e+01 -4.510397e-15 0.000000e+00
      endloop
   endfacet
   facet normal 0.000000e+00 -0.000000e+00 1.000000e+00
      outer loop
         vertex -1.450631e+01 -1.453586e+00 -1.400000e+01
         vertex -1.431457e+01 -7.380047e-01 -1.400000e+01
         vertex -1.850000e+01 -3.469447e-15 -1.400000e+01
      endloop
   endfacet
   facet normal 0.000000e+00 0.000000e+00 1.000000e+00
      outer loop
         vertex -1.850000e+01 -3.469447e-15 -1.400000e+01
         vertex -1.431457e+01 -7.380047e-01 -1.400000e+01
         vertex -1.425000e+01 -4.510397e-15 -1.400000e+01
      endloop
   endfacet
   facet normal -0.000000e+00 0.000000e+00 1.000000e+00
      outer loop
         vertex -1.850000e+01 -3.469447e-15 -1.400000e+01
         vertex -1.425000e+01 -4.510397e-15 -1.400000e+01
         vertex -1.431457e+01 7.380047e-01 -1.400000e+01
      endloop
   endfacet
   facet normal 0.000000e+00 -0.000000e+00 1.000000e+00
      outer loop
         vertex -1.576815e+01 -3.255689e+00 -1.400000e+01
         vertex -1.524431e+01 -2.731847e+00 -1.400000e+01
         vertex -1.850000e+01 -3.469447e-15 -1.400000e+01
      endloop
   endfacet
   facet normal 0.000000e+00 0.000000e+00 1.000000e+00
      outer loop
         vertex -1.850000e+01 -3.469447e-15 -1.400000e+01
         vertex -1.524431e+01 -2.731847e+00 -1.400000e+01
         vertex -1.481939e+01 -2.125000e+00 -1.400000e+01
      endloop
   endfacet
   facet normal 0.000000e+00 0.000000e+00 1.000000e+00
      outer loop
         vertex -1.850000e+01 -3.469447e-15 -1.400000e+01
         vertex -1.481939e+01 -2.125000e+00 -1.400000e+01
         vertex -1.450631e+01 -1.453586e+00 -1.400000e+01
      endloop
   endfacet
   facet normal 0.000000e+00 -0.000000e+00 1.000000e+00
      outer loop
         vertex -1.776200e+01 -4.185433e+00 -1.400000e+01
         vertex -1.704641e+01 -3.993694e+00 -1.400000e+01
         vertex -1.850000e+01 -3.469447e-15 -1.400000e+01
      endloop
   endfacet
   facet normal 0.000000e+00 0.000000e+00 1.000000e+00
      outer loop
         vertex -1.850000e+01 -3.469447e-15 -1.400000e+01
         vertex -1.704641e+01 -3.993694e+00 -1.400000e+01
         vertex -1.637500e+01 -3.680608e+00 -1.400000e+01
      endloop
   endfacet
   facet normal 0.000000e+00 0.000000e+00 1.000000e+00
      outer loop
         vertex -1.850000e+01 -3.469447e-15 -1.400000e+01
         vertex -1.637500e+01 -3.680608e+00 -1.400000e+01
         vertex -1.576815e+01 -3.255689e+00 -1.400000e+01
      endloop
   endfacet
   facet normal -0.000000e+00 0.000000e+00 1.000000e+00
      outer loop
         vertex -1.995359e+01 -3.993694e+00 -1.400000e+01
         vertex -1.923800e+01 -4.185433e+00 -1.400000e+01
         vertex -1.850000e+01 -3.469447e-15 -1.400000e+01
      endloop
   endfacet
   facet normal 0.000000e+00 0.000000e+00 1.000000e+00
      outer loop
         vertex -1.850000e+01 -3.469447e-15 -1.400000e+01
         vertex -1.923800e+01 -4.185433e+00 -1.400000e+01
         vertex -1.850000e+01 -4.250000e+00 -1.400000e+01
      endloop
   endfacet
   facet normal 0.000000e+00 0.000000e+00 1.000000e+00
      outer loop
         vertex -1.850000e+01 -3.469447e-15 -1.400000e+01
         vertex -1.850000e+01 -4.250000e+00 -1.400000e+01
         vertex -1.776200e+01 -4.185433e+00 -1.400000e+01
      endloop
   endfacet
   facet normal -0.000000e+00 0.000000e+00 1.000000e+00
      outer loop
         vertex -2.175569e+01 -2.731847e+00 -1.400000e+01
         vertex -2.123185e+01 -3.255689e+00 -1.400000e+01
         vertex -1.850000e+01 -3.469447e-15 -1.400000e+01
      endloop
   endfacet
   facet normal 0.000000e+00 0.000000e+00 1.000000e+00
      outer loop
         vertex -1.850000e+01 -3.469447e-15 -1.400000e+01
         vertex -2.123185e+01 -3.255689e+00 -1.400000e+01
         vertex -2.062500e+01 -3.680608e+00 -1.400000e+01
      endloop
   endfacet
   facet normal 0.000000e+00 0.000000e+00 1.000000e+00
      outer loop
         vertex -1.850000e+01 -3.469447e-15 -1.400000e+01
         vertex -2.062500e+01 -3.680608e+00 -1.400000e+01
         vertex -1.995359e+01 -3.993694e+00 -1.400000e+01
      endloop
   endfacet
   facet normal -0.000000e+00 0.000000e+00 1.000000e+00
      outer loop
         vertex -2.268543e+01 -7.380047e-01 -1.400000e+01
         vertex -2.249369e+01 -1.453586e+00 -1.400000e+01
         vertex -1.850000e+01 -3.469447e-15 -1.400000e+01
      endloop
   endfacet
   facet normal 0.000000e+00 0.000000e+00 1.000000e+00
      outer loop
         vertex -1.850000e+01 -3.469447e-15 -1.400000e+01
         vertex -2.249369e+01 -1.453586e+00 -1.400000e+01
         vertex -2.218061e+01 -2.125000e+00 -1.400000e+01
      endloop
   endfacet
   facet normal 0.000000e+00 0.000000e+00 1.000000e+00
      outer loop
         vertex -1.850000e+01 -3.469447e-15 -1.400000e+01
         vertex -2.218061e+01 -2.125000e+00 -1.400000e+01
         vertex -2.175569e+01 -2.731847e+00 -1.400000e+01
      endloop
   endfacet
   facet normal 0.000000e+00 0.000000e+00 1.000000e+00
      outer loop
         vertex -2.249369e+01 1.453586e+00 -1.400000e+01
         vertex -2.268543e+01 7.380047e-01 -1.400000e+01
         vertex -1.850000e+01 -3.469447e-15 -1.400000e+01
      endloop
   endfacet
   facet normal 0.000000e+00 0.000000e+00 1.000000e+00
      outer loop
         vertex -1.850000e+01 -3.469447e-15 -1.400000e+01
         vertex -2.268543e+01 7.380047e-01 -1.400000e+01
         vertex -2.275000e+01 -2.948972e-15 -1.400000e+01
      endloop
   endfacet
   facet normal 0.000000e+00 0.000000e+00 1.000000e+00
      outer loop
         vertex -1.850000e+01 -3.469447e-15 -1.400000e+01
         vertex -2.275000e+01 -2.948972e-15 -1.400000e+01
         vertex -2.268543e+01 -7.380047e-01 -1.400000e+01
      endloop
   endfacet
   facet normal 0.000000e+00 0.000000e+00 1.000000e+00
      outer loop
         vertex -2.123185e+01 3.255689e+00 -1.400000e+01
         vertex -2.175569e+01 2.731847e+00 -1.400000e+01
         vertex -1.850000e+01 -3.469447e-15 -1.400000e+01
      endloop
   endfacet
   facet normal 0.000000e+00 0.000000e+00 1.000000e+00
      outer loop
         vertex -1.850000e+01 -3.469447e-15 -1.400000e+01
         vertex -2.175569e+01 2.731847e+00 -1.400000e+01
         vertex -2.218061e+01 2.125000e+00 -1.400000e+01
      endloop
   endfacet
   facet normal 0.000000e+00 0.000000e+00 1.000000e+00
      outer loop
         vertex -1.850000e+01 -3.469447e-15 -1.400000e+01
         vertex -2.218061e+01 2.125000e+00 -1.400000e+01
         vertex -2.249369e+01 1.453586e+00 -1.400000e+01
      endloop
   endfacet
   facet normal 0.000000e+00 0.000000e+00 1.000000e+00
      outer loop
         vertex -1.923800e+01 4.185433e+00 -1.400000e+01
         vertex -1.995359e+01 3.993694e+00 -1.400000e+01
         vertex -1.850000e+01 -3.469447e-15 -1.400000e+01
      endloop
   endfacet
   facet normal 0.000000e+00 0.000000e+00 1.000000e+00
      outer loop
         vertex -1.850000e+01 -3.469447e-15 -1.400000e+01
         vertex -1.995359e+01 3.993694e+00 -1.400000e+01
         vertex -2.062500e+01 3.680608e+00 -1.400000e+01
      endloop
   endfacet
   facet normal 0.000000e+00 0.000000e+00 1.000000e+00
      outer loop
         vertex -1.850000e+01 -3.469447e-15 -1.400000e+01
         vertex -2.062500e+01 3.680608e+00 -1.400000e+01
         vertex -2.123185e+01 3.255689e+00 -1.400000e+01
      endloop
   endfacet
   facet normal 0.000000e+00 0.000000e+00 1.000000e+00
      outer loop
         vertex -1.704641e+01 3.993694e+00 -1.400000e+01
         vertex -1.776200e+01 4.185433e+00 -1.400000e+01
         vertex -1.850000e+01 -3.469447e-15 -1.400000e+01
      endloop
   endfacet
   facet normal 0.000000e+00 0.000000e+00 1.000000e+00
      outer loop
         vertex -1.850000e+01 -3.469447e-15 -1.400000e+01
         vertex -1.776200e+01 4.185433e+00 -1.400000e+01
         vertex -1.850000e+01 4.250000e+00 -1.400000e+01
      endloop
   endfacet
   facet normal 0.000000e+00 -0.000000e+00 1.000000e+00
      outer loop
         vertex -1.850000e+01 -3.469447e-15 -1.400000e+01
         vertex -1.850000e+01 4.250000e+00 -1.400000e+01
         vertex -1.923800e+01 4.185433e+00 -1.400000e+01
      endloop
   endfacet
   facet normal 0.000000e+00 0.000000e+00 1.000000e+00
      outer loop
         vertex -1.524431e+01 2.731847e+00 -1.400000e+01
         vertex -1.576815e+01 3.255689e+00 -1.400000e+01
         vertex -1.850000e+01 -3.469447e-15 -1.400000e+01
      endloop
   endfacet
   facet normal 0.000000e+00 0.000000e+00 1.000000e+00
      outer loop
         vertex -1.850000e+01 -3.469447e-15 -1.400000e+01
         vertex -1.576815e+01 3.255689e+00 -1.400000e+01
         vertex -1.637500e+01 3.680608e+00 -1.400000e+01
      endloop
   endfacet
   facet normal 0.000000e+00 0.000000e+00 1.000000e+00
      outer loop
         vertex -1.850000e+01 -3.469447e-15 -1.400000e+01
         vertex -1.637500e+01 3.680608e+00 -1.400000e+01
         vertex -1.704641e+01 3.993694e+00 -1.400000e+01
      endloop
   endfacet
   facet normal 0.000000e+00 0.000000e+00 1.000000e+00
      outer loop
         vertex -1.431457e+01 7.380047e-01 -1.400000e+01
         vertex -1.450631e+01 1.453586e+00 -1.400000e+01
         vertex -1.850000e+01 -3.469447e-15 -1.400000e+01
      endloop
   endfacet
   facet normal 0.000000e+00 0.000000e+00 1.000000e+00
      outer loop
         vertex -1.850000e+01 -3.469447e-15 -1.400000e+01
         vertex -1.450631e+01 1.453586e+00 -1.400000e+01
         vertex -1.481939e+01 2.125000e+00 -1.400000e+01
      endloop
   endfacet
   facet normal 0.000000e+00 0.000000e+00 1.000000e+00
      outer loop
         vertex -1.850000e+01 -3.469447e-15 -1.400000e+01
         vertex -1.481939e+01 2.125000e+00 -1.400000e+01
         vertex -1.524431e+01 2.731847e+00 -1.400000e+01
      endloop
   endfacet
   facet normal -9.961947e-01 -8.715591e-02 0.000000e+00
      outer loop
         vertex 6.000000e+00 -1.469576e-15 -1.400000e+01
         vertex 6.000000e+00 -1.469576e-15 0.000000e+00
         vertex 5.908846e+00 1.041889e+00 -1.400000e+01
      endloop
   endfacet
   facet normal -9.961947e-01 -8.715591e-02 0.000000e+00
      outer loop
         vertex 5.908846e+00 1.041889e+00 -1.400000e+01
         vertex 6.000000e+00 -1.469576e-15 0.000000e+00
         vertex 5.908846e+00 1.041889e+00 0.000000e+00
      endloop
   endfacet
   facet normal -9.659258e-01 -2.588190e-01 0.000000e+00
      outer loop
         vertex 5.908846e+00 1.041889e+00 -1.400000e+01
         vertex 5.908846e+00 1.041889e+00 0.000000e+00
         vertex 5.638156e+00 2.052121e+00 -1.400000e+01
      endloop
   endfacet
   facet normal -9.659258e-01 -2.588190e-01 0.000000e+00
      outer loop
         vertex 5.638156e+00 2.052121e+00 -1.400000e+01
         vertex 5.908846e+00 1.041889e+00 0.000000e+00
         vertex 5.638156e+00 2.052121e+00 0.000000e+00
      endloop
   endfacet
   facet normal -9.063078e-01 -4.226183e-01 0.000000e+00
      outer loop
         vertex 5.638156e+00 2.052121e+00 -1.400000e+01
         vertex 5.638156e+00 2.052121e+00 0.000000e+00
         vertex 5.196152e+00 3.000000e+00 -1.400000e+01
      endloop
   endfacet
   facet normal -9.063078e-01 -4.226183e-01 0.000000e+00
      outer loop
         vertex 5.196152e+00 3.000000e+00 -1.400000e+01
         vertex 5.638156e+00 2.052121e+00 0.000000e+00
         vertex 5.196152e+00 3.000000e+00 0.000000e+00
      endloop
   endfacet
   facet normal -8.191520e-01 -5.735764e-01 0.000000e+00
      outer loop
         vertex 5.196152e+00 3.000000e+00 -1.400000e+01
         vertex 5.196152e+00 3.000000e+00 0.000000e+00
         vertex 4.596266e+00 3.856726e+00 -1.400000e+01
      endloop
   endfacet
   facet normal -8.191520e-01 -5.735764e-01 0.000000e+00
      outer loop
         vertex 4.596266e+00 3.856726e+00 -1.400000e+01
         vertex 5.196152e+00 3.000000e+00 0.000000e+00
         vertex 4.596266e+00 3.856726e+00 0.000000e+00
      endloop
   endfacet
   facet normal -7.071068e-01 -7.071068e-01 0.000000e+00
      outer loop
         vertex 4.596266e+00 3.856726e+00 -1.400000e+01
         vertex 4.596266e+00 3.856726e+00 0.000000e+00
         vertex 3.856726e+00 4.596266e+00 -1.400000e+01
      endloop
   endfacet
   facet normal -7.071068e-01 -7.071068e-01 0.000000e+00
      outer loop
         vertex 3.856726e+00 4.596266e+00 -1.400000e+01
         vertex 4.596266e+00 3.856726e+00 0.000000e+00
         vertex 3.856726e+00 4.596266e+00 0.000000e+00
      endloop
   endfacet
   facet normal -5.735764e-01 -8.191520e-01 0.000000e+00
      outer loop
         vertex 3.856726e+00 4.596266e+00 -1.400000e+01
         vertex 3.856726e+00 4.596266e+00 0.000000e+00
         vertex 3.000000e+00 5.196152e+00 -1.400000e+01
      endloop
   endfacet
   facet normal -5.735764e-01 -8.191520e-01 0.000000e+00
      outer loop
         vertex 3.000000e+00 5.196152e+00 -1.400000e+01
         vertex 3.856726e+00 4.596266e+00 0.000000e+00
         vertex 3.000000e+00 5.196152e+00 0.000000e+00
      endloop
   endfacet
   facet normal -4.226183e-01 -9.063078e-01 0.000000e+00
      outer loop
         vertex 3.000000e+00 5.196152e+00 -1.400000e+01
         vertex 3.000000e+00 5.196152e+00 0.000000e+00
         vertex 2.052121e+00 5.638156e+00 -1.400000e+01
      endloop
   endfacet
   facet normal -4.226183e-01 -9.063078e-01 0.000000e+00
      outer loop
         vertex 2.052121e+00 5.638156e+00 -1.400000e+01
         vertex 3.000000e+00 5.196152e+00 0.000000e+00
         vertex 2.052121e+00 5.638156e+00 0.000000e+00
      endloop
   endfacet
   facet normal -2.588190e-01 -9.659258e-01 0.000000e+00
      outer loop
         vertex 2.052121e+00 5.638156e+00 -1.400000e+01
         vertex 2.052121e+00 5.638156e+00 0.000000e+00
         vertex 1.041889e+00 5.908846e+00 -1.400000e+01
      endloop
   endfacet
   facet normal -2.588190e-01 -9.659258e-01 0.000000e+00
      outer loop
         vertex 1.041889e+00 5.908846e+00 -1.400000e+01
         vertex 2.052121e+00 5.638156e+00 0.000000e+00
         vertex 1.041889e+00 5.908846e+00 0.000000e+00
      endloop
   endfacet
   facet normal -8.715591e-02 -9.961947e-01 0.000000e+00
      outer loop
         vertex 1.041889e+00 5.908846e+00 -1.400000e+01
         vertex 1.041889e+00 5.908846e+00 0.000000e+00
         vertex 3.673940e-16 6.000000e+00 -1.400000e+01
      endloop
   endfacet
   facet normal -8.715591e-02 -9.961947e-01 0.000000e+00
      outer loop
         vertex 3.673940e-16 6.000000e+00 -1.400000e+01
         vertex 1.041889e+00 5.908846e+00 0.000000e+00
         vertex 3.673940e-16 6.000000e+00 0.000000e+00
      endloop
   endfacet
   facet normal 8.715591e-02 -9.961947e-01 0.000000e+00
      outer loop
         vertex 3.673940e-16 6.000000e+00 -1.400000e+01
         vertex 3.673940e-16 6.000000e+00 0.000000e+00
         vertex -1.041889e+00 5.908846e+00 -1.400000e+01
      endloop
   endfacet
   facet normal 8.715591e-02 -9.961947e-01 0.000000e+00
      outer loop
         vertex -1.041889e+00 5.908846e+00 -1.400000e+01
         vertex 3.673940e-16 6.000000e+00 0.000000e+00
         vertex -1.041889e+00 5.908846e+00 0.000000e+00
      endloop
   endfacet
   facet normal 2.588190e-01 -9.659258e-01 0.000000e+00
      outer loop
         vertex -1.041889e+00 5.908846e+00 -1.400000e+01
         vertex -1.041889e+00 5.908846e+00 0.000000e+00
         vertex -2.052121e+00 5.638156e+00 -1.400000e+01
      endloop
   endfacet
   facet normal 2.588190e-01 -9.659258e-01 0.000000e+00
      outer loop
         vertex -2.052121e+00 5.638156e+00 -1.400000e+01
         vertex -1.041889e+00 5.908846e+00 0.000000e+00
         vertex -2.052121e+00 5.638156e+00 0.000000e+00
      endloop
   endfacet
   facet normal 4.226183e-01 -9.063078e-01 0.000000e+00
      outer loop
         vertex -2.052121e+00 5.638156e+00 -1.400000e+01
         vertex -2.052121e+00 5.638156e+00 0.000000e+00
         vertex -3.000000e+00 5.196152e+00 -1.400000e+01
      endloop
   endfacet
   facet normal 4.226183e-01 -9.063078e-01 0.000000e+00
      outer loop
         vertex -3.000000e+00 5.196152e+00 -1.400000e+01
         vertex -2.052121e+00 5.638156e+00 0.000000e+00
         vertex -3.000000e+00 5.196152e+00 0.000000e+00
      endloop
   endfacet
   facet normal 5.735764e-01 -8.191520e-01 0.000000e+00
      outer loop
         vertex -3.000000e+00 5.196152e+00 -1.400000e+01
         vertex -3.000000e+00 5.196152e+00 0.000000e+00
         vertex -3.856726e+00 4.596266e+00 -1.400000e+01
      endloop
   endfacet
   facet normal 5.735764e-01 -8.191520e-01 0.000000e+00
      outer loop
         vertex -3.856726e+00 4.596266e+00 -1.400000e+01
         vertex -3.000000e+00 5.196152e+00 0.000000e+00
         vertex -3.856726e+00 4.596266e+00 0.000000e+00
      endloop
   endfacet
   facet normal 7.071068e-01 -7.071068e-01 0.000000e+00
      outer loop
         vertex -3.856726e+00 4.596266e+00 -1.400000e+01
         vertex -3.856726e+00 4.596266e+00 0.000000e+00
         vertex -4.596266e+00 3.856726e+00 -1.400000e+01
      endloop
   endfacet
   facet normal 7.071068e-01 -7.071068e-01 0.000000e+00
      outer loop
         vertex -4.596266e+00 3.856726e+00 -1.400000e+01
         vertex -3.856726e+00 4.596266e+00 0.000000e+00
         vertex -4.596266e+00 3.856726e+00 0.000000e+00
      endloop
   endfacet
   facet normal 8.191520e-01 -5.735764e-01 0.000000e+00
      outer loop
         vertex -4.596266e+00 3.856726e+00 -1.400000e+01
         vertex -4.596266e+00 3.856726e+00 0.000000e+00
         vertex -5.196152e+00 3.000000e+00 -1.400000e+01
      endloop
   endfacet
   facet normal 8.191520e-01 -5.735764e-01 0.000000e+00
      outer loop
         vertex -5.196152e+00 3.000000e+00 -1.400000e+01
         vertex -4.596266e+00 3.856726e+00 0.000000e+00
         vertex -5.196152e+00 3.000000e+00 0.000000e+00
      endloop
   endfacet
   facet normal 9.063078e-01 -4.226183e-01 0.000000e+00
      outer loop
         vertex -5.196152e+00 3.000000e+00 -1.400000e+01
         vertex -5.196152e+00 3.000000e+00 0.000000e+00
         vertex -5.638156e+00 2.052121e+00 -1.400000e+01
      endloop
   endfacet
   facet normal 9.063078e-01 -4.226183e-01 0.000000e+00
      outer loop
         vertex -5.638156e+00 2.052121e+00 -1.400000e+01
         vertex -5.196152e+00 3.000000e+00 0.000000e+00
         vertex -5.638156e+00 2.052121e+00 0.000000e+00
      endloop
   endfacet
   facet normal 9.659258e-01 -2.588190e-01 0.000000e+00
      outer loop
         vertex -5.638156e+00 2.052121e+00 -1.400000e+01
         vertex -5.638156e+00 2.052121e+00 0.000000e+00
         vertex -5.908846e+00 1.041889e+00 -1.400000e+01
      endloop
   endfacet
   facet normal 9.659258e-01 -2.588190e-01 0.000000e+00
      outer loop
         vertex -5.908846e+00 1.041889e+00 -1.400000e+01
         vertex -5.638156e+00 2.052121e+00 0.000000e+00
         vertex -5.908846e+00 1.041889e+00 0.000000e+00
      endloop
   endfacet
   facet normal 9.961947e-01 -8.715591e-02 0.000000e+00
      outer loop
         vertex -5.908846e+00 1.041889e+00 -1.400000e+01
         vertex -5.908846e+00 1.041889e+00 0.000000e+00
         vertex -6.000000e+00 7.347881e-16 -1.400000e+01
      endloop
   endfacet
   facet normal 9.961947e-01 -8.715591e-02 0.000000e+00
      outer loop
         vertex -6.000000e+00 7.347881e-16 -1.400000e+01
         vertex -5.908846e+00 1.041889e+00 0.000000e+00
         vertex -6.000000e+00 7.347881e-16 0.000000e+00
      endloop
   endfacet
   facet normal 9.961947e-01 8.715591e-02 -0.000000e+00
      outer loop
         vertex -6.000000e+00 7.347881e-16 -1.400000e+01
         vertex -6.000000e+00 7.347881e-16 0.000000e+00
         vertex -5.908846e+00 -1.041889e+00 -1.400000e+01
      endloop
   endfacet
   facet normal 9.961947e-01 8.715591e-02 -0.000000e+00
      outer loop
         vertex -5.908846e+00 -1.041889e+00 -1.400000e+01
         vertex -6.000000e+00 7.347881e-16 0.000000e+00
         vertex -5.908846e+00 -1.041889e+00 0.000000e+00
      endloop
   endfacet
   facet normal 9.659258e-01 2.588190e-01 -0.000000e+00
      outer loop
         vertex -5.908846e+00 -1.041889e+00 -1.400000e+01
         vertex -5.908846e+00 -1.041889e+00 0.000000e+00
         vertex -5.638156e+00 -2.052121e+00 -1.400000e+01
      endloop
   endfacet
   facet normal 9.659258e-01 2.588190e-01 -0.000000e+00
      outer loop
         vertex -5.638156e+00 -2.052121e+00 -1.400000e+01
         vertex -5.908846e+00 -1.041889e+00 0.000000e+00
         vertex -5.638156e+00 -2.052121e+00 0.000000e+00
      endloop
   endfacet
   facet normal 9.063078e-01 4.226183e-01 -0.000000e+00
      outer loop
         vertex -5.638156e+00 -2.052121e+00 -1.400000e+01
         vertex -5.638156e+00 -2.052121e+00 0.000000e+00
         vertex -5.196152e+00 -3.000000e+00 -1.400000e+01
      endloop
   endfacet
   facet normal 9.063078e-01 4.226183e-01 -0.000000e+00
      outer loop
         vertex -5.196152e+00 -3.000000e+00 -1.400000e+01
         vertex -5.638156e+00 -2.052121e+00 0.000000e+00
         vertex -5.196152e+00 -3.000000e+00 0.000000e+00
      endloop
   endfacet
   facet normal 8.191520e-01 5.735764e-01 -0.000000e+00
      outer loop
         vertex -5.196152e+00 -3.000000e+00 -1.400000e+01
         vertex -5.196152e+00 -3.000000e+00 0.000000e+00
         vertex -4.596266e+00 -3.856726e+00 -1.400000e+01
      endloop
   endfacet
   facet normal 8.191520e-01 5.735764e-01 -0.000000e+00
      outer loop
         vertex -4.596266e+00 -3.856726e+00 -1.400000e+01
         vertex -5.196152e+00 -3.000000e+00 0.000000e+00
         vertex -4.596266e+00 -3.856726e+00 0.000000e+00
      endloop
   endfacet
   facet normal 7.071068e-01 7.071068e-01 -0.000000e+00
      outer loop
         vertex -4.596266e+00 -3.856726e+00 -1.400000e+01
         vertex -4.596266e+00 -3.856726e+00 0.000000e+00
         vertex -3.856726e+00 -4.596266e+00 -1.400000e+01
      endloop
   endfacet
   facet normal 7.071068e-01 7.071068e-01 -0.000000e+00
      outer loop
         vertex -3.856726e+00 -4.596266e+00 -1.400000e+01
         vertex -4.596266e+00 -3.856726e+00 0.000000e+00
         vertex -3.856726e+00 -4.596266e+00 0.000000e+00
      endloop
   endfacet
   facet normal 5.735764e-01 8.191520e-01 -0.000000e+00
      outer loop
         vertex -3.856726e+00 -4.596266e+00 -1.400000e+01
         vertex -3.856726e+00 -4.596266e+00 0.000000e+00
         vertex -3.000000e+00 -5.196152e+00 -1.400000e+01
      endloop
   endfacet
   facet normal 5.735764e-01 8.191520e-01 -0.000000e+00
      outer loop
         vertex -3.000000e+00 -5.196152e+00 -1.400000e+01
         vertex -3.856726e+00 -4.596266e+00 0.000000e+00
         vertex -3.000000e+00 -5.196152e+00 0.000000e+00
      endloop
   endfacet
   facet normal 4.226183e-01 9.063078e-01 -0.000000e+00
      outer loop
         vertex -3.000000e+00 -5.196152e+00 -1.400000e+01
         vertex -3.000000e+00 -5.196152e+00 0.000000e+00
         vertex -2.052121e+00 -5.638156e+00 -1.400000e+01
      endloop
   endfacet
   facet normal 4.226183e-01 9.063078e-01 -0.000000e+00
      outer loop
         vertex -2.052121e+00 -5.638156e+00 -1.400000e+01
         vertex -3.000000e+00 -5.196152e+00 0.000000e+00
         vertex -2.052121e+00 -5.638156e+00 0.000000e+00
      endloop
   endfacet
   facet normal 2.588190e-01 9.659258e-01 -0.000000e+00
      outer loop
         vertex -2.052121e+00 -5.638156e+00 -1.400000e+01
         vertex -2.052121e+00 -5.638156e+00 0.000000e+00
         vertex -1.041889e+00 -5.908846e+00 -1.400000e+01
      endloop
   endfacet
   facet normal 2.588190e-01 9.659258e-01 -0.000000e+00
      outer loop
         vertex -1.041889e+00 -5.908846e+00 -1.400000e+01
         vertex -2.052121e+00 -5.638156e+00 0.000000e+00
         vertex -1.041889e+00 -5.908846e+00 0.000000e+00
      endloop
   endfacet
   facet normal 8.715591e-02 9.961947e-01 -0.000000e+00
      outer loop
         vertex -1.041889e+00 -5.908846e+00 -1.400000e+01
         vertex -1.041889e+00 -5.908846e+00 0.000000e+00
         vertex -1.102182e-15 -6.000000e+00 -1.400000e+01
      endloop
   endfacet
   facet normal 8.715591e-02 9.961947e-01 -0.000000e+00
      outer loop
         vertex -1.102182e-15 -6.000000e+00 -1.400000e+01
         vertex -1.041889e+00 -5.908846e+00 0.000000e+00
         vertex -1.102182e-15 -6.000000e+00 0.000000e+00
      endloop
   endfacet
   facet normal -8.715591e-02 9.961947e-01 0.000000e+00
      outer loop
         vertex -1.102182e-15 -6.000000e+00 -1.400000e+01
         vertex -1.102182e-15 -6.000000e+00 0.000000e+00
         vertex 1.041889e+00 -5.908846e+00 -1.400000e+01
      endloop
   endfacet
   facet normal -8.715591e-02 9.961947e-01 0.000000e+00
      outer loop
         vertex 1.041889e+00 -5.908846e+00 -1.400000e+01
         vertex -1.102182e-15 -6.000000e+00 0.000000e+00
         vertex 1.041889e+00 -5.908846e+00 0.000000e+00
      endloop
   endfacet
   facet normal -2.588190e-01 9.659258e-01 0.000000e+00
      outer loop
         vertex 1.041889e+00 -5.908846e+00 -1.400000e+01
         vertex 1.041889e+00 -5.908846e+00 0.000000e+00
         vertex 2.052121e+00 -5.638156e+00 -1.400000e+01
      endloop
   endfacet
   facet normal -2.588190e-01 9.659258e-01 0.000000e+00
      outer loop
         vertex 2.052121e+00 -5.638156e+00 -1.400000e+01
         vertex 1.041889e+00 -5.908846e+00 0.000000e+00
         vertex 2.052121e+00 -5.638156e+00 0.000000e+00
      endloop
   endfacet
   facet normal -4.226183e-01 9.063078e-01 0.000000e+00
      outer loop
         vertex 2.052121e+00 -5.638156e+00 -1.400000e+01
         vertex 2.052121e+00 -5.638156e+00 0.000000e+00
         vertex 3.000000e+00 -5.196152e+00 -1.400000e+01
      endloop
   endfacet
   facet normal -4.226183e-01 9.063078e-01 0.000000e+00
      outer loop
         vertex 3.000000e+00 -5.196152e+00 -1.400000e+01
         vertex 2.052121e+00 -5.638156e+00 0.000000e+00
         vertex 3.000000e+00 -5.196152e+00 0.000000e+00
      endloop
   endfacet
   facet normal -5.735764e-01 8.191520e-01 0.000000e+00
      outer loop
         vertex 3.000000e+00 -5.196152e+00 -1.400000e+01
         vertex 3.000000e+00 -5.196152e+00 0.000000e+00
         vertex 3.856726e+00 -4.596266e+00 -1.400000e+01
      endloop
   endfacet
   facet normal -5.735764e-01 8.191520e-01 0.000000e+00
      outer loop
         vertex 3.856726e+00 -4.596266e+00 -1.400000e+01
         vertex 3.000000e+00 -5.196152e+00 0.000000e+00
         vertex 3.856726e+00 -4.596266e+00 0.000000e+00
      endloop
   endfacet
   facet normal -7.071068e-01 7.071068e-01 0.000000e+00
      outer loop
         vertex 3.856726e+00 -4.596266e+00 -1.400000e+01
         vertex 3.856726e+00 -4.596266e+00 0.000000e+00
         vertex 4.596266e+00 -3.856726e+00 -1.400000e+01
      endloop
   endfacet
   facet normal -7.071068e-01 7.071068e-01 0.000000e+00
      outer loop
         vertex 4.596266e+00 -3.856726e+00 -1.400000e+01
         vertex 3.856726e+00 -4.596266e+00 0.000000e+00
         vertex 4.596266e+00 -3.856726e+00 0.000000e+00
      endloop
   endfacet
   facet normal -8.191520e-01 5.735764e-01 0.000000e+00
      outer loop
         vertex 4.596266e+00 -3.856726e+00 -1.400000e+01
         vertex 4.596266e+00 -3.856726e+00 0.000000e+00
         vertex 5.196152e+00 -3.000000e+00 -1.400000e+01
      endloop
   endfacet
   facet normal -8.191520e-01 5.735764e-01 0.000000e+00
      outer loop
         vertex 5.196152e+00 -3.000000e+00 -1.400000e+01
         vertex 4.596266e+00 -3.856726e+00 0.000000e+00
         vertex 5.196152e+00 -3.000000e+00 0.000000e+00
      endloop
   endfacet
   facet normal -9.063078e-01 4.226183e-01 0.000000e+00
      outer loop
         vertex 5.196152e+00 -3.000000e+00 -1.400000e+01
         vertex 5.196152e+00 -3.000000e+00 0.000000e+00
         vertex 5.638156e+00 -2.052121e+00 -1.400000e+01
      endloop
   endfacet
   facet normal -9.063078e-01 4.226183e-01 0.000000e+00
      outer loop
         vertex 5.638156e+00 -2.052121e+00 -1.400000e+01
         vertex 5.196152e+00 -3.000000e+00 0.000000e+00
         vertex 5.638156e+00 -2.052121e+00 0.000000e+00
      endloop
   endfacet
   facet normal -9.659258e-01 2.588190e-01 0.000000e+00
      outer loop
         vertex 5.638156e+00 -2.052121e+00 -1.400000e+01
         vertex 5.638156e+00 -2.052121e+00 0.000000e+00
         vertex 5.908846e+00 -1.041889e+00 -1.400000e+01
      endloop
   endfacet
   facet normal -9.659258e-01 2.588190e-01 0.000000e+00
      outer loop
         vertex 5.908846e+00 -1.041889e+00 -1.400000e+01
         vertex 5.638156e+00 -2.052121e+00 0.000000e+00
         vertex 5.908846e+00 -1.041889e+00 0.000000e+00
      endloop
   endfacet
   facet normal -9.961947e-01 8.715591e-02 0.000000e+00
      outer loop
         vertex 5.908846e+00 -1.041889e+00 -1.400000e+01
         vertex 5.908846e+00 -1.041889e+00 0.000000e+00
         vertex 6.000000e+00 -1.469576e-15 -1.400000e+01
      endloop
   endfacet
   facet normal -9.961947e-01 8.715591e-02 0.000000e+00
      outer loop
         vertex 6.000000e+00 -1.469576e-15 -1.400000e+01
         vertex 5.908846e+00 -1.041889e+00 0.000000e+00
         vertex 6.000000e+00 -1.469576e-15 0.000000e+00
      endloop
   endfacet
   facet normal 0.000000e+00 -0.000000e+00 1.000000e+00
      outer loop
         vertex 5.638156e+00 -2.052121e+00 -1.400000e+01
         vertex 5.908846e+00 -1.041889e+00 -1.400000e+01
         vertex 0.000000e+00 0.000000e+00 -1.400000e+01
      endloop
   endfacet
   facet normal 0.000000e+00 0.000000e+00 1.000000e+00
      outer loop
         vertex 0.000000e+00 0.000000e+00 -1.400000e+01
         vertex 5.908846e+00 -1.041889e+00 -1.400000e+01
         vertex 6.000000e+00 -1.469576e-15 -1.400000e+01
      endloop
   endfacet
   facet normal -0.000000e+00 0.000000e+00 1.000000e+00
      outer loop
         vertex 0.000000e+00 0.000000e+00 -1.400000e+01
         vertex 6.000000e+00 -1.469576e-15 -1.400000e+01
         vertex 5.908846e+00 1.041889e+00 -1.400000e+01
      endloop
   endfacet
   facet normal 0.000000e+00 -0.000000e+00 1.000000e+00
      outer loop
         vertex 3.856726e+00 -4.596266e+00 -1.400000e+01
         vertex 4.596266e+00 -3.856726e+00 -1.400000e+01
         vertex 0.000000e+00 0.000000e+00 -1.400000e+01
      endloop
   endfacet
   facet normal 0.000000e+00 0.000000e+00 1.000000e+00
      outer loop
         vertex 0.000000e+00 0.000000e+00 -1.400000e+01
         vertex 4.596266e+00 -3.856726e+00 -1.400000e+01
         vertex 5.196152e+00 -3.000000e+00 -1.400000e+01
      endloop
   endfacet
   facet normal 0.000000e+00 0.000000e+00 1.000000e+00
      outer loop
         vertex 0.000000e+00 0.000000e+00 -1.400000e+01
         vertex 5.196152e+00 -3.000000e+00 -1.400000e+01
         vertex 5.638156e+00 -2.052121e+00 -1.400000e+01
      endloop
   endfacet
   facet normal 0.000000e+00 -0.000000e+00 1.000000e+00
      outer loop
         vertex 1.041889e+00 -5.908846e+00 -1.400000e+01
         vertex 2.052121e+00 -5.638156e+00 -1.400000e+01
         vertex 0.000000e+00 0.000000e+00 -1.400000e+01
      endloop
   endfacet
   facet normal 0.000000e+00 0.000000e+00 1.000000e+00
      outer loop
         vertex 0.000000e+00 0.000000e+00 -1.400000e+01
         vertex 2.052121e+00 -5.638156e+00 -1.400000e+01
         vertex 3.000000e+00 -5.196152e+00 -1.400000e+01
      endloop
   endfacet
   facet normal 0.000000e+00 0.000000e+00 1.000000e+00
      outer loop
         vertex 0.000000e+00 0.000000e+00 -1.400000e+01
         vertex 3.000000e+00 -5.196152e+00 -1.400000e+01
         vertex 3.856726e+00 -4.596266e+00 -1.400000e+01
      endloop
   endfacet
   facet normal -0.000000e+00 0.000000e+00 1.000000e+00
      outer loop
         vertex -2.052121e+00 -5.638156e+00 -1.400000e+01
         vertex -1.041889e+00 -5.908846e+00 -1.400000e+01
         vertex 0.000000e+00 0.000000e+00 -1.400000e+01
      endloop
   endfacet
   facet normal 0.000000e+00 0.000000e+00 1.000000e+00
      outer loop
         vertex 0.000000e+00 0.000000e+00 -1.400000e+01
         vertex -1.041889e+00 -5.908846e+00 -1.400000e+01
         vertex -1.102182e-15 -6.000000e+00 -1.400000e+01
      endloop
   endfacet
   facet normal 0.000000e+00 0.000000e+00 1.000000e+00
      outer loop
         vertex 0.000000e+00 0.000000e+00 -1.400000e+01
         vertex -1.102182e-15 -6.000000e+00 -1.400000e+01
         vertex 1.041889e+00 -5.908846e+00 -1.400000e+01
      endloop
   endfacet
   facet normal -0.000000e+00 0.000000e+00 1.000000e+00
      outer loop
         vertex -4.596266e+00 -3.856726e+00 -1.400000e+01
         vertex -3.856726e+00 -4.596266e+00 -1.400000e+01
         vertex 0.000000e+00 0.000000e+00 -1.400000e+01
      endloop
   endfacet
   facet normal 0.000000e+00 0.000000e+00 1.000000e+00
      outer loop
         vertex 0.000000e+00 0.000000e+00 -1.400000e+01
         vertex -3.856726e+00 -4.596266e+00 -1.400000e+01
         vertex -3.000000e+00 -5.196152e+00 -1.400000e+01
      endloop
   endfacet
   facet normal 0.000000e+00 0.000000e+00 1.000000e+00
      outer loop
         vertex 0.000000e+00 0.000000e+00 -1.400000e+01
         vertex -3.000000e+00 -5.196152e+00 -1.400000e+01
         vertex -2.052121e+00 -5.638156e+00 -1.400000e+01
      endloop
   endfacet
   facet normal -0.000000e+00 0.000000e+00 1.000000e+00
      outer loop
         vertex -5.908846e+00 -1.041889e+00 -1.400000e+01
         vertex -5.638156e+00 -2.052121e+00 -1.400000e+01
         vertex 0.000000e+00 0.000000e+00 -1.400000e+01
      endloop
   endfacet
   facet normal 0.000000e+00 0.000000e+00 1.000000e+00
      outer loop
         vertex 0.000000e+00 0.000000e+00 -1.400000e+01
         vertex -5.638156e+00 -2.052121e+00 -1.400000e+01
         vertex -5.196152e+00 -3.000000e+00 -1.400000e+01
      endloop
   endfacet
   facet normal 0.000000e+00 0.000000e+00 1.000000e+00
      outer loop
         vertex 0.000000e+00 0.000000e+00 -1.400000e+01
         vertex -5.196152e+00 -3.000000e+00 -1.400000e+01
         vertex -4.596266e+00 -3.856726e+00 -1.400000e+01
      endloop
   endfacet
   facet normal 0.000000e+00 0.000000e+00 1.000000e+00
      outer loop
         vertex -5.638156e+00 2.052121e+00 -1.400000e+01
         vertex -5.908846e+00 1.041889e+00 -1.400000e+01
         vertex 0.000000e+00 0.000000e+00 -1.400000e+01
      endloop
   endfacet
   facet normal 0.000000e+00 0.000000e+00 1.000000e+00
      outer loop
         vertex 0.000000e+00 0.000000e+00 -1.400000e+01
         vertex -5.908846e+00 1.041889e+00 -1.400000e+01
         vertex -6.000000e+00 7.347881e-16 -1.400000e+01
      endloop
   endfacet
   facet normal 0.000000e+00 0.000000e+00 1.000000e+00
      outer loop
         vertex 0.000000e+00 0.000000e+00 -1.400000e+01
         vertex -6.000000e+00 7.347881e-16 -1.400000e+01
         vertex -5.908846e+00 -1.041889e+00 -1.400000e+01
      endloop
   endfacet
   facet normal 0.000000e+00 0.000000e+00 1.000000e+00
      outer loop
         vertex -3.856726e+00 4.596266e+00 -1.400000e+01
         vertex -4.596266e+00 3.856726e+00 -1.400000e+01
         vertex 0.000000e+00 0.000000e+00 -1.400000e+01
      endloop
   endfacet
   facet normal 0.000000e+00 0.000000e+00 1.000000e+00
      outer loop
         vertex 0.000000e+00 0.000000e+00 -1.400000e+01
         vertex -4.596266e+00 3.856726e+00 -1.400000e+01
         vertex -5.196152e+00 3.000000e+00 -1.400000e+01
      endloop
   endfacet
   facet normal 0.000000e+00 0.000000e+00 1.000000e+00
      outer loop
         vertex 0.000000e+00 0.000000e+00 -1.400000e+01
         vertex -5.196152e+00 3.000000e+00 -1.400000e+01
         vertex -5.638156e+00 2.052121e+00 -1.400000e+01
      endloop
   endfacet
   facet normal 0.000000e+00 0.000000e+00 1.000000e+00
      outer loop
         vertex -1.041889e+00 5.908846e+00 -1.400000e+01
         vertex -2.052121e+00 5.638156e+00 -1.400000e+01
         vertex 0.000000e+00 0.000000e+00 -1.400000e+01
      endloop
   endfacet
   facet normal 0.000000e+00 0.000000e+00 1.000000e+00
      outer loop
         vertex 0.000000e+00 0.000000e+00 -1.400000e+01
         vertex -2.052121e+00 5.638156e+00 -1.400000e+01
         vertex -3.000000e+00 5.196152e+00 -1.400000e+01
      endloop
   endfacet
   facet normal 0.000000e+00 0.000000e+00 1.000000e+00
      outer loop
         vertex 0.000000e+00 0.000000e+00 -1.400000e+01
         vertex -3.000000e+00 5.196152e+00 -1.400000e+01
         vertex -3.856726e+00 4.596266e+00 -1.400000e+01
      endloop
   endfacet
   facet normal 0.000000e+00 0.000000e+00 1.000000e+00
      outer loop
         vertex 2.052121e+00 5.638156e+00 -1.400000e+01
         vertex 1.041889e+00 5.908846e+00 -1.400000e+01
         vertex 0.000000e+00 0.000000e+00 -1.400000e+01
      endloop
   endfacet
   facet normal 0.000000e+00 0.000000e+00 1.000000e+00
      outer loop
         vertex 0.000000e+00 0.000000e+00 -1.400000e+01
         vertex 1.041889e+00 5.908846e+00 -1.400000e+01
         vertex 3.673940e-16 6.000000e+00 -1.400000e+01
      endloop
   endfacet
   facet normal 0.000000e+00 -0.000000e+00 1.000000e+00
      outer loop
         vertex 0.000000e+00 0.000000e+00 -1.400000e+01
         vertex 3.673940e-16 6.000000e+00 -1.400000e+01
         vertex -1.041889e+00 5.908846e+00 -1.400000e+01
      endloop
   endfacet
   facet normal 0.000000e+00 0.000000e+00 1.000000e+00
      outer loop
         vertex 4.596266e+00 3.856726e+00 -1.400000e+01
         vertex 3.856726e+00 4.596266e+00 -1.400000e+01
         vertex 0.000000e+00 0.000000e+00 -1.400000e+01
      endloop
   endfacet
   facet normal 0.000000e+00 0.000000e+00 1.000000e+00
      outer loop
         vertex 0.000000e+00 0.000000e+00 -1.400000e+01
         vertex 3.856726e+00 4.596266e+00 -1.400000e+01
         vertex 3.000000e+00 5.196152e+00 -1.400000e+01
      endloop
   endfacet
   facet normal 0.000000e+00 0.000000e+00 1.000000e+00
      outer loop
         vertex 0.000000e+00 0.000000e+00 -1.400000e+01
         vertex 3.000000e+00 5.196152e+00 -1.400000e+01
         vertex 2.052121e+00 5.638156e+00 -1.400000e+01
      endloop
   endfacet
   facet normal 0.000000e+00 0.000000e+00 1.000000e+00
      outer loop
         vertex 5.908846e+00 1.041889e+00 -1.400000e+01
         vertex 5.638156e+00 2.052121e+00 -1.400000e+01
         vertex 0.000000e+00 0.000000e+00 -1.400000e+01
      endloop
   endfacet
   facet normal 0.000000e+00 0.000000e+00 1.000000e+00
      outer loop
         vertex 0.000000e+00 0.000000e+00 -1.400000e+01
         vertex 5.638156e+00 2.052121e+00 -1.400000e+01
         vertex 5.196152e+00 3.000000e+00 -1.400000e+01
      endloop
   endfacet
   facet normal 0.000000e+00 0.000000e+00 1.000000e+00
      outer loop
         vertex 0.000000e+00 0.000000e+00 -1.400000e+01
         vertex 5.196152e+00 3.000000e+00 -1.400000e+01
         vertex 4.596266e+00 3.856726e+00 -1.400000e+01
      endloop
   endfacet
   facet normal -9.961947e-01 -8.715538e-02 0.000000e+00
      outer loop
         vertex 5.925000e+01 2.500000e+01 -1.400000e+01
         vertex 5.925000e+01 2.500000e+01 0.000000e+00
         vertex 5.918543e+01 2.573800e+01 -1.400000e+01
      endloop
   endfacet
   facet normal -9.961947e-01 -8.715538e-02 0.000000e+00
      outer loop
         vertex 5.918543e+01 2.573800e+01 -1.400000e+01
         vertex 5.925000e+01 2.500000e+01 0.000000e+00
         vertex 5.918543e+01 2.573800e+01 0.000000e+00
      endloop
   endfacet
   facet normal -9.659254e-01 -2.588205e-01 0.000000e+00
      outer loop
         vertex 5.918543e+01 2.573800e+01 -1.400000e+01
         vertex 5.918543e+01 2.573800e+01 0.000000e+00
         vertex 5.899369e+01 2.645359e+01 -1.400000e+01
      endloop
   endfacet
   facet normal -9.659254e-01 -2.588205e-01 0.000000e+00
      outer loop
         vertex 5.899369e+01 2.645359e+01 -1.400000e+01
         vertex 5.918543e+01 2.573800e+01 0.000000e+00
         vertex 5.899369e+01 2.645359e+01 0.000000e+00
      endloop
   endfacet
   facet normal -9.063080e-01 -4.226179e-01 0.000000e+00
      outer loop
         vertex 5.899369e+01 2.645359e+01 -1.400000e+01
         vertex 5.899369e+01 2.645359e+01 0.000000e+00
         vertex 5.868061e+01 2.712500e+01 -1.400000e+01
      endloop
   endfacet
   facet normal -9.063080e-01 -4.226179e-01 0.000000e+00
      outer loop
         vertex 5.868061e+01 2.712500e+01 -1.400000e+01
         vertex 5.899369e+01 2.645359e+01 0.000000e+00
         vertex 5.868061e+01 2.712500e+01 0.000000e+00
      endloop
   endfacet
   facet normal -8.191508e-01 -5.735783e-01 0.000000e+00
      outer loop
         vertex 5.868061e+01 2.712500e+01 -1.400000e+01
         vertex 5.868061e+01 2.712500e+01 0.000000e+00
         vertex 5.825569e+01 2.773185e+01 -1.400000e+01
      endloop
   endfacet
   facet normal -8.191508e-01 -5.735783e-01 0.000000e+00
      outer loop
         vertex 5.825569e+01 2.773185e+01 -1.400000e+01
         vertex 5.868061e+01 2.712500e+01 0.000000e+00
         vertex 5.825569e+01 2.773185e+01 0.000000e+00
      endloop
   endfacet
   facet normal -7.071080e-01 -7.071055e-01 0.000000e+00
      outer loop
         vertex 5.825569e+01 2.773185e+01 -1.400000e+01
         vertex 5.825569e+01 2.773185e+01 0.000000e+00
         vertex 5.773185e+01 2.825569e+01 -1.400000e+01
      endloop
   endfacet
   facet normal -7.071080e-01 -7.071055e-01 0.000000e+00
      outer loop
         vertex 5.773185e+01 2.825569e+01 -1.400000e+01
         vertex 5.825569e+01 2.773185e+01 0.000000e+00
         vertex 5.773185e+01 2.825569e+01 0.000000e+00
      endloop
   endfacet
   facet normal -5.735754e-01 -8.191528e-01 0.000000e+00
      outer loop
         vertex 5.773185e+01 2.825569e+01 -1.400000e+01
         vertex 5.773185e+01 2.825569e+01 0.000000e+00
         vertex 5.712500e+01 2.868061e+01 -1.400000e+01
      endloop
   endfacet
   facet normal -5.735754e-01 -8.191528e-01 0.000000e+00
      outer loop
         vertex 5.712500e+01 2.868061e+01 -1.400000e+01
         vertex 5.773185e+01 2.825569e+01 0.000000e+00
         vertex 5.712500e+01 2.868061e+01 0.000000e+00
      endloop
   endfacet
   facet normal -4.226199e-01 -9.063070e-01 0.000000e+00
      outer loop
         vertex 5.712500e+01 2.868061e+01 -1.400000e+01
         vertex 5.712500e+01 2.868061e+01 0.000000e+00
         vertex 5.645359e+01 2.899369e+01 -1.400000e+01
      endloop
   endfacet
   facet normal -4.226199e-01 -9.063070e-01 0.000000e+00
      outer loop
         vertex 5.645359e+01 2.899369e+01 -1.400000e+01
         vertex 5.712500e+01 2.868061e+01 0.000000e+00
         vertex 5.645359e+01 2.899369e+01 0.000000e+00
      endloop
   endfacet
   facet normal -2.588188e-01 -9.659259e-01 0.000000e+00
      outer loop
         vertex 5.645359e+01 2.899369e+01 -1.400000e+01
         vertex 5.645359e+01 2.899369e+01 0.000000e+00
         vertex 5.573801e+01 2.918543e+01 -1.400000e+01
      endloop
   endfacet
   facet normal -2.588188e-01 -9.659259e-01 0.000000e+00
      outer loop
         vertex 5.573801e+01 2.918543e+01 -1.400000e+01
         vertex 5.645359e+01 2.899369e+01 0.000000e+00
         vertex 5.573801e+01 2.918543e+01 0.000000e+00
      endloop
   endfacet
   facet normal -8.715516e-02 -9.961947e-01 0.000000e+00
      outer loop
         vertex 5.573801e+01 2.918543e+01 -1.400000e+01
         vertex 5.573801e+01 2.918543e+01 0.000000e+00
         vertex 5.500000e+01 2.925000e+01 -1.400000e+01
      endloop
   endfacet
   facet normal -8.715516e-02 -9.961947e-01 0.000000e+00
      outer loop
         vertex 5.500000e+01 2.925000e+01 -1.400000e+01
         vertex 5.573801e+01 2.918543e+01 0.000000e+00
         vertex 5.500000e+01 2.925000e+01 0.000000e+00
      endloop
   endfacet
   facet normal 8.715516e-02 -9.961947e-01 0.000000e+00
      outer loop
         vertex 5.500000e+01 2.925000e+01 -1.400000e+01
         vertex 5.500000e+01 2.925000e+01 0.000000e+00
         vertex 5.426199e+01 2.918543e+01 -1.400000e+01
      endloop
   endfacet
   facet normal 8.715516e-02 -9.961947e-01 0.000000e+00
      outer loop
         vertex 5.426199e+01 2.918543e+01 -1.400000e+01
         vertex 5.500000e+01 2.925000e+01 0.000000e+00
         vertex 5.426199e+01 2.918543e+01 0.000000e+00
      endloop
   endfacet
   facet normal 2.588188e-01 -9.659259e-01 0.000000e+00
      outer loop
         vertex 5.426199e+01 2.918543e+01 -1.400000e+01
         vertex 5.426199e+01 2.918543e+01 0.000000e+00
         vertex 5.354641e+01 2.899369e+01 -1.400000e+01
      endloop
   endfacet
   facet normal 2.588188e-01 -9.659259e-01 0.000000e+00
      outer loop
         vertex 5.354641e+01 2.899369e+01 -1.400000e+01
         vertex 5.426199e+01 2.918543e+01 0.000000e+00
         vertex 5.354641e+01 2.899369e+01 0.000000e+00
      endloop
   endfacet
   facet normal 4.226199e-01 -9.063070e-01 0.000000e+00
      outer loop
         vertex 5.354641e+01 2.899369e+01 -1.400000e+01
         vertex 5.354641e+01 2.899369e+01 0.000000e+00
         vertex 5.287500e+01 2.868061e+01 -1.400000e+01
      endloop
   endfacet
   facet normal 4.226199e-01 -9.063070e-01 0.000000e+00
      outer loop
         vertex 5.287500e+01 2.868061e+01 -1.400000e+01
         vertex 5.354641e+01 2.899369e+01 0.000000e+00
         vertex 5.287500e+01 2.868061e+01 0.000000e+00
      endloop
   endfacet
   facet normal 5.735754e-01 -8.191528e-01 0.000000e+00
      outer loop
         vertex 5.287500e+01 2.868061e+01 -1.400000e+01
         vertex 5.287500e+01 2.868061e+01 0.000000e+00
         vertex 5.226815e+01 2.825569e+01 -1.400000e+01
      endloop
   endfacet
   facet normal 5.735754e-01 -8.191528e-01 0.000000e+00
      outer loop
         vertex 5.226815e+01 2.825569e+01 -1.400000e+01
         vertex 5.287500e+01 2.868061e+01 0.000000e+00
         vertex 5.226815e+01 2.825569e+01 0.000000e+00
      endloop
   endfacet
   facet normal 7.071080e-01 -7.071055e-01 0.000000e+00
      outer loop
         vertex 5.226815e+01 2.825569e+01 -1.400000e+01
         vertex 5.226815e+01 2.825569e+01 0.000000e+00
         vertex 5.174431e+01 2.773185e+01 -1.400000e+01
      endloop
   endfacet
   facet normal 7.071080e-01 -7.071055e-01 0.000000e+00
      outer loop
         vertex 5.174431e+01 2.773185e+01 -1.400000e+01
         vertex 5.226815e+01 2.825569e+01 0.000000e+00
         vertex 5.174431e+01 2.773185e+01 0.000000e+00
      endloop
   endfacet
   facet normal 8.191508e-01 -5.735783e-01 0.000000e+00
      outer loop
         vertex 5.174431e+01 2.773185e+01 -1.400000e+01
         vertex 5.174431e+01 2.773185e+01 0.000000e+00
         vertex 5.131939e+01 2.712500e+01 -1.400000e+01
      endloop
   endfacet
   facet normal 8.191508e-01 -5.735783e-01 0.000000e+00
      outer loop
         vertex 5.131939e+01 2.712500e+01 -1.400000e+01
         vertex 5.174431e+01 2.773185e+01 0.000000e+00
         vertex 5.131939e+01 2.712500e+01 0.000000e+00
      endloop
   endfacet
   facet normal 9.063080e-01 -4.226179e-01 0.000000e+00
      outer loop
         vertex 5.131939e+01 2.712500e+01 -1.400000e+01
         vertex 5.131939e+01 2.712500e+01 0.000000e+00
         vertex 5.100631e+01 2.645359e+01 -1.400000e+01
      endloop
   endfacet
   facet normal 9.063080e-01 -4.226179e-01 0.000000e+00
      outer loop
         vertex 5.100631e+01 2.645359e+01 -1.400000e+01
         vertex 5.131939e+01 2.712500e+01 0.000000e+00
         vertex 5.100631e+01 2.645359e+01 0.000000e+00
      endloop
   endfacet
   facet normal 9.659254e-01 -2.588205e-01 0.000000e+00
      outer loop
         vertex 5.100631e+01 2.645359e+01 -1.400000e+01
         vertex 5.100631e+01 2.645359e+01 0.000000e+00
         vertex 5.081457e+01 2.573800e+01 -1.400000e+01
      endloop
   endfacet
   facet normal 9.659254e-01 -2.588205e-01 0.000000e+00
      outer loop
         vertex 5.081457e+01 2.573800e+01 -1.400000e+01
         vertex 5.100631e+01 2.645359e+01 0.000000e+00
         vertex 5.081457e+01 2.573800e+01 0.000000e+00
      endloop
   endfacet
   facet normal 9.961947e-01 -8.715538e-02 0.000000e+00
      outer loop
         vertex 5.081457e+01 2.573800e+01 -1.400000e+01
         vertex 5.081457e+01 2.573800e+01 0.000000e+00
         vertex 5.075000e+01 2.500000e+01 -1.400000e+01
      endloop
   endfacet
   facet normal 9.961947e-01 -8.715538e-02 0.000000e+00
      outer loop
         vertex 5.075000e+01 2.500000e+01 -1.400000e+01
         vertex 5.081457e+01 2.573800e+01 0.000000e+00
         vertex 5.075000e+01 2.500000e+01 0.000000e+00
      endloop
   endfacet
   facet normal 9.961947e-01 8.715538e-02 -0.000000e+00
      outer loop
         vertex 5.075000e+01 2.500000e+01 -1.400000e+01
         vertex 5.075000e+01 2.500000e+01 0.000000e+00
         vertex 5.081457e+01 2.426200e+01 -1.400000e+01
      endloop
   endfacet
   facet normal 9.961947e-01 8.715538e-02 -0.000000e+00
      outer loop
         vertex 5.081457e+01 2.426200e+01 -1.400000e+01
         vertex 5.075000e+01 2.500000e+01 0.000000e+00
         vertex 5.081457e+01 2.426200e+01 0.000000e+00
      endloop
   endfacet
   facet normal 9.659254e-01 2.588205e-01 -0.000000e+00
      outer loop
         vertex 5.081457e+01 2.426200e+01 -1.400000e+01
         vertex 5.081457e+01 2.426200e+01 0.000000e+00
         vertex 5.100631e+01 2.354641e+01 -1.400000e+01
      endloop
   endfacet
   facet normal 9.659254e-01 2.588205e-01 -0.000000e+00
      outer loop
         vertex 5.100631e+01 2.354641e+01 -1.400000e+01
         vertex 5.081457e+01 2.426200e+01 0.000000e+00
         vertex 5.100631e+01 2.354641e+01 0.000000e+00
      endloop
   endfacet
   facet normal 9.063084e-01 4.226169e-01 -0.000000e+00
      outer loop
         vertex 5.100631e+01 2.354641e+01 -1.400000e+01
         vertex 5.100631e+01 2.354641e+01 0.000000e+00
         vertex 5.131939e+01 2.287500e+01 -1.400000e+01
      endloop
   endfacet
   facet normal 9.063084e-01 4.226169e-01 -0.000000e+00
      outer loop
         vertex 5.131939e+01 2.287500e+01 -1.400000e+01
         vertex 5.100631e+01 2.354641e+01 0.000000e+00
         vertex 5.131939e+01 2.287500e+01 0.000000e+00
      endloop
   endfacet
   facet normal 8.191508e-01 5.735783e-01 -0.000000e+00
      outer loop
         vertex 5.131939e+01 2.287500e+01 -1.400000e+01
         vertex 5.131939e+01 2.287500e+01 0.000000e+00
         vertex 5.174431e+01 2.226815e+01 -1.400000e+01
      endloop
   endfacet
   facet normal 8.191508e-01 5.735783e-01 -0.000000e+00
      outer loop
         vertex 5.174431e+01 2.226815e+01 -1.400000e+01
         vertex 5.131939e+01 2.287500e+01 0.000000e+00
         vertex 5.174431e+01 2.226815e+01 0.000000e+00
      endloop
   endfacet
   facet normal 7.071080e-01 7.071055e-01 -0.000000e+00
      outer loop
         vertex 5.174431e+01 2.226815e+01 -1.400000e+01
         vertex 5.174431e+01 2.226815e+01 0.000000e+00
         vertex 5.226815e+01 2.174431e+01 -1.400000e+01
      endloop
   endfacet
   facet normal 7.071080e-01 7.071055e-01 -0.000000e+00
      outer loop
         vertex 5.226815e+01 2.174431e+01 -1.400000e+01
         vertex 5.174431e+01 2.226815e+01 0.000000e+00
         vertex 5.226815e+01 2.174431e+01 0.000000e+00
      endloop
   endfacet
   facet normal 5.735754e-01 8.191528e-01 -0.000000e+00
      outer loop
         vertex 5.226815e+01 2.174431e+01 -1.400000e+01
         vertex 5.226815e+01 2.174431e+01 0.000000e+00
         vertex 5.287500e+01 2.131939e+01 -1.400000e+01
      endloop
   endfacet
   facet normal 5.735754e-01 8.191528e-01 -0.000000e+00
      outer loop
         vertex 5.287500e+01 2.131939e+01 -1.400000e+01
         vertex 5.226815e+01 2.174431e+01 0.000000e+00
         vertex 5.287500e+01 2.131939e+01 0.000000e+00
      endloop
   endfacet
   facet normal 4.226179e-01 9.063080e-01 -0.000000e+00
      outer loop
         vertex 5.287500e+01 2.131939e+01 -1.400000e+01
         vertex 5.287500e+01 2.131939e+01 0.000000e+00
         vertex 5.354641e+01 2.100631e+01 -1.400000e+01
      endloop
   endfacet
   facet normal 4.226179e-01 9.063080e-01 -0.000000e+00
      outer loop
         vertex 5.354641e+01 2.100631e+01 -1.400000e+01
         vertex 5.287500e+01 2.131939e+01 0.000000e+00
         vertex 5.354641e+01 2.100631e+01 0.000000e+00
      endloop
   endfacet
   facet normal 2.588188e-01 9.659259e-01 -0.000000e+00
      outer loop
         vertex 5.354641e+01 2.100631e+01 -1.400000e+01
         vertex 5.354641e+01 2.100631e+01 0.000000e+00
         vertex 5.426199e+01 2.081457e+01 -1.400000e+01
      endloop
   endfacet
   facet normal 2.588188e-01 9.659259e-01 -0.000000e+00
      outer loop
         vertex 5.426199e+01 2.081457e+01 -1.400000e+01
         vertex 5.354641e+01 2.100631e+01 0.000000e+00
         vertex 5.426199e+01 2.081457e+01 0.000000e+00
      endloop
   endfacet
   facet normal 8.715766e-02 9.961945e-01 -0.000000e+00
      outer loop
         vertex 5.426199e+01 2.081457e+01 -1.400000e+01
         vertex 5.426199e+01 2.081457e+01 0.000000e+00
         vertex 5.500000e+01 2.075000e+01 -1.400000e+01
      endloop
   endfacet
   facet normal 8.715766e-02 9.961945e-01 -0.000000e+00
      outer loop
         vertex 5.500000e+01 2.075000e+01 -1.400000e+01
         vertex 5.426199e+01 2.081457e+01 0.000000e+00
         vertex 5.500000e+01 2.075000e+01 0.000000e+00
      endloop
   endfacet
   facet normal -8.715766e-02 9.961945e-01 0.000000e+00
      outer loop
         vertex 5.500000e+01 2.075000e+01 -1.400000e+01
         vertex 5.500000e+01 2.075000e+01 0.000000e+00
         vertex 5.573801e+01 2.081457e+01 -1.400000e+01
      endloop
   endfacet
   facet normal -8.715766e-02 9.961945e-01 0.000000e+00
      outer loop
         vertex 5.573801e+01 2.081457e+01 -1.400000e+01
         vertex 5.500000e+01 2.075000e+01 0.000000e+00
         vertex 5.573801e+01 2.081457e+01 0.000000e+00
      endloop
   endfacet
   facet normal -2.588188e-01 9.659259e-01 0.000000e+00
      outer loop
         vertex 5.573801e+01 2.081457e+01 -1.400000e+01
         vertex 5.573801e+01 2.081457e+01 0.000000e+00
         vertex 5.645359e+01 2.100631e+01 -1.400000e+01
      endloop
   endfacet
   facet normal -2.588188e-01 9.659259e-01 0.000000e+00
      outer loop
         vertex 5.645359e+01 2.100631e+01 -1.400000e+01
         vertex 5.573801e+01 2.081457e+01 0.000000e+00
         vertex 5.645359e+01 2.100631e+01 0.000000e+00
      endloop
   endfacet
   facet normal -4.226179e-01 9.063080e-01 0.000000e+00
      outer loop
         vertex 5.645359e+01 2.100631e+01 -1.400000e+01
         vertex 5.645359e+01 2.100631e+01 0.000000e+00
         vertex 5.712500e+01 2.131939e+01 -1.400000e+01
      endloop
   endfacet
   facet normal -4.226179e-01 9.063080e-01 0.000000e+00
      outer loop
         vertex 5.712500e+01 2.131939e+01 -1.400000e+01
         vertex 5.645359e+01 2.100631e+01 0.000000e+00
         vertex 5.712500e+01 2.131939e+01 0.000000e+00
      endloop
   endfacet
   facet normal -5.735754e-01 8.191528e-01 0.000000e+00
      outer loop
         vertex 5.712500e+01 2.131939e+01 -1.400000e+01
         vertex 5.712500e+01 2.131939e+01 0.000000e+00
         vertex 5.773185e+01 2.174431e+01 -1.400000e+01
      endloop
   endfacet
   facet normal -5.735754e-01 8.191528e-01 0.000000e+00
      outer loop
         vertex 5.773185e+01 2.174431e+01 -1.400000e+01
         vertex 5.712500e+01 2.131939e+01 0.000000e+00
         vertex 5.773185e+01 2.174431e+01 0.000000e+00
      endloop
   endfacet
   facet normal -7.071080e-01 7.071055e-01 0.000000e+00
      outer loop
         vertex 5.773185e+01 2.174431e+01 -1.400000e+01
         vertex 5.773185e+01 2.174431e+01 0.000000e+00
         vertex 5.825569e+01 2.226815e+01 -1.400000e+01
      endloop
   endfacet
   facet normal -7.071080e-01 7.071055e-01 0.000000e+00
      outer loop
         vertex 5.825569e+01 2.226815e+01 -1.400000e+01
         vertex 5.773185e+01 2.174431e+01 0.000000e+00
         vertex 5.825569e+01 2.226815e+01 0.000000e+00
      endloop
   endfacet
   facet normal -8.191508e-01 5.735783e-01 0.000000e+00
      outer loop
         vertex 5.825569e+01 2.226815e+01 -1.400000e+01
         vertex 5.825569e+01 2.226815e+01 0.000000e+00
         vertex 5.868061e+01 2.287500e+01 -1.400000e+01
      endloop
   endfacet
   facet normal -8.191508e-01 5.735783e-01 0.000000e+00
      outer loop
         vertex 5.868061e+01 2.287500e+01 -1.400000e+01
         vertex 5.825569e+01 2.226815e+01 0.000000e+00
         vertex 5.868061e+01 2.287500e+01 0.000000e+00
      endloop
   endfacet
   facet normal -9.063084e-01 4.226169e-01 0.000000e+00
      outer loop
         vertex 5.868061e+01 2.287500e+01 -1.400000e+01
         vertex 5.868061e+01 2.287500e+01 0.000000e+00
         vertex 5.899369e+01 2.354641e+01 -1.400000e+01
      endloop
   endfacet
   facet normal -9.063084e-01 4.226169e-01 0.000000e+00
      outer loop
         vertex 5.899369e+01 2.354641e+01 -1.400000e+01
         vertex 5.868061e+01 2.287500e+01 0.000000e+00
         vertex 5.899369e+01 2.354641e+01 0.000000e+00
      endloop
   endfacet
   facet normal -9.659254e-01 2.588205e-01 0.000000e+00
      outer loop
         vertex 5.899369e+01 2.354641e+01 -1.400000e+01
         vertex 5.899369e+01 2.354641e+01 0.000000e+00
         vertex 5.918543e+01 2.426200e+01 -1.400000e+01
      endloop
   endfacet
   facet normal -9.659254e-01 2.588205e-01 0.000000e+00
      outer loop
         vertex 5.918543e+01 2.426200e+01 -1.400000e+01
         vertex 5.899369e+01 2.354641e+01 0.000000e+00
         vertex 5.918543e+01 2.426200e+01 0.000000e+00
      endloop
   endfacet
   facet normal -9.961947e-01 8.715538e-02 0.000000e+00
      outer loop
         vertex 5.918543e+01 2.426200e+01 -1.400000e+01
         vertex 5.918543e+01 2.426200e+01 0.000000e+00
         vertex 5.925000e+01 2.500000e+01 -1.400000e+01
      endloop
   endfacet
   facet normal -9.961947e-01 8.715538e-02 0.000000e+00
      outer loop
         vertex 5.925000e+01 2.500000e+01 -1.400000e+01
         vertex 5.918543e+01 2.426200e+01 0.000000e+00
         vertex 5.925000e+01 2.500000e+01 0.000000e+00
      endloop
   endfacet
   facet normal 0.000000e+00 -0.000000e+00 1.000000e+00
      outer loop
         vertex 5.899369e+01 2.354641e+01 -1.400000e+01
         vertex 5.918543e+01 2.426200e+01 -1.400000e+01
         vertex 5.500000e+01 2.500000e+01 -1.400000e+01
      endloop
   endfacet
   facet normal -0.000000e+00 0.000000e+00 1.000000e+00
      outer loop
         vertex 5.500000e+01 2.500000e+01 -1.400000e+01
         vertex 5.918543e+01 2.426200e+01 -1.400000e+01
         vertex 5.925000e+01 2.500000e+01 -1.400000e+01
      endloop
   endfacet
   facet normal 0.000000e+00 0.000000e+00 1.000000e+00
      outer loop
         vertex 5.500000e+01 2.500000e+01 -1.400000e+01
         vertex 5.925000e+01 2.500000e+01 -1.400000e+01
         vertex 5.918543e+01 2.573800e+01 -1.400000e+01
      endloop
   endfacet
   facet normal 0.000000e+00 -0.000000e+00 1.000000e+00
      outer loop
         vertex 5.773185e+01 2.174431e+01 -1.400000e+01
         vertex 5.825569e+01 2.226815e+01 -1.400000e+01
         vertex 5.500000e+01 2.500000e+01 -1.400000e+01
      endloop
   endfacet
   facet normal 0.000000e+00 0.000000e+00 1.000000e+00
      outer loop
         vertex 5.500000e+01 2.500000e+01 -1.400000e+01
         vertex 5.825569e+01 2.226815e+01 -1.400000e+01
         vertex 5.868061e+01 2.287500e+01 -1.400000e+01
      endloop
   endfacet
   facet normal 0.000000e+00 0.000000e+00 1.000000e+00
      outer loop
         vertex 5.500000e+01 2.500000e+01 -1.400000e+01
         vertex 5.868061e+01 2.287500e+01 -1.400000e+01
         vertex 5.899369e+01 2.354641e+01 -1.400000e+01
      endloop
   endfacet
   facet normal 0.000000e+00 -0.000000e+00 1.000000e+00
      outer loop
         vertex 5.573801e+01 2.081457e+01 -1.400000e+01
         vertex 5.645359e+01 2.100631e+01 -1.400000e+01
         vertex 5.500000e+01 2.500000e+01 -1.400000e+01
      endloop
   endfacet
   facet normal 0.000000e+00 0.000000e+00 1.000000e+00
      outer loop
         vertex 5.500000e+01 2.500000e+01 -1.400000e+01
         vertex 5.645359e+01 2.100631e+01 -1.400000e+01
         vertex 5.712500e+01 2.131939e+01 -1.400000e+01
      endloop
   endfacet
   facet normal 0.000000e+00 0.000000e+00 1.000000e+00
      outer loop
         vertex 5.500000e+01 2.500000e+01 -1.400000e+01
         vertex 5.712500e+01 2.131939e+01 -1.400000e+01
         vertex 5.773185e+01 2.174431e+01 -1.400000e+01
      endloop
   endfacet
   facet normal -0.000000e+00 0.000000e+00 1.000000e+00
      outer loop
         vertex 5.354641e+01 2.100631e+01 -1.400000e+01
         vertex 5.426199e+01 2.081457e+01 -1.400000e+01
         vertex 5.500000e+01 2.500000e+01 -1.400000e+01
      endloop
   endfacet
   facet normal 0.000000e+00 0.000000e+00 1.000000e+00
      outer loop
         vertex 5.500000e+01 2.500000e+01 -1.400000e+01
         vertex 5.426199e+01 2.081457e+01 -1.400000e+01
         vertex 5.500000e+01 2.075000e+01 -1.400000e+01
      endloop
   endfacet
   facet normal 0.000000e+00 0.000000e+00 1.000000e+00
      outer loop
         vertex 5.500000e+01 2.500000e+01 -1.400000e+01
         vertex 5.500000e+01 2.075000e+01 -1.400000e+01
         vertex 5.573801e+01 2.081457e+01 -1.400000e+01
      endloop
   endfacet
   facet normal -0.000000e+00 0.000000e+00 1.000000e+00
      outer loop
         vertex 5.174431e+01 2.226815e+01 -1.400000e+01
         vertex 5.226815e+01 2.174431e+01 -1.400000e+01
         vertex 5.500000e+01 2.500000e+01 -1.400000e+01
      endloop
   endfacet
   facet normal 0.000000e+00 0.000000e+00 1.000000e+00
      outer loop
         vertex 5.500000e+01 2.500000e+01 -1.400000e+01
         vertex 5.226815e+01 2.174431e+01 -1.400000e+01
         vertex 5.287500e+01 2.131939e+01 -1.400000e+01
      endloop
   endfacet
   facet normal 0.000000e+00 0.000000e+00 1.000000e+00
      outer loop
         vertex 5.500000e+01 2.500000e+01 -1.400000e+01
         vertex 5.287500e+01 2.131939e+01 -1.400000e+01
         vertex 5.354641e+01 2.100631e+01 -1.400000e+01
      endloop
   endfacet
   facet normal -0.000000e+00 0.000000e+00 1.000000e+00
      outer loop
         vertex 5.081457e+01 2.426200e+01 -1.400000e+01
         vertex 5.100631e+01 2.354641e+01 -1.400000e+01
         vertex 5.500000e+01 2.500000e+01 -1.400000e+01
      endloop
   endfacet
   facet normal 0.000000e+00 0.000000e+00 1.000000e+00
      outer loop
         vertex 5.500000e+01 2.500000e+01 -1.400000e+01
         vertex 5.100631e+01 2.354641e+01 -1.400000e+01
         vertex 5.131939e+01 2.287500e+01 -1.400000e+01
      endloop
   endfacet
   facet normal 0.000000e+00 0.000000e+00 1.000000e+00
      outer loop
         vertex 5.500000e+01 2.500000e+01 -1.400000e+01
         vertex 5.131939e+01 2.287500e+01 -1.400000e+01
         vertex 5.174431e+01 2.226815e+01 -1.400000e+01
      endloop
   endfacet
   facet normal 0.000000e+00 0.000000e+00 1.000000e+00
      outer loop
         vertex 5.100631e+01 2.645359e+01 -1.400000e+01
         vertex 5.081457e+01 2.573800e+01 -1.400000e+01
         vertex 5.500000e+01 2.500000e+01 -1.400000e+01
      endloop
   endfacet
   facet normal 0.000000e+00 0.000000e+00 1.000000e+00
      outer loop
         vertex 5.500000e+01 2.500000e+01 -1.400000e+01
         vertex 5.081457e+01 2.573800e+01 -1.400000e+01
         vertex 5.075000e+01 2.500000e+01 -1.400000e+01
      endloop
   endfacet
   facet normal 0.000000e+00 0.000000e+00 1.000000e+00
      outer loop
         vertex 5.500000e+01 2.500000e+01 -1.400000e+01
         vertex 5.075000e+01 2.500000e+01 -1.400000e+01
         vertex 5.081457e+01 2.426200e+01 -1.400000e+01
      endloop
   endfacet
   facet normal 0.000000e+00 0.000000e+00 1.000000e+00
      outer loop
         vertex 5.226815e+01 2.825569e+01 -1.400000e+01
         vertex 5.174431e+01 2.773185e+01 -1.400000e+01
         vertex 5.500000e+01 2.500000e+01 -1.400000e+01
      endloop
   endfacet
   facet normal 0.000000e+00 0.000000e+00 1.000000e+00
      outer loop
         vertex 5.500000e+01 2.500000e+01 -1.400000e+01
         vertex 5.174431e+01 2.773185e+01 -1.400000e+01
         vertex 5.131939e+01 2.712500e+01 -1.400000e+01
      endloop
   endfacet
   facet normal 0.000000e+00 0.000000e+00 1.000000e+00
      outer loop
         vertex 5.500000e+01 2.500000e+01 -1.400000e+01
         vertex 5.131939e+01 2.712500e+01 -1.400000e+01
         vertex 5.100631e+01 2.645359e+01 -1.400000e+01
      endloop
   endfacet
   facet normal 0.000000e+00 0.000000e+00 1.000000e+00
      outer loop
         vertex 5.426199e+01 2.918543e+01 -1.400000e+01
         vertex 5.354641e+01 2.899369e+01 -1.400000e+01
         vertex 5.500000e+01 2.500000e+01 -1.400000e+01
      endloop
   endfacet
   facet normal 0.000000e+00 0.000000e+00 1.000000e+00
      outer loop
         vertex 5.500000e+01 2.500000e+01 -1.400000e+01
         vertex 5.354641e+01 2.899369e+01 -1.400000e+01
         vertex 5.287500e+01 2.868061e+01 -1.400000e+01
      endloop
   endfacet
   facet normal 0.000000e+00 0.000000e+00 1.000000e+00
      outer loop
         vertex 5.500000e+01 2.500000e+01 -1.400000e+01
         vertex 5.287500e+01 2.868061e+01 -1.400000e+01
         vertex 5.226815e+01 2.825569e+01 -1.400000e+01
      endloop
   endfacet
   facet normal 0.000000e+00 0.000000e+00 1.000000e+00
      outer loop
         vertex 5.645359e+01 2.899369e+01 -1.400000e+01
         vertex 5.573801e+01 2.918543e+01 -1.400000e+01
         vertex 5.500000e+01 2.500000e+01 -1.400000e+01
      endloop
   endfacet
   facet normal 0.000000e+00 0.000000e+00 1.000000e+00
      outer loop
         vertex 5.500000e+01 2.500000e+01 -1.400000e+01
         vertex 5.573801e+01 2.918543e+01 -1.400000e+01
         vertex 5.500000e+01 2.925000e+01 -1.400000e+01
      endloop
   endfacet
   facet normal 0.000000e+00 -0.000000e+00 1.000000e+00
      outer loop
         vertex 5.500000e+01 2.500000e+01 -1.400000e+01
         vertex 5.500000e+01 2.925000e+01 -1.400000e+01
         vertex 5.426199e+01 2.918543e+01 -1.400000e+01
      endloop
   endfacet
   facet normal 0.000000e+00 0.000000e+00 1.000000e+00
      outer loop
         vertex 5.825569e+01 2.773185e+01 -1.400000e+01
         vertex 5.773185e+01 2.825569e+01 -1.400000e+01
         vertex 5.500000e+01 2.500000e+01 -1.400000e+01
      endloop
   endfacet
   facet normal 0.000000e+00 0.000000e+00 1.000000e+00
      outer loop
         vertex 5.500000e+01 2.500000e+01 -1.400000e+01
         vertex 5.773185e+01 2.825569e+01 -1.400000e+01
         vertex 5.712500e+01 2.868061e+01 -1.400000e+01
      endloop
   endfacet
   facet normal 0.000000e+00 0.000000e+00 1.000000e+00
      outer loop
         vertex 5.500000e+01 2.500000e+01 -1.400000e+01
         vertex 5.712500e+01 2.868061e+01 -1.400000e+01
         vertex 5.645359e+01 2.899369e+01 -1.400000e+01
      endloop
   endfacet
   facet normal 0.000000e+00 0.000000e+00 1.000000e+00
      outer loop
         vertex 5.918543e+01 2.573800e+01 -1.400000e+01
         vertex 5.899369e+01 2.645359e+01 -1.400000e+01
         vertex 5.500000e+01 2.500000e+01 -1.400000e+01
      endloop
   endfacet
   facet normal 0.000000e+00 0.000000e+00 1.000000e+00
      outer loop
         vertex 5.500000e+01 2.500000e+01 -1.400000e+01
         vertex 5.899369e+01 2.645359e+01 -1.400000e+01
         vertex 5.868061e+01 2.712500e+01 -1.400000e+01
      endloop
   endfacet
   facet normal 0.000000e+00 0.000000e+00 1.000000e+00
      outer loop
         vertex 5.500000e+01 2.500000e+01 -1.400000e+01
         vertex 5.868061e+01 2.712500e+01 -1.400000e+01
         vertex 5.825569e+01 2.773185e+01 -1.400000e+01
      endloop
   endfacet
   facet normal -9.961947e-01 -8.715532e-02 0.000000e+00
      outer loop
         vertex 2.275000e+01 -1.735880e-16 -1.400000e+01
         vertex 2.275000e+01 -1.735880e-16 0.000000e+00
         vertex 2.268543e+01 7.380047e-01 -1.400000e+01
      endloop
   endfacet
   facet normal -9.961947e-01 -8.715532e-02 0.000000e+00
      outer loop
         vertex 2.268543e+01 7.380047e-01 -1.400000e+01
         vertex 2.275000e+01 -1.735880e-16 0.000000e+00
         vertex 2.268543e+01 7.380047e-01 0.000000e+00
      endloop
   endfacet
   facet normal -9.659260e-01 -2.588184e-01 0.000000e+00
      outer loop
         vertex 2.268543e+01 7.380047e-01 -1.400000e+01
         vertex 2.268543e+01 7.380047e-01 0.000000e+00
         vertex 2.249369e+01 1.453586e+00 -1.400000e+01
      endloop
   endfacet
   facet normal -9.659260e-01 -2.588184e-01 0.000000e+00
      outer loop
         vertex 2.249369e+01 1.453586e+00 -1.400000e+01
         vertex 2.268543e+01 7.380047e-01 0.000000e+00
         vertex 2.249369e+01 1.453586e+00 0.000000e+00
      endloop
   endfacet
   facet normal -9.063074e-01 -4.226190e-01 0.000000e+00
      outer loop
         vertex 2.249369e+01 1.453586e+00 -1.400000e+01
         vertex 2.249369e+01 1.453586e+00 0.000000e+00
         vertex 2.218061e+01 2.125000e+00 -1.400000e+01
      endloop
   endfacet
   facet normal -9.063074e-01 -4.226190e-01 0.000000e+00
      outer loop
         vertex 2.218061e+01 2.125000e+00 -1.400000e+01
         vertex 2.249369e+01 1.453586e+00 0.000000e+00
         vertex 2.218061e+01 2.125000e+00 0.000000e+00
      endloop
   endfacet
   facet normal -8.191528e-01 -5.735753e-01 0.000000e+00
      outer loop
         vertex 2.218061e+01 2.125000e+00 -1.400000e+01
         vertex 2.218061e+01 2.125000e+00 0.000000e+00
         vertex 2.175569e+01 2.731847e+00 -1.400000e+01
      endloop
   endfacet
   facet normal -8.191528e-01 -5.735753e-01 0.000000e+00
      outer loop
         vertex 2.175569e+01 2.731847e+00 -1.400000e+01
         vertex 2.218061e+01 2.125000e+00 0.000000e+00
         vertex 2.175569e+01 2.731847e+00 0.000000e+00
      endloop
   endfacet
   facet normal -7.071058e-01 -7.071077e-01 0.000000e+00
      outer loop
         vertex 2.175569e+01 2.731847e+00 -1.400000e+01
         vertex 2.175569e+01 2.731847e+00 0.000000e+00
         vertex 2.123185e+01 3.255689e+00 -1.400000e+01
      endloop
   endfacet
   facet normal -7.071058e-01 -7.071077e-01 0.000000e+00
      outer loop
         vertex 2.123185e+01 3.255689e+00 -1.400000e+01
         vertex 2.175569e+01 2.731847e+00 0.000000e+00
         vertex 2.123185e+01 3.255689e+00 0.000000e+00
      endloop
   endfacet
   facet normal -5.735773e-01 -8.191514e-01 0.000000e+00
      outer loop
         vertex 2.123185e+01 3.255689e+00 -1.400000e+01
         vertex 2.123185e+01 3.255689e+00 0.000000e+00
         vertex 2.062500e+01 3.680608e+00 -1.400000e+01
      endloop
   endfacet
   facet normal -5.735773e-01 -8.191514e-01 0.000000e+00
      outer loop
         vertex 2.062500e+01 3.680608e+00 -1.400000e+01
         vertex 2.123185e+01 3.255689e+00 0.000000e+00
         vertex 2.062500e+01 3.680608e+00 0.000000e+00
      endloop
   endfacet
   facet normal -4.226182e-01 -9.063078e-01 0.000000e+00
      outer loop
         vertex 2.062500e+01 3.680608e+00 -1.400000e+01
         vertex 2.062500e+01 3.680608e+00 0.000000e+00
         vertex 1.995359e+01 3.993694e+00 -1.400000e+01
      endloop
   endfacet
   facet normal -4.226182e-01 -9.063078e-01 0.000000e+00
      outer loop
         vertex 1.995359e+01 3.993694e+00 -1.400000e+01
         vertex 2.062500e+01 3.680608e+00 0.000000e+00
         vertex 1.995359e+01 3.993694e+00 0.000000e+00
      endloop
   endfacet
   facet normal -2.588187e-01 -9.659259e-01 0.000000e+00
      outer loop
         vertex 1.995359e+01 3.993694e+00 -1.400000e+01
         vertex 1.995359e+01 3.993694e+00 0.000000e+00
         vertex 1.923800e+01 4.185433e+00 -1.400000e+01
      endloop
   endfacet
   facet normal -2.588187e-01 -9.659259e-01 0.000000e+00
      outer loop
         vertex 1.923800e+01 4.185433e+00 -1.400000e+01
         vertex 1.995359e+01 3.993694e+00 0.000000e+00
         vertex 1.923800e+01 4.185433e+00 0.000000e+00
      endloop
   endfacet
   facet normal -8.715600e-02 -9.961947e-01 0.000000e+00
      outer loop
         vertex 1.923800e+01 4.185433e+00 -1.400000e+01
         vertex 1.923800e+01 4.185433e+00 0.000000e+00
         vertex 1.850000e+01 4.250000e+00 -1.400000e+01
      endloop
   endfacet
   facet normal -8.715600e-02 -9.961947e-01 0.000000e+00
      outer loop
         vertex 1.850000e+01 4.250000e+00 -1.400000e+01
         vertex 1.923800e+01 4.185433e+00 0.000000e+00
         vertex 1.850000e+01 4.250000e+00 0.000000e+00
      endloop
   endfacet
   facet normal 8.715600e-02 -9.961947e-01 0.000000e+00
      outer loop
         vertex 1.850000e+01 4.250000e+00 -1.400000e+01
         vertex 1.850000e+01 4.250000e+00 0.000000e+00
         vertex 1.776200e+01 4.185433e+00 -1.400000e+01
      endloop
   endfacet
   facet normal 8.715600e-02 -9.961947e-01 0.000000e+00
      outer loop
         vertex 1.776200e+01 4.185433e+00 -1.400000e+01
         vertex 1.850000e+01 4.250000e+00 0.000000e+00
         vertex 1.776200e+01 4.185433e+00 0.000000e+00
      endloop
   endfacet
   facet normal 2.588187e-01 -9.659259e-01 0.000000e+00
      outer loop
         vertex 1.776200e+01 4.185433e+00 -1.400000e+01
         vertex 1.776200e+01 4.185433e+00 0.000000e+00
         vertex 1.704641e+01 3.993694e+00 -1.400000e+01
      endloop
   endfacet
   facet normal 2.588187e-01 -9.659259e-01 0.000000e+00
      outer loop
         vertex 1.704641e+01 3.993694e+00 -1.400000e+01
         vertex 1.776200e+01 4.185433e+00 0.000000e+00
         vertex 1.704641e+01 3.993694e+00 0.000000e+00
      endloop
   endfacet
   facet normal 4.226182e-01 -9.063078e-01 0.000000e+00
      outer loop
         vertex 1.704641e+01 3.993694e+00 -1.400000e+01
         vertex 1.704641e+01 3.993694e+00 0.000000e+00
         vertex 1.637500e+01 3.680608e+00 -1.400000e+01
      endloop
   endfacet
   facet normal 4.226182e-01 -9.063078e-01 0.000000e+00
      outer loop
         vertex 1.637500e+01 3.680608e+00 -1.400000e+01
         vertex 1.704641e+01 3.993694e+00 0.000000e+00
         vertex 1.637500e+01 3.680608e+00 0.000000e+00
      endloop
   endfacet
   facet normal 5.735762e-01 -8.191522e-01 0.000000e+00
      outer loop
         vertex 1.637500e+01 3.680608e+00 -1.400000e+01
         vertex 1.637500e+01 3.680608e+00 0.000000e+00
         vertex 1.576815e+01 3.255689e+00 -1.400000e+01
      endloop
   endfacet
   facet normal 5.735762e-01 -8.191522e-01 0.000000e+00
      outer loop
         vertex 1.576815e+01 3.255689e+00 -1.400000e+01
         vertex 1.637500e+01 3.680608e+00 0.000000e+00
         vertex 1.576815e+01 3.255689e+00 0.000000e+00
      endloop
   endfacet
   facet normal 7.071071e-01 -7.071065e-01 0.000000e+00
      outer loop
         vertex 1.576815e+01 3.255689e+00 -1.400000e+01
         vertex 1.576815e+01 3.255689e+00 0.000000e+00
         vertex 1.524431e+01 2.731847e+00 -1.400000e+01
      endloop
   endfacet
   facet normal 7.071071e-01 -7.071065e-01 0.000000e+00
      outer loop
         vertex 1.524431e+01 2.731847e+00 -1.400000e+01
         vertex 1.576815e+01 3.255689e+00 0.000000e+00
         vertex 1.524431e+01 2.731847e+00 0.000000e+00
      endloop
   endfacet
   facet normal 8.191522e-01 -5.735762e-01 0.000000e+00
      outer loop
         vertex 1.524431e+01 2.731847e+00 -1.400000e+01
         vertex 1.524431e+01 2.731847e+00 0.000000e+00
         vertex 1.481939e+01 2.125000e+00 -1.400000e+01
      endloop
   endfacet
   facet normal 8.191522e-01 -5.735762e-01 0.000000e+00
      outer loop
         vertex 1.481939e+01 2.125000e+00 -1.400000e+01
         vertex 1.524431e+01 2.731847e+00 0.000000e+00
         vertex 1.481939e+01 2.125000e+00 0.000000e+00
      endloop
   endfacet
   facet normal 9.063079e-01 -4.226180e-01 0.000000e+00
      outer loop
         vertex 1.481939e+01 2.125000e+00 -1.400000e+01
         vertex 1.481939e+01 2.125000e+00 0.000000e+00
         vertex 1.450631e+01 1.453586e+00 -1.400000e+01
      endloop
   endfacet
   facet normal 9.063079e-01 -4.226180e-01 0.000000e+00
      outer loop
         vertex 1.450631e+01 1.453586e+00 -1.400000e+01
         vertex 1.481939e+01 2.125000e+00 0.000000e+00
         vertex 1.450631e+01 1.453586e+00 0.000000e+00
      endloop
   endfacet
   facet normal 9.659257e-01 -2.588196e-01 0.000000e+00
      outer loop
         vertex 1.450631e+01 1.453586e+00 -1.400000e+01
         vertex 1.450631e+01 1.453586e+00 0.000000e+00
         vertex 1.431457e+01 7.380047e-01 -1.400000e+01
      endloop
   endfacet
   facet normal 9.659257e-01 -2.588196e-01 0.000000e+00
      outer loop
         vertex 1.431457e+01 7.380047e-01 -1.400000e+01
         vertex 1.450631e+01 1.453586e+00 0.000000e+00
         vertex 1.431457e+01 7.380047e-01 0.000000e+00
      endloop
   endfacet
   facet normal 9.961947e-01 -8.715532e-02 0.000000e+00
      outer loop
         vertex 1.431457e+01 7.380047e-01 -1.400000e+01
         vertex 1.431457e+01 7.380047e-01 0.000000e+00
         vertex 1.425000e+01 1.387837e-15 -1.400000e+01
      endloop
   endfacet
   facet normal 9.961947e-01 -8.715532e-02 0.000000e+00
      outer loop
         vertex 1.425000e+01 1.387837e-15 -1.400000e+01
         vertex 1.431457e+01 7.380047e-01 0.000000e+00
         vertex 1.425000e+01 1.387837e-15 0.000000e+00
      endloop
   endfacet
   facet normal 9.961947e-01 8.715532e-02 -0.000000e+00
      outer loop
         vertex 1.425000e+01 1.387837e-15 -1.400000e+01
         vertex 1.425000e+01 1.387837e-15 0.000000e+00
         vertex 1.431457e+01 -7.380047e-01 -1.400000e+01
      endloop
   endfacet
   facet normal 9.961947e-01 8.715532e-02 -0.000000e+00
      outer loop
         vertex 1.431457e+01 -7.380047e-01 -1.400000e+01
         vertex 1.425000e+01 1.387837e-15 0.000000e+00
         vertex 1.431457e+01 -7.380047e-01 0.000000e+00
      endloop
   endfacet
   facet normal 9.659257e-01 2.588196e-01 -0.000000e+00
      outer loop
         vertex 1.431457e+01 -7.380047e-01 -1.400000e+01
         vertex 1.431457e+01 -7.380047e-01 0.000000e+00
         vertex 1.450631e+01 -1.453586e+00 -1.400000e+01
      endloop
   endfacet
   facet normal 9.659257e-01 2.588196e-01 -0.000000e+00
      outer loop
         vertex 1.450631e+01 -1.453586e+00 -1.400000e+01
         vertex 1.431457e+01 -7.380047e-01 0.000000e+00
         vertex 1.450631e+01 -1.453586e+00 0.000000e+00
      endloop
   endfacet
   facet normal 9.063079e-01 4.226180e-01 -0.000000e+00
      outer loop
         vertex 1.450631e+01 -1.453586e+00 -1.400000e+01
         vertex 1.450631e+01 -1.453586e+00 0.000000e+00
         vertex 1.481939e+01 -2.125000e+00 -1.400000e+01
      endloop
   endfacet
   facet normal 9.063079e-01 4.226180e-01 -0.000000e+00
      outer loop
         vertex 1.481939e+01 -2.125000e+00 -1.400000e+01
         vertex 1.450631e+01 -1.453586e+00 0.000000e+00
         vertex 1.481939e+01 -2.125000e+00 0.000000e+00
      endloop
   endfacet
   facet normal 8.191522e-01 5.735762e-01 -0.000000e+00
      outer loop
         vertex 1.481939e+01 -2.125000e+00 -1.400000e+01
         vertex 1.481939e+01 -2.125000e+00 0.000000e+00
         vertex 1.524431e+01 -2.731847e+00 -1.400000e+01
      endloop
   endfacet
   facet normal 8.191522e-01 5.735762e-01 -0.000000e+00
      outer loop
         vertex 1.524431e+01 -2.731847e+00 -1.400000e+01
         vertex 1.481939e+01 -2.125000e+00 0.000000e+00
         vertex 1.524431e+01 -2.731847e+00 0.000000e+00
      endloop
   endfacet
   facet normal 7.071071e-01 7.071065e-01 -0.000000e+00
      outer loop
         vertex 1.524431e+01 -2.731847e+00 -1.400000e+01
         vertex 1.524431e+01 -2.731847e+00 0.000000e+00
         vertex 1.576815e+01 -3.255689e+00 -1.400000e+01
      endloop
   endfacet
   facet normal 7.071071e-01 7.071065e-01 -0.000000e+00
      outer loop
         vertex 1.576815e+01 -3.255689e+00 -1.400000e+01
         vertex 1.524431e+01 -2.731847e+00 0.000000e+00
         vertex 1.576815e+01 -3.255689e+00 0.000000e+00
      endloop
   endfacet
   facet normal 5.735762e-01 8.191522e-01 -0.000000e+00
      outer loop
         vertex 1.576815e+01 -3.255689e+00 -1.400000e+01
         vertex 1.576815e+01 -3.255689e+00 0.000000e+00
         vertex 1.637500e+01 -3.680608e+00 -1.400000e+01
      endloop
   endfacet
   facet normal 5.735762e-01 8.191522e-01 -0.000000e+00
      outer loop
         vertex 1.637500e+01 -3.680608e+00 -1.400000e+01
         vertex 1.576815e+01 -3.255689e+00 0.000000e+00
         vertex 1.637500e+01 -3.680608e+00 0.000000e+00
      endloop
   endfacet
   facet normal 4.226182e-01 9.063078e-01 -0.000000e+00
      outer loop
         vertex 1.637500e+01 -3.680608e+00 -1.400000e+01
         vertex 1.637500e+01 -3.680608e+00 0.000000e+00
         vertex 1.704641e+01 -3.993694e+00 -1.400000e+01
      endloop
   endfacet
   facet normal 4.226182e-01 9.063078e-01 -0.000000e+00
      outer loop
         vertex 1.704641e+01 -3.993694e+00 -1.400000e+01
         vertex 1.637500e+01 -3.680608e+00 0.000000e+00
         vertex 1.704641e+01 -3.993694e+00 0.000000e+00
      endloop
   endfacet
   facet normal 2.588187e-01 9.659259e-01 -0.000000e+00
      outer loop
         vertex 1.704641e+01 -3.993694e+00 -1.400000e+01
         vertex 1.704641e+01 -3.993694e+00 0.000000e+00
         vertex 1.776200e+01 -4.185433e+00 -1.400000e+01
      endloop
   endfacet
   facet normal 2.588187e-01 9.659259e-01 -0.000000e+00
      outer loop
         vertex 1.776200e+01 -4.185433e+00 -1.400000e+01
         vertex 1.704641e+01 -3.993694e+00 0.000000e+00
         vertex 1.776200e+01 -4.185433e+00 0.000000e+00
      endloop
   endfacet
   facet normal 8.715600e-02 9.961947e-01 -0.000000e+00
      outer loop
         vertex 1.776200e+01 -4.185433e+00 -1.400000e+01
         vertex 1.776200e+01 -4.185433e+00 0.000000e+00
         vertex 1.850000e+01 -4.250000e+00 -1.400000e+01
      endloop
   endfacet
   facet normal 8.715600e-02 9.961947e-01 -0.000000e+00
      outer loop
         vertex 1.850000e+01 -4.250000e+00 -1.400000e+01
         vertex 1.776200e+01 -4.185433e+00 0.000000e+00
         vertex 1.850000e+01 -4.250000e+00 0.000000e+00
      endloop
   endfacet
   facet normal -8.715600e-02 9.961947e-01 0.000000e+00
      outer loop
         vertex 1.850000e+01 -4.250000e+00 -1.400000e+01
         vertex 1.850000e+01 -4.250000e+00 0.000000e+00
         vertex 1.923800e+01 -4.185433e+00 -1.400000e+01
      endloop
   endfacet
   facet normal -8.715600e-02 9.961947e-01 0.000000e+00
      outer loop
         vertex 1.923800e+01 -4.185433e+00 -1.400000e+01
         vertex 1.850000e+01 -4.250000e+00 0.000000e+00
         vertex 1.923800e+01 -4.185433e+00 0.000000e+00
      endloop
   endfacet
   facet normal -2.588187e-01 9.659259e-01 0.000000e+00
      outer loop
         vertex 1.923800e+01 -4.185433e+00 -1.400000e+01
         vertex 1.923800e+01 -4.185433e+00 0.000000e+00
         vertex 1.995359e+01 -3.993694e+00 -1.400000e+01
      endloop
   endfacet
   facet normal -2.588187e-01 9.659259e-01 0.000000e+00
      outer loop
         vertex 1.995359e+01 -3.993694e+00 -1.400000e+01
         vertex 1.923800e+01 -4.185433e+00 0.000000e+00
         vertex 1.995359e+01 -3.993694e+00 0.000000e+00
      endloop
   endfacet
   facet normal -4.226182e-01 9.063078e-01 0.000000e+00
      outer loop
         vertex 1.995359e+01 -3.993694e+00 -1.400000e+01
         vertex 1.995359e+01 -3.993694e+00 0.000000e+00
         vertex 2.062500e+01 -3.680608e+00 -1.400000e+01
      endloop
   endfacet
   facet normal -4.226182e-01 9.063078e-01 0.000000e+00
      outer loop
         vertex 2.062500e+01 -3.680608e+00 -1.400000e+01
         vertex 1.995359e+01 -3.993694e+00 0.000000e+00
         vertex 2.062500e+01 -3.680608e+00 0.000000e+00
      endloop
   endfacet
   facet normal -5.735773e-01 8.191514e-01 0.000000e+00
      outer loop
         vertex 2.062500e+01 -3.680608e+00 -1.400000e+01
         vertex 2.062500e+01 -3.680608e+00 0.000000e+00
         vertex 2.123185e+01 -3.255689e+00 -1.400000e+01
      endloop
   endfacet
   facet normal -5.735773e-01 8.191514e-01 0.000000e+00
      outer loop
         vertex 2.123185e+01 -3.255689e+00 -1.400000e+01
         vertex 2.062500e+01 -3.680608e+00 0.000000e+00
         vertex 2.123185e+01 -3.255689e+00 0.000000e+00
      endloop
   endfacet
   facet normal -7.071058e-01 7.071077e-01 0.000000e+00
      outer loop
         vertex 2.123185e+01 -3.255689e+00 -1.400000e+01
         vertex 2.123185e+01 -3.255689e+00 0.000000e+00
         vertex 2.175569e+01 -2.731847e+00 -1.400000e+01
      endloop
   endfacet
   facet normal -7.071058e-01 7.071077e-01 0.000000e+00
      outer loop
         vertex 2.175569e+01 -2.731847e+00 -1.400000e+01
         vertex 2.123185e+01 -3.255689e+00 0.000000e+00
         vertex 2.175569e+01 -2.731847e+00 0.000000e+00
      endloop
   endfacet
   facet normal -8.191528e-01 5.735753e-01 0.000000e+00
      outer loop
         vertex 2.175569e+01 -2.731847e+00 -1.400000e+01
         vertex 2.175569e+01 -2.731847e+00 0.000000e+00
         vertex 2.218061e+01 -2.125000e+00 -1.400000e+01
      endloop
   endfacet
   facet normal -8.191528e-01 5.735753e-01 0.000000e+00
      outer loop
         vertex 2.218061e+01 -2.125000e+00 -1.400000e+01
         vertex 2.175569e+01 -2.731847e+00 0.000000e+00
         vertex 2.218061e+01 -2.125000e+00 0.000000e+00
      endloop
   endfacet
   facet normal -9.063074e-01 4.226190e-01 0.000000e+00
      outer loop
         vertex 2.218061e+01 -2.125000e+00 -1.400000e+01
         vertex 2.218061e+01 -2.125000e+00 0.000000e+00
         vertex 2.249369e+01 -1.453586e+00 -1.400000e+01
      endloop
   endfacet
   facet normal -9.063074e-01 4.226190e-01 0.000000e+00
      outer loop
         vertex 2.249369e+01 -1.453586e+00 -1.400000e+01
         vertex 2.218061e+01 -2.125000e+00 0.000000e+00
         vertex 2.249369e+01 -1.453586e+00 0.000000e+00
      endloop
   endfacet
   facet normal -9.659260e-01 2.588184e-01 0.000000e+00
      outer loop
         vertex 2.249369e+01 -1.453586e+00 -1.400000e+01
         vertex 2.249369e+01 -1.453586e+00 0.000000e+00
         vertex 2.268543e+01 -7.380047e-01 -1.400000e+01
      endloop
   endfacet
   facet normal -9.659260e-01 2.588184e-01 0.000000e+00
      outer loop
         vertex 2.268543e+01 -7.380047e-01 -1.400000e+01
         vertex 2.249369e+01 -1.453586e+00 0.000000e+00
         vertex 2.268543e+01 -7.380047e-01 0.000000e+00
      endloop
   endfacet
   facet normal -9.961947e-01 8.715532e-02 0.000000e+00
      outer loop
         vertex 2.268543e+01 -7.380047e-01 -1.400000e+01
         vertex 2.268543e+01 -7.380047e-01 0.000000e+00
         vertex 2.275000e+01 -1.735880e-16 -1.400000e+01
      endloop
   endfacet
   facet normal -9.961947e-01 8.715532e-02 0.000000e+00
      outer loop
         vertex 2.275000e+01 -1.735880e-16 -1.400000e+01
         vertex 2.268543e+01 -7.380047e-01 0.000000e+00
         vertex 2.275000e+01 -1.735880e-16 0.000000e+00
      endloop
   endfacet
   facet normal 0.000000e+00 -0.000000e+00 1.000000e+00
      outer loop
         vertex 2.249369e+01 -1.453586e+00 -1.400000e+01
         vertex 2.268543e+01 -7.380047e-01 -1.400000e+01
         vertex 1.850000e+01 8.673617e-16 -1.400000e+01
      endloop
   endfacet
   facet normal 0.000000e+00 0.000000e+00 1.000000e+00
      outer loop
         vertex 1.850000e+01 8.673617e-16 -1.400000e+01
         vertex 2.268543e+01 -7.380047e-01 -1.400000e+01
         vertex 2.275000e+01 -1.735880e-16 -1.400000e+01
      endloop
   endfacet
   facet normal -0.000000e+00 0.000000e+00 1.000000e+00
      outer loop
         vertex 1.850000e+01 8.673617e-16 -1.400000e+01
         vertex 2.275000e+01 -1.735880e-16 -1.400000e+01
         vertex 2.268543e+01 7.380047e-01 -1.400000e+01
      endloop
   endfacet
   facet normal 0.000000e+00 -0.000000e+00 1.000000e+00
      outer loop
         vertex 2.123185e+01 -3.255689e+00 -1.400000e+01
         vertex 2.175569e+01 -2.731847e+00 -1.400000e+01
         vertex 1.850000e+01 8.673617e-16 -1.400000e+01
      endloop
   endfacet
   facet normal 0.000000e+00 0.000000e+00 1.000000e+00
      outer loop
         vertex 1.850000e+01 8.673617e-16 -1.400000e+01
         vertex 2.175569e+01 -2.731847e+00 -1.400000e+01
         vertex 2.218061e+01 -2.125000e+00 -1.400000e+01
      endloop
   endfacet
   facet normal 0.000000e+00 0.000000e+00 1.000000e+00
      outer loop
         vertex 1.850000e+01 8.673617e-16 -1.400000e+01
         vertex 2.218061e+01 -2.125000e+00 -1.400000e+01
         vertex 2.249369e+01 -1.453586e+00 -1.400000e+01
      endloop
   endfacet
   facet normal 0.000000e+00 -0.000000e+00 1.000000e+00
      outer loop
         vertex 1.923800e+01 -4.185433e+00 -1.400000e+01
         vertex 1.995359e+01 -3.993694e+00 -1.400000e+01
         vertex 1.850000e+01 8.673617e-16 -1.400000e+01
      endloop
   endfacet
   facet normal 0.000000e+00 0.000000e+00 1.000000e+00
      outer loop
         vertex 1.850000e+01 8.673617e-16 -1.400000e+01
         vertex 1.995359e+01 -3.993694e+00 -1.400000e+01
         vertex 2.062500e+01 -3.680608e+00 -1.400000e+01
      endloop
   endfacet
   facet normal 0.000000e+00 0.000000e+00 1.000000e+00
      outer loop
         vertex 1.850000e+01 8.673617e-16 -1.400000e+01
         vertex 2.062500e+01 -3.680608e+00 -1.400000e+01
         vertex 2.123185e+01 -3.255689e+00 -1.400000e+01
      endloop
   endfacet
   facet normal -0.000000e+00 0.000000e+00 1.000000e+00
      outer loop
         vertex 1.704641e+01 -3.993694e+00 -1.400000e+01
         vertex 1.776200e+01 -4.185433e+00 -1.400000e+01
         vertex 1.850000e+01 8.673617e-16 -1.400000e+01
      endloop
   endfacet
   facet normal 0.000000e+00 0.000000e+00 1.000000e+00
      outer loop
         vertex 1.850000e+01 8.673617e-16 -1.400000e+01
         vertex 1.776200e+01 -4.185433e+00 -1.400000e+01
         vertex 1.850000e+01 -4.250000e+00 -1.400000e+01
      endloop
   endfacet
   facet normal 0.000000e+00 0.000000e+00 1.000000e+00
      outer loop
         vertex 1.850000e+01 8.673617e-16 -1.400000e+01
         vertex 1.850000e+01 -4.250000e+00 -1.400000e+01
         vertex 1.923800e+01 -4.185433e+00 -1.400000e+01
      endloop
   endfacet
   facet normal -0.000000e+00 0.000000e+00 1.000000e+00
      outer loop
         vertex 1.524431e+01 -2.731847e+00 -1.400000e+01
         vertex 1.576815e+01 -3.255689e+00 -1.400000e+01
         vertex 1.850000e+01 8.673617e-16 -1.400000e+01
      endloop
   endfacet
   facet normal 0.000000e+00 0.000000e+00 1.000000e+00
      outer loop
         vertex 1.850000e+01 8.673617e-16 -1.400000e+01
         vertex 1.576815e+01 -3.255689e+00 -1.400000e+01
         vertex 1.637500e+01 -3.680608e+00 -1.400000e+01
      endloop
   endfacet
   facet normal 0.000000e+00 0.000000e+00 1.000000e+00
      outer loop
         vertex 1.850000e+01 8.673617e-16 -1.400000e+01
         vertex 1.637500e+01 -3.680608e+00 -1.400000e+01
         vertex 1.704641e+01 -3.993694e+00 -1.400000e+01
      endloop
   endfacet
   facet normal -0.000000e+00 0.000000e+00 1.000000e+00
      outer loop
         vertex 1.431457e+01 -7.380047e-01 -1.400000e+01
         vertex 1.450631e+01 -1.453586e+00 -1.400000e+01
         vertex 1.850000e+01 8.673617e-16 -1.400000e+01
      endloop
   endfacet
   facet normal 0.000000e+00 0.000000e+00 1.000000e+00
      outer loop
         vertex 1.850000e+01 8.673617e-16 -1.400000e+01
         vertex 1.450631e+01 -1.453586e+00 -1.400000e+01
         vertex 1.481939e+01 -2.125000e+00 -1.400000e+01
      endloop
   endfacet
   facet normal 0.000000e+00 0.000000e+00 1.000000e+00
      outer loop
         vertex 1.850000e+01 8.673617e-16 -1.400000e+01
         vertex 1.481939e+01 -2.125000e+00 -1.400000e+01
         vertex 1.524431e+01 -2.731847e+00 -1.400000e+01
      endloop
   endfacet
   facet normal 0.000000e+00 0.000000e+00 1.000000e+00
      outer loop
         vertex 1.450631e+01 1.453586e+00 -1.400000e+01
         vertex 1.431457e+01 7.380047e-01 -1.400000e+01
         vertex 1.850000e+01 8.673617e-16 -1.400000e+01
      endloop
   endfacet
   facet normal 0.000000e+00 0.000000e+00 1.000000e+00
      outer loop
         vertex 1.850000e+01 8.673617e-16 -1.400000e+01
         vertex 1.431457e+01 7.380047e-01 -1.400000e+01
         vertex 1.425000e+01 1.387837e-15 -1.400000e+01
      endloop
   endfacet
   facet normal 0.000000e+00 0.000000e+00 1.000000e+00
      outer loop
         vertex 1.850000e+01 8.673617e-16 -1.400000e+01
         vertex 1.425000e+01 1.387837e-15 -1.400000e+01
         vertex 1.431457e+01 -7.380047e-01 -1.400000e+01
      endloop
   endfacet
   facet normal 0.000000e+00 0.000000e+00 1.000000e+00
      outer loop
         vertex 1.576815e+01 3.255689e+00 -1.400000e+01
         vertex 1.524431e+01 2.731847e+00 -1.400000e+01
         vertex 1.850000e+01 8.673617e-16 -1.400000e+01
      endloop
   endfacet
   facet normal 0.000000e+00 0.000000e+00 1.000000e+00
      outer loop
         vertex 1.850000e+01 8.673617e-16 -1.400000e+01
         vertex 1.524431e+01 2.731847e+00 -1.400000e+01
         vertex 1.481939e+01 2.125000e+00 -1.400000e+01
      endloop
   endfacet
   facet normal 0.000000e+00 0.000000e+00 1.000000e+00
      outer loop
         vertex 1.850000e+01 8.673617e-16 -1.400000e+01
         vertex 1.481939e+01 2.125000e+00 -1.400000e+01
         vertex 1.450631e+01 1.453586e+00 -1.400000e+01
      endloop
   endfacet
   facet normal 0.000000e+00 0.000000e+00 1.000000e+00
      outer loop
         vertex 1.776200e+01 4.185433e+00 -1.400000e+01
         vertex 1.704641e+01 3.993694e+00 -1.400000e+01
         vertex 1.850000e+01 8.673617e-16 -1.400000e+01
      endloop
   endfacet
   facet normal 0.000000e+00 0.000000e+00 1.000000e+00
      outer loop
         vertex 1.850000e+01 8.673617e-16 -1.400000e+01
         vertex 1.704641e+01 3.993694e+00 -1.400000e+01
         vertex 1.637500e+01 3.680608e+00 -1.400000e+01
      endloop
   endfacet
   facet normal 0.000000e+00 0.000000e+00 1.000000e+00
      outer loop
         vertex 1.850000e+01 8.673617e-16 -1.400000e+01
         vertex 1.637500e+01 3.680608e+00 -1.400000e+01
         vertex 1.576815e+01 3.255689e+00 -1.400000e+01
      endloop
   endfacet
   facet normal 0.000000e+00 0.000000e+00 1.000000e+00
      outer loop
         vertex 1.995359e+01 3.993694e+00 -1.400000e+01
         vertex 1.923800e+01 4.185433e+00 -1.400000e+01
         vertex 1.850000e+01 8.673617e-16 -1.400000e+01
      endloop
   endfacet
   facet normal 0.000000e+00 0.000000e+00 1.000000e+00
      outer loop
         vertex 1.850000e+01 8.673617e-16 -1.400000e+01
         vertex 1.923800e+01 4.185433e+00 -1.400000e+01
         vertex 1.850000e+01 4.250000e+00 -1.400000e+01
      endloop
   endfacet
   facet normal 0.000000e+00 -0.000000e+00 1.000000e+00
      outer loop
         vertex 1.850000e+01 8.673617e-16 -1.400000e+01
         vertex 1.850000e+01 4.250000e+00 -1.400000e+01
         vertex 1.776200e+01 4.185433e+00 -1.400000e+01
      endloop
   endfacet
   facet normal 0.000000e+00 0.000000e+00 1.000000e+00
      outer loop
         vertex 2.175569e+01 2.731847e+00 -1.400000e+01
         vertex 2.123185e+01 3.255689e+00 -1.400000e+01
         vertex 1.850000e+01 8.673617e-16 -1.400000e+01
      endloop
   endfacet
   facet normal 0.000000e+00 0.000000e+00 1.000000e+00
      outer loop
         vertex 1.850000e+01 8.673617e-16 -1.400000e+01
         vertex 2.123185e+01 3.255689e+00 -1.400000e+01
         vertex 2.062500e+01 3.680608e+00 -1.400000e+01
      endloop
   endfacet
   facet normal 0.000000e+00 0.000000e+00 1.000000e+00
      outer loop
         vertex 1.850000e+01 8.673617e-16 -1.400000e+01
         vertex 2.062500e+01 3.680608e+00 -1.400000e+01
         vertex 1.995359e+01 3.993694e+00 -1.400000e+01
      endloop
   endfacet
   facet normal 0.000000e+00 0.000000e+00 1.000000e+00
      outer loop
         vertex 2.268543e+01 7.380047e-01 -1.400000e+01
         vertex 2.249369e+01 1.453586e+00 -1.400000e+01
         vertex 1.850000e+01 8.673617e-16 -1.400000e+01
      endloop
   endfacet
   facet normal 0.000000e+00 0.000000e+00 1.000000e+00
      outer loop
         vertex 1.850000e+01 8.673617e-16 -1.400000e+01
         vertex 2.249369e+01 1.453586e+00 -1.400000e+01
         vertex 2.218061e+01 2.125000e+00 -1.400000e+01
      endloop
   endfacet
   facet normal 0.000000e+00 0.000000e+00 1.000000e+00
      outer loop
         vertex 1.850000e+01 8.673617e-16 -1.400000e+01
         vertex 2.218061e+01 2.125000e+00 -1.400000e+01
         vertex 2.175569e+01 2.731847e+00 -1.400000e+01
      endloop
   endfacet
   facet normal -9.961947e-01 -8.715600e-02 0.000000e+00
      outer loop
         vertex 4.250000e+00 -1.850000e+01 -1.400000e+01
         vertex 4.250000e+00 -1.850000e+01 0.000000e+00
         vertex 4.185433e+00 -1.776200e+01 -1.400000e+01
      endloop
   endfacet
   facet normal -9.961947e-01 -8.715600e-02 0.000000e+00
      outer loop
         vertex 4.185433e+00 -1.776200e+01 -1.400000e+01
         vertex 4.250000e+00 -1.850000e+01 0.000000e+00
         vertex 4.185433e+00 -1.776200e+01 0.000000e+00
      endloop
   endfacet
   facet normal -9.659259e-01 -2.588187e-01 0.000000e+00
      outer loop
         vertex 4.185433e+00 -1.776200e+01 -1.400000e+01
         vertex 4.185433e+00 -1.776200e+01 0.000000e+00
         vertex 3.993694e+00 -1.704641e+01 -1.400000e+01
      endloop
   endfacet
   facet normal -9.659259e-01 -2.588187e-01 0.000000e+00
      outer loop
         vertex 3.993694e+00 -1.704641e+01 -1.400000e+01
         vertex 4.185433e+00 -1.776200e+01 0.000000e+00
         vertex 3.993694e+00 -1.704641e+01 0.000000e+00
      endloop
   endfacet
   facet normal -9.063078e-01 -4.226182e-01 0.000000e+00
      outer loop
         vertex 3.993694e+00 -1.704641e+01 -1.400000e+01
         vertex 3.993694e+00 -1.704641e+01 0.000000e+00
         vertex 3.680608e+00 -1.637500e+01 -1.400000e+01
      endloop
   endfacet
   facet normal -9.063078e-01 -4.226182e-01 0.000000e+00
      outer loop
         vertex 3.680608e+00 -1.637500e+01 -1.400000e+01
         vertex 3.993694e+00 -1.704641e+01 0.000000e+00
         vertex 3.680608e+00 -1.637500e+01 0.000000e+00
      endloop
   endfacet
   facet normal -8.191522e-01 -5.735762e-01 0.000000e+00
      outer loop
         vertex 3.680608e+00 -1.637500e+01 -1.400000e+01
         vertex 3.680608e+00 -1.637500e+01 0.000000e+00
         vertex 3.255689e+00 -1.576815e+01 -1.400000e+01
      endloop
   endfacet
   facet normal -8.191522e-01 -5.735762e-01 0.000000e+00
      outer loop
         vertex 3.255689e+00 -1.576815e+01 -1.400000e+01
         vertex 3.680608e+00 -1.637500e+01 0.000000e+00
         vertex 3.255689e+00 -1.576815e+01 0.000000e+00
      endloop
   endfacet
   facet normal -7.071065e-01 -7.071071e-01 0.000000e+00
      outer loop
         vertex 3.255689e+00 -1.576815e+01 -1.400000e+01
         vertex 3.255689e+00 -1.576815e+01 0.000000e+00
         vertex 2.731847e+00 -1.524431e+01 -1.400000e+01
      endloop
   endfacet
   facet normal -7.071065e-01 -7.071071e-01 0.000000e+00
      outer loop
         vertex 2.731847e+00 -1.524431e+01 -1.400000e+01
         vertex 3.255689e+00 -1.576815e+01 0.000000e+00
         vertex 2.731847e+00 -1.524431e+01 0.000000e+00
      endloop
   endfacet
   facet normal -5.735762e-01 -8.191522e-01 0.000000e+00
      outer loop
         vertex 2.731847e+00 -1.524431e+01 -1.400000e+01
         vertex 2.731847e+00 -1.524431e+01 0.000000e+00
         vertex 2.125000e+00 -1.481939e+01 -1.400000e+01
      endloop
   endfacet
   facet normal -5.735762e-01 -8.191522e-01 0.000000e+00
      outer loop
         vertex 2.125000e+00 -1.481939e+01 -1.400000e+01
         vertex 2.731847e+00 -1.524431e+01 0.000000e+00
         vertex 2.125000e+00 -1.481939e+01 0.000000e+00
      endloop
   endfacet
   facet normal -4.226180e-01 -9.063079e-01 0.000000e+00
      outer loop
         vertex 2.125000e+00 -1.481939e+01 -1.400000e+01
         vertex 2.125000e+00 -1.481939e+01 0.000000e+00
         vertex 1.453586e+00 -1.450631e+01 -1.400000e+01
      endloop
   endfacet
   facet normal -4.226180e-01 -9.063079e-01 0.000000e+00
      outer loop
         vertex 1.453586e+00 -1.450631e+01 -1.400000e+01
         vertex 2.125000e+00 -1.481939e+01 0.000000e+00
         vertex 1.453586e+00 -1.450631e+01 0.000000e+00
      endloop
   endfacet
   facet normal -2.588196e-01 -9.659257e-01 0.000000e+00
      outer loop
         vertex 1.453586e+00 -1.450631e+01 -1.400000e+01
         vertex 1.453586e+00 -1.450631e+01 0.000000e+00
         vertex 7.380047e-01 -1.431457e+01 -1.400000e+01
      endloop
   endfacet
   facet normal -2.588196e-01 -9.659257e-01 0.000000e+00
      outer loop
         vertex 7.380047e-01 -1.431457e+01 -1.400000e+01
         vertex 1.453586e+00 -1.450631e+01 0.000000e+00
         vertex 7.380047e-01 -1.431457e+01 0.000000e+00
      endloop
   endfacet
   facet normal -8.715532e-02 -9.961947e-01 0.000000e+00
      outer loop
         vertex 7.380047e-01 -1.431457e+01 -1.400000e+01
         vertex 7.380047e-01 -1.431457e+01 0.000000e+00
         vertex 2.602375e-16 -1.425000e+01 -1.400000e+01
      endloop
   endfacet
   facet normal -8.715532e-02 -9.961947e-01 0.000000e+00
      outer loop
         vertex 2.602375e-16 -1.425000e+01 -1.400000e+01
         vertex 7.380047e-01 -1.431457e+01 0.000000e+00
         vertex 2.602375e-16 -1.425000e+01 0.000000e+00
      endloop
   endfacet
   facet normal 8.715532e-02 -9.961947e-01 0.000000e+00
      outer loop
         vertex 2.602375e-16 -1.425000e+01 -1.400000e+01
         vertex 2.602375e-16 -1.425000e+01 0.000000e+00
         vertex -7.380047e-01 -1.431457e+01 -1.400000e+01
      endloop
   endfacet
   facet normal 8.715532e-02 -9.961947e-01 0.000000e+00
      outer loop
         vertex -7.380047e-01 -1.431457e+01 -1.400000e+01
         vertex 2.602375e-16 -1.425000e+01 0.000000e+00
         vertex -7.380047e-01 -1.431457e+01 0.000000e+00
      endloop
   endfacet
   facet normal 2.588196e-01 -9.659257e-01 0.000000e+00
      outer loop
         vertex -7.380047e-01 -1.431457e+01 -1.400000e+01
         vertex -7.380047e-01 -1.431457e+01 0.000000e+00
         vertex -1.453586e+00 -1.450631e+01 -1.400000e+01
      endloop
   endfacet
   facet normal 2.588196e-01 -9.659257e-01 0.000000e+00
      outer loop
         vertex -1.453586e+00 -1.450631e+01 -1.400000e+01
         vertex -7.380047e-01 -1.431457e+01 0.000000e+00
         vertex -1.453586e+00 -1.450631e+01 0.000000e+00
      endloop
   endfacet
   facet normal 4.226180e-01 -9.063079e-01 0.000000e+00
      outer loop
         vertex -1.453586e+00 -1.450631e+01 -1.400000e+01
         vertex -1.453586e+00 -1.450631e+01 0.000000e+00
         vertex -2.125000e+00 -1.481939e+01 -1.400000e+01
      endloop
   endfacet
   facet normal 4.226180e-01 -9.063079e-01 0.000000e+00
      outer loop
         vertex -2.125000e+00 -1.481939e+01 -1.400000e+01
         vertex -1.453586e+00 -1.450631e+01 0.000000e+00
         vertex -2.125000e+00 -1.481939e+01 0.000000e+00
      endloop
   endfacet
   facet normal 5.735762e-01 -8.191522e-01 0.000000e+00
      outer loop
         vertex -2.125000e+00 -1.481939e+01 -1.400000e+01
         vertex -2.125000e+00 -1.481939e+01 0.000000e+00
         vertex -2.731847e+00 -1.524431e+01 -1.400000e+01
      endloop
   endfacet
   facet normal 5.735762e-01 -8.191522e-01 0.000000e+00
      outer loop
         vertex -2.731847e+00 -1.524431e+01 -1.400000e+01
         vertex -2.125000e+00 -1.481939e+01 0.000000e+00
         vertex -2.731847e+00 -1.524431e+01 0.000000e+00
      endloop
   endfacet
   facet normal 7.071065e-01 -7.071071e-01 0.000000e+00
      outer loop
         vertex -2.731847e+00 -1.524431e+01 -1.400000e+01
         vertex -2.731847e+00 -1.524431e+01 0.000000e+00
         vertex -3.255689e+00 -1.576815e+01 -1.400000e+01
      endloop
   endfacet
   facet normal 7.071065e-01 -7.071071e-01 0.000000e+00
      outer loop
         vertex -3.255689e+00 -1.576815e+01 -1.400000e+01
         vertex -2.731847e+00 -1.524431e+01 0.000000e+00
         vertex -3.255689e+00 -1.576815e+01 0.000000e+00
      endloop
   endfacet
   facet normal 8.191522e-01 -5.735762e-01 0.000000e+00
      outer loop
         vertex -3.255689e+00 -1.576815e+01 -1.400000e+01
         vertex -3.255689e+00 -1.576815e+01 0.000000e+00
         vertex -3.680608e+00 -1.637500e+01 -1.400000e+01
      endloop
   endfacet
   facet normal 8.191522e-01 -5.735762e-01 0.000000e+00
      outer loop
         vertex -3.680608e+00 -1.637500e+01 -1.400000e+01
         vertex -3.255689e+00 -1.576815e+01 0.000000e+00
         vertex -3.680608e+00 -1.637500e+01 0.000000e+00
      endloop
   endfacet
   facet normal 9.063078e-01 -4.226182e-01 0.000000e+00
      outer loop
         vertex -3.680608e+00 -1.637500e+01 -1.400000e+01
         vertex -3.680608e+00 -1.637500e+01 0.000000e+00
         vertex -3.993694e+00 -1.704641e+01 -1.400000e+01
      endloop
   endfacet
   facet normal 9.063078e-01 -4.226182e-01 0.000000e+00
      outer loop
         vertex -3.993694e+00 -1.704641e+01 -1.400000e+01
         vertex -3.680608e+00 -1.637500e+01 0.000000e+00
         vertex -3.993694e+00 -1.704641e+01 0.000000e+00
      endloop
   endfacet
   facet normal 9.659259e-01 -2.588187e-01 0.000000e+00
      outer loop
         vertex -3.993694e+00 -1.704641e+01 -1.400000e+01
         vertex -3.993694e+00 -1.704641e+01 0.000000e+00
         vertex -4.185433e+00 -1.776200e+01 -1.400000e+01
      endloop
   endfacet
   facet normal 9.659259e-01 -2.588187e-01 0.000000e+00
      outer loop
         vertex -4.185433e+00 -1.776200e+01 -1.400000e+01
         vertex -3.993694e+00 -1.704641e+01 0.000000e+00
         vertex -4.185433e+00 -1.776200e+01 0.000000e+00
      endloop
   endfacet
   facet normal 9.961947e-01 -8.715600e-02 0.000000e+00
      outer loop
         vertex -4.185433e+00 -1.776200e+01 -1.400000e+01
         vertex -4.185433e+00 -1.776200e+01 0.000000e+00
         vertex -4.250000e+00 -1.850000e+01 -1.400000e+01
      endloop
   endfacet
   facet normal 9.961947e-01 -8.715600e-02 0.000000e+00
      outer loop
         vertex -4.250000e+00 -1.850000e+01 -1.400000e+01
         vertex -4.185433e+00 -1.776200e+01 0.000000e+00
         vertex -4.250000e+00 -1.850000e+01 0.000000e+00
      endloop
   endfacet
   facet normal 9.961947e-01 8.715600e-02 -0.000000e+00
      outer loop
         vertex -4.250000e+00 -1.850000e+01 -1.400000e+01
         vertex -4.250000e+00 -1.850000e+01 0.000000e+00
         vertex -4.185433e+00 -1.923800e+01 -1.400000e+01
      endloop
   endfacet
   facet normal 9.961947e-01 8.715600e-02 -0.000000e+00
      outer loop
         vertex -4.185433e+00 -1.923800e+01 -1.400000e+01
         vertex -4.250000e+00 -1.850000e+01 0.000000e+00
         vertex -4.185433e+00 -1.923800e+01 0.000000e+00
      endloop
   endfacet
   facet normal 9.659259e-01 2.588187e-01 -0.000000e+00
      outer loop
         vertex -4.185433e+00 -1.923800e+01 -1.400000e+01
         vertex -4.185433e+00 -1.923800e+01 0.000000e+00
         vertex -3.993694e+00 -1.995359e+01 -1.400000e+01
      endloop
   endfacet
   facet normal 9.659259e-01 2.588187e-01 -0.000000e+00
      outer loop
         vertex -3.993694e+00 -1.995359e+01 -1.400000e+01
         vertex -4.185433e+00 -1.923800e+01 0.000000e+00
         vertex -3.993694e+00 -1.995359e+01 0.000000e+00
      endloop
   endfacet
   facet normal 9.063078e-01 4.226182e-01 -0.000000e+00
      outer loop
         vertex -3.993694e+00 -1.995359e+01 -1.400000e+01
         vertex -3.993694e+00 -1.995359e+01 0.000000e+00
         vertex -3.680608e+00 -2.062500e+01 -1.400000e+01
      endloop
   endfacet
   facet normal 9.063078e-01 4.226182e-01 -0.000000e+00
      outer loop
         vertex -3.680608e+00 -2.062500e+01 -1.400000e+01
         vertex -3.993694e+00 -1.995359e+01 0.000000e+00
         vertex -3.680608e+00 -2.062500e+01 0.000000e+00
      endloop
   endfacet
   facet normal 8.191514e-01 5.735773e-01 -0.000000e+00
      outer loop
         vertex -3.680608e+00 -2.062500e+01 -1.400000e+01
         vertex -3.680608e+00 -2.062500e+01 0.000000e+00
         vertex -3.255689e+00 -2.123185e+01 -1.400000e+01
      endloop
   endfacet
   facet normal 8.191514e-01 5.735773e-01 -0.000000e+00
      outer loop
         vertex -3.255689e+00 -2.123185e+01 -1.400000e+01
         vertex -3.680608e+00 -2.062500e+01 0.000000e+00
         vertex -3.255689e+00 -2.123185e+01 0.000000e+00
      endloop
   endfacet
   facet normal 7.071077e-01 7.071058e-01 -0.000000e+00
      outer loop
         vertex -3.255689e+00 -2.123185e+01 -1.400000e+01
         vertex -3.255689e+00 -2.123185e+01 0.000000e+00
         vertex -2.731847e+00 -2.175569e+01 -1.400000e+01
      endloop
   endfacet
   facet normal 7.071077e-01 7.071058e-01 -0.000000e+00
      outer loop
         vertex -2.731847e+00 -2.175569e+01 -1.400000e+01
         vertex -3.255689e+00 -2.123185e+01 0.000000e+00
         vertex -2.731847e+00 -2.175569e+01 0.000000e+00
      endloop
   endfacet
   facet normal 5.735753e-01 8.191528e-01 -0.000000e+00
      outer loop
         vertex -2.731847e+00 -2.175569e+01 -1.400000e+01
         vertex -2.731847e+00 -2.175569e+01 0.000000e+00
         vertex -2.125000e+00 -2.218061e+01 -1.400000e+01
      endloop
   endfacet
   facet normal 5.735753e-01 8.191528e-01 -0.000000e+00
      outer loop
         vertex -2.125000e+00 -2.218061e+01 -1.400000e+01
         vertex -2.731847e+00 -2.175569e+01 0.000000e+00
         vertex -2.125000e+00 -2.218061e+01 0.000000e+00
      endloop
   endfacet
   facet normal 4.226190e-01 9.063074e-01 -0.000000e+00
      outer loop
         vertex -2.125000e+00 -2.218061e+01 -1.400000e+01
         vertex -2.125000e+00 -2.218061e+01 0.000000e+00
         vertex -1.453586e+00 -2.249369e+01 -1.400000e+01
      endloop
   endfacet
   facet normal 4.226190e-01 9.063074e-01 -0.000000e+00
      outer loop
         vertex -1.453586e+00 -2.249369e+01 -1.400000e+01
         vertex -2.125000e+00 -2.218061e+01 0.000000e+00
         vertex -1.453586e+00 -2.249369e+01 0.000000e+00
      endloop
   endfacet
   facet normal 2.588184e-01 9.659260e-01 -0.000000e+00
      outer loop
         vertex -1.453586e+00 -2.249369e+01 -1.400000e+01
         vertex -1.453586e+00 -2.249369e+01 0.000000e+00
         vertex -7.380047e-01 -2.268543e+01 -1.400000e+01
      endloop
   endfacet
   facet normal 2.588184e-01 9.659260e-01 -0.000000e+00
      outer loop
         vertex -7.380047e-01 -2.268543e+01 -1.400000e+01
         vertex -1.453586e+00 -2.249369e+01 0.000000e+00
         vertex -7.380047e-01 -2.268543e+01 0.000000e+00
      endloop
   endfacet
   facet normal 8.715532e-02 9.961947e-01 -0.000000e+00
      outer loop
         vertex -7.380047e-01 -2.268543e+01 -1.400000e+01
         vertex -7.380047e-01 -2.268543e+01 0.000000e+00
         vertex -7.807123e-16 -2.275000e+01 -1.400000e+01
      endloop
   endfacet
   facet normal 8.715532e-02 9.961947e-01 -0.000000e+00
      outer loop
         vertex -7.807123e-16 -2.275000e+01 -1.400000e+01
         vertex -7.380047e-01 -2.268543e+01 0.000000e+00
         vertex -7.807123e-16 -2.275000e+01 0.000000e+00
      endloop
   endfacet
   facet normal -8.715532e-02 9.961947e-01 0.000000e+00
      outer loop
         vertex -7.807123e-16 -2.275000e+01 -1.400000e+01
         vertex -7.807123e-16 -2.275000e+01 0.000000e+00
         vertex 7.380047e-01 -2.268543e+01 -1.400000e+01
      endloop
   endfacet
   facet normal -8.715532e-02 9.961947e-01 0.000000e+00
      outer loop
         vertex 7.380047e-01 -2.268543e+01 -1.400000e+01
         vertex -7.807123e-16 -2.275000e+01 0.000000e+00
         vertex 7.380047e-01 -2.268543e+01 0.000000e+00
      endloop
   endfacet
   facet normal -2.588184e-01 9.659260e-01 0.000000e+00
      outer loop
         vertex 7.380047e-01 -2.268543e+01 -1.400000e+01
         vertex 7.380047e-01 -2.268543e+01 0.000000e+00
         vertex 1.453586e+00 -2.249369e+01 -1.400000e+01
      endloop
   endfacet
   facet normal -2.588184e-01 9.659260e-01 0.000000e+00
      outer loop
         vertex 1.453586e+00 -2.249369e+01 -1.400000e+01
         vertex 7.380047e-01 -2.268543e+01 0.000000e+00
         vertex 1.453586e+00 -2.249369e+01 0.000000e+00
      endloop
   endfacet
   facet normal -4.226190e-01 9.063074e-01 0.000000e+00
      outer loop
         vertex 1.453586e+00 -2.249369e+01 -1.400000e+01
         vertex 1.453586e+00 -2.249369e+01 0.000000e+00
         vertex 2.125000e+00 -2.218061e+01 -1.400000e+01
      endloop
   endfacet
   facet normal -4.226190e-01 9.063074e-01 0.000000e+00
      outer loop
         vertex 2.125000e+00 -2.218061e+01 -1.400000e+01
         vertex 1.453586e+00 -2.249369e+01 0.000000e+00
         vertex 2.125000e+00 -2.218061e+01 0.000000e+00
      endloop
   endfacet
   facet normal -5.735753e-01 8.191528e-01 0.000000e+00
      outer loop
         vertex 2.125000e+00 -2.218061e+01 -1.400000e+01
         vertex 2.125000e+00 -2.218061e+01 0.000000e+00
         vertex 2.731847e+00 -2.175569e+01 -1.400000e+01
      endloop
   endfacet
   facet normal -5.735753e-01 8.191528e-01 0.000000e+00
      outer loop
         vertex 2.731847e+00 -2.175569e+01 -1.400000e+01
         vertex 2.125000e+00 -2.218061e+01 0.000000e+00
         vertex 2.731847e+00 -2.175569e+01 0.000000e+00
      endloop
   endfacet
   facet normal -7.071077e-01 7.071058e-01 0.000000e+00
      outer loop
         vertex 2.731847e+00 -2.175569e+01 -1.400000e+01
         vertex 2.731847e+00 -2.175569e+01 0.000000e+00
         vertex 3.255689e+00 -2.123185e+01 -1.400000e+01
      endloop
   endfacet
   facet normal -7.071077e-01 7.071058e-01 0.000000e+00
      outer loop
         vertex 3.255689e+00 -2.123185e+01 -1.400000e+01
         vertex 2.731847e+00 -2.175569e+01 0.000000e+00
         vertex 3.255689e+00 -2.123185e+01 0.000000e+00
      endloop
   endfacet
   facet normal -8.191514e-01 5.735773e-01 0.000000e+00
      outer loop
         vertex 3.255689e+00 -2.123185e+01 -1.400000e+01
         vertex 3.255689e+00 -2.123185e+01 0.000000e+00
         vertex 3.680608e+00 -2.062500e+01 -1.400000e+01
      endloop
   endfacet
   facet normal -8.191514e-01 5.735773e-01 0.000000e+00
      outer loop
         vertex 3.680608e+00 -2.062500e+01 -1.400000e+01
         vertex 3.255689e+00 -2.123185e+01 0.000000e+00
         vertex 3.680608e+00 -2.062500e+01 0.000000e+00
      endloop
   endfacet
   facet normal -9.063078e-01 4.226182e-01 0.000000e+00
      outer loop
         vertex 3.680608e+00 -2.062500e+01 -1.400000e+01
         vertex 3.680608e+00 -2.062500e+01 0.000000e+00
         vertex 3.993694e+00 -1.995359e+01 -1.400000e+01
      endloop
   endfacet
   facet normal -9.063078e-01 4.226182e-01 0.000000e+00
      outer loop
         vertex 3.993694e+00 -1.995359e+01 -1.400000e+01
         vertex 3.680608e+00 -2.062500e+01 0.000000e+00
         vertex 3.993694e+00 -1.995359e+01 0.000000e+00
      endloop
   endfacet
   facet normal -9.659259e-01 2.588187e-01 0.000000e+00
      outer loop
         vertex 3.993694e+00 -1.995359e+01 -1.400000e+01
         vertex 3.993694e+00 -1.995359e+01 0.000000e+00
         vertex 4.185433e+00 -1.923800e+01 -1.400000e+01
      endloop
   endfacet
   facet normal -9.659259e-01 2.588187e-01 0.000000e+00
      outer loop
         vertex 4.185433e+00 -1.923800e+01 -1.400000e+01
         vertex 3.993694e+00 -1.995359e+01 0.000000e+00
         vertex 4.185433e+00 -1.923800e+01 0.000000e+00
      endloop
   endfacet
   facet normal -9.961947e-01 8.715600e-02 0.000000e+00
      outer loop
         vertex 4.185433e+00 -1.923800e+01 -1.400000e+01
         vertex 4.185433e+00 -1.923800e+01 0.000000e+00
         vertex 4.250000e+00 -1.850000e+01 -1.400000e+01
      endloop
   endfacet
   facet normal -9.961947e-01 8.715600e-02 0.000000e+00
      outer loop
         vertex 4.250000e+00 -1.850000e+01 -1.400000e+01
         vertex 4.185433e+00 -1.923800e+01 0.000000e+00
         vertex 4.250000e+00 -1.850000e+01 0.000000e+00
      endloop
   endfacet
   facet normal 0.000000e+00 -0.000000e+00 1.000000e+00
      outer loop
         vertex 3.993694e+00 -1.995359e+01 -1.400000e+01
         vertex 4.185433e+00 -1.923800e+01 -1.400000e+01
         vertex 0.000000e+00 -1.850000e+01 -1.400000e+01
      endloop
   endfacet
   facet normal -0.000000e+00 0.000000e+00 1.000000e+00
      outer loop
         vertex 0.000000e+00 -1.850000e+01 -1.400000e+01
         vertex 4.185433e+00 -1.923800e+01 -1.400000e+01
         vertex 4.250000e+00 -1.850000e+01 -1.400000e+01
      endloop
   endfacet
   facet normal 0.000000e+00 0.000000e+00 1.000000e+00
      outer loop
         vertex 0.000000e+00 -1.850000e+01 -1.400000e+01
         vertex 4.250000e+00 -1.850000e+01 -1.400000e+01
         vertex 4.185433e+00 -1.776200e+01 -1.400000e+01
      endloop
   endfacet
   facet normal 0.000000e+00 -0.000000e+00 1.000000e+00
      outer loop
         vertex 2.731847e+00 -2.175569e+01 -1.400000e+01
         vertex 3.255689e+00 -2.123185e+01 -1.400000e+01
         vertex 0.000000e+00 -1.850000e+01 -1.400000e+01
      endloop
   endfacet
   facet normal 0.000000e+00 0.000000e+00 1.000000e+00
      outer loop
         vertex 0.000000e+00 -1.850000e+01 -1.400000e+01
         vertex 3.255689e+00 -2.123185e+01 -1.400000e+01
         vertex 3.680608e+00 -2.062500e+01 -1.400000e+01
      endloop
   endfacet
   facet normal 0.000000e+00 0.000000e+00 1.000000e+00
      outer loop
         vertex 0.000000e+00 -1.850000e+01 -1.400000e+01
         vertex 3.680608e+00 -2.062500e+01 -1.400000e+01
         vertex 3.993694e+00 -1.995359e+01 -1.400000e+01
      endloop
   endfacet
   facet normal 0.000000e+00 -0.000000e+00 1.000000e+00
      outer loop
         vertex 7.380047e-01 -2.268543e+01 -1.400000e+01
         vertex 1.453586e+00 -2.249369e+01 -1.400000e+01
         vertex 0.000000e+00 -1.850000e+01 -1.400000e+01
      endloop
   endfacet
   facet normal 0.000000e+00 0.000000e+00 1.000000e+00
      outer loop
         vertex 0.000000e+00 -1.850000e+01 -1.400000e+01
         vertex 1.453586e+00 -2.249369e+01 -1.400000e+01
         vertex 2.125000e+00 -2.218061e+01 -1.400000e+01
      endloop
   endfacet
   facet normal 0.000000e+00 0.000000e+00 1.000000e+00
      outer loop
         vertex 0.000000e+00 -1.850000e+01 -1.400000e+01
         vertex 2.125000e+00 -2.218061e+01 -1.400000e+01
         vertex 2.731847e+00 -2.175569e+01 -1.400000e+01
      endloop
   endfacet
   facet normal -0.000000e+00 0.000000e+00 1.000000e+00
      outer loop
         vertex -1.453586e+00 -2.249369e+01 -1.400000e+01
         vertex -7.380047e-01 -2.268543e+01 -1.400000e+01
         vertex 0.000000e+00 -1.850000e+01 -1.400000e+01
      endloop
   endfacet
   facet normal 0.000000e+00 0.000000e+00 1.000000e+00
      outer loop
         vertex 0.000000e+00 -1.850000e+01 -1.400000e+01
         vertex -7.380047e-01 -2.268543e+01 -1.400000e+01
         vertex -7.807123e-16 -2.275000e+01 -1.400000e+01
      endloop
   endfacet
   facet normal 0.000000e+00 0.000000e+00 1.000000e+00
      outer loop
         vertex 0.000000e+00 -1.850000e+01 -1.400000e+01
         vertex -7.807123e-16 -2.275000e+01 -1.400000e+01
         vertex 7.380047e-01 -2.268543e+01 -1.400000e+01
      endloop
   endfacet
   facet normal -0.000000e+00 0.000000e+00 1.000000e+00
      outer loop
         vertex -3.255689e+00 -2.123185e+01 -1.400000e+01
         vertex -2.731847e+00 -2.175569e+01 -1.400000e+01
         vertex 0.000000e+00 -1.850000e+01 -1.400000e+01
      endloop
   endfacet
   facet normal 0.000000e+00 0.000000e+00 1.000000e+00
      outer loop
         vertex 0.000000e+00 -1.850000e+01 -1.400000e+01
         vertex -2.731847e+00 -2.175569e+01 -1.400000e+01
         vertex -2.125000e+00 -2.218061e+01 -1.400000e+01
      endloop
   endfacet
   facet normal 0.000000e+00 0.000000e+00 1.000000e+00
      outer loop
         vertex 0.000000e+00 -1.850000e+01 -1.400000e+01
         vertex -2.125000e+00 -2.218061e+01 -1.400000e+01
         vertex -1.453586e+00 -2.249369e+01 -1.400000e+01
      endloop
   endfacet
   facet normal -0.000000e+00 0.000000e+00 1.000000e+00
      outer loop
         vertex -4.185433e+00 -1.923800e+01 -1.400000e+01
         vertex -3.993694e+00 -1.995359e+01 -1.400000e+01
         vertex 0.000000e+00 -1.850000e+01 -1.400000e+01
      endloop
   endfacet
   facet normal 0.000000e+00 0.000000e+00 1.000000e+00
      outer loop
         vertex 0.000000e+00 -1.850000e+01 -1.400000e+01
         vertex -3.993694e+00 -1.995359e+01 -1.400000e+01
         vertex -3.680608e+00 -2.062500e+01 -1.400000e+01
      endloop
   endfacet
   facet normal 0.000000e+00 0.000000e+00 1.000000e+00
      outer loop
         vertex 0.000000e+00 -1.850000e+01 -1.400000e+01
         vertex -3.680608e+00 -2.062500e+01 -1.400000e+01
         vertex -3.255689e+00 -2.123185e+01 -1.400000e+01
      endloop
   endfacet
   facet normal 0.000000e+00 0.000000e+00 1.000000e+00
      outer loop
         vertex -3.993694e+00 -1.704641e+01 -1.400000e+01
         vertex -4.185433e+00 -1.776200e+01 -1.400000e+01
         vertex 0.000000e+00 -1.850000e+01 -1.400000e+01
      endloop
   endfacet
   facet normal 0.000000e+00 0.000000e+00 1.000000e+00
      outer loop
         vertex 0.000000e+00 -1.850000e+01 -1.400000e+01
         vertex -4.185433e+00 -1.776200e+01 -1.400000e+01
         vertex -4.250000e+00 -1.850000e+01 -1.400000e+01
      endloop
   endfacet
   facet normal 0.000000e+00 0.000000e+00 1.000000e+00
      outer loop
         vertex 0.000000e+00 -1.850000e+01 -1.400000e+01
         vertex -4.250000e+00 -1.850000e+01 -1.400000e+01
         vertex -4.185433e+00 -1.923800e+01 -1.400000e+01
      endloop
   endfacet
   facet normal 0.000000e+00 0.000000e+00 1.000000e+00
      outer loop
         vertex -2.731847e+00 -1.524431e+01 -1.400000e+01
         vertex -3.255689e+00 -1.576815e+01 -1.400000e+01
         vertex 0.000000e+00 -1.850000e+01 -1.400000e+01
      endloop
   endfacet
   facet normal 0.000000e+00 0.000000e+00 1.000000e+00
      outer loop
         vertex 0.000000e+00 -1.850000e+01 -1.400000e+01
         vertex -3.255689e+00 -1.576815e+01 -1.400000e+01
         vertex -3.680608e+00 -1.637500e+01 -1.400000e+01
      endloop
   endfacet
   facet normal 0.000000e+00 0.000000e+00 1.000000e+00
      outer loop
         vertex 0.000000e+00 -1.850000e+01 -1.400000e+01
         vertex -3.680608e+00 -1.637500e+01 -1.400000e+01
         vertex -3.993694e+00 -1.704641e+01 -1.400000e+01
      endloop
   endfacet
   facet normal 0.000000e+00 0.000000e+00 1.000000e+00
      outer loop
         vertex -7.380047e-01 -1.431457e+01 -1.400000e+01
         vertex -1.453586e+00 -1.450631e+01 -1.400000e+01
         vertex 0.000000e+00 -1.850000e+01 -1.400000e+01
      endloop
   endfacet
   facet normal 0.000000e+00 0.000000e+00 1.000000e+00
      outer loop
         vertex 0.000000e+00 -1.850000e+01 -1.400000e+01
         vertex -1.453586e+00 -1.450631e+01 -1.400000e+01
         vertex -2.125000e+00 -1.481939e+01 -1.400000e+01
      endloop
   endfacet
   facet normal 0.000000e+00 0.000000e+00 1.000000e+00
      outer loop
         vertex 0.000000e+00 -1.850000e+01 -1.400000e+01
         vertex -2.125000e+00 -1.481939e+01 -1.400000e+01
         vertex -2.731847e+00 -1.524431e+01 -1.400000e+01
      endloop
   endfacet
   facet normal 0.000000e+00 0.000000e+00 1.000000e+00
      outer loop
         vertex 1.453586e+00 -1.450631e+01 -1.400000e+01
         vertex 7.380047e-01 -1.431457e+01 -1.400000e+01
         vertex 0.000000e+00 -1.850000e+01 -1.400000e+01
      endloop
   endfacet
   facet normal 0.000000e+00 0.000000e+00 1.000000e+00
      outer loop
         vertex 0.000000e+00 -1.850000e+01 -1.400000e+01
         vertex 7.380047e-01 -1.431457e+01 -1.400000e+01
         vertex 2.602375e-16 -1.425000e+01 -1.400000e+01
      endloop
   endfacet
   facet normal 0.000000e+00 -0.000000e+00 1.000000e+00
      outer loop
         vertex 0.000000e+00 -1.850000e+01 -1.400000e+01
         vertex 2.602375e-16 -1.425000e+01 -1.400000e+01
         vertex -7.380047e-01 -1.431457e+01 -1.400000e+01
      endloop
   endfacet
   facet normal 0.000000e+00 0.000000e+00 1.000000e+00
      outer loop
         vertex 3.255689e+00 -1.576815e+01 -1.400000e+01
         vertex 2.731847e+00 -1.524431e+01 -1.400000e+01
         vertex 0.000000e+00 -1.850000e+01 -1.400000e+01
      endloop
   endfacet
   facet normal 0.000000e+00 0.000000e+00 1.000000e+00
      outer loop
         vertex 0.000000e+00 -1.850000e+01 -1.400000e+01
         vertex 2.731847e+00 -1.524431e+01 -1.400000e+01
         vertex 2.125000e+00 -1.481939e+01 -1.400000e+01
      endloop
   endfacet
   facet normal 0.000000e+00 0.000000e+00 1.000000e+00
      outer loop
         vertex 0.000000e+00 -1.850000e+01 -1.400000e+01
         vertex 2.125000e+00 -1.481939e+01 -1.400000e+01
         vertex 1.453586e+00 -1.450631e+01 -1.400000e+01
      endloop
   endfacet
   facet normal 0.000000e+00 0.000000e+00 1.000000e+00
      outer loop
         vertex 4.185433e+00 -1.776200e+01 -1.400000e+01
         vertex 3.993694e+00 -1.704641e+01 -1.400000e+01
         vertex 0.000000e+00 -1.850000e+01 -1.400000e+01
      endloop
   endfacet
   facet normal 0.000000e+00 0.000000e+00 1.000000e+00
      outer loop
         vertex 0.000000e+00 -1.850000e+01 -1.400000e+01
         vertex 3.993694e+00 -1.704641e+01 -1.400000e+01
         vertex 3.680608e+00 -1.637500e+01 -1.400000e+01
      endloop
   endfacet
   facet normal 0.000000e+00 0.000000e+00 1.000000e+00
      outer loop
         vertex 0.000000e+00 -1.850000e+01 -1.400000e+01
         vertex 3.680608e+00 -1.637500e+01 -1.400000e+01
         vertex 3.255689e+00 -1.576815e+01 -1.400000e+01
      endloop
   endfacet
   facet normal -9.961947e-01 -8.715622e-02 0.000000e+00
      outer loop
         vertex 4.250000e+00 6.250000e+01 -1.400000e+01
         vertex 4.250000e+00 6.250000e+01 0.000000e+00
         vertex 4.185433e+00 6.323800e+01 -1.400000e+01
      endloop
   endfacet
   facet normal -9.961947e-01 -8.715622e-02 0.000000e+00
      outer loop
         vertex 4.185433e+00 6.323800e+01 -1.400000e+01
         vertex 4.250000e+00 6.250000e+01 0.000000e+00
         vertex 4.185433e+00 6.323800e+01 0.000000e+00
      endloop
   endfacet
   facet normal -9.659261e-01 -2.588181e-01 0.000000e+00
      outer loop
         vertex 4.185433e+00 6.323800e+01 -1.400000e+01
         vertex 4.185433e+00 6.323800e+01 0.000000e+00
         vertex 3.993694e+00 6.395359e+01 -1.400000e+01
      endloop
   endfacet
   facet normal -9.659261e-01 -2.588181e-01 0.000000e+00
      outer loop
         vertex 3.993694e+00 6.395359e+01 -1.400000e+01
         vertex 4.185433e+00 6.323800e+01 0.000000e+00
         vertex 3.993694e+00 6.395359e+01 0.000000e+00
      endloop
   endfacet
   facet normal -9.063083e-01 -4.226172e-01 0.000000e+00
      outer loop
         vertex 3.993694e+00 6.395359e+01 -1.400000e+01
         vertex 3.993694e+00 6.395359e+01 0.000000e+00
         vertex 3.680608e+00 6.462500e+01 -1.400000e+01
      endloop
   endfacet
   facet normal -9.063083e-01 -4.226172e-01 0.000000e+00
      outer loop
         vertex 3.680608e+00 6.462500e+01 -1.400000e+01
         vertex 3.993694e+00 6.395359e+01 0.000000e+00
         vertex 3.680608e+00 6.462500e+01 0.000000e+00
      endloop
   endfacet
   facet normal -8.191498e-01 -5.735797e-01 0.000000e+00
      outer loop
         vertex 3.680608e+00 6.462500e+01 -1.400000e+01
         vertex 3.680608e+00 6.462500e+01 0.000000e+00
         vertex 3.255689e+00 6.523184e+01 -1.400000e+01
      endloop
   endfacet
   facet normal -8.191498e-01 -5.735797e-01 0.000000e+00
      outer loop
         vertex 3.255689e+00 6.523184e+01 -1.400000e+01
         vertex 3.680608e+00 6.462500e+01 0.000000e+00
         vertex 3.255689e+00 6.523184e+01 0.000000e+00
      endloop
   endfacet
   facet normal -7.071077e-01 -7.071058e-01 0.000000e+00
      outer loop
         vertex 3.255689e+00 6.523184e+01 -1.400000e+01
         vertex 3.255689e+00 6.523184e+01 0.000000e+00
         vertex 2.731847e+00 6.575569e+01 -1.400000e+01
      endloop
   endfacet
   facet normal -7.071077e-01 -7.071058e-01 0.000000e+00
      outer loop
         vertex 2.731847e+00 6.575569e+01 -1.400000e+01
         vertex 3.255689e+00 6.523184e+01 0.000000e+00
         vertex 2.731847e+00 6.575569e+01 0.000000e+00
      endloop
   endfacet
   facet normal -5.735787e-01 -8.191505e-01 0.000000e+00
      outer loop
         vertex 2.731847e+00 6.575569e+01 -1.400000e+01
         vertex 2.731847e+00 6.575569e+01 0.000000e+00
         vertex 2.125000e+00 6.618061e+01 -1.400000e+01
      endloop
   endfacet
   facet normal -5.735787e-01 -8.191505e-01 0.000000e+00
      outer loop
         vertex 2.125000e+00 6.618061e+01 -1.400000e+01
         vertex 2.731847e+00 6.575569e+01 0.000000e+00
         vertex 2.125000e+00 6.618061e+01 0.000000e+00
      endloop
   endfacet
   facet normal -4.226128e-01 -9.063103e-01 0.000000e+00
      outer loop
         vertex 2.125000e+00 6.618061e+01 -1.400000e+01
         vertex 2.125000e+00 6.618061e+01 0.000000e+00
         vertex 1.453586e+00 6.649369e+01 -1.400000e+01
      endloop
   endfacet
   facet normal -4.226128e-01 -9.063103e-01 0.000000e+00
      outer loop
         vertex 1.453586e+00 6.649369e+01 -1.400000e+01
         vertex 2.125000e+00 6.618061e+01 0.000000e+00
         vertex 1.453586e+00 6.649369e+01 0.000000e+00
      endloop
   endfacet
   facet normal -2.588208e-01 -9.659254e-01 0.000000e+00
      outer loop
         vertex 1.453586e+00 6.649369e+01 -1.400000e+01
         vertex 1.453586e+00 6.649369e+01 0.000000e+00
         vertex 7.380047e-01 6.668543e+01 -1.400000e+01
      endloop
   endfacet
   facet normal -2.588208e-01 -9.659254e-01 0.000000e+00
      outer loop
         vertex 7.380047e-01 6.668543e+01 -1.400000e+01
         vertex 1.453586e+00 6.649369e+01 0.000000e+00
         vertex 7.380047e-01 6.668543e+01 0.000000e+00
      endloop
   endfacet
   facet normal -8.715532e-02 -9.961947e-01 0.000000e+00
      outer loop
         vertex 7.380047e-01 6.668543e+01 -1.400000e+01
         vertex 7.380047e-01 6.668543e+01 0.000000e+00
         vertex 2.602375e-16 6.675000e+01 -1.400000e+01
      endloop
   endfacet
   facet normal -8.715532e-02 -9.961947e-01 0.000000e+00
      outer loop
         vertex 2.602375e-16 6.675000e+01 -1.400000e+01
         vertex 7.380047e-01 6.668543e+01 0.000000e+00
         vertex 2.602375e-16 6.675000e+01 0.000000e+00
      endloop
   endfacet
   facet normal 8.715532e-02 -9.961947e-01 0.000000e+00
      outer loop
         vertex 2.602375e-16 6.675000e+01 -1.400000e+01
         vertex 2.602375e-16 6.675000e+01 0.000000e+00
         vertex -7.380047e-01 6.668543e+01 -1.400000e+01
      endloop
   endfacet
   facet normal 8.715532e-02 -9.961947e-01 0.000000e+00
      outer loop
         vertex -7.380047e-01 6.668543e+01 -1.400000e+01
         vertex 2.602375e-16 6.675000e+01 0.000000e+00
         vertex -7.380047e-01 6.668543e+01 0.000000e+00
      endloop
   endfacet
   facet normal 2.588208e-01 -9.659254e-01 0.000000e+00
      outer loop
         vertex -7.380047e-01 6.668543e+01 -1.400000e+01
         vertex -7.380047e-01 6.668543e+01 0.000000e+00
         vertex -1.453586e+00 6.649369e+01 -1.400000e+01
      endloop
   endfacet
   facet normal 2.588208e-01 -9.659254e-01 0.000000e+00
      outer loop
         vertex -1.453586e+00 6.649369e+01 -1.400000e+01
         vertex -7.380047e-01 6.668543e+01 0.000000e+00
         vertex -1.453586e+00 6.649369e+01 0.000000e+00
      endloop
   endfacet
   facet normal 4.226128e-01 -9.063103e-01 0.000000e+00
      outer loop
         vertex -1.453586e+00 6.649369e+01 -1.400000e+01
         vertex -1.453586e+00 6.649369e+01 0.000000e+00
         vertex -2.125000e+00 6.618061e+01 -1.400000e+01
      endloop
   endfacet
   facet normal 4.226128e-01 -9.063103e-01 0.000000e+00
      outer loop
         vertex -2.125000e+00 6.618061e+01 -1.400000e+01
         vertex -1.453586e+00 6.649369e+01 0.000000e+00
         vertex -2.125000e+00 6.618061e+01 0.000000e+00
      endloop
   endfacet
   facet normal 5.735787e-01 -8.191505e-01 0.000000e+00
      outer loop
         vertex -2.125000e+00 6.618061e+01 -1.400000e+01
         vertex -2.125000e+00 6.618061e+01 0.000000e+00
         vertex -2.731847e+00 6.575569e+01 -1.400000e+01
      endloop
   endfacet
   facet normal 5.735787e-01 -8.191505e-01 0.000000e+00
      outer loop
         vertex -2.731847e+00 6.575569e+01 -1.400000e+01
         vertex -2.125000e+00 6.618061e+01 0.000000e+00
         vertex -2.731847e+00 6.575569e+01 0.000000e+00
      endloop
   endfacet
   facet normal 7.071077e-01 -7.071058e-01 0.000000e+00
      outer loop
         vertex -2.731847e+00 6.575569e+01 -1.400000e+01
         vertex -2.731847e+00 6.575569e+01 0.000000e+00
         vertex -3.255689e+00 6.523184e+01 -1.400000e+01
      endloop
   endfacet
   facet normal 7.071077e-01 -7.071058e-01 0.000000e+00
      outer loop
         vertex -3.255689e+00 6.523184e+01 -1.400000e+01
         vertex -2.731847e+00 6.575569e+01 0.000000e+00
         vertex -3.255689e+00 6.523184e+01 0.000000e+00
      endloop
   endfacet
   facet normal 8.191498e-01 -5.735797e-01 0.000000e+00
      outer loop
         vertex -3.255689e+00 6.523184e+01 -1.400000e+01
         vertex -3.255689e+00 6.523184e+01 0.000000e+00
         vertex -3.680608e+00 6.462500e+01 -1.400000e+01
      endloop
   endfacet
   facet normal 8.191498e-01 -5.735797e-01 0.000000e+00
      outer loop
         vertex -3.680608e+00 6.462500e+01 -1.400000e+01
         vertex -3.255689e+00 6.523184e+01 0.000000e+00
         vertex -3.680608e+00 6.462500e+01 0.000000e+00
      endloop
   endfacet
   facet normal 9.063083e-01 -4.226172e-01 0.000000e+00
      outer loop
         vertex -3.680608e+00 6.462500e+01 -1.400000e+01
         vertex -3.680608e+00 6.462500e+01 0.000000e+00
         vertex -3.993694e+00 6.395359e+01 -1.400000e+01
      endloop
   endfacet
   facet normal 9.063083e-01 -4.226172e-01 0.000000e+00
      outer loop
         vertex -3.993694e+00 6.395359e+01 -1.400000e+01
         vertex -3.680608e+00 6.462500e+01 0.000000e+00
         vertex -3.993694e+00 6.395359e+01 0.000000e+00
      endloop
   endfacet
   facet normal 9.659261e-01 -2.588181e-01 0.000000e+00
      outer loop
         vertex -3.993694e+00 6.395359e+01 -1.400000e+01
         vertex -3.993694e+00 6.395359e+01 0.000000e+00
         vertex -4.185433e+00 6.323800e+01 -1.400000e+01
      endloop
   endfacet
   facet normal 9.659261e-01 -2.588181e-01 0.000000e+00
      outer loop
         vertex -4.185433e+00 6.323800e+01 -1.400000e+01
         vertex -3.993694e+00 6.395359e+01 0.000000e+00
         vertex -4.185433e+00 6.323800e+01 0.000000e+00
      endloop
   endfacet
   facet normal 9.961947e-01 -8.715622e-02 0.000000e+00
      outer loop
         vertex -4.185433e+00 6.323800e+01 -1.400000e+01
         vertex -4.185433e+00 6.323800e+01 0.000000e+00
         vertex -4.250000e+00 6.250000e+01 -1.400000e+01
      endloop
   endfacet
   facet normal 9.961947e-01 -8.715622e-02 0.000000e+00
      outer loop
         vertex -4.250000e+00 6.250000e+01 -1.400000e+01
         vertex -4.185433e+00 6.323800e+01 0.000000e+00
         vertex -4.250000e+00 6.250000e+01 0.000000e+00
      endloop
   endfacet
   facet normal 9.961947e-01 8.715578e-02 -0.000000e+00
      outer loop
         vertex -4.250000e+00 6.250000e+01 -1.400000e+01
         vertex -4.250000e+00 6.250000e+01 0.000000e+00
         vertex -4.185433e+00 6.176199e+01 -1.400000e+01
      endloop
   endfacet
   facet normal 9.961947e-01 8.715578e-02 -0.000000e+00
      outer loop
         vertex -4.185433e+00 6.176199e+01 -1.400000e+01
         vertex -4.250000e+00 6.250000e+01 0.000000e+00
         vertex -4.185433e+00 6.176199e+01 0.000000e+00
      endloop
   endfacet
   facet normal 9.659257e-01 2.588194e-01 -0.000000e+00
      outer loop
         vertex -4.185433e+00 6.176199e+01 -1.400000e+01
         vertex -4.185433e+00 6.176199e+01 0.000000e+00
         vertex -3.993694e+00 6.104641e+01 -1.400000e+01
      endloop
   endfacet
   facet normal 9.659257e-01 2.588194e-01 -0.000000e+00
      outer loop
         vertex -3.993694e+00 6.104641e+01 -1.400000e+01
         vertex -4.185433e+00 6.176199e+01 0.000000e+00
         vertex -3.993694e+00 6.104641e+01 0.000000e+00
      endloop
   endfacet
   facet normal 9.063074e-01 4.226192e-01 -0.000000e+00
      outer loop
         vertex -3.993694e+00 6.104641e+01 -1.400000e+01
         vertex -3.993694e+00 6.104641e+01 0.000000e+00
         vertex -3.680608e+00 6.037500e+01 -1.400000e+01
      endloop
   endfacet
   facet normal 9.063074e-01 4.226192e-01 -0.000000e+00
      outer loop
         vertex -3.680608e+00 6.037500e+01 -1.400000e+01
         vertex -3.993694e+00 6.104641e+01 0.000000e+00
         vertex -3.680608e+00 6.037500e+01 0.000000e+00
      endloop
   endfacet
   facet normal 8.191531e-01 5.735750e-01 -0.000000e+00
      outer loop
         vertex -3.680608e+00 6.037500e+01 -1.400000e+01
         vertex -3.680608e+00 6.037500e+01 0.000000e+00
         vertex -3.255689e+00 5.976815e+01 -1.400000e+01
      endloop
   endfacet
   facet normal 8.191531e-01 5.735750e-01 -0.000000e+00
      outer loop
         vertex -3.255689e+00 5.976815e+01 -1.400000e+01
         vertex -3.680608e+00 6.037500e+01 0.000000e+00
         vertex -3.255689e+00 5.976815e+01 0.000000e+00
      endloop
   endfacet
   facet normal 7.071052e-01 7.071084e-01 -0.000000e+00
      outer loop
         vertex -3.255689e+00 5.976815e+01 -1.400000e+01
         vertex -3.255689e+00 5.976815e+01 0.000000e+00
         vertex -2.731847e+00 5.924431e+01 -1.400000e+01
      endloop
   endfacet
   facet normal 7.071052e-01 7.071084e-01 -0.000000e+00
      outer loop
         vertex -2.731847e+00 5.924431e+01 -1.400000e+01
         vertex -3.255689e+00 5.976815e+01 0.000000e+00
         vertex -2.731847e+00 5.924431e+01 0.000000e+00
      endloop
   endfacet
   facet normal 5.735787e-01 8.191505e-01 -0.000000e+00
      outer loop
         vertex -2.731847e+00 5.924431e+01 -1.400000e+01
         vertex -2.731847e+00 5.924431e+01 0.000000e+00
         vertex -2.125000e+00 5.881939e+01 -1.400000e+01
      endloop
   endfacet
   facet normal 5.735787e-01 8.191505e-01 -0.000000e+00
      outer loop
         vertex -2.125000e+00 5.881939e+01 -1.400000e+01
         vertex -2.731847e+00 5.924431e+01 0.000000e+00
         vertex -2.125000e+00 5.881939e+01 0.000000e+00
      endloop
   endfacet
   facet normal 4.226170e-01 9.063084e-01 -0.000000e+00
      outer loop
         vertex -2.125000e+00 5.881939e+01 -1.400000e+01
         vertex -2.125000e+00 5.881939e+01 0.000000e+00
         vertex -1.453586e+00 5.850631e+01 -1.400000e+01
      endloop
   endfacet
   facet normal 4.226170e-01 9.063084e-01 -0.000000e+00
      outer loop
         vertex -1.453586e+00 5.850631e+01 -1.400000e+01
         vertex -2.125000e+00 5.881939e+01 0.000000e+00
         vertex -1.453586e+00 5.850631e+01 0.000000e+00
      endloop
   endfacet
   facet normal 2.588208e-01 9.659254e-01 -0.000000e+00
      outer loop
         vertex -1.453586e+00 5.850631e+01 -1.400000e+01
         vertex -1.453586e+00 5.850631e+01 0.000000e+00
         vertex -7.380047e-01 5.831457e+01 -1.400000e+01
      endloop
   endfacet
   facet normal 2.588208e-01 9.659254e-01 -0.000000e+00
      outer loop
         vertex -7.380047e-01 5.831457e+01 -1.400000e+01
         vertex -1.453586e+00 5.850631e+01 0.000000e+00
         vertex -7.380047e-01 5.831457e+01 0.000000e+00
      endloop
   endfacet
   facet normal 8.715532e-02 9.961947e-01 -0.000000e+00
      outer loop
         vertex -7.380047e-01 5.831457e+01 -1.400000e+01
         vertex -7.380047e-01 5.831457e+01 0.000000e+00
         vertex -7.807123e-16 5.825000e+01 -1.400000e+01
      endloop
   endfacet
   facet normal 8.715532e-02 9.961947e-01 -0.000000e+00
      outer loop
         vertex -7.807123e-16 5.825000e+01 -1.400000e+01
         vertex -7.380047e-01 5.831457e+01 0.000000e+00
         vertex -7.807123e-16 5.825000e+01 0.000000e+00
      endloop
   endfacet
   facet normal -8.715532e-02 9.961947e-01 0.000000e+00
      outer loop
         vertex -7.807123e-16 5.825000e+01 -1.400000e+01
         vertex -7.807123e-16 5.825000e+01 0.000000e+00
         vertex 7.380047e-01 5.831457e+01 -1.400000e+01
      endloop
   endfacet
   facet normal -8.715532e-02 9.961947e-01 0.000000e+00
      outer loop
         vertex 7.380047e-01 5.831457e+01 -1.400000e+01
         vertex -7.807123e-16 5.825000e+01 0.000000e+00
         vertex 7.380047e-01 5.831457e+01 0.000000e+00
      endloop
   endfacet
   facet normal -2.588208e-01 9.659254e-01 0.000000e+00
      outer loop
         vertex 7.380047e-01 5.831457e+01 -1.400000e+01
         vertex 7.380047e-01 5.831457e+01 0.000000e+00
         vertex 1.453586e+00 5.850631e+01 -1.400000e+01
      endloop
   endfacet
   facet normal -2.588208e-01 9.659254e-01 0.000000e+00
      outer loop
         vertex 1.453586e+00 5.850631e+01 -1.400000e+01
         vertex 7.380047e-01 5.831457e+01 0.000000e+00
         vertex 1.453586e+00 5.850631e+01 0.000000e+00
      endloop
   endfacet
   facet normal -4.226170e-01 9.063084e-01 0.000000e+00
      outer loop
         vertex 1.453586e+00 5.850631e+01 -1.400000e+01
         vertex 1.453586e+00 5.850631e+01 0.000000e+00
         vertex 2.125000e+00 5.881939e+01 -1.400000e+01
      endloop
   endfacet
   facet normal -4.226170e-01 9.063084e-01 0.000000e+00
      outer loop
         vertex 2.125000e+00 5.881939e+01 -1.400000e+01
         vertex 1.453586e+00 5.850631e+01 0.000000e+00
         vertex 2.125000e+00 5.881939e+01 0.000000e+00
      endloop
   endfacet
   facet normal -5.735787e-01 8.191505e-01 0.000000e+00
      outer loop
         vertex 2.125000e+00 5.881939e+01 -1.400000e+01
         vertex 2.125000e+00 5.881939e+01 0.000000e+00
         vertex 2.731847e+00 5.924431e+01 -1.400000e+01
      endloop
   endfacet
   facet normal -5.735787e-01 8.191505e-01 0.000000e+00
      outer loop
         vertex 2.731847e+00 5.924431e+01 -1.400000e+01
         vertex 2.125000e+00 5.881939e+01 0.000000e+00
         vertex 2.731847e+00 5.924431e+01 0.000000e+00
      endloop
   endfacet
   facet normal -7.071052e-01 7.071084e-01 0.000000e+00
      outer loop
         vertex 2.731847e+00 5.924431e+01 -1.400000e+01
         vertex 2.731847e+00 5.924431e+01 0.000000e+00
         vertex 3.255689e+00 5.976815e+01 -1.400000e+01
      endloop
   endfacet
   facet normal -7.071052e-01 7.071084e-01 0.000000e+00
      outer loop
         vertex 3.255689e+00 5.976815e+01 -1.400000e+01
         vertex 2.731847e+00 5.924431e+01 0.000000e+00
         vertex 3.255689e+00 5.976815e+01 0.000000e+00
      endloop
   endfacet
   facet normal -8.191531e-01 5.735750e-01 0.000000e+00
      outer loop
         vertex 3.255689e+00 5.976815e+01 -1.400000e+01
         vertex 3.255689e+00 5.976815e+01 0.000000e+00
         vertex 3.680608e+00 6.037500e+01 -1.400000e+01
      endloop
   endfacet
   facet normal -8.191531e-01 5.735750e-01 0.000000e+00
      outer loop
         vertex 3.680608e+00 6.037500e+01 -1.400000e+01
         vertex 3.255689e+00 5.976815e+01 0.000000e+00
         vertex 3.680608e+00 6.037500e+01 0.000000e+00
      endloop
   endfacet
   facet normal -9.063074e-01 4.226192e-01 0.000000e+00
      outer loop
         vertex 3.680608e+00 6.037500e+01 -1.400000e+01
         vertex 3.680608e+00 6.037500e+01 0.000000e+00
         vertex 3.993694e+00 6.104641e+01 -1.400000e+01
      endloop
   endfacet
   facet normal -9.063074e-01 4.226192e-01 0.000000e+00
      outer loop
         vertex 3.993694e+00 6.104641e+01 -1.400000e+01
         vertex 3.680608e+00 6.037500e+01 0.000000e+00
         vertex 3.993694e+00 6.104641e+01 0.000000e+00
      endloop
   endfacet
   facet normal -9.659257e-01 2.588194e-01 0.000000e+00
      outer loop
         vertex 3.993694e+00 6.104641e+01 -1.400000e+01
         vertex 3.993694e+00 6.104641e+01 0.000000e+00
         vertex 4.185433e+00 6.176199e+01 -1.400000e+01
      endloop
   endfacet
   facet normal -9.659257e-01 2.588194e-01 0.000000e+00
      outer loop
         vertex 4.185433e+00 6.176199e+01 -1.400000e+01
         vertex 3.993694e+00 6.104641e+01 0.000000e+00
         vertex 4.185433e+00 6.176199e+01 0.000000e+00
      endloop
   endfacet
   facet normal -9.961947e-01 8.715578e-02 0.000000e+00
      outer loop
         vertex 4.185433e+00 6.176199e+01 -1.400000e+01
         vertex 4.185433e+00 6.176199e+01 0.000000e+00
         vertex 4.250000e+00 6.250000e+01 -1.400000e+01
      endloop
   endfacet
   facet normal -9.961947e-01 8.715578e-02 0.000000e+00
      outer loop
         vertex 4.250000e+00 6.250000e+01 -1.400000e+01
         vertex 4.185433e+00 6.176199e+01 0.000000e+00
         vertex 4.250000e+00 6.250000e+01 0.000000e+00
      endloop
   endfacet
   facet normal 0.000000e+00 -0.000000e+00 1.000000e+00
      outer loop
         vertex 3.993694e+00 6.104641e+01 -1.400000e+01
         vertex 4.185433e+00 6.176199e+01 -1.400000e+01
         vertex 0.000000e+00 6.250000e+01 -1.400000e+01
      endloop
   endfacet
   facet normal -0.000000e+00 0.000000e+00 1.000000e+00
      outer loop
         vertex 0.000000e+00 6.250000e+01 -1.400000e+01
         vertex 4.185433e+00 6.176199e+01 -1.400000e+01
         vertex 4.250000e+00 6.250000e+01 -1.400000e+01
      endloop
   endfacet
   facet normal 0.000000e+00 0.000000e+00 1.000000e+00
      outer loop
         vertex 0.000000e+00 6.250000e+01 -1.400000e+01
         vertex 4.250000e+00 6.250000e+01 -1.400000e+01
         vertex 4.185433e+00 6.323800e+01 -1.400000e+01
      endloop
   endfacet
   facet normal 0.000000e+00 -0.000000e+00 1.000000e+00
      outer loop
         vertex 2.731847e+00 5.924431e+01 -1.400000e+01
         vertex 3.255689e+00 5.976815e+01 -1.400000e+01
         vertex 0.000000e+00 6.250000e+01 -1.400000e+01
      endloop
   endfacet
   facet normal 0.000000e+00 0.000000e+00 1.000000e+00
      outer loop
         vertex 0.000000e+00 6.250000e+01 -1.400000e+01
         vertex 3.255689e+00 5.976815e+01 -1.400000e+01
         vertex 3.680608e+00 6.037500e+01 -1.400000e+01
      endloop
   endfacet
   facet normal 0.000000e+00 0.000000e+00 1.000000e+00
      outer loop
         vertex 0.000000e+00 6.250000e+01 -1.400000e+01
         vertex 3.680608e+00 6.037500e+01 -1.400000e+01
         vertex 3.993694e+00 6.104641e+01 -1.400000e+01
      endloop
   endfacet
   facet normal 0.000000e+00 -0.000000e+00 1.000000e+00
      outer loop
         vertex 7.380047e-01 5.831457e+01 -1.400000e+01
         vertex 1.453586e+00 5.850631e+01 -1.400000e+01
         vertex 0.000000e+00 6.250000e+01 -1.400000e+01
      endloop
   endfacet
   facet normal 0.000000e+00 0.000000e+00 1.000000e+00
      outer loop
         vertex 0.000000e+00 6.250000e+01 -1.400000e+01
         vertex 1.453586e+00 5.850631e+01 -1.400000e+01
         vertex 2.125000e+00 5.881939e+01 -1.400000e+01
      endloop
   endfacet
   facet normal 0.000000e+00 0.000000e+00 1.000000e+00
      outer loop
         vertex 0.000000e+00 6.250000e+01 -1.400000e+01
         vertex 2.125000e+00 5.881939e+01 -1.400000e+01
         vertex 2.731847e+00 5.924431e+01 -1.400000e+01
      endloop
   endfacet
   facet normal -0.000000e+00 0.000000e+00 1.000000e+00
      outer loop
         vertex -1.453586e+00 5.850631e+01 -1.400000e+01
         vertex -7.380047e-01 5.831457e+01 -1.400000e+01
         vertex 0.000000e+00 6.250000e+01 -1.400000e+01
      endloop
   endfacet
   facet normal 0.000000e+00 0.000000e+00 1.000000e+00
      outer loop
         vertex 0.000000e+00 6.250000e+01 -1.400000e+01
         vertex -7.380047e-01 5.831457e+01 -1.400000e+01
         vertex -7.807123e-16 5.825000e+01 -1.400000e+01
      endloop
   endfacet
   facet normal 0.000000e+00 0.000000e+00 1.000000e+00
      outer loop
         vertex 0.000000e+00 6.250000e+01 -1.400000e+01
         vertex -7.807123e-16 5.825000e+01 -1.400000e+01
         vertex 7.380047e-01 5.831457e+01 -1.400000e+01
      endloop
   endfacet
   facet normal -0.000000e+00 0.000000e+00 1.000000e+00
      outer loop
         vertex -3.255689e+00 5.976815e+01 -1.400000e+01
         vertex -2.731847e+00 5.924431e+01 -1.400000e+01
         vertex 0.000000e+00 6.250000e+01 -1.400000e+01
      endloop
   endfacet
   facet normal 0.000000e+00 0.000000e+00 1.000000e+00
      outer loop
         vertex 0.000000e+00 6.250000e+01 -1.400000e+01
         vertex -2.731847e+00 5.924431e+01 -1.400000e+01
         vertex -2.125000e+00 5.881939e+01 -1.400000e+01
      endloop
   endfacet
   facet normal 0.000000e+00 0.000000e+00 1.000000e+00
      outer loop
         vertex 0.000000e+00 6.250000e+01 -1.400000e+01
         vertex -2.125000e+00 5.881939e+01 -1.400000e+01
         vertex -1.453586e+00 5.850631e+01 -1.400000e+01
      endloop
   endfacet
   facet normal -0.000000e+00 0.000000e+00 1.000000e+00
      outer loop
         vertex -4.185433e+00 6.176199e+01 -1.400000e+01
         vertex -3.993694e+00 6.104641e+01 -1.400000e+01
         vertex 0.000000e+00 6.250000e+01 -1.400000e+01
      endloop
   endfacet
   facet normal 0.000000e+00 0.000000e+00 1.000000e+00
      outer loop
         vertex 0.000000e+00 6.250000e+01 -1.400000e+01
         vertex -3.993694e+00 6.104641e+01 -1.400000e+01
         vertex -3.680608e+00 6.037500e+01 -1.400000e+01
      endloop
   endfacet
   facet normal 0.000000e+00 0.000000e+00 1.000000e+00
      outer loop
         vertex 0.000000e+00 6.250000e+01 -1.400000e+01
         vertex -3.680608e+00 6.037500e+01 -1.400000e+01
         vertex -3.255689e+00 5.976815e+01 -1.400000e+01
      endloop
   endfacet
   facet normal 0.000000e+00 0.000000e+00 1.000000e+00
      outer loop
         vertex -3.993694e+00 6.395359e+01 -1.400000e+01
         vertex -4.185433e+00 6.323800e+01 -1.400000e+01
         vertex 0.000000e+00 6.250000e+01 -1.400000e+01
      endloop
   endfacet
   facet normal 0.000000e+00 0.000000e+00 1.000000e+00
      outer loop
         vertex 0.000000e+00 6.250000e+01 -1.400000e+01
         vertex -4.185433e+00 6.323800e+01 -1.400000e+01
         vertex -4.250000e+00 6.250000e+01 -1.400000e+01
      endloop
   endfacet
   facet normal 0.000000e+00 0.000000e+00 1.000000e+00
      outer loop
         vertex 0.000000e+00 6.250000e+01 -1.400000e+01
         vertex -4.250000e+00 6.250000e+01 -1.400000e+01
         vertex -4.185433e+00 6.176199e+01 -1.400000e+01
      endloop
   endfacet
   facet normal 0.000000e+00 0.000000e+00 1.000000e+00
      outer loop
         vertex -2.731847e+00 6.575569e+01 -1.400000e+01
         vertex -3.255689e+00 6.523184e+01 -1.400000e+01
         vertex 0.000000e+00 6.250000e+01 -1.400000e+01
      endloop
   endfacet
   facet normal 0.000000e+00 0.000000e+00 1.000000e+00
      outer loop
         vertex 0.000000e+00 6.250000e+01 -1.400000e+01
         vertex -3.255689e+00 6.523184e+01 -1.400000e+01
         vertex -3.680608e+00 6.462500e+01 -1.400000e+01
      endloop
   endfacet
   facet normal 0.000000e+00 0.000000e+00 1.000000e+00
      outer loop
         vertex 0.000000e+00 6.250000e+01 -1.400000e+01
         vertex -3.680608e+00 6.462500e+01 -1.400000e+01
         vertex -3.993694e+00 6.395359e+01 -1.400000e+01
      endloop
   endfacet
   facet normal 0.000000e+00 0.000000e+00 1.000000e+00
      outer loop
         vertex -7.380047e-01 6.668543e+01 -1.400000e+01
         vertex -1.453586e+00 6.649369e+01 -1.400000e+01
         vertex 0.000000e+00 6.250000e+01 -1.400000e+01
      endloop
   endfacet
   facet normal 0.000000e+00 0.000000e+00 1.000000e+00
      outer loop
         vertex 0.000000e+00 6.250000e+01 -1.400000e+01
         vertex -1.453586e+00 6.649369e+01 -1.400000e+01
         vertex -2.125000e+00 6.618061e+01 -1.400000e+01
      endloop
   endfacet
   facet normal 0.000000e+00 0.000000e+00 1.000000e+00
      outer loop
         vertex 0.000000e+00 6.250000e+01 -1.400000e+01
         vertex -2.125000e+00 6.618061e+01 -1.400000e+01
         vertex -2.731847e+00 6.575569e+01 -1.400000e+01
      endloop
   endfacet
   facet normal 0.000000e+00 0.000000e+00 1.000000e+00
      outer loop
         vertex 1.453586e+00 6.649369e+01 -1.400000e+01
         vertex 7.380047e-01 6.668543e+01 -1.400000e+01
         vertex 0.000000e+00 6.250000e+01 -1.400000e+01
      endloop
   endfacet
   facet normal 0.000000e+00 0.000000e+00 1.000000e+00
      outer loop
         vertex 0.000000e+00 6.250000e+01 -1.400000e+01
         vertex 7.380047e-01 6.668543e+01 -1.400000e+01
         vertex 2.602375e-16 6.675000e+01 -1.400000e+01
      endloop
   endfacet
   facet normal 0.000000e+00 -0.000000e+00 1.000000e+00
      outer loop
         vertex 0.000000e+00 6.250000e+01 -1.400000e+01
         vertex 2.602375e-16 6.675000e+01 -1.400000e+01
         vertex -7.380047e-01 6.668543e+01 -1.400000e+01
      endloop
   endfacet
   facet normal 0.000000e+00 0.000000e+00 1.000000e+00
      outer loop
         vertex 3.255689e+00 6.523184e+01 -1.400000e+01
         vertex 2.731847e+00 6.575569e+01 -1.400000e+01
         vertex 0.000000e+00 6.250000e+01 -1.400000e+01
      endloop
   endfacet
   facet normal 0.000000e+00 0.000000e+00 1.000000e+00
      outer loop
         vertex 0.000000e+00 6.250000e+01 -1.400000e+01
         vertex 2.731847e+00 6.575569e+01 -1.400000e+01
         vertex 2.125000e+00 6.618061e+01 -1.400000e+01
      endloop
   endfacet
   facet normal 0.000000e+00 0.000000e+00 1.000000e+00
      outer loop
         vertex 0.000000e+00 6.250000e+01 -1.400000e+01
         vertex 2.125000e+00 6.618061e+01 -1.400000e+01
         vertex 1.453586e+00 6.649369e+01 -1.400000e+01
      endloop
   endfacet
   facet normal 0.000000e+00 0.000000e+00 1.000000e+00
      outer loop
         vertex 4.185433e+00 6.323800e+01 -1.400000e+01
         vertex 3.993694e+00 6.395359e+01 -1.400000e+01
         vertex 0.000000e+00 6.250000e+01 -1.400000e+01
      endloop
   endfacet
   facet normal 0.000000e+00 0.000000e+00 1.000000e+00
      outer loop
         vertex 0.000000e+00 6.250000e+01 -1.400000e+01
         vertex 3.993694e+00 6.395359e+01 -1.400000e+01
         vertex 3.680608e+00 6.462500e+01 -1.400000e+01
      endloop
   endfacet
   facet normal 0.000000e+00 0.000000e+00 1.000000e+00
      outer loop
         vertex 0.000000e+00 6.250000e+01 -1.400000e+01
         vertex 3.680608e+00 6.462500e+01 -1.400000e+01
         vertex 3.255689e+00 6.523184e+01 -1.400000e+01
      endloop
   endfacet
endsolid