solid lang_macro-grip_48120-77_slides=100
   facet normal 0.000000e+00 0.000000e+00 1.000000e+00
      outer loop
         vertex -7.500000e+00 1.150000e+01 -2.800000e+01
         vertex -6.500000e+01 1.550000e+01 -2.800000e+01
         vertex -7.500000e+00 -1.150000e+01 -2.800000e+01
      endloop
   endfacet
   facet normal 0.000000e+00 0.000000e+00 1.000000e+00
      outer loop
         vertex -7.500000e+00 -1.150000e+01 -2.800000e+01
         vertex -6.500000e+01 1.550000e+01 -2.800000e+01
         vertex -6.500000e+01 -1.550000e+01 -2.800000e+01
      endloop
   endfacet
   facet normal 0.000000e+00 0.000000e+00 1.000000e+00
      outer loop
         vertex -7.500000e+00 -1.150000e+01 -2.800000e+01
         vertex -6.500000e+01 -1.550000e+01 -2.800000e+01
         vertex -5.500000e+00 -1.350000e+01 -2.800000e+01
      endloop
   endfacet
   facet normal 0.000000e+00 0.000000e+00 1.000000e+00
      outer loop
         vertex -5.500000e+00 -1.350000e+01 -2.800000e+01
         vertex -6.500000e+01 -1.550000e+01 -2.800000e+01
         vertex 6.500000e+01 -1.550000e+01 -2.800000e+01
      endloop
   endfacet
   facet normal -0.000000e+00 0.000000e+00 1.000000e+00
      outer loop
         vertex -5.500000e+00 -1.350000e+01 -2.800000e+01
         vertex 6.500000e+01 -1.550000e+01 -2.800000e+01
         vertex 5.500000e+00 -1.350000e+01 -2.800000e+01
      endloop
   endfacet
   facet normal 0.000000e+00 -0.000000e+00 1.000000e+00
      outer loop
         vertex -7.500000e+00 1.150000e+01 -2.800000e+01
         vertex -5.500000e+00 1.350000e+01 -2.800000e+01
         vertex -6.500000e+01 1.550000e+01 -2.800000e+01
      endloop
   endfacet
   facet normal 0.000000e+00 0.000000e+00 1.000000e+00
      outer loop
         vertex -6.500000e+01 1.550000e+01 -2.800000e+01
         vertex -5.500000e+00 1.350000e+01 -2.800000e+01
         vertex 5.500000e+00 1.350000e+01 -2.800000e+01
      endloop
   endfacet
   facet normal -0.000000e+00 0.000000e+00 1.000000e+00
      outer loop
         vertex -6.500000e+01 1.550000e+01 -2.800000e+01
         vertex 5.500000e+00 1.350000e+01 -2.800000e+01
         vertex 6.500000e+01 1.550000e+01 -2.800000e+01
      endloop
   endfacet
   facet normal 0.000000e+00 0.000000e+00 1.000000e+00
      outer loop
         vertex 6.500000e+01 1.550000e+01 -2.800000e+01
         vertex 5.500000e+00 1.350000e+01 -2.800000e+01
         vertex 7.500000e+00 1.150000e+01 -2.800000e+01
      endloop
   endfacet
   facet normal 0.000000e+00 0.000000e+00 1.000000e+00
      outer loop
         vertex 6.500000e+01 1.550000e+01 -2.800000e+01
         vertex 7.500000e+00 1.150000e+01 -2.800000e+01
         vertex 6.500000e+01 -1.550000e+01 -2.800000e+01
      endloop
   endfacet
   facet normal 0.000000e+00 0.000000e+00 1.000000e+00
      outer loop
         vertex 6.500000e+01 -1.550000e+01 -2.800000e+01
         vertex 7.500000e+00 1.150000e+01 -2.800000e+01
         vertex 7.500000e+00 -1.150000e+01 -2.800000e+01
      endloop
   endfacet
   facet normal 0.000000e+00 0.000000e+00 1.000000e+00
      outer loop
         vertex 6.500000e+01 -1.550000e+01 -2.800000e+01
         vertex 7.500000e+00 -1.150000e+01 -2.800000e+01
         vertex 5.500000e+00 -1.350000e+01 -2.800000e+01
      endloop
   endfacet
   facet normal 0.000000e+00 0.000000e+00 1.000000e+00
      outer loop
         vertex 6.500000e+01 -1.950000e+01 0.000000e+00
         vertex -6.500000e+01 -1.950000e+01 0.000000e+00
         vertex -6.500000e+01 -3.150000e+01 0.000000e+00
      endloop
   endfacet
   facet normal 0.000000e+00 -0.000000e+00 1.000000e+00
      outer loop
         vertex -5.800000e+01 -3.850000e+01 0.000000e+00
         vertex 5.800000e+01 -3.850000e+01 0.000000e+00
         vertex -6.500000e+01 -3.150000e+01 0.000000e+00
      endloop
   endfacet
   facet normal -0.000000e+00 0.000000e+00 1.000000e+00
      outer loop
         vertex -6.500000e+01 -3.150000e+01 0.000000e+00
         vertex 5.800000e+01 -3.850000e+01 0.000000e+00
         vertex 6.500000e+01 -3.150000e+01 0.000000e+00
      endloop
   endfacet
   facet normal 0.000000e+00 0.000000e+00 1.000000e+00
      outer loop
         vertex -6.500000e+01 -3.150000e+01 0.000000e+00
         vertex 6.500000e+01 -3.150000e+01 0.000000e+00
         vertex 6.500000e+01 -1.950000e+01 0.000000e+00
      endloop
   endfacet
   facet normal -7.071068e-01 7.071068e-01 0.000000e+00
      outer loop
         vertex -5.800000e+01 3.850000e+01 -3.800000e+01
         vertex -6.500000e+01 3.150000e+01 -3.800000e+01
         vertex -5.800000e+01 3.850000e+01 1.387779e-14
      endloop
   endfacet
   facet normal -7.071068e-01 7.071068e-01 0.000000e+00
      outer loop
         vertex -5.800000e+01 3.850000e+01 1.387779e-14
         vertex -6.500000e+01 3.150000e+01 -3.800000e+01
         vertex -6.500000e+01 3.150000e+01 1.387779e-14
      endloop
   endfacet
   facet normal 0.000000e+00 1.000000e+00 -0.000000e+00
      outer loop
         vertex 5.800000e+01 3.850000e+01 -3.800000e+01
         vertex -5.800000e+01 3.850000e+01 -3.800000e+01
         vertex 5.800000e+01 3.850000e+01 0.000000e+00
      endloop
   endfacet
   facet normal 0.000000e+00 1.000000e+00 0.000000e+00
      outer loop
         vertex 5.800000e+01 3.850000e+01 0.000000e+00
         vertex -5.800000e+01 3.850000e+01 -3.800000e+01
         vertex -5.800000e+01 3.850000e+01 0.000000e+00
      endloop
   endfacet
   facet normal 7.071068e-01 7.071068e-01 -0.000000e+00
      outer loop
         vertex 6.500000e+01 3.150000e+01 -3.800000e+01
         vertex 5.800000e+01 3.850000e+01 -3.800000e+01
         vertex 6.500000e+01 3.150000e+01 1.387779e-14
      endloop
   endfacet
   facet normal 7.071068e-01 7.071068e-01 0.000000e+00
      outer loop
         vertex 6.500000e+01 3.150000e+01 1.387779e-14
         vertex 5.800000e+01 3.850000e+01 -3.800000e+01
         vertex 5.800000e+01 3.850000e+01 1.387779e-14
      endloop
   endfacet
   facet normal 1.000000e+00 0.000000e+00 0.000000e+00
      outer loop
         vertex 6.500000e+01 -2.250000e+01 -8.000000e+00
         vertex 6.500000e+01 -1.800000e+01 -8.000000e+00
         vertex 6.500000e+01 -1.800000e+01 -1.500000e+00
      endloop
   endfacet
   facet normal 1.000000e+00 0.000000e+00 0.000000e+00
      outer loop
         vertex 6.500000e+01 2.250000e+01 -8.000000e+00
         vertex 6.500000e+01 2.250000e+01 -1.600000e+01
         vertex 6.500000e+01 3.150000e+01 -3.800000e+01
      endloop
   endfacet
   facet normal 1.000000e+00 0.000000e+00 -0.000000e+00
      outer loop
         vertex 6.500000e+01 -1.800000e+01 -2.550000e+01
         vertex 6.500000e+01 -1.800000e+01 -1.600000e+01
         vertex 6.500000e+01 -2.250000e+01 -1.600000e+01
      endloop
   endfacet
   facet normal 1.000000e+00 -0.000000e+00 0.000000e+00
      outer loop
         vertex 6.500000e+01 1.800000e+01 -1.500000e+00
         vertex 6.500000e+01 1.800000e+01 -8.000000e+00
         vertex 6.500000e+01 1.950000e+01 0.000000e+00
      endloop
   endfacet
   facet normal 1.000000e+00 0.000000e+00 0.000000e+00
      outer loop
         vertex 6.500000e+01 1.950000e+01 0.000000e+00
         vertex 6.500000e+01 1.800000e+01 -8.000000e+00
         vertex 6.500000e+01 2.250000e+01 -8.000000e+00
      endloop
   endfacet
   facet normal 1.000000e+00 -0.000000e+00 0.000000e+00
      outer loop
         vertex 6.500000e+01 1.950000e+01 0.000000e+00
         vertex 6.500000e+01 2.250000e+01 -8.000000e+00
         vertex 6.500000e+01 3.150000e+01 0.000000e+00
      endloop
   endfacet
   facet normal 1.000000e+00 0.000000e+00 0.000000e+00
      outer loop
         vertex 6.500000e+01 3.150000e+01 0.000000e+00
         vertex 6.500000e+01 2.250000e+01 -8.000000e+00
         vertex 6.500000e+01 3.150000e+01 -3.800000e+01
      endloop
   endfacet
   facet normal 1.000000e+00 0.000000e+00 0.000000e+00
      outer loop
         vertex 6.500000e+01 1.796202e+01 -2.593412e+01
         vertex 6.500000e+01 1.784923e+01 -2.635505e+01
         vertex 6.500000e+01 3.150000e+01 -3.800000e+01
      endloop
   endfacet
   facet normal 1.000000e+00 0.000000e+00 0.000000e+00
      outer loop
         vertex 6.500000e+01 3.150000e+01 -3.800000e+01
         vertex 6.500000e+01 1.784923e+01 -2.635505e+01
         vertex 6.500000e+01 1.766506e+01 -2.675000e+01
      endloop
   endfacet
   facet normal 1.000000e+00 0.000000e+00 0.000000e+00
      outer loop
         vertex 6.500000e+01 3.150000e+01 -3.800000e+01
         vertex 6.500000e+01 1.766506e+01 -2.675000e+01
         vertex 6.500000e+01 1.741511e+01 -2.710697e+01
      endloop
   endfacet
   facet normal 1.000000e+00 0.000000e+00 0.000000e+00
      outer loop
         vertex 6.500000e+01 2.250000e+01 -1.600000e+01
         vertex 6.500000e+01 1.800000e+01 -1.600000e+01
         vertex 6.500000e+01 3.150000e+01 -3.800000e+01
      endloop
   endfacet
   facet normal 1.000000e+00 0.000000e+00 0.000000e+00
      outer loop
         vertex 6.500000e+01 3.150000e+01 -3.800000e+01
         vertex 6.500000e+01 1.800000e+01 -1.600000e+01
         vertex 6.500000e+01 1.800000e+01 -2.550000e+01
      endloop
   endfacet
   facet normal 1.000000e+00 0.000000e+00 0.000000e+00
      outer loop
         vertex 6.500000e+01 3.150000e+01 -3.800000e+01
         vertex 6.500000e+01 1.800000e+01 -2.550000e+01
         vertex 6.500000e+01 1.796202e+01 -2.593412e+01
      endloop
   endfacet
   facet normal 1.000000e+00 0.000000e+00 0.000000e+00
      outer loop
         vertex 6.500000e+01 1.741511e+01 -2.710697e+01
         vertex 6.500000e+01 1.710697e+01 -2.741511e+01
         vertex 6.500000e+01 3.150000e+01 -3.800000e+01
      endloop
   endfacet
   facet normal 1.000000e+00 0.000000e+00 0.000000e+00
      outer loop
         vertex 6.500000e+01 3.150000e+01 -3.800000e+01
         vertex 6.500000e+01 1.710697e+01 -2.741511e+01
         vertex 6.500000e+01 1.675000e+01 -2.766506e+01
      endloop
   endfacet
   facet normal 1.000000e+00 0.000000e+00 0.000000e+00
      outer loop
         vertex 6.500000e+01 3.150000e+01 -3.800000e+01
         vertex 6.500000e+01 1.675000e+01 -2.766506e+01
         vertex 6.500000e+01 1.635505e+01 -2.784923e+01
      endloop
   endfacet
   facet normal 1.000000e+00 0.000000e+00 0.000000e+00
      outer loop
         vertex 6.500000e+01 -3.150000e+01 -3.800000e+01
         vertex 6.500000e+01 -1.593412e+01 -2.796202e+01
         vertex 6.500000e+01 -1.635505e+01 -2.784923e+01
      endloop
   endfacet
   facet normal 1.000000e+00 0.000000e+00 0.000000e+00
      outer loop
         vertex 6.500000e+01 1.635505e+01 -2.784923e+01
         vertex 6.500000e+01 1.593412e+01 -2.796202e+01
         vertex 6.500000e+01 3.150000e+01 -3.800000e+01
      endloop
   endfacet
   facet normal 1.000000e+00 0.000000e+00 0.000000e+00
      outer loop
         vertex 6.500000e+01 3.150000e+01 -3.800000e+01
         vertex 6.500000e+01 1.593412e+01 -2.796202e+01
         vertex 6.500000e+01 1.550000e+01 -2.800000e+01
      endloop
   endfacet
   facet normal 1.000000e+00 0.000000e+00 0.000000e+00
      outer loop
         vertex 6.500000e+01 3.150000e+01 -3.800000e+01
         vertex 6.500000e+01 1.550000e+01 -2.800000e+01
         vertex 6.500000e+01 -3.150000e+01 -3.800000e+01
      endloop
   endfacet
   facet normal 1.000000e+00 0.000000e+00 0.000000e+00
      outer loop
         vertex 6.500000e+01 -3.150000e+01 -3.800000e+01
         vertex 6.500000e+01 1.550000e+01 -2.800000e+01
         vertex 6.500000e+01 -1.550000e+01 -2.800000e+01
      endloop
   endfacet
   facet normal 1.000000e+00 0.000000e+00 0.000000e+00
      outer loop
         vertex 6.500000e+01 -3.150000e+01 -3.800000e+01
         vertex 6.500000e+01 -1.550000e+01 -2.800000e+01
         vertex 6.500000e+01 -1.593412e+01 -2.796202e+01
      endloop
   endfacet
   facet normal 1.000000e+00 0.000000e+00 0.000000e+00
      outer loop
         vertex 6.500000e+01 -1.635505e+01 -2.784923e+01
         vertex 6.500000e+01 -1.675000e+01 -2.766506e+01
         vertex 6.500000e+01 -3.150000e+01 -3.800000e+01
      endloop
   endfacet
   facet normal 1.000000e+00 0.000000e+00 0.000000e+00
      outer loop
         vertex 6.500000e+01 -3.150000e+01 -3.800000e+01
         vertex 6.500000e+01 -1.675000e+01 -2.766506e+01
         vertex 6.500000e+01 -1.710697e+01 -2.741511e+01
      endloop
   endfacet
   facet normal 1.000000e+00 0.000000e+00 0.000000e+00
      outer loop
         vertex 6.500000e+01 -3.150000e+01 -3.800000e+01
         vertex 6.500000e+01 -1.710697e+01 -2.741511e+01
         vertex 6.500000e+01 -1.741511e+01 -2.710697e+01
      endloop
   endfacet
   facet normal 1.000000e+00 0.000000e+00 0.000000e+00
      outer loop
         vertex 6.500000e+01 -1.741511e+01 -2.710697e+01
         vertex 6.500000e+01 -1.766506e+01 -2.675000e+01
         vertex 6.500000e+01 -3.150000e+01 -3.800000e+01
      endloop
   endfacet
   facet normal 1.000000e+00 0.000000e+00 0.000000e+00
      outer loop
         vertex 6.500000e+01 -3.150000e+01 -3.800000e+01
         vertex 6.500000e+01 -1.766506e+01 -2.675000e+01
         vertex 6.500000e+01 -1.784923e+01 -2.635505e+01
      endloop
   endfacet
   facet normal 1.000000e+00 0.000000e+00 0.000000e+00
      outer loop
         vertex 6.500000e+01 -3.150000e+01 -3.800000e+01
         vertex 6.500000e+01 -1.784923e+01 -2.635505e+01
         vertex 6.500000e+01 -1.796202e+01 -2.593412e+01
      endloop
   endfacet
   facet normal 1.000000e+00 0.000000e+00 0.000000e+00
      outer loop
         vertex 6.500000e+01 -1.796202e+01 -2.593412e+01
         vertex 6.500000e+01 -1.800000e+01 -2.550000e+01
         vertex 6.500000e+01 -3.150000e+01 -3.800000e+01
      endloop
   endfacet
   facet normal 1.000000e+00 0.000000e+00 0.000000e+00
      outer loop
         vertex 6.500000e+01 -3.150000e+01 -3.800000e+01
         vertex 6.500000e+01 -1.800000e+01 -2.550000e+01
         vertex 6.500000e+01 -2.250000e+01 -1.600000e+01
      endloop
   endfacet
   facet normal 1.000000e+00 0.000000e+00 0.000000e+00
      outer loop
         vertex 6.500000e+01 -3.150000e+01 -3.800000e+01
         vertex 6.500000e+01 -2.250000e+01 -1.600000e+01
         vertex 6.500000e+01 -3.150000e+01 0.000000e+00
      endloop
   endfacet
   facet normal 1.000000e+00 0.000000e+00 0.000000e+00
      outer loop
         vertex 6.500000e+01 -3.150000e+01 0.000000e+00
         vertex 6.500000e+01 -2.250000e+01 -1.600000e+01
         vertex 6.500000e+01 -2.250000e+01 -8.000000e+00
      endloop
   endfacet
   facet normal 1.000000e+00 0.000000e+00 0.000000e+00
      outer loop
         vertex 6.500000e+01 -3.150000e+01 0.000000e+00
         vertex 6.500000e+01 -2.250000e+01 -8.000000e+00
         vertex 6.500000e+01 -1.950000e+01 -6.938894e-15
      endloop
   endfacet
   facet normal 1.000000e+00 0.000000e+00 0.000000e+00
      outer loop
         vertex 6.500000e+01 -1.950000e+01 -6.938894e-15
         vertex 6.500000e+01 -2.250000e+01 -8.000000e+00
         vertex 6.500000e+01 -1.800000e+01 -1.500000e+00
      endloop
   endfacet
   facet normal 7.071068e-01 -7.071068e-01 0.000000e+00
      outer loop
         vertex 5.800000e+01 -3.850000e+01 -3.800000e+01
         vertex 6.500000e+01 -3.150000e+01 -3.800000e+01
         vertex 5.800000e+01 -3.850000e+01 1.387779e-14
      endloop
   endfacet
   facet normal 7.071068e-01 -7.071068e-01 0.000000e+00
      outer loop
         vertex 5.800000e+01 -3.850000e+01 1.387779e-14
         vertex 6.500000e+01 -3.150000e+01 -3.800000e+01
         vertex 6.500000e+01 -3.150000e+01 1.387779e-14
      endloop
   endfacet
   facet normal 0.000000e+00 -1.000000e+00 0.000000e+00
      outer loop
         vertex -5.800000e+01 -3.850000e+01 -3.800000e+01
         vertex 5.800000e+01 -3.850000e+01 -3.800000e+01
         vertex -5.800000e+01 -3.850000e+01 0.000000e+00
      endloop
   endfacet
   facet normal 0.000000e+00 -1.000000e+00 0.000000e+00
      outer loop
         vertex -5.800000e+01 -3.850000e+01 0.000000e+00
         vertex 5.800000e+01 -3.850000e+01 -3.800000e+01
         vertex 5.800000e+01 -3.850000e+01 0.000000e+00
      endloop
   endfacet
   facet normal -7.071068e-01 -7.071068e-01 0.000000e+00
      outer loop
         vertex -6.500000e+01 -3.150000e+01 -3.800000e+01
         vertex -5.800000e+01 -3.850000e+01 -3.800000e+01
         vertex -6.500000e+01 -3.150000e+01 1.387779e-14
      endloop
   endfacet
   facet normal -7.071068e-01 -7.071068e-01 0.000000e+00
      outer loop
         vertex -6.500000e+01 -3.150000e+01 1.387779e-14
         vertex -5.800000e+01 -3.850000e+01 -3.800000e+01
         vertex -5.800000e+01 -3.850000e+01 1.387779e-14
      endloop
   endfacet
   facet normal -1.000000e+00 0.000000e+00 0.000000e+00
      outer loop
         vertex -6.500000e+01 2.250000e+01 -8.000000e+00
         vertex -6.500000e+01 1.800000e+01 -8.000000e+00
         vertex -6.500000e+01 1.800000e+01 -1.500000e+00
      endloop
   endfacet
   facet normal -1.000000e+00 -0.000000e+00 -0.000000e+00
      outer loop
         vertex -6.500000e+01 -1.800000e+01 -1.500000e+00
         vertex -6.500000e+01 -1.800000e+01 -8.000000e+00
         vertex -6.500000e+01 -1.950000e+01 -6.938894e-15
      endloop
   endfacet
   facet normal -1.000000e+00 0.000000e+00 -0.000000e+00
      outer loop
         vertex -6.500000e+01 -1.950000e+01 -6.938894e-15
         vertex -6.500000e+01 -1.800000e+01 -8.000000e+00
         vertex -6.500000e+01 -2.250000e+01 -8.000000e+00
      endloop
   endfacet
   facet normal -1.000000e+00 -0.000000e+00 0.000000e+00
      outer loop
         vertex -6.500000e+01 -2.250000e+01 -1.600000e+01
         vertex -6.500000e+01 -3.150000e+01 -3.800000e+01
         vertex -6.500000e+01 -2.250000e+01 -8.000000e+00
      endloop
   endfacet
   facet normal -1.000000e+00 -0.000000e+00 0.000000e+00
      outer loop
         vertex -6.500000e+01 -2.250000e+01 -8.000000e+00
         vertex -6.500000e+01 -3.150000e+01 -3.800000e+01
         vertex -6.500000e+01 -3.150000e+01 0.000000e+00
      endloop
   endfacet
   facet normal -1.000000e+00 0.000000e+00 0.000000e+00
      outer loop
         vertex -6.500000e+01 -2.250000e+01 -8.000000e+00
         vertex -6.500000e+01 -3.150000e+01 0.000000e+00
         vertex -6.500000e+01 -1.950000e+01 -6.938894e-15
      endloop
   endfacet
   facet normal -1.000000e+00 0.000000e+00 0.000000e+00
      outer loop
         vertex -6.500000e+01 1.800000e+01 -2.550000e+01
         vertex -6.500000e+01 1.800000e+01 -1.600000e+01
         vertex -6.500000e+01 2.250000e+01 -1.600000e+01
      endloop
   endfacet
   facet normal -1.000000e+00 0.000000e+00 -0.000000e+00
      outer loop
         vertex -6.500000e+01 -2.250000e+01 -1.600000e+01
         vertex -6.500000e+01 -1.800000e+01 -1.600000e+01
         vertex -6.500000e+01 -3.150000e+01 -3.800000e+01
      endloop
   endfacet
   facet normal -1.000000e+00 0.000000e+00 0.000000e+00
      outer loop
         vertex -6.500000e+01 -3.150000e+01 -3.800000e+01
         vertex -6.500000e+01 -1.800000e+01 -1.600000e+01
         vertex -6.500000e+01 -1.800000e+01 -2.550000e+01
      endloop
   endfacet
   facet normal -1.000000e+00 0.000000e+00 0.000000e+00
      outer loop
         vertex -6.500000e+01 -3.150000e+01 -3.800000e+01
         vertex -6.500000e+01 -1.800000e+01 -2.550000e+01
         vertex -6.500000e+01 -1.796202e+01 -2.593412e+01
      endloop
   endfacet
   facet normal -1.000000e+00 0.000000e+00 0.000000e+00
      outer loop
         vertex -6.500000e+01 1.766506e+01 -2.675000e+01
         vertex -6.500000e+01 1.784923e+01 -2.635505e+01
         vertex -6.500000e+01 3.150000e+01 -3.800000e+01
      endloop
   endfacet
   facet normal -1.000000e+00 0.000000e+00 0.000000e+00
      outer loop
         vertex -6.500000e+01 3.150000e+01 -3.800000e+01
         vertex -6.500000e+01 1.784923e+01 -2.635505e+01
         vertex -6.500000e+01 1.796202e+01 -2.593412e+01
      endloop
   endfacet
   facet normal -1.000000e+00 0.000000e+00 -0.000000e+00
      outer loop
         vertex -6.500000e+01 -1.796202e+01 -2.593412e+01
         vertex -6.500000e+01 -1.784923e+01 -2.635505e+01
         vertex -6.500000e+01 -3.150000e+01 -3.800000e+01
      endloop
   endfacet
   facet normal -1.000000e+00 0.000000e+00 0.000000e+00
      outer loop
         vertex -6.500000e+01 -3.150000e+01 -3.800000e+01
         vertex -6.500000e+01 -1.784923e+01 -2.635505e+01
         vertex -6.500000e+01 -1.766506e+01 -2.675000e+01
      endloop
   endfacet
   facet normal -1.000000e+00 0.000000e+00 0.000000e+00
      outer loop
         vertex -6.500000e+01 -3.150000e+01 -3.800000e+01
         vertex -6.500000e+01 -1.766506e+01 -2.675000e+01
         vertex -6.500000e+01 -1.741511e+01 -2.710697e+01
      endloop
   endfacet
   facet normal -1.000000e+00 0.000000e+00 0.000000e+00
      outer loop
         vertex -6.500000e+01 1.593412e+01 -2.796202e+01
         vertex -6.500000e+01 1.635505e+01 -2.784923e+01
         vertex -6.500000e+01 3.150000e+01 -3.800000e+01
      endloop
   endfacet
   facet normal -1.000000e+00 0.000000e+00 0.000000e+00
      outer loop
         vertex -6.500000e+01 3.150000e+01 -3.800000e+01
         vertex -6.500000e+01 1.635505e+01 -2.784923e+01
         vertex -6.500000e+01 1.675000e+01 -2.766506e+01
      endloop
   endfacet
   facet normal -1.000000e+00 0.000000e+00 -0.000000e+00
      outer loop
         vertex -6.500000e+01 -1.741511e+01 -2.710697e+01
         vertex -6.500000e+01 -1.710697e+01 -2.741511e+01
         vertex -6.500000e+01 -3.150000e+01 -3.800000e+01
      endloop
   endfacet
   facet normal -1.000000e+00 0.000000e+00 0.000000e+00
      outer loop
         vertex -6.500000e+01 -3.150000e+01 -3.800000e+01
         vertex -6.500000e+01 -1.710697e+01 -2.741511e+01
         vertex -6.500000e+01 -1.675000e+01 -2.766506e+01
      endloop
   endfacet
   facet normal -1.000000e+00 0.000000e+00 0.000000e+00
      outer loop
         vertex -6.500000e+01 -3.150000e+01 -3.800000e+01
         vertex -6.500000e+01 -1.675000e+01 -2.766506e+01
         vertex -6.500000e+01 -1.635505e+01 -2.784923e+01
      endloop
   endfacet
   facet normal -1.000000e+00 0.000000e+00 -0.000000e+00
      outer loop
         vertex -6.500000e+01 -1.635505e+01 -2.784923e+01
         vertex -6.500000e+01 -1.593412e+01 -2.796202e+01
         vertex -6.500000e+01 -3.150000e+01 -3.800000e+01
      endloop
   endfacet
   facet normal -1.000000e+00 0.000000e+00 0.000000e+00
      outer loop
         vertex -6.500000e+01 -3.150000e+01 -3.800000e+01
         vertex -6.500000e+01 -1.593412e+01 -2.796202e+01
         vertex -6.500000e+01 -1.550000e+01 -2.800000e+01
      endloop
   endfacet
   facet normal -1.000000e+00 0.000000e+00 0.000000e+00
      outer loop
         vertex -6.500000e+01 -3.150000e+01 -3.800000e+01
         vertex -6.500000e+01 -1.550000e+01 -2.800000e+01
         vertex -6.500000e+01 3.150000e+01 -3.800000e+01
      endloop
   endfacet
   facet normal -1.000000e+00 0.000000e+00 0.000000e+00
      outer loop
         vertex -6.500000e+01 3.150000e+01 -3.800000e+01
         vertex -6.500000e+01 -1.550000e+01 -2.800000e+01
         vertex -6.500000e+01 1.550000e+01 -2.800000e+01
      endloop
   endfacet
   facet normal -1.000000e+00 0.000000e+00 0.000000e+00
      outer loop
         vertex -6.500000e+01 3.150000e+01 -3.800000e+01
         vertex -6.500000e+01 1.550000e+01 -2.800000e+01
         vertex -6.500000e+01 1.593412e+01 -2.796202e+01
      endloop
   endfacet
   facet normal -1.000000e+00 0.000000e+00 0.000000e+00
      outer loop
         vertex -6.500000e+01 1.675000e+01 -2.766506e+01
         vertex -6.500000e+01 1.710697e+01 -2.741511e+01
         vertex -6.500000e+01 3.150000e+01 -3.800000e+01
      endloop
   endfacet
   facet normal -1.000000e+00 0.000000e+00 0.000000e+00
      outer loop
         vertex -6.500000e+01 3.150000e+01 -3.800000e+01
         vertex -6.500000e+01 1.710697e+01 -2.741511e+01
         vertex -6.500000e+01 1.741511e+01 -2.710697e+01
      endloop
   endfacet
   facet normal -1.000000e+00 0.000000e+00 0.000000e+00
      outer loop
         vertex -6.500000e+01 3.150000e+01 -3.800000e+01
         vertex -6.500000e+01 1.741511e+01 -2.710697e+01
         vertex -6.500000e+01 1.766506e+01 -2.675000e+01
      endloop
   endfacet
   facet normal -1.000000e+00 0.000000e+00 0.000000e+00
      outer loop
         vertex -6.500000e+01 1.796202e+01 -2.593412e+01
         vertex -6.500000e+01 1.800000e+01 -2.550000e+01
         vertex -6.500000e+01 3.150000e+01 -3.800000e+01
      endloop
   endfacet
   facet normal -1.000000e+00 0.000000e+00 0.000000e+00
      outer loop
         vertex -6.500000e+01 3.150000e+01 -3.800000e+01
         vertex -6.500000e+01 1.800000e+01 -2.550000e+01
         vertex -6.500000e+01 2.250000e+01 -1.600000e+01
      endloop
   endfacet
   facet normal -1.000000e+00 0.000000e+00 0.000000e+00
      outer loop
         vertex -6.500000e+01 3.150000e+01 -3.800000e+01
         vertex -6.500000e+01 2.250000e+01 -1.600000e+01
         vertex -6.500000e+01 3.150000e+01 0.000000e+00
      endloop
   endfacet
   facet normal -1.000000e+00 0.000000e+00 0.000000e+00
      outer loop
         vertex -6.500000e+01 3.150000e+01 0.000000e+00
         vertex -6.500000e+01 2.250000e+01 -1.600000e+01
         vertex -6.500000e+01 2.250000e+01 -8.000000e+00
      endloop
   endfacet
   facet normal -1.000000e+00 -0.000000e+00 0.000000e+00
      outer loop
         vertex -6.500000e+01 3.150000e+01 0.000000e+00
         vertex -6.500000e+01 2.250000e+01 -8.000000e+00
         vertex -6.500000e+01 1.950000e+01 0.000000e+00
      endloop
   endfacet
   facet normal -1.000000e+00 0.000000e+00 -0.000000e+00
      outer loop
         vertex -6.500000e+01 1.950000e+01 0.000000e+00
         vertex -6.500000e+01 2.250000e+01 -8.000000e+00
         vertex -6.500000e+01 1.800000e+01 -1.500000e+00
      endloop
   endfacet
   facet normal 0.000000e+00 0.000000e+00 -1.000000e+00
      outer loop
         vertex 5.800000e+01 -3.850000e+01 -3.800000e+01
         vertex -5.800000e+01 -3.850000e+01 -3.800000e+01
         vertex 6.500000e+01 -3.150000e+01 -3.800000e+01
      endloop
   endfacet
   facet normal -0.000000e+00 0.000000e+00 -1.000000e+00
      outer loop
         vertex 6.500000e+01 -3.150000e+01 -3.800000e+01
         vertex -5.800000e+01 -3.850000e+01 -3.800000e+01
         vertex -6.500000e+01 -3.150000e+01 -3.800000e+01
      endloop
   endfacet
   facet normal 0.000000e+00 0.000000e+00 -1.000000e+00
      outer loop
         vertex 6.500000e+01 -3.150000e+01 -3.800000e+01
         vertex -6.500000e+01 -3.150000e+01 -3.800000e+01
         vertex 6.500000e+01 3.150000e+01 -3.800000e+01
      endloop
   endfacet
   facet normal -0.000000e+00 0.000000e+00 -1.000000e+00
      outer loop
         vertex 6.500000e+01 3.150000e+01 -3.800000e+01
         vertex -6.500000e+01 -3.150000e+01 -3.800000e+01
         vertex -6.500000e+01 3.150000e+01 -3.800000e+01
      endloop
   endfacet
   facet normal 0.000000e+00 0.000000e+00 -1.000000e+00
      outer loop
         vertex 6.500000e+01 3.150000e+01 -3.800000e+01
         vertex -6.500000e+01 3.150000e+01 -3.800000e+01
         vertex 5.800000e+01 3.850000e+01 -3.800000e+01
      endloop
   endfacet
   facet normal -0.000000e+00 0.000000e+00 -1.000000e+00
      outer loop
         vertex 5.800000e+01 3.850000e+01 -3.800000e+01
         vertex -6.500000e+01 3.150000e+01 -3.800000e+01
         vertex -5.800000e+01 3.850000e+01 -3.800000e+01
      endloop
   endfacet
   facet normal 0.000000e+00 0.000000e+00 1.000000e+00
      outer loop
         vertex -6.500000e+01 1.950000e+01 0.000000e+00
         vertex 6.500000e+01 1.950000e+01 0.000000e+00
         vertex 6.500000e+01 3.150000e+01 0.000000e+00
      endloop
   endfacet
   facet normal 0.000000e+00 0.000000e+00 1.000000e+00
      outer loop
         vertex 5.800000e+01 3.850000e+01 0.000000e+00
         vertex -5.800000e+01 3.850000e+01 0.000000e+00
         vertex 6.500000e+01 3.150000e+01 0.000000e+00
      endloop
   endfacet
   facet normal 0.000000e+00 0.000000e+00 1.000000e+00
      outer loop
         vertex 6.500000e+01 3.150000e+01 0.000000e+00
         vertex -5.800000e+01 3.850000e+01 0.000000e+00
         vertex -6.500000e+01 3.150000e+01 0.000000e+00
      endloop
   endfacet
   facet normal 0.000000e+00 0.000000e+00 1.000000e+00
      outer loop
         vertex 6.500000e+01 3.150000e+01 0.000000e+00
         vertex -6.500000e+01 3.150000e+01 0.000000e+00
         vertex -6.500000e+01 1.950000e+01 0.000000e+00
      endloop
   endfacet
   facet normal 0.000000e+00 7.071065e-01 7.071071e-01
      outer loop
         vertex 6.500000e+01 -1.950000e+01 -5.469318e-15
         vertex 6.500000e+01 -1.800000e+01 -1.500000e+00
         vertex -6.500000e+01 -1.950000e+01 -5.469318e-15
      endloop
   endfacet
   facet normal 0.000000e+00 7.071065e-01 7.071071e-01
      outer loop
         vertex -6.500000e+01 -1.950000e+01 -5.469318e-15
         vertex 6.500000e+01 -1.800000e+01 -1.500000e+00
         vertex -6.500000e+01 -1.800000e+01 -1.500000e+00
      endloop
   endfacet
   facet normal 0.000000e+00 1.000000e+00 0.000000e+00
      outer loop
         vertex 6.500000e+01 -1.800000e+01 -1.500000e+00
         vertex 6.500000e+01 -1.800000e+01 -8.000000e+00
         vertex -6.500000e+01 -1.800000e+01 -1.500000e+00
      endloop
   endfacet
   facet normal 0.000000e+00 1.000000e+00 0.000000e+00
      outer loop
         vertex -6.500000e+01 -1.800000e+01 -1.500000e+00
         vertex 6.500000e+01 -1.800000e+01 -8.000000e+00
         vertex -6.500000e+01 -1.800000e+01 -8.000000e+00
      endloop
   endfacet
   facet normal -0.000000e+00 -0.000000e+00 -1.000000e+00
      outer loop
         vertex 6.500000e+01 -1.800000e+01 -8.000000e+00
         vertex 6.500000e+01 -2.250000e+01 -8.000000e+00
         vertex -6.500000e+01 -1.800000e+01 -8.000000e+00
      endloop
   endfacet
   facet normal 0.000000e+00 0.000000e+00 -1.000000e+00
      outer loop
         vertex -6.500000e+01 -1.800000e+01 -8.000000e+00
         vertex 6.500000e+01 -2.250000e+01 -8.000000e+00
         vertex -6.500000e+01 -2.250000e+01 -8.000000e+00
      endloop
   endfacet
   facet normal 0.000000e+00 1.000000e+00 0.000000e+00
      outer loop
         vertex 6.500000e+01 -2.250000e+01 -8.000000e+00
         vertex 6.500000e+01 -2.250000e+01 -1.600000e+01
         vertex -6.500000e+01 -2.250000e+01 -8.000000e+00
      endloop
   endfacet
   facet normal 0.000000e+00 1.000000e+00 0.000000e+00
      outer loop
         vertex -6.500000e+01 -2.250000e+01 -8.000000e+00
         vertex 6.500000e+01 -2.250000e+01 -1.600000e+01
         vertex -6.500000e+01 -2.250000e+01 -1.600000e+01
      endloop
   endfacet
   facet normal 0.000000e+00 -0.000000e+00 1.000000e+00
      outer loop
         vertex 6.500000e+01 -2.250000e+01 -1.600000e+01
         vertex 6.500000e+01 -1.800000e+01 -1.600000e+01
         vertex -6.500000e+01 -2.250000e+01 -1.600000e+01
      endloop
   endfacet
   facet normal 0.000000e+00 0.000000e+00 1.000000e+00
      outer loop
         vertex -6.500000e+01 -2.250000e+01 -1.600000e+01
         vertex 6.500000e+01 -1.800000e+01 -1.600000e+01
         vertex -6.500000e+01 -1.800000e+01 -1.600000e+01
      endloop
   endfacet
   facet normal 0.000000e+00 1.000000e+00 0.000000e+00
      outer loop
         vertex 6.500000e+01 -1.800000e+01 -1.600000e+01
         vertex 6.500000e+01 -1.800000e+01 -2.550000e+01
         vertex -6.500000e+01 -1.800000e+01 -1.600000e+01
      endloop
   endfacet
   facet normal 0.000000e+00 1.000000e+00 0.000000e+00
      outer loop
         vertex -6.500000e+01 -1.800000e+01 -1.600000e+01
         vertex 6.500000e+01 -1.800000e+01 -2.550000e+01
         vertex -6.500000e+01 -1.800000e+01 -2.550000e+01
      endloop
   endfacet
   facet normal 0.000000e+00 8.715693e-02 9.961946e-01
      outer loop
         vertex 6.500000e+01 -1.550000e+01 -2.800000e+01
         vertex -6.500000e+01 -1.550000e+01 -2.800000e+01
         vertex 6.500000e+01 -1.593412e+01 -2.796202e+01
      endloop
   endfacet
   facet normal 0.000000e+00 8.715693e-02 9.961946e-01
      outer loop
         vertex 6.500000e+01 -1.593412e+01 -2.796202e+01
         vertex -6.500000e+01 -1.550000e+01 -2.800000e+01
         vertex -6.500000e+01 -1.593412e+01 -2.796202e+01
      endloop
   endfacet
   facet normal 0.000000e+00 2.588210e-01 9.659253e-01
      outer loop
         vertex 6.500000e+01 -1.593412e+01 -2.796202e+01
         vertex -6.500000e+01 -1.593412e+01 -2.796202e+01
         vertex 6.500000e+01 -1.635505e+01 -2.784923e+01
      endloop
   endfacet
   facet normal 0.000000e+00 2.588210e-01 9.659253e-01
      outer loop
         vertex 6.500000e+01 -1.635505e+01 -2.784923e+01
         vertex -6.500000e+01 -1.593412e+01 -2.796202e+01
         vertex -6.500000e+01 -1.635505e+01 -2.784923e+01
      endloop
   endfacet
   facet normal 0.000000e+00 4.226166e-01 9.063086e-01
      outer loop
         vertex 6.500000e+01 -1.635505e+01 -2.784923e+01
         vertex -6.500000e+01 -1.635505e+01 -2.784923e+01
         vertex 6.500000e+01 -1.675000e+01 -2.766506e+01
      endloop
   endfacet
   facet normal 0.000000e+00 4.226166e-01 9.063086e-01
      outer loop
         vertex 6.500000e+01 -1.675000e+01 -2.766506e+01
         vertex -6.500000e+01 -1.635505e+01 -2.784923e+01
         vertex -6.500000e+01 -1.675000e+01 -2.766506e+01
      endloop
   endfacet
   facet normal 0.000000e+00 5.735765e-01 8.191520e-01
      outer loop
         vertex 6.500000e+01 -1.675000e+01 -2.766506e+01
         vertex -6.500000e+01 -1.675000e+01 -2.766506e+01
         vertex 6.500000e+01 -1.710697e+01 -2.741511e+01
      endloop
   endfacet
   facet normal 0.000000e+00 5.735765e-01 8.191520e-01
      outer loop
         vertex 6.500000e+01 -1.710697e+01 -2.741511e+01
         vertex -6.500000e+01 -1.675000e+01 -2.766506e+01
         vertex -6.500000e+01 -1.710697e+01 -2.741511e+01
      endloop
   endfacet
   facet normal 0.000000e+00 7.071068e-01 7.071068e-01
      outer loop
         vertex 6.500000e+01 -1.710697e+01 -2.741511e+01
         vertex -6.500000e+01 -1.710697e+01 -2.741511e+01
         vertex 6.500000e+01 -1.741511e+01 -2.710697e+01
      endloop
   endfacet
   facet normal 0.000000e+00 7.071068e-01 7.071068e-01
      outer loop
         vertex 6.500000e+01 -1.741511e+01 -2.710697e+01
         vertex -6.500000e+01 -1.710697e+01 -2.741511e+01
         vertex -6.500000e+01 -1.741511e+01 -2.710697e+01
      endloop
   endfacet
   facet normal 0.000000e+00 8.191520e-01 5.735765e-01
      outer loop
         vertex 6.500000e+01 -1.741511e+01 -2.710697e+01
         vertex -6.500000e+01 -1.741511e+01 -2.710697e+01
         vertex 6.500000e+01 -1.766506e+01 -2.675000e+01
      endloop
   endfacet
   facet normal 0.000000e+00 8.191520e-01 5.735765e-01
      outer loop
         vertex 6.500000e+01 -1.766506e+01 -2.675000e+01
         vertex -6.500000e+01 -1.741511e+01 -2.710697e+01
         vertex -6.500000e+01 -1.766506e+01 -2.675000e+01
      endloop
   endfacet
   facet normal 0.000000e+00 9.063086e-01 4.226166e-01
      outer loop
         vertex 6.500000e+01 -1.766506e+01 -2.675000e+01
         vertex -6.500000e+01 -1.766506e+01 -2.675000e+01
         vertex 6.500000e+01 -1.784923e+01 -2.635505e+01
      endloop
   endfacet
   facet normal 0.000000e+00 9.063086e-01 4.226166e-01
      outer loop
         vertex 6.500000e+01 -1.784923e+01 -2.635505e+01
         vertex -6.500000e+01 -1.766506e+01 -2.675000e+01
         vertex -6.500000e+01 -1.784923e+01 -2.635505e+01
      endloop
   endfacet
   facet normal 0.000000e+00 9.659253e-01 2.588210e-01
      outer loop
         vertex 6.500000e+01 -1.784923e+01 -2.635505e+01
         vertex -6.500000e+01 -1.784923e+01 -2.635505e+01
         vertex 6.500000e+01 -1.796202e+01 -2.593412e+01
      endloop
   endfacet
   facet normal 0.000000e+00 9.659253e-01 2.588210e-01
      outer loop
         vertex 6.500000e+01 -1.796202e+01 -2.593412e+01
         vertex -6.500000e+01 -1.784923e+01 -2.635505e+01
         vertex -6.500000e+01 -1.796202e+01 -2.593412e+01
      endloop
   endfacet
   facet normal 0.000000e+00 9.961950e-01 8.715269e-02
      outer loop
         vertex 6.500000e+01 -1.796202e+01 -2.593412e+01
         vertex -6.500000e+01 -1.796202e+01 -2.593412e+01
         vertex 6.500000e+01 -1.800000e+01 -2.550000e+01
      endloop
   endfacet
   facet normal 0.000000e+00 9.961950e-01 8.715269e-02
      outer loop
         vertex 6.500000e+01 -1.800000e+01 -2.550000e+01
         vertex -6.500000e+01 -1.796202e+01 -2.593412e+01
         vertex -6.500000e+01 -1.800000e+01 -2.550000e+01
      endloop
   endfacet
   facet normal 0.000000e+00 -9.961950e-01 8.715269e-02
      outer loop
         vertex 6.500000e+01 1.800000e+01 -2.550000e+01
         vertex -6.500000e+01 1.800000e+01 -2.550000e+01
         vertex 6.500000e+01 1.796202e+01 -2.593412e+01
      endloop
   endfacet
   facet normal 0.000000e+00 -9.961950e-01 8.715269e-02
      outer loop
         vertex 6.500000e+01 1.796202e+01 -2.593412e+01
         vertex -6.500000e+01 1.800000e+01 -2.550000e+01
         vertex -6.500000e+01 1.796202e+01 -2.593412e+01
      endloop
   endfacet
   facet normal 0.000000e+00 -9.659253e-01 2.588210e-01
      outer loop
         vertex 6.500000e+01 1.796202e+01 -2.593412e+01
         vertex -6.500000e+01 1.796202e+01 -2.593412e+01
         vertex 6.500000e+01 1.784923e+01 -2.635505e+01
      endloop
   endfacet
   facet normal 0.000000e+00 -9.659253e-01 2.588210e-01
      outer loop
         vertex 6.500000e+01 1.784923e+01 -2.635505e+01
         vertex -6.500000e+01 1.796202e+01 -2.593412e+01
         vertex -6.500000e+01 1.784923e+01 -2.635505e+01
      endloop
   endfacet
   facet normal 0.000000e+00 -9.063086e-01 4.226166e-01
      outer loop
         vertex 6.500000e+01 1.784923e+01 -2.635505e+01
         vertex -6.500000e+01 1.784923e+01 -2.635505e+01
         vertex 6.500000e+01 1.766506e+01 -2.675000e+01
      endloop
   endfacet
   facet normal 0.000000e+00 -9.063086e-01 4.226166e-01
      outer loop
         vertex 6.500000e+01 1.766506e+01 -2.675000e+01
         vertex -6.500000e+01 1.784923e+01 -2.635505e+01
         vertex -6.500000e+01 1.766506e+01 -2.675000e+01
      endloop
   endfacet
   facet normal 0.000000e+00 -8.191520e-01 5.735765e-01
      outer loop
         vertex 6.500000e+01 1.766506e+01 -2.675000e+01
         vertex -6.500000e+01 1.766506e+01 -2.675000e+01
         vertex 6.500000e+01 1.741511e+01 -2.710697e+01
      endloop
   endfacet
   facet normal 0.000000e+00 -8.191520e-01 5.735765e-01
      outer loop
         vertex 6.500000e+01 1.741511e+01 -2.710697e+01
         vertex -6.500000e+01 1.766506e+01 -2.675000e+01
         vertex -6.500000e+01 1.741511e+01 -2.710697e+01
      endloop
   endfacet
   facet normal 0.000000e+00 -7.071068e-01 7.071068e-01
      outer loop
         vertex 6.500000e+01 1.741511e+01 -2.710697e+01
         vertex -6.500000e+01 1.741511e+01 -2.710697e+01
         vertex 6.500000e+01 1.710697e+01 -2.741511e+01
      endloop
   endfacet
   facet normal 0.000000e+00 -7.071068e-01 7.071068e-01
      outer loop
         vertex 6.500000e+01 1.710697e+01 -2.741511e+01
         vertex -6.500000e+01 1.741511e+01 -2.710697e+01
         vertex -6.500000e+01 1.710697e+01 -2.741511e+01
      endloop
   endfacet
   facet normal 0.000000e+00 -5.735765e-01 8.191520e-01
      outer loop
         vertex 6.500000e+01 1.710697e+01 -2.741511e+01
         vertex -6.500000e+01 1.710697e+01 -2.741511e+01
         vertex 6.500000e+01 1.675000e+01 -2.766506e+01
      endloop
   endfacet
   facet normal 0.000000e+00 -5.735765e-01 8.191520e-01
      outer loop
         vertex 6.500000e+01 1.675000e+01 -2.766506e+01
         vertex -6.500000e+01 1.710697e+01 -2.741511e+01
         vertex -6.500000e+01 1.675000e+01 -2.766506e+01
      endloop
   endfacet
   facet normal 0.000000e+00 -4.226166e-01 9.063086e-01
      outer loop
         vertex 6.500000e+01 1.675000e+01 -2.766506e+01
         vertex -6.500000e+01 1.675000e+01 -2.766506e+01
         vertex 6.500000e+01 1.635505e+01 -2.784923e+01
      endloop
   endfacet
   facet normal 0.000000e+00 -4.226166e-01 9.063086e-01
      outer loop
         vertex 6.500000e+01 1.635505e+01 -2.784923e+01
         vertex -6.500000e+01 1.675000e+01 -2.766506e+01
         vertex -6.500000e+01 1.635505e+01 -2.784923e+01
      endloop
   endfacet
   facet normal 0.000000e+00 -2.588210e-01 9.659253e-01
      outer loop
         vertex 6.500000e+01 1.635505e+01 -2.784923e+01
         vertex -6.500000e+01 1.635505e+01 -2.784923e+01
         vertex 6.500000e+01 1.593412e+01 -2.796202e+01
      endloop
   endfacet
   facet normal 0.000000e+00 -2.588210e-01 9.659253e-01
      outer loop
         vertex 6.500000e+01 1.593412e+01 -2.796202e+01
         vertex -6.500000e+01 1.635505e+01 -2.784923e+01
         vertex -6.500000e+01 1.593412e+01 -2.796202e+01
      endloop
   endfacet
   facet normal 0.000000e+00 -8.715693e-02 9.961946e-01
      outer loop
         vertex 6.500000e+01 1.593412e+01 -2.796202e+01
         vertex -6.500000e+01 1.593412e+01 -2.796202e+01
         vertex 6.500000e+01 1.550000e+01 -2.800000e+01
      endloop
   endfacet
   facet normal 0.000000e+00 -8.715693e-02 9.961946e-01
      outer loop
         vertex 6.500000e+01 1.550000e+01 -2.800000e+01
         vertex -6.500000e+01 1.593412e+01 -2.796202e+01
         vertex -6.500000e+01 1.550000e+01 -2.800000e+01
      endloop
   endfacet
   facet normal 0.000000e+00 -1.000000e+00 0.000000e+00
      outer loop
         vertex 6.500000e+01 1.800000e+01 -2.550000e+01
         vertex 6.500000e+01 1.800000e+01 -1.600000e+01
         vertex -6.500000e+01 1.800000e+01 -2.550000e+01
      endloop
   endfacet
   facet normal 0.000000e+00 -1.000000e+00 0.000000e+00
      outer loop
         vertex -6.500000e+01 1.800000e+01 -2.550000e+01
         vertex 6.500000e+01 1.800000e+01 -1.600000e+01
         vertex -6.500000e+01 1.800000e+01 -1.600000e+01
      endloop
   endfacet
   facet normal 0.000000e+00 -0.000000e+00 1.000000e+00
      outer loop
         vertex 6.500000e+01 1.800000e+01 -1.600000e+01
         vertex 6.500000e+01 2.250000e+01 -1.600000e+01
         vertex -6.500000e+01 1.800000e+01 -1.600000e+01
      endloop
   endfacet
   facet normal 0.000000e+00 0.000000e+00 1.000000e+00
      outer loop
         vertex -6.500000e+01 1.800000e+01 -1.600000e+01
         vertex 6.500000e+01 2.250000e+01 -1.600000e+01
         vertex -6.500000e+01 2.250000e+01 -1.600000e+01
      endloop
   endfacet
   facet normal 0.000000e+00 -1.000000e+00 0.000000e+00
      outer loop
         vertex 6.500000e+01 2.250000e+01 -1.600000e+01
         vertex 6.500000e+01 2.250000e+01 -8.000000e+00
         vertex -6.500000e+01 2.250000e+01 -1.600000e+01
      endloop
   endfacet
   facet normal 0.000000e+00 -1.000000e+00 0.000000e+00
      outer loop
         vertex -6.500000e+01 2.250000e+01 -1.600000e+01
         vertex 6.500000e+01 2.250000e+01 -8.000000e+00
         vertex -6.500000e+01 2.250000e+01 -8.000000e+00
      endloop
   endfacet
   facet normal -0.000000e+00 -0.000000e+00 -1.000000e+00
      outer loop
         vertex 6.500000e+01 2.250000e+01 -8.000000e+00
         vertex 6.500000e+01 1.800000e+01 -8.000000e+00
         vertex -6.500000e+01 2.250000e+01 -8.000000e+00
      endloop
   endfacet
   facet normal 0.000000e+00 0.000000e+00 -1.000000e+00
      outer loop
         vertex -6.500000e+01 2.250000e+01 -8.000000e+00
         vertex 6.500000e+01 1.800000e+01 -8.000000e+00
         vertex -6.500000e+01 1.800000e+01 -8.000000e+00
      endloop
   endfacet
   facet normal 0.000000e+00 -1.000000e+00 0.000000e+00
      outer loop
         vertex 6.500000e+01 1.800000e+01 -8.000000e+00
         vertex 6.500000e+01 1.800000e+01 -1.500000e+00
         vertex -6.500000e+01 1.800000e+01 -8.000000e+00
      endloop
   endfacet
   facet normal 0.000000e+00 -1.000000e+00 0.000000e+00
      outer loop
         vertex -6.500000e+01 1.800000e+01 -8.000000e+00
         vertex 6.500000e+01 1.800000e+01 -1.500000e+00
         vertex -6.500000e+01 1.800000e+01 -1.500000e+00
      endloop
   endfacet
   facet normal 0.000000e+00 -7.071065e-01 7.071071e-01
      outer loop
         vertex 6.500000e+01 1.800000e+01 -1.500000e+00
         vertex 6.500000e+01 1.950000e+01 7.347881e-16
         vertex -6.500000e+01 1.800000e+01 -1.500000e+00
      endloop
   endfacet
   facet normal 4.607250e-18 -7.071065e-01 7.071071e-01
      outer loop
         vertex -6.500000e+01 1.800000e+01 -1.500000e+00
         vertex 6.500000e+01 1.950000e+01 7.347881e-16
         vertex -6.500000e+01 1.950000e+01 1.469576e-15
      endloop
   endfacet
   facet normal -7.071069e-01 7.071067e-01 0.000000e+00
      outer loop
         vertex -5.500000e+00 1.350000e+01 -1.150000e+00
         vertex -5.500000e+00 1.350000e+01 -2.800000e+01
         vertex -7.500000e+00 1.150000e+01 -1.150000e+00
      endloop
   endfacet
   facet normal -7.071069e-01 7.071067e-01 0.000000e+00
      outer loop
         vertex -7.500000e+00 1.150000e+01 -1.150000e+00
         vertex -5.500000e+00 1.350000e+01 -2.800000e+01
         vertex -7.500000e+00 1.150000e+01 -2.800000e+01
      endloop
   endfacet
   facet normal -1.000000e+00 0.000000e+00 -0.000000e+00
      outer loop
         vertex -7.500000e+00 -7.517541e+00 -1.423616e+01
         vertex -7.500000e+00 -6.928203e+00 -1.550000e+01
         vertex -7.500000e+00 -1.150000e+01 -2.800000e+01
      endloop
   endfacet
   facet normal -1.000000e+00 0.000000e+00 0.000000e+00
      outer loop
         vertex -7.500000e+00 1.389185e+00 -1.937846e+01
         vertex -7.500000e+00 2.736161e+00 -1.901754e+01
         vertex -7.500000e+00 1.150000e+01 -2.800000e+01
      endloop
   endfacet
   facet normal -1.000000e+00 0.000000e+00 0.000000e+00
      outer loop
         vertex -7.500000e+00 1.150000e+01 -2.800000e+01
         vertex -7.500000e+00 2.736161e+00 -1.901754e+01
         vertex -7.500000e+00 4.000000e+00 -1.842820e+01
      endloop
   endfacet
   facet normal -1.000000e+00 0.000000e+00 0.000000e+00
      outer loop
         vertex -7.500000e+00 1.150000e+01 -2.800000e+01
         vertex -7.500000e+00 4.000000e+00 -1.842820e+01
         vertex -7.500000e+00 5.142301e+00 -1.762835e+01
      endloop
   endfacet
   facet normal -1.000000e+00 0.000000e+00 0.000000e+00
      outer loop
         vertex -7.500000e+00 5.142301e+00 -1.762835e+01
         vertex -7.500000e+00 6.128355e+00 -1.664230e+01
         vertex -7.500000e+00 1.150000e+01 -2.800000e+01
      endloop
   endfacet
   facet normal -1.000000e+00 0.000000e+00 0.000000e+00
      outer loop
         vertex -7.500000e+00 1.150000e+01 -2.800000e+01
         vertex -7.500000e+00 6.128355e+00 -1.664230e+01
         vertex -7.500000e+00 6.928203e+00 -1.550000e+01
      endloop
   endfacet
   facet normal -1.000000e+00 0.000000e+00 0.000000e+00
      outer loop
         vertex -7.500000e+00 1.150000e+01 -2.800000e+01
         vertex -7.500000e+00 6.928203e+00 -1.550000e+01
         vertex -7.500000e+00 7.517541e+00 -1.423616e+01
      endloop
   endfacet
   facet normal -1.000000e+00 0.000000e+00 -0.000000e+00
      outer loop
         vertex -7.500000e+00 -6.928203e+00 -1.550000e+01
         vertex -7.500000e+00 -6.128355e+00 -1.664230e+01
         vertex -7.500000e+00 -1.150000e+01 -2.800000e+01
      endloop
   endfacet
   facet normal -1.000000e+00 0.000000e+00 0.000000e+00
      outer loop
         vertex -7.500000e+00 -1.150000e+01 -2.800000e+01
         vertex -7.500000e+00 -6.128355e+00 -1.664230e+01
         vertex -7.500000e+00 -5.142301e+00 -1.762835e+01
      endloop
   endfacet
   facet normal -1.000000e+00 0.000000e+00 0.000000e+00
      outer loop
         vertex -7.500000e+00 -1.150000e+01 -2.800000e+01
         vertex -7.500000e+00 -5.142301e+00 -1.762835e+01
         vertex -7.500000e+00 -4.000000e+00 -1.842820e+01
      endloop
   endfacet
   facet normal -1.000000e+00 0.000000e+00 0.000000e+00
      outer loop
         vertex -7.500000e+00 7.517541e+00 -1.423616e+01
         vertex -7.500000e+00 7.878462e+00 -1.288918e+01
         vertex -7.500000e+00 1.150000e+01 -2.800000e+01
      endloop
   endfacet
   facet normal -1.000000e+00 0.000000e+00 0.000000e+00
      outer loop
         vertex -7.500000e+00 1.150000e+01 -2.800000e+01
         vertex -7.500000e+00 7.878462e+00 -1.288918e+01
         vertex -7.500000e+00 8.000000e+00 -1.150000e+01
      endloop
   endfacet
   facet normal -1.000000e+00 0.000000e+00 0.000000e+00
      outer loop
         vertex -7.500000e+00 1.150000e+01 -2.800000e+01
         vertex -7.500000e+00 8.000000e+00 -1.150000e+01
         vertex -7.500000e+00 1.150000e+01 -1.150000e+00
      endloop
   endfacet
   facet normal -1.000000e+00 0.000000e+00 0.000000e+00
      outer loop
         vertex -7.500000e+00 1.150000e+01 -1.150000e+00
         vertex -7.500000e+00 8.000000e+00 -1.150000e+01
         vertex -7.500000e+00 7.878462e+00 -1.011081e+01
      endloop
   endfacet
   facet normal -1.000000e+00 0.000000e+00 0.000000e+00
      outer loop
         vertex -7.500000e+00 1.150000e+01 -1.150000e+00
         vertex -7.500000e+00 7.878462e+00 -1.011081e+01
         vertex -7.500000e+00 7.517541e+00 -8.763839e+00
      endloop
   endfacet
   facet normal -1.000000e+00 0.000000e+00 0.000000e+00
      outer loop
         vertex -7.500000e+00 7.517541e+00 -8.763839e+00
         vertex -7.500000e+00 6.928203e+00 -7.500000e+00
         vertex -7.500000e+00 1.150000e+01 -1.150000e+00
      endloop
   endfacet
   facet normal -1.000000e+00 0.000000e+00 0.000000e+00
      outer loop
         vertex -7.500000e+00 1.150000e+01 -1.150000e+00
         vertex -7.500000e+00 6.928203e+00 -7.500000e+00
         vertex -7.500000e+00 6.128355e+00 -6.357699e+00
      endloop
   endfacet
   facet normal -1.000000e+00 0.000000e+00 0.000000e+00
      outer loop
         vertex -7.500000e+00 1.150000e+01 -1.150000e+00
         vertex -7.500000e+00 6.128355e+00 -6.357699e+00
         vertex -7.500000e+00 5.142301e+00 -5.371645e+00
      endloop
   endfacet
   facet normal -1.000000e+00 0.000000e+00 0.000000e+00
      outer loop
         vertex -7.500000e+00 -1.389185e+00 -3.621538e+00
         vertex -7.500000e+00 -1.150000e+01 -1.150000e+00
         vertex -7.500000e+00 -1.734723e-15 -3.500000e+00
      endloop
   endfacet
   facet normal -1.000000e+00 0.000000e+00 0.000000e+00
      outer loop
         vertex -7.500000e+00 -1.734723e-15 -3.500000e+00
         vertex -7.500000e+00 -1.150000e+01 -1.150000e+00
         vertex -7.500000e+00 1.150000e+01 -1.150000e+00
      endloop
   endfacet
   facet normal -1.000000e+00 0.000000e+00 0.000000e+00
      outer loop
         vertex -7.500000e+00 -1.734723e-15 -3.500000e+00
         vertex -7.500000e+00 1.150000e+01 -1.150000e+00
         vertex -7.500000e+00 1.389185e+00 -3.621538e+00
      endloop
   endfacet
   facet normal -1.000000e+00 -0.000000e+00 0.000000e+00
      outer loop
         vertex -7.500000e+00 -1.389185e+00 -3.621538e+00
         vertex -7.500000e+00 -2.736161e+00 -3.982459e+00
         vertex -7.500000e+00 -1.150000e+01 -1.150000e+00
      endloop
   endfacet
   facet normal -1.000000e+00 0.000000e+00 0.000000e+00
      outer loop
         vertex -7.500000e+00 -1.150000e+01 -1.150000e+00
         vertex -7.500000e+00 -2.736161e+00 -3.982459e+00
         vertex -7.500000e+00 -4.000000e+00 -4.571797e+00
      endloop
   endfacet
   facet normal -1.000000e+00 0.000000e+00 0.000000e+00
      outer loop
         vertex -7.500000e+00 -1.150000e+01 -1.150000e+00
         vertex -7.500000e+00 -4.000000e+00 -4.571797e+00
         vertex -7.500000e+00 -5.142301e+00 -5.371645e+00
      endloop
   endfacet
   facet normal -1.000000e+00 -0.000000e+00 0.000000e+00
      outer loop
         vertex -7.500000e+00 -5.142301e+00 -5.371645e+00
         vertex -7.500000e+00 -6.128355e+00 -6.357699e+00
         vertex -7.500000e+00 -1.150000e+01 -1.150000e+00
      endloop
   endfacet
   facet normal -1.000000e+00 0.000000e+00 0.000000e+00
      outer loop
         vertex -7.500000e+00 -1.150000e+01 -1.150000e+00
         vertex -7.500000e+00 -6.128355e+00 -6.357699e+00
         vertex -7.500000e+00 -6.928203e+00 -7.500000e+00
      endloop
   endfacet
   facet normal -1.000000e+00 0.000000e+00 0.000000e+00
      outer loop
         vertex -7.500000e+00 -1.150000e+01 -1.150000e+00
         vertex -7.500000e+00 -6.928203e+00 -7.500000e+00
         vertex -7.500000e+00 -7.517541e+00 -8.763839e+00
      endloop
   endfacet
   facet normal -1.000000e+00 0.000000e+00 -0.000000e+00
      outer loop
         vertex -7.500000e+00 -4.000000e+00 -1.842820e+01
         vertex -7.500000e+00 -2.736161e+00 -1.901754e+01
         vertex -7.500000e+00 -1.150000e+01 -2.800000e+01
      endloop
   endfacet
   facet normal -1.000000e+00 0.000000e+00 0.000000e+00
      outer loop
         vertex -7.500000e+00 -1.150000e+01 -2.800000e+01
         vertex -7.500000e+00 -2.736161e+00 -1.901754e+01
         vertex -7.500000e+00 -1.389185e+00 -1.937846e+01
      endloop
   endfacet
   facet normal -1.000000e+00 0.000000e+00 0.000000e+00
      outer loop
         vertex -7.500000e+00 -1.150000e+01 -2.800000e+01
         vertex -7.500000e+00 -1.389185e+00 -1.937846e+01
         vertex -7.500000e+00 1.150000e+01 -2.800000e+01
      endloop
   endfacet
   facet normal -1.000000e+00 0.000000e+00 0.000000e+00
      outer loop
         vertex -7.500000e+00 1.150000e+01 -2.800000e+01
         vertex -7.500000e+00 -1.389185e+00 -1.937846e+01
         vertex -7.500000e+00 1.734723e-15 -1.950000e+01
      endloop
   endfacet
   facet normal -1.000000e+00 0.000000e+00 0.000000e+00
      outer loop
         vertex -7.500000e+00 1.150000e+01 -2.800000e+01
         vertex -7.500000e+00 1.734723e-15 -1.950000e+01
         vertex -7.500000e+00 1.389185e+00 -1.937846e+01
      endloop
   endfacet
   facet normal -1.000000e+00 0.000000e+00 0.000000e+00
      outer loop
         vertex -7.500000e+00 5.142301e+00 -5.371645e+00
         vertex -7.500000e+00 4.000000e+00 -4.571797e+00
         vertex -7.500000e+00 1.150000e+01 -1.150000e+00
      endloop
   endfacet
   facet normal -1.000000e+00 0.000000e+00 0.000000e+00
      outer loop
         vertex -7.500000e+00 1.150000e+01 -1.150000e+00
         vertex -7.500000e+00 4.000000e+00 -4.571797e+00
         vertex -7.500000e+00 2.736161e+00 -3.982459e+00
      endloop
   endfacet
   facet normal -1.000000e+00 0.000000e+00 0.000000e+00
      outer loop
         vertex -7.500000e+00 1.150000e+01 -1.150000e+00
         vertex -7.500000e+00 2.736161e+00 -3.982459e+00
         vertex -7.500000e+00 1.389185e+00 -3.621538e+00
      endloop
   endfacet
   facet normal -1.000000e+00 -0.000000e+00 0.000000e+00
      outer loop
         vertex -7.500000e+00 -7.517541e+00 -8.763839e+00
         vertex -7.500000e+00 -7.878462e+00 -1.011081e+01
         vertex -7.500000e+00 -1.150000e+01 -1.150000e+00
      endloop
   endfacet
   facet normal -1.000000e+00 0.000000e+00 0.000000e+00
      outer loop
         vertex -7.500000e+00 -1.150000e+01 -1.150000e+00
         vertex -7.500000e+00 -7.878462e+00 -1.011081e+01
         vertex -7.500000e+00 -8.000000e+00 -1.150000e+01
      endloop
   endfacet
   facet normal -1.000000e+00 0.000000e+00 0.000000e+00
      outer loop
         vertex -7.500000e+00 -1.150000e+01 -1.150000e+00
         vertex -7.500000e+00 -8.000000e+00 -1.150000e+01
         vertex -7.500000e+00 -1.150000e+01 -2.800000e+01
      endloop
   endfacet
   facet normal -1.000000e+00 0.000000e+00 0.000000e+00
      outer loop
         vertex -7.500000e+00 -1.150000e+01 -2.800000e+01
         vertex -7.500000e+00 -8.000000e+00 -1.150000e+01
         vertex -7.500000e+00 -7.878462e+00 -1.288918e+01
      endloop
   endfacet
   facet normal -1.000000e+00 0.000000e+00 0.000000e+00
      outer loop
         vertex -7.500000e+00 -1.150000e+01 -2.800000e+01
         vertex -7.500000e+00 -7.878462e+00 -1.288918e+01
         vertex -7.500000e+00 -7.517541e+00 -1.423616e+01
      endloop
   endfacet
   facet normal -7.071069e-01 -7.071067e-01 -0.000000e+00
      outer loop
         vertex -7.500000e+00 -1.150000e+01 -1.150000e+00
         vertex -7.500000e+00 -1.150000e+01 -2.800000e+01
         vertex -5.500000e+00 -1.350000e+01 -1.150000e+00
      endloop
   endfacet
   facet normal -7.071069e-01 -7.071067e-01 -0.000000e+00
      outer loop
         vertex -5.500000e+00 -1.350000e+01 -1.150000e+00
         vertex -7.500000e+00 -1.150000e+01 -2.800000e+01
         vertex -5.500000e+00 -1.350000e+01 -2.800000e+01
      endloop
   endfacet
   facet normal 0.000000e+00 -1.000000e+00 0.000000e+00
      outer loop
         vertex -5.500000e+00 -1.350000e+01 -1.150000e+00
         vertex -5.500000e+00 -1.350000e+01 -2.800000e+01
         vertex 5.500000e+00 -1.350000e+01 -1.150000e+00
      endloop
   endfacet
   facet normal 0.000000e+00 -1.000000e+00 -0.000000e+00
      outer loop
         vertex 5.500000e+00 -1.350000e+01 -1.150000e+00
         vertex -5.500000e+00 -1.350000e+01 -2.800000e+01
         vertex 5.500000e+00 -1.350000e+01 -2.800000e+01
      endloop
   endfacet
   facet normal 7.071069e-01 -7.071067e-01 0.000000e+00
      outer loop
         vertex 5.500000e+00 -1.350000e+01 -1.150000e+00
         vertex 5.500000e+00 -1.350000e+01 -2.800000e+01
         vertex 7.500000e+00 -1.150000e+01 -1.150000e+00
      endloop
   endfacet
   facet normal 7.071069e-01 -7.071067e-01 0.000000e+00
      outer loop
         vertex 7.500000e+00 -1.150000e+01 -1.150000e+00
         vertex 5.500000e+00 -1.350000e+01 -2.800000e+01
         vertex 7.500000e+00 -1.150000e+01 -2.800000e+01
      endloop
   endfacet
   facet normal 1.000000e+00 0.000000e+00 0.000000e+00
      outer loop
         vertex 7.500000e+00 -4.000000e+00 -1.842820e+01
         vertex 7.500000e+00 -5.142301e+00 -1.762835e+01
         vertex 7.500000e+00 -1.150000e+01 -2.800000e+01
      endloop
   endfacet
   facet normal 1.000000e+00 0.000000e+00 0.000000e+00
      outer loop
         vertex 7.500000e+00 -6.128355e+00 -6.357699e+00
         vertex 7.500000e+00 -1.150000e+01 -1.150000e+00
         vertex 7.500000e+00 -6.928203e+00 -7.500000e+00
      endloop
   endfacet
   facet normal 1.000000e+00 0.000000e+00 0.000000e+00
      outer loop
         vertex 7.500000e+00 -6.928203e+00 -7.500000e+00
         vertex 7.500000e+00 -1.150000e+01 -1.150000e+00
         vertex 7.500000e+00 -7.517541e+00 -8.763839e+00
      endloop
   endfacet
   facet normal 1.000000e+00 -0.000000e+00 0.000000e+00
      outer loop
         vertex 7.500000e+00 2.736161e+00 -1.901754e+01
         vertex 7.500000e+00 1.150000e+01 -2.800000e+01
         vertex 7.500000e+00 4.000000e+00 -1.842820e+01
      endloop
   endfacet
   facet normal 1.000000e+00 -0.000000e+00 0.000000e+00
      outer loop
         vertex 7.500000e+00 4.000000e+00 -1.842820e+01
         vertex 7.500000e+00 1.150000e+01 -2.800000e+01
         vertex 7.500000e+00 5.142301e+00 -1.762835e+01
      endloop
   endfacet
   facet normal 1.000000e+00 0.000000e+00 0.000000e+00
      outer loop
         vertex 7.500000e+00 -4.000000e+00 -1.842820e+01
         vertex 7.500000e+00 -1.150000e+01 -2.800000e+01
         vertex 7.500000e+00 -2.736161e+00 -1.901754e+01
      endloop
   endfacet
   facet normal 1.000000e+00 0.000000e+00 -0.000000e+00
      outer loop
         vertex 7.500000e+00 -6.128355e+00 -6.357699e+00
         vertex 7.500000e+00 -5.142301e+00 -5.371645e+00
         vertex 7.500000e+00 -1.150000e+01 -1.150000e+00
      endloop
   endfacet
   facet normal 1.000000e+00 0.000000e+00 0.000000e+00
      outer loop
         vertex 7.500000e+00 -1.150000e+01 -1.150000e+00
         vertex 7.500000e+00 -5.142301e+00 -5.371645e+00
         vertex 7.500000e+00 -4.000000e+00 -4.571797e+00
      endloop
   endfacet
   facet normal 1.000000e+00 0.000000e+00 0.000000e+00
      outer loop
         vertex 7.500000e+00 -1.150000e+01 -1.150000e+00
         vertex 7.500000e+00 -4.000000e+00 -4.571797e+00
         vertex 7.500000e+00 -2.736161e+00 -3.982459e+00
      endloop
   endfacet
   facet normal 1.000000e+00 0.000000e+00 0.000000e+00
      outer loop
         vertex 7.500000e+00 2.736161e+00 -1.901754e+01
         vertex 7.500000e+00 1.389185e+00 -1.937846e+01
         vertex 7.500000e+00 1.150000e+01 -2.800000e+01
      endloop
   endfacet
   facet normal 1.000000e+00 0.000000e+00 0.000000e+00
      outer loop
         vertex 7.500000e+00 1.150000e+01 -2.800000e+01
         vertex 7.500000e+00 1.389185e+00 -1.937846e+01
         vertex 7.500000e+00 1.734723e-15 -1.950000e+01
      endloop
   endfacet
   facet normal 1.000000e+00 0.000000e+00 0.000000e+00
      outer loop
         vertex 7.500000e+00 1.150000e+01 -2.800000e+01
         vertex 7.500000e+00 1.734723e-15 -1.950000e+01
         vertex 7.500000e+00 -1.150000e+01 -2.800000e+01
      endloop
   endfacet
   facet normal 1.000000e+00 0.000000e+00 0.000000e+00
      outer loop
         vertex 7.500000e+00 -1.150000e+01 -2.800000e+01
         vertex 7.500000e+00 1.734723e-15 -1.950000e+01
         vertex 7.500000e+00 -1.389185e+00 -1.937846e+01
      endloop
   endfacet
   facet normal 1.000000e+00 0.000000e+00 0.000000e+00
      outer loop
         vertex 7.500000e+00 -1.150000e+01 -2.800000e+01
         vertex 7.500000e+00 -1.389185e+00 -1.937846e+01
         vertex 7.500000e+00 -2.736161e+00 -1.901754e+01
      endloop
   endfacet
   facet normal 1.000000e+00 0.000000e+00 0.000000e+00
      outer loop
         vertex 7.500000e+00 -5.142301e+00 -1.762835e+01
         vertex 7.500000e+00 -6.128355e+00 -1.664230e+01
         vertex 7.500000e+00 -1.150000e+01 -2.800000e+01
      endloop
   endfacet
   facet normal 1.000000e+00 0.000000e+00 0.000000e+00
      outer loop
         vertex 7.500000e+00 -1.150000e+01 -2.800000e+01
         vertex 7.500000e+00 -6.128355e+00 -1.664230e+01
         vertex 7.500000e+00 -6.928203e+00 -1.550000e+01
      endloop
   endfacet
   facet normal 1.000000e+00 0.000000e+00 0.000000e+00
      outer loop
         vertex 7.500000e+00 -1.150000e+01 -2.800000e+01
         vertex 7.500000e+00 -6.928203e+00 -1.550000e+01
         vertex 7.500000e+00 -7.517541e+00 -1.423616e+01
      endloop
   endfacet
   facet normal 1.000000e+00 0.000000e+00 0.000000e+00
      outer loop
         vertex 7.500000e+00 -7.517541e+00 -1.423616e+01
         vertex 7.500000e+00 -7.878462e+00 -1.288918e+01
         vertex 7.500000e+00 -1.150000e+01 -2.800000e+01
      endloop
   endfacet
   facet normal 1.000000e+00 0.000000e+00 0.000000e+00
      outer loop
         vertex 7.500000e+00 -1.150000e+01 -2.800000e+01
         vertex 7.500000e+00 -7.878462e+00 -1.288918e+01
         vertex 7.500000e+00 -8.000000e+00 -1.150000e+01
      endloop
   endfacet
   facet normal 1.000000e+00 0.000000e+00 0.000000e+00
      outer loop
         vertex 7.500000e+00 -1.150000e+01 -2.800000e+01
         vertex 7.500000e+00 -8.000000e+00 -1.150000e+01
         vertex 7.500000e+00 -1.150000e+01 -1.150000e+00
      endloop
   endfacet
   facet normal 1.000000e+00 0.000000e+00 0.000000e+00
      outer loop
         vertex 7.500000e+00 -1.150000e+01 -1.150000e+00
         vertex 7.500000e+00 -8.000000e+00 -1.150000e+01
         vertex 7.500000e+00 -7.878462e+00 -1.011081e+01
      endloop
   endfacet
   facet normal 1.000000e+00 0.000000e+00 0.000000e+00
      outer loop
         vertex 7.500000e+00 -1.150000e+01 -1.150000e+00
         vertex 7.500000e+00 -7.878462e+00 -1.011081e+01
         vertex 7.500000e+00 -7.517541e+00 -8.763839e+00
      endloop
   endfacet
   facet normal 1.000000e+00 0.000000e+00 -0.000000e+00
      outer loop
         vertex 7.500000e+00 -2.736161e+00 -3.982459e+00
         vertex 7.500000e+00 -1.389185e+00 -3.621538e+00
         vertex 7.500000e+00 -1.150000e+01 -1.150000e+00
      endloop
   endfacet
   facet normal 1.000000e+00 0.000000e+00 0.000000e+00
      outer loop
         vertex 7.500000e+00 -1.150000e+01 -1.150000e+00
         vertex 7.500000e+00 -1.389185e+00 -3.621538e+00
         vertex 7.500000e+00 0.000000e+00 -3.500000e+00
      endloop
   endfacet
   facet normal 1.000000e+00 -0.000000e+00 0.000000e+00
      outer loop
         vertex 7.500000e+00 -1.150000e+01 -1.150000e+00
         vertex 7.500000e+00 0.000000e+00 -3.500000e+00
         vertex 7.500000e+00 1.150000e+01 -1.150000e+00
      endloop
   endfacet
   facet normal 1.000000e+00 -0.000000e+00 0.000000e+00
      outer loop
         vertex 7.500000e+00 0.000000e+00 -3.500000e+00
         vertex 7.500000e+00 1.389185e+00 -3.621538e+00
         vertex 7.500000e+00 1.150000e+01 -1.150000e+00
      endloop
   endfacet
   facet normal 1.000000e+00 0.000000e+00 0.000000e+00
      outer loop
         vertex 7.500000e+00 1.150000e+01 -1.150000e+00
         vertex 7.500000e+00 1.389185e+00 -3.621538e+00
         vertex 7.500000e+00 2.736161e+00 -3.982459e+00
      endloop
   endfacet
   facet normal 1.000000e+00 0.000000e+00 0.000000e+00
      outer loop
         vertex 7.500000e+00 1.150000e+01 -1.150000e+00
         vertex 7.500000e+00 2.736161e+00 -3.982459e+00
         vertex 7.500000e+00 4.000000e+00 -4.571797e+00
      endloop
   endfacet
   facet normal 1.000000e+00 0.000000e+00 0.000000e+00
      outer loop
         vertex 7.500000e+00 1.150000e+01 -1.150000e+00
         vertex 7.500000e+00 6.928203e+00 -7.500000e+00
         vertex 7.500000e+00 7.517541e+00 -8.763839e+00
      endloop
   endfacet
   facet normal 1.000000e+00 0.000000e+00 0.000000e+00
      outer loop
         vertex 7.500000e+00 7.517541e+00 -1.423616e+01
         vertex 7.500000e+00 6.928203e+00 -1.550000e+01
         vertex 7.500000e+00 1.150000e+01 -2.800000e+01
      endloop
   endfacet
   facet normal 1.000000e+00 0.000000e+00 0.000000e+00
      outer loop
         vertex 7.500000e+00 1.150000e+01 -2.800000e+01
         vertex 7.500000e+00 6.928203e+00 -1.550000e+01
         vertex 7.500000e+00 6.128355e+00 -1.664230e+01
      endloop
   endfacet
   facet normal 1.000000e+00 0.000000e+00 0.000000e+00
      outer loop
         vertex 7.500000e+00 1.150000e+01 -2.800000e+01
         vertex 7.500000e+00 6.128355e+00 -1.664230e+01
         vertex 7.500000e+00 5.142301e+00 -1.762835e+01
      endloop
   endfacet
   facet normal 1.000000e+00 -0.000000e+00 0.000000e+00
      outer loop
         vertex 7.500000e+00 7.517541e+00 -8.763839e+00
         vertex 7.500000e+00 7.878462e+00 -1.011081e+01
         vertex 7.500000e+00 1.150000e+01 -1.150000e+00
      endloop
   endfacet
   facet normal 1.000000e+00 0.000000e+00 0.000000e+00
      outer loop
         vertex 7.500000e+00 1.150000e+01 -1.150000e+00
         vertex 7.500000e+00 7.878462e+00 -1.011081e+01
         vertex 7.500000e+00 8.000000e+00 -1.150000e+01
      endloop
   endfacet
   facet normal 1.000000e+00 0.000000e+00 0.000000e+00
      outer loop
         vertex 7.500000e+00 1.150000e+01 -1.150000e+00
         vertex 7.500000e+00 8.000000e+00 -1.150000e+01
         vertex 7.500000e+00 1.150000e+01 -2.800000e+01
      endloop
   endfacet
   facet normal 1.000000e+00 0.000000e+00 0.000000e+00
      outer loop
         vertex 7.500000e+00 1.150000e+01 -2.800000e+01
         vertex 7.500000e+00 8.000000e+00 -1.150000e+01
         vertex 7.500000e+00 7.878462e+00 -1.288918e+01
      endloop
   endfacet
   facet normal 1.000000e+00 0.000000e+00 0.000000e+00
      outer loop
         vertex 7.500000e+00 1.150000e+01 -2.800000e+01
         vertex 7.500000e+00 7.878462e+00 -1.288918e+01
         vertex 7.500000e+00 7.517541e+00 -1.423616e+01
      endloop
   endfacet
   facet normal 1.000000e+00 -0.000000e+00 0.000000e+00
      outer loop
         vertex 7.500000e+00 4.000000e+00 -4.571797e+00
         vertex 7.500000e+00 5.142301e+00 -5.371645e+00
         vertex 7.500000e+00 1.150000e+01 -1.150000e+00
      endloop
   endfacet
   facet normal 1.000000e+00 0.000000e+00 0.000000e+00
      outer loop
         vertex 7.500000e+00 1.150000e+01 -1.150000e+00
         vertex 7.500000e+00 5.142301e+00 -5.371645e+00
         vertex 7.500000e+00 6.128355e+00 -6.357699e+00
      endloop
   endfacet
   facet normal 1.000000e+00 0.000000e+00 0.000000e+00
      outer loop
         vertex 7.500000e+00 1.150000e+01 -1.150000e+00
         vertex 7.500000e+00 6.128355e+00 -6.357699e+00
         vertex 7.500000e+00 6.928203e+00 -7.500000e+00
      endloop
   endfacet
   facet normal 7.071069e-01 7.071067e-01 0.000000e+00
      outer loop
         vertex 7.500000e+00 1.150000e+01 -1.150000e+00
         vertex 7.500000e+00 1.150000e+01 -2.800000e+01
         vertex 5.500000e+00 1.350000e+01 -1.150000e+00
      endloop
   endfacet
   facet normal 7.071069e-01 7.071067e-01 0.000000e+00
      outer loop
         vertex 5.500000e+00 1.350000e+01 -1.150000e+00
         vertex 7.500000e+00 1.150000e+01 -2.800000e+01
         vertex 5.500000e+00 1.350000e+01 -2.800000e+01
      endloop
   endfacet
   facet normal 0.000000e+00 1.000000e+00 0.000000e+00
      outer loop
         vertex 5.500000e+00 1.350000e+01 -1.150000e+00
         vertex 5.500000e+00 1.350000e+01 -2.800000e+01
         vertex -5.500000e+00 1.350000e+01 -1.150000e+00
      endloop
   endfacet
   facet normal 0.000000e+00 1.000000e+00 0.000000e+00
      outer loop
         vertex -5.500000e+00 1.350000e+01 -1.150000e+00
         vertex 5.500000e+00 1.350000e+01 -2.800000e+01
         vertex -5.500000e+00 1.350000e+01 -2.800000e+01
      endloop
   endfacet
   facet normal 0.000000e+00 0.000000e+00 1.000000e+00
      outer loop
         vertex 5.085786e+00 1.250000e+01 -1.500000e-01
         vertex -5.085786e+00 1.250000e+01 -1.500000e-01
         vertex 6.500000e+00 1.108579e+01 -1.500000e-01
      endloop
   endfacet
   facet normal 0.000000e+00 0.000000e+00 1.000000e+00
      outer loop
         vertex 6.500000e+00 1.108579e+01 -1.500000e-01
         vertex -5.085786e+00 1.250000e+01 -1.500000e-01
         vertex -6.500000e+00 1.108579e+01 -1.500000e-01
      endloop
   endfacet
   facet normal 0.000000e+00 0.000000e+00 1.000000e+00
      outer loop
         vertex 6.500000e+00 1.108579e+01 -1.500000e-01
         vertex -6.500000e+00 1.108579e+01 -1.500000e-01
         vertex 6.500000e+00 -1.108579e+01 -1.500000e-01
      endloop
   endfacet
   facet normal 0.000000e+00 0.000000e+00 1.000000e+00
      outer loop
         vertex 6.500000e+00 -1.108579e+01 -1.500000e-01
         vertex -6.500000e+00 1.108579e+01 -1.500000e-01
         vertex -6.500000e+00 -1.108579e+01 -1.500000e-01
      endloop
   endfacet
   facet normal 0.000000e+00 0.000000e+00 1.000000e+00
      outer loop
         vertex 6.500000e+00 -1.108579e+01 -1.500000e-01
         vertex -6.500000e+00 -1.108579e+01 -1.500000e-01
         vertex 5.085786e+00 -1.250000e+01 -1.500000e-01
      endloop
   endfacet
   facet normal 0.000000e+00 0.000000e+00 1.000000e+00
      outer loop
         vertex 5.085786e+00 -1.250000e+01 -1.500000e-01
         vertex -6.500000e+00 -1.108579e+01 -1.500000e-01
         vertex -5.085786e+00 -1.250000e+01 -1.500000e-01
      endloop
   endfacet
   facet normal 7.071061e-01 -6.123730e-01 3.535537e-01
      outer loop
         vertex 7.000000e+01 3.077350e+00 -1.150000e+01
         vertex 6.950000e+01 2.500000e+00 -1.150000e+01
         vertex 7.000000e+01 1.538675e+00 -1.416506e+01
      endloop
   endfacet
   facet normal 7.071061e-01 -6.123730e-01 3.535537e-01
      outer loop
         vertex 7.000000e+01 1.538675e+00 -1.416506e+01
         vertex 6.950000e+01 2.500000e+00 -1.150000e+01
         vertex 6.950000e+01 1.250000e+00 -1.366506e+01
      endloop
   endfacet
   facet normal 7.071061e-01 -6.123730e-01 -3.535537e-01
      outer loop
         vertex 6.950000e+01 2.500000e+00 -1.150000e+01
         vertex 7.000000e+01 3.077350e+00 -1.150000e+01
         vertex 6.950000e+01 1.250000e+00 -9.334937e+00
      endloop
   endfacet
   facet normal 7.071061e-01 -6.123730e-01 -3.535537e-01
      outer loop
         vertex 6.950000e+01 1.250000e+00 -9.334937e+00
         vertex 7.000000e+01 3.077350e+00 -1.150000e+01
         vertex 7.000000e+01 1.538675e+00 -8.834937e+00
      endloop
   endfacet
   facet normal 7.071061e-01 0.000000e+00 7.071074e-01
      outer loop
         vertex 7.000000e+01 1.538675e+00 -1.416506e+01
         vertex 6.950000e+01 1.250000e+00 -1.366506e+01
         vertex 7.000000e+01 -1.538675e+00 -1.416506e+01
      endloop
   endfacet
   facet normal 7.071061e-01 0.000000e+00 7.071074e-01
      outer loop
         vertex 7.000000e+01 -1.538675e+00 -1.416506e+01
         vertex 6.950000e+01 1.250000e+00 -1.366506e+01
         vertex 6.950000e+01 -1.250000e+00 -1.366506e+01
      endloop
   endfacet
   facet normal 7.071061e-01 0.000000e+00 -7.071074e-01
      outer loop
         vertex 6.950000e+01 1.250000e+00 -9.334937e+00
         vertex 7.000000e+01 1.538675e+00 -8.834937e+00
         vertex 6.950000e+01 -1.250000e+00 -9.334937e+00
      endloop
   endfacet
   facet normal 7.071061e-01 0.000000e+00 -7.071074e-01
      outer loop
         vertex 6.950000e+01 -1.250000e+00 -9.334937e+00
         vertex 7.000000e+01 1.538675e+00 -8.834937e+00
         vertex 7.000000e+01 -1.538675e+00 -8.834937e+00
      endloop
   endfacet
   facet normal 7.071061e-01 6.123730e-01 3.535537e-01
      outer loop
         vertex 7.000000e+01 -1.538675e+00 -1.416506e+01
         vertex 6.950000e+01 -1.250000e+00 -1.366506e+01
         vertex 7.000000e+01 -3.077350e+00 -1.150000e+01
      endloop
   endfacet
   facet normal 7.071061e-01 6.123730e-01 3.535537e-01
      outer loop
         vertex 7.000000e+01 -3.077350e+00 -1.150000e+01
         vertex 6.950000e+01 -1.250000e+00 -1.366506e+01
         vertex 6.950000e+01 -2.500000e+00 -1.150000e+01
      endloop
   endfacet
   facet normal 7.071061e-01 6.123730e-01 -3.535537e-01
      outer loop
         vertex 7.000000e+01 -3.077350e+00 -1.150000e+01
         vertex 6.950000e+01 -2.500000e+00 -1.150000e+01
         vertex 7.000000e+01 -1.538675e+00 -8.834937e+00
      endloop
   endfacet
   facet normal 7.071061e-01 6.123730e-01 -3.535537e-01
      outer loop
         vertex 7.000000e+01 -1.538675e+00 -8.834937e+00
         vertex 6.950000e+01 -2.500000e+00 -1.150000e+01
         vertex 6.950000e+01 -1.250000e+00 -9.334937e+00
      endloop
   endfacet
   facet normal 7.071060e-01 -6.123731e-01 3.535538e-01
      outer loop
         vertex 6.950000e+01 -6.000000e+00 -1.150000e+01
         vertex 7.000000e+01 -5.422650e+00 -1.150000e+01
         vertex 6.950000e+01 -3.000000e+00 -6.303848e+00
      endloop
   endfacet
   facet normal 7.071059e-01 -6.123732e-01 3.535538e-01
      outer loop
         vertex 6.950000e+01 -3.000000e+00 -6.303848e+00
         vertex 7.000000e+01 -5.422650e+00 -1.150000e+01
         vertex 7.000000e+01 -2.711325e+00 -6.803847e+00
      endloop
   endfacet
   facet normal 7.071060e-01 -6.123731e-01 -3.535538e-01
      outer loop
         vertex 7.000000e+01 -5.422650e+00 -1.150000e+01
         vertex 6.950000e+01 -6.000000e+00 -1.150000e+01
         vertex 7.000000e+01 -2.711325e+00 -1.619615e+01
      endloop
   endfacet
   facet normal 7.071064e-01 -6.123728e-01 -3.535536e-01
      outer loop
         vertex 7.000000e+01 -2.711325e+00 -1.619615e+01
         vertex 6.950000e+01 -6.000000e+00 -1.150000e+01
         vertex 6.950000e+01 -3.000000e+00 -1.669615e+01
      endloop
   endfacet
   facet normal 7.071058e-01 -0.000000e+00 7.071078e-01
      outer loop
         vertex 6.950000e+01 -3.000000e+00 -6.303848e+00
         vertex 7.000000e+01 -2.711325e+00 -6.803847e+00
         vertex 6.950000e+01 3.000000e+00 -6.303848e+00
      endloop
   endfacet
   facet normal 7.071058e-01 0.000000e+00 7.071078e-01
      outer loop
         vertex 6.950000e+01 3.000000e+00 -6.303848e+00
         vertex 7.000000e+01 -2.711325e+00 -6.803847e+00
         vertex 7.000000e+01 2.711325e+00 -6.803847e+00
      endloop
   endfacet
   facet normal 7.071068e-01 0.000000e+00 -7.071068e-01
      outer loop
         vertex 7.000000e+01 -2.711325e+00 -1.619615e+01
         vertex 6.950000e+01 -3.000000e+00 -1.669615e+01
         vertex 7.000000e+01 2.711325e+00 -1.619615e+01
      endloop
   endfacet
   facet normal 7.071068e-01 0.000000e+00 -7.071068e-01
      outer loop
         vertex 7.000000e+01 2.711325e+00 -1.619615e+01
         vertex 6.950000e+01 -3.000000e+00 -1.669615e+01
         vertex 6.950000e+01 3.000000e+00 -1.669615e+01
      endloop
   endfacet
   facet normal 7.071059e-01 6.123732e-01 3.535538e-01
      outer loop
         vertex 6.950000e+01 3.000000e+00 -6.303848e+00
         vertex 7.000000e+01 2.711325e+00 -6.803847e+00
         vertex 6.950000e+01 6.000000e+00 -1.150000e+01
      endloop
   endfacet
   facet normal 7.071060e-01 6.123731e-01 3.535538e-01
      outer loop
         vertex 6.950000e+01 6.000000e+00 -1.150000e+01
         vertex 7.000000e+01 2.711325e+00 -6.803847e+00
         vertex 7.000000e+01 5.422650e+00 -1.150000e+01
      endloop
   endfacet
   facet normal 7.071060e-01 6.123731e-01 -3.535537e-01
      outer loop
         vertex 6.950000e+01 6.000000e+00 -1.150000e+01
         vertex 7.000000e+01 5.422650e+00 -1.150000e+01
         vertex 6.950000e+01 3.000000e+00 -1.669615e+01
      endloop
   endfacet
   facet normal 7.071064e-01 6.123728e-01 -3.535536e-01
      outer loop
         vertex 6.950000e+01 3.000000e+00 -1.669615e+01
         vertex 7.000000e+01 5.422650e+00 -1.150000e+01
         vertex 7.000000e+01 2.711325e+00 -1.619615e+01
      endloop
   endfacet
   facet normal 7.057595e-01 6.174554e-02 7.057556e-01
      outer loop
         vertex 5.950000e+01 0.000000e+00 -3.500000e+00
         vertex 6.000000e+01 1.302361e+00 -4.113942e+00
         vertex 5.950000e+01 1.389185e+00 -3.621538e+00
      endloop
   endfacet
   facet normal 7.057595e-01 1.833607e-01 6.843116e-01
      outer loop
         vertex 5.950000e+01 1.389185e+00 -3.621538e+00
         vertex 6.000000e+01 1.302361e+00 -4.113942e+00
         vertex 6.000000e+01 2.565151e+00 -4.452305e+00
      endloop
   endfacet
   facet normal 7.057594e-01 1.833608e-01 6.843117e-01
      outer loop
         vertex 5.950000e+01 1.389185e+00 -3.621538e+00
         vertex 6.000000e+01 2.565151e+00 -4.452305e+00
         vertex 5.950000e+01 2.736161e+00 -3.982459e+00
      endloop
   endfacet
   facet normal 7.057594e-01 2.994047e-01 6.420751e-01
      outer loop
         vertex 5.950000e+01 2.736161e+00 -3.982459e+00
         vertex 6.000000e+01 2.565151e+00 -4.452305e+00
         vertex 6.000000e+01 3.750000e+00 -5.004810e+00
      endloop
   endfacet
   facet normal 7.057596e-01 2.994044e-01 6.420750e-01
      outer loop
         vertex 5.950000e+01 2.736161e+00 -3.982459e+00
         vertex 6.000000e+01 3.750000e+00 -5.004810e+00
         vertex 5.950000e+01 4.000000e+00 -4.571797e+00
      endloop
   endfacet
   facet normal 7.057597e-01 4.063510e-01 5.803294e-01
      outer loop
         vertex 5.950000e+01 4.000000e+00 -4.571797e+00
         vertex 6.000000e+01 3.750000e+00 -5.004810e+00
         vertex 6.000000e+01 4.820907e+00 -5.754667e+00
      endloop
   endfacet
   facet normal 7.057595e-01 4.063512e-01 5.803294e-01
      outer loop
         vertex 5.950000e+01 4.000000e+00 -4.571797e+00
         vertex 6.000000e+01 4.820907e+00 -5.754667e+00
         vertex 5.950000e+01 5.142301e+00 -5.371645e+00
      endloop
   endfacet
   facet normal 7.057595e-01 5.009509e-01 5.009509e-01
      outer loop
         vertex 5.950000e+01 5.142301e+00 -5.371645e+00
         vertex 6.000000e+01 4.820907e+00 -5.754667e+00
         vertex 6.000000e+01 5.745333e+00 -6.679093e+00
      endloop
   endfacet
   facet normal 7.057595e-01 5.009509e-01 5.009509e-01
      outer loop
         vertex 5.950000e+01 5.142301e+00 -5.371645e+00
         vertex 6.000000e+01 5.745333e+00 -6.679093e+00
         vertex 5.950000e+01 6.128355e+00 -6.357699e+00
      endloop
   endfacet
   facet normal 7.057595e-01 5.803295e-01 4.063511e-01
      outer loop
         vertex 5.950000e+01 6.128355e+00 -6.357699e+00
         vertex 6.000000e+01 5.745333e+00 -6.679093e+00
         vertex 6.000000e+01 6.495190e+00 -7.750000e+00
      endloop
   endfacet
   facet normal 7.057596e-01 5.803294e-01 4.063511e-01
      outer loop
         vertex 5.950000e+01 6.128355e+00 -6.357699e+00
         vertex 6.000000e+01 6.495190e+00 -7.750000e+00
         vertex 5.950000e+01 6.928203e+00 -7.500000e+00
      endloop
   endfacet
   facet normal 7.057596e-01 6.420750e-01 2.994046e-01
      outer loop
         vertex 5.950000e+01 6.928203e+00 -7.500000e+00
         vertex 6.000000e+01 6.495190e+00 -7.750000e+00
         vertex 6.000000e+01 7.047695e+00 -8.934849e+00
      endloop
   endfacet
   facet normal 7.057595e-01 6.420751e-01 2.994045e-01
      outer loop
         vertex 5.950000e+01 6.928203e+00 -7.500000e+00
         vertex 6.000000e+01 7.047695e+00 -8.934849e+00
         vertex 5.950000e+01 7.517541e+00 -8.763839e+00
      endloop
   endfacet
   facet normal 7.057594e-01 6.843116e-01 1.833608e-01
      outer loop
         vertex 5.950000e+01 7.517541e+00 -8.763839e+00
         vertex 6.000000e+01 7.047695e+00 -8.934849e+00
         vertex 6.000000e+01 7.386058e+00 -1.019764e+01
      endloop
   endfacet
   facet normal 7.057594e-01 6.843116e-01 1.833608e-01
      outer loop
         vertex 5.950000e+01 7.517541e+00 -8.763839e+00
         vertex 6.000000e+01 7.386058e+00 -1.019764e+01
         vertex 5.950000e+01 7.878462e+00 -1.011081e+01
      endloop
   endfacet
   facet normal 7.057594e-01 7.057557e-01 6.174555e-02
      outer loop
         vertex 5.950000e+01 7.878462e+00 -1.011081e+01
         vertex 6.000000e+01 7.386058e+00 -1.019764e+01
         vertex 6.000000e+01 7.500000e+00 -1.150000e+01
      endloop
   endfacet
   facet normal 7.057599e-01 7.057553e-01 6.174584e-02
      outer loop
         vertex 5.950000e+01 7.878462e+00 -1.011081e+01
         vertex 6.000000e+01 7.500000e+00 -1.150000e+01
         vertex 5.950000e+01 8.000000e+00 -1.150000e+01
      endloop
   endfacet
   facet normal 7.057599e-01 7.057553e-01 -6.174551e-02
      outer loop
         vertex 5.950000e+01 8.000000e+00 -1.150000e+01
         vertex 6.000000e+01 7.500000e+00 -1.150000e+01
         vertex 6.000000e+01 7.386058e+00 -1.280236e+01
      endloop
   endfacet
   facet normal 7.057594e-01 7.057557e-01 -6.174593e-02
      outer loop
         vertex 5.950000e+01 8.000000e+00 -1.150000e+01
         vertex 6.000000e+01 7.386058e+00 -1.280236e+01
         vertex 5.950000e+01 7.878462e+00 -1.288918e+01
      endloop
   endfacet
   facet normal 7.057593e-01 6.843118e-01 -1.833608e-01
      outer loop
         vertex 5.950000e+01 7.878462e+00 -1.288918e+01
         vertex 6.000000e+01 7.386058e+00 -1.280236e+01
         vertex 6.000000e+01 7.047695e+00 -1.406515e+01
      endloop
   endfacet
   facet normal 7.057594e-01 6.843117e-01 -1.833606e-01
      outer loop
         vertex 5.950000e+01 7.878462e+00 -1.288918e+01
         vertex 6.000000e+01 7.047695e+00 -1.406515e+01
         vertex 5.950000e+01 7.517541e+00 -1.423616e+01
      endloop
   endfacet
   facet normal 7.057595e-01 6.420751e-01 -2.994046e-01
      outer loop
         vertex 5.950000e+01 7.517541e+00 -1.423616e+01
         vertex 6.000000e+01 7.047695e+00 -1.406515e+01
         vertex 6.000000e+01 6.495190e+00 -1.525000e+01
      endloop
   endfacet
   facet normal 7.057594e-01 6.420751e-01 -2.994047e-01
      outer loop
         vertex 5.950000e+01 7.517541e+00 -1.423616e+01
         vertex 6.000000e+01 6.495190e+00 -1.525000e+01
         vertex 5.950000e+01 6.928203e+00 -1.550000e+01
      endloop
   endfacet
   facet normal 7.057594e-01 5.803295e-01 -4.063513e-01
      outer loop
         vertex 5.950000e+01 6.928203e+00 -1.550000e+01
         vertex 6.000000e+01 6.495190e+00 -1.525000e+01
         vertex 6.000000e+01 5.745333e+00 -1.632091e+01
      endloop
   endfacet
   facet normal 7.057595e-01 5.803294e-01 -4.063512e-01
      outer loop
         vertex 5.950000e+01 6.928203e+00 -1.550000e+01
         vertex 6.000000e+01 5.745333e+00 -1.632091e+01
         vertex 5.950000e+01 6.128355e+00 -1.664230e+01
      endloop
   endfacet
   facet normal 7.057595e-01 5.009511e-01 -5.009506e-01
      outer loop
         vertex 5.950000e+01 6.128355e+00 -1.664230e+01
         vertex 6.000000e+01 5.745333e+00 -1.632091e+01
         vertex 6.000000e+01 4.820907e+00 -1.724533e+01
      endloop
   endfacet
   facet normal 7.057590e-01 5.009512e-01 -5.009512e-01
      outer loop
         vertex 5.950000e+01 6.128355e+00 -1.664230e+01
         vertex 6.000000e+01 4.820907e+00 -1.724533e+01
         vertex 5.950000e+01 5.142301e+00 -1.762835e+01
      endloop
   endfacet
   facet normal 7.057589e-01 4.063510e-01 -5.803302e-01
      outer loop
         vertex 5.950000e+01 5.142301e+00 -1.762835e+01
         vertex 6.000000e+01 4.820907e+00 -1.724533e+01
         vertex 6.000000e+01 3.750000e+00 -1.799519e+01
      endloop
   endfacet
   facet normal 7.057597e-01 4.063511e-01 -5.803293e-01
      outer loop
         vertex 5.950000e+01 5.142301e+00 -1.762835e+01
         vertex 6.000000e+01 3.750000e+00 -1.799519e+01
         vertex 5.950000e+01 4.000000e+00 -1.842820e+01
      endloop
   endfacet
   facet normal 7.057597e-01 2.994050e-01 -6.420747e-01
      outer loop
         vertex 5.950000e+01 4.000000e+00 -1.842820e+01
         vertex 6.000000e+01 3.750000e+00 -1.799519e+01
         vertex 6.000000e+01 2.565151e+00 -1.854770e+01
      endloop
   endfacet
   facet normal 7.057597e-01 2.994050e-01 -6.420747e-01
      outer loop
         vertex 5.950000e+01 4.000000e+00 -1.842820e+01
         vertex 6.000000e+01 2.565151e+00 -1.854770e+01
         vertex 5.950000e+01 2.736161e+00 -1.901754e+01
      endloop
   endfacet
   facet normal 7.057597e-01 1.833602e-01 -6.843115e-01
      outer loop
         vertex 5.950000e+01 2.736161e+00 -1.901754e+01
         vertex 6.000000e+01 2.565151e+00 -1.854770e+01
         vertex 6.000000e+01 1.302361e+00 -1.888606e+01
      endloop
   endfacet
   facet normal 7.057603e-01 1.833605e-01 -6.843108e-01
      outer loop
         vertex 5.950000e+01 2.736161e+00 -1.901754e+01
         vertex 6.000000e+01 1.302361e+00 -1.888606e+01
         vertex 5.950000e+01 1.389185e+00 -1.937846e+01
      endloop
   endfacet
   facet normal 7.057604e-01 6.174547e-02 -7.057548e-01
      outer loop
         vertex 5.950000e+01 1.389185e+00 -1.937846e+01
         vertex 6.000000e+01 1.302361e+00 -1.888606e+01
         vertex 6.000000e+01 1.457168e-15 -1.900000e+01
      endloop
   endfacet
   facet normal 7.057602e-01 6.174536e-02 -7.057549e-01
      outer loop
         vertex 5.950000e+01 1.389185e+00 -1.937846e+01
         vertex 6.000000e+01 1.457168e-15 -1.900000e+01
         vertex 5.950000e+01 1.554312e-15 -1.950000e+01
      endloop
   endfacet
   facet normal 7.057602e-01 -6.174549e-02 -7.057549e-01
      outer loop
         vertex 5.950000e+01 1.554312e-15 -1.950000e+01
         vertex 6.000000e+01 1.457168e-15 -1.900000e+01
         vertex 6.000000e+01 -1.302361e+00 -1.888606e+01
      endloop
   endfacet
   facet normal 7.057604e-01 -6.174535e-02 -7.057548e-01
      outer loop
         vertex 5.950000e+01 1.554312e-15 -1.950000e+01
         vertex 6.000000e+01 -1.302361e+00 -1.888606e+01
         vertex 5.950000e+01 -1.389185e+00 -1.937846e+01
      endloop
   endfacet
   facet normal 7.057604e-01 -1.833600e-01 -6.843109e-01
      outer loop
         vertex 5.950000e+01 -1.389185e+00 -1.937846e+01
         vertex 6.000000e+01 -1.302361e+00 -1.888606e+01
         vertex 6.000000e+01 -2.565151e+00 -1.854770e+01
      endloop
   endfacet
   facet normal 7.057597e-01 -1.833607e-01 -6.843114e-01
      outer loop
         vertex 5.950000e+01 -1.389185e+00 -1.937846e+01
         vertex 6.000000e+01 -2.565151e+00 -1.854770e+01
         vertex 5.950000e+01 -2.736161e+00 -1.901754e+01
      endloop
   endfacet
   facet normal 7.057597e-01 -2.994050e-01 -6.420747e-01
      outer loop
         vertex 5.950000e+01 -2.736161e+00 -1.901754e+01
         vertex 6.000000e+01 -2.565151e+00 -1.854770e+01
         vertex 6.000000e+01 -3.750000e+00 -1.799519e+01
      endloop
   endfacet
   facet normal 7.057597e-01 -2.994050e-01 -6.420747e-01
      outer loop
         vertex 5.950000e+01 -2.736161e+00 -1.901754e+01
         vertex 6.000000e+01 -3.750000e+00 -1.799519e+01
         vertex 5.950000e+01 -4.000000e+00 -1.842820e+01
      endloop
   endfacet
   facet normal 7.057597e-01 -4.063506e-01 -5.803296e-01
      outer loop
         vertex 5.950000e+01 -4.000000e+00 -1.842820e+01
         vertex 6.000000e+01 -3.750000e+00 -1.799519e+01
         vertex 6.000000e+01 -4.820907e+00 -1.724533e+01
      endloop
   endfacet
   facet normal 7.057590e-01 -4.063515e-01 -5.803299e-01
      outer loop
         vertex 5.950000e+01 -4.000000e+00 -1.842820e+01
         vertex 6.000000e+01 -4.820907e+00 -1.724533e+01
         vertex 5.950000e+01 -5.142301e+00 -1.762835e+01
      endloop
   endfacet
   facet normal 7.057590e-01 -5.009515e-01 -5.009509e-01
      outer loop
         vertex 5.950000e+01 -5.142301e+00 -1.762835e+01
         vertex 6.000000e+01 -4.820907e+00 -1.724533e+01
         vertex 6.000000e+01 -5.745333e+00 -1.632091e+01
      endloop
   endfacet
   facet normal 7.057595e-01 -5.009509e-01 -5.009509e-01
      outer loop
         vertex 5.950000e+01 -5.142301e+00 -1.762835e+01
         vertex 6.000000e+01 -5.745333e+00 -1.632091e+01
         vertex 5.950000e+01 -6.128355e+00 -1.664230e+01
      endloop
   endfacet
   facet normal 7.057595e-01 -5.803294e-01 -4.063512e-01
      outer loop
         vertex 5.950000e+01 -6.128355e+00 -1.664230e+01
         vertex 6.000000e+01 -5.745333e+00 -1.632091e+01
         vertex 6.000000e+01 -6.495190e+00 -1.525000e+01
      endloop
   endfacet
   facet normal 7.057594e-01 -5.803295e-01 -4.063512e-01
      outer loop
         vertex 5.950000e+01 -6.128355e+00 -1.664230e+01
         vertex 6.000000e+01 -6.495190e+00 -1.525000e+01
         vertex 5.950000e+01 -6.928203e+00 -1.550000e+01
      endloop
   endfacet
   facet normal 7.057594e-01 -6.420751e-01 -2.994046e-01
      outer loop
         vertex 5.950000e+01 -6.928203e+00 -1.550000e+01
         vertex 6.000000e+01 -6.495190e+00 -1.525000e+01
         vertex 6.000000e+01 -7.047695e+00 -1.406515e+01
      endloop
   endfacet
   facet normal 7.057595e-01 -6.420751e-01 -2.994046e-01
      outer loop
         vertex 5.950000e+01 -6.928203e+00 -1.550000e+01
         vertex 6.000000e+01 -7.047695e+00 -1.406515e+01
         vertex 5.950000e+01 -7.517541e+00 -1.423616e+01
      endloop
   endfacet
   facet normal 7.057594e-01 -6.843116e-01 -1.833608e-01
      outer loop
         vertex 5.950000e+01 -7.517541e+00 -1.423616e+01
         vertex 6.000000e+01 -7.047695e+00 -1.406515e+01
         vertex 6.000000e+01 -7.386058e+00 -1.280236e+01
      endloop
   endfacet
   facet normal 7.057593e-01 -6.843118e-01 -1.833607e-01
      outer loop
         vertex 5.950000e+01 -7.517541e+00 -1.423616e+01
         vertex 6.000000e+01 -7.386058e+00 -1.280236e+01
         vertex 5.950000e+01 -7.878462e+00 -1.288918e+01
      endloop
   endfacet
   facet normal 7.057593e-01 -7.057558e-01 -6.174556e-02
      outer loop
         vertex 5.950000e+01 -7.878462e+00 -1.288918e+01
         vertex 6.000000e+01 -7.386058e+00 -1.280236e+01
         vertex 6.000000e+01 -7.500000e+00 -1.150000e+01
      endloop
   endfacet
   facet normal 7.057599e-01 -7.057553e-01 -6.174588e-02
      outer loop
         vertex 5.950000e+01 -7.878462e+00 -1.288918e+01
         vertex 6.000000e+01 -7.500000e+00 -1.150000e+01
         vertex 5.950000e+01 -8.000000e+00 -1.150000e+01
      endloop
   endfacet
   facet normal 7.057599e-01 -7.057553e-01 6.174551e-02
      outer loop
         vertex 5.950000e+01 -8.000000e+00 -1.150000e+01
         vertex 6.000000e+01 -7.500000e+00 -1.150000e+01
         vertex 6.000000e+01 -7.386058e+00 -1.019764e+01
      endloop
   endfacet
   facet normal 7.057594e-01 -7.057557e-01 6.174588e-02
      outer loop
         vertex 5.950000e+01 -8.000000e+00 -1.150000e+01
         vertex 6.000000e+01 -7.386058e+00 -1.019764e+01
         vertex 5.950000e+01 -7.878462e+00 -1.011081e+01
      endloop
   endfacet
   facet normal 7.057594e-01 -6.843116e-01 1.833608e-01
      outer loop
         vertex 5.950000e+01 -7.878462e+00 -1.011081e+01
         vertex 6.000000e+01 -7.386058e+00 -1.019764e+01
         vertex 6.000000e+01 -7.047695e+00 -8.934849e+00
      endloop
   endfacet
   facet normal 7.057594e-01 -6.843116e-01 1.833608e-01
      outer loop
         vertex 5.950000e+01 -7.878462e+00 -1.011081e+01
         vertex 6.000000e+01 -7.047695e+00 -8.934849e+00
         vertex 5.950000e+01 -7.517541e+00 -8.763839e+00
      endloop
   endfacet
   facet normal 7.057595e-01 -6.420751e-01 2.994046e-01
      outer loop
         vertex 5.950000e+01 -7.517541e+00 -8.763839e+00
         vertex 6.000000e+01 -7.047695e+00 -8.934849e+00
         vertex 6.000000e+01 -6.495190e+00 -7.750000e+00
      endloop
   endfacet
   facet normal 7.057596e-01 -6.420750e-01 2.994045e-01
      outer loop
         vertex 5.950000e+01 -7.517541e+00 -8.763839e+00
         vertex 6.000000e+01 -6.495190e+00 -7.750000e+00
         vertex 5.950000e+01 -6.928203e+00 -7.500000e+00
      endloop
   endfacet
   facet normal 7.057596e-01 -5.803294e-01 4.063511e-01
      outer loop
         vertex 5.950000e+01 -6.928203e+00 -7.500000e+00
         vertex 6.000000e+01 -6.495190e+00 -7.750000e+00
         vertex 6.000000e+01 -5.745333e+00 -6.679093e+00
      endloop
   endfacet
   facet normal 7.057595e-01 -5.803294e-01 4.063512e-01
      outer loop
         vertex 5.950000e+01 -6.928203e+00 -7.500000e+00
         vertex 6.000000e+01 -5.745333e+00 -6.679093e+00
         vertex 5.950000e+01 -6.128355e+00 -6.357699e+00
      endloop
   endfacet
   facet normal 7.057595e-01 -5.009509e-01 5.009509e-01
      outer loop
         vertex 5.950000e+01 -6.128355e+00 -6.357699e+00
         vertex 6.000000e+01 -5.745333e+00 -6.679093e+00
         vertex 6.000000e+01 -4.820907e+00 -5.754667e+00
      endloop
   endfacet
   facet normal 7.057595e-01 -5.009509e-01 5.009509e-01
      outer loop
         vertex 5.950000e+01 -6.128355e+00 -6.357699e+00
         vertex 6.000000e+01 -4.820907e+00 -5.754667e+00
         vertex 5.950000e+01 -5.142301e+00 -5.371645e+00
      endloop
   endfacet
   facet normal 7.057595e-01 -4.063511e-01 5.803295e-01
      outer loop
         vertex 5.950000e+01 -5.142301e+00 -5.371645e+00
         vertex 6.000000e+01 -4.820907e+00 -5.754667e+00
         vertex 6.000000e+01 -3.750000e+00 -5.004810e+00
      endloop
   endfacet
   facet normal 7.057597e-01 -4.063511e-01 5.803293e-01
      outer loop
         vertex 5.950000e+01 -5.142301e+00 -5.371645e+00
         vertex 6.000000e+01 -3.750000e+00 -5.004810e+00
         vertex 5.950000e+01 -4.000000e+00 -4.571797e+00
      endloop
   endfacet
   facet normal 7.057597e-01 -2.994046e-01 6.420749e-01
      outer loop
         vertex 5.950000e+01 -4.000000e+00 -4.571797e+00
         vertex 6.000000e+01 -3.750000e+00 -5.004810e+00
         vertex 6.000000e+01 -2.565151e+00 -4.452305e+00
      endloop
   endfacet
   facet normal 7.057594e-01 -2.994045e-01 6.420752e-01
      outer loop
         vertex 5.950000e+01 -4.000000e+00 -4.571797e+00
         vertex 6.000000e+01 -2.565151e+00 -4.452305e+00
         vertex 5.950000e+01 -2.736161e+00 -3.982459e+00
      endloop
   endfacet
   facet normal 7.057594e-01 -1.833608e-01 6.843117e-01
      outer loop
         vertex 5.950000e+01 -2.736161e+00 -3.982459e+00
         vertex 6.000000e+01 -2.565151e+00 -4.452305e+00
         vertex 6.000000e+01 -1.302361e+00 -4.113942e+00
      endloop
   endfacet
   facet normal 7.057595e-01 -1.833608e-01 6.843115e-01
      outer loop
         vertex 5.950000e+01 -2.736161e+00 -3.982459e+00
         vertex 6.000000e+01 -1.302361e+00 -4.113942e+00
         vertex 5.950000e+01 -1.389185e+00 -3.621538e+00
      endloop
   endfacet
   facet normal 7.057595e-01 -6.174554e-02 7.057556e-01
      outer loop
         vertex 5.950000e+01 -1.389185e+00 -3.621538e+00
         vertex 6.000000e+01 -1.302361e+00 -4.113942e+00
         vertex 6.000000e+01 0.000000e+00 -4.000000e+00
      endloop
   endfacet
   facet normal 7.057595e-01 -6.174554e-02 7.057556e-01
      outer loop
         vertex 5.950000e+01 -1.389185e+00 -3.621538e+00
         vertex 6.000000e+01 0.000000e+00 -4.000000e+00
         vertex 5.950000e+01 0.000000e+00 -3.500000e+00
      endloop
   endfacet
   facet normal 7.057595e-01 6.174555e-02 7.057556e-01
      outer loop
         vertex 5.950000e+01 0.000000e+00 -3.500000e+00
         vertex 6.000000e+01 0.000000e+00 -4.000000e+00
         vertex 6.000000e+01 1.302361e+00 -4.113942e+00
      endloop
   endfacet
   facet normal 1.000000e+00 0.000000e+00 -0.000000e+00
      outer loop
         vertex 6.000000e+01 1.250000e+00 -1.366506e+01
         vertex 6.000000e+01 2.500000e+00 -1.150000e+01
         vertex 6.000000e+01 -1.250000e+00 -1.366506e+01
      endloop
   endfacet
   facet normal 1.000000e+00 0.000000e+00 0.000000e+00
      outer loop
         vertex 6.000000e+01 -1.250000e+00 -1.366506e+01
         vertex 6.000000e+01 2.500000e+00 -1.150000e+01
         vertex 6.000000e+01 1.250000e+00 -9.334937e+00
      endloop
   endfacet
   facet normal 1.000000e+00 0.000000e+00 -0.000000e+00
      outer loop
         vertex 6.000000e+01 -1.250000e+00 -1.366506e+01
         vertex 6.000000e+01 1.250000e+00 -9.334937e+00
         vertex 6.000000e+01 -2.500000e+00 -1.150000e+01
      endloop
   endfacet
   facet normal 1.000000e+00 0.000000e+00 0.000000e+00
      outer loop
         vertex 6.000000e+01 -2.500000e+00 -1.150000e+01
         vertex 6.000000e+01 1.250000e+00 -9.334937e+00
         vertex 6.000000e+01 -1.250000e+00 -9.334937e+00
      endloop
   endfacet
   facet normal 0.000000e+00 0.000000e+00 -1.000000e+00
      outer loop
         vertex 6.950000e+01 -1.250000e+00 -9.334937e+00
         vertex 6.000000e+01 -1.250000e+00 -9.334937e+00
         vertex 6.950000e+01 1.250000e+00 -9.334937e+00
      endloop
   endfacet
   facet normal -0.000000e+00 0.000000e+00 -1.000000e+00
      outer loop
         vertex 6.950000e+01 1.250000e+00 -9.334937e+00
         vertex 6.000000e+01 -1.250000e+00 -9.334937e+00
         vertex 6.000000e+01 1.250000e+00 -9.334937e+00
      endloop
   endfacet
   facet normal -0.000000e+00 -8.660254e-01 -5.000000e-01
      outer loop
         vertex 6.950000e+01 1.250000e+00 -9.334937e+00
         vertex 6.000000e+01 1.250000e+00 -9.334937e+00
         vertex 6.950000e+01 2.500000e+00 -1.150000e+01
      endloop
   endfacet
   facet normal -0.000000e+00 -8.660254e-01 -5.000000e-01
      outer loop
         vertex 6.950000e+01 2.500000e+00 -1.150000e+01
         vertex 6.000000e+01 1.250000e+00 -9.334937e+00
         vertex 6.000000e+01 2.500000e+00 -1.150000e+01
      endloop
   endfacet
   facet normal 0.000000e+00 -8.660254e-01 5.000000e-01
      outer loop
         vertex 6.950000e+01 2.500000e+00 -1.150000e+01
         vertex 6.000000e+01 2.500000e+00 -1.150000e+01
         vertex 6.950000e+01 1.250000e+00 -1.366506e+01
      endloop
   endfacet
   facet normal 0.000000e+00 -8.660254e-01 5.000000e-01
      outer loop
         vertex 6.950000e+01 1.250000e+00 -1.366506e+01
         vertex 6.000000e+01 2.500000e+00 -1.150000e+01
         vertex 6.000000e+01 1.250000e+00 -1.366506e+01
      endloop
   endfacet
   facet normal 0.000000e+00 0.000000e+00 1.000000e+00
      outer loop
         vertex 6.950000e+01 1.250000e+00 -1.366506e+01
         vertex 6.000000e+01 1.250000e+00 -1.366506e+01
         vertex 6.950000e+01 -1.250000e+00 -1.366506e+01
      endloop
   endfacet
   facet normal 0.000000e+00 0.000000e+00 1.000000e+00
      outer loop
         vertex 6.950000e+01 -1.250000e+00 -1.366506e+01
         vertex 6.000000e+01 1.250000e+00 -1.366506e+01
         vertex 6.000000e+01 -1.250000e+00 -1.366506e+01
      endloop
   endfacet
   facet normal 0.000000e+00 8.660254e-01 5.000000e-01
      outer loop
         vertex 6.950000e+01 -1.250000e+00 -1.366506e+01
         vertex 6.000000e+01 -1.250000e+00 -1.366506e+01
         vertex 6.950000e+01 -2.500000e+00 -1.150000e+01
      endloop
   endfacet
   facet normal 0.000000e+00 8.660254e-01 5.000000e-01
      outer loop
         vertex 6.950000e+01 -2.500000e+00 -1.150000e+01
         vertex 6.000000e+01 -1.250000e+00 -1.366506e+01
         vertex 6.000000e+01 -2.500000e+00 -1.150000e+01
      endloop
   endfacet
   facet normal 0.000000e+00 8.660254e-01 -5.000000e-01
      outer loop
         vertex 6.950000e+01 -2.500000e+00 -1.150000e+01
         vertex 6.000000e+01 -2.500000e+00 -1.150000e+01
         vertex 6.950000e+01 -1.250000e+00 -9.334937e+00
      endloop
   endfacet
   facet normal 0.000000e+00 8.660254e-01 -5.000000e-01
      outer loop
         vertex 6.950000e+01 -1.250000e+00 -9.334937e+00
         vertex 6.000000e+01 -2.500000e+00 -1.150000e+01
         vertex 6.000000e+01 -1.250000e+00 -9.334937e+00
      endloop
   endfacet
   facet normal 0.000000e+00 0.000000e+00 1.000000e+00
      outer loop
         vertex 6.950000e+01 3.000000e+00 -6.303848e+00
         vertex 6.000000e+01 3.000000e+00 -6.303848e+00
         vertex 6.950000e+01 -3.000000e+00 -6.303848e+00
      endloop
   endfacet
   facet normal 0.000000e+00 0.000000e+00 1.000000e+00
      outer loop
         vertex 6.950000e+01 -3.000000e+00 -6.303848e+00
         vertex 6.000000e+01 3.000000e+00 -6.303848e+00
         vertex 6.000000e+01 -3.000000e+00 -6.303848e+00
      endloop
   endfacet
   facet normal 0.000000e+00 8.660254e-01 5.000000e-01
      outer loop
         vertex 6.950000e+01 6.000000e+00 -1.150000e+01
         vertex 6.000000e+01 6.000000e+00 -1.150000e+01
         vertex 6.950000e+01 3.000000e+00 -6.303848e+00
      endloop
   endfacet
   facet normal 0.000000e+00 8.660254e-01 5.000000e-01
      outer loop
         vertex 6.950000e+01 3.000000e+00 -6.303848e+00
         vertex 6.000000e+01 6.000000e+00 -1.150000e+01
         vertex 6.000000e+01 3.000000e+00 -6.303848e+00
      endloop
   endfacet
   facet normal 0.000000e+00 8.660254e-01 -4.999999e-01
      outer loop
         vertex 6.950000e+01 3.000000e+00 -1.669615e+01
         vertex 6.000000e+01 3.000000e+00 -1.669615e+01
         vertex 6.950000e+01 6.000000e+00 -1.150000e+01
      endloop
   endfacet
   facet normal 0.000000e+00 8.660254e-01 -4.999999e-01
      outer loop
         vertex 6.950000e+01 6.000000e+00 -1.150000e+01
         vertex 6.000000e+01 3.000000e+00 -1.669615e+01
         vertex 6.000000e+01 6.000000e+00 -1.150000e+01
      endloop
   endfacet
   facet normal 0.000000e+00 0.000000e+00 -1.000000e+00
      outer loop
         vertex 6.950000e+01 -3.000000e+00 -1.669615e+01
         vertex 6.000000e+01 -3.000000e+00 -1.669615e+01
         vertex 6.950000e+01 3.000000e+00 -1.669615e+01
      endloop
   endfacet
   facet normal -0.000000e+00 0.000000e+00 -1.000000e+00
      outer loop
         vertex 6.950000e+01 3.000000e+00 -1.669615e+01
         vertex 6.000000e+01 -3.000000e+00 -1.669615e+01
         vertex 6.000000e+01 3.000000e+00 -1.669615e+01
      endloop
   endfacet
   facet normal -0.000000e+00 -8.660254e-01 -4.999999e-01
      outer loop
         vertex 6.950000e+01 -6.000000e+00 -1.150000e+01
         vertex 6.000000e+01 -6.000000e+00 -1.150000e+01
         vertex 6.950000e+01 -3.000000e+00 -1.669615e+01
      endloop
   endfacet
   facet normal -0.000000e+00 -8.660254e-01 -4.999999e-01
      outer loop
         vertex 6.950000e+01 -3.000000e+00 -1.669615e+01
         vertex 6.000000e+01 -6.000000e+00 -1.150000e+01
         vertex 6.000000e+01 -3.000000e+00 -1.669615e+01
      endloop
   endfacet
   facet normal 0.000000e+00 -8.660254e-01 5.000000e-01
      outer loop
         vertex 6.950000e+01 -3.000000e+00 -6.303848e+00
         vertex 6.000000e+01 -3.000000e+00 -6.303848e+00
         vertex 6.950000e+01 -6.000000e+00 -1.150000e+01
      endloop
   endfacet
   facet normal 0.000000e+00 -8.660254e-01 5.000000e-01
      outer loop
         vertex 6.950000e+01 -6.000000e+00 -1.150000e+01
         vertex 6.000000e+01 -3.000000e+00 -6.303848e+00
         vertex 6.000000e+01 -6.000000e+00 -1.150000e+01
      endloop
   endfacet
   facet normal 1.000000e+00 0.000000e+00 -0.000000e+00
      outer loop
         vertex 7.000000e+01 1.538675e+00 -8.834937e+00
         vertex 7.000000e+01 2.711325e+00 -6.803847e+00
         vertex 7.000000e+01 -1.538675e+00 -8.834937e+00
      endloop
   endfacet
   facet normal 1.000000e+00 0.000000e+00 -0.000000e+00
      outer loop
         vertex 7.000000e+01 -1.538675e+00 -8.834937e+00
         vertex 7.000000e+01 2.711325e+00 -6.803847e+00
         vertex 7.000000e+01 -2.711325e+00 -6.803847e+00
      endloop
   endfacet
   facet normal 1.000000e+00 0.000000e+00 0.000000e+00
      outer loop
         vertex 7.000000e+01 -1.538675e+00 -8.834937e+00
         vertex 7.000000e+01 -2.711325e+00 -6.803847e+00
         vertex 7.000000e+01 -3.077350e+00 -1.150000e+01
      endloop
   endfacet
   facet normal 1.000000e+00 0.000000e+00 -0.000000e+00
      outer loop
         vertex 7.000000e+01 -3.077350e+00 -1.150000e+01
         vertex 7.000000e+01 -2.711325e+00 -6.803847e+00
         vertex 7.000000e+01 -5.422650e+00 -1.150000e+01
      endloop
   endfacet
   facet normal 1.000000e+00 0.000000e+00 0.000000e+00
      outer loop
         vertex 7.000000e+01 -3.077350e+00 -1.150000e+01
         vertex 7.000000e+01 -5.422650e+00 -1.150000e+01
         vertex 7.000000e+01 -1.538675e+00 -1.416506e+01
      endloop
   endfacet
   facet normal 1.000000e+00 0.000000e+00 0.000000e+00
      outer loop
         vertex 7.000000e+01 -1.538675e+00 -1.416506e+01
         vertex 7.000000e+01 -5.422650e+00 -1.150000e+01
         vertex 7.000000e+01 -2.711325e+00 -1.619615e+01
      endloop
   endfacet
   facet normal 1.000000e+00 -0.000000e+00 0.000000e+00
      outer loop
         vertex 7.000000e+01 -1.538675e+00 -1.416506e+01
         vertex 7.000000e+01 -2.711325e+00 -1.619615e+01
         vertex 7.000000e+01 1.538675e+00 -1.416506e+01
      endloop
   endfacet
   facet normal 1.000000e+00 0.000000e+00 0.000000e+00
      outer loop
         vertex 7.000000e+01 1.538675e+00 -1.416506e+01
         vertex 7.000000e+01 -2.711325e+00 -1.619615e+01
         vertex 7.000000e+01 2.711325e+00 -1.619615e+01
      endloop
   endfacet
   facet normal 1.000000e+00 -0.000000e+00 0.000000e+00
      outer loop
         vertex 7.000000e+01 1.538675e+00 -1.416506e+01
         vertex 7.000000e+01 2.711325e+00 -1.619615e+01
         vertex 7.000000e+01 3.077350e+00 -1.150000e+01
      endloop
   endfacet
   facet normal 1.000000e+00 -0.000000e+00 0.000000e+00
      outer loop
         vertex 7.000000e+01 3.077350e+00 -1.150000e+01
         vertex 7.000000e+01 2.711325e+00 -1.619615e+01
         vertex 7.000000e+01 5.422650e+00 -1.150000e+01
      endloop
   endfacet
   facet normal 1.000000e+00 0.000000e+00 -0.000000e+00
      outer loop
         vertex 7.000000e+01 3.077350e+00 -1.150000e+01
         vertex 7.000000e+01 5.422650e+00 -1.150000e+01
         vertex 7.000000e+01 1.538675e+00 -8.834937e+00
      endloop
   endfacet
   facet normal 1.000000e+00 -0.000000e+00 0.000000e+00
      outer loop
         vertex 7.000000e+01 1.538675e+00 -8.834937e+00
         vertex 7.000000e+01 5.422650e+00 -1.150000e+01
         vertex 7.000000e+01 2.711325e+00 -6.803847e+00
      endloop
   endfacet
   facet normal 1.000000e+00 0.000000e+00 -0.000000e+00
      outer loop
         vertex 6.000000e+01 7.386058e+00 -1.280236e+01
         vertex 6.000000e+01 7.500000e+00 -1.150000e+01
         vertex 6.000000e+01 6.000000e+00 -1.150000e+01
      endloop
   endfacet
   facet normal 1.000000e+00 0.000000e+00 0.000000e+00
      outer loop
         vertex 6.000000e+01 -2.565151e+00 -4.452305e+00
         vertex 6.000000e+01 -3.750000e+00 -5.004810e+00
         vertex 6.000000e+01 -3.000000e+00 -6.303848e+00
      endloop
   endfacet
   facet normal 1.000000e+00 0.000000e+00 0.000000e+00
      outer loop
         vertex 6.000000e+01 -5.745333e+00 -1.632091e+01
         vertex 6.000000e+01 -4.820907e+00 -1.724533e+01
         vertex 6.000000e+01 -3.000000e+00 -1.669615e+01
      endloop
   endfacet
   facet normal 1.000000e+00 0.000000e+00 0.000000e+00
      outer loop
         vertex 6.000000e+01 -3.000000e+00 -1.669615e+01
         vertex 6.000000e+01 -4.820907e+00 -1.724533e+01
         vertex 6.000000e+01 -3.750000e+00 -1.799519e+01
      endloop
   endfacet
   facet normal 1.000000e+00 0.000000e+00 0.000000e+00
      outer loop
         vertex 6.000000e+01 -3.000000e+00 -1.669615e+01
         vertex 6.000000e+01 -3.750000e+00 -1.799519e+01
         vertex 6.000000e+01 -2.565151e+00 -1.854770e+01
      endloop
   endfacet
   facet normal 1.000000e+00 0.000000e+00 0.000000e+00
      outer loop
         vertex 6.000000e+01 -7.386058e+00 -1.019764e+01
         vertex 6.000000e+01 -7.500000e+00 -1.150000e+01
         vertex 6.000000e+01 -6.000000e+00 -1.150000e+01
      endloop
   endfacet
   facet normal 1.000000e+00 0.000000e+00 0.000000e+00
      outer loop
         vertex 6.000000e+01 2.565151e+00 -1.854770e+01
         vertex 6.000000e+01 3.750000e+00 -1.799519e+01
         vertex 6.000000e+01 3.000000e+00 -1.669615e+01
      endloop
   endfacet
   facet normal 1.000000e+00 0.000000e+00 0.000000e+00
      outer loop
         vertex 6.000000e+01 3.000000e+00 -1.669615e+01
         vertex 6.000000e+01 3.750000e+00 -1.799519e+01
         vertex 6.000000e+01 4.820907e+00 -1.724533e+01
      endloop
   endfacet
   facet normal 1.000000e+00 -0.000000e+00 0.000000e+00
      outer loop
         vertex 6.000000e+01 -7.386058e+00 -1.019764e+01
         vertex 6.000000e+01 -6.000000e+00 -1.150000e+01
         vertex 6.000000e+01 -7.047695e+00 -8.934849e+00
      endloop
   endfacet
   facet normal 1.000000e+00 0.000000e+00 0.000000e+00
      outer loop
         vertex 6.000000e+01 5.745333e+00 -6.679093e+00
         vertex 6.000000e+01 4.820907e+00 -5.754667e+00
         vertex 6.000000e+01 3.000000e+00 -6.303848e+00
      endloop
   endfacet
   facet normal 1.000000e+00 0.000000e+00 0.000000e+00
      outer loop
         vertex 6.000000e+01 3.000000e+00 -6.303848e+00
         vertex 6.000000e+01 4.820907e+00 -5.754667e+00
         vertex 6.000000e+01 3.750000e+00 -5.004810e+00
      endloop
   endfacet
   facet normal 1.000000e+00 0.000000e+00 -0.000000e+00
      outer loop
         vertex 6.000000e+01 3.000000e+00 -6.303848e+00
         vertex 6.000000e+01 3.750000e+00 -5.004810e+00
         vertex 6.000000e+01 2.565151e+00 -4.452305e+00
      endloop
   endfacet
   facet normal 1.000000e+00 0.000000e+00 0.000000e+00
      outer loop
         vertex 6.000000e+01 -3.750000e+00 -5.004810e+00
         vertex 6.000000e+01 -4.820907e+00 -5.754667e+00
         vertex 6.000000e+01 -3.000000e+00 -6.303848e+00
      endloop
   endfacet
   facet normal 1.000000e+00 0.000000e+00 0.000000e+00
      outer loop
         vertex 6.000000e+01 -3.000000e+00 -6.303848e+00
         vertex 6.000000e+01 -4.820907e+00 -5.754667e+00
         vertex 6.000000e+01 -5.745333e+00 -6.679093e+00
      endloop
   endfacet
   facet normal 1.000000e+00 0.000000e+00 0.000000e+00
      outer loop
         vertex 6.000000e+01 -3.000000e+00 -6.303848e+00
         vertex 6.000000e+01 -5.745333e+00 -6.679093e+00
         vertex 6.000000e+01 -6.000000e+00 -1.150000e+01
      endloop
   endfacet
   facet normal 1.000000e+00 0.000000e+00 -0.000000e+00
      outer loop
         vertex 6.000000e+01 -6.000000e+00 -1.150000e+01
         vertex 6.000000e+01 -5.745333e+00 -6.679093e+00
         vertex 6.000000e+01 -6.495190e+00 -7.750000e+00
      endloop
   endfacet
   facet normal 1.000000e+00 0.000000e+00 0.000000e+00
      outer loop
         vertex 6.000000e+01 -6.000000e+00 -1.150000e+01
         vertex 6.000000e+01 -6.495190e+00 -7.750000e+00
         vertex 6.000000e+01 -7.047695e+00 -8.934849e+00
      endloop
   endfacet
   facet normal 1.000000e+00 -0.000000e+00 0.000000e+00
      outer loop
         vertex 6.000000e+01 -7.500000e+00 -1.150000e+01
         vertex 6.000000e+01 -7.386058e+00 -1.280236e+01
         vertex 6.000000e+01 -6.000000e+00 -1.150000e+01
      endloop
   endfacet
   facet normal 1.000000e+00 0.000000e+00 0.000000e+00
      outer loop
         vertex 6.000000e+01 -6.000000e+00 -1.150000e+01
         vertex 6.000000e+01 -7.386058e+00 -1.280236e+01
         vertex 6.000000e+01 -7.047695e+00 -1.406515e+01
      endloop
   endfacet
   facet normal 1.000000e+00 0.000000e+00 0.000000e+00
      outer loop
         vertex 6.000000e+01 -6.000000e+00 -1.150000e+01
         vertex 6.000000e+01 -7.047695e+00 -1.406515e+01
         vertex 6.000000e+01 -3.000000e+00 -1.669615e+01
      endloop
   endfacet
   facet normal 1.000000e+00 0.000000e+00 0.000000e+00
      outer loop
         vertex 6.000000e+01 -3.000000e+00 -1.669615e+01
         vertex 6.000000e+01 -7.047695e+00 -1.406515e+01
         vertex 6.000000e+01 -6.495190e+00 -1.525000e+01
      endloop
   endfacet
   facet normal 1.000000e+00 0.000000e+00 0.000000e+00
      outer loop
         vertex 6.000000e+01 -3.000000e+00 -1.669615e+01
         vertex 6.000000e+01 -6.495190e+00 -1.525000e+01
         vertex 6.000000e+01 -5.745333e+00 -1.632091e+01
      endloop
   endfacet
   facet normal 1.000000e+00 -0.000000e+00 -0.000000e+00
      outer loop
         vertex 6.000000e+01 -2.565151e+00 -1.854770e+01
         vertex 6.000000e+01 -1.302361e+00 -1.888606e+01
         vertex 6.000000e+01 -3.000000e+00 -1.669615e+01
      endloop
   endfacet
   facet normal 1.000000e+00 0.000000e+00 0.000000e+00
      outer loop
         vertex 6.000000e+01 -3.000000e+00 -1.669615e+01
         vertex 6.000000e+01 -1.302361e+00 -1.888606e+01
         vertex 6.000000e+01 9.184851e-16 -1.900000e+01
      endloop
   endfacet
   facet normal 1.000000e+00 -0.000000e+00 0.000000e+00
      outer loop
         vertex 6.000000e+01 -3.000000e+00 -1.669615e+01
         vertex 6.000000e+01 9.184851e-16 -1.900000e+01
         vertex 6.000000e+01 3.000000e+00 -1.669615e+01
      endloop
   endfacet
   facet normal 1.000000e+00 0.000000e+00 0.000000e+00
      outer loop
         vertex 6.000000e+01 3.000000e+00 -1.669615e+01
         vertex 6.000000e+01 9.184851e-16 -1.900000e+01
         vertex 6.000000e+01 1.302361e+00 -1.888606e+01
      endloop
   endfacet
   facet normal 1.000000e+00 0.000000e+00 0.000000e+00
      outer loop
         vertex 6.000000e+01 3.000000e+00 -1.669615e+01
         vertex 6.000000e+01 1.302361e+00 -1.888606e+01
         vertex 6.000000e+01 2.565151e+00 -1.854770e+01
      endloop
   endfacet
   facet normal 1.000000e+00 0.000000e+00 0.000000e+00
      outer loop
         vertex 6.000000e+01 7.500000e+00 -1.150000e+01
         vertex 6.000000e+01 7.386058e+00 -1.019764e+01
         vertex 6.000000e+01 6.000000e+00 -1.150000e+01
      endloop
   endfacet
   facet normal 1.000000e+00 0.000000e+00 0.000000e+00
      outer loop
         vertex 6.000000e+01 6.000000e+00 -1.150000e+01
         vertex 6.000000e+01 7.386058e+00 -1.019764e+01
         vertex 6.000000e+01 7.047695e+00 -8.934849e+00
      endloop
   endfacet
   facet normal 1.000000e+00 0.000000e+00 -0.000000e+00
      outer loop
         vertex 6.000000e+01 6.000000e+00 -1.150000e+01
         vertex 6.000000e+01 7.047695e+00 -8.934849e+00
         vertex 6.000000e+01 3.000000e+00 -6.303848e+00
      endloop
   endfacet
   facet normal 1.000000e+00 0.000000e+00 0.000000e+00
      outer loop
         vertex 6.000000e+01 3.000000e+00 -6.303848e+00
         vertex 6.000000e+01 7.047695e+00 -8.934849e+00
         vertex 6.000000e+01 6.495190e+00 -7.750000e+00
      endloop
   endfacet
   facet normal 1.000000e+00 0.000000e+00 0.000000e+00
      outer loop
         vertex 6.000000e+01 3.000000e+00 -6.303848e+00
         vertex 6.000000e+01 6.495190e+00 -7.750000e+00
         vertex 6.000000e+01 5.745333e+00 -6.679093e+00
      endloop
   endfacet
   facet normal 1.000000e+00 0.000000e+00 -0.000000e+00
      outer loop
         vertex 6.000000e+01 4.820907e+00 -1.724533e+01
         vertex 6.000000e+01 5.745333e+00 -1.632091e+01
         vertex 6.000000e+01 3.000000e+00 -1.669615e+01
      endloop
   endfacet
   facet normal 1.000000e+00 0.000000e+00 0.000000e+00
      outer loop
         vertex 6.000000e+01 3.000000e+00 -1.669615e+01
         vertex 6.000000e+01 5.745333e+00 -1.632091e+01
         vertex 6.000000e+01 6.495190e+00 -1.525000e+01
      endloop
   endfacet
   facet normal 1.000000e+00 0.000000e+00 0.000000e+00
      outer loop
         vertex 6.000000e+01 3.000000e+00 -1.669615e+01
         vertex 6.000000e+01 6.495190e+00 -1.525000e+01
         vertex 6.000000e+01 6.000000e+00 -1.150000e+01
      endloop
   endfacet
   facet normal 1.000000e+00 0.000000e+00 0.000000e+00
      outer loop
         vertex 6.000000e+01 6.000000e+00 -1.150000e+01
         vertex 6.000000e+01 6.495190e+00 -1.525000e+01
         vertex 6.000000e+01 7.047695e+00 -1.406515e+01
      endloop
   endfacet
   facet normal 1.000000e+00 0.000000e+00 0.000000e+00
      outer loop
         vertex 6.000000e+01 6.000000e+00 -1.150000e+01
         vertex 6.000000e+01 7.047695e+00 -1.406515e+01
         vertex 6.000000e+01 7.386058e+00 -1.280236e+01
      endloop
   endfacet
   facet normal 1.000000e+00 0.000000e+00 0.000000e+00
      outer loop
         vertex 6.000000e+01 2.565151e+00 -4.452305e+00
         vertex 6.000000e+01 1.302361e+00 -4.113942e+00
         vertex 6.000000e+01 3.000000e+00 -6.303848e+00
      endloop
   endfacet
   facet normal 1.000000e+00 0.000000e+00 0.000000e+00
      outer loop
         vertex 6.000000e+01 3.000000e+00 -6.303848e+00
         vertex 6.000000e+01 1.302361e+00 -4.113942e+00
         vertex 6.000000e+01 0.000000e+00 -4.000000e+00
      endloop
   endfacet
   facet normal 1.000000e+00 0.000000e+00 0.000000e+00
      outer loop
         vertex 6.000000e+01 3.000000e+00 -6.303848e+00
         vertex 6.000000e+01 0.000000e+00 -4.000000e+00
         vertex 6.000000e+01 -3.000000e+00 -6.303848e+00
      endloop
   endfacet
   facet normal 1.000000e+00 0.000000e+00 0.000000e+00
      outer loop
         vertex 6.000000e+01 -3.000000e+00 -6.303848e+00
         vertex 6.000000e+01 0.000000e+00 -4.000000e+00
         vertex 6.000000e+01 -1.302361e+00 -4.113942e+00
      endloop
   endfacet
   facet normal 1.000000e+00 0.000000e+00 0.000000e+00
      outer loop
         vertex 6.000000e+01 -3.000000e+00 -6.303848e+00
         vertex 6.000000e+01 -1.302361e+00 -4.113942e+00
         vertex 6.000000e+01 -2.565151e+00 -4.452305e+00
      endloop
   endfacet
   facet normal 0.000000e+00 8.715564e-02 9.961947e-01
      outer loop
         vertex 7.500000e+00 0.000000e+00 -3.500000e+00
         vertex 5.950000e+01 1.389185e+00 -3.621538e+00
         vertex 7.500000e+00 1.389185e+00 -3.621538e+00
      endloop
   endfacet
   facet normal -0.000000e+00 2.588192e-01 9.659258e-01
      outer loop
         vertex 7.500000e+00 1.389185e+00 -3.621538e+00
         vertex 5.950000e+01 1.389185e+00 -3.621538e+00
         vertex 5.950000e+01 2.736161e+00 -3.982459e+00
      endloop
   endfacet
   facet normal 0.000000e+00 2.588192e-01 9.659258e-01
      outer loop
         vertex 7.500000e+00 1.389185e+00 -3.621538e+00
         vertex 5.950000e+01 2.736161e+00 -3.982459e+00
         vertex 7.500000e+00 2.736161e+00 -3.982459e+00
      endloop
   endfacet
   facet normal -0.000000e+00 4.226182e-01 9.063078e-01
      outer loop
         vertex 7.500000e+00 2.736161e+00 -3.982459e+00
         vertex 5.950000e+01 2.736161e+00 -3.982459e+00
         vertex 5.950000e+01 4.000000e+00 -4.571797e+00
      endloop
   endfacet
   facet normal 0.000000e+00 4.226182e-01 9.063078e-01
      outer loop
         vertex 7.500000e+00 2.736161e+00 -3.982459e+00
         vertex 5.950000e+01 4.000000e+00 -4.571797e+00
         vertex 7.500000e+00 4.000000e+00 -4.571797e+00
      endloop
   endfacet
   facet normal -0.000000e+00 5.735765e-01 8.191520e-01
      outer loop
         vertex 7.500000e+00 4.000000e+00 -4.571797e+00
         vertex 5.950000e+01 4.000000e+00 -4.571797e+00
         vertex 5.950000e+01 5.142301e+00 -5.371645e+00
      endloop
   endfacet
   facet normal 0.000000e+00 5.735765e-01 8.191520e-01
      outer loop
         vertex 7.500000e+00 4.000000e+00 -4.571797e+00
         vertex 5.950000e+01 5.142301e+00 -5.371645e+00
         vertex 7.500000e+00 5.142301e+00 -5.371645e+00
      endloop
   endfacet
   facet normal -0.000000e+00 7.071068e-01 7.071068e-01
      outer loop
         vertex 7.500000e+00 5.142301e+00 -5.371645e+00
         vertex 5.950000e+01 5.142301e+00 -5.371645e+00
         vertex 5.950000e+01 6.128355e+00 -6.357699e+00
      endloop
   endfacet
   facet normal 0.000000e+00 7.071068e-01 7.071068e-01
      outer loop
         vertex 7.500000e+00 5.142301e+00 -5.371645e+00
         vertex 5.950000e+01 6.128355e+00 -6.357699e+00
         vertex 7.500000e+00 6.128355e+00 -6.357699e+00
      endloop
   endfacet
   facet normal -0.000000e+00 8.191520e-01 5.735765e-01
      outer loop
         vertex 7.500000e+00 6.128355e+00 -6.357699e+00
         vertex 5.950000e+01 6.128355e+00 -6.357699e+00
         vertex 5.950000e+01 6.928203e+00 -7.500000e+00
      endloop
   endfacet
   facet normal 0.000000e+00 8.191520e-01 5.735765e-01
      outer loop
         vertex 7.500000e+00 6.128355e+00 -6.357699e+00
         vertex 5.950000e+01 6.928203e+00 -7.500000e+00
         vertex 7.500000e+00 6.928203e+00 -7.500000e+00
      endloop
   endfacet
   facet normal -0.000000e+00 9.063078e-01 4.226183e-01
      outer loop
         vertex 7.500000e+00 6.928203e+00 -7.500000e+00
         vertex 5.950000e+01 6.928203e+00 -7.500000e+00
         vertex 5.950000e+01 7.517541e+00 -8.763839e+00
      endloop
   endfacet
   facet normal 0.000000e+00 9.063078e-01 4.226183e-01
      outer loop
         vertex 7.500000e+00 6.928203e+00 -7.500000e+00
         vertex 5.950000e+01 7.517541e+00 -8.763839e+00
         vertex 7.500000e+00 7.517541e+00 -8.763839e+00
      endloop
   endfacet
   facet normal -0.000000e+00 9.659258e-01 2.588191e-01
      outer loop
         vertex 7.500000e+00 7.517541e+00 -8.763839e+00
         vertex 5.950000e+01 7.517541e+00 -8.763839e+00
         vertex 5.950000e+01 7.878462e+00 -1.011081e+01
      endloop
   endfacet
   facet normal 0.000000e+00 9.659258e-01 2.588191e-01
      outer loop
         vertex 7.500000e+00 7.517541e+00 -8.763839e+00
         vertex 5.950000e+01 7.878462e+00 -1.011081e+01
         vertex 7.500000e+00 7.878462e+00 -1.011081e+01
      endloop
   endfacet
   facet normal -0.000000e+00 9.961947e-01 8.715611e-02
      outer loop
         vertex 7.500000e+00 7.878462e+00 -1.011081e+01
         vertex 5.950000e+01 7.878462e+00 -1.011081e+01
         vertex 5.950000e+01 8.000000e+00 -1.150000e+01
      endloop
   endfacet
   facet normal 0.000000e+00 9.961947e-01 8.715611e-02
      outer loop
         vertex 7.500000e+00 7.878462e+00 -1.011081e+01
         vertex 5.950000e+01 8.000000e+00 -1.150000e+01
         vertex 7.500000e+00 8.000000e+00 -1.150000e+01
      endloop
   endfacet
   facet normal 0.000000e+00 9.961947e-01 -8.715616e-02
      outer loop
         vertex 7.500000e+00 8.000000e+00 -1.150000e+01
         vertex 5.950000e+01 8.000000e+00 -1.150000e+01
         vertex 5.950000e+01 7.878462e+00 -1.288918e+01
      endloop
   endfacet
   facet normal 0.000000e+00 9.961947e-01 -8.715616e-02
      outer loop
         vertex 7.500000e+00 8.000000e+00 -1.150000e+01
         vertex 5.950000e+01 7.878462e+00 -1.288918e+01
         vertex 7.500000e+00 7.878462e+00 -1.288918e+01
      endloop
   endfacet
   facet normal 0.000000e+00 9.659259e-01 -2.588189e-01
      outer loop
         vertex 7.500000e+00 7.878462e+00 -1.288918e+01
         vertex 5.950000e+01 7.878462e+00 -1.288918e+01
         vertex 5.950000e+01 7.517541e+00 -1.423616e+01
      endloop
   endfacet
   facet normal 0.000000e+00 9.659259e-01 -2.588189e-01
      outer loop
         vertex 7.500000e+00 7.878462e+00 -1.288918e+01
         vertex 5.950000e+01 7.517541e+00 -1.423616e+01
         vertex 7.500000e+00 7.517541e+00 -1.423616e+01
      endloop
   endfacet
   facet normal 0.000000e+00 9.063077e-01 -4.226184e-01
      outer loop
         vertex 7.500000e+00 7.517541e+00 -1.423616e+01
         vertex 5.950000e+01 7.517541e+00 -1.423616e+01
         vertex 5.950000e+01 6.928203e+00 -1.550000e+01
      endloop
   endfacet
   facet normal 0.000000e+00 9.063077e-01 -4.226184e-01
      outer loop
         vertex 7.500000e+00 7.517541e+00 -1.423616e+01
         vertex 5.950000e+01 6.928203e+00 -1.550000e+01
         vertex 7.500000e+00 6.928203e+00 -1.550000e+01
      endloop
   endfacet
   facet normal 0.000000e+00 8.191520e-01 -5.735765e-01
      outer loop
         vertex 7.500000e+00 6.928203e+00 -1.550000e+01
         vertex 5.950000e+01 6.928203e+00 -1.550000e+01
         vertex 5.950000e+01 6.128355e+00 -1.664230e+01
      endloop
   endfacet
   facet normal 0.000000e+00 8.191520e-01 -5.735765e-01
      outer loop
         vertex 7.500000e+00 6.928203e+00 -1.550000e+01
         vertex 5.950000e+01 6.128355e+00 -1.664230e+01
         vertex 7.500000e+00 6.128355e+00 -1.664230e+01
      endloop
   endfacet
   facet normal 0.000000e+00 7.071068e-01 -7.071068e-01
      outer loop
         vertex 7.500000e+00 6.128355e+00 -1.664230e+01
         vertex 5.950000e+01 6.128355e+00 -1.664230e+01
         vertex 5.950000e+01 5.142301e+00 -1.762835e+01
      endloop
   endfacet
   facet normal 0.000000e+00 7.071068e-01 -7.071068e-01
      outer loop
         vertex 7.500000e+00 6.128355e+00 -1.664230e+01
         vertex 5.950000e+01 5.142301e+00 -1.762835e+01
         vertex 7.500000e+00 5.142301e+00 -1.762835e+01
      endloop
   endfacet
   facet normal 0.000000e+00 5.735765e-01 -8.191520e-01
      outer loop
         vertex 7.500000e+00 5.142301e+00 -1.762835e+01
         vertex 5.950000e+01 5.142301e+00 -1.762835e+01
         vertex 5.950000e+01 4.000000e+00 -1.842820e+01
      endloop
   endfacet
   facet normal 0.000000e+00 5.735765e-01 -8.191520e-01
      outer loop
         vertex 7.500000e+00 5.142301e+00 -1.762835e+01
         vertex 5.950000e+01 4.000000e+00 -1.842820e+01
         vertex 7.500000e+00 4.000000e+00 -1.842820e+01
      endloop
   endfacet
   facet normal 0.000000e+00 4.226190e-01 -9.063074e-01
      outer loop
         vertex 7.500000e+00 4.000000e+00 -1.842820e+01
         vertex 5.950000e+01 4.000000e+00 -1.842820e+01
         vertex 5.950000e+01 2.736161e+00 -1.901754e+01
      endloop
   endfacet
   facet normal 0.000000e+00 4.226190e-01 -9.063074e-01
      outer loop
         vertex 7.500000e+00 4.000000e+00 -1.842820e+01
         vertex 5.950000e+01 2.736161e+00 -1.901754e+01
         vertex 7.500000e+00 2.736161e+00 -1.901754e+01
      endloop
   endfacet
   facet normal 0.000000e+00 2.588190e-01 -9.659258e-01
      outer loop
         vertex 7.500000e+00 2.736161e+00 -1.901754e+01
         vertex 5.950000e+01 2.736161e+00 -1.901754e+01
         vertex 5.950000e+01 1.389185e+00 -1.937846e+01
      endloop
   endfacet
   facet normal 0.000000e+00 2.588190e-01 -9.659258e-01
      outer loop
         vertex 7.500000e+00 2.736161e+00 -1.901754e+01
         vertex 5.950000e+01 1.389185e+00 -1.937846e+01
         vertex 7.500000e+00 1.389185e+00 -1.937846e+01
      endloop
   endfacet
   facet normal 0.000000e+00 8.715547e-02 -9.961947e-01
      outer loop
         vertex 7.500000e+00 1.389185e+00 -1.937846e+01
         vertex 5.950000e+01 1.389185e+00 -1.937846e+01
         vertex 5.950000e+01 9.797175e-16 -1.950000e+01
      endloop
   endfacet
   facet normal 0.000000e+00 8.715547e-02 -9.961947e-01
      outer loop
         vertex 7.500000e+00 1.389185e+00 -1.937846e+01
         vertex 5.950000e+01 9.797175e-16 -1.950000e+01
         vertex 7.500000e+00 9.797175e-16 -1.950000e+01
      endloop
   endfacet
   facet normal 0.000000e+00 -8.715547e-02 -9.961947e-01
      outer loop
         vertex 7.500000e+00 9.797175e-16 -1.950000e+01
         vertex 5.950000e+01 9.797175e-16 -1.950000e+01
         vertex 5.950000e+01 -1.389185e+00 -1.937846e+01
      endloop
   endfacet
   facet normal 0.000000e+00 -8.715547e-02 -9.961947e-01
      outer loop
         vertex 7.500000e+00 9.797175e-16 -1.950000e+01
         vertex 5.950000e+01 -1.389185e+00 -1.937846e+01
         vertex 7.500000e+00 -1.389185e+00 -1.937846e+01
      endloop
   endfacet
   facet normal 0.000000e+00 -2.588190e-01 -9.659258e-01
      outer loop
         vertex 7.500000e+00 -1.389185e+00 -1.937846e+01
         vertex 5.950000e+01 -1.389185e+00 -1.937846e+01
         vertex 5.950000e+01 -2.736161e+00 -1.901754e+01
      endloop
   endfacet
   facet normal 0.000000e+00 -2.588190e-01 -9.659258e-01
      outer loop
         vertex 7.500000e+00 -1.389185e+00 -1.937846e+01
         vertex 5.950000e+01 -2.736161e+00 -1.901754e+01
         vertex 7.500000e+00 -2.736161e+00 -1.901754e+01
      endloop
   endfacet
   facet normal 0.000000e+00 -4.226190e-01 -9.063074e-01
      outer loop
         vertex 7.500000e+00 -2.736161e+00 -1.901754e+01
         vertex 5.950000e+01 -2.736161e+00 -1.901754e+01
         vertex 5.950000e+01 -4.000000e+00 -1.842820e+01
      endloop
   endfacet
   facet normal 0.000000e+00 -4.226190e-01 -9.063074e-01
      outer loop
         vertex 7.500000e+00 -2.736161e+00 -1.901754e+01
         vertex 5.950000e+01 -4.000000e+00 -1.842820e+01
         vertex 7.500000e+00 -4.000000e+00 -1.842820e+01
      endloop
   endfacet
   facet normal 0.000000e+00 -5.735765e-01 -8.191520e-01
      outer loop
         vertex 7.500000e+00 -4.000000e+00 -1.842820e+01
         vertex 5.950000e+01 -4.000000e+00 -1.842820e+01
         vertex 5.950000e+01 -5.142301e+00 -1.762835e+01
      endloop
   endfacet
   facet normal 0.000000e+00 -5.735765e-01 -8.191520e-01
      outer loop
         vertex 7.500000e+00 -4.000000e+00 -1.842820e+01
         vertex 5.950000e+01 -5.142301e+00 -1.762835e+01
         vertex 7.500000e+00 -5.142301e+00 -1.762835e+01
      endloop
   endfacet
   facet normal 0.000000e+00 -7.071068e-01 -7.071068e-01
      outer loop
         vertex 7.500000e+00 -5.142301e+00 -1.762835e+01
         vertex 5.950000e+01 -5.142301e+00 -1.762835e+01
         vertex 5.950000e+01 -6.128355e+00 -1.664230e+01
      endloop
   endfacet
   facet normal 0.000000e+00 -7.071068e-01 -7.071068e-01
      outer loop
         vertex 7.500000e+00 -5.142301e+00 -1.762835e+01
         vertex 5.950000e+01 -6.128355e+00 -1.664230e+01
         vertex 7.500000e+00 -6.128355e+00 -1.664230e+01
      endloop
   endfacet
   facet normal 0.000000e+00 -8.191520e-01 -5.735765e-01
      outer loop
         vertex 7.500000e+00 -6.128355e+00 -1.664230e+01
         vertex 5.950000e+01 -6.128355e+00 -1.664230e+01
         vertex 5.950000e+01 -6.928203e+00 -1.550000e+01
      endloop
   endfacet
   facet normal 0.000000e+00 -8.191520e-01 -5.735765e-01
      outer loop
         vertex 7.500000e+00 -6.128355e+00 -1.664230e+01
         vertex 5.950000e+01 -6.928203e+00 -1.550000e+01
         vertex 7.500000e+00 -6.928203e+00 -1.550000e+01
      endloop
   endfacet
   facet normal 0.000000e+00 -9.063077e-01 -4.226184e-01
      outer loop
         vertex 7.500000e+00 -6.928203e+00 -1.550000e+01
         vertex 5.950000e+01 -6.928203e+00 -1.550000e+01
         vertex 5.950000e+01 -7.517541e+00 -1.423616e+01
      endloop
   endfacet
   facet normal 0.000000e+00 -9.063077e-01 -4.226184e-01
      outer loop
         vertex 7.500000e+00 -6.928203e+00 -1.550000e+01
         vertex 5.950000e+01 -7.517541e+00 -1.423616e+01
         vertex 7.500000e+00 -7.517541e+00 -1.423616e+01
      endloop
   endfacet
   facet normal 0.000000e+00 -9.659259e-01 -2.588189e-01
      outer loop
         vertex 7.500000e+00 -7.517541e+00 -1.423616e+01
         vertex 5.950000e+01 -7.517541e+00 -1.423616e+01
         vertex 5.950000e+01 -7.878462e+00 -1.288918e+01
      endloop
   endfacet
   facet normal 0.000000e+00 -9.659259e-01 -2.588189e-01
      outer loop
         vertex 7.500000e+00 -7.517541e+00 -1.423616e+01
         vertex 5.950000e+01 -7.878462e+00 -1.288918e+01
         vertex 7.500000e+00 -7.878462e+00 -1.288918e+01
      endloop
   endfacet
   facet normal 0.000000e+00 -9.961947e-01 -8.715616e-02
      outer loop
         vertex 7.500000e+00 -7.878462e+00 -1.288918e+01
         vertex 5.950000e+01 -7.878462e+00 -1.288918e+01
         vertex 5.950000e+01 -8.000000e+00 -1.150000e+01
      endloop
   endfacet
   facet normal 0.000000e+00 -9.961947e-01 -8.715616e-02
      outer loop
         vertex 7.500000e+00 -7.878462e+00 -1.288918e+01
         vertex 5.950000e+01 -8.000000e+00 -1.150000e+01
         vertex 7.500000e+00 -8.000000e+00 -1.150000e+01
      endloop
   endfacet
   facet normal 0.000000e+00 -9.961947e-01 8.715611e-02
      outer loop
         vertex 7.500000e+00 -8.000000e+00 -1.150000e+01
         vertex 5.950000e+01 -8.000000e+00 -1.150000e+01
         vertex 5.950000e+01 -7.878462e+00 -1.011081e+01
      endloop
   endfacet
   facet normal 0.000000e+00 -9.961947e-01 8.715611e-02
      outer loop
         vertex 7.500000e+00 -8.000000e+00 -1.150000e+01
         vertex 5.950000e+01 -7.878462e+00 -1.011081e+01
         vertex 7.500000e+00 -7.878462e+00 -1.011081e+01
      endloop
   endfacet
   facet normal 0.000000e+00 -9.659258e-01 2.588191e-01
      outer loop
         vertex 7.500000e+00 -7.878462e+00 -1.011081e+01
         vertex 5.950000e+01 -7.878462e+00 -1.011081e+01
         vertex 5.950000e+01 -7.517541e+00 -8.763839e+00
      endloop
   endfacet
   facet normal 0.000000e+00 -9.659258e-01 2.588191e-01
      outer loop
         vertex 7.500000e+00 -7.878462e+00 -1.011081e+01
         vertex 5.950000e+01 -7.517541e+00 -8.763839e+00
         vertex 7.500000e+00 -7.517541e+00 -8.763839e+00
      endloop
   endfacet
   facet normal 0.000000e+00 -9.063078e-01 4.226183e-01
      outer loop
         vertex 7.500000e+00 -7.517541e+00 -8.763839e+00
         vertex 5.950000e+01 -7.517541e+00 -8.763839e+00
         vertex 5.950000e+01 -6.928203e+00 -7.500000e+00
      endloop
   endfacet
   facet normal 0.000000e+00 -9.063078e-01 4.226183e-01
      outer loop
         vertex 7.500000e+00 -7.517541e+00 -8.763839e+00
         vertex 5.950000e+01 -6.928203e+00 -7.500000e+00
         vertex 7.500000e+00 -6.928203e+00 -7.500000e+00
      endloop
   endfacet
   facet normal 0.000000e+00 -8.191520e-01 5.735765e-01
      outer loop
         vertex 7.500000e+00 -6.928203e+00 -7.500000e+00
         vertex 5.950000e+01 -6.928203e+00 -7.500000e+00
         vertex 5.950000e+01 -6.128355e+00 -6.357699e+00
      endloop
   endfacet
   facet normal 0.000000e+00 -8.191520e-01 5.735765e-01
      outer loop
         vertex 7.500000e+00 -6.928203e+00 -7.500000e+00
         vertex 5.950000e+01 -6.128355e+00 -6.357699e+00
         vertex 7.500000e+00 -6.128355e+00 -6.357699e+00
      endloop
   endfacet
   facet normal 0.000000e+00 -7.071068e-01 7.071068e-01
      outer loop
         vertex 7.500000e+00 -6.128355e+00 -6.357699e+00
         vertex 5.950000e+01 -6.128355e+00 -6.357699e+00
         vertex 5.950000e+01 -5.142301e+00 -5.371645e+00
      endloop
   endfacet
   facet normal 0.000000e+00 -7.071068e-01 7.071068e-01
      outer loop
         vertex 7.500000e+00 -6.128355e+00 -6.357699e+00
         vertex 5.950000e+01 -5.142301e+00 -5.371645e+00
         vertex 7.500000e+00 -5.142301e+00 -5.371645e+00
      endloop
   endfacet
   facet normal 0.000000e+00 -5.735765e-01 8.191520e-01
      outer loop
         vertex 7.500000e+00 -5.142301e+00 -5.371645e+00
         vertex 5.950000e+01 -5.142301e+00 -5.371645e+00
         vertex 5.950000e+01 -4.000000e+00 -4.571797e+00
      endloop
   endfacet
   facet normal 0.000000e+00 -5.735765e-01 8.191520e-01
      outer loop
         vertex 7.500000e+00 -5.142301e+00 -5.371645e+00
         vertex 5.950000e+01 -4.000000e+00 -4.571797e+00
         vertex 7.500000e+00 -4.000000e+00 -4.571797e+00
      endloop
   endfacet
   facet normal 0.000000e+00 -4.226182e-01 9.063078e-01
      outer loop
         vertex 7.500000e+00 -4.000000e+00 -4.571797e+00
         vertex 5.950000e+01 -4.000000e+00 -4.571797e+00
         vertex 5.950000e+01 -2.736161e+00 -3.982459e+00
      endloop
   endfacet
   facet normal 0.000000e+00 -4.226182e-01 9.063078e-01
      outer loop
         vertex 7.500000e+00 -4.000000e+00 -4.571797e+00
         vertex 5.950000e+01 -2.736161e+00 -3.982459e+00
         vertex 7.500000e+00 -2.736161e+00 -3.982459e+00
      endloop
   endfacet
   facet normal 0.000000e+00 -2.588192e-01 9.659258e-01
      outer loop
         vertex 7.500000e+00 -2.736161e+00 -3.982459e+00
         vertex 5.950000e+01 -2.736161e+00 -3.982459e+00
         vertex 5.950000e+01 -1.389185e+00 -3.621538e+00
      endloop
   endfacet
   facet normal 0.000000e+00 -2.588192e-01 9.659258e-01
      outer loop
         vertex 7.500000e+00 -2.736161e+00 -3.982459e+00
         vertex 5.950000e+01 -1.389185e+00 -3.621538e+00
         vertex 7.500000e+00 -1.389185e+00 -3.621538e+00
      endloop
   endfacet
   facet normal 0.000000e+00 -8.715564e-02 9.961947e-01
      outer loop
         vertex 7.500000e+00 -1.389185e+00 -3.621538e+00
         vertex 5.950000e+01 -1.389185e+00 -3.621538e+00
         vertex 5.950000e+01 0.000000e+00 -3.500000e+00
      endloop
   endfacet
   facet normal 0.000000e+00 -8.715564e-02 9.961947e-01
      outer loop
         vertex 7.500000e+00 -1.389185e+00 -3.621538e+00
         vertex 5.950000e+01 0.000000e+00 -3.500000e+00
         vertex 7.500000e+00 0.000000e+00 -3.500000e+00
      endloop
   endfacet
   facet normal -0.000000e+00 8.715564e-02 9.961947e-01
      outer loop
         vertex 7.500000e+00 0.000000e+00 -3.500000e+00
         vertex 5.950000e+01 0.000000e+00 -3.500000e+00
         vertex 5.950000e+01 1.389185e+00 -3.621538e+00
      endloop
   endfacet
   facet normal 0.000000e+00 8.715564e-02 9.961947e-01
      outer loop
         vertex -5.950000e+01 0.000000e+00 -3.500000e+00
         vertex -7.500000e+00 1.389185e+00 -3.621538e+00
         vertex -5.950000e+01 1.389185e+00 -3.621538e+00
      endloop
   endfacet
   facet normal -0.000000e+00 2.588192e-01 9.659258e-01
      outer loop
         vertex -5.950000e+01 1.389185e+00 -3.621538e+00
         vertex -7.500000e+00 1.389185e+00 -3.621538e+00
         vertex -7.500000e+00 2.736161e+00 -3.982459e+00
      endloop
   endfacet
   facet normal 0.000000e+00 2.588192e-01 9.659258e-01
      outer loop
         vertex -5.950000e+01 1.389185e+00 -3.621538e+00
         vertex -7.500000e+00 2.736161e+00 -3.982459e+00
         vertex -5.950000e+01 2.736161e+00 -3.982459e+00
      endloop
   endfacet
   facet normal -0.000000e+00 4.226182e-01 9.063078e-01
      outer loop
         vertex -5.950000e+01 2.736161e+00 -3.982459e+00
         vertex -7.500000e+00 2.736161e+00 -3.982459e+00
         vertex -7.500000e+00 4.000000e+00 -4.571797e+00
      endloop
   endfacet
   facet normal 0.000000e+00 4.226182e-01 9.063078e-01
      outer loop
         vertex -5.950000e+01 2.736161e+00 -3.982459e+00
         vertex -7.500000e+00 4.000000e+00 -4.571797e+00
         vertex -5.950000e+01 4.000000e+00 -4.571797e+00
      endloop
   endfacet
   facet normal -0.000000e+00 5.735765e-01 8.191520e-01
      outer loop
         vertex -5.950000e+01 4.000000e+00 -4.571797e+00
         vertex -7.500000e+00 4.000000e+00 -4.571797e+00
         vertex -7.500000e+00 5.142301e+00 -5.371645e+00
      endloop
   endfacet
   facet normal 0.000000e+00 5.735765e-01 8.191520e-01
      outer loop
         vertex -5.950000e+01 4.000000e+00 -4.571797e+00
         vertex -7.500000e+00 5.142301e+00 -5.371645e+00
         vertex -5.950000e+01 5.142301e+00 -5.371645e+00
      endloop
   endfacet
   facet normal -0.000000e+00 7.071068e-01 7.071068e-01
      outer loop
         vertex -5.950000e+01 5.142301e+00 -5.371645e+00
         vertex -7.500000e+00 5.142301e+00 -5.371645e+00
         vertex -7.500000e+00 6.128355e+00 -6.357699e+00
      endloop
   endfacet
   facet normal 0.000000e+00 7.071068e-01 7.071068e-01
      outer loop
         vertex -5.950000e+01 5.142301e+00 -5.371645e+00
         vertex -7.500000e+00 6.128355e+00 -6.357699e+00
         vertex -5.950000e+01 6.128355e+00 -6.357699e+00
      endloop
   endfacet
   facet normal -0.000000e+00 8.191520e-01 5.735765e-01
      outer loop
         vertex -5.950000e+01 6.128355e+00 -6.357699e+00
         vertex -7.500000e+00 6.128355e+00 -6.357699e+00
         vertex -7.500000e+00 6.928203e+00 -7.500000e+00
      endloop
   endfacet
   facet normal 0.000000e+00 8.191520e-01 5.735765e-01
      outer loop
         vertex -5.950000e+01 6.128355e+00 -6.357699e+00
         vertex -7.500000e+00 6.928203e+00 -7.500000e+00
         vertex -5.950000e+01 6.928203e+00 -7.500000e+00
      endloop
   endfacet
   facet normal -0.000000e+00 9.063078e-01 4.226183e-01
      outer loop
         vertex -5.950000e+01 6.928203e+00 -7.500000e+00
         vertex -7.500000e+00 6.928203e+00 -7.500000e+00
         vertex -7.500000e+00 7.517541e+00 -8.763839e+00
      endloop
   endfacet
   facet normal 0.000000e+00 9.063078e-01 4.226183e-01
      outer loop
         vertex -5.950000e+01 6.928203e+00 -7.500000e+00
         vertex -7.500000e+00 7.517541e+00 -8.763839e+00
         vertex -5.950000e+01 7.517541e+00 -8.763839e+00
      endloop
   endfacet
   facet normal -0.000000e+00 9.659258e-01 2.588191e-01
      outer loop
         vertex -5.950000e+01 7.517541e+00 -8.763839e+00
         vertex -7.500000e+00 7.517541e+00 -8.763839e+00
         vertex -7.500000e+00 7.878462e+00 -1.011081e+01
      endloop
   endfacet
   facet normal 0.000000e+00 9.659258e-01 2.588191e-01
      outer loop
         vertex -5.950000e+01 7.517541e+00 -8.763839e+00
         vertex -7.500000e+00 7.878462e+00 -1.011081e+01
         vertex -5.950000e+01 7.878462e+00 -1.011081e+01
      endloop
   endfacet
   facet normal -0.000000e+00 9.961947e-01 8.715611e-02
      outer loop
         vertex -5.950000e+01 7.878462e+00 -1.011081e+01
         vertex -7.500000e+00 7.878462e+00 -1.011081e+01
         vertex -7.500000e+00 8.000000e+00 -1.150000e+01
      endloop
   endfacet
   facet normal 0.000000e+00 9.961947e-01 8.715611e-02
      outer loop
         vertex -5.950000e+01 7.878462e+00 -1.011081e+01
         vertex -7.500000e+00 8.000000e+00 -1.150000e+01
         vertex -5.950000e+01 8.000000e+00 -1.150000e+01
      endloop
   endfacet
   facet normal 0.000000e+00 9.961947e-01 -8.715616e-02
      outer loop
         vertex -5.950000e+01 8.000000e+00 -1.150000e+01
         vertex -7.500000e+00 8.000000e+00 -1.150000e+01
         vertex -7.500000e+00 7.878462e+00 -1.288918e+01
      endloop
   endfacet
   facet normal 0.000000e+00 9.961947e-01 -8.715616e-02
      outer loop
         vertex -5.950000e+01 8.000000e+00 -1.150000e+01
         vertex -7.500000e+00 7.878462e+00 -1.288918e+01
         vertex -5.950000e+01 7.878462e+00 -1.288918e+01
      endloop
   endfacet
   facet normal 0.000000e+00 9.659259e-01 -2.588189e-01
      outer loop
         vertex -5.950000e+01 7.878462e+00 -1.288918e+01
         vertex -7.500000e+00 7.878462e+00 -1.288918e+01
         vertex -7.500000e+00 7.517541e+00 -1.423616e+01
      endloop
   endfacet
   facet normal 0.000000e+00 9.659259e-01 -2.588189e-01
      outer loop
         vertex -5.950000e+01 7.878462e+00 -1.288918e+01
         vertex -7.500000e+00 7.517541e+00 -1.423616e+01
         vertex -5.950000e+01 7.517541e+00 -1.423616e+01
      endloop
   endfacet
   facet normal 0.000000e+00 9.063077e-01 -4.226184e-01
      outer loop
         vertex -5.950000e+01 7.517541e+00 -1.423616e+01
         vertex -7.500000e+00 7.517541e+00 -1.423616e+01
         vertex -7.500000e+00 6.928203e+00 -1.550000e+01
      endloop
   endfacet
   facet normal 0.000000e+00 9.063077e-01 -4.226184e-01
      outer loop
         vertex -5.950000e+01 7.517541e+00 -1.423616e+01
         vertex -7.500000e+00 6.928203e+00 -1.550000e+01
         vertex -5.950000e+01 6.928203e+00 -1.550000e+01
      endloop
   endfacet
   facet normal 0.000000e+00 8.191520e-01 -5.735765e-01
      outer loop
         vertex -5.950000e+01 6.928203e+00 -1.550000e+01
         vertex -7.500000e+00 6.928203e+00 -1.550000e+01
         vertex -7.500000e+00 6.128355e+00 -1.664230e+01
      endloop
   endfacet
   facet normal 0.000000e+00 8.191520e-01 -5.735765e-01
      outer loop
         vertex -5.950000e+01 6.928203e+00 -1.550000e+01
         vertex -7.500000e+00 6.128355e+00 -1.664230e+01
         vertex -5.950000e+01 6.128355e+00 -1.664230e+01
      endloop
   endfacet
   facet normal 0.000000e+00 7.071068e-01 -7.071068e-01
      outer loop
         vertex -5.950000e+01 6.128355e+00 -1.664230e+01
         vertex -7.500000e+00 6.128355e+00 -1.664230e+01
         vertex -7.500000e+00 5.142301e+00 -1.762835e+01
      endloop
   endfacet
   facet normal 0.000000e+00 7.071068e-01 -7.071068e-01
      outer loop
         vertex -5.950000e+01 6.128355e+00 -1.664230e+01
         vertex -7.500000e+00 5.142301e+00 -1.762835e+01
         vertex -5.950000e+01 5.142301e+00 -1.762835e+01
      endloop
   endfacet
   facet normal 0.000000e+00 5.735765e-01 -8.191520e-01
      outer loop
         vertex -5.950000e+01 5.142301e+00 -1.762835e+01
         vertex -7.500000e+00 5.142301e+00 -1.762835e+01
         vertex -7.500000e+00 4.000000e+00 -1.842820e+01
      endloop
   endfacet
   facet normal 0.000000e+00 5.735765e-01 -8.191520e-01
      outer loop
         vertex -5.950000e+01 5.142301e+00 -1.762835e+01
         vertex -7.500000e+00 4.000000e+00 -1.842820e+01
         vertex -5.950000e+01 4.000000e+00 -1.842820e+01
      endloop
   endfacet
   facet normal 0.000000e+00 4.226190e-01 -9.063074e-01
      outer loop
         vertex -5.950000e+01 4.000000e+00 -1.842820e+01
         vertex -7.500000e+00 4.000000e+00 -1.842820e+01
         vertex -7.500000e+00 2.736161e+00 -1.901754e+01
      endloop
   endfacet
   facet normal 0.000000e+00 4.226190e-01 -9.063074e-01
      outer loop
         vertex -5.950000e+01 4.000000e+00 -1.842820e+01
         vertex -7.500000e+00 2.736161e+00 -1.901754e+01
         vertex -5.950000e+01 2.736161e+00 -1.901754e+01
      endloop
   endfacet
   facet normal 0.000000e+00 2.588190e-01 -9.659258e-01
      outer loop
         vertex -5.950000e+01 2.736161e+00 -1.901754e+01
         vertex -7.500000e+00 2.736161e+00 -1.901754e+01
         vertex -7.500000e+00 1.389185e+00 -1.937846e+01
      endloop
   endfacet
   facet normal 0.000000e+00 2.588190e-01 -9.659258e-01
      outer loop
         vertex -5.950000e+01 2.736161e+00 -1.901754e+01
         vertex -7.500000e+00 1.389185e+00 -1.937846e+01
         vertex -5.950000e+01 1.389185e+00 -1.937846e+01
      endloop
   endfacet
   facet normal 0.000000e+00 8.715547e-02 -9.961947e-01
      outer loop
         vertex -5.950000e+01 1.389185e+00 -1.937846e+01
         vertex -7.500000e+00 1.389185e+00 -1.937846e+01
         vertex -7.500000e+00 9.797175e-16 -1.950000e+01
      endloop
   endfacet
   facet normal 0.000000e+00 8.715547e-02 -9.961947e-01
      outer loop
         vertex -5.950000e+01 1.389185e+00 -1.937846e+01
         vertex -7.500000e+00 9.797175e-16 -1.950000e+01
         vertex -5.950000e+01 9.797175e-16 -1.950000e+01
      endloop
   endfacet
   facet normal 0.000000e+00 -8.715547e-02 -9.961947e-01
      outer loop
         vertex -5.950000e+01 9.797175e-16 -1.950000e+01
         vertex -7.500000e+00 9.797175e-16 -1.950000e+01
         vertex -7.500000e+00 -1.389185e+00 -1.937846e+01
      endloop
   endfacet
   facet normal 0.000000e+00 -8.715547e-02 -9.961947e-01
      outer loop
         vertex -5.950000e+01 9.797175e-16 -1.950000e+01
         vertex -7.500000e+00 -1.389185e+00 -1.937846e+01
         vertex -5.950000e+01 -1.389185e+00 -1.937846e+01
      endloop
   endfacet
   facet normal 0.000000e+00 -2.588190e-01 -9.659258e-01
      outer loop
         vertex -5.950000e+01 -1.389185e+00 -1.937846e+01
         vertex -7.500000e+00 -1.389185e+00 -1.937846e+01
         vertex -7.500000e+00 -2.736161e+00 -1.901754e+01
      endloop
   endfacet
   facet normal 0.000000e+00 -2.588190e-01 -9.659258e-01
      outer loop
         vertex -5.950000e+01 -1.389185e+00 -1.937846e+01
         vertex -7.500000e+00 -2.736161e+00 -1.901754e+01
         vertex -5.950000e+01 -2.736161e+00 -1.901754e+01
      endloop
   endfacet
   facet normal 0.000000e+00 -4.226190e-01 -9.063074e-01
      outer loop
         vertex -5.950000e+01 -2.736161e+00 -1.901754e+01
         vertex -7.500000e+00 -2.736161e+00 -1.901754e+01
         vertex -7.500000e+00 -4.000000e+00 -1.842820e+01
      endloop
   endfacet
   facet normal 0.000000e+00 -4.226190e-01 -9.063074e-01
      outer loop
         vertex -5.950000e+01 -2.736161e+00 -1.901754e+01
         vertex -7.500000e+00 -4.000000e+00 -1.842820e+01
         vertex -5.950000e+01 -4.000000e+00 -1.842820e+01
      endloop
   endfacet
   facet normal 0.000000e+00 -5.735765e-01 -8.191520e-01
      outer loop
         vertex -5.950000e+01 -4.000000e+00 -1.842820e+01
         vertex -7.500000e+00 -4.000000e+00 -1.842820e+01
         vertex -7.500000e+00 -5.142301e+00 -1.762835e+01
      endloop
   endfacet
   facet normal 0.000000e+00 -5.735765e-01 -8.191520e-01
      outer loop
         vertex -5.950000e+01 -4.000000e+00 -1.842820e+01
         vertex -7.500000e+00 -5.142301e+00 -1.762835e+01
         vertex -5.950000e+01 -5.142301e+00 -1.762835e+01
      endloop
   endfacet
   facet normal 0.000000e+00 -7.071068e-01 -7.071068e-01
      outer loop
         vertex -5.950000e+01 -5.142301e+00 -1.762835e+01
         vertex -7.500000e+00 -5.142301e+00 -1.762835e+01
         vertex -7.500000e+00 -6.128355e+00 -1.664230e+01
      endloop
   endfacet
   facet normal 0.000000e+00 -7.071068e-01 -7.071068e-01
      outer loop
         vertex -5.950000e+01 -5.142301e+00 -1.762835e+01
         vertex -7.500000e+00 -6.128355e+00 -1.664230e+01
         vertex -5.950000e+01 -6.128355e+00 -1.664230e+01
      endloop
   endfacet
   facet normal 0.000000e+00 -8.191520e-01 -5.735765e-01
      outer loop
         vertex -5.950000e+01 -6.128355e+00 -1.664230e+01
         vertex -7.500000e+00 -6.128355e+00 -1.664230e+01
         vertex -7.500000e+00 -6.928203e+00 -1.550000e+01
      endloop
   endfacet
   facet normal 0.000000e+00 -8.191520e-01 -5.735765e-01
      outer loop
         vertex -5.950000e+01 -6.128355e+00 -1.664230e+01
         vertex -7.500000e+00 -6.928203e+00 -1.550000e+01
         vertex -5.950000e+01 -6.928203e+00 -1.550000e+01
      endloop
   endfacet
   facet normal 0.000000e+00 -9.063077e-01 -4.226184e-01
      outer loop
         vertex -5.950000e+01 -6.928203e+00 -1.550000e+01
         vertex -7.500000e+00 -6.928203e+00 -1.550000e+01
         vertex -7.500000e+00 -7.517541e+00 -1.423616e+01
      endloop
   endfacet
   facet normal 0.000000e+00 -9.063077e-01 -4.226184e-01
      outer loop
         vertex -5.950000e+01 -6.928203e+00 -1.550000e+01
         vertex -7.500000e+00 -7.517541e+00 -1.423616e+01
         vertex -5.950000e+01 -7.517541e+00 -1.423616e+01
      endloop
   endfacet
   facet normal 0.000000e+00 -9.659259e-01 -2.588189e-01
      outer loop
         vertex -5.950000e+01 -7.517541e+00 -1.423616e+01
         vertex -7.500000e+00 -7.517541e+00 -1.423616e+01
         vertex -7.500000e+00 -7.878462e+00 -1.288918e+01
      endloop
   endfacet
   facet normal 0.000000e+00 -9.659259e-01 -2.588189e-01
      outer loop
         vertex -5.950000e+01 -7.517541e+00 -1.423616e+01
         vertex -7.500000e+00 -7.878462e+00 -1.288918e+01
         vertex -5.950000e+01 -7.878462e+00 -1.288918e+01
      endloop
   endfacet
   facet normal 0.000000e+00 -9.961947e-01 -8.715616e-02
      outer loop
         vertex -5.950000e+01 -7.878462e+00 -1.288918e+01
         vertex -7.500000e+00 -7.878462e+00 -1.288918e+01
         vertex -7.500000e+00 -8.000000e+00 -1.150000e+01
      endloop
   endfacet
   facet normal 0.000000e+00 -9.961947e-01 -8.715616e-02
      outer loop
         vertex -5.950000e+01 -7.878462e+00 -1.288918e+01
         vertex -7.500000e+00 -8.000000e+00 -1.150000e+01
         vertex -5.950000e+01 -8.000000e+00 -1.150000e+01
      endloop
   endfacet
   facet normal 0.000000e+00 -9.961947e-01 8.715611e-02
      outer loop
         vertex -5.950000e+01 -8.000000e+00 -1.150000e+01
         vertex -7.500000e+00 -8.000000e+00 -1.150000e+01
         vertex -7.500000e+00 -7.878462e+00 -1.011081e+01
      endloop
   endfacet
   facet normal 0.000000e+00 -9.961947e-01 8.715611e-02
      outer loop
         vertex -5.950000e+01 -8.000000e+00 -1.150000e+01
         vertex -7.500000e+00 -7.878462e+00 -1.011081e+01
         vertex -5.950000e+01 -7.878462e+00 -1.011081e+01
      endloop
   endfacet
   facet normal 0.000000e+00 -9.659258e-01 2.588191e-01
      outer loop
         vertex -5.950000e+01 -7.878462e+00 -1.011081e+01
         vertex -7.500000e+00 -7.878462e+00 -1.011081e+01
         vertex -7.500000e+00 -7.517541e+00 -8.763839e+00
      endloop
   endfacet
   facet normal 0.000000e+00 -9.659258e-01 2.588191e-01
      outer loop
         vertex -5.950000e+01 -7.878462e+00 -1.011081e+01
         vertex -7.500000e+00 -7.517541e+00 -8.763839e+00
         vertex -5.950000e+01 -7.517541e+00 -8.763839e+00
      endloop
   endfacet
   facet normal 0.000000e+00 -9.063078e-01 4.226183e-01
      outer loop
         vertex -5.950000e+01 -7.517541e+00 -8.763839e+00
         vertex -7.500000e+00 -7.517541e+00 -8.763839e+00
         vertex -7.500000e+00 -6.928203e+00 -7.500000e+00
      endloop
   endfacet
   facet normal 0.000000e+00 -9.063078e-01 4.226183e-01
      outer loop
         vertex -5.950000e+01 -7.517541e+00 -8.763839e+00
         vertex -7.500000e+00 -6.928203e+00 -7.500000e+00
         vertex -5.950000e+01 -6.928203e+00 -7.500000e+00
      endloop
   endfacet
   facet normal 0.000000e+00 -8.191520e-01 5.735765e-01
      outer loop
         vertex -5.950000e+01 -6.928203e+00 -7.500000e+00
         vertex -7.500000e+00 -6.928203e+00 -7.500000e+00
         vertex -7.500000e+00 -6.128355e+00 -6.357699e+00
      endloop
   endfacet
   facet normal 0.000000e+00 -8.191520e-01 5.735765e-01
      outer loop
         vertex -5.950000e+01 -6.928203e+00 -7.500000e+00
         vertex -7.500000e+00 -6.128355e+00 -6.357699e+00
         vertex -5.950000e+01 -6.128355e+00 -6.357699e+00
      endloop
   endfacet
   facet normal 0.000000e+00 -7.071068e-01 7.071068e-01
      outer loop
         vertex -5.950000e+01 -6.128355e+00 -6.357699e+00
         vertex -7.500000e+00 -6.128355e+00 -6.357699e+00
         vertex -7.500000e+00 -5.142301e+00 -5.371645e+00
      endloop
   endfacet
   facet normal 0.000000e+00 -7.071068e-01 7.071068e-01
      outer loop
         vertex -5.950000e+01 -6.128355e+00 -6.357699e+00
         vertex -7.500000e+00 -5.142301e+00 -5.371645e+00
         vertex -5.950000e+01 -5.142301e+00 -5.371645e+00
      endloop
   endfacet
   facet normal 0.000000e+00 -5.735765e-01 8.191520e-01
      outer loop
         vertex -5.950000e+01 -5.142301e+00 -5.371645e+00
         vertex -7.500000e+00 -5.142301e+00 -5.371645e+00
         vertex -7.500000e+00 -4.000000e+00 -4.571797e+00
      endloop
   endfacet
   facet normal 0.000000e+00 -5.735765e-01 8.191520e-01
      outer loop
         vertex -5.950000e+01 -5.142301e+00 -5.371645e+00
         vertex -7.500000e+00 -4.000000e+00 -4.571797e+00
         vertex -5.950000e+01 -4.000000e+00 -4.571797e+00
      endloop
   endfacet
   facet normal 0.000000e+00 -4.226182e-01 9.063078e-01
      outer loop
         vertex -5.950000e+01 -4.000000e+00 -4.571797e+00
         vertex -7.500000e+00 -4.000000e+00 -4.571797e+00
         vertex -7.500000e+00 -2.736161e+00 -3.982459e+00
      endloop
   endfacet
   facet normal 0.000000e+00 -4.226182e-01 9.063078e-01
      outer loop
         vertex -5.950000e+01 -4.000000e+00 -4.571797e+00
         vertex -7.500000e+00 -2.736161e+00 -3.982459e+00
         vertex -5.950000e+01 -2.736161e+00 -3.982459e+00
      endloop
   endfacet
   facet normal 0.000000e+00 -2.588192e-01 9.659258e-01
      outer loop
         vertex -5.950000e+01 -2.736161e+00 -3.982459e+00
         vertex -7.500000e+00 -2.736161e+00 -3.982459e+00
         vertex -7.500000e+00 -1.389185e+00 -3.621538e+00
      endloop
   endfacet
   facet normal 0.000000e+00 -2.588192e-01 9.659258e-01
      outer loop
         vertex -5.950000e+01 -2.736161e+00 -3.982459e+00
         vertex -7.500000e+00 -1.389185e+00 -3.621538e+00
         vertex -5.950000e+01 -1.389185e+00 -3.621538e+00
      endloop
   endfacet
   facet normal 0.000000e+00 -8.715564e-02 9.961947e-01
      outer loop
         vertex -5.950000e+01 -1.389185e+00 -3.621538e+00
         vertex -7.500000e+00 -1.389185e+00 -3.621538e+00
         vertex -7.500000e+00 0.000000e+00 -3.500000e+00
      endloop
   endfacet
   facet normal 0.000000e+00 -8.715564e-02 9.961947e-01
      outer loop
         vertex -5.950000e+01 -1.389185e+00 -3.621538e+00
         vertex -7.500000e+00 0.000000e+00 -3.500000e+00
         vertex -5.950000e+01 0.000000e+00 -3.500000e+00
      endloop
   endfacet
   facet normal -0.000000e+00 8.715564e-02 9.961947e-01
      outer loop
         vertex -5.950000e+01 0.000000e+00 -3.500000e+00
         vertex -7.500000e+00 0.000000e+00 -3.500000e+00
         vertex -7.500000e+00 1.389185e+00 -3.621538e+00
      endloop
   endfacet
   facet normal -1.000000e+00 0.000000e+00 0.000000e+00
      outer loop
         vertex -6.000000e+01 4.338816e+00 -6.329200e+00
         vertex -6.000000e+01 4.820907e+00 -5.754667e+00
         vertex -6.000000e+01 5.170800e+00 -7.161184e+00
      endloop
   endfacet
   facet normal -1.000000e+00 0.000000e+00 0.000000e+00
      outer loop
         vertex -6.000000e+01 5.170800e+00 -7.161184e+00
         vertex -6.000000e+01 4.820907e+00 -5.754667e+00
         vertex -6.000000e+01 5.745333e+00 -6.679093e+00
      endloop
   endfacet
   facet normal -1.000000e+00 0.000000e+00 0.000000e+00
      outer loop
         vertex -6.000000e+01 5.170800e+00 -7.161184e+00
         vertex -6.000000e+01 5.745333e+00 -6.679093e+00
         vertex -6.000000e+01 5.845672e+00 -8.125000e+00
      endloop
   endfacet
   facet normal -1.000000e+00 0.000000e+00 0.000000e+00
      outer loop
         vertex -6.000000e+01 5.845672e+00 -8.125000e+00
         vertex -6.000000e+01 5.745333e+00 -6.679093e+00
         vertex -6.000000e+01 6.495190e+00 -7.750000e+00
      endloop
   endfacet
   facet normal -1.000000e+00 0.000000e+00 0.000000e+00
      outer loop
         vertex -6.000000e+01 5.845672e+00 -8.125000e+00
         vertex -6.000000e+01 6.495190e+00 -7.750000e+00
         vertex -6.000000e+01 6.342925e+00 -9.191364e+00
      endloop
   endfacet
   facet normal -1.000000e+00 0.000000e+00 0.000000e+00
      outer loop
         vertex -6.000000e+01 6.342925e+00 -9.191364e+00
         vertex -6.000000e+01 6.495190e+00 -7.750000e+00
         vertex -6.000000e+01 7.047695e+00 -8.934849e+00
      endloop
   endfacet
   facet normal -1.000000e+00 0.000000e+00 0.000000e+00
      outer loop
         vertex -6.000000e+01 6.342925e+00 -9.191364e+00
         vertex -6.000000e+01 7.047695e+00 -8.934849e+00
         vertex -6.000000e+01 6.647452e+00 -1.032787e+01
      endloop
   endfacet
   facet normal -1.000000e+00 0.000000e+00 0.000000e+00
      outer loop
         vertex -6.000000e+01 6.647452e+00 -1.032787e+01
         vertex -6.000000e+01 7.047695e+00 -8.934849e+00
         vertex -6.000000e+01 7.386058e+00 -1.019764e+01
      endloop
   endfacet
   facet normal -1.000000e+00 0.000000e+00 0.000000e+00
      outer loop
         vertex -6.000000e+01 6.647452e+00 -1.032787e+01
         vertex -6.000000e+01 7.386058e+00 -1.019764e+01
         vertex -6.000000e+01 6.750000e+00 -1.150000e+01
      endloop
   endfacet
   facet normal -1.000000e+00 0.000000e+00 0.000000e+00
      outer loop
         vertex -6.000000e+01 6.750000e+00 -1.150000e+01
         vertex -6.000000e+01 7.386058e+00 -1.019764e+01
         vertex -6.000000e+01 7.500000e+00 -1.150000e+01
      endloop
   endfacet
   facet normal -1.000000e+00 0.000000e+00 -0.000000e+00
      outer loop
         vertex -6.000000e+01 6.750000e+00 -1.150000e+01
         vertex -6.000000e+01 7.500000e+00 -1.150000e+01
         vertex -6.000000e+01 6.647452e+00 -1.267213e+01
      endloop
   endfacet
   facet normal -1.000000e+00 0.000000e+00 0.000000e+00
      outer loop
         vertex -6.000000e+01 6.647452e+00 -1.267213e+01
         vertex -6.000000e+01 7.500000e+00 -1.150000e+01
         vertex -6.000000e+01 7.386058e+00 -1.280236e+01
      endloop
   endfacet
   facet normal -1.000000e+00 0.000000e+00 -0.000000e+00
      outer loop
         vertex -6.000000e+01 6.647452e+00 -1.267213e+01
         vertex -6.000000e+01 7.386058e+00 -1.280236e+01
         vertex -6.000000e+01 6.342925e+00 -1.380864e+01
      endloop
   endfacet
   facet normal -1.000000e+00 0.000000e+00 0.000000e+00
      outer loop
         vertex -6.000000e+01 6.342925e+00 -1.380864e+01
         vertex -6.000000e+01 7.386058e+00 -1.280236e+01
         vertex -6.000000e+01 7.047695e+00 -1.406515e+01
      endloop
   endfacet
   facet normal -1.000000e+00 0.000000e+00 -0.000000e+00
      outer loop
         vertex -6.000000e+01 6.342925e+00 -1.380864e+01
         vertex -6.000000e+01 7.047695e+00 -1.406515e+01
         vertex -6.000000e+01 5.845672e+00 -1.487500e+01
      endloop
   endfacet
   facet normal -1.000000e+00 0.000000e+00 0.000000e+00
      outer loop
         vertex -6.000000e+01 5.845672e+00 -1.487500e+01
         vertex -6.000000e+01 7.047695e+00 -1.406515e+01
         vertex -6.000000e+01 6.495190e+00 -1.525000e+01
      endloop
   endfacet
   facet normal -1.000000e+00 0.000000e+00 -0.000000e+00
      outer loop
         vertex -6.000000e+01 5.845672e+00 -1.487500e+01
         vertex -6.000000e+01 6.495190e+00 -1.525000e+01
         vertex -6.000000e+01 5.170800e+00 -1.583882e+01
      endloop
   endfacet
   facet normal -1.000000e+00 0.000000e+00 0.000000e+00
      outer loop
         vertex -6.000000e+01 5.170800e+00 -1.583882e+01
         vertex -6.000000e+01 6.495190e+00 -1.525000e+01
         vertex -6.000000e+01 5.745333e+00 -1.632091e+01
      endloop
   endfacet
   facet normal -1.000000e+00 0.000000e+00 -0.000000e+00
      outer loop
         vertex -6.000000e+01 5.170800e+00 -1.583882e+01
         vertex -6.000000e+01 5.745333e+00 -1.632091e+01
         vertex -6.000000e+01 4.338816e+00 -1.667080e+01
      endloop
   endfacet
   facet normal -1.000000e+00 0.000000e+00 0.000000e+00
      outer loop
         vertex -6.000000e+01 4.338816e+00 -1.667080e+01
         vertex -6.000000e+01 5.745333e+00 -1.632091e+01
         vertex -6.000000e+01 4.820907e+00 -1.724533e+01
      endloop
   endfacet
   facet normal -1.000000e+00 0.000000e+00 -0.000000e+00
      outer loop
         vertex -6.000000e+01 4.338816e+00 -1.667080e+01
         vertex -6.000000e+01 4.820907e+00 -1.724533e+01
         vertex -6.000000e+01 3.375000e+00 -1.734567e+01
      endloop
   endfacet
   facet normal -1.000000e+00 0.000000e+00 0.000000e+00
      outer loop
         vertex -6.000000e+01 3.375000e+00 -1.734567e+01
         vertex -6.000000e+01 4.820907e+00 -1.724533e+01
         vertex -6.000000e+01 3.750000e+00 -1.799519e+01
      endloop
   endfacet
   facet normal -1.000000e+00 0.000000e+00 -0.000000e+00
      outer loop
         vertex -6.000000e+01 3.375000e+00 -1.734567e+01
         vertex -6.000000e+01 3.750000e+00 -1.799519e+01
         vertex -6.000000e+01 2.308636e+00 -1.784293e+01
      endloop
   endfacet
   facet normal -1.000000e+00 0.000000e+00 0.000000e+00
      outer loop
         vertex -6.000000e+01 2.308636e+00 -1.784293e+01
         vertex -6.000000e+01 3.750000e+00 -1.799519e+01
         vertex -6.000000e+01 2.565151e+00 -1.854770e+01
      endloop
   endfacet
   facet normal -1.000000e+00 0.000000e+00 -0.000000e+00
      outer loop
         vertex -6.000000e+01 2.308636e+00 -1.784293e+01
         vertex -6.000000e+01 2.565151e+00 -1.854770e+01
         vertex -6.000000e+01 1.172125e+00 -1.814745e+01
      endloop
   endfacet
   facet normal -1.000000e+00 0.000000e+00 0.000000e+00
      outer loop
         vertex -6.000000e+01 1.172125e+00 -1.814745e+01
         vertex -6.000000e+01 2.565151e+00 -1.854770e+01
         vertex -6.000000e+01 1.302361e+00 -1.888606e+01
      endloop
   endfacet
   facet normal -1.000000e+00 0.000000e+00 -0.000000e+00
      outer loop
         vertex -6.000000e+01 1.172125e+00 -1.814745e+01
         vertex -6.000000e+01 1.302361e+00 -1.888606e+01
         vertex -6.000000e+01 0.000000e+00 -1.825000e+01
      endloop
   endfacet
   facet normal -1.000000e+00 0.000000e+00 0.000000e+00
      outer loop
         vertex -6.000000e+01 0.000000e+00 -1.825000e+01
         vertex -6.000000e+01 1.302361e+00 -1.888606e+01
         vertex -6.000000e+01 0.000000e+00 -1.900000e+01
      endloop
   endfacet
   facet normal -1.000000e+00 -0.000000e+00 -0.000000e+00
      outer loop
         vertex -6.000000e+01 0.000000e+00 -1.825000e+01
         vertex -6.000000e+01 0.000000e+00 -1.900000e+01
         vertex -6.000000e+01 -1.172125e+00 -1.814745e+01
      endloop
   endfacet
   facet normal -1.000000e+00 0.000000e+00 -0.000000e+00
      outer loop
         vertex -6.000000e+01 -1.172125e+00 -1.814745e+01
         vertex -6.000000e+01 0.000000e+00 -1.900000e+01
         vertex -6.000000e+01 -1.302361e+00 -1.888606e+01
      endloop
   endfacet
   facet normal -1.000000e+00 -0.000000e+00 0.000000e+00
      outer loop
         vertex -6.000000e+01 -1.172125e+00 -1.814745e+01
         vertex -6.000000e+01 -1.302361e+00 -1.888606e+01
         vertex -6.000000e+01 -2.308636e+00 -1.784293e+01
      endloop
   endfacet
   facet normal -1.000000e+00 0.000000e+00 -0.000000e+00
      outer loop
         vertex -6.000000e+01 -2.308636e+00 -1.784293e+01
         vertex -6.000000e+01 -1.302361e+00 -1.888606e+01
         vertex -6.000000e+01 -2.565151e+00 -1.854770e+01
      endloop
   endfacet
   facet normal -1.000000e+00 -0.000000e+00 0.000000e+00
      outer loop
         vertex -6.000000e+01 -2.308636e+00 -1.784293e+01
         vertex -6.000000e+01 -2.565151e+00 -1.854770e+01
         vertex -6.000000e+01 -3.375000e+00 -1.734567e+01
      endloop
   endfacet
   facet normal -1.000000e+00 0.000000e+00 -0.000000e+00
      outer loop
         vertex -6.000000e+01 -3.375000e+00 -1.734567e+01
         vertex -6.000000e+01 -2.565151e+00 -1.854770e+01
         vertex -6.000000e+01 -3.750000e+00 -1.799519e+01
      endloop
   endfacet
   facet normal -1.000000e+00 -0.000000e+00 0.000000e+00
      outer loop
         vertex -6.000000e+01 -3.375000e+00 -1.734567e+01
         vertex -6.000000e+01 -3.750000e+00 -1.799519e+01
         vertex -6.000000e+01 -4.338816e+00 -1.667080e+01
      endloop
   endfacet
   facet normal -1.000000e+00 0.000000e+00 -0.000000e+00
      outer loop
         vertex -6.000000e+01 -4.338816e+00 -1.667080e+01
         vertex -6.000000e+01 -3.750000e+00 -1.799519e+01
         vertex -6.000000e+01 -4.820907e+00 -1.724533e+01
      endloop
   endfacet
   facet normal -1.000000e+00 -0.000000e+00 0.000000e+00
      outer loop
         vertex -6.000000e+01 -4.338816e+00 -1.667080e+01
         vertex -6.000000e+01 -4.820907e+00 -1.724533e+01
         vertex -6.000000e+01 -5.170800e+00 -1.583882e+01
      endloop
   endfacet
   facet normal -1.000000e+00 0.000000e+00 -0.000000e+00
      outer loop
         vertex -6.000000e+01 -5.170800e+00 -1.583882e+01
         vertex -6.000000e+01 -4.820907e+00 -1.724533e+01
         vertex -6.000000e+01 -5.745333e+00 -1.632091e+01
      endloop
   endfacet
   facet normal -1.000000e+00 -0.000000e+00 0.000000e+00
      outer loop
         vertex -6.000000e+01 -5.170800e+00 -1.583882e+01
         vertex -6.000000e+01 -5.745333e+00 -1.632091e+01
         vertex -6.000000e+01 -5.845672e+00 -1.487500e+01
      endloop
   endfacet
   facet normal -1.000000e+00 0.000000e+00 -0.000000e+00
      outer loop
         vertex -6.000000e+01 -5.845672e+00 -1.487500e+01
         vertex -6.000000e+01 -5.745333e+00 -1.632091e+01
         vertex -6.000000e+01 -6.495190e+00 -1.525000e+01
      endloop
   endfacet
   facet normal -1.000000e+00 -0.000000e+00 0.000000e+00
      outer loop
         vertex -6.000000e+01 -5.845672e+00 -1.487500e+01
         vertex -6.000000e+01 -6.495190e+00 -1.525000e+01
         vertex -6.000000e+01 -6.342925e+00 -1.380864e+01
      endloop
   endfacet
   facet normal -1.000000e+00 0.000000e+00 0.000000e+00
      outer loop
         vertex -6.000000e+01 -6.342925e+00 -1.380864e+01
         vertex -6.000000e+01 -6.495190e+00 -1.525000e+01
         vertex -6.000000e+01 -7.047695e+00 -1.406515e+01
      endloop
   endfacet
   facet normal -1.000000e+00 -0.000000e+00 0.000000e+00
      outer loop
         vertex -6.000000e+01 -6.342925e+00 -1.380864e+01
         vertex -6.000000e+01 -7.047695e+00 -1.406515e+01
         vertex -6.000000e+01 -6.647452e+00 -1.267213e+01
      endloop
   endfacet
   facet normal -1.000000e+00 0.000000e+00 0.000000e+00
      outer loop
         vertex -6.000000e+01 -6.647452e+00 -1.267213e+01
         vertex -6.000000e+01 -7.047695e+00 -1.406515e+01
         vertex -6.000000e+01 -7.386058e+00 -1.280236e+01
      endloop
   endfacet
   facet normal -1.000000e+00 -0.000000e+00 0.000000e+00
      outer loop
         vertex -6.000000e+01 -6.647452e+00 -1.267213e+01
         vertex -6.000000e+01 -7.386058e+00 -1.280236e+01
         vertex -6.000000e+01 -6.750000e+00 -1.150000e+01
      endloop
   endfacet
   facet normal -1.000000e+00 -0.000000e+00 0.000000e+00
      outer loop
         vertex -6.000000e+01 -6.750000e+00 -1.150000e+01
         vertex -6.000000e+01 -7.386058e+00 -1.280236e+01
         vertex -6.000000e+01 -7.500000e+00 -1.150000e+01
      endloop
   endfacet
   facet normal -1.000000e+00 0.000000e+00 0.000000e+00
      outer loop
         vertex -6.000000e+01 -6.750000e+00 -1.150000e+01
         vertex -6.000000e+01 -7.500000e+00 -1.150000e+01
         vertex -6.000000e+01 -6.647452e+00 -1.032787e+01
      endloop
   endfacet
   facet normal -1.000000e+00 -0.000000e+00 0.000000e+00
      outer loop
         vertex -6.000000e+01 -6.647452e+00 -1.032787e+01
         vertex -6.000000e+01 -7.500000e+00 -1.150000e+01
         vertex -6.000000e+01 -7.386058e+00 -1.019764e+01
      endloop
   endfacet
   facet normal -1.000000e+00 0.000000e+00 0.000000e+00
      outer loop
         vertex -6.000000e+01 -6.647452e+00 -1.032787e+01
         vertex -6.000000e+01 -7.386058e+00 -1.019764e+01
         vertex -6.000000e+01 -6.342925e+00 -9.191364e+00
      endloop
   endfacet
   facet normal -1.000000e+00 -0.000000e+00 0.000000e+00
      outer loop
         vertex -6.000000e+01 -6.342925e+00 -9.191364e+00
         vertex -6.000000e+01 -7.386058e+00 -1.019764e+01
         vertex -6.000000e+01 -7.047695e+00 -8.934849e+00
      endloop
   endfacet
   facet normal -1.000000e+00 0.000000e+00 0.000000e+00
      outer loop
         vertex -6.000000e+01 -6.342925e+00 -9.191364e+00
         vertex -6.000000e+01 -7.047695e+00 -8.934849e+00
         vertex -6.000000e+01 -5.845672e+00 -8.125000e+00
      endloop
   endfacet
   facet normal -1.000000e+00 -0.000000e+00 0.000000e+00
      outer loop
         vertex -6.000000e+01 -5.845672e+00 -8.125000e+00
         vertex -6.000000e+01 -7.047695e+00 -8.934849e+00
         vertex -6.000000e+01 -6.495190e+00 -7.750000e+00
      endloop
   endfacet
   facet normal -1.000000e+00 0.000000e+00 0.000000e+00
      outer loop
         vertex -6.000000e+01 -5.845672e+00 -8.125000e+00
         vertex -6.000000e+01 -6.495190e+00 -7.750000e+00
         vertex -6.000000e+01 -5.170800e+00 -7.161184e+00
      endloop
   endfacet
   facet normal -1.000000e+00 -0.000000e+00 0.000000e+00
      outer loop
         vertex -6.000000e+01 -5.170800e+00 -7.161184e+00
         vertex -6.000000e+01 -6.495190e+00 -7.750000e+00
         vertex -6.000000e+01 -5.745333e+00 -6.679093e+00
      endloop
   endfacet
   facet normal -1.000000e+00 0.000000e+00 0.000000e+00
      outer loop
         vertex -6.000000e+01 -5.170800e+00 -7.161184e+00
         vertex -6.000000e+01 -5.745333e+00 -6.679093e+00
         vertex -6.000000e+01 -4.338816e+00 -6.329200e+00
      endloop
   endfacet
   facet normal -1.000000e+00 -0.000000e+00 0.000000e+00
      outer loop
         vertex -6.000000e+01 -4.338816e+00 -6.329200e+00
         vertex -6.000000e+01 -5.745333e+00 -6.679093e+00
         vertex -6.000000e+01 -4.820907e+00 -5.754667e+00
      endloop
   endfacet
   facet normal -1.000000e+00 0.000000e+00 0.000000e+00
      outer loop
         vertex -6.000000e+01 -4.338816e+00 -6.329200e+00
         vertex -6.000000e+01 -4.820907e+00 -5.754667e+00
         vertex -6.000000e+01 -3.375000e+00 -5.654329e+00
      endloop
   endfacet
   facet normal -1.000000e+00 -0.000000e+00 0.000000e+00
      outer loop
         vertex -6.000000e+01 -3.375000e+00 -5.654329e+00
         vertex -6.000000e+01 -4.820907e+00 -5.754667e+00
         vertex -6.000000e+01 -3.750000e+00 -5.004810e+00
      endloop
   endfacet
   facet normal -1.000000e+00 0.000000e+00 0.000000e+00
      outer loop
         vertex -6.000000e+01 -3.375000e+00 -5.654329e+00
         vertex -6.000000e+01 -3.750000e+00 -5.004810e+00
         vertex -6.000000e+01 -2.308636e+00 -5.157075e+00
      endloop
   endfacet
   facet normal -1.000000e+00 0.000000e+00 0.000000e+00
      outer loop
         vertex -6.000000e+01 -2.308636e+00 -5.157075e+00
         vertex -6.000000e+01 -3.750000e+00 -5.004810e+00
         vertex -6.000000e+01 -2.565151e+00 -4.452305e+00
      endloop
   endfacet
   facet normal -1.000000e+00 0.000000e+00 0.000000e+00
      outer loop
         vertex -6.000000e+01 -2.308636e+00 -5.157075e+00
         vertex -6.000000e+01 -2.565151e+00 -4.452305e+00
         vertex -6.000000e+01 -1.172125e+00 -4.852548e+00
      endloop
   endfacet
   facet normal -1.000000e+00 0.000000e+00 0.000000e+00
      outer loop
         vertex -6.000000e+01 -1.172125e+00 -4.852548e+00
         vertex -6.000000e+01 -2.565151e+00 -4.452305e+00
         vertex -6.000000e+01 -1.302361e+00 -4.113942e+00
      endloop
   endfacet
   facet normal -1.000000e+00 0.000000e+00 0.000000e+00
      outer loop
         vertex -6.000000e+01 -1.172125e+00 -4.852548e+00
         vertex -6.000000e+01 -1.302361e+00 -4.113942e+00
         vertex -6.000000e+01 2.479910e-15 -4.750000e+00
      endloop
   endfacet
   facet normal -1.000000e+00 0.000000e+00 0.000000e+00
      outer loop
         vertex -6.000000e+01 2.479910e-15 -4.750000e+00
         vertex -6.000000e+01 -1.302361e+00 -4.113942e+00
         vertex -6.000000e+01 1.091049e-14 -4.000000e+00
      endloop
   endfacet
   facet normal -1.000000e+00 0.000000e+00 0.000000e+00
      outer loop
         vertex -6.000000e+01 2.479910e-15 -4.750000e+00
         vertex -6.000000e+01 1.091049e-14 -4.000000e+00
         vertex -6.000000e+01 1.172125e+00 -4.852548e+00
      endloop
   endfacet
   facet normal -1.000000e+00 0.000000e+00 0.000000e+00
      outer loop
         vertex -6.000000e+01 1.172125e+00 -4.852548e+00
         vertex -6.000000e+01 1.091049e-14 -4.000000e+00
         vertex -6.000000e+01 1.302361e+00 -4.113942e+00
      endloop
   endfacet
   facet normal -1.000000e+00 0.000000e+00 0.000000e+00
      outer loop
         vertex -6.000000e+01 1.172125e+00 -4.852548e+00
         vertex -6.000000e+01 1.302361e+00 -4.113942e+00
         vertex -6.000000e+01 2.308636e+00 -5.157075e+00
      endloop
   endfacet
   facet normal -1.000000e+00 0.000000e+00 0.000000e+00
      outer loop
         vertex -6.000000e+01 2.308636e+00 -5.157075e+00
         vertex -6.000000e+01 1.302361e+00 -4.113942e+00
         vertex -6.000000e+01 2.565151e+00 -4.452305e+00
      endloop
   endfacet
   facet normal -1.000000e+00 0.000000e+00 0.000000e+00
      outer loop
         vertex -6.000000e+01 2.308636e+00 -5.157075e+00
         vertex -6.000000e+01 2.565151e+00 -4.452305e+00
         vertex -6.000000e+01 3.375000e+00 -5.654329e+00
      endloop
   endfacet
   facet normal -1.000000e+00 0.000000e+00 0.000000e+00
      outer loop
         vertex -6.000000e+01 3.375000e+00 -5.654329e+00
         vertex -6.000000e+01 2.565151e+00 -4.452305e+00
         vertex -6.000000e+01 3.750000e+00 -5.004810e+00
      endloop
   endfacet
   facet normal -1.000000e+00 0.000000e+00 0.000000e+00
      outer loop
         vertex -6.000000e+01 3.375000e+00 -5.654329e+00
         vertex -6.000000e+01 3.750000e+00 -5.004810e+00
         vertex -6.000000e+01 4.338816e+00 -6.329200e+00
      endloop
   endfacet
   facet normal -1.000000e+00 0.000000e+00 0.000000e+00
      outer loop
         vertex -6.000000e+01 4.338816e+00 -6.329200e+00
         vertex -6.000000e+01 3.750000e+00 -5.004810e+00
         vertex -6.000000e+01 4.820907e+00 -5.754667e+00
      endloop
   endfacet
   facet normal 0.000000e+00 8.715596e-02 -9.961947e-01
      outer loop
         vertex -6.000000e+01 0.000000e+00 -1.825000e+01
         vertex -6.450000e+01 1.172125e+00 -1.814745e+01
         vertex -6.000000e+01 1.172125e+00 -1.814745e+01
      endloop
   endfacet
   facet normal 0.000000e+00 2.588179e-01 -9.659261e-01
      outer loop
         vertex -6.000000e+01 1.172125e+00 -1.814745e+01
         vertex -6.450000e+01 1.172125e+00 -1.814745e+01
         vertex -6.450000e+01 2.308636e+00 -1.784293e+01
      endloop
   endfacet
   facet normal 0.000000e+00 2.588179e-01 -9.659261e-01
      outer loop
         vertex -6.000000e+01 1.172125e+00 -1.814745e+01
         vertex -6.450000e+01 2.308636e+00 -1.784293e+01
         vertex -6.000000e+01 2.308636e+00 -1.784293e+01
      endloop
   endfacet
   facet normal 0.000000e+00 4.226195e-01 -9.063072e-01
      outer loop
         vertex -6.000000e+01 2.308636e+00 -1.784293e+01
         vertex -6.450000e+01 2.308636e+00 -1.784293e+01
         vertex -6.450000e+01 3.375000e+00 -1.734567e+01
      endloop
   endfacet
   facet normal 0.000000e+00 4.226195e-01 -9.063072e-01
      outer loop
         vertex -6.000000e+01 2.308636e+00 -1.784293e+01
         vertex -6.450000e+01 3.375000e+00 -1.734567e+01
         vertex -6.000000e+01 3.375000e+00 -1.734567e+01
      endloop
   endfacet
   facet normal 0.000000e+00 5.735756e-01 -8.191526e-01
      outer loop
         vertex -6.000000e+01 3.375000e+00 -1.734567e+01
         vertex -6.450000e+01 3.375000e+00 -1.734567e+01
         vertex -6.450000e+01 4.338816e+00 -1.667080e+01
      endloop
   endfacet
   facet normal 0.000000e+00 5.735756e-01 -8.191526e-01
      outer loop
         vertex -6.000000e+01 3.375000e+00 -1.734567e+01
         vertex -6.450000e+01 4.338816e+00 -1.667080e+01
         vertex -6.000000e+01 4.338816e+00 -1.667080e+01
      endloop
   endfacet
   facet normal 0.000000e+00 7.071070e-01 -7.071066e-01
      outer loop
         vertex -6.000000e+01 4.338816e+00 -1.667080e+01
         vertex -6.450000e+01 4.338816e+00 -1.667080e+01
         vertex -6.450000e+01 5.170800e+00 -1.583882e+01
      endloop
   endfacet
   facet normal 0.000000e+00 7.071070e-01 -7.071066e-01
      outer loop
         vertex -6.000000e+01 4.338816e+00 -1.667080e+01
         vertex -6.450000e+01 5.170800e+00 -1.583882e+01
         vertex -6.000000e+01 5.170800e+00 -1.583882e+01
      endloop
   endfacet
   facet normal 0.000000e+00 8.191520e-01 -5.735766e-01
      outer loop
         vertex -6.000000e+01 5.170800e+00 -1.583882e+01
         vertex -6.450000e+01 5.170800e+00 -1.583882e+01
         vertex -6.450000e+01 5.845672e+00 -1.487500e+01
      endloop
   endfacet
   facet normal 0.000000e+00 8.191520e-01 -5.735766e-01
      outer loop
         vertex -6.000000e+01 5.170800e+00 -1.583882e+01
         vertex -6.450000e+01 5.845672e+00 -1.487500e+01
         vertex -6.000000e+01 5.845672e+00 -1.487500e+01
      endloop
   endfacet
   facet normal 0.000000e+00 9.063079e-01 -4.226181e-01
      outer loop
         vertex -6.000000e+01 5.845672e+00 -1.487500e+01
         vertex -6.450000e+01 5.845672e+00 -1.487500e+01
         vertex -6.450000e+01 6.342925e+00 -1.380864e+01
      endloop
   endfacet
   facet normal 0.000000e+00 9.063079e-01 -4.226181e-01
      outer loop
         vertex -6.000000e+01 5.845672e+00 -1.487500e+01
         vertex -6.450000e+01 6.342925e+00 -1.380864e+01
         vertex -6.000000e+01 6.342925e+00 -1.380864e+01
      endloop
   endfacet
   facet normal 0.000000e+00 9.659258e-01 -2.588191e-01
      outer loop
         vertex -6.000000e+01 6.342925e+00 -1.380864e+01
         vertex -6.450000e+01 6.342925e+00 -1.380864e+01
         vertex -6.450000e+01 6.647452e+00 -1.267213e+01
      endloop
   endfacet
   facet normal 0.000000e+00 9.659258e-01 -2.588191e-01
      outer loop
         vertex -6.000000e+01 6.342925e+00 -1.380864e+01
         vertex -6.450000e+01 6.647452e+00 -1.267213e+01
         vertex -6.000000e+01 6.647452e+00 -1.267213e+01
      endloop
   endfacet
   facet normal 0.000000e+00 9.961947e-01 -8.715595e-02
      outer loop
         vertex -6.000000e+01 6.647452e+00 -1.267213e+01
         vertex -6.450000e+01 6.647452e+00 -1.267213e+01
         vertex -6.450000e+01 6.750000e+00 -1.150000e+01
      endloop
   endfacet
   facet normal 0.000000e+00 9.961947e-01 -8.715595e-02
      outer loop
         vertex -6.000000e+01 6.647452e+00 -1.267213e+01
         vertex -6.450000e+01 6.750000e+00 -1.150000e+01
         vertex -6.000000e+01 6.750000e+00 -1.150000e+01
      endloop
   endfacet
   facet normal 0.000000e+00 9.961947e-01 8.715595e-02
      outer loop
         vertex -6.000000e+01 6.750000e+00 -1.150000e+01
         vertex -6.450000e+01 6.750000e+00 -1.150000e+01
         vertex -6.450000e+01 6.647452e+00 -1.032787e+01
      endloop
   endfacet
   facet normal 0.000000e+00 9.961947e-01 8.715595e-02
      outer loop
         vertex -6.000000e+01 6.750000e+00 -1.150000e+01
         vertex -6.450000e+01 6.647452e+00 -1.032787e+01
         vertex -6.000000e+01 6.647452e+00 -1.032787e+01
      endloop
   endfacet
   facet normal 0.000000e+00 9.659258e-01 2.588191e-01
      outer loop
         vertex -6.000000e+01 6.647452e+00 -1.032787e+01
         vertex -6.450000e+01 6.647452e+00 -1.032787e+01
         vertex -6.450000e+01 6.342925e+00 -9.191364e+00
      endloop
   endfacet
   facet normal 0.000000e+00 9.659258e-01 2.588191e-01
      outer loop
         vertex -6.000000e+01 6.647452e+00 -1.032787e+01
         vertex -6.450000e+01 6.342925e+00 -9.191364e+00
         vertex -6.000000e+01 6.342925e+00 -9.191364e+00
      endloop
   endfacet
   facet normal 0.000000e+00 9.063079e-01 4.226181e-01
      outer loop
         vertex -6.000000e+01 6.342925e+00 -9.191364e+00
         vertex -6.450000e+01 6.342925e+00 -9.191364e+00
         vertex -6.450000e+01 5.845672e+00 -8.125000e+00
      endloop
   endfacet
   facet normal 0.000000e+00 9.063079e-01 4.226181e-01
      outer loop
         vertex -6.000000e+01 6.342925e+00 -9.191364e+00
         vertex -6.450000e+01 5.845672e+00 -8.125000e+00
         vertex -6.000000e+01 5.845672e+00 -8.125000e+00
      endloop
   endfacet
   facet normal 0.000000e+00 8.191518e-01 5.735767e-01
      outer loop
         vertex -6.000000e+01 5.845672e+00 -8.125000e+00
         vertex -6.450000e+01 5.845672e+00 -8.125000e+00
         vertex -6.450000e+01 5.170800e+00 -7.161184e+00
      endloop
   endfacet
   facet normal 0.000000e+00 8.191518e-01 5.735767e-01
      outer loop
         vertex -6.000000e+01 5.845672e+00 -8.125000e+00
         vertex -6.450000e+01 5.170800e+00 -7.161184e+00
         vertex -6.000000e+01 5.170800e+00 -7.161184e+00
      endloop
   endfacet
   facet normal 0.000000e+00 7.071068e-01 7.071068e-01
      outer loop
         vertex -6.000000e+01 5.170800e+00 -7.161184e+00
         vertex -6.450000e+01 5.170800e+00 -7.161184e+00
         vertex -6.450000e+01 4.338816e+00 -6.329200e+00
      endloop
   endfacet
   facet normal 0.000000e+00 7.071068e-01 7.071068e-01
      outer loop
         vertex -6.000000e+01 5.170800e+00 -7.161184e+00
         vertex -6.450000e+01 4.338816e+00 -6.329200e+00
         vertex -6.000000e+01 4.338816e+00 -6.329200e+00
      endloop
   endfacet
   facet normal 0.000000e+00 5.735766e-01 8.191519e-01
      outer loop
         vertex -6.000000e+01 4.338816e+00 -6.329200e+00
         vertex -6.450000e+01 4.338816e+00 -6.329200e+00
         vertex -6.450000e+01 3.375000e+00 -5.654329e+00
      endloop
   endfacet
   facet normal 0.000000e+00 5.735766e-01 8.191519e-01
      outer loop
         vertex -6.000000e+01 4.338816e+00 -6.329200e+00
         vertex -6.450000e+01 3.375000e+00 -5.654329e+00
         vertex -6.000000e+01 3.375000e+00 -5.654329e+00
      endloop
   endfacet
   facet normal 0.000000e+00 4.226182e-01 9.063078e-01
      outer loop
         vertex -6.000000e+01 3.375000e+00 -5.654329e+00
         vertex -6.450000e+01 3.375000e+00 -5.654329e+00
         vertex -6.450000e+01 2.308636e+00 -5.157075e+00
      endloop
   endfacet
   facet normal 0.000000e+00 4.226182e-01 9.063078e-01
      outer loop
         vertex -6.000000e+01 3.375000e+00 -5.654329e+00
         vertex -6.450000e+01 2.308636e+00 -5.157075e+00
         vertex -6.000000e+01 2.308636e+00 -5.157075e+00
      endloop
   endfacet
   facet normal 0.000000e+00 2.588190e-01 9.659258e-01
      outer loop
         vertex -6.000000e+01 2.308636e+00 -5.157075e+00
         vertex -6.450000e+01 2.308636e+00 -5.157075e+00
         vertex -6.450000e+01 1.172125e+00 -4.852548e+00
      endloop
   endfacet
   facet normal 0.000000e+00 2.588190e-01 9.659258e-01
      outer loop
         vertex -6.000000e+01 2.308636e+00 -5.157075e+00
         vertex -6.450000e+01 1.172125e+00 -4.852548e+00
         vertex -6.000000e+01 1.172125e+00 -4.852548e+00
      endloop
   endfacet
   facet normal 0.000000e+00 8.715596e-02 9.961947e-01
      outer loop
         vertex -6.000000e+01 1.172125e+00 -4.852548e+00
         vertex -6.450000e+01 1.172125e+00 -4.852548e+00
         vertex -6.450000e+01 8.266366e-16 -4.750000e+00
      endloop
   endfacet
   facet normal 0.000000e+00 8.715596e-02 9.961947e-01
      outer loop
         vertex -6.000000e+01 1.172125e+00 -4.852548e+00
         vertex -6.450000e+01 8.266366e-16 -4.750000e+00
         vertex -6.000000e+01 8.266366e-16 -4.750000e+00
      endloop
   endfacet
   facet normal 0.000000e+00 -8.715596e-02 9.961947e-01
      outer loop
         vertex -6.000000e+01 8.266366e-16 -4.750000e+00
         vertex -6.450000e+01 8.266366e-16 -4.750000e+00
         vertex -6.450000e+01 -1.172125e+00 -4.852548e+00
      endloop
   endfacet
   facet normal 0.000000e+00 -8.715596e-02 9.961947e-01
      outer loop
         vertex -6.000000e+01 8.266366e-16 -4.750000e+00
         vertex -6.450000e+01 -1.172125e+00 -4.852548e+00
         vertex -6.000000e+01 -1.172125e+00 -4.852548e+00
      endloop
   endfacet
   facet normal 0.000000e+00 -2.588190e-01 9.659258e-01
      outer loop
         vertex -6.000000e+01 -1.172125e+00 -4.852548e+00
         vertex -6.450000e+01 -1.172125e+00 -4.852548e+00
         vertex -6.450000e+01 -2.308636e+00 -5.157075e+00
      endloop
   endfacet
   facet normal 0.000000e+00 -2.588190e-01 9.659258e-01
      outer loop
         vertex -6.000000e+01 -1.172125e+00 -4.852548e+00
         vertex -6.450000e+01 -2.308636e+00 -5.157075e+00
         vertex -6.000000e+01 -2.308636e+00 -5.157075e+00
      endloop
   endfacet
   facet normal 0.000000e+00 -4.226182e-01 9.063078e-01
      outer loop
         vertex -6.000000e+01 -2.308636e+00 -5.157075e+00
         vertex -6.450000e+01 -2.308636e+00 -5.157075e+00
         vertex -6.450000e+01 -3.375000e+00 -5.654329e+00
      endloop
   endfacet
   facet normal 0.000000e+00 -4.226182e-01 9.063078e-01
      outer loop
         vertex -6.000000e+01 -2.308636e+00 -5.157075e+00
         vertex -6.450000e+01 -3.375000e+00 -5.654329e+00
         vertex -6.000000e+01 -3.375000e+00 -5.654329e+00
      endloop
   endfacet
   facet normal 0.000000e+00 -5.735766e-01 8.191519e-01
      outer loop
         vertex -6.000000e+01 -3.375000e+00 -5.654329e+00
         vertex -6.450000e+01 -3.375000e+00 -5.654329e+00
         vertex -6.450000e+01 -4.338816e+00 -6.329200e+00
      endloop
   endfacet
   facet normal 0.000000e+00 -5.735766e-01 8.191519e-01
      outer loop
         vertex -6.000000e+01 -3.375000e+00 -5.654329e+00
         vertex -6.450000e+01 -4.338816e+00 -6.329200e+00
         vertex -6.000000e+01 -4.338816e+00 -6.329200e+00
      endloop
   endfacet
   facet normal 0.000000e+00 -7.071068e-01 7.071068e-01
      outer loop
         vertex -6.000000e+01 -4.338816e+00 -6.329200e+00
         vertex -6.450000e+01 -4.338816e+00 -6.329200e+00
         vertex -6.450000e+01 -5.170800e+00 -7.161184e+00
      endloop
   endfacet
   facet normal 0.000000e+00 -7.071068e-01 7.071068e-01
      outer loop
         vertex -6.000000e+01 -4.338816e+00 -6.329200e+00
         vertex -6.450000e+01 -5.170800e+00 -7.161184e+00
         vertex -6.000000e+01 -5.170800e+00 -7.161184e+00
      endloop
   endfacet
   facet normal 0.000000e+00 -8.191518e-01 5.735767e-01
      outer loop
         vertex -6.000000e+01 -5.170800e+00 -7.161184e+00
         vertex -6.450000e+01 -5.170800e+00 -7.161184e+00
         vertex -6.450000e+01 -5.845672e+00 -8.125000e+00
      endloop
   endfacet
   facet normal 0.000000e+00 -8.191518e-01 5.735767e-01
      outer loop
         vertex -6.000000e+01 -5.170800e+00 -7.161184e+00
         vertex -6.450000e+01 -5.845672e+00 -8.125000e+00
         vertex -6.000000e+01 -5.845672e+00 -8.125000e+00
      endloop
   endfacet
   facet normal 0.000000e+00 -9.063079e-01 4.226181e-01
      outer loop
         vertex -6.000000e+01 -5.845672e+00 -8.125000e+00
         vertex -6.450000e+01 -5.845672e+00 -8.125000e+00
         vertex -6.450000e+01 -6.342925e+00 -9.191364e+00
      endloop
   endfacet
   facet normal 0.000000e+00 -9.063079e-01 4.226181e-01
      outer loop
         vertex -6.000000e+01 -5.845672e+00 -8.125000e+00
         vertex -6.450000e+01 -6.342925e+00 -9.191364e+00
         vertex -6.000000e+01 -6.342925e+00 -9.191364e+00
      endloop
   endfacet
   facet normal 0.000000e+00 -9.659258e-01 2.588191e-01
      outer loop
         vertex -6.000000e+01 -6.342925e+00 -9.191364e+00
         vertex -6.450000e+01 -6.342925e+00 -9.191364e+00
         vertex -6.450000e+01 -6.647452e+00 -1.032787e+01
      endloop
   endfacet
   facet normal 0.000000e+00 -9.659258e-01 2.588191e-01
      outer loop
         vertex -6.000000e+01 -6.342925e+00 -9.191364e+00
         vertex -6.450000e+01 -6.647452e+00 -1.032787e+01
         vertex -6.000000e+01 -6.647452e+00 -1.032787e+01
      endloop
   endfacet
   facet normal 0.000000e+00 -9.961947e-01 8.715595e-02
      outer loop
         vertex -6.000000e+01 -6.647452e+00 -1.032787e+01
         vertex -6.450000e+01 -6.647452e+00 -1.032787e+01
         vertex -6.450000e+01 -6.750000e+00 -1.150000e+01
      endloop
   endfacet
   facet normal 0.000000e+00 -9.961947e-01 8.715595e-02
      outer loop
         vertex -6.000000e+01 -6.647452e+00 -1.032787e+01
         vertex -6.450000e+01 -6.750000e+00 -1.150000e+01
         vertex -6.000000e+01 -6.750000e+00 -1.150000e+01
      endloop
   endfacet
   facet normal -0.000000e+00 -9.961947e-01 -8.715595e-02
      outer loop
         vertex -6.000000e+01 -6.750000e+00 -1.150000e+01
         vertex -6.450000e+01 -6.750000e+00 -1.150000e+01
         vertex -6.450000e+01 -6.647452e+00 -1.267213e+01
      endloop
   endfacet
   facet normal 0.000000e+00 -9.961947e-01 -8.715595e-02
      outer loop
         vertex -6.000000e+01 -6.750000e+00 -1.150000e+01
         vertex -6.450000e+01 -6.647452e+00 -1.267213e+01
         vertex -6.000000e+01 -6.647452e+00 -1.267213e+01
      endloop
   endfacet
   facet normal -0.000000e+00 -9.659258e-01 -2.588191e-01
      outer loop
         vertex -6.000000e+01 -6.647452e+00 -1.267213e+01
         vertex -6.450000e+01 -6.647452e+00 -1.267213e+01
         vertex -6.450000e+01 -6.342925e+00 -1.380864e+01
      endloop
   endfacet
   facet normal 0.000000e+00 -9.659258e-01 -2.588191e-01
      outer loop
         vertex -6.000000e+01 -6.647452e+00 -1.267213e+01
         vertex -6.450000e+01 -6.342925e+00 -1.380864e+01
         vertex -6.000000e+01 -6.342925e+00 -1.380864e+01
      endloop
   endfacet
   facet normal -0.000000e+00 -9.063079e-01 -4.226181e-01
      outer loop
         vertex -6.000000e+01 -6.342925e+00 -1.380864e+01
         vertex -6.450000e+01 -6.342925e+00 -1.380864e+01
         vertex -6.450000e+01 -5.845672e+00 -1.487500e+01
      endloop
   endfacet
   facet normal 0.000000e+00 -9.063079e-01 -4.226181e-01
      outer loop
         vertex -6.000000e+01 -6.342925e+00 -1.380864e+01
         vertex -6.450000e+01 -5.845672e+00 -1.487500e+01
         vertex -6.000000e+01 -5.845672e+00 -1.487500e+01
      endloop
   endfacet
   facet normal -0.000000e+00 -8.191520e-01 -5.735766e-01
      outer loop
         vertex -6.000000e+01 -5.845672e+00 -1.487500e+01
         vertex -6.450000e+01 -5.845672e+00 -1.487500e+01
         vertex -6.450000e+01 -5.170800e+00 -1.583882e+01
      endloop
   endfacet
   facet normal 0.000000e+00 -8.191520e-01 -5.735766e-01
      outer loop
         vertex -6.000000e+01 -5.845672e+00 -1.487500e+01
         vertex -6.450000e+01 -5.170800e+00 -1.583882e+01
         vertex -6.000000e+01 -5.170800e+00 -1.583882e+01
      endloop
   endfacet
   facet normal -0.000000e+00 -7.071070e-01 -7.071066e-01
      outer loop
         vertex -6.000000e+01 -5.170800e+00 -1.583882e+01
         vertex -6.450000e+01 -5.170800e+00 -1.583882e+01
         vertex -6.450000e+01 -4.338816e+00 -1.667080e+01
      endloop
   endfacet
   facet normal 0.000000e+00 -7.071070e-01 -7.071066e-01
      outer loop
         vertex -6.000000e+01 -5.170800e+00 -1.583882e+01
         vertex -6.450000e+01 -4.338816e+00 -1.667080e+01
         vertex -6.000000e+01 -4.338816e+00 -1.667080e+01
      endloop
   endfacet
   facet normal -0.000000e+00 -5.735756e-01 -8.191526e-01
      outer loop
         vertex -6.000000e+01 -4.338816e+00 -1.667080e+01
         vertex -6.450000e+01 -4.338816e+00 -1.667080e+01
         vertex -6.450000e+01 -3.375000e+00 -1.734567e+01
      endloop
   endfacet
   facet normal 0.000000e+00 -5.735756e-01 -8.191526e-01
      outer loop
         vertex -6.000000e+01 -4.338816e+00 -1.667080e+01
         vertex -6.450000e+01 -3.375000e+00 -1.734567e+01
         vertex -6.000000e+01 -3.375000e+00 -1.734567e+01
      endloop
   endfacet
   facet normal -0.000000e+00 -4.226195e-01 -9.063072e-01
      outer loop
         vertex -6.000000e+01 -3.375000e+00 -1.734567e+01
         vertex -6.450000e+01 -3.375000e+00 -1.734567e+01
         vertex -6.450000e+01 -2.308636e+00 -1.784293e+01
      endloop
   endfacet
   facet normal 0.000000e+00 -4.226195e-01 -9.063072e-01
      outer loop
         vertex -6.000000e+01 -3.375000e+00 -1.734567e+01
         vertex -6.450000e+01 -2.308636e+00 -1.784293e+01
         vertex -6.000000e+01 -2.308636e+00 -1.784293e+01
      endloop
   endfacet
   facet normal -0.000000e+00 -2.588179e-01 -9.659261e-01
      outer loop
         vertex -6.000000e+01 -2.308636e+00 -1.784293e+01
         vertex -6.450000e+01 -2.308636e+00 -1.784293e+01
         vertex -6.450000e+01 -1.172125e+00 -1.814745e+01
      endloop
   endfacet
   facet normal 0.000000e+00 -2.588179e-01 -9.659261e-01
      outer loop
         vertex -6.000000e+01 -2.308636e+00 -1.784293e+01
         vertex -6.450000e+01 -1.172125e+00 -1.814745e+01
         vertex -6.000000e+01 -1.172125e+00 -1.814745e+01
      endloop
   endfacet
   facet normal -0.000000e+00 -8.715596e-02 -9.961947e-01
      outer loop
         vertex -6.000000e+01 -1.172125e+00 -1.814745e+01
         vertex -6.450000e+01 -1.172125e+00 -1.814745e+01
         vertex -6.450000e+01 0.000000e+00 -1.825000e+01
      endloop
   endfacet
   facet normal 0.000000e+00 -8.715596e-02 -9.961947e-01
      outer loop
         vertex -6.000000e+01 -1.172125e+00 -1.814745e+01
         vertex -6.450000e+01 0.000000e+00 -1.825000e+01
         vertex -6.000000e+01 0.000000e+00 -1.825000e+01
      endloop
   endfacet
   facet normal 0.000000e+00 8.715596e-02 -9.961947e-01
      outer loop
         vertex -6.000000e+01 0.000000e+00 -1.825000e+01
         vertex -6.450000e+01 0.000000e+00 -1.825000e+01
         vertex -6.450000e+01 1.172125e+00 -1.814745e+01
      endloop
   endfacet
   facet normal -1.000000e+00 0.000000e+00 0.000000e+00
      outer loop
         vertex -6.500000e+01 -2.137626e+00 -5.626921e+00
         vertex -6.500000e+01 -1.085301e+00 -5.344952e+00
         vertex -6.500000e+01 0.000000e+00 -1.150000e+01
      endloop
   endfacet
   facet normal -1.000000e+00 0.000000e+00 0.000000e+00
      outer loop
         vertex -6.500000e+01 0.000000e+00 -1.150000e+01
         vertex -6.500000e+01 -1.085301e+00 -5.344952e+00
         vertex -6.500000e+01 7.654042e-16 -5.250000e+00
      endloop
   endfacet
   facet normal -1.000000e+00 0.000000e+00 0.000000e+00
      outer loop
         vertex -6.500000e+01 0.000000e+00 -1.150000e+01
         vertex -6.500000e+01 7.654042e-16 -5.250000e+00
         vertex -6.500000e+01 1.085301e+00 -5.344952e+00
      endloop
   endfacet
   facet normal -1.000000e+00 0.000000e+00 0.000000e+00
      outer loop
         vertex -6.500000e+01 -4.787778e+00 -7.482578e+00
         vertex -6.500000e+01 -4.017422e+00 -6.712222e+00
         vertex -6.500000e+01 0.000000e+00 -1.150000e+01
      endloop
   endfacet
   facet normal -1.000000e+00 0.000000e+00 0.000000e+00
      outer loop
         vertex -6.500000e+01 0.000000e+00 -1.150000e+01
         vertex -6.500000e+01 -4.017422e+00 -6.712222e+00
         vertex -6.500000e+01 -3.125000e+00 -6.087341e+00
      endloop
   endfacet
   facet normal -1.000000e+00 0.000000e+00 0.000000e+00
      outer loop
         vertex -6.500000e+01 0.000000e+00 -1.150000e+01
         vertex -6.500000e+01 -3.125000e+00 -6.087341e+00
         vertex -6.500000e+01 -2.137626e+00 -5.626921e+00
      endloop
   endfacet
   facet normal -1.000000e+00 0.000000e+00 0.000000e+00
      outer loop
         vertex -6.500000e+01 -6.155048e+00 -1.041470e+01
         vertex -6.500000e+01 -5.873079e+00 -9.362374e+00
         vertex -6.500000e+01 0.000000e+00 -1.150000e+01
      endloop
   endfacet
   facet normal -1.000000e+00 0.000000e+00 0.000000e+00
      outer loop
         vertex -6.500000e+01 0.000000e+00 -1.150000e+01
         vertex -6.500000e+01 -5.873079e+00 -9.362374e+00
         vertex -6.500000e+01 -5.412659e+00 -8.375000e+00
      endloop
   endfacet
   facet normal -1.000000e+00 0.000000e+00 0.000000e+00
      outer loop
         vertex -6.500000e+01 0.000000e+00 -1.150000e+01
         vertex -6.500000e+01 -5.412659e+00 -8.375000e+00
         vertex -6.500000e+01 -4.787778e+00 -7.482578e+00
      endloop
   endfacet
   facet normal -1.000000e+00 0.000000e+00 0.000000e+00
      outer loop
         vertex -6.500000e+01 -5.873079e+00 -1.363763e+01
         vertex -6.500000e+01 -6.155048e+00 -1.258530e+01
         vertex -6.500000e+01 0.000000e+00 -1.150000e+01
      endloop
   endfacet
   facet normal -1.000000e+00 -0.000000e+00 0.000000e+00
      outer loop
         vertex -6.500000e+01 0.000000e+00 -1.150000e+01
         vertex -6.500000e+01 -6.155048e+00 -1.258530e+01
         vertex -6.500000e+01 -6.250000e+00 -1.150000e+01
      endloop
   endfacet
   facet normal -1.000000e+00 0.000000e+00 0.000000e+00
      outer loop
         vertex -6.500000e+01 0.000000e+00 -1.150000e+01
         vertex -6.500000e+01 -6.250000e+00 -1.150000e+01
         vertex -6.500000e+01 -6.155048e+00 -1.041470e+01
      endloop
   endfacet
   facet normal -1.000000e+00 0.000000e+00 0.000000e+00
      outer loop
         vertex -6.500000e+01 -4.017422e+00 -1.628778e+01
         vertex -6.500000e+01 -4.787778e+00 -1.551742e+01
         vertex -6.500000e+01 0.000000e+00 -1.150000e+01
      endloop
   endfacet
   facet normal -1.000000e+00 0.000000e+00 0.000000e+00
      outer loop
         vertex -6.500000e+01 0.000000e+00 -1.150000e+01
         vertex -6.500000e+01 -4.787778e+00 -1.551742e+01
         vertex -6.500000e+01 -5.412659e+00 -1.462500e+01
      endloop
   endfacet
   facet normal -1.000000e+00 0.000000e+00 0.000000e+00
      outer loop
         vertex -6.500000e+01 0.000000e+00 -1.150000e+01
         vertex -6.500000e+01 -5.412659e+00 -1.462500e+01
         vertex -6.500000e+01 -5.873079e+00 -1.363763e+01
      endloop
   endfacet
   facet normal -1.000000e+00 0.000000e+00 0.000000e+00
      outer loop
         vertex -6.500000e+01 -1.085301e+00 -1.765505e+01
         vertex -6.500000e+01 -2.137626e+00 -1.737308e+01
         vertex -6.500000e+01 0.000000e+00 -1.150000e+01
      endloop
   endfacet
   facet normal -1.000000e+00 0.000000e+00 0.000000e+00
      outer loop
         vertex -6.500000e+01 0.000000e+00 -1.150000e+01
         vertex -6.500000e+01 -2.137626e+00 -1.737308e+01
         vertex -6.500000e+01 -3.125000e+00 -1.691266e+01
      endloop
   endfacet
   facet normal -1.000000e+00 0.000000e+00 0.000000e+00
      outer loop
         vertex -6.500000e+01 0.000000e+00 -1.150000e+01
         vertex -6.500000e+01 -3.125000e+00 -1.691266e+01
         vertex -6.500000e+01 -4.017422e+00 -1.628778e+01
      endloop
   endfacet
   facet normal -1.000000e+00 -0.000000e+00 0.000000e+00
      outer loop
         vertex -6.500000e+01 2.137626e+00 -1.737308e+01
         vertex -6.500000e+01 1.085301e+00 -1.765505e+01
         vertex -6.500000e+01 0.000000e+00 -1.150000e+01
      endloop
   endfacet
   facet normal -1.000000e+00 0.000000e+00 0.000000e+00
      outer loop
         vertex -6.500000e+01 0.000000e+00 -1.150000e+01
         vertex -6.500000e+01 1.085301e+00 -1.765505e+01
         vertex -6.500000e+01 0.000000e+00 -1.775000e+01
      endloop
   endfacet
   facet normal -1.000000e+00 0.000000e+00 -0.000000e+00
      outer loop
         vertex -6.500000e+01 0.000000e+00 -1.150000e+01
         vertex -6.500000e+01 0.000000e+00 -1.775000e+01
         vertex -6.500000e+01 -1.085301e+00 -1.765505e+01
      endloop
   endfacet
   facet normal -1.000000e+00 -0.000000e+00 0.000000e+00
      outer loop
         vertex -6.500000e+01 4.787778e+00 -1.551742e+01
         vertex -6.500000e+01 4.017422e+00 -1.628778e+01
         vertex -6.500000e+01 0.000000e+00 -1.150000e+01
      endloop
   endfacet
   facet normal -1.000000e+00 0.000000e+00 0.000000e+00
      outer loop
         vertex -6.500000e+01 0.000000e+00 -1.150000e+01
         vertex -6.500000e+01 4.017422e+00 -1.628778e+01
         vertex -6.500000e+01 3.125000e+00 -1.691266e+01
      endloop
   endfacet
   facet normal -1.000000e+00 0.000000e+00 0.000000e+00
      outer loop
         vertex -6.500000e+01 0.000000e+00 -1.150000e+01
         vertex -6.500000e+01 3.125000e+00 -1.691266e+01
         vertex -6.500000e+01 2.137626e+00 -1.737308e+01
      endloop
   endfacet
   facet normal -1.000000e+00 -0.000000e+00 0.000000e+00
      outer loop
         vertex -6.500000e+01 6.155048e+00 -1.258530e+01
         vertex -6.500000e+01 5.873079e+00 -1.363763e+01
         vertex -6.500000e+01 0.000000e+00 -1.150000e+01
      endloop
   endfacet
   facet normal -1.000000e+00 0.000000e+00 0.000000e+00
      outer loop
         vertex -6.500000e+01 0.000000e+00 -1.150000e+01
         vertex -6.500000e+01 5.873079e+00 -1.363763e+01
         vertex -6.500000e+01 5.412659e+00 -1.462500e+01
      endloop
   endfacet
   facet normal -1.000000e+00 0.000000e+00 0.000000e+00
      outer loop
         vertex -6.500000e+01 0.000000e+00 -1.150000e+01
         vertex -6.500000e+01 5.412659e+00 -1.462500e+01
         vertex -6.500000e+01 4.787778e+00 -1.551742e+01
      endloop
   endfacet
   facet normal -1.000000e+00 0.000000e+00 -0.000000e+00
      outer loop
         vertex -6.500000e+01 5.873079e+00 -9.362374e+00
         vertex -6.500000e+01 6.155048e+00 -1.041470e+01
         vertex -6.500000e+01 0.000000e+00 -1.150000e+01
      endloop
   endfacet
   facet normal -1.000000e+00 0.000000e+00 0.000000e+00
      outer loop
         vertex -6.500000e+01 0.000000e+00 -1.150000e+01
         vertex -6.500000e+01 6.155048e+00 -1.041470e+01
         vertex -6.500000e+01 6.250000e+00 -1.150000e+01
      endloop
   endfacet
   facet normal -1.000000e+00 0.000000e+00 0.000000e+00
      outer loop
         vertex -6.500000e+01 0.000000e+00 -1.150000e+01
         vertex -6.500000e+01 6.250000e+00 -1.150000e+01
         vertex -6.500000e+01 6.155048e+00 -1.258530e+01
      endloop
   endfacet
   facet normal -1.000000e+00 0.000000e+00 -0.000000e+00
      outer loop
         vertex -6.500000e+01 4.017422e+00 -6.712222e+00
         vertex -6.500000e+01 4.787778e+00 -7.482578e+00
         vertex -6.500000e+01 0.000000e+00 -1.150000e+01
      endloop
   endfacet
   facet normal -1.000000e+00 0.000000e+00 0.000000e+00
      outer loop
         vertex -6.500000e+01 0.000000e+00 -1.150000e+01
         vertex -6.500000e+01 4.787778e+00 -7.482578e+00
         vertex -6.500000e+01 5.412659e+00 -8.375000e+00
      endloop
   endfacet
   facet normal -1.000000e+00 0.000000e+00 0.000000e+00
      outer loop
         vertex -6.500000e+01 0.000000e+00 -1.150000e+01
         vertex -6.500000e+01 5.412659e+00 -8.375000e+00
         vertex -6.500000e+01 5.873079e+00 -9.362374e+00
      endloop
   endfacet
   facet normal -1.000000e+00 0.000000e+00 -0.000000e+00
      outer loop
         vertex -6.500000e+01 1.085301e+00 -5.344952e+00
         vertex -6.500000e+01 2.137626e+00 -5.626921e+00
         vertex -6.500000e+01 0.000000e+00 -1.150000e+01
      endloop
   endfacet
   facet normal -1.000000e+00 0.000000e+00 0.000000e+00
      outer loop
         vertex -6.500000e+01 0.000000e+00 -1.150000e+01
         vertex -6.500000e+01 2.137626e+00 -5.626921e+00
         vertex -6.500000e+01 3.125000e+00 -6.087341e+00
      endloop
   endfacet
   facet normal -1.000000e+00 0.000000e+00 0.000000e+00
      outer loop
         vertex -6.500000e+01 0.000000e+00 -1.150000e+01
         vertex -6.500000e+01 3.125000e+00 -6.087341e+00
         vertex -6.500000e+01 4.017422e+00 -6.712222e+00
      endloop
   endfacet
   facet normal -7.057604e-01 6.174535e-02 -7.057548e-01
      outer loop
         vertex -5.950000e+01 0.000000e+00 -1.950000e+01
         vertex -6.000000e+01 1.302361e+00 -1.888606e+01
         vertex -5.950000e+01 1.389185e+00 -1.937846e+01
      endloop
   endfacet
   facet normal -7.057604e-01 1.833600e-01 -6.843109e-01
      outer loop
         vertex -5.950000e+01 1.389185e+00 -1.937846e+01
         vertex -6.000000e+01 1.302361e+00 -1.888606e+01
         vertex -6.000000e+01 2.565151e+00 -1.854770e+01
      endloop
   endfacet
   facet normal -7.057597e-01 1.833607e-01 -6.843114e-01
      outer loop
         vertex -5.950000e+01 1.389185e+00 -1.937846e+01
         vertex -6.000000e+01 2.565151e+00 -1.854770e+01
         vertex -5.950000e+01 2.736161e+00 -1.901754e+01
      endloop
   endfacet
   facet normal -7.057597e-01 2.994050e-01 -6.420747e-01
      outer loop
         vertex -5.950000e+01 2.736161e+00 -1.901754e+01
         vertex -6.000000e+01 2.565151e+00 -1.854770e+01
         vertex -6.000000e+01 3.750000e+00 -1.799519e+01
      endloop
   endfacet
   facet normal -7.057597e-01 2.994050e-01 -6.420747e-01
      outer loop
         vertex -5.950000e+01 2.736161e+00 -1.901754e+01
         vertex -6.000000e+01 3.750000e+00 -1.799519e+01
         vertex -5.950000e+01 4.000000e+00 -1.842820e+01
      endloop
   endfacet
   facet normal -7.057597e-01 4.063506e-01 -5.803296e-01
      outer loop
         vertex -5.950000e+01 4.000000e+00 -1.842820e+01
         vertex -6.000000e+01 3.750000e+00 -1.799519e+01
         vertex -6.000000e+01 4.820907e+00 -1.724533e+01
      endloop
   endfacet
   facet normal -7.057590e-01 4.063515e-01 -5.803299e-01
      outer loop
         vertex -5.950000e+01 4.000000e+00 -1.842820e+01
         vertex -6.000000e+01 4.820907e+00 -1.724533e+01
         vertex -5.950000e+01 5.142301e+00 -1.762835e+01
      endloop
   endfacet
   facet normal -7.057590e-01 5.009515e-01 -5.009509e-01
      outer loop
         vertex -5.950000e+01 5.142301e+00 -1.762835e+01
         vertex -6.000000e+01 4.820907e+00 -1.724533e+01
         vertex -6.000000e+01 5.745333e+00 -1.632091e+01
      endloop
   endfacet
   facet normal -7.057595e-01 5.009509e-01 -5.009509e-01
      outer loop
         vertex -5.950000e+01 5.142301e+00 -1.762835e+01
         vertex -6.000000e+01 5.745333e+00 -1.632091e+01
         vertex -5.950000e+01 6.128355e+00 -1.664230e+01
      endloop
   endfacet
   facet normal -7.057595e-01 5.803294e-01 -4.063512e-01
      outer loop
         vertex -5.950000e+01 6.128355e+00 -1.664230e+01
         vertex -6.000000e+01 5.745333e+00 -1.632091e+01
         vertex -6.000000e+01 6.495190e+00 -1.525000e+01
      endloop
   endfacet
   facet normal -7.057594e-01 5.803295e-01 -4.063512e-01
      outer loop
         vertex -5.950000e+01 6.128355e+00 -1.664230e+01
         vertex -6.000000e+01 6.495190e+00 -1.525000e+01
         vertex -5.950000e+01 6.928203e+00 -1.550000e+01
      endloop
   endfacet
   facet normal -7.057594e-01 6.420751e-01 -2.994046e-01
      outer loop
         vertex -5.950000e+01 6.928203e+00 -1.550000e+01
         vertex -6.000000e+01 6.495190e+00 -1.525000e+01
         vertex -6.000000e+01 7.047695e+00 -1.406515e+01
      endloop
   endfacet
   facet normal -7.057595e-01 6.420751e-01 -2.994046e-01
      outer loop
         vertex -5.950000e+01 6.928203e+00 -1.550000e+01
         vertex -6.000000e+01 7.047695e+00 -1.406515e+01
         vertex -5.950000e+01 7.517541e+00 -1.423616e+01
      endloop
   endfacet
   facet normal -7.057594e-01 6.843116e-01 -1.833608e-01
      outer loop
         vertex -5.950000e+01 7.517541e+00 -1.423616e+01
         vertex -6.000000e+01 7.047695e+00 -1.406515e+01
         vertex -6.000000e+01 7.386058e+00 -1.280236e+01
      endloop
   endfacet
   facet normal -7.057593e-01 6.843118e-01 -1.833607e-01
      outer loop
         vertex -5.950000e+01 7.517541e+00 -1.423616e+01
         vertex -6.000000e+01 7.386058e+00 -1.280236e+01
         vertex -5.950000e+01 7.878462e+00 -1.288918e+01
      endloop
   endfacet
   facet normal -7.057593e-01 7.057558e-01 -6.174556e-02
      outer loop
         vertex -5.950000e+01 7.878462e+00 -1.288918e+01
         vertex -6.000000e+01 7.386058e+00 -1.280236e+01
         vertex -6.000000e+01 7.500000e+00 -1.150000e+01
      endloop
   endfacet
   facet normal -7.057599e-01 7.057553e-01 -6.174588e-02
      outer loop
         vertex -5.950000e+01 7.878462e+00 -1.288918e+01
         vertex -6.000000e+01 7.500000e+00 -1.150000e+01
         vertex -5.950000e+01 8.000000e+00 -1.150000e+01
      endloop
   endfacet
   facet normal -7.057599e-01 7.057553e-01 6.174551e-02
      outer loop
         vertex -5.950000e+01 8.000000e+00 -1.150000e+01
         vertex -6.000000e+01 7.500000e+00 -1.150000e+01
         vertex -6.000000e+01 7.386058e+00 -1.019764e+01
      endloop
   endfacet
   facet normal -7.057594e-01 7.057557e-01 6.174588e-02
      outer loop
         vertex -5.950000e+01 8.000000e+00 -1.150000e+01
         vertex -6.000000e+01 7.386058e+00 -1.019764e+01
         vertex -5.950000e+01 7.878462e+00 -1.011081e+01
      endloop
   endfacet
   facet normal -7.057594e-01 6.843116e-01 1.833608e-01
      outer loop
         vertex -5.950000e+01 7.878462e+00 -1.011081e+01
         vertex -6.000000e+01 7.386058e+00 -1.019764e+01
         vertex -6.000000e+01 7.047695e+00 -8.934849e+00
      endloop
   endfacet
   facet normal -7.057594e-01 6.843116e-01 1.833608e-01
      outer loop
         vertex -5.950000e+01 7.878462e+00 -1.011081e+01
         vertex -6.000000e+01 7.047695e+00 -8.934849e+00
         vertex -5.950000e+01 7.517541e+00 -8.763839e+00
      endloop
   endfacet
   facet normal -7.057595e-01 6.420751e-01 2.994046e-01
      outer loop
         vertex -5.950000e+01 7.517541e+00 -8.763839e+00
         vertex -6.000000e+01 7.047695e+00 -8.934849e+00
         vertex -6.000000e+01 6.495190e+00 -7.750000e+00
      endloop
   endfacet
   facet normal -7.057596e-01 6.420750e-01 2.994045e-01
      outer loop
         vertex -5.950000e+01 7.517541e+00 -8.763839e+00
         vertex -6.000000e+01 6.495190e+00 -7.750000e+00
         vertex -5.950000e+01 6.928203e+00 -7.500000e+00
      endloop
   endfacet
   facet normal -7.057596e-01 5.803294e-01 4.063511e-01
      outer loop
         vertex -5.950000e+01 6.928203e+00 -7.500000e+00
         vertex -6.000000e+01 6.495190e+00 -7.750000e+00
         vertex -6.000000e+01 5.745333e+00 -6.679093e+00
      endloop
   endfacet
   facet normal -7.057595e-01 5.803294e-01 4.063512e-01
      outer loop
         vertex -5.950000e+01 6.928203e+00 -7.500000e+00
         vertex -6.000000e+01 5.745333e+00 -6.679093e+00
         vertex -5.950000e+01 6.128355e+00 -6.357699e+00
      endloop
   endfacet
   facet normal -7.057595e-01 5.009509e-01 5.009509e-01
      outer loop
         vertex -5.950000e+01 6.128355e+00 -6.357699e+00
         vertex -6.000000e+01 5.745333e+00 -6.679093e+00
         vertex -6.000000e+01 4.820907e+00 -5.754667e+00
      endloop
   endfacet
   facet normal -7.057595e-01 5.009509e-01 5.009509e-01
      outer loop
         vertex -5.950000e+01 6.128355e+00 -6.357699e+00
         vertex -6.000000e+01 4.820907e+00 -5.754667e+00
         vertex -5.950000e+01 5.142301e+00 -5.371645e+00
      endloop
   endfacet
   facet normal -7.057595e-01 4.063511e-01 5.803295e-01
      outer loop
         vertex -5.950000e+01 5.142301e+00 -5.371645e+00
         vertex -6.000000e+01 4.820907e+00 -5.754667e+00
         vertex -6.000000e+01 3.750000e+00 -5.004810e+00
      endloop
   endfacet
   facet normal -7.057597e-01 4.063511e-01 5.803293e-01
      outer loop
         vertex -5.950000e+01 5.142301e+00 -5.371645e+00
         vertex -6.000000e+01 3.750000e+00 -5.004810e+00
         vertex -5.950000e+01 4.000000e+00 -4.571797e+00
      endloop
   endfacet
   facet normal -7.057597e-01 2.994046e-01 6.420749e-01
      outer loop
         vertex -5.950000e+01 4.000000e+00 -4.571797e+00
         vertex -6.000000e+01 3.750000e+00 -5.004810e+00
         vertex -6.000000e+01 2.565151e+00 -4.452305e+00
      endloop
   endfacet
   facet normal -7.057594e-01 2.994045e-01 6.420752e-01
      outer loop
         vertex -5.950000e+01 4.000000e+00 -4.571797e+00
         vertex -6.000000e+01 2.565151e+00 -4.452305e+00
         vertex -5.950000e+01 2.736161e+00 -3.982459e+00
      endloop
   endfacet
   facet normal -7.057594e-01 1.833608e-01 6.843117e-01
      outer loop
         vertex -5.950000e+01 2.736161e+00 -3.982459e+00
         vertex -6.000000e+01 2.565151e+00 -4.452305e+00
         vertex -6.000000e+01 1.302361e+00 -4.113942e+00
      endloop
   endfacet
   facet normal -7.057595e-01 1.833608e-01 6.843115e-01
      outer loop
         vertex -5.950000e+01 2.736161e+00 -3.982459e+00
         vertex -6.000000e+01 1.302361e+00 -4.113942e+00
         vertex -5.950000e+01 1.389185e+00 -3.621538e+00
      endloop
   endfacet
   facet normal -7.057595e-01 6.174554e-02 7.057556e-01
      outer loop
         vertex -5.950000e+01 1.389185e+00 -3.621538e+00
         vertex -6.000000e+01 1.302361e+00 -4.113942e+00
         vertex -6.000000e+01 1.457168e-15 -4.000000e+00
      endloop
   endfacet
   facet normal -7.057595e-01 6.174554e-02 7.057556e-01
      outer loop
         vertex -5.950000e+01 1.389185e+00 -3.621538e+00
         vertex -6.000000e+01 1.457168e-15 -4.000000e+00
         vertex -5.950000e+01 1.554312e-15 -3.500000e+00
      endloop
   endfacet
   facet normal -7.057595e-01 -6.174555e-02 7.057556e-01
      outer loop
         vertex -5.950000e+01 1.554312e-15 -3.500000e+00
         vertex -6.000000e+01 1.457168e-15 -4.000000e+00
         vertex -6.000000e+01 -1.302361e+00 -4.113942e+00
      endloop
   endfacet
   facet normal -7.057595e-01 -6.174554e-02 7.057556e-01
      outer loop
         vertex -5.950000e+01 1.554312e-15 -3.500000e+00
         vertex -6.000000e+01 -1.302361e+00 -4.113942e+00
         vertex -5.950000e+01 -1.389185e+00 -3.621538e+00
      endloop
   endfacet
   facet normal -7.057595e-01 -1.833607e-01 6.843116e-01
      outer loop
         vertex -5.950000e+01 -1.389185e+00 -3.621538e+00
         vertex -6.000000e+01 -1.302361e+00 -4.113942e+00
         vertex -6.000000e+01 -2.565151e+00 -4.452305e+00
      endloop
   endfacet
   facet normal -7.057594e-01 -1.833608e-01 6.843117e-01
      outer loop
         vertex -5.950000e+01 -1.389185e+00 -3.621538e+00
         vertex -6.000000e+01 -2.565151e+00 -4.452305e+00
         vertex -5.950000e+01 -2.736161e+00 -3.982459e+00
      endloop
   endfacet
   facet normal -7.057594e-01 -2.994047e-01 6.420751e-01
      outer loop
         vertex -5.950000e+01 -2.736161e+00 -3.982459e+00
         vertex -6.000000e+01 -2.565151e+00 -4.452305e+00
         vertex -6.000000e+01 -3.750000e+00 -5.004810e+00
      endloop
   endfacet
   facet normal -7.057596e-01 -2.994044e-01 6.420750e-01
      outer loop
         vertex -5.950000e+01 -2.736161e+00 -3.982459e+00
         vertex -6.000000e+01 -3.750000e+00 -5.004810e+00
         vertex -5.950000e+01 -4.000000e+00 -4.571797e+00
      endloop
   endfacet
   facet normal -7.057597e-01 -4.063510e-01 5.803294e-01
      outer loop
         vertex -5.950000e+01 -4.000000e+00 -4.571797e+00
         vertex -6.000000e+01 -3.750000e+00 -5.004810e+00
         vertex -6.000000e+01 -4.820907e+00 -5.754667e+00
      endloop
   endfacet
   facet normal -7.057595e-01 -4.063512e-01 5.803294e-01
      outer loop
         vertex -5.950000e+01 -4.000000e+00 -4.571797e+00
         vertex -6.000000e+01 -4.820907e+00 -5.754667e+00
         vertex -5.950000e+01 -5.142301e+00 -5.371645e+00
      endloop
   endfacet
   facet normal -7.057595e-01 -5.009509e-01 5.009509e-01
      outer loop
         vertex -5.950000e+01 -5.142301e+00 -5.371645e+00
         vertex -6.000000e+01 -4.820907e+00 -5.754667e+00
         vertex -6.000000e+01 -5.745333e+00 -6.679093e+00
      endloop
   endfacet
   facet normal -7.057595e-01 -5.009509e-01 5.009509e-01
      outer loop
         vertex -5.950000e+01 -5.142301e+00 -5.371645e+00
         vertex -6.000000e+01 -5.745333e+00 -6.679093e+00
         vertex -5.950000e+01 -6.128355e+00 -6.357699e+00
      endloop
   endfacet
   facet normal -7.057595e-01 -5.803295e-01 4.063511e-01
      outer loop
         vertex -5.950000e+01 -6.128355e+00 -6.357699e+00
         vertex -6.000000e+01 -5.745333e+00 -6.679093e+00
         vertex -6.000000e+01 -6.495190e+00 -7.750000e+00
      endloop
   endfacet
   facet normal -7.057596e-01 -5.803294e-01 4.063511e-01
      outer loop
         vertex -5.950000e+01 -6.128355e+00 -6.357699e+00
         vertex -6.000000e+01 -6.495190e+00 -7.750000e+00
         vertex -5.950000e+01 -6.928203e+00 -7.500000e+00
      endloop
   endfacet
   facet normal -7.057596e-01 -6.420750e-01 2.994046e-01
      outer loop
         vertex -5.950000e+01 -6.928203e+00 -7.500000e+00
         vertex -6.000000e+01 -6.495190e+00 -7.750000e+00
         vertex -6.000000e+01 -7.047695e+00 -8.934849e+00
      endloop
   endfacet
   facet normal -7.057595e-01 -6.420751e-01 2.994045e-01
      outer loop
         vertex -5.950000e+01 -6.928203e+00 -7.500000e+00
         vertex -6.000000e+01 -7.047695e+00 -8.934849e+00
         vertex -5.950000e+01 -7.517541e+00 -8.763839e+00
      endloop
   endfacet
   facet normal -7.057594e-01 -6.843116e-01 1.833608e-01
      outer loop
         vertex -5.950000e+01 -7.517541e+00 -8.763839e+00
         vertex -6.000000e+01 -7.047695e+00 -8.934849e+00
         vertex -6.000000e+01 -7.386058e+00 -1.019764e+01
      endloop
   endfacet
   facet normal -7.057594e-01 -6.843116e-01 1.833608e-01
      outer loop
         vertex -5.950000e+01 -7.517541e+00 -8.763839e+00
         vertex -6.000000e+01 -7.386058e+00 -1.019764e+01
         vertex -5.950000e+01 -7.878462e+00 -1.011081e+01
      endloop
   endfacet
   facet normal -7.057594e-01 -7.057557e-01 6.174555e-02
      outer loop
         vertex -5.950000e+01 -7.878462e+00 -1.011081e+01
         vertex -6.000000e+01 -7.386058e+00 -1.019764e+01
         vertex -6.000000e+01 -7.500000e+00 -1.150000e+01
      endloop
   endfacet
   facet normal -7.057599e-01 -7.057553e-01 6.174584e-02
      outer loop
         vertex -5.950000e+01 -7.878462e+00 -1.011081e+01
         vertex -6.000000e+01 -7.500000e+00 -1.150000e+01
         vertex -5.950000e+01 -8.000000e+00 -1.150000e+01
      endloop
   endfacet
   facet normal -7.057599e-01 -7.057553e-01 -6.174551e-02
      outer loop
         vertex -5.950000e+01 -8.000000e+00 -1.150000e+01
         vertex -6.000000e+01 -7.500000e+00 -1.150000e+01
         vertex -6.000000e+01 -7.386058e+00 -1.280236e+01
      endloop
   endfacet
   facet normal -7.057594e-01 -7.057557e-01 -6.174593e-02
      outer loop
         vertex -5.950000e+01 -8.000000e+00 -1.150000e+01
         vertex -6.000000e+01 -7.386058e+00 -1.280236e+01
         vertex -5.950000e+01 -7.878462e+00 -1.288918e+01
      endloop
   endfacet
   facet normal -7.057593e-01 -6.843118e-01 -1.833608e-01
      outer loop
         vertex -5.950000e+01 -7.878462e+00 -1.288918e+01
         vertex -6.000000e+01 -7.386058e+00 -1.280236e+01
         vertex -6.000000e+01 -7.047695e+00 -1.406515e+01
      endloop
   endfacet
   facet normal -7.057594e-01 -6.843117e-01 -1.833606e-01
      outer loop
         vertex -5.950000e+01 -7.878462e+00 -1.288918e+01
         vertex -6.000000e+01 -7.047695e+00 -1.406515e+01
         vertex -5.950000e+01 -7.517541e+00 -1.423616e+01
      endloop
   endfacet
   facet normal -7.057595e-01 -6.420751e-01 -2.994046e-01
      outer loop
         vertex -5.950000e+01 -7.517541e+00 -1.423616e+01
         vertex -6.000000e+01 -7.047695e+00 -1.406515e+01
         vertex -6.000000e+01 -6.495190e+00 -1.525000e+01
      endloop
   endfacet
   facet normal -7.057594e-01 -6.420751e-01 -2.994047e-01
      outer loop
         vertex -5.950000e+01 -7.517541e+00 -1.423616e+01
         vertex -6.000000e+01 -6.495190e+00 -1.525000e+01
         vertex -5.950000e+01 -6.928203e+00 -1.550000e+01
      endloop
   endfacet
   facet normal -7.057594e-01 -5.803295e-01 -4.063513e-01
      outer loop
         vertex -5.950000e+01 -6.928203e+00 -1.550000e+01
         vertex -6.000000e+01 -6.495190e+00 -1.525000e+01
         vertex -6.000000e+01 -5.745333e+00 -1.632091e+01
      endloop
   endfacet
   facet normal -7.057595e-01 -5.803294e-01 -4.063512e-01
      outer loop
         vertex -5.950000e+01 -6.928203e+00 -1.550000e+01
         vertex -6.000000e+01 -5.745333e+00 -1.632091e+01
         vertex -5.950000e+01 -6.128355e+00 -1.664230e+01
      endloop
   endfacet
   facet normal -7.057595e-01 -5.009511e-01 -5.009506e-01
      outer loop
         vertex -5.950000e+01 -6.128355e+00 -1.664230e+01
         vertex -6.000000e+01 -5.745333e+00 -1.632091e+01
         vertex -6.000000e+01 -4.820907e+00 -1.724533e+01
      endloop
   endfacet
   facet normal -7.057590e-01 -5.009512e-01 -5.009512e-01
      outer loop
         vertex -5.950000e+01 -6.128355e+00 -1.664230e+01
         vertex -6.000000e+01 -4.820907e+00 -1.724533e+01
         vertex -5.950000e+01 -5.142301e+00 -1.762835e+01
      endloop
   endfacet
   facet normal -7.057589e-01 -4.063510e-01 -5.803302e-01
      outer loop
         vertex -5.950000e+01 -5.142301e+00 -1.762835e+01
         vertex -6.000000e+01 -4.820907e+00 -1.724533e+01
         vertex -6.000000e+01 -3.750000e+00 -1.799519e+01
      endloop
   endfacet
   facet normal -7.057597e-01 -4.063511e-01 -5.803293e-01
      outer loop
         vertex -5.950000e+01 -5.142301e+00 -1.762835e+01
         vertex -6.000000e+01 -3.750000e+00 -1.799519e+01
         vertex -5.950000e+01 -4.000000e+00 -1.842820e+01
      endloop
   endfacet
   facet normal -7.057597e-01 -2.994050e-01 -6.420747e-01
      outer loop
         vertex -5.950000e+01 -4.000000e+00 -1.842820e+01
         vertex -6.000000e+01 -3.750000e+00 -1.799519e+01
         vertex -6.000000e+01 -2.565151e+00 -1.854770e+01
      endloop
   endfacet
   facet normal -7.057597e-01 -2.994050e-01 -6.420747e-01
      outer loop
         vertex -5.950000e+01 -4.000000e+00 -1.842820e+01
         vertex -6.000000e+01 -2.565151e+00 -1.854770e+01
         vertex -5.950000e+01 -2.736161e+00 -1.901754e+01
      endloop
   endfacet
   facet normal -7.057597e-01 -1.833602e-01 -6.843115e-01
      outer loop
         vertex -5.950000e+01 -2.736161e+00 -1.901754e+01
         vertex -6.000000e+01 -2.565151e+00 -1.854770e+01
         vertex -6.000000e+01 -1.302361e+00 -1.888606e+01
      endloop
   endfacet
   facet normal -7.057603e-01 -1.833605e-01 -6.843108e-01
      outer loop
         vertex -5.950000e+01 -2.736161e+00 -1.901754e+01
         vertex -6.000000e+01 -1.302361e+00 -1.888606e+01
         vertex -5.950000e+01 -1.389185e+00 -1.937846e+01
      endloop
   endfacet
   facet normal -7.057604e-01 -6.174547e-02 -7.057548e-01
      outer loop
         vertex -5.950000e+01 -1.389185e+00 -1.937846e+01
         vertex -6.000000e+01 -1.302361e+00 -1.888606e+01
         vertex -6.000000e+01 0.000000e+00 -1.900000e+01
      endloop
   endfacet
   facet normal -7.057602e-01 -6.174536e-02 -7.057549e-01
      outer loop
         vertex -5.950000e+01 -1.389185e+00 -1.937846e+01
         vertex -6.000000e+01 0.000000e+00 -1.900000e+01
         vertex -5.950000e+01 0.000000e+00 -1.950000e+01
      endloop
   endfacet
   facet normal -7.057602e-01 6.174549e-02 -7.057549e-01
      outer loop
         vertex -5.950000e+01 0.000000e+00 -1.950000e+01
         vertex -6.000000e+01 0.000000e+00 -1.900000e+01
         vertex -6.000000e+01 1.302361e+00 -1.888606e+01
      endloop
   endfacet
   facet normal -7.057564e-01 6.174604e-02 -7.057587e-01
      outer loop
         vertex -6.450000e+01 0.000000e+00 -1.825000e+01
         vertex -6.500000e+01 1.085301e+00 -1.765505e+01
         vertex -6.450000e+01 1.172125e+00 -1.814745e+01
      endloop
   endfacet
   facet normal -7.057564e-01 1.833613e-01 -6.843146e-01
      outer loop
         vertex -6.450000e+01 1.172125e+00 -1.814745e+01
         vertex -6.500000e+01 1.085301e+00 -1.765505e+01
         vertex -6.500000e+01 2.137626e+00 -1.737308e+01
      endloop
   endfacet
   facet normal -7.057571e-01 1.833606e-01 -6.843142e-01
      outer loop
         vertex -6.450000e+01 1.172125e+00 -1.814745e+01
         vertex -6.500000e+01 2.137626e+00 -1.737308e+01
         vertex -6.450000e+01 2.308636e+00 -1.784293e+01
      endloop
   endfacet
   facet normal -7.057571e-01 2.994054e-01 -6.420774e-01
      outer loop
         vertex -6.450000e+01 2.308636e+00 -1.784293e+01
         vertex -6.500000e+01 2.137626e+00 -1.737308e+01
         vertex -6.500000e+01 3.125000e+00 -1.691266e+01
      endloop
   endfacet
   facet normal -7.057558e-01 2.994070e-01 -6.420781e-01
      outer loop
         vertex -6.450000e+01 2.308636e+00 -1.784293e+01
         vertex -6.500000e+01 3.125000e+00 -1.691266e+01
         vertex -6.450000e+01 3.375000e+00 -1.734567e+01
      endloop
   endfacet
   facet normal -7.057558e-01 4.063537e-01 -5.803321e-01
      outer loop
         vertex -6.450000e+01 3.375000e+00 -1.734567e+01
         vertex -6.500000e+01 3.125000e+00 -1.691266e+01
         vertex -6.500000e+01 4.017422e+00 -1.628778e+01
      endloop
   endfacet
   facet normal -7.057574e-01 4.063517e-01 -5.803317e-01
      outer loop
         vertex -6.450000e+01 3.375000e+00 -1.734567e+01
         vertex -6.500000e+01 4.017422e+00 -1.628778e+01
         vertex -6.450000e+01 4.338816e+00 -1.667080e+01
      endloop
   endfacet
   facet normal -7.057573e-01 5.009522e-01 -5.009525e-01
      outer loop
         vertex -6.450000e+01 4.338816e+00 -1.667080e+01
         vertex -6.500000e+01 4.017422e+00 -1.628778e+01
         vertex -6.500000e+01 4.787778e+00 -1.551742e+01
      endloop
   endfacet
   facet normal -7.057569e-01 5.009529e-01 -5.009526e-01
      outer loop
         vertex -6.450000e+01 4.338816e+00 -1.667080e+01
         vertex -6.500000e+01 4.787778e+00 -1.551742e+01
         vertex -6.450000e+01 5.170800e+00 -1.583882e+01
      endloop
   endfacet
   facet normal -7.057569e-01 5.803317e-01 -4.063525e-01
      outer loop
         vertex -6.450000e+01 5.170800e+00 -1.583882e+01
         vertex -6.500000e+01 4.787778e+00 -1.551742e+01
         vertex -6.500000e+01 5.412659e+00 -1.462500e+01
      endloop
   endfacet
   facet normal -7.057571e-01 5.803314e-01 -4.063525e-01
      outer loop
         vertex -6.450000e+01 5.170800e+00 -1.583882e+01
         vertex -6.500000e+01 5.412659e+00 -1.462500e+01
         vertex -6.450000e+01 5.845672e+00 -1.487500e+01
      endloop
   endfacet
   facet normal -7.057571e-01 6.420773e-01 -2.994056e-01
      outer loop
         vertex -6.450000e+01 5.845672e+00 -1.487500e+01
         vertex -6.500000e+01 5.412659e+00 -1.462500e+01
         vertex -6.500000e+01 5.873079e+00 -1.363763e+01
      endloop
   endfacet
   facet normal -7.057569e-01 6.420776e-01 -2.994055e-01
      outer loop
         vertex -6.450000e+01 5.845672e+00 -1.487500e+01
         vertex -6.500000e+01 5.873079e+00 -1.363763e+01
         vertex -6.450000e+01 6.342925e+00 -1.380864e+01
      endloop
   endfacet
   facet normal -7.057568e-01 6.843142e-01 -1.833614e-01
      outer loop
         vertex -6.450000e+01 6.342925e+00 -1.380864e+01
         vertex -6.500000e+01 5.873079e+00 -1.363763e+01
         vertex -6.500000e+01 6.155048e+00 -1.258530e+01
      endloop
   endfacet
   facet normal -7.057568e-01 6.843142e-01 -1.833614e-01
      outer loop
         vertex -6.450000e+01 6.342925e+00 -1.380864e+01
         vertex -6.500000e+01 6.155048e+00 -1.258530e+01
         vertex -6.450000e+01 6.647452e+00 -1.267213e+01
      endloop
   endfacet
   facet normal -7.057568e-01 7.057583e-01 -6.174590e-02
      outer loop
         vertex -6.450000e+01 6.647452e+00 -1.267213e+01
         vertex -6.500000e+01 6.155048e+00 -1.258530e+01
         vertex -6.500000e+01 6.250000e+00 -1.150000e+01
      endloop
   endfacet
   facet normal -7.057569e-01 7.057582e-01 -6.174599e-02
      outer loop
         vertex -6.450000e+01 6.647452e+00 -1.267213e+01
         vertex -6.500000e+01 6.250000e+00 -1.150000e+01
         vertex -6.450000e+01 6.750000e+00 -1.150000e+01
      endloop
   endfacet
   facet normal -7.057569e-01 7.057582e-01 6.174589e-02
      outer loop
         vertex -6.450000e+01 6.750000e+00 -1.150000e+01
         vertex -6.500000e+01 6.250000e+00 -1.150000e+01
         vertex -6.500000e+01 6.155048e+00 -1.041470e+01
      endloop
   endfacet
   facet normal -7.057568e-01 7.057583e-01 6.174600e-02
      outer loop
         vertex -6.450000e+01 6.750000e+00 -1.150000e+01
         vertex -6.500000e+01 6.155048e+00 -1.041470e+01
         vertex -6.450000e+01 6.647452e+00 -1.032787e+01
      endloop
   endfacet
   facet normal -7.057568e-01 6.843142e-01 1.833614e-01
      outer loop
         vertex -6.450000e+01 6.647452e+00 -1.032787e+01
         vertex -6.500000e+01 6.155048e+00 -1.041470e+01
         vertex -6.500000e+01 5.873079e+00 -9.362374e+00
      endloop
   endfacet
   facet normal -7.057568e-01 6.843142e-01 1.833614e-01
      outer loop
         vertex -6.450000e+01 6.647452e+00 -1.032787e+01
         vertex -6.500000e+01 5.873079e+00 -9.362374e+00
         vertex -6.450000e+01 6.342925e+00 -9.191364e+00
      endloop
   endfacet
   facet normal -7.057568e-01 6.420775e-01 2.994057e-01
      outer loop
         vertex -6.450000e+01 6.342925e+00 -9.191364e+00
         vertex -6.500000e+01 5.873079e+00 -9.362374e+00
         vertex -6.500000e+01 5.412659e+00 -8.375000e+00
      endloop
   endfacet
   facet normal -7.057571e-01 6.420774e-01 2.994054e-01
      outer loop
         vertex -6.450000e+01 6.342925e+00 -9.191364e+00
         vertex -6.500000e+01 5.412659e+00 -8.375000e+00
         vertex -6.450000e+01 5.845672e+00 -8.125000e+00
      endloop
   endfacet
   facet normal -7.057571e-01 5.803314e-01 4.063525e-01
      outer loop
         vertex -6.450000e+01 5.845672e+00 -8.125000e+00
         vertex -6.500000e+01 5.412659e+00 -8.375000e+00
         vertex -6.500000e+01 4.787778e+00 -7.482578e+00
      endloop
   endfacet
   facet normal -7.057569e-01 5.803315e-01 4.063528e-01
      outer loop
         vertex -6.450000e+01 5.845672e+00 -8.125000e+00
         vertex -6.500000e+01 4.787778e+00 -7.482578e+00
         vertex -6.450000e+01 5.170800e+00 -7.161184e+00
      endloop
   endfacet
   facet normal -7.057569e-01 5.009529e-01 5.009526e-01
      outer loop
         vertex -6.450000e+01 5.170800e+00 -7.161184e+00
         vertex -6.500000e+01 4.787778e+00 -7.482578e+00
         vertex -6.500000e+01 4.017422e+00 -6.712222e+00
      endloop
   endfacet
   facet normal -7.057566e-01 5.009529e-01 5.009529e-01
      outer loop
         vertex -6.450000e+01 5.170800e+00 -7.161184e+00
         vertex -6.500000e+01 4.017422e+00 -6.712222e+00
         vertex -6.450000e+01 4.338816e+00 -6.329200e+00
      endloop
   endfacet
   facet normal -7.057566e-01 4.063527e-01 5.803319e-01
      outer loop
         vertex -6.450000e+01 4.338816e+00 -6.329200e+00
         vertex -6.500000e+01 4.017422e+00 -6.712222e+00
         vertex -6.500000e+01 3.125000e+00 -6.087341e+00
      endloop
   endfacet
   facet normal -7.057569e-01 4.063527e-01 5.803315e-01
      outer loop
         vertex -6.450000e+01 4.338816e+00 -6.329200e+00
         vertex -6.500000e+01 3.125000e+00 -6.087341e+00
         vertex -6.450000e+01 3.375000e+00 -5.654329e+00
      endloop
   endfacet
   facet normal -7.057569e-01 2.994057e-01 6.420774e-01
      outer loop
         vertex -6.450000e+01 3.375000e+00 -5.654329e+00
         vertex -6.500000e+01 3.125000e+00 -6.087341e+00
         vertex -6.500000e+01 2.137626e+00 -5.626921e+00
      endloop
   endfacet
   facet normal -7.057568e-01 2.994056e-01 6.420776e-01
      outer loop
         vertex -6.450000e+01 3.375000e+00 -5.654329e+00
         vertex -6.500000e+01 2.137626e+00 -5.626921e+00
         vertex -6.450000e+01 2.308636e+00 -5.157075e+00
      endloop
   endfacet
   facet normal -7.057568e-01 1.833615e-01 6.843142e-01
      outer loop
         vertex -6.450000e+01 2.308636e+00 -5.157075e+00
         vertex -6.500000e+01 2.137626e+00 -5.626921e+00
         vertex -6.500000e+01 1.085301e+00 -5.344952e+00
      endloop
   endfacet
   facet normal -7.057567e-01 1.833614e-01 6.843143e-01
      outer loop
         vertex -6.450000e+01 2.308636e+00 -5.157075e+00
         vertex -6.500000e+01 1.085301e+00 -5.344952e+00
         vertex -6.450000e+01 1.172125e+00 -4.852548e+00
      endloop
   endfacet
   facet normal -7.057567e-01 6.174589e-02 7.057584e-01
      outer loop
         vertex -6.450000e+01 1.172125e+00 -4.852548e+00
         vertex -6.500000e+01 1.085301e+00 -5.344952e+00
         vertex -6.500000e+01 1.214306e-15 -5.250000e+00
      endloop
   endfacet
   facet normal -7.057569e-01 6.174600e-02 7.057582e-01
      outer loop
         vertex -6.450000e+01 1.172125e+00 -4.852548e+00
         vertex -6.500000e+01 1.214306e-15 -5.250000e+00
         vertex -6.450000e+01 1.311451e-15 -4.750000e+00
      endloop
   endfacet
   facet normal -7.057569e-01 -6.174587e-02 7.057582e-01
      outer loop
         vertex -6.450000e+01 1.311451e-15 -4.750000e+00
         vertex -6.500000e+01 1.214306e-15 -5.250000e+00
         vertex -6.500000e+01 -1.085301e+00 -5.344952e+00
      endloop
   endfacet
   facet normal -7.057568e-01 -6.174601e-02 7.057583e-01
      outer loop
         vertex -6.450000e+01 1.311451e-15 -4.750000e+00
         vertex -6.500000e+01 -1.085301e+00 -5.344952e+00
         vertex -6.450000e+01 -1.172125e+00 -4.852548e+00
      endloop
   endfacet
   facet normal -7.057567e-01 -1.833615e-01 6.843142e-01
      outer loop
         vertex -6.450000e+01 -1.172125e+00 -4.852548e+00
         vertex -6.500000e+01 -1.085301e+00 -5.344952e+00
         vertex -6.500000e+01 -2.137626e+00 -5.626921e+00
      endloop
   endfacet
   facet normal -7.057568e-01 -1.833614e-01 6.843142e-01
      outer loop
         vertex -6.450000e+01 -1.172125e+00 -4.852548e+00
         vertex -6.500000e+01 -2.137626e+00 -5.626921e+00
         vertex -6.450000e+01 -2.308636e+00 -5.157075e+00
      endloop
   endfacet
   facet normal -7.057568e-01 -2.994057e-01 6.420775e-01
      outer loop
         vertex -6.450000e+01 -2.308636e+00 -5.157075e+00
         vertex -6.500000e+01 -2.137626e+00 -5.626921e+00
         vertex -6.500000e+01 -3.125000e+00 -6.087341e+00
      endloop
   endfacet
   facet normal -7.057569e-01 -2.994055e-01 6.420775e-01
      outer loop
         vertex -6.450000e+01 -2.308636e+00 -5.157075e+00
         vertex -6.500000e+01 -3.125000e+00 -6.087341e+00
         vertex -6.450000e+01 -3.375000e+00 -5.654329e+00
      endloop
   endfacet
   facet normal -7.057569e-01 -4.063524e-01 5.803317e-01
      outer loop
         vertex -6.450000e+01 -3.375000e+00 -5.654329e+00
         vertex -6.500000e+01 -3.125000e+00 -6.087341e+00
         vertex -6.500000e+01 -4.017422e+00 -6.712222e+00
      endloop
   endfacet
   facet normal -7.057566e-01 -4.063529e-01 5.803318e-01
      outer loop
         vertex -6.450000e+01 -3.375000e+00 -5.654329e+00
         vertex -6.500000e+01 -4.017422e+00 -6.712222e+00
         vertex -6.450000e+01 -4.338816e+00 -6.329200e+00
      endloop
   endfacet
   facet normal -7.057566e-01 -5.009530e-01 5.009527e-01
      outer loop
         vertex -6.450000e+01 -4.338816e+00 -6.329200e+00
         vertex -6.500000e+01 -4.017422e+00 -6.712222e+00
         vertex -6.500000e+01 -4.787778e+00 -7.482578e+00
      endloop
   endfacet
   facet normal -7.057569e-01 -5.009527e-01 5.009527e-01
      outer loop
         vertex -6.450000e+01 -4.338816e+00 -6.329200e+00
         vertex -6.500000e+01 -4.787778e+00 -7.482578e+00
         vertex -6.450000e+01 -5.170800e+00 -7.161184e+00
      endloop
   endfacet
   facet normal -7.057569e-01 -5.803316e-01 4.063526e-01
      outer loop
         vertex -6.450000e+01 -5.170800e+00 -7.161184e+00
         vertex -6.500000e+01 -4.787778e+00 -7.482578e+00
         vertex -6.500000e+01 -5.412659e+00 -8.375000e+00
      endloop
   endfacet
   facet normal -7.057571e-01 -5.803313e-01 4.063527e-01
      outer loop
         vertex -6.450000e+01 -5.170800e+00 -7.161184e+00
         vertex -6.500000e+01 -5.412659e+00 -8.375000e+00
         vertex -6.450000e+01 -5.845672e+00 -8.125000e+00
      endloop
   endfacet
   facet normal -7.057571e-01 -6.420773e-01 2.994056e-01
      outer loop
         vertex -6.450000e+01 -5.845672e+00 -8.125000e+00
         vertex -6.500000e+01 -5.412659e+00 -8.375000e+00
         vertex -6.500000e+01 -5.873079e+00 -9.362374e+00
      endloop
   endfacet
   facet normal -7.057569e-01 -6.420776e-01 2.994055e-01
      outer loop
         vertex -6.450000e+01 -5.845672e+00 -8.125000e+00
         vertex -6.500000e+01 -5.873079e+00 -9.362374e+00
         vertex -6.450000e+01 -6.342925e+00 -9.191364e+00
      endloop
   endfacet
   facet normal -7.057568e-01 -6.843142e-01 1.833614e-01
      outer loop
         vertex -6.450000e+01 -6.342925e+00 -9.191364e+00
         vertex -6.500000e+01 -5.873079e+00 -9.362374e+00
         vertex -6.500000e+01 -6.155048e+00 -1.041470e+01
      endloop
   endfacet
   facet normal -7.057568e-01 -6.843142e-01 1.833614e-01
      outer loop
         vertex -6.450000e+01 -6.342925e+00 -9.191364e+00
         vertex -6.500000e+01 -6.155048e+00 -1.041470e+01
         vertex -6.450000e+01 -6.647452e+00 -1.032787e+01
      endloop
   endfacet
   facet normal -7.057568e-01 -7.057583e-01 6.174590e-02
      outer loop
         vertex -6.450000e+01 -6.647452e+00 -1.032787e+01
         vertex -6.500000e+01 -6.155048e+00 -1.041470e+01
         vertex -6.500000e+01 -6.250000e+00 -1.150000e+01
      endloop
   endfacet
   facet normal -7.057569e-01 -7.057582e-01 6.174599e-02
      outer loop
         vertex -6.450000e+01 -6.647452e+00 -1.032787e+01
         vertex -6.500000e+01 -6.250000e+00 -1.150000e+01
         vertex -6.450000e+01 -6.750000e+00 -1.150000e+01
      endloop
   endfacet
   facet normal -7.057569e-01 -7.057582e-01 -6.174589e-02
      outer loop
         vertex -6.450000e+01 -6.750000e+00 -1.150000e+01
         vertex -6.500000e+01 -6.250000e+00 -1.150000e+01
         vertex -6.500000e+01 -6.155048e+00 -1.258530e+01
      endloop
   endfacet
   facet normal -7.057568e-01 -7.057583e-01 -6.174600e-02
      outer loop
         vertex -6.450000e+01 -6.750000e+00 -1.150000e+01
         vertex -6.500000e+01 -6.155048e+00 -1.258530e+01
         vertex -6.450000e+01 -6.647452e+00 -1.267213e+01
      endloop
   endfacet
   facet normal -7.057568e-01 -6.843142e-01 -1.833614e-01
      outer loop
         vertex -6.450000e+01 -6.647452e+00 -1.267213e+01
         vertex -6.500000e+01 -6.155048e+00 -1.258530e+01
         vertex -6.500000e+01 -5.873079e+00 -1.363763e+01
      endloop
   endfacet
   facet normal -7.057568e-01 -6.843142e-01 -1.833614e-01
      outer loop
         vertex -6.450000e+01 -6.647452e+00 -1.267213e+01
         vertex -6.500000e+01 -5.873079e+00 -1.363763e+01
         vertex -6.450000e+01 -6.342925e+00 -1.380864e+01
      endloop
   endfacet
   facet normal -7.057568e-01 -6.420775e-01 -2.994057e-01
      outer loop
         vertex -6.450000e+01 -6.342925e+00 -1.380864e+01
         vertex -6.500000e+01 -5.873079e+00 -1.363763e+01
         vertex -6.500000e+01 -5.412659e+00 -1.462500e+01
      endloop
   endfacet
   facet normal -7.057571e-01 -6.420774e-01 -2.994054e-01
      outer loop
         vertex -6.450000e+01 -6.342925e+00 -1.380864e+01
         vertex -6.500000e+01 -5.412659e+00 -1.462500e+01
         vertex -6.450000e+01 -5.845672e+00 -1.487500e+01
      endloop
   endfacet
   facet normal -7.057571e-01 -5.803315e-01 -4.063523e-01
      outer loop
         vertex -6.450000e+01 -5.845672e+00 -1.487500e+01
         vertex -6.500000e+01 -5.412659e+00 -1.462500e+01
         vertex -6.500000e+01 -4.787778e+00 -1.551742e+01
      endloop
   endfacet
   facet normal -7.057569e-01 -5.803316e-01 -4.063527e-01
      outer loop
         vertex -6.450000e+01 -5.845672e+00 -1.487500e+01
         vertex -6.500000e+01 -4.787778e+00 -1.551742e+01
         vertex -6.450000e+01 -5.170800e+00 -1.583882e+01
      endloop
   endfacet
   facet normal -7.057569e-01 -5.009526e-01 -5.009529e-01
      outer loop
         vertex -6.450000e+01 -5.170800e+00 -1.583882e+01
         vertex -6.500000e+01 -4.787778e+00 -1.551742e+01
         vertex -6.500000e+01 -4.017422e+00 -1.628778e+01
      endloop
   endfacet
   facet normal -7.057573e-01 -5.009525e-01 -5.009523e-01
      outer loop
         vertex -6.450000e+01 -5.170800e+00 -1.583882e+01
         vertex -6.500000e+01 -4.017422e+00 -1.628778e+01
         vertex -6.450000e+01 -4.338816e+00 -1.667080e+01
      endloop
   endfacet
   facet normal -7.057574e-01 -4.063528e-01 -5.803308e-01
      outer loop
         vertex -6.450000e+01 -4.338816e+00 -1.667080e+01
         vertex -6.500000e+01 -4.017422e+00 -1.628778e+01
         vertex -6.500000e+01 -3.125000e+00 -1.691266e+01
      endloop
   endfacet
   facet normal -7.057559e-01 -4.063525e-01 -5.803329e-01
      outer loop
         vertex -6.450000e+01 -4.338816e+00 -1.667080e+01
         vertex -6.500000e+01 -3.125000e+00 -1.691266e+01
         vertex -6.450000e+01 -3.375000e+00 -1.734567e+01
      endloop
   endfacet
   facet normal -7.057557e-01 -2.994059e-01 -6.420786e-01
      outer loop
         vertex -6.450000e+01 -3.375000e+00 -1.734567e+01
         vertex -6.500000e+01 -3.125000e+00 -1.691266e+01
         vertex -6.500000e+01 -2.137626e+00 -1.737308e+01
      endloop
   endfacet
   facet normal -7.057570e-01 -2.994064e-01 -6.420769e-01
      outer loop
         vertex -6.450000e+01 -3.375000e+00 -1.734567e+01
         vertex -6.500000e+01 -2.137626e+00 -1.737308e+01
         vertex -6.450000e+01 -2.308636e+00 -1.784293e+01
      endloop
   endfacet
   facet normal -7.057571e-01 -1.833611e-01 -6.843140e-01
      outer loop
         vertex -6.450000e+01 -2.308636e+00 -1.784293e+01
         vertex -6.500000e+01 -2.137626e+00 -1.737308e+01
         vertex -6.500000e+01 -1.085301e+00 -1.765505e+01
      endloop
   endfacet
   facet normal -7.057565e-01 -1.833607e-01 -6.843147e-01
      outer loop
         vertex -6.450000e+01 -2.308636e+00 -1.784293e+01
         vertex -6.500000e+01 -1.085301e+00 -1.765505e+01
         vertex -6.450000e+01 -1.172125e+00 -1.814745e+01
      endloop
   endfacet
   facet normal -7.057564e-01 -6.174621e-02 -7.057586e-01
      outer loop
         vertex -6.450000e+01 -1.172125e+00 -1.814745e+01
         vertex -6.500000e+01 -1.085301e+00 -1.765505e+01
         vertex -6.500000e+01 0.000000e+00 -1.775000e+01
      endloop
   endfacet
   facet normal -7.057562e-01 -6.174606e-02 -7.057589e-01
      outer loop
         vertex -6.450000e+01 -1.172125e+00 -1.814745e+01
         vertex -6.500000e+01 0.000000e+00 -1.775000e+01
         vertex -6.450000e+01 0.000000e+00 -1.825000e+01
      endloop
   endfacet
   facet normal -7.057562e-01 6.174623e-02 -7.057589e-01
      outer loop
         vertex -6.450000e+01 0.000000e+00 -1.825000e+01
         vertex -6.500000e+01 0.000000e+00 -1.775000e+01
         vertex -6.500000e+01 1.085301e+00 -1.765505e+01
      endloop
   endfacet
   facet normal 5.000002e-01 -5.000001e-01 7.071066e-01
      outer loop
         vertex 7.500000e+00 -1.150000e+01 -1.150000e+00
         vertex 6.500000e+00 -1.108579e+01 -1.500000e-01
         vertex 5.500000e+00 -1.350000e+01 -1.150000e+00
      endloop
   endfacet
   facet normal 4.999999e-01 -5.000000e-01 7.071069e-01
      outer loop
         vertex 5.500000e+00 -1.350000e+01 -1.150000e+00
         vertex 6.500000e+00 -1.108579e+01 -1.500000e-01
         vertex 5.085786e+00 -1.250000e+01 -1.500000e-01
      endloop
   endfacet
   facet normal 7.071069e-01 0.000000e+00 7.071067e-01
      outer loop
         vertex 7.500000e+00 1.150000e+01 -1.150000e+00
         vertex 6.500000e+00 1.108579e+01 -1.500000e-01
         vertex 7.500000e+00 -1.150000e+01 -1.150000e+00
      endloop
   endfacet
   facet normal 7.071069e-01 0.000000e+00 7.071067e-01
      outer loop
         vertex 7.500000e+00 -1.150000e+01 -1.150000e+00
         vertex 6.500000e+00 1.108579e+01 -1.500000e-01
         vertex 6.500000e+00 -1.108579e+01 -1.500000e-01
      endloop
   endfacet
   facet normal 0.000000e+00 -7.071067e-01 7.071068e-01
      outer loop
         vertex -5.085786e+00 -1.250000e+01 -1.500000e-01
         vertex -5.500000e+00 -1.350000e+01 -1.150000e+00
         vertex 5.085786e+00 -1.250000e+01 -1.500000e-01
      endloop
   endfacet
   facet normal 0.000000e+00 -7.071067e-01 7.071068e-01
      outer loop
         vertex 5.085786e+00 -1.250000e+01 -1.500000e-01
         vertex -5.500000e+00 -1.350000e+01 -1.150000e+00
         vertex 5.500000e+00 -1.350000e+01 -1.150000e+00
      endloop
   endfacet
   facet normal 5.000000e-01 4.999999e-01 7.071068e-01
      outer loop
         vertex 5.500000e+00 1.350000e+01 -1.150000e+00
         vertex 5.085786e+00 1.250000e+01 -1.500000e-01
         vertex 7.500000e+00 1.150000e+01 -1.150000e+00
      endloop
   endfacet
   facet normal 5.000001e-01 5.000002e-01 7.071066e-01
      outer loop
         vertex 7.500000e+00 1.150000e+01 -1.150000e+00
         vertex 5.085786e+00 1.250000e+01 -1.500000e-01
         vertex 6.500000e+00 1.108579e+01 -1.500000e-01
      endloop
   endfacet
   facet normal -5.000001e-01 -5.000002e-01 7.071066e-01
      outer loop
         vertex -6.500000e+00 -1.108579e+01 -1.500000e-01
         vertex -7.500000e+00 -1.150000e+01 -1.150000e+00
         vertex -5.085786e+00 -1.250000e+01 -1.500000e-01
      endloop
   endfacet
   facet normal -5.000000e-01 -4.999999e-01 7.071068e-01
      outer loop
         vertex -5.085786e+00 -1.250000e+01 -1.500000e-01
         vertex -7.500000e+00 -1.150000e+01 -1.150000e+00
         vertex -5.500000e+00 -1.350000e+01 -1.150000e+00
      endloop
   endfacet
   facet normal -0.000000e+00 7.071067e-01 7.071068e-01
      outer loop
         vertex -5.500000e+00 1.350000e+01 -1.150000e+00
         vertex -5.085786e+00 1.250000e+01 -1.500000e-01
         vertex 5.500000e+00 1.350000e+01 -1.150000e+00
      endloop
   endfacet
   facet normal 0.000000e+00 7.071067e-01 7.071068e-01
      outer loop
         vertex 5.500000e+00 1.350000e+01 -1.150000e+00
         vertex -5.085786e+00 1.250000e+01 -1.500000e-01
         vertex 5.085786e+00 1.250000e+01 -1.500000e-01
      endloop
   endfacet
   facet normal -7.071069e-01 0.000000e+00 7.071067e-01
      outer loop
         vertex -6.500000e+00 1.108579e+01 -1.500000e-01
         vertex -7.500000e+00 1.150000e+01 -1.150000e+00
         vertex -6.500000e+00 -1.108579e+01 -1.500000e-01
      endloop
   endfacet
   facet normal -7.071069e-01 0.000000e+00 7.071067e-01
      outer loop
         vertex -6.500000e+00 -1.108579e+01 -1.500000e-01
         vertex -7.500000e+00 1.150000e+01 -1.150000e+00
         vertex -7.500000e+00 -1.150000e+01 -1.150000e+00
      endloop
   endfacet
   facet normal -5.000002e-01 5.000001e-01 7.071066e-01
      outer loop
         vertex -7.500000e+00 1.150000e+01 -1.150000e+00
         vertex -6.500000e+00 1.108579e+01 -1.500000e-01
         vertex -5.500000e+00 1.350000e+01 -1.150000e+00
      endloop
   endfacet
   facet normal -4.999999e-01 5.000000e-01 7.071069e-01
      outer loop
         vertex -5.500000e+00 1.350000e+01 -1.150000e+00
         vertex -6.500000e+00 1.108579e+01 -1.500000e-01
         vertex -5.085786e+00 1.250000e+01 -1.500000e-01
      endloop
   endfacet
   facet normal 0.000000e+00 -7.071068e-01 -7.071068e-01
      outer loop
         vertex -7.750000e+01 -1.750000e+01 -2.050000e+01
         vertex -7.750000e+01 -1.400000e+01 -2.400000e+01
         vertex -5.550000e+01 -1.750000e+01 -2.050000e+01
      endloop
   endfacet
   facet normal 0.000000e+00 -7.071068e-01 -7.071068e-01
      outer loop
         vertex -5.550000e+01 -1.750000e+01 -2.050000e+01
         vertex -7.750000e+01 -1.400000e+01 -2.400000e+01
         vertex -5.550000e+01 -1.400000e+01 -2.400000e+01
      endloop
   endfacet
   facet normal 0.000000e+00 0.000000e+00 -1.000000e+00
      outer loop
         vertex -7.750000e+01 -1.400000e+01 -2.400000e+01
         vertex -7.750000e+01 1.400000e+01 -2.400000e+01
         vertex -5.550000e+01 -1.400000e+01 -2.400000e+01
      endloop
   endfacet
   facet normal 0.000000e+00 0.000000e+00 -1.000000e+00
      outer loop
         vertex -5.550000e+01 -1.400000e+01 -2.400000e+01
         vertex -7.750000e+01 1.400000e+01 -2.400000e+01
         vertex -5.550000e+01 1.400000e+01 -2.400000e+01
      endloop
   endfacet
   facet normal 0.000000e+00 7.071068e-01 -7.071068e-01
      outer loop
         vertex -7.750000e+01 1.400000e+01 -2.400000e+01
         vertex -7.750000e+01 1.750000e+01 -2.050000e+01
         vertex -5.550000e+01 1.400000e+01 -2.400000e+01
      endloop
   endfacet
   facet normal 0.000000e+00 7.071068e-01 -7.071068e-01
      outer loop
         vertex -5.550000e+01 1.400000e+01 -2.400000e+01
         vertex -7.750000e+01 1.750000e+01 -2.050000e+01
         vertex -5.550000e+01 1.750000e+01 -2.050000e+01
      endloop
   endfacet
   facet normal -0.000000e+00 -8.257934e-02 -9.965845e-01
      outer loop
         vertex -5.550000e+01 -1.959435e-15 -3.500000e+00
         vertex -7.750000e+01 -1.959435e-15 -3.500000e+00
         vertex -5.550000e+01 1.316757e+00 -3.609110e+00
      endloop
   endfacet
   facet normal -0.000000e+00 -8.257934e-02 -9.965845e-01
      outer loop
         vertex -5.550000e+01 1.316757e+00 -3.609110e+00
         vertex -7.750000e+01 -1.959435e-15 -3.500000e+00
         vertex -7.750000e+01 1.316757e+00 -3.609110e+00
      endloop
   endfacet
   facet normal -0.000000e+00 -2.454853e-01 -9.694003e-01
      outer loop
         vertex -5.550000e+01 1.316757e+00 -3.609110e+00
         vertex -7.750000e+01 1.316757e+00 -3.609110e+00
         vertex -5.550000e+01 2.597596e+00 -3.933462e+00
      endloop
   endfacet
   facet normal -0.000000e+00 -2.454853e-01 -9.694003e-01
      outer loop
         vertex -5.550000e+01 2.597596e+00 -3.933462e+00
         vertex -7.750000e+01 1.316757e+00 -3.609110e+00
         vertex -7.750000e+01 2.597596e+00 -3.933462e+00
      endloop
   endfacet
   facet normal -0.000000e+00 -4.016956e-01 -9.157733e-01
      outer loop
         vertex -5.550000e+01 2.597596e+00 -3.933462e+00
         vertex -7.750000e+01 2.597596e+00 -3.933462e+00
         vertex -5.550000e+01 3.807579e+00 -4.464210e+00
      endloop
   endfacet
   facet normal -0.000000e+00 -4.016956e-01 -9.157733e-01
      outer loop
         vertex -5.550000e+01 3.807579e+00 -4.464210e+00
         vertex -7.750000e+01 2.597596e+00 -3.933462e+00
         vertex -7.750000e+01 3.807579e+00 -4.464210e+00
      endloop
   endfacet
   facet normal -0.000000e+00 -5.469481e-01 -8.371665e-01
      outer loop
         vertex -5.550000e+01 3.807579e+00 -4.464210e+00
         vertex -7.750000e+01 3.807579e+00 -4.464210e+00
         vertex -5.550000e+01 4.913702e+00 -5.186876e+00
      endloop
   endfacet
   facet normal -0.000000e+00 -5.469481e-01 -8.371665e-01
      outer loop
         vertex -5.550000e+01 4.913702e+00 -5.186876e+00
         vertex -7.750000e+01 3.807579e+00 -4.464210e+00
         vertex -7.750000e+01 4.913702e+00 -5.186876e+00
      endloop
   endfacet
   facet normal -0.000000e+00 -6.772815e-01 -7.357240e-01
      outer loop
         vertex -5.550000e+01 4.913702e+00 -5.186876e+00
         vertex -7.750000e+01 4.913702e+00 -5.186876e+00
         vertex -5.550000e+01 5.885791e+00 -6.081747e+00
      endloop
   endfacet
   facet normal -0.000000e+00 -6.772815e-01 -7.357240e-01
      outer loop
         vertex -5.550000e+01 5.885791e+00 -6.081747e+00
         vertex -7.750000e+01 4.913702e+00 -5.186876e+00
         vertex -7.750000e+01 5.885791e+00 -6.081747e+00
      endloop
   endfacet
   facet normal -0.000000e+00 -7.891405e-01 -6.142127e-01
      outer loop
         vertex -5.550000e+01 5.885791e+00 -6.081747e+00
         vertex -7.750000e+01 5.885791e+00 -6.081747e+00
         vertex -5.550000e+01 6.697332e+00 -7.124415e+00
      endloop
   endfacet
   facet normal -0.000000e+00 -7.891405e-01 -6.142127e-01
      outer loop
         vertex -5.550000e+01 6.697332e+00 -7.124415e+00
         vertex -7.750000e+01 5.885791e+00 -6.081747e+00
         vertex -7.750000e+01 6.697332e+00 -7.124415e+00
      endloop
   endfacet
   facet normal -0.000000e+00 -8.794739e-01 -4.759471e-01
      outer loop
         vertex -5.550000e+01 6.697332e+00 -7.124415e+00
         vertex -7.750000e+01 6.697332e+00 -7.124415e+00
         vertex -5.550000e+01 7.326187e+00 -8.286437e+00
      endloop
   endfacet
   facet normal -0.000000e+00 -8.794739e-01 -4.759471e-01
      outer loop
         vertex -5.550000e+01 7.326187e+00 -8.286437e+00
         vertex -7.750000e+01 6.697332e+00 -7.124415e+00
         vertex -7.750000e+01 7.326187e+00 -8.286437e+00
      endloop
   endfacet
   facet normal -0.000000e+00 -9.458172e-01 -3.246996e-01
      outer loop
         vertex -5.550000e+01 7.326187e+00 -8.286437e+00
         vertex -7.750000e+01 7.326187e+00 -8.286437e+00
         vertex -5.550000e+01 7.755202e+00 -9.536116e+00
      endloop
   endfacet
   facet normal -0.000000e+00 -9.458172e-01 -3.246996e-01
      outer loop
         vertex -5.550000e+01 7.755202e+00 -9.536116e+00
         vertex -7.750000e+01 7.326187e+00 -8.286437e+00
         vertex -7.750000e+01 7.755202e+00 -9.536116e+00
      endloop
   endfacet
   facet normal -0.000000e+00 -9.863613e-01 -1.645948e-01
      outer loop
         vertex -5.550000e+01 7.755202e+00 -9.536116e+00
         vertex -7.750000e+01 7.755202e+00 -9.536116e+00
         vertex -5.550000e+01 7.972676e+00 -1.083937e+01
      endloop
   endfacet
   facet normal -0.000000e+00 -9.863613e-01 -1.645948e-01
      outer loop
         vertex -5.550000e+01 7.972676e+00 -1.083937e+01
         vertex -7.750000e+01 7.755202e+00 -9.536116e+00
         vertex -7.750000e+01 7.972676e+00 -1.083937e+01
      endloop
   endfacet
   facet normal -0.000000e+00 -1.000000e+00 -0.000000e+00
      outer loop
         vertex -5.550000e+01 7.972676e+00 -1.083937e+01
         vertex -7.750000e+01 7.972676e+00 -1.083937e+01
         vertex -5.550000e+01 7.972676e+00 -1.216063e+01
      endloop
   endfacet
   facet normal 0.000000e+00 -1.000000e+00 0.000000e+00
      outer loop
         vertex -5.550000e+01 7.972676e+00 -1.216063e+01
         vertex -7.750000e+01 7.972676e+00 -1.083937e+01
         vertex -7.750000e+01 7.972676e+00 -1.216063e+01
      endloop
   endfacet
   facet normal 0.000000e+00 -9.863613e-01 1.645948e-01
      outer loop
         vertex -5.550000e+01 7.972676e+00 -1.216063e+01
         vertex -7.750000e+01 7.972676e+00 -1.216063e+01
         vertex -5.550000e+01 7.755202e+00 -1.346388e+01
      endloop
   endfacet
   facet normal 0.000000e+00 -9.863613e-01 1.645948e-01
      outer loop
         vertex -5.550000e+01 7.755202e+00 -1.346388e+01
         vertex -7.750000e+01 7.972676e+00 -1.216063e+01
         vertex -7.750000e+01 7.755202e+00 -1.346388e+01
      endloop
   endfacet
   facet normal 0.000000e+00 -9.458172e-01 3.246996e-01
      outer loop
         vertex -5.550000e+01 7.755202e+00 -1.346388e+01
         vertex -7.750000e+01 7.755202e+00 -1.346388e+01
         vertex -5.550000e+01 7.326187e+00 -1.471356e+01
      endloop
   endfacet
   facet normal 0.000000e+00 -9.458172e-01 3.246996e-01
      outer loop
         vertex -5.550000e+01 7.326187e+00 -1.471356e+01
         vertex -7.750000e+01 7.755202e+00 -1.346388e+01
         vertex -7.750000e+01 7.326187e+00 -1.471356e+01
      endloop
   endfacet
   facet normal 0.000000e+00 -8.794739e-01 4.759471e-01
      outer loop
         vertex -5.550000e+01 7.326187e+00 -1.471356e+01
         vertex -7.750000e+01 7.326187e+00 -1.471356e+01
         vertex -5.550000e+01 6.697332e+00 -1.587559e+01
      endloop
   endfacet
   facet normal 0.000000e+00 -8.794739e-01 4.759471e-01
      outer loop
         vertex -5.550000e+01 6.697332e+00 -1.587559e+01
         vertex -7.750000e+01 7.326187e+00 -1.471356e+01
         vertex -7.750000e+01 6.697332e+00 -1.587559e+01
      endloop
   endfacet
   facet normal 0.000000e+00 -7.891407e-01 6.142125e-01
      outer loop
         vertex -5.550000e+01 6.697332e+00 -1.587559e+01
         vertex -7.750000e+01 6.697332e+00 -1.587559e+01
         vertex -5.550000e+01 5.885791e+00 -1.691825e+01
      endloop
   endfacet
   facet normal 0.000000e+00 -7.891407e-01 6.142125e-01
      outer loop
         vertex -5.550000e+01 5.885791e+00 -1.691825e+01
         vertex -7.750000e+01 6.697332e+00 -1.587559e+01
         vertex -7.750000e+01 5.885791e+00 -1.691825e+01
      endloop
   endfacet
   facet normal 0.000000e+00 -6.772811e-01 7.357243e-01
      outer loop
         vertex -5.550000e+01 5.885791e+00 -1.691825e+01
         vertex -7.750000e+01 5.885791e+00 -1.691825e+01
         vertex -5.550000e+01 4.913702e+00 -1.781312e+01
      endloop
   endfacet
   facet normal 0.000000e+00 -6.772811e-01 7.357243e-01
      outer loop
         vertex -5.550000e+01 4.913702e+00 -1.781312e+01
         vertex -7.750000e+01 5.885791e+00 -1.691825e+01
         vertex -7.750000e+01 4.913702e+00 -1.781312e+01
      endloop
   endfacet
   facet normal 0.000000e+00 -5.469479e-01 8.371667e-01
      outer loop
         vertex -5.550000e+01 4.913702e+00 -1.781312e+01
         vertex -7.750000e+01 4.913702e+00 -1.781312e+01
         vertex -5.550000e+01 3.807579e+00 -1.853579e+01
      endloop
   endfacet
   facet normal 0.000000e+00 -5.469479e-01 8.371667e-01
      outer loop
         vertex -5.550000e+01 3.807579e+00 -1.853579e+01
         vertex -7.750000e+01 4.913702e+00 -1.781312e+01
         vertex -7.750000e+01 3.807579e+00 -1.853579e+01
      endloop
   endfacet
   facet normal 0.000000e+00 -4.016965e-01 9.157729e-01
      outer loop
         vertex -5.550000e+01 3.807579e+00 -1.853579e+01
         vertex -7.750000e+01 3.807579e+00 -1.853579e+01
         vertex -5.550000e+01 2.597596e+00 -1.906654e+01
      endloop
   endfacet
   facet normal 0.000000e+00 -4.016965e-01 9.157729e-01
      outer loop
         vertex -5.550000e+01 2.597596e+00 -1.906654e+01
         vertex -7.750000e+01 3.807579e+00 -1.853579e+01
         vertex -7.750000e+01 2.597596e+00 -1.906654e+01
      endloop
   endfacet
   facet normal 0.000000e+00 -2.454849e-01 9.694004e-01
      outer loop
         vertex -5.550000e+01 2.597596e+00 -1.906654e+01
         vertex -7.750000e+01 2.597596e+00 -1.906654e+01
         vertex -5.550000e+01 1.316757e+00 -1.939089e+01
      endloop
   endfacet
   facet normal 0.000000e+00 -2.454849e-01 9.694004e-01
      outer loop
         vertex -5.550000e+01 1.316757e+00 -1.939089e+01
         vertex -7.750000e+01 2.597596e+00 -1.906654e+01
         vertex -7.750000e+01 1.316757e+00 -1.939089e+01
      endloop
   endfacet
   facet normal 0.000000e+00 -8.257969e-02 9.965845e-01
      outer loop
         vertex -5.550000e+01 1.316757e+00 -1.939089e+01
         vertex -7.750000e+01 1.316757e+00 -1.939089e+01
         vertex -5.550000e+01 9.797175e-16 -1.950000e+01
      endloop
   endfacet
   facet normal 0.000000e+00 -8.257969e-02 9.965845e-01
      outer loop
         vertex -5.550000e+01 9.797175e-16 -1.950000e+01
         vertex -7.750000e+01 1.316757e+00 -1.939089e+01
         vertex -7.750000e+01 9.797175e-16 -1.950000e+01
      endloop
   endfacet
   facet normal 0.000000e+00 8.257969e-02 9.965845e-01
      outer loop
         vertex -5.550000e+01 9.797175e-16 -1.950000e+01
         vertex -7.750000e+01 9.797175e-16 -1.950000e+01
         vertex -5.550000e+01 -1.316757e+00 -1.939089e+01
      endloop
   endfacet
   facet normal 0.000000e+00 8.257969e-02 9.965845e-01
      outer loop
         vertex -5.550000e+01 -1.316757e+00 -1.939089e+01
         vertex -7.750000e+01 9.797175e-16 -1.950000e+01
         vertex -7.750000e+01 -1.316757e+00 -1.939089e+01
      endloop
   endfacet
   facet normal 0.000000e+00 2.454849e-01 9.694004e-01
      outer loop
         vertex -5.550000e+01 -1.316757e+00 -1.939089e+01
         vertex -7.750000e+01 -1.316757e+00 -1.939089e+01
         vertex -5.550000e+01 -2.597596e+00 -1.906654e+01
      endloop
   endfacet
   facet normal 0.000000e+00 2.454849e-01 9.694004e-01
      outer loop
         vertex -5.550000e+01 -2.597596e+00 -1.906654e+01
         vertex -7.750000e+01 -1.316757e+00 -1.939089e+01
         vertex -7.750000e+01 -2.597596e+00 -1.906654e+01
      endloop
   endfacet
   facet normal 0.000000e+00 4.016965e-01 9.157729e-01
      outer loop
         vertex -5.550000e+01 -2.597596e+00 -1.906654e+01
         vertex -7.750000e+01 -2.597596e+00 -1.906654e+01
         vertex -5.550000e+01 -3.807579e+00 -1.853579e+01
      endloop
   endfacet
   facet normal 0.000000e+00 4.016965e-01 9.157729e-01
      outer loop
         vertex -5.550000e+01 -3.807579e+00 -1.853579e+01
         vertex -7.750000e+01 -2.597596e+00 -1.906654e+01
         vertex -7.750000e+01 -3.807579e+00 -1.853579e+01
      endloop
   endfacet
   facet normal 0.000000e+00 5.469479e-01 8.371667e-01
      outer loop
         vertex -5.550000e+01 -3.807579e+00 -1.853579e+01
         vertex -7.750000e+01 -3.807579e+00 -1.853579e+01
         vertex -5.550000e+01 -4.913702e+00 -1.781312e+01
      endloop
   endfacet
   facet normal 0.000000e+00 5.469479e-01 8.371667e-01
      outer loop
         vertex -5.550000e+01 -4.913702e+00 -1.781312e+01
         vertex -7.750000e+01 -3.807579e+00 -1.853579e+01
         vertex -7.750000e+01 -4.913702e+00 -1.781312e+01
      endloop
   endfacet
   facet normal 0.000000e+00 6.772811e-01 7.357243e-01
      outer loop
         vertex -5.550000e+01 -4.913702e+00 -1.781312e+01
         vertex -7.750000e+01 -4.913702e+00 -1.781312e+01
         vertex -5.550000e+01 -5.885791e+00 -1.691825e+01
      endloop
   endfacet
   facet normal 0.000000e+00 6.772811e-01 7.357243e-01
      outer loop
         vertex -5.550000e+01 -5.885791e+00 -1.691825e+01
         vertex -7.750000e+01 -4.913702e+00 -1.781312e+01
         vertex -7.750000e+01 -5.885791e+00 -1.691825e+01
      endloop
   endfacet
   facet normal 0.000000e+00 7.891407e-01 6.142125e-01
      outer loop
         vertex -5.550000e+01 -5.885791e+00 -1.691825e+01
         vertex -7.750000e+01 -5.885791e+00 -1.691825e+01
         vertex -5.550000e+01 -6.697332e+00 -1.587559e+01
      endloop
   endfacet
   facet normal 0.000000e+00 7.891407e-01 6.142125e-01
      outer loop
         vertex -5.550000e+01 -6.697332e+00 -1.587559e+01
         vertex -7.750000e+01 -5.885791e+00 -1.691825e+01
         vertex -7.750000e+01 -6.697332e+00 -1.587559e+01
      endloop
   endfacet
   facet normal 0.000000e+00 8.794739e-01 4.759471e-01
      outer loop
         vertex -5.550000e+01 -6.697332e+00 -1.587559e+01
         vertex -7.750000e+01 -6.697332e+00 -1.587559e+01
         vertex -5.550000e+01 -7.326187e+00 -1.471356e+01
      endloop
   endfacet
   facet normal 0.000000e+00 8.794739e-01 4.759471e-01
      outer loop
         vertex -5.550000e+01 -7.326187e+00 -1.471356e+01
         vertex -7.750000e+01 -6.697332e+00 -1.587559e+01
         vertex -7.750000e+01 -7.326187e+00 -1.471356e+01
      endloop
   endfacet
   facet normal 0.000000e+00 9.458172e-01 3.246996e-01
      outer loop
         vertex -5.550000e+01 -7.326187e+00 -1.471356e+01
         vertex -7.750000e+01 -7.326187e+00 -1.471356e+01
         vertex -5.550000e+01 -7.755202e+00 -1.346388e+01
      endloop
   endfacet
   facet normal 0.000000e+00 9.458172e-01 3.246996e-01
      outer loop
         vertex -5.550000e+01 -7.755202e+00 -1.346388e+01
         vertex -7.750000e+01 -7.326187e+00 -1.471356e+01
         vertex -7.750000e+01 -7.755202e+00 -1.346388e+01
      endloop
   endfacet
   facet normal 0.000000e+00 9.863613e-01 1.645948e-01
      outer loop
         vertex -5.550000e+01 -7.755202e+00 -1.346388e+01
         vertex -7.750000e+01 -7.755202e+00 -1.346388e+01
         vertex -5.550000e+01 -7.972676e+00 -1.216063e+01
      endloop
   endfacet
   facet normal 0.000000e+00 9.863613e-01 1.645948e-01
      outer loop
         vertex -5.550000e+01 -7.972676e+00 -1.216063e+01
         vertex -7.750000e+01 -7.755202e+00 -1.346388e+01
         vertex -7.750000e+01 -7.972676e+00 -1.216063e+01
      endloop
   endfacet
   facet normal 0.000000e+00 1.000000e+00 -0.000000e+00
      outer loop
         vertex -5.550000e+01 -7.972676e+00 -1.216063e+01
         vertex -7.750000e+01 -7.972676e+00 -1.216063e+01
         vertex -5.550000e+01 -7.972676e+00 -1.083937e+01
      endloop
   endfacet
   facet normal 0.000000e+00 1.000000e+00 0.000000e+00
      outer loop
         vertex -5.550000e+01 -7.972676e+00 -1.083937e+01
         vertex -7.750000e+01 -7.972676e+00 -1.216063e+01
         vertex -7.750000e+01 -7.972676e+00 -1.083937e+01
      endloop
   endfacet
   facet normal 0.000000e+00 9.863613e-01 -1.645948e-01
      outer loop
         vertex -5.550000e+01 -7.972676e+00 -1.083937e+01
         vertex -7.750000e+01 -7.972676e+00 -1.083937e+01
         vertex -5.550000e+01 -7.755202e+00 -9.536116e+00
      endloop
   endfacet
   facet normal 0.000000e+00 9.863613e-01 -1.645948e-01
      outer loop
         vertex -5.550000e+01 -7.755202e+00 -9.536116e+00
         vertex -7.750000e+01 -7.972676e+00 -1.083937e+01
         vertex -7.750000e+01 -7.755202e+00 -9.536116e+00
      endloop
   endfacet
   facet normal 0.000000e+00 9.458172e-01 -3.246996e-01
      outer loop
         vertex -5.550000e+01 -7.755202e+00 -9.536116e+00
         vertex -7.750000e+01 -7.755202e+00 -9.536116e+00
         vertex -5.550000e+01 -7.326187e+00 -8.286437e+00
      endloop
   endfacet
   facet normal 0.000000e+00 9.458172e-01 -3.246996e-01
      outer loop
         vertex -5.550000e+01 -7.326187e+00 -8.286437e+00
         vertex -7.750000e+01 -7.755202e+00 -9.536116e+00
         vertex -7.750000e+01 -7.326187e+00 -8.286437e+00
      endloop
   endfacet
   facet normal 0.000000e+00 8.794739e-01 -4.759471e-01
      outer loop
         vertex -5.550000e+01 -7.326187e+00 -8.286437e+00
         vertex -7.750000e+01 -7.326187e+00 -8.286437e+00
         vertex -5.550000e+01 -6.697332e+00 -7.124415e+00
      endloop
   endfacet
   facet normal 0.000000e+00 8.794739e-01 -4.759471e-01
      outer loop
         vertex -5.550000e+01 -6.697332e+00 -7.124415e+00
         vertex -7.750000e+01 -7.326187e+00 -8.286437e+00
         vertex -7.750000e+01 -6.697332e+00 -7.124415e+00
      endloop
   endfacet
   facet normal 0.000000e+00 7.891405e-01 -6.142127e-01
      outer loop
         vertex -5.550000e+01 -6.697332e+00 -7.124415e+00
         vertex -7.750000e+01 -6.697332e+00 -7.124415e+00
         vertex -5.550000e+01 -5.885791e+00 -6.081747e+00
      endloop
   endfacet
   facet normal 0.000000e+00 7.891405e-01 -6.142127e-01
      outer loop
         vertex -5.550000e+01 -5.885791e+00 -6.081747e+00
         vertex -7.750000e+01 -6.697332e+00 -7.124415e+00
         vertex -7.750000e+01 -5.885791e+00 -6.081747e+00
      endloop
   endfacet
   facet normal 0.000000e+00 6.772815e-01 -7.357240e-01
      outer loop
         vertex -5.550000e+01 -5.885791e+00 -6.081747e+00
         vertex -7.750000e+01 -5.885791e+00 -6.081747e+00
         vertex -5.550000e+01 -4.913702e+00 -5.186876e+00
      endloop
   endfacet
   facet normal 0.000000e+00 6.772815e-01 -7.357240e-01
      outer loop
         vertex -5.550000e+01 -4.913702e+00 -5.186876e+00
         vertex -7.750000e+01 -5.885791e+00 -6.081747e+00
         vertex -7.750000e+01 -4.913702e+00 -5.186876e+00
      endloop
   endfacet
   facet normal 0.000000e+00 5.469481e-01 -8.371665e-01
      outer loop
         vertex -5.550000e+01 -4.913702e+00 -5.186876e+00
         vertex -7.750000e+01 -4.913702e+00 -5.186876e+00
         vertex -5.550000e+01 -3.807579e+00 -4.464210e+00
      endloop
   endfacet
   facet normal 0.000000e+00 5.469481e-01 -8.371665e-01
      outer loop
         vertex -5.550000e+01 -3.807579e+00 -4.464210e+00
         vertex -7.750000e+01 -4.913702e+00 -5.186876e+00
         vertex -7.750000e+01 -3.807579e+00 -4.464210e+00
      endloop
   endfacet
   facet normal 0.000000e+00 4.016956e-01 -9.157733e-01
      outer loop
         vertex -5.550000e+01 -3.807579e+00 -4.464210e+00
         vertex -7.750000e+01 -3.807579e+00 -4.464210e+00
         vertex -5.550000e+01 -2.597596e+00 -3.933462e+00
      endloop
   endfacet
   facet normal 0.000000e+00 4.016956e-01 -9.157733e-01
      outer loop
         vertex -5.550000e+01 -2.597596e+00 -3.933462e+00
         vertex -7.750000e+01 -3.807579e+00 -4.464210e+00
         vertex -7.750000e+01 -2.597596e+00 -3.933462e+00
      endloop
   endfacet
   facet normal 0.000000e+00 2.454853e-01 -9.694003e-01
      outer loop
         vertex -5.550000e+01 -2.597596e+00 -3.933462e+00
         vertex -7.750000e+01 -2.597596e+00 -3.933462e+00
         vertex -5.550000e+01 -1.316757e+00 -3.609110e+00
      endloop
   endfacet
   facet normal 0.000000e+00 2.454853e-01 -9.694003e-01
      outer loop
         vertex -5.550000e+01 -1.316757e+00 -3.609110e+00
         vertex -7.750000e+01 -2.597596e+00 -3.933462e+00
         vertex -7.750000e+01 -1.316757e+00 -3.609110e+00
      endloop
   endfacet
   facet normal 0.000000e+00 8.257934e-02 -9.965845e-01
      outer loop
         vertex -5.550000e+01 -1.316757e+00 -3.609110e+00
         vertex -7.750000e+01 -1.316757e+00 -3.609110e+00
         vertex -5.550000e+01 -1.959435e-15 -3.500000e+00
      endloop
   endfacet
   facet normal 0.000000e+00 8.257934e-02 -9.965845e-01
      outer loop
         vertex -5.550000e+01 -1.959435e-15 -3.500000e+00
         vertex -7.750000e+01 -1.316757e+00 -3.609110e+00
         vertex -7.750000e+01 -1.959435e-15 -3.500000e+00
      endloop
   endfacet
   facet normal 1.000000e+00 0.000000e+00 0.000000e+00
      outer loop
         vertex -4.800000e+01 -1.750000e+01 -2.050000e+01
         vertex -4.800000e+01 -1.450000e+01 -2.050000e+01
         vertex -4.800000e+01 -1.750000e+01 -1.600000e+01
      endloop
   endfacet
   facet normal 1.000000e+00 -0.000000e+00 0.000000e+00
      outer loop
         vertex -4.800000e+01 -1.750000e+01 -1.600000e+01
         vertex -4.800000e+01 -1.450000e+01 -2.050000e+01
         vertex -4.800000e+01 -1.450000e+01 -2.000000e+00
      endloop
   endfacet
   facet normal 1.000000e+00 0.000000e+00 -0.000000e+00
      outer loop
         vertex -4.800000e+01 -1.252606e+01 8.190779e-01
         vertex -4.800000e+01 -1.202094e+01 9.544233e-01
         vertex -4.800000e+01 -1.750000e+01 1.794713e-15
      endloop
   endfacet
   facet normal 1.000000e+00 0.000000e+00 0.000000e+00
      outer loop
         vertex -4.800000e+01 2.080000e+01 -8.000000e+00
         vertex -4.800000e+01 1.750000e+01 -8.000000e+00
         vertex -4.800000e+01 2.150000e+01 -8.700000e+00
      endloop
   endfacet
   facet normal 1.000000e+00 0.000000e+00 0.000000e+00
      outer loop
         vertex -4.800000e+01 2.150000e+01 -8.700000e+00
         vertex -4.800000e+01 1.750000e+01 -8.000000e+00
         vertex -4.800000e+01 1.750000e+01 -1.600000e+01
      endloop
   endfacet
   facet normal 1.000000e+00 0.000000e+00 0.000000e+00
      outer loop
         vertex -4.800000e+01 2.150000e+01 -8.700000e+00
         vertex -4.800000e+01 1.750000e+01 -1.600000e+01
         vertex -4.800000e+01 2.150000e+01 -1.530000e+01
      endloop
   endfacet
   facet normal 1.000000e+00 0.000000e+00 0.000000e+00
      outer loop
         vertex -4.800000e+01 2.150000e+01 -1.530000e+01
         vertex -4.800000e+01 1.750000e+01 -1.600000e+01
         vertex -4.800000e+01 2.080000e+01 -1.600000e+01
      endloop
   endfacet
   facet normal 1.000000e+00 0.000000e+00 0.000000e+00
      outer loop
         vertex -4.800000e+01 1.300000e+01 5.980762e-01
         vertex -4.800000e+01 1.342836e+01 2.981333e-01
         vertex -4.800000e+01 1.750000e+01 9.979723e-15
      endloop
   endfacet
   facet normal 1.000000e+00 0.000000e+00 0.000000e+00
      outer loop
         vertex -4.800000e+01 1.750000e+01 9.979723e-15
         vertex -4.800000e+01 1.342836e+01 2.981333e-01
         vertex -4.800000e+01 1.379813e+01 -7.163717e-02
      endloop
   endfacet
   facet normal 1.000000e+00 0.000000e+00 0.000000e+00
      outer loop
         vertex -4.800000e+01 1.450000e+01 -2.050000e+01
         vertex -4.800000e+01 1.750000e+01 -2.050000e+01
         vertex -4.800000e+01 1.450000e+01 -2.000000e+00
      endloop
   endfacet
   facet normal 1.000000e+00 0.000000e+00 0.000000e+00
      outer loop
         vertex -4.800000e+01 1.450000e+01 -2.000000e+00
         vertex -4.800000e+01 1.750000e+01 -2.050000e+01
         vertex -4.800000e+01 1.750000e+01 -1.600000e+01
      endloop
   endfacet
   facet normal 1.000000e+00 -0.000000e+00 -0.000000e+00
      outer loop
         vertex -4.800000e+01 1.450000e+01 -2.000000e+00
         vertex -4.800000e+01 1.750000e+01 -1.600000e+01
         vertex -4.800000e+01 1.445442e+01 -1.479055e+00
      endloop
   endfacet
   facet normal 1.000000e+00 0.000000e+00 0.000000e+00
      outer loop
         vertex -4.800000e+01 1.445442e+01 -1.479055e+00
         vertex -4.800000e+01 1.750000e+01 -1.600000e+01
         vertex -4.800000e+01 1.750000e+01 -8.000000e+00
      endloop
   endfacet
   facet normal 1.000000e+00 -0.000000e+00 0.000000e+00
      outer loop
         vertex -4.800000e+01 1.445442e+01 -1.479055e+00
         vertex -4.800000e+01 1.750000e+01 -8.000000e+00
         vertex -4.800000e+01 1.750000e+01 9.979723e-15
      endloop
   endfacet
   facet normal 1.000000e+00 0.000000e+00 0.000000e+00
      outer loop
         vertex -4.800000e+01 -3.800000e+01 4.000000e+00
         vertex -4.800000e+01 -3.800000e+01 -2.590733e-15
         vertex -4.800000e+01 -1.750000e+01 1.794713e-15
      endloop
   endfacet
   facet normal 1.000000e+00 -0.000000e+00 0.000000e+00
      outer loop
         vertex -4.800000e+01 1.202094e+01 9.544233e-01
         vertex -4.800000e+01 3.800000e+01 1.518243e-14
         vertex -4.800000e+01 3.800000e+01 4.000000e+00
      endloop
   endfacet
   facet normal 1.000000e+00 -0.000000e+00 0.000000e+00
      outer loop
         vertex -4.800000e+01 -2.080000e+01 -8.000000e+00
         vertex -4.800000e+01 -2.150000e+01 -8.700000e+00
         vertex -4.800000e+01 -1.750000e+01 -8.000000e+00
      endloop
   endfacet
   facet normal 1.000000e+00 0.000000e+00 0.000000e+00
      outer loop
         vertex -4.800000e+01 -1.750000e+01 -8.000000e+00
         vertex -4.800000e+01 -2.150000e+01 -8.700000e+00
         vertex -4.800000e+01 -2.150000e+01 -1.530000e+01
      endloop
   endfacet
   facet normal 1.000000e+00 0.000000e+00 0.000000e+00
      outer loop
         vertex -4.800000e+01 3.800000e+01 1.518243e-14
         vertex -4.800000e+01 1.202094e+01 9.544233e-01
         vertex -4.800000e+01 1.750000e+01 9.979723e-15
      endloop
   endfacet
   facet normal 1.000000e+00 0.000000e+00 0.000000e+00
      outer loop
         vertex -4.800000e+01 1.750000e+01 9.979723e-15
         vertex -4.800000e+01 1.202094e+01 9.544233e-01
         vertex -4.800000e+01 1.252606e+01 8.190779e-01
      endloop
   endfacet
   facet normal 1.000000e+00 0.000000e+00 0.000000e+00
      outer loop
         vertex -4.800000e+01 1.750000e+01 9.979723e-15
         vertex -4.800000e+01 1.252606e+01 8.190779e-01
         vertex -4.800000e+01 1.300000e+01 5.980762e-01
      endloop
   endfacet
   facet normal 1.000000e+00 -0.000000e+00 0.000000e+00
      outer loop
         vertex -4.800000e+01 1.379813e+01 -7.163717e-02
         vertex -4.800000e+01 1.409808e+01 -5.000000e-01
         vertex -4.800000e+01 1.750000e+01 9.979723e-15
      endloop
   endfacet
   facet normal 1.000000e+00 0.000000e+00 0.000000e+00
      outer loop
         vertex -4.800000e+01 1.750000e+01 9.979723e-15
         vertex -4.800000e+01 1.409808e+01 -5.000000e-01
         vertex -4.800000e+01 1.431908e+01 -9.739395e-01
      endloop
   endfacet
   facet normal 1.000000e+00 0.000000e+00 0.000000e+00
      outer loop
         vertex -4.800000e+01 1.750000e+01 9.979723e-15
         vertex -4.800000e+01 1.431908e+01 -9.739395e-01
         vertex -4.800000e+01 1.445442e+01 -1.479055e+00
      endloop
   endfacet
   facet normal 1.000000e+00 0.000000e+00 -0.000000e+00
      outer loop
         vertex -4.800000e+01 -1.750000e+01 1.794713e-15
         vertex -4.800000e+01 -1.202094e+01 9.544233e-01
         vertex -4.800000e+01 -3.800000e+01 4.000000e+00
      endloop
   endfacet
   facet normal 1.000000e+00 0.000000e+00 0.000000e+00
      outer loop
         vertex -4.800000e+01 -3.800000e+01 4.000000e+00
         vertex -4.800000e+01 -1.202094e+01 9.544233e-01
         vertex -4.800000e+01 -1.150000e+01 1.000000e+00
      endloop
   endfacet
   facet normal 1.000000e+00 -0.000000e+00 0.000000e+00
      outer loop
         vertex -4.800000e+01 -3.800000e+01 4.000000e+00
         vertex -4.800000e+01 -1.150000e+01 1.000000e+00
         vertex -4.800000e+01 3.800000e+01 4.000000e+00
      endloop
   endfacet
   facet normal 1.000000e+00 0.000000e+00 0.000000e+00
      outer loop
         vertex -4.800000e+01 3.800000e+01 4.000000e+00
         vertex -4.800000e+01 -1.150000e+01 1.000000e+00
         vertex -4.800000e+01 1.150000e+01 1.000000e+00
      endloop
   endfacet
   facet normal 1.000000e+00 0.000000e+00 0.000000e+00
      outer loop
         vertex -4.800000e+01 3.800000e+01 4.000000e+00
         vertex -4.800000e+01 1.150000e+01 1.000000e+00
         vertex -4.800000e+01 1.202094e+01 9.544233e-01
      endloop
   endfacet
   facet normal 1.000000e+00 0.000000e+00 -0.000000e+00
      outer loop
         vertex -4.800000e+01 -1.445442e+01 -1.479055e+00
         vertex -4.800000e+01 -1.431908e+01 -9.739395e-01
         vertex -4.800000e+01 -1.750000e+01 1.794713e-15
      endloop
   endfacet
   facet normal 1.000000e+00 0.000000e+00 0.000000e+00
      outer loop
         vertex -4.800000e+01 -1.750000e+01 1.794713e-15
         vertex -4.800000e+01 -1.431908e+01 -9.739395e-01
         vertex -4.800000e+01 -1.409808e+01 -5.000000e-01
      endloop
   endfacet
   facet normal 1.000000e+00 0.000000e+00 0.000000e+00
      outer loop
         vertex -4.800000e+01 -1.750000e+01 1.794713e-15
         vertex -4.800000e+01 -1.409808e+01 -5.000000e-01
         vertex -4.800000e+01 -1.379813e+01 -7.163717e-02
      endloop
   endfacet
   facet normal 1.000000e+00 0.000000e+00 -0.000000e+00
      outer loop
         vertex -4.800000e+01 -1.379813e+01 -7.163717e-02
         vertex -4.800000e+01 -1.342836e+01 2.981333e-01
         vertex -4.800000e+01 -1.750000e+01 1.794713e-15
      endloop
   endfacet
   facet normal 1.000000e+00 0.000000e+00 0.000000e+00
      outer loop
         vertex -4.800000e+01 -1.750000e+01 1.794713e-15
         vertex -4.800000e+01 -1.342836e+01 2.981333e-01
         vertex -4.800000e+01 -1.300000e+01 5.980762e-01
      endloop
   endfacet
   facet normal 1.000000e+00 0.000000e+00 0.000000e+00
      outer loop
         vertex -4.800000e+01 -1.750000e+01 1.794713e-15
         vertex -4.800000e+01 -1.300000e+01 5.980762e-01
         vertex -4.800000e+01 -1.252606e+01 8.190779e-01
      endloop
   endfacet
   facet normal 1.000000e+00 0.000000e+00 0.000000e+00
      outer loop
         vertex -4.800000e+01 -1.445442e+01 -1.479055e+00
         vertex -4.800000e+01 -1.750000e+01 1.794713e-15
         vertex -4.800000e+01 -1.450000e+01 -2.000000e+00
      endloop
   endfacet
   facet normal 1.000000e+00 0.000000e+00 0.000000e+00
      outer loop
         vertex -4.800000e+01 -1.450000e+01 -2.000000e+00
         vertex -4.800000e+01 -1.750000e+01 1.794713e-15
         vertex -4.800000e+01 -1.750000e+01 -8.000000e+00
      endloop
   endfacet
   facet normal 1.000000e+00 0.000000e+00 0.000000e+00
      outer loop
         vertex -4.800000e+01 -1.450000e+01 -2.000000e+00
         vertex -4.800000e+01 -1.750000e+01 -8.000000e+00
         vertex -4.800000e+01 -1.750000e+01 -1.600000e+01
      endloop
   endfacet
   facet normal 1.000000e+00 0.000000e+00 -0.000000e+00
      outer loop
         vertex -4.800000e+01 -1.750000e+01 -1.600000e+01
         vertex -4.800000e+01 -1.750000e+01 -8.000000e+00
         vertex -4.800000e+01 -2.150000e+01 -1.530000e+01
      endloop
   endfacet
   facet normal 1.000000e+00 0.000000e+00 0.000000e+00
      outer loop
         vertex -4.800000e+01 -1.750000e+01 -1.600000e+01
         vertex -4.800000e+01 -2.150000e+01 -1.530000e+01
         vertex -4.800000e+01 -2.080000e+01 -1.600000e+01
      endloop
   endfacet
   facet normal -1.000000e+00 0.000000e+00 0.000000e+00
      outer loop
         vertex -8.200000e+01 2.150000e+01 -1.530000e+01
         vertex -8.200000e+01 2.080000e+01 -1.600000e+01
         vertex -8.200000e+01 1.750000e+01 -1.600000e+01
      endloop
   endfacet
   facet normal -1.000000e+00 0.000000e+00 0.000000e+00
      outer loop
         vertex -8.200000e+01 -1.450000e+01 -2.050000e+01
         vertex -8.200000e+01 -1.750000e+01 -2.050000e+01
         vertex -8.200000e+01 -1.450000e+01 -2.000000e+00
      endloop
   endfacet
   facet normal -1.000000e+00 0.000000e+00 0.000000e+00
      outer loop
         vertex -8.200000e+01 -1.450000e+01 -2.000000e+00
         vertex -8.200000e+01 -1.750000e+01 -2.050000e+01
         vertex -8.200000e+01 -1.750000e+01 -1.600000e+01
      endloop
   endfacet
   facet normal -1.000000e+00 -0.000000e+00 0.000000e+00
      outer loop
         vertex -8.200000e+01 -1.450000e+01 -2.000000e+00
         vertex -8.200000e+01 -1.750000e+01 -1.600000e+01
         vertex -8.200000e+01 -1.445442e+01 -1.479055e+00
      endloop
   endfacet
   facet normal -1.000000e+00 0.000000e+00 0.000000e+00
      outer loop
         vertex -8.200000e+01 1.750000e+01 -2.050000e+01
         vertex -8.200000e+01 1.450000e+01 -2.050000e+01
         vertex -8.200000e+01 1.750000e+01 -1.600000e+01
      endloop
   endfacet
   facet normal -1.000000e+00 -0.000000e+00 0.000000e+00
      outer loop
         vertex -8.200000e+01 1.750000e+01 -1.600000e+01
         vertex -8.200000e+01 1.450000e+01 -2.050000e+01
         vertex -8.200000e+01 1.450000e+01 -2.000000e+00
      endloop
   endfacet
   facet normal -1.000000e+00 0.000000e+00 0.000000e+00
      outer loop
         vertex -8.200000e+01 -2.150000e+01 -8.700000e+00
         vertex -8.200000e+01 -2.080000e+01 -8.000000e+00
         vertex -8.200000e+01 -1.750000e+01 -8.000000e+00
      endloop
   endfacet
   facet normal -1.000000e+00 -0.000000e+00 0.000000e+00
      outer loop
         vertex -8.200000e+01 -1.750000e+01 1.794713e-15
         vertex -8.200000e+01 -3.100000e+01 -1.093264e-15
         vertex -8.200000e+01 -3.100000e+01 3.000000e+00
      endloop
   endfacet
   facet normal -1.000000e+00 0.000000e+00 0.000000e+00
      outer loop
         vertex -8.200000e+01 -1.750000e+01 -1.600000e+01
         vertex -8.200000e+01 -2.080000e+01 -1.600000e+01
         vertex -8.200000e+01 -2.150000e+01 -1.530000e+01
      endloop
   endfacet
   facet normal -1.000000e+00 0.000000e+00 0.000000e+00
      outer loop
         vertex -8.200000e+01 1.252606e+01 8.190779e-01
         vertex -8.200000e+01 1.202094e+01 9.544233e-01
         vertex -8.200000e+01 1.750000e+01 9.979723e-15
      endloop
   endfacet
   facet normal -1.000000e+00 0.000000e+00 0.000000e+00
      outer loop
         vertex -8.200000e+01 -1.252606e+01 8.190779e-01
         vertex -8.200000e+01 -1.300000e+01 5.980762e-01
         vertex -8.200000e+01 -1.750000e+01 1.794713e-15
      endloop
   endfacet
   facet normal -1.000000e+00 -0.000000e+00 0.000000e+00
      outer loop
         vertex -8.200000e+01 -1.252606e+01 8.190779e-01
         vertex -8.200000e+01 -1.750000e+01 1.794713e-15
         vertex -8.200000e+01 -1.202094e+01 9.544233e-01
      endloop
   endfacet
   facet normal -1.000000e+00 -0.000000e+00 0.000000e+00
      outer loop
         vertex -8.200000e+01 -1.202094e+01 9.544233e-01
         vertex -8.200000e+01 -1.750000e+01 1.794713e-15
         vertex -8.200000e+01 -3.100000e+01 3.000000e+00
      endloop
   endfacet
   facet normal -1.000000e+00 0.000000e+00 0.000000e+00
      outer loop
         vertex -8.200000e+01 -1.202094e+01 9.544233e-01
         vertex -8.200000e+01 -3.100000e+01 3.000000e+00
         vertex -8.200000e+01 -1.150000e+01 1.000000e+00
      endloop
   endfacet
   facet normal -1.000000e+00 0.000000e+00 0.000000e+00
      outer loop
         vertex -8.200000e+01 -1.150000e+01 1.000000e+00
         vertex -8.200000e+01 -3.100000e+01 3.000000e+00
         vertex -8.200000e+01 3.100000e+01 3.000000e+00
      endloop
   endfacet
   facet normal -1.000000e+00 0.000000e+00 0.000000e+00
      outer loop
         vertex -8.200000e+01 -1.150000e+01 1.000000e+00
         vertex -8.200000e+01 3.100000e+01 3.000000e+00
         vertex -8.200000e+01 1.150000e+01 1.000000e+00
      endloop
   endfacet
   facet normal -1.000000e+00 0.000000e+00 0.000000e+00
      outer loop
         vertex -8.200000e+01 1.750000e+01 -8.000000e+00
         vertex -8.200000e+01 2.080000e+01 -8.000000e+00
         vertex -8.200000e+01 2.150000e+01 -8.700000e+00
      endloop
   endfacet
   facet normal -1.000000e+00 0.000000e+00 0.000000e+00
      outer loop
         vertex -8.200000e+01 -1.300000e+01 5.980762e-01
         vertex -8.200000e+01 -1.342836e+01 2.981333e-01
         vertex -8.200000e+01 -1.750000e+01 1.794713e-15
      endloop
   endfacet
   facet normal -1.000000e+00 0.000000e+00 0.000000e+00
      outer loop
         vertex -8.200000e+01 -1.750000e+01 1.794713e-15
         vertex -8.200000e+01 -1.342836e+01 2.981333e-01
         vertex -8.200000e+01 -1.379813e+01 -7.163717e-02
      endloop
   endfacet
   facet normal -1.000000e+00 0.000000e+00 0.000000e+00
      outer loop
         vertex -8.200000e+01 -1.750000e+01 1.794713e-15
         vertex -8.200000e+01 -1.379813e+01 -7.163717e-02
         vertex -8.200000e+01 -1.409808e+01 -5.000000e-01
      endloop
   endfacet
   facet normal -1.000000e+00 -0.000000e+00 0.000000e+00
      outer loop
         vertex -8.200000e+01 -1.409808e+01 -5.000000e-01
         vertex -8.200000e+01 -1.431908e+01 -9.739395e-01
         vertex -8.200000e+01 -1.750000e+01 1.794713e-15
      endloop
   endfacet
   facet normal -1.000000e+00 0.000000e+00 0.000000e+00
      outer loop
         vertex -8.200000e+01 -1.750000e+01 1.794713e-15
         vertex -8.200000e+01 -1.431908e+01 -9.739395e-01
         vertex -8.200000e+01 -1.445442e+01 -1.479055e+00
      endloop
   endfacet
   facet normal -1.000000e+00 0.000000e+00 0.000000e+00
      outer loop
         vertex -8.200000e+01 -1.750000e+01 1.794713e-15
         vertex -8.200000e+01 -1.445442e+01 -1.479055e+00
         vertex -8.200000e+01 -1.750000e+01 -8.000000e+00
      endloop
   endfacet
   facet normal -1.000000e+00 0.000000e+00 0.000000e+00
      outer loop
         vertex -8.200000e+01 -1.750000e+01 -8.000000e+00
         vertex -8.200000e+01 -1.445442e+01 -1.479055e+00
         vertex -8.200000e+01 -1.750000e+01 -1.600000e+01
      endloop
   endfacet
   facet normal -1.000000e+00 0.000000e+00 -0.000000e+00
      outer loop
         vertex -8.200000e+01 -1.750000e+01 -8.000000e+00
         vertex -8.200000e+01 -1.750000e+01 -1.600000e+01
         vertex -8.200000e+01 -2.150000e+01 -8.700000e+00
      endloop
   endfacet
   facet normal -1.000000e+00 0.000000e+00 0.000000e+00
      outer loop
         vertex -8.200000e+01 -2.150000e+01 -8.700000e+00
         vertex -8.200000e+01 -1.750000e+01 -1.600000e+01
         vertex -8.200000e+01 -2.150000e+01 -1.530000e+01
      endloop
   endfacet
   facet normal -1.000000e+00 -0.000000e+00 0.000000e+00
      outer loop
         vertex -8.200000e+01 3.100000e+01 1.340590e-14
         vertex -8.200000e+01 1.750000e+01 9.979723e-15
         vertex -8.200000e+01 3.100000e+01 3.000000e+00
      endloop
   endfacet
   facet normal -1.000000e+00 0.000000e+00 0.000000e+00
      outer loop
         vertex -8.200000e+01 3.100000e+01 3.000000e+00
         vertex -8.200000e+01 1.750000e+01 9.979723e-15
         vertex -8.200000e+01 1.202094e+01 9.544233e-01
      endloop
   endfacet
   facet normal -1.000000e+00 0.000000e+00 0.000000e+00
      outer loop
         vertex -8.200000e+01 3.100000e+01 3.000000e+00
         vertex -8.200000e+01 1.202094e+01 9.544233e-01
         vertex -8.200000e+01 1.150000e+01 1.000000e+00
      endloop
   endfacet
   facet normal -1.000000e+00 0.000000e+00 0.000000e+00
      outer loop
         vertex -8.200000e+01 1.445442e+01 -1.479055e+00
         vertex -8.200000e+01 1.750000e+01 9.979723e-15
         vertex -8.200000e+01 1.450000e+01 -2.000000e+00
      endloop
   endfacet
   facet normal -1.000000e+00 0.000000e+00 0.000000e+00
      outer loop
         vertex -8.200000e+01 1.450000e+01 -2.000000e+00
         vertex -8.200000e+01 1.750000e+01 9.979723e-15
         vertex -8.200000e+01 1.750000e+01 -8.000000e+00
      endloop
   endfacet
   facet normal -1.000000e+00 0.000000e+00 0.000000e+00
      outer loop
         vertex -8.200000e+01 1.450000e+01 -2.000000e+00
         vertex -8.200000e+01 1.750000e+01 -8.000000e+00
         vertex -8.200000e+01 1.750000e+01 -1.600000e+01
      endloop
   endfacet
   facet normal -1.000000e+00 0.000000e+00 0.000000e+00
      outer loop
         vertex -8.200000e+01 1.750000e+01 -1.600000e+01
         vertex -8.200000e+01 1.750000e+01 -8.000000e+00
         vertex -8.200000e+01 2.150000e+01 -8.700000e+00
      endloop
   endfacet
   facet normal -1.000000e+00 0.000000e+00 0.000000e+00
      outer loop
         vertex -8.200000e+01 1.750000e+01 -1.600000e+01
         vertex -8.200000e+01 2.150000e+01 -8.700000e+00
         vertex -8.200000e+01 2.150000e+01 -1.530000e+01
      endloop
   endfacet
   facet normal -1.000000e+00 0.000000e+00 0.000000e+00
      outer loop
         vertex -8.200000e+01 1.445442e+01 -1.479055e+00
         vertex -8.200000e+01 1.431908e+01 -9.739395e-01
         vertex -8.200000e+01 1.750000e+01 9.979723e-15
      endloop
   endfacet
   facet normal -1.000000e+00 0.000000e+00 0.000000e+00
      outer loop
         vertex -8.200000e+01 1.750000e+01 9.979723e-15
         vertex -8.200000e+01 1.431908e+01 -9.739395e-01
         vertex -8.200000e+01 1.409808e+01 -5.000000e-01
      endloop
   endfacet
   facet normal -1.000000e+00 0.000000e+00 0.000000e+00
      outer loop
         vertex -8.200000e+01 1.750000e+01 9.979723e-15
         vertex -8.200000e+01 1.409808e+01 -5.000000e-01
         vertex -8.200000e+01 1.379813e+01 -7.163717e-02
      endloop
   endfacet
   facet normal -1.000000e+00 0.000000e+00 0.000000e+00
      outer loop
         vertex -8.200000e+01 1.379813e+01 -7.163717e-02
         vertex -8.200000e+01 1.342836e+01 2.981333e-01
         vertex -8.200000e+01 1.750000e+01 9.979723e-15
      endloop
   endfacet
   facet normal -1.000000e+00 0.000000e+00 0.000000e+00
      outer loop
         vertex -8.200000e+01 1.750000e+01 9.979723e-15
         vertex -8.200000e+01 1.342836e+01 2.981333e-01
         vertex -8.200000e+01 1.300000e+01 5.980762e-01
      endloop
   endfacet
   facet normal -1.000000e+00 0.000000e+00 0.000000e+00
      outer loop
         vertex -8.200000e+01 1.750000e+01 9.979723e-15
         vertex -8.200000e+01 1.300000e+01 5.980762e-01
         vertex -8.200000e+01 1.252606e+01 8.190779e-01
      endloop
   endfacet
   facet normal -2.085584e-23 2.139242e-16 -1.000000e+00
      outer loop
         vertex -8.200000e+01 -3.100000e+01 -1.093264e-15
         vertex -8.200000e+01 -1.750000e+01 1.794713e-15
         vertex -7.500000e+01 -3.800000e+01 -2.590733e-15
      endloop
   endfacet
   facet normal 0.000000e+00 2.139242e-16 -1.000000e+00
      outer loop
         vertex -7.500000e+01 -3.800000e+01 -2.590733e-15
         vertex -8.200000e+01 -1.750000e+01 1.794713e-15
         vertex -4.800000e+01 -1.750000e+01 1.794713e-15
      endloop
   endfacet
   facet normal 0.000000e+00 2.139242e-16 -1.000000e+00
      outer loop
         vertex -7.500000e+01 -3.800000e+01 -2.590733e-15
         vertex -4.800000e+01 -1.750000e+01 1.794713e-15
         vertex -4.800000e+01 -3.800000e+01 -2.590733e-15
      endloop
   endfacet
   facet normal 0.000000e+00 -1.000000e+00 0.000000e+00
      outer loop
         vertex -4.800000e+01 -1.750000e+01 -8.000000e+00
         vertex -4.800000e+01 -1.750000e+01 1.794713e-15
         vertex -8.200000e+01 -1.750000e+01 -8.000000e+00
      endloop
   endfacet
   facet normal 0.000000e+00 -1.000000e+00 0.000000e+00
      outer loop
         vertex -8.200000e+01 -1.750000e+01 -8.000000e+00
         vertex -4.800000e+01 -1.750000e+01 1.794713e-15
         vertex -8.200000e+01 -1.750000e+01 1.794713e-15
      endloop
   endfacet
   facet normal 0.000000e+00 -0.000000e+00 1.000000e+00
      outer loop
         vertex -4.800000e+01 -2.080000e+01 -8.000000e+00
         vertex -4.800000e+01 -1.750000e+01 -8.000000e+00
         vertex -8.200000e+01 -2.080000e+01 -8.000000e+00
      endloop
   endfacet
   facet normal 0.000000e+00 0.000000e+00 1.000000e+00
      outer loop
         vertex -8.200000e+01 -2.080000e+01 -8.000000e+00
         vertex -4.800000e+01 -1.750000e+01 -8.000000e+00
         vertex -8.200000e+01 -1.750000e+01 -8.000000e+00
      endloop
   endfacet
   facet normal 0.000000e+00 -7.071063e-01 7.071073e-01
      outer loop
         vertex -4.800000e+01 -2.150000e+01 -8.700000e+00
         vertex -4.800000e+01 -2.080000e+01 -8.000000e+00
         vertex -8.200000e+01 -2.150000e+01 -8.700000e+00
      endloop
   endfacet
   facet normal 0.000000e+00 -7.071063e-01 7.071073e-01
      outer loop
         vertex -8.200000e+01 -2.150000e+01 -8.700000e+00
         vertex -4.800000e+01 -2.080000e+01 -8.000000e+00
         vertex -8.200000e+01 -2.080000e+01 -8.000000e+00
      endloop
   endfacet
   facet normal 0.000000e+00 -1.000000e+00 0.000000e+00
      outer loop
         vertex -4.800000e+01 -2.150000e+01 -1.530000e+01
         vertex -4.800000e+01 -2.150000e+01 -8.700000e+00
         vertex -8.200000e+01 -2.150000e+01 -1.530000e+01
      endloop
   endfacet
   facet normal 0.000000e+00 -1.000000e+00 0.000000e+00
      outer loop
         vertex -8.200000e+01 -2.150000e+01 -1.530000e+01
         vertex -4.800000e+01 -2.150000e+01 -8.700000e+00
         vertex -8.200000e+01 -2.150000e+01 -8.700000e+00
      endloop
   endfacet
   facet normal -0.000000e+00 -7.071068e-01 -7.071068e-01
      outer loop
         vertex -4.800000e+01 -2.080000e+01 -1.600000e+01
         vertex -4.800000e+01 -2.150000e+01 -1.530000e+01
         vertex -8.200000e+01 -2.080000e+01 -1.600000e+01
      endloop
   endfacet
   facet normal 0.000000e+00 -7.071068e-01 -7.071068e-01
      outer loop
         vertex -8.200000e+01 -2.080000e+01 -1.600000e+01
         vertex -4.800000e+01 -2.150000e+01 -1.530000e+01
         vertex -8.200000e+01 -2.150000e+01 -1.530000e+01
      endloop
   endfacet
   facet normal -0.000000e+00 -0.000000e+00 -1.000000e+00
      outer loop
         vertex -4.800000e+01 -1.750000e+01 -1.600000e+01
         vertex -4.800000e+01 -2.080000e+01 -1.600000e+01
         vertex -8.200000e+01 -1.750000e+01 -1.600000e+01
      endloop
   endfacet
   facet normal 0.000000e+00 0.000000e+00 -1.000000e+00
      outer loop
         vertex -8.200000e+01 -1.750000e+01 -1.600000e+01
         vertex -4.800000e+01 -2.080000e+01 -1.600000e+01
         vertex -8.200000e+01 -2.080000e+01 -1.600000e+01
      endloop
   endfacet
   facet normal 0.000000e+00 -1.000000e+00 0.000000e+00
      outer loop
         vertex -8.200000e+01 -1.750000e+01 -1.600000e+01
         vertex -8.200000e+01 -1.750000e+01 -2.050000e+01
         vertex -7.750000e+01 -1.750000e+01 -2.050000e+01
      endloop
   endfacet
   facet normal 0.000000e+00 -1.000000e+00 0.000000e+00
      outer loop
         vertex -8.200000e+01 -1.750000e+01 -1.600000e+01
         vertex -7.750000e+01 -1.750000e+01 -2.050000e+01
         vertex -4.800000e+01 -1.750000e+01 -1.600000e+01
      endloop
   endfacet
   facet normal 0.000000e+00 -1.000000e+00 0.000000e+00
      outer loop
         vertex -4.800000e+01 -1.750000e+01 -1.600000e+01
         vertex -7.750000e+01 -1.750000e+01 -2.050000e+01
         vertex -5.550000e+01 -1.750000e+01 -2.050000e+01
      endloop
   endfacet
   facet normal 0.000000e+00 -1.000000e+00 -0.000000e+00
      outer loop
         vertex -4.800000e+01 -1.750000e+01 -1.600000e+01
         vertex -5.550000e+01 -1.750000e+01 -2.050000e+01
         vertex -4.800000e+01 -1.750000e+01 -2.050000e+01
      endloop
   endfacet
   facet normal 0.000000e+00 1.000000e+00 0.000000e+00
      outer loop
         vertex -4.800000e+01 1.750000e+01 -1.600000e+01
         vertex -4.800000e+01 1.750000e+01 -2.050000e+01
         vertex -5.550000e+01 1.750000e+01 -2.050000e+01
      endloop
   endfacet
   facet normal 0.000000e+00 1.000000e+00 0.000000e+00
      outer loop
         vertex -4.800000e+01 1.750000e+01 -1.600000e+01
         vertex -5.550000e+01 1.750000e+01 -2.050000e+01
         vertex -8.200000e+01 1.750000e+01 -1.600000e+01
      endloop
   endfacet
   facet normal 0.000000e+00 1.000000e+00 0.000000e+00
      outer loop
         vertex -8.200000e+01 1.750000e+01 -1.600000e+01
         vertex -5.550000e+01 1.750000e+01 -2.050000e+01
         vertex -7.750000e+01 1.750000e+01 -2.050000e+01
      endloop
   endfacet
   facet normal 0.000000e+00 1.000000e+00 0.000000e+00
      outer loop
         vertex -8.200000e+01 1.750000e+01 -1.600000e+01
         vertex -7.750000e+01 1.750000e+01 -2.050000e+01
         vertex -8.200000e+01 1.750000e+01 -2.050000e+01
      endloop
   endfacet
   facet normal -0.000000e+00 -0.000000e+00 -1.000000e+00
      outer loop
         vertex -4.800000e+01 2.080000e+01 -1.600000e+01
         vertex -4.800000e+01 1.750000e+01 -1.600000e+01
         vertex -8.200000e+01 2.080000e+01 -1.600000e+01
      endloop
   endfacet
   facet normal 0.000000e+00 0.000000e+00 -1.000000e+00
      outer loop
         vertex -8.200000e+01 2.080000e+01 -1.600000e+01
         vertex -4.800000e+01 1.750000e+01 -1.600000e+01
         vertex -8.200000e+01 1.750000e+01 -1.600000e+01
      endloop
   endfacet
   facet normal 0.000000e+00 7.071068e-01 -7.071068e-01
      outer loop
         vertex -4.800000e+01 2.150000e+01 -1.530000e+01
         vertex -4.800000e+01 2.080000e+01 -1.600000e+01
         vertex -8.200000e+01 2.150000e+01 -1.530000e+01
      endloop
   endfacet
   facet normal 0.000000e+00 7.071068e-01 -7.071068e-01
      outer loop
         vertex -8.200000e+01 2.150000e+01 -1.530000e+01
         vertex -4.800000e+01 2.080000e+01 -1.600000e+01
         vertex -8.200000e+01 2.080000e+01 -1.600000e+01
      endloop
   endfacet
   facet normal 0.000000e+00 1.000000e+00 0.000000e+00
      outer loop
         vertex -4.800000e+01 2.150000e+01 -8.700000e+00
         vertex -4.800000e+01 2.150000e+01 -1.530000e+01
         vertex -8.200000e+01 2.150000e+01 -8.700000e+00
      endloop
   endfacet
   facet normal 0.000000e+00 1.000000e+00 0.000000e+00
      outer loop
         vertex -8.200000e+01 2.150000e+01 -8.700000e+00
         vertex -4.800000e+01 2.150000e+01 -1.530000e+01
         vertex -8.200000e+01 2.150000e+01 -1.530000e+01
      endloop
   endfacet
   facet normal 0.000000e+00 7.071063e-01 7.071073e-01
      outer loop
         vertex -4.800000e+01 2.080000e+01 -8.000000e+00
         vertex -4.800000e+01 2.150000e+01 -8.700000e+00
         vertex -8.200000e+01 2.080000e+01 -8.000000e+00
      endloop
   endfacet
   facet normal 0.000000e+00 7.071063e-01 7.071073e-01
      outer loop
         vertex -8.200000e+01 2.080000e+01 -8.000000e+00
         vertex -4.800000e+01 2.150000e+01 -8.700000e+00
         vertex -8.200000e+01 2.150000e+01 -8.700000e+00
      endloop
   endfacet
   facet normal 0.000000e+00 -0.000000e+00 1.000000e+00
      outer loop
         vertex -4.800000e+01 1.750000e+01 -8.000000e+00
         vertex -4.800000e+01 2.080000e+01 -8.000000e+00
         vertex -8.200000e+01 1.750000e+01 -8.000000e+00
      endloop
   endfacet
   facet normal 0.000000e+00 0.000000e+00 1.000000e+00
      outer loop
         vertex -8.200000e+01 1.750000e+01 -8.000000e+00
         vertex -4.800000e+01 2.080000e+01 -8.000000e+00
         vertex -8.200000e+01 2.080000e+01 -8.000000e+00
      endloop
   endfacet
   facet normal 0.000000e+00 1.000000e+00 0.000000e+00
      outer loop
         vertex -4.800000e+01 1.750000e+01 9.979723e-15
         vertex -4.800000e+01 1.750000e+01 -8.000000e+00
         vertex -8.200000e+01 1.750000e+01 9.979723e-15
      endloop
   endfacet
   facet normal 0.000000e+00 1.000000e+00 0.000000e+00
      outer loop
         vertex -8.200000e+01 1.750000e+01 9.979723e-15
         vertex -4.800000e+01 1.750000e+01 -8.000000e+00
         vertex -8.200000e+01 1.750000e+01 -8.000000e+00
      endloop
   endfacet
   facet normal 0.000000e+00 2.537909e-16 -1.000000e+00
      outer loop
         vertex -7.500000e+01 3.800000e+01 1.518243e-14
         vertex -4.800000e+01 3.800000e+01 1.518243e-14
         vertex -8.200000e+01 3.100000e+01 1.340590e-14
      endloop
   endfacet
   facet normal 1.746272e-23 2.537908e-16 -1.000000e+00
      outer loop
         vertex -8.200000e+01 3.100000e+01 1.340590e-14
         vertex -4.800000e+01 3.800000e+01 1.518243e-14
         vertex -4.800000e+01 1.750000e+01 9.979723e-15
      endloop
   endfacet
   facet normal 0.000000e+00 2.537907e-16 -1.000000e+00
      outer loop
         vertex -8.200000e+01 3.100000e+01 1.340590e-14
         vertex -4.800000e+01 1.750000e+01 9.979723e-15
         vertex -8.200000e+01 1.750000e+01 9.979723e-15
      endloop
   endfacet
   facet normal -0.000000e+00 1.000000e+00 0.000000e+00
      outer loop
         vertex -5.000000e+01 3.800000e+01 2.400000e+01
         vertex -4.700000e+01 3.800000e+01 2.400000e+01
         vertex -4.700000e+01 3.800000e+01 5.000000e+00
      endloop
   endfacet
   facet normal 0.000000e+00 1.000000e+00 0.000000e+00
      outer loop
         vertex -5.600000e+01 3.800000e+01 2.400000e+01
         vertex -5.600000e+01 3.800000e+01 2.700000e+01
         vertex -5.000000e+01 3.800000e+01 2.700000e+01
      endloop
   endfacet
   facet normal 0.000000e+00 1.000000e+00 0.000000e+00
      outer loop
         vertex -5.900000e+01 3.800000e+01 1.300000e+01
         vertex -5.900000e+01 3.800000e+01 2.400000e+01
         vertex -5.600000e+01 3.800000e+01 2.400000e+01
      endloop
   endfacet
   facet normal 0.000000e+00 1.000000e+00 0.000000e+00
      outer loop
         vertex -7.500000e+01 3.800000e+01 1.518243e-14
         vertex -7.500000e+01 3.800000e+01 5.000000e+00
         vertex -7.100000e+01 3.800000e+01 5.000000e+00
      endloop
   endfacet
   facet normal -0.000000e+00 1.000000e+00 0.000000e+00
      outer loop
         vertex -6.300000e+01 3.800000e+01 1.300000e+01
         vertex -5.900000e+01 3.800000e+01 1.300000e+01
         vertex -7.100000e+01 3.800000e+01 5.000000e+00
      endloop
   endfacet
   facet normal -0.000000e+00 1.000000e+00 0.000000e+00
      outer loop
         vertex -7.100000e+01 3.800000e+01 5.000000e+00
         vertex -5.900000e+01 3.800000e+01 1.300000e+01
         vertex -4.800000e+01 3.800000e+01 1.518243e-14
      endloop
   endfacet
   facet normal 0.000000e+00 1.000000e+00 0.000000e+00
      outer loop
         vertex -7.100000e+01 3.800000e+01 5.000000e+00
         vertex -4.800000e+01 3.800000e+01 1.518243e-14
         vertex -7.500000e+01 3.800000e+01 1.518243e-14
      endloop
   endfacet
   facet normal 0.000000e+00 1.000000e+00 0.000000e+00
      outer loop
         vertex -5.000000e+01 3.800000e+01 2.700000e+01
         vertex -5.000000e+01 3.800000e+01 2.400000e+01
         vertex -5.600000e+01 3.800000e+01 2.400000e+01
      endloop
   endfacet
   facet normal -0.000000e+00 1.000000e+00 0.000000e+00
      outer loop
         vertex -5.600000e+01 3.800000e+01 2.400000e+01
         vertex -5.000000e+01 3.800000e+01 2.400000e+01
         vertex -4.700000e+01 3.800000e+01 5.000000e+00
      endloop
   endfacet
   facet normal 0.000000e+00 1.000000e+00 0.000000e+00
      outer loop
         vertex -5.600000e+01 3.800000e+01 2.400000e+01
         vertex -4.700000e+01 3.800000e+01 5.000000e+00
         vertex -5.900000e+01 3.800000e+01 1.300000e+01
      endloop
   endfacet
   facet normal 0.000000e+00 1.000000e+00 0.000000e+00
      outer loop
         vertex -5.900000e+01 3.800000e+01 1.300000e+01
         vertex -4.700000e+01 3.800000e+01 5.000000e+00
         vertex -4.800000e+01 3.800000e+01 4.000000e+00
      endloop
   endfacet
   facet normal 0.000000e+00 1.000000e+00 0.000000e+00
      outer loop
         vertex -5.900000e+01 3.800000e+01 1.300000e+01
         vertex -4.800000e+01 3.800000e+01 4.000000e+00
         vertex -4.800000e+01 3.800000e+01 1.518243e-14
      endloop
   endfacet
   facet normal 0.000000e+00 -1.000000e+00 0.000000e+00
      outer loop
         vertex -4.700000e+01 -3.800000e+01 5.000000e+00
         vertex -4.700000e+01 -3.800000e+01 2.400000e+01
         vertex -5.000000e+01 -3.800000e+01 2.400000e+01
      endloop
   endfacet
   facet normal -0.000000e+00 -1.000000e+00 0.000000e+00
      outer loop
         vertex -5.600000e+01 -3.800000e+01 2.400000e+01
         vertex -5.900000e+01 -3.800000e+01 2.400000e+01
         vertex -5.900000e+01 -3.800000e+01 1.300000e+01
      endloop
   endfacet
   facet normal 0.000000e+00 -1.000000e+00 0.000000e+00
      outer loop
         vertex -7.500000e+01 -3.800000e+01 5.000000e+00
         vertex -7.500000e+01 -3.800000e+01 -2.590733e-15
         vertex -7.100000e+01 -3.800000e+01 5.000000e+00
      endloop
   endfacet
   facet normal 0.000000e+00 -1.000000e+00 -0.000000e+00
      outer loop
         vertex -7.100000e+01 -3.800000e+01 5.000000e+00
         vertex -7.500000e+01 -3.800000e+01 -2.590733e-15
         vertex -4.800000e+01 -3.800000e+01 -2.590733e-15
      endloop
   endfacet
   facet normal 0.000000e+00 -1.000000e+00 0.000000e+00
      outer loop
         vertex -7.100000e+01 -3.800000e+01 5.000000e+00
         vertex -4.800000e+01 -3.800000e+01 -2.590733e-15
         vertex -6.300000e+01 -3.800000e+01 1.300000e+01
      endloop
   endfacet
   facet normal 0.000000e+00 -1.000000e+00 0.000000e+00
      outer loop
         vertex -6.300000e+01 -3.800000e+01 1.300000e+01
         vertex -4.800000e+01 -3.800000e+01 -2.590733e-15
         vertex -5.900000e+01 -3.800000e+01 1.300000e+01
      endloop
   endfacet
   facet normal -0.000000e+00 -1.000000e+00 -0.000000e+00
      outer loop
         vertex -5.000000e+01 -3.800000e+01 2.700000e+01
         vertex -5.600000e+01 -3.800000e+01 2.700000e+01
         vertex -5.000000e+01 -3.800000e+01 2.400000e+01
      endloop
   endfacet
   facet normal 0.000000e+00 -1.000000e+00 0.000000e+00
      outer loop
         vertex -5.000000e+01 -3.800000e+01 2.400000e+01
         vertex -5.600000e+01 -3.800000e+01 2.700000e+01
         vertex -5.600000e+01 -3.800000e+01 2.400000e+01
      endloop
   endfacet
   facet normal -0.000000e+00 -1.000000e+00 -0.000000e+00
      outer loop
         vertex -5.000000e+01 -3.800000e+01 2.400000e+01
         vertex -5.600000e+01 -3.800000e+01 2.400000e+01
         vertex -4.700000e+01 -3.800000e+01 5.000000e+00
      endloop
   endfacet
   facet normal 0.000000e+00 -1.000000e+00 0.000000e+00
      outer loop
         vertex -4.700000e+01 -3.800000e+01 5.000000e+00
         vertex -5.600000e+01 -3.800000e+01 2.400000e+01
         vertex -5.900000e+01 -3.800000e+01 1.300000e+01
      endloop
   endfacet
   facet normal -0.000000e+00 -1.000000e+00 0.000000e+00
      outer loop
         vertex -4.700000e+01 -3.800000e+01 5.000000e+00
         vertex -5.900000e+01 -3.800000e+01 1.300000e+01
         vertex -4.800000e+01 -3.800000e+01 4.000000e+00
      endloop
   endfacet
   facet normal -0.000000e+00 -1.000000e+00 -0.000000e+00
      outer loop
         vertex -4.800000e+01 -3.800000e+01 4.000000e+00
         vertex -5.900000e+01 -3.800000e+01 1.300000e+01
         vertex -4.800000e+01 -3.800000e+01 -2.590733e-15
      endloop
   endfacet
   facet normal -0.000000e+00 0.000000e+00 1.000000e+00
      outer loop
         vertex -8.000000e+01 -3.300000e+01 5.000000e+00
         vertex -7.500000e+01 -3.800000e+01 5.000000e+00
         vertex -8.000000e+01 3.300000e+01 5.000000e+00
      endloop
   endfacet
   facet normal 0.000000e+00 0.000000e+00 1.000000e+00
      outer loop
         vertex -8.000000e+01 3.300000e+01 5.000000e+00
         vertex -7.500000e+01 -3.800000e+01 5.000000e+00
         vertex -7.100000e+01 -3.800000e+01 5.000000e+00
      endloop
   endfacet
   facet normal -0.000000e+00 0.000000e+00 1.000000e+00
      outer loop
         vertex -8.000000e+01 3.300000e+01 5.000000e+00
         vertex -7.100000e+01 -3.800000e+01 5.000000e+00
         vertex -7.500000e+01 3.800000e+01 5.000000e+00
      endloop
   endfacet
   facet normal -0.000000e+00 0.000000e+00 1.000000e+00
      outer loop
         vertex -7.500000e+01 3.800000e+01 5.000000e+00
         vertex -7.100000e+01 -3.800000e+01 5.000000e+00
         vertex -7.100000e+01 3.800000e+01 5.000000e+00
      endloop
   endfacet
   facet normal -7.071067e-01 0.000000e+00 7.071068e-01
      outer loop
         vertex -6.300000e+01 3.800000e+01 1.300000e+01
         vertex -7.100000e+01 3.800000e+01 5.000000e+00
         vertex -6.300000e+01 -3.800000e+01 1.300000e+01
      endloop
   endfacet
   facet normal -7.071067e-01 0.000000e+00 7.071068e-01
      outer loop
         vertex -6.300000e+01 -3.800000e+01 1.300000e+01
         vertex -7.100000e+01 3.800000e+01 5.000000e+00
         vertex -7.100000e+01 -3.800000e+01 5.000000e+00
      endloop
   endfacet
   facet normal 0.000000e+00 0.000000e+00 1.000000e+00
      outer loop
         vertex -5.900000e+01 3.800000e+01 1.300000e+01
         vertex -6.300000e+01 3.800000e+01 1.300000e+01
         vertex -5.900000e+01 -3.800000e+01 1.300000e+01
      endloop
   endfacet
   facet normal 0.000000e+00 0.000000e+00 1.000000e+00
      outer loop
         vertex -5.900000e+01 -3.800000e+01 1.300000e+01
         vertex -6.300000e+01 3.800000e+01 1.300000e+01
         vertex -6.300000e+01 -3.800000e+01 1.300000e+01
      endloop
   endfacet
   facet normal -1.000000e+00 -0.000000e+00 -0.000000e+00
      outer loop
         vertex -5.900000e+01 3.800000e+01 2.400000e+01
         vertex -5.900000e+01 3.800000e+01 1.300000e+01
         vertex -5.900000e+01 -3.800000e+01 2.400000e+01
      endloop
   endfacet
   facet normal -1.000000e+00 0.000000e+00 0.000000e+00
      outer loop
         vertex -5.900000e+01 -3.800000e+01 2.400000e+01
         vertex -5.900000e+01 3.800000e+01 1.300000e+01
         vertex -5.900000e+01 -3.800000e+01 1.300000e+01
      endloop
   endfacet
   facet normal 0.000000e+00 0.000000e+00 1.000000e+00
      outer loop
         vertex -5.600000e+01 3.800000e+01 2.400000e+01
         vertex -5.900000e+01 3.800000e+01 2.400000e+01
         vertex -5.600000e+01 -3.800000e+01 2.400000e+01
      endloop
   endfacet
   facet normal 0.000000e+00 0.000000e+00 1.000000e+00
      outer loop
         vertex -5.600000e+01 -3.800000e+01 2.400000e+01
         vertex -5.900000e+01 3.800000e+01 2.400000e+01
         vertex -5.900000e+01 -3.800000e+01 2.400000e+01
      endloop
   endfacet
   facet normal -1.000000e+00 -0.000000e+00 -0.000000e+00
      outer loop
         vertex -5.600000e+01 3.800000e+01 2.700000e+01
         vertex -5.600000e+01 3.800000e+01 2.400000e+01
         vertex -5.600000e+01 -3.800000e+01 2.700000e+01
      endloop
   endfacet
   facet normal -1.000000e+00 0.000000e+00 0.000000e+00
      outer loop
         vertex -5.600000e+01 -3.800000e+01 2.700000e+01
         vertex -5.600000e+01 3.800000e+01 2.400000e+01
         vertex -5.600000e+01 -3.800000e+01 2.400000e+01
      endloop
   endfacet
   facet normal 0.000000e+00 0.000000e+00 1.000000e+00
      outer loop
         vertex -5.000000e+01 3.800000e+01 2.700000e+01
         vertex -5.600000e+01 3.800000e+01 2.700000e+01
         vertex -5.000000e+01 -3.800000e+01 2.700000e+01
      endloop
   endfacet
   facet normal 0.000000e+00 0.000000e+00 1.000000e+00
      outer loop
         vertex -5.000000e+01 -3.800000e+01 2.700000e+01
         vertex -5.600000e+01 3.800000e+01 2.700000e+01
         vertex -5.600000e+01 -3.800000e+01 2.700000e+01
      endloop
   endfacet
   facet normal 1.000000e+00 0.000000e+00 -0.000000e+00
      outer loop
         vertex -5.000000e+01 3.800000e+01 2.400000e+01
         vertex -5.000000e+01 3.800000e+01 2.700000e+01
         vertex -5.000000e+01 -3.800000e+01 2.400000e+01
      endloop
   endfacet
   facet normal 1.000000e+00 0.000000e+00 0.000000e+00
      outer loop
         vertex -5.000000e+01 -3.800000e+01 2.400000e+01
         vertex -5.000000e+01 3.800000e+01 2.700000e+01
         vertex -5.000000e+01 -3.800000e+01 2.700000e+01
      endloop
   endfacet
   facet normal 0.000000e+00 0.000000e+00 1.000000e+00
      outer loop
         vertex -4.700000e+01 3.800000e+01 2.400000e+01
         vertex -5.000000e+01 3.800000e+01 2.400000e+01
         vertex -4.700000e+01 -3.800000e+01 2.400000e+01
      endloop
   endfacet
   facet normal 0.000000e+00 0.000000e+00 1.000000e+00
      outer loop
         vertex -4.700000e+01 -3.800000e+01 2.400000e+01
         vertex -5.000000e+01 3.800000e+01 2.400000e+01
         vertex -5.000000e+01 -3.800000e+01 2.400000e+01
      endloop
   endfacet
   facet normal 1.000000e+00 0.000000e+00 -0.000000e+00
      outer loop
         vertex -4.700000e+01 3.800000e+01 5.000000e+00
         vertex -4.700000e+01 3.800000e+01 2.400000e+01
         vertex -4.700000e+01 -3.800000e+01 5.000000e+00
      endloop
   endfacet
   facet normal 1.000000e+00 0.000000e+00 0.000000e+00
      outer loop
         vertex -4.700000e+01 -3.800000e+01 5.000000e+00
         vertex -4.700000e+01 3.800000e+01 2.400000e+01
         vertex -4.700000e+01 -3.800000e+01 2.400000e+01
      endloop
   endfacet
   facet normal 7.071060e-01 0.000000e+00 -7.071076e-01
      outer loop
         vertex -4.800000e+01 3.800000e+01 4.000000e+00
         vertex -4.700000e+01 3.800000e+01 5.000000e+00
         vertex -4.800000e+01 -3.800000e+01 4.000000e+00
      endloop
   endfacet
   facet normal 7.071060e-01 0.000000e+00 -7.071076e-01
      outer loop
         vertex -4.800000e+01 -3.800000e+01 4.000000e+00
         vertex -4.700000e+01 3.800000e+01 5.000000e+00
         vertex -4.700000e+01 -3.800000e+01 5.000000e+00
      endloop
   endfacet
   facet normal -7.071060e-01 0.000000e+00 7.071075e-01
      outer loop
         vertex -8.200000e+01 3.100000e+01 3.000000e+00
         vertex -8.200000e+01 -3.100000e+01 3.000000e+00
         vertex -8.000000e+01 3.300000e+01 5.000000e+00
      endloop
   endfacet
   facet normal -7.071060e-01 0.000000e+00 7.071075e-01
      outer loop
         vertex -8.000000e+01 3.300000e+01 5.000000e+00
         vertex -8.200000e+01 -3.100000e+01 3.000000e+00
         vertex -8.000000e+01 -3.300000e+01 5.000000e+00
      endloop
   endfacet
   facet normal -7.071068e-01 7.071068e-01 0.000000e+00
      outer loop
         vertex -8.200000e+01 3.100000e+01 1.340590e-14
         vertex -8.200000e+01 3.100000e+01 3.000000e+00
         vertex -7.500000e+01 3.800000e+01 1.518243e-14
      endloop
   endfacet
   facet normal -7.071066e-01 7.071070e-01 9.219620e-07
      outer loop
         vertex -7.500000e+01 3.800000e+01 1.518243e-14
         vertex -8.200000e+01 3.100000e+01 3.000000e+00
         vertex -8.000000e+01 3.300000e+01 5.000000e+00
      endloop
   endfacet
   facet normal -7.071070e-01 7.071065e-01 0.000000e+00
      outer loop
         vertex -7.500000e+01 3.800000e+01 1.518243e-14
         vertex -8.000000e+01 3.300000e+01 5.000000e+00
         vertex -7.500000e+01 3.800000e+01 5.000000e+00
      endloop
   endfacet
   facet normal -7.071061e-01 -7.071074e-01 -0.000000e+00
      outer loop
         vertex -8.200000e+01 -3.100000e+01 3.000000e+00
         vertex -8.200000e+01 -3.100000e+01 -1.093264e-15
         vertex -8.000000e+01 -3.300000e+01 5.000000e+00
      endloop
   endfacet
   facet normal -7.071068e-01 -7.071068e-01 5.268356e-07
      outer loop
         vertex -8.000000e+01 -3.300000e+01 5.000000e+00
         vertex -8.200000e+01 -3.100000e+01 -1.093264e-15
         vertex -7.500000e+01 -3.800000e+01 -2.590733e-15
      endloop
   endfacet
   facet normal -7.071070e-01 -7.071065e-01 0.000000e+00
      outer loop
         vertex -8.000000e+01 -3.300000e+01 5.000000e+00
         vertex -7.500000e+01 -3.800000e+01 -2.590733e-15
         vertex -7.500000e+01 -3.800000e+01 5.000000e+00
      endloop
   endfacet
   facet normal -1.000000e+00 0.000000e+00 -0.000000e+00
      outer loop
         vertex -7.750000e+01 1.450000e+01 -2.050000e+01
         vertex -7.750000e+01 1.750000e+01 -2.050000e+01
         vertex -7.750000e+01 1.400000e+01 -2.400000e+01
      endloop
   endfacet
   facet normal -1.000000e+00 0.000000e+00 0.000000e+00
      outer loop
         vertex -7.750000e+01 -1.400000e+01 -2.400000e+01
         vertex -7.750000e+01 -1.750000e+01 -2.050000e+01
         vertex -7.750000e+01 -1.450000e+01 -2.050000e+01
      endloop
   endfacet
   facet normal -1.000000e+00 0.000000e+00 0.000000e+00
      outer loop
         vertex -7.750000e+01 1.400000e+01 -2.400000e+01
         vertex -7.750000e+01 2.597596e+00 -1.906654e+01
         vertex -7.750000e+01 3.807579e+00 -1.853579e+01
      endloop
   endfacet
   facet normal -1.000000e+00 0.000000e+00 -0.000000e+00
      outer loop
         vertex -7.750000e+01 -4.913702e+00 -1.781312e+01
         vertex -7.750000e+01 -3.807579e+00 -1.853579e+01
         vertex -7.750000e+01 -1.400000e+01 -2.400000e+01
      endloop
   endfacet
   facet normal -1.000000e+00 0.000000e+00 0.000000e+00
      outer loop
         vertex -7.750000e+01 -1.400000e+01 -2.400000e+01
         vertex -7.750000e+01 -3.807579e+00 -1.853579e+01
         vertex -7.750000e+01 -2.597596e+00 -1.906654e+01
      endloop
   endfacet
   facet normal -1.000000e+00 0.000000e+00 0.000000e+00
      outer loop
         vertex -7.750000e+01 3.807579e+00 -1.853579e+01
         vertex -7.750000e+01 4.913702e+00 -1.781312e+01
         vertex -7.750000e+01 1.400000e+01 -2.400000e+01
      endloop
   endfacet
   facet normal -1.000000e+00 0.000000e+00 0.000000e+00
      outer loop
         vertex -7.750000e+01 1.400000e+01 -2.400000e+01
         vertex -7.750000e+01 4.913702e+00 -1.781312e+01
         vertex -7.750000e+01 5.885791e+00 -1.691825e+01
      endloop
   endfacet
   facet normal -1.000000e+00 0.000000e+00 0.000000e+00
      outer loop
         vertex -7.750000e+01 1.400000e+01 -2.400000e+01
         vertex -7.750000e+01 5.885791e+00 -1.691825e+01
         vertex -7.750000e+01 1.450000e+01 -2.050000e+01
      endloop
   endfacet
   facet normal -1.000000e+00 0.000000e+00 0.000000e+00
      outer loop
         vertex -7.750000e+01 1.450000e+01 -2.050000e+01
         vertex -7.750000e+01 5.885791e+00 -1.691825e+01
         vertex -7.750000e+01 6.697332e+00 -1.587559e+01
      endloop
   endfacet
   facet normal -1.000000e+00 0.000000e+00 0.000000e+00
      outer loop
         vertex -7.750000e+01 1.450000e+01 -2.050000e+01
         vertex -7.750000e+01 6.697332e+00 -1.587559e+01
         vertex -7.750000e+01 7.326187e+00 -1.471356e+01
      endloop
   endfacet
   facet normal -1.000000e+00 0.000000e+00 -0.000000e+00
      outer loop
         vertex -7.750000e+01 -7.755202e+00 -1.346388e+01
         vertex -7.750000e+01 -7.326187e+00 -1.471356e+01
         vertex -7.750000e+01 -1.450000e+01 -2.050000e+01
      endloop
   endfacet
   facet normal -1.000000e+00 0.000000e+00 0.000000e+00
      outer loop
         vertex -7.750000e+01 -1.450000e+01 -2.050000e+01
         vertex -7.750000e+01 -7.326187e+00 -1.471356e+01
         vertex -7.750000e+01 -6.697332e+00 -1.587559e+01
      endloop
   endfacet
   facet normal -1.000000e+00 0.000000e+00 0.000000e+00
      outer loop
         vertex -7.750000e+01 -1.450000e+01 -2.050000e+01
         vertex -7.750000e+01 -6.697332e+00 -1.587559e+01
         vertex -7.750000e+01 -1.400000e+01 -2.400000e+01
      endloop
   endfacet
   facet normal -1.000000e+00 0.000000e+00 0.000000e+00
      outer loop
         vertex -7.750000e+01 -1.400000e+01 -2.400000e+01
         vertex -7.750000e+01 -6.697332e+00 -1.587559e+01
         vertex -7.750000e+01 -5.885791e+00 -1.691825e+01
      endloop
   endfacet
   facet normal -1.000000e+00 0.000000e+00 0.000000e+00
      outer loop
         vertex -7.750000e+01 -1.400000e+01 -2.400000e+01
         vertex -7.750000e+01 -5.885791e+00 -1.691825e+01
         vertex -7.750000e+01 -4.913702e+00 -1.781312e+01
      endloop
   endfacet
   facet normal -1.000000e+00 0.000000e+00 -0.000000e+00
      outer loop
         vertex -7.750000e+01 -2.597596e+00 -1.906654e+01
         vertex -7.750000e+01 -1.316757e+00 -1.939089e+01
         vertex -7.750000e+01 -1.400000e+01 -2.400000e+01
      endloop
   endfacet
   facet normal -1.000000e+00 0.000000e+00 0.000000e+00
      outer loop
         vertex -7.750000e+01 -1.400000e+01 -2.400000e+01
         vertex -7.750000e+01 -1.316757e+00 -1.939089e+01
         vertex -7.750000e+01 1.734723e-15 -1.950000e+01
      endloop
   endfacet
   facet normal -1.000000e+00 0.000000e+00 0.000000e+00
      outer loop
         vertex -7.750000e+01 -1.400000e+01 -2.400000e+01
         vertex -7.750000e+01 1.734723e-15 -1.950000e+01
         vertex -7.750000e+01 1.400000e+01 -2.400000e+01
      endloop
   endfacet
   facet normal -1.000000e+00 0.000000e+00 0.000000e+00
      outer loop
         vertex -7.750000e+01 1.400000e+01 -2.400000e+01
         vertex -7.750000e+01 1.734723e-15 -1.950000e+01
         vertex -7.750000e+01 1.316757e+00 -1.939089e+01
      endloop
   endfacet
   facet normal -1.000000e+00 0.000000e+00 0.000000e+00
      outer loop
         vertex -7.750000e+01 1.400000e+01 -2.400000e+01
         vertex -7.750000e+01 1.316757e+00 -1.939089e+01
         vertex -7.750000e+01 2.597596e+00 -1.906654e+01
      endloop
   endfacet
   facet normal -1.000000e+00 0.000000e+00 0.000000e+00
      outer loop
         vertex -7.750000e+01 7.755202e+00 -9.536116e+00
         vertex -7.750000e+01 7.326187e+00 -8.286437e+00
         vertex -7.750000e+01 1.450000e+01 -2.000000e+00
      endloop
   endfacet
   facet normal -1.000000e+00 0.000000e+00 0.000000e+00
      outer loop
         vertex -7.750000e+01 1.450000e+01 -2.000000e+00
         vertex -7.750000e+01 7.326187e+00 -8.286437e+00
         vertex -7.750000e+01 6.697332e+00 -7.124415e+00
      endloop
   endfacet
   facet normal -1.000000e+00 -0.000000e+00 0.000000e+00
      outer loop
         vertex -7.750000e+01 1.450000e+01 -2.000000e+00
         vertex -7.750000e+01 6.697332e+00 -7.124415e+00
         vertex -7.750000e+01 1.445442e+01 -1.479055e+00
      endloop
   endfacet
   facet normal -1.000000e+00 0.000000e+00 0.000000e+00
      outer loop
         vertex -7.750000e+01 1.150000e+01 1.000000e+00
         vertex -7.750000e+01 3.807579e+00 -4.464210e+00
         vertex -7.750000e+01 2.597596e+00 -3.933462e+00
      endloop
   endfacet
   facet normal -1.000000e+00 0.000000e+00 0.000000e+00
      outer loop
         vertex -7.750000e+01 7.326187e+00 -1.471356e+01
         vertex -7.750000e+01 7.755202e+00 -1.346388e+01
         vertex -7.750000e+01 1.450000e+01 -2.050000e+01
      endloop
   endfacet
   facet normal -1.000000e+00 0.000000e+00 0.000000e+00
      outer loop
         vertex -7.750000e+01 1.450000e+01 -2.050000e+01
         vertex -7.750000e+01 7.755202e+00 -1.346388e+01
         vertex -7.750000e+01 7.972676e+00 -1.216063e+01
      endloop
   endfacet
   facet normal -1.000000e+00 0.000000e+00 0.000000e+00
      outer loop
         vertex -7.750000e+01 1.450000e+01 -2.050000e+01
         vertex -7.750000e+01 7.972676e+00 -1.216063e+01
         vertex -7.750000e+01 1.450000e+01 -2.000000e+00
      endloop
   endfacet
   facet normal -1.000000e+00 0.000000e+00 0.000000e+00
      outer loop
         vertex -7.750000e+01 1.450000e+01 -2.000000e+00
         vertex -7.750000e+01 7.972676e+00 -1.216063e+01
         vertex -7.750000e+01 7.972676e+00 -1.083937e+01
      endloop
   endfacet
   facet normal -1.000000e+00 0.000000e+00 0.000000e+00
      outer loop
         vertex -7.750000e+01 1.450000e+01 -2.000000e+00
         vertex -7.750000e+01 7.972676e+00 -1.083937e+01
         vertex -7.750000e+01 7.755202e+00 -9.536116e+00
      endloop
   endfacet
   facet normal -1.000000e+00 0.000000e+00 0.000000e+00
      outer loop
         vertex -7.750000e+01 2.597596e+00 -3.933462e+00
         vertex -7.750000e+01 1.316757e+00 -3.609110e+00
         vertex -7.750000e+01 1.150000e+01 1.000000e+00
      endloop
   endfacet
   facet normal -1.000000e+00 0.000000e+00 0.000000e+00
      outer loop
         vertex -7.750000e+01 1.150000e+01 1.000000e+00
         vertex -7.750000e+01 1.316757e+00 -3.609110e+00
         vertex -7.750000e+01 0.000000e+00 -3.500000e+00
      endloop
   endfacet
   facet normal -1.000000e+00 -0.000000e+00 0.000000e+00
      outer loop
         vertex -7.750000e+01 1.150000e+01 1.000000e+00
         vertex -7.750000e+01 0.000000e+00 -3.500000e+00
         vertex -7.750000e+01 -1.150000e+01 1.000000e+00
      endloop
   endfacet
   facet normal -1.000000e+00 0.000000e+00 0.000000e+00
      outer loop
         vertex -7.750000e+01 -1.150000e+01 1.000000e+00
         vertex -7.750000e+01 0.000000e+00 -3.500000e+00
         vertex -7.750000e+01 -1.316757e+00 -3.609110e+00
      endloop
   endfacet
   facet normal -1.000000e+00 0.000000e+00 0.000000e+00
      outer loop
         vertex -7.750000e+01 -1.150000e+01 1.000000e+00
         vertex -7.750000e+01 -1.316757e+00 -3.609110e+00
         vertex -7.750000e+01 -2.597596e+00 -3.933462e+00
      endloop
   endfacet
   facet normal -1.000000e+00 -0.000000e+00 0.000000e+00
      outer loop
         vertex -7.750000e+01 1.202094e+01 9.544233e-01
         vertex -7.750000e+01 5.885791e+00 -6.081747e+00
         vertex -7.750000e+01 1.150000e+01 1.000000e+00
      endloop
   endfacet
   facet normal -1.000000e+00 0.000000e+00 0.000000e+00
      outer loop
         vertex -7.750000e+01 1.150000e+01 1.000000e+00
         vertex -7.750000e+01 5.885791e+00 -6.081747e+00
         vertex -7.750000e+01 4.913702e+00 -5.186876e+00
      endloop
   endfacet
   facet normal -1.000000e+00 0.000000e+00 0.000000e+00
      outer loop
         vertex -7.750000e+01 1.150000e+01 1.000000e+00
         vertex -7.750000e+01 4.913702e+00 -5.186876e+00
         vertex -7.750000e+01 3.807579e+00 -4.464210e+00
      endloop
   endfacet
   facet normal -1.000000e+00 -0.000000e+00 0.000000e+00
      outer loop
         vertex -7.750000e+01 -2.597596e+00 -3.933462e+00
         vertex -7.750000e+01 -3.807579e+00 -4.464210e+00
         vertex -7.750000e+01 -1.150000e+01 1.000000e+00
      endloop
   endfacet
   facet normal -1.000000e+00 0.000000e+00 0.000000e+00
      outer loop
         vertex -7.750000e+01 -1.150000e+01 1.000000e+00
         vertex -7.750000e+01 -3.807579e+00 -4.464210e+00
         vertex -7.750000e+01 -4.913702e+00 -5.186876e+00
      endloop
   endfacet
   facet normal -1.000000e+00 0.000000e+00 -0.000000e+00
      outer loop
         vertex -7.750000e+01 -1.150000e+01 1.000000e+00
         vertex -7.750000e+01 -4.913702e+00 -5.186876e+00
         vertex -7.750000e+01 -1.202094e+01 9.544233e-01
      endloop
   endfacet
   facet normal -1.000000e+00 0.000000e+00 0.000000e+00
      outer loop
         vertex -7.750000e+01 -1.202094e+01 9.544233e-01
         vertex -7.750000e+01 -4.913702e+00 -5.186876e+00
         vertex -7.750000e+01 -5.885791e+00 -6.081747e+00
      endloop
   endfacet
   facet normal -1.000000e+00 0.000000e+00 -0.000000e+00
      outer loop
         vertex -7.750000e+01 -1.202094e+01 9.544233e-01
         vertex -7.750000e+01 -5.885791e+00 -6.081747e+00
         vertex -7.750000e+01 -1.252606e+01 8.190779e-01
      endloop
   endfacet
   facet normal -1.000000e+00 0.000000e+00 -0.000000e+00
      outer loop
         vertex -7.750000e+01 -1.252606e+01 8.190779e-01
         vertex -7.750000e+01 -5.885791e+00 -6.081747e+00
         vertex -7.750000e+01 -1.300000e+01 5.980762e-01
      endloop
   endfacet
   facet normal -1.000000e+00 0.000000e+00 0.000000e+00
      outer loop
         vertex -7.750000e+01 -1.409808e+01 -5.000000e-01
         vertex -7.750000e+01 -1.379813e+01 -7.163717e-02
         vertex -7.750000e+01 -5.885791e+00 -6.081747e+00
      endloop
   endfacet
   facet normal -1.000000e+00 0.000000e+00 0.000000e+00
      outer loop
         vertex -7.750000e+01 -5.885791e+00 -6.081747e+00
         vertex -7.750000e+01 -1.379813e+01 -7.163717e-02
         vertex -7.750000e+01 -1.342836e+01 2.981333e-01
      endloop
   endfacet
   facet normal -1.000000e+00 0.000000e+00 0.000000e+00
      outer loop
         vertex -7.750000e+01 -5.885791e+00 -6.081747e+00
         vertex -7.750000e+01 -1.342836e+01 2.981333e-01
         vertex -7.750000e+01 -1.300000e+01 5.980762e-01
      endloop
   endfacet
   facet normal -1.000000e+00 -0.000000e+00 0.000000e+00
      outer loop
         vertex -7.750000e+01 -7.326187e+00 -8.286437e+00
         vertex -7.750000e+01 -7.755202e+00 -9.536116e+00
         vertex -7.750000e+01 -1.450000e+01 -2.000000e+00
      endloop
   endfacet
   facet normal -1.000000e+00 0.000000e+00 0.000000e+00
      outer loop
         vertex -7.750000e+01 -1.450000e+01 -2.000000e+00
         vertex -7.750000e+01 -7.755202e+00 -9.536116e+00
         vertex -7.750000e+01 -7.972676e+00 -1.083937e+01
      endloop
   endfacet
   facet normal -1.000000e+00 0.000000e+00 0.000000e+00
      outer loop
         vertex -7.750000e+01 -1.450000e+01 -2.000000e+00
         vertex -7.750000e+01 -7.972676e+00 -1.083937e+01
         vertex -7.750000e+01 -1.450000e+01 -2.050000e+01
      endloop
   endfacet
   facet normal -1.000000e+00 0.000000e+00 0.000000e+00
      outer loop
         vertex -7.750000e+01 -1.450000e+01 -2.050000e+01
         vertex -7.750000e+01 -7.972676e+00 -1.083937e+01
         vertex -7.750000e+01 -7.972676e+00 -1.216063e+01
      endloop
   endfacet
   facet normal -1.000000e+00 0.000000e+00 0.000000e+00
      outer loop
         vertex -7.750000e+01 -1.450000e+01 -2.050000e+01
         vertex -7.750000e+01 -7.972676e+00 -1.216063e+01
         vertex -7.750000e+01 -7.755202e+00 -1.346388e+01
      endloop
   endfacet
   facet normal -1.000000e+00 0.000000e+00 -0.000000e+00
      outer loop
         vertex -7.750000e+01 1.202094e+01 9.544233e-01
         vertex -7.750000e+01 1.252606e+01 8.190779e-01
         vertex -7.750000e+01 5.885791e+00 -6.081747e+00
      endloop
   endfacet
   facet normal -1.000000e+00 0.000000e+00 0.000000e+00
      outer loop
         vertex -7.750000e+01 5.885791e+00 -6.081747e+00
         vertex -7.750000e+01 1.252606e+01 8.190779e-01
         vertex -7.750000e+01 1.300000e+01 5.980762e-01
      endloop
   endfacet
   facet normal -1.000000e+00 0.000000e+00 0.000000e+00
      outer loop
         vertex -7.750000e+01 5.885791e+00 -6.081747e+00
         vertex -7.750000e+01 1.300000e+01 5.980762e-01
         vertex -7.750000e+01 6.697332e+00 -7.124415e+00
      endloop
   endfacet
   facet normal -1.000000e+00 0.000000e+00 0.000000e+00
      outer loop
         vertex -7.750000e+01 6.697332e+00 -7.124415e+00
         vertex -7.750000e+01 1.300000e+01 5.980762e-01
         vertex -7.750000e+01 1.342836e+01 2.981333e-01
      endloop
   endfacet
   facet normal -1.000000e+00 0.000000e+00 0.000000e+00
      outer loop
         vertex -7.750000e+01 6.697332e+00 -7.124415e+00
         vertex -7.750000e+01 1.342836e+01 2.981333e-01
         vertex -7.750000e+01 1.379813e+01 -7.163717e-02
      endloop
   endfacet
   facet normal -1.000000e+00 0.000000e+00 0.000000e+00
      outer loop
         vertex -7.750000e+01 -7.326187e+00 -8.286437e+00
         vertex -7.750000e+01 -1.450000e+01 -2.000000e+00
         vertex -7.750000e+01 -6.697332e+00 -7.124415e+00
      endloop
   endfacet
   facet normal -1.000000e+00 0.000000e+00 0.000000e+00
      outer loop
         vertex -7.750000e+01 -6.697332e+00 -7.124415e+00
         vertex -7.750000e+01 -1.450000e+01 -2.000000e+00
         vertex -7.750000e+01 -1.445442e+01 -1.479055e+00
      endloop
   endfacet
   facet normal -1.000000e+00 0.000000e+00 0.000000e+00
      outer loop
         vertex -7.750000e+01 -6.697332e+00 -7.124415e+00
         vertex -7.750000e+01 -1.445442e+01 -1.479055e+00
         vertex -7.750000e+01 -5.885791e+00 -6.081747e+00
      endloop
   endfacet
   facet normal -1.000000e+00 0.000000e+00 0.000000e+00
      outer loop
         vertex -7.750000e+01 -5.885791e+00 -6.081747e+00
         vertex -7.750000e+01 -1.445442e+01 -1.479055e+00
         vertex -7.750000e+01 -1.431908e+01 -9.739395e-01
      endloop
   endfacet
   facet normal -1.000000e+00 0.000000e+00 0.000000e+00
      outer loop
         vertex -7.750000e+01 -5.885791e+00 -6.081747e+00
         vertex -7.750000e+01 -1.431908e+01 -9.739395e-01
         vertex -7.750000e+01 -1.409808e+01 -5.000000e-01
      endloop
   endfacet
   facet normal -1.000000e+00 0.000000e+00 -0.000000e+00
      outer loop
         vertex -7.750000e+01 1.379813e+01 -7.163717e-02
         vertex -7.750000e+01 1.409808e+01 -5.000000e-01
         vertex -7.750000e+01 6.697332e+00 -7.124415e+00
      endloop
   endfacet
   facet normal -1.000000e+00 0.000000e+00 0.000000e+00
      outer loop
         vertex -7.750000e+01 6.697332e+00 -7.124415e+00
         vertex -7.750000e+01 1.409808e+01 -5.000000e-01
         vertex -7.750000e+01 1.431908e+01 -9.739395e-01
      endloop
   endfacet
   facet normal -1.000000e+00 0.000000e+00 0.000000e+00
      outer loop
         vertex -7.750000e+01 6.697332e+00 -7.124415e+00
         vertex -7.750000e+01 1.431908e+01 -9.739395e-01
         vertex -7.750000e+01 1.445442e+01 -1.479055e+00
      endloop
   endfacet
   facet normal -0.000000e+00 -0.000000e+00 -1.000000e+00
      outer loop
         vertex -7.750000e+01 1.750000e+01 -2.050000e+01
         vertex -7.750000e+01 1.450000e+01 -2.050000e+01
         vertex -8.200000e+01 1.750000e+01 -2.050000e+01
      endloop
   endfacet
   facet normal 0.000000e+00 0.000000e+00 -1.000000e+00
      outer loop
         vertex -8.200000e+01 1.750000e+01 -2.050000e+01
         vertex -7.750000e+01 1.450000e+01 -2.050000e+01
         vertex -8.200000e+01 1.450000e+01 -2.050000e+01
      endloop
   endfacet
   facet normal 0.000000e+00 -1.000000e+00 0.000000e+00
      outer loop
         vertex -7.750000e+01 1.450000e+01 -2.050000e+01
         vertex -7.750000e+01 1.450000e+01 -2.000000e+00
         vertex -8.200000e+01 1.450000e+01 -2.050000e+01
      endloop
   endfacet
   facet normal 0.000000e+00 -1.000000e+00 0.000000e+00
      outer loop
         vertex -8.200000e+01 1.450000e+01 -2.050000e+01
         vertex -7.750000e+01 1.450000e+01 -2.000000e+00
         vertex -8.200000e+01 1.450000e+01 -2.000000e+00
      endloop
   endfacet
   facet normal -0.000000e+00 -8.715579e-02 -9.961947e-01
      outer loop
         vertex -7.750000e+01 1.150000e+01 1.000000e+00
         vertex -8.200000e+01 1.150000e+01 1.000000e+00
         vertex -7.750000e+01 1.202094e+01 9.544233e-01
      endloop
   endfacet
   facet normal -0.000000e+00 -8.715579e-02 -9.961947e-01
      outer loop
         vertex -7.750000e+01 1.202094e+01 9.544233e-01
         vertex -8.200000e+01 1.150000e+01 1.000000e+00
         vertex -8.200000e+01 1.202094e+01 9.544233e-01
      endloop
   endfacet
   facet normal -0.000000e+00 -2.588191e-01 -9.659258e-01
      outer loop
         vertex -7.750000e+01 1.202094e+01 9.544233e-01
         vertex -8.200000e+01 1.202094e+01 9.544233e-01
         vertex -7.750000e+01 1.252606e+01 8.190779e-01
      endloop
   endfacet
   facet normal -0.000000e+00 -2.588191e-01 -9.659258e-01
      outer loop
         vertex -7.750000e+01 1.252606e+01 8.190779e-01
         vertex -8.200000e+01 1.202094e+01 9.544233e-01
         vertex -8.200000e+01 1.252606e+01 8.190779e-01
      endloop
   endfacet
   facet normal -0.000000e+00 -4.226181e-01 -9.063078e-01
      outer loop
         vertex -7.750000e+01 1.252606e+01 8.190779e-01
         vertex -8.200000e+01 1.252606e+01 8.190779e-01
         vertex -7.750000e+01 1.300000e+01 5.980762e-01
      endloop
   endfacet
   facet normal -0.000000e+00 -4.226181e-01 -9.063078e-01
      outer loop
         vertex -7.750000e+01 1.300000e+01 5.980762e-01
         vertex -8.200000e+01 1.252606e+01 8.190779e-01
         vertex -8.200000e+01 1.300000e+01 5.980762e-01
      endloop
   endfacet
   facet normal -0.000000e+00 -5.735765e-01 -8.191520e-01
      outer loop
         vertex -7.750000e+01 1.300000e+01 5.980762e-01
         vertex -8.200000e+01 1.300000e+01 5.980762e-01
         vertex -7.750000e+01 1.342836e+01 2.981333e-01
      endloop
   endfacet
   facet normal -0.000000e+00 -5.735765e-01 -8.191520e-01
      outer loop
         vertex -7.750000e+01 1.342836e+01 2.981333e-01
         vertex -8.200000e+01 1.300000e+01 5.980762e-01
         vertex -8.200000e+01 1.342836e+01 2.981333e-01
      endloop
   endfacet
   facet normal -0.000000e+00 -7.071068e-01 -7.071067e-01
      outer loop
         vertex -7.750000e+01 1.342836e+01 2.981333e-01
         vertex -8.200000e+01 1.342836e+01 2.981333e-01
         vertex -7.750000e+01 1.379813e+01 -7.163717e-02
      endloop
   endfacet
   facet normal -0.000000e+00 -7.071068e-01 -7.071067e-01
      outer loop
         vertex -7.750000e+01 1.379813e+01 -7.163717e-02
         vertex -8.200000e+01 1.342836e+01 2.981333e-01
         vertex -8.200000e+01 1.379813e+01 -7.163717e-02
      endloop
   endfacet
   facet normal -0.000000e+00 -8.191522e-01 -5.735762e-01
      outer loop
         vertex -7.750000e+01 1.379813e+01 -7.163717e-02
         vertex -8.200000e+01 1.379813e+01 -7.163717e-02
         vertex -7.750000e+01 1.409808e+01 -5.000000e-01
      endloop
   endfacet
   facet normal -0.000000e+00 -8.191522e-01 -5.735762e-01
      outer loop
         vertex -7.750000e+01 1.409808e+01 -5.000000e-01
         vertex -8.200000e+01 1.379813e+01 -7.163717e-02
         vertex -8.200000e+01 1.409808e+01 -5.000000e-01
      endloop
   endfacet
   facet normal -0.000000e+00 -9.063076e-01 -4.226187e-01
      outer loop
         vertex -7.750000e+01 1.409808e+01 -5.000000e-01
         vertex -8.200000e+01 1.409808e+01 -5.000000e-01
         vertex -7.750000e+01 1.431908e+01 -9.739395e-01
      endloop
   endfacet
   facet normal -0.000000e+00 -9.063076e-01 -4.226187e-01
      outer loop
         vertex -7.750000e+01 1.431908e+01 -9.739395e-01
         vertex -8.200000e+01 1.409808e+01 -5.000000e-01
         vertex -8.200000e+01 1.431908e+01 -9.739395e-01
      endloop
   endfacet
   facet normal -0.000000e+00 -9.659258e-01 -2.588190e-01
      outer loop
         vertex -7.750000e+01 1.431908e+01 -9.739395e-01
         vertex -8.200000e+01 1.431908e+01 -9.739395e-01
         vertex -7.750000e+01 1.445442e+01 -1.479055e+00
      endloop
   endfacet
   facet normal -0.000000e+00 -9.659258e-01 -2.588190e-01
      outer loop
         vertex -7.750000e+01 1.445442e+01 -1.479055e+00
         vertex -8.200000e+01 1.431908e+01 -9.739395e-01
         vertex -8.200000e+01 1.445442e+01 -1.479055e+00
      endloop
   endfacet
   facet normal -0.000000e+00 -9.961948e-01 -8.715458e-02
      outer loop
         vertex -7.750000e+01 1.445442e+01 -1.479055e+00
         vertex -8.200000e+01 1.445442e+01 -1.479055e+00
         vertex -7.750000e+01 1.450000e+01 -2.000000e+00
      endloop
   endfacet
   facet normal -0.000000e+00 -9.961948e-01 -8.715458e-02
      outer loop
         vertex -7.750000e+01 1.450000e+01 -2.000000e+00
         vertex -8.200000e+01 1.445442e+01 -1.479055e+00
         vertex -8.200000e+01 1.450000e+01 -2.000000e+00
      endloop
   endfacet
   facet normal -0.000000e+00 -0.000000e+00 -1.000000e+00
      outer loop
         vertex -7.750000e+01 1.150000e+01 1.000000e+00
         vertex -7.750000e+01 -1.150000e+01 1.000000e+00
         vertex -8.200000e+01 1.150000e+01 1.000000e+00
      endloop
   endfacet
   facet normal 0.000000e+00 0.000000e+00 -1.000000e+00
      outer loop
         vertex -8.200000e+01 1.150000e+01 1.000000e+00
         vertex -7.750000e+01 -1.150000e+01 1.000000e+00
         vertex -8.200000e+01 -1.150000e+01 1.000000e+00
      endloop
   endfacet
   facet normal 0.000000e+00 9.961948e-01 -8.715458e-02
      outer loop
         vertex -7.750000e+01 -1.450000e+01 -2.000000e+00
         vertex -8.200000e+01 -1.450000e+01 -2.000000e+00
         vertex -7.750000e+01 -1.445442e+01 -1.479055e+00
      endloop
   endfacet
   facet normal 0.000000e+00 9.961948e-01 -8.715458e-02
      outer loop
         vertex -7.750000e+01 -1.445442e+01 -1.479055e+00
         vertex -8.200000e+01 -1.450000e+01 -2.000000e+00
         vertex -8.200000e+01 -1.445442e+01 -1.479055e+00
      endloop
   endfacet
   facet normal 0.000000e+00 9.659258e-01 -2.588190e-01
      outer loop
         vertex -7.750000e+01 -1.445442e+01 -1.479055e+00
         vertex -8.200000e+01 -1.445442e+01 -1.479055e+00
         vertex -7.750000e+01 -1.431908e+01 -9.739395e-01
      endloop
   endfacet
   facet normal 0.000000e+00 9.659258e-01 -2.588190e-01
      outer loop
         vertex -7.750000e+01 -1.431908e+01 -9.739395e-01
         vertex -8.200000e+01 -1.445442e+01 -1.479055e+00
         vertex -8.200000e+01 -1.431908e+01 -9.739395e-01
      endloop
   endfacet
   facet normal 0.000000e+00 9.063076e-01 -4.226187e-01
      outer loop
         vertex -7.750000e+01 -1.431908e+01 -9.739395e-01
         vertex -8.200000e+01 -1.431908e+01 -9.739395e-01
         vertex -7.750000e+01 -1.409808e+01 -5.000000e-01
      endloop
   endfacet
   facet normal 0.000000e+00 9.063076e-01 -4.226187e-01
      outer loop
         vertex -7.750000e+01 -1.409808e+01 -5.000000e-01
         vertex -8.200000e+01 -1.431908e+01 -9.739395e-01
         vertex -8.200000e+01 -1.409808e+01 -5.000000e-01
      endloop
   endfacet
   facet normal 0.000000e+00 8.191522e-01 -5.735762e-01
      outer loop
         vertex -7.750000e+01 -1.409808e+01 -5.000000e-01
         vertex -8.200000e+01 -1.409808e+01 -5.000000e-01
         vertex -7.750000e+01 -1.379813e+01 -7.163717e-02
      endloop
   endfacet
   facet normal 0.000000e+00 8.191522e-01 -5.735762e-01
      outer loop
         vertex -7.750000e+01 -1.379813e+01 -7.163717e-02
         vertex -8.200000e+01 -1.409808e+01 -5.000000e-01
         vertex -8.200000e+01 -1.379813e+01 -7.163717e-02
      endloop
   endfacet
   facet normal 0.000000e+00 7.071068e-01 -7.071067e-01
      outer loop
         vertex -7.750000e+01 -1.379813e+01 -7.163717e-02
         vertex -8.200000e+01 -1.379813e+01 -7.163717e-02
         vertex -7.750000e+01 -1.342836e+01 2.981333e-01
      endloop
   endfacet
   facet normal 0.000000e+00 7.071068e-01 -7.071067e-01
      outer loop
         vertex -7.750000e+01 -1.342836e+01 2.981333e-01
         vertex -8.200000e+01 -1.379813e+01 -7.163717e-02
         vertex -8.200000e+01 -1.342836e+01 2.981333e-01
      endloop
   endfacet
   facet normal 0.000000e+00 5.735765e-01 -8.191520e-01
      outer loop
         vertex -7.750000e+01 -1.342836e+01 2.981333e-01
         vertex -8.200000e+01 -1.342836e+01 2.981333e-01
         vertex -7.750000e+01 -1.300000e+01 5.980762e-01
      endloop
   endfacet
   facet normal 0.000000e+00 5.735765e-01 -8.191520e-01
      outer loop
         vertex -7.750000e+01 -1.300000e+01 5.980762e-01
         vertex -8.200000e+01 -1.342836e+01 2.981333e-01
         vertex -8.200000e+01 -1.300000e+01 5.980762e-01
      endloop
   endfacet
   facet normal 0.000000e+00 4.226181e-01 -9.063078e-01
      outer loop
         vertex -7.750000e+01 -1.300000e+01 5.980762e-01
         vertex -8.200000e+01 -1.300000e+01 5.980762e-01
         vertex -7.750000e+01 -1.252606e+01 8.190779e-01
      endloop
   endfacet
   facet normal 0.000000e+00 4.226181e-01 -9.063078e-01
      outer loop
         vertex -7.750000e+01 -1.252606e+01 8.190779e-01
         vertex -8.200000e+01 -1.300000e+01 5.980762e-01
         vertex -8.200000e+01 -1.252606e+01 8.190779e-01
      endloop
   endfacet
   facet normal 0.000000e+00 2.588191e-01 -9.659258e-01
      outer loop
         vertex -7.750000e+01 -1.252606e+01 8.190779e-01
         vertex -8.200000e+01 -1.252606e+01 8.190779e-01
         vertex -7.750000e+01 -1.202094e+01 9.544233e-01
      endloop
   endfacet
   facet normal 0.000000e+00 2.588191e-01 -9.659258e-01
      outer loop
         vertex -7.750000e+01 -1.202094e+01 9.544233e-01
         vertex -8.200000e+01 -1.252606e+01 8.190779e-01
         vertex -8.200000e+01 -1.202094e+01 9.544233e-01
      endloop
   endfacet
   facet normal 0.000000e+00 8.715579e-02 -9.961947e-01
      outer loop
         vertex -7.750000e+01 -1.202094e+01 9.544233e-01
         vertex -8.200000e+01 -1.202094e+01 9.544233e-01
         vertex -7.750000e+01 -1.150000e+01 1.000000e+00
      endloop
   endfacet
   facet normal 0.000000e+00 8.715579e-02 -9.961947e-01
      outer loop
         vertex -7.750000e+01 -1.150000e+01 1.000000e+00
         vertex -8.200000e+01 -1.202094e+01 9.544233e-01
         vertex -8.200000e+01 -1.150000e+01 1.000000e+00
      endloop
   endfacet
   facet normal 0.000000e+00 1.000000e+00 0.000000e+00
      outer loop
         vertex -7.750000e+01 -1.450000e+01 -2.000000e+00
         vertex -7.750000e+01 -1.450000e+01 -2.050000e+01
         vertex -8.200000e+01 -1.450000e+01 -2.000000e+00
      endloop
   endfacet
   facet normal 0.000000e+00 1.000000e+00 0.000000e+00
      outer loop
         vertex -8.200000e+01 -1.450000e+01 -2.000000e+00
         vertex -7.750000e+01 -1.450000e+01 -2.050000e+01
         vertex -8.200000e+01 -1.450000e+01 -2.050000e+01
      endloop
   endfacet
   facet normal -0.000000e+00 -0.000000e+00 -1.000000e+00
      outer loop
         vertex -7.750000e+01 -1.450000e+01 -2.050000e+01
         vertex -7.750000e+01 -1.750000e+01 -2.050000e+01
         vertex -8.200000e+01 -1.450000e+01 -2.050000e+01
      endloop
   endfacet
   facet normal 0.000000e+00 0.000000e+00 -1.000000e+00
      outer loop
         vertex -8.200000e+01 -1.450000e+01 -2.050000e+01
         vertex -7.750000e+01 -1.750000e+01 -2.050000e+01
         vertex -8.200000e+01 -1.750000e+01 -2.050000e+01
      endloop
   endfacet
   facet normal 1.000000e+00 0.000000e+00 0.000000e+00
      outer loop
         vertex -5.550000e+01 -1.450000e+01 -2.050000e+01
         vertex -5.550000e+01 -1.750000e+01 -2.050000e+01
         vertex -5.550000e+01 -1.400000e+01 -2.400000e+01
      endloop
   endfacet
   facet normal 1.000000e+00 0.000000e+00 0.000000e+00
      outer loop
         vertex -5.550000e+01 1.400000e+01 -2.400000e+01
         vertex -5.550000e+01 1.750000e+01 -2.050000e+01
         vertex -5.550000e+01 1.450000e+01 -2.050000e+01
      endloop
   endfacet
   facet normal 1.000000e+00 0.000000e+00 0.000000e+00
      outer loop
         vertex -5.550000e+01 3.807579e+00 -1.853579e+01
         vertex -5.550000e+01 2.597596e+00 -1.906654e+01
         vertex -5.550000e+01 1.400000e+01 -2.400000e+01
      endloop
   endfacet
   facet normal 1.000000e+00 -0.000000e+00 0.000000e+00
      outer loop
         vertex -5.550000e+01 3.807579e+00 -1.853579e+01
         vertex -5.550000e+01 1.400000e+01 -2.400000e+01
         vertex -5.550000e+01 4.913702e+00 -1.781312e+01
      endloop
   endfacet
   facet normal 1.000000e+00 0.000000e+00 0.000000e+00
      outer loop
         vertex -5.550000e+01 -2.597596e+00 -1.906654e+01
         vertex -5.550000e+01 -3.807579e+00 -1.853579e+01
         vertex -5.550000e+01 -1.400000e+01 -2.400000e+01
      endloop
   endfacet
   facet normal 1.000000e+00 0.000000e+00 0.000000e+00
      outer loop
         vertex -5.550000e+01 7.326187e+00 -1.471356e+01
         vertex -5.550000e+01 6.697332e+00 -1.587559e+01
         vertex -5.550000e+01 1.400000e+01 -2.400000e+01
      endloop
   endfacet
   facet normal 1.000000e+00 0.000000e+00 0.000000e+00
      outer loop
         vertex -5.550000e+01 1.400000e+01 -2.400000e+01
         vertex -5.550000e+01 6.697332e+00 -1.587559e+01
         vertex -5.550000e+01 5.885791e+00 -1.691825e+01
      endloop
   endfacet
   facet normal 1.000000e+00 0.000000e+00 0.000000e+00
      outer loop
         vertex -5.550000e+01 1.400000e+01 -2.400000e+01
         vertex -5.550000e+01 5.885791e+00 -1.691825e+01
         vertex -5.550000e+01 4.913702e+00 -1.781312e+01
      endloop
   endfacet
   facet normal 1.000000e+00 0.000000e+00 0.000000e+00
      outer loop
         vertex -5.550000e+01 2.597596e+00 -1.906654e+01
         vertex -5.550000e+01 1.316757e+00 -1.939089e+01
         vertex -5.550000e+01 1.400000e+01 -2.400000e+01
      endloop
   endfacet
   facet normal 1.000000e+00 0.000000e+00 0.000000e+00
      outer loop
         vertex -5.550000e+01 1.400000e+01 -2.400000e+01
         vertex -5.550000e+01 1.316757e+00 -1.939089e+01
         vertex -5.550000e+01 3.469447e-15 -1.950000e+01
      endloop
   endfacet
   facet normal 1.000000e+00 0.000000e+00 0.000000e+00
      outer loop
         vertex -5.550000e+01 1.400000e+01 -2.400000e+01
         vertex -5.550000e+01 3.469447e-15 -1.950000e+01
         vertex -5.550000e+01 -1.400000e+01 -2.400000e+01
      endloop
   endfacet
   facet normal 1.000000e+00 0.000000e+00 0.000000e+00
      outer loop
         vertex -5.550000e+01 -1.400000e+01 -2.400000e+01
         vertex -5.550000e+01 3.469447e-15 -1.950000e+01
         vertex -5.550000e+01 -1.316757e+00 -1.939089e+01
      endloop
   endfacet
   facet normal 1.000000e+00 0.000000e+00 0.000000e+00
      outer loop
         vertex -5.550000e+01 -1.400000e+01 -2.400000e+01
         vertex -5.550000e+01 -1.316757e+00 -1.939089e+01
         vertex -5.550000e+01 -2.597596e+00 -1.906654e+01
      endloop
   endfacet
   facet normal 1.000000e+00 0.000000e+00 0.000000e+00
      outer loop
         vertex -5.550000e+01 7.972676e+00 -1.083937e+01
         vertex -5.550000e+01 7.972676e+00 -1.216063e+01
         vertex -5.550000e+01 1.400000e+01 -2.400000e+01
      endloop
   endfacet
   facet normal 1.000000e+00 0.000000e+00 0.000000e+00
      outer loop
         vertex -5.550000e+01 1.400000e+01 -2.400000e+01
         vertex -5.550000e+01 7.972676e+00 -1.216063e+01
         vertex -5.550000e+01 7.755202e+00 -1.346388e+01
      endloop
   endfacet
   facet normal 1.000000e+00 0.000000e+00 0.000000e+00
      outer loop
         vertex -5.550000e+01 1.400000e+01 -2.400000e+01
         vertex -5.550000e+01 7.755202e+00 -1.346388e+01
         vertex -5.550000e+01 7.326187e+00 -1.471356e+01
      endloop
   endfacet
   facet normal 1.000000e+00 0.000000e+00 0.000000e+00
      outer loop
         vertex -5.550000e+01 -3.807579e+00 -1.853579e+01
         vertex -5.550000e+01 -4.913702e+00 -1.781312e+01
         vertex -5.550000e+01 -1.400000e+01 -2.400000e+01
      endloop
   endfacet
   facet normal 1.000000e+00 0.000000e+00 0.000000e+00
      outer loop
         vertex -5.550000e+01 -1.400000e+01 -2.400000e+01
         vertex -5.550000e+01 -4.913702e+00 -1.781312e+01
         vertex -5.550000e+01 -5.885791e+00 -1.691825e+01
      endloop
   endfacet
   facet normal 1.000000e+00 0.000000e+00 -0.000000e+00
      outer loop
         vertex -5.550000e+01 -1.400000e+01 -2.400000e+01
         vertex -5.550000e+01 -5.885791e+00 -1.691825e+01
         vertex -5.550000e+01 -1.450000e+01 -2.050000e+01
      endloop
   endfacet
   facet normal 1.000000e+00 0.000000e+00 0.000000e+00
      outer loop
         vertex -5.550000e+01 -1.450000e+01 -2.050000e+01
         vertex -5.550000e+01 -5.885791e+00 -1.691825e+01
         vertex -5.550000e+01 -6.697332e+00 -1.587559e+01
      endloop
   endfacet
   facet normal 1.000000e+00 0.000000e+00 0.000000e+00
      outer loop
         vertex -5.550000e+01 -1.450000e+01 -2.050000e+01
         vertex -5.550000e+01 -6.697332e+00 -1.587559e+01
         vertex -5.550000e+01 -7.326187e+00 -1.471356e+01
      endloop
   endfacet
   facet normal 1.000000e+00 0.000000e+00 0.000000e+00
      outer loop
         vertex -5.550000e+01 -7.326187e+00 -1.471356e+01
         vertex -5.550000e+01 -7.755202e+00 -1.346388e+01
         vertex -5.550000e+01 -1.450000e+01 -2.050000e+01
      endloop
   endfacet
   facet normal 1.000000e+00 0.000000e+00 0.000000e+00
      outer loop
         vertex -5.550000e+01 -1.450000e+01 -2.050000e+01
         vertex -5.550000e+01 -7.755202e+00 -1.346388e+01
         vertex -5.550000e+01 -7.972676e+00 -1.216063e+01
      endloop
   endfacet
   facet normal 1.000000e+00 0.000000e+00 0.000000e+00
      outer loop
         vertex -5.550000e+01 -1.450000e+01 -2.050000e+01
         vertex -5.550000e+01 -7.972676e+00 -1.216063e+01
         vertex -5.550000e+01 -1.450000e+01 -2.000000e+00
      endloop
   endfacet
   facet normal 1.000000e+00 0.000000e+00 0.000000e+00
      outer loop
         vertex -5.550000e+01 -1.450000e+01 -2.000000e+00
         vertex -5.550000e+01 -7.972676e+00 -1.216063e+01
         vertex -5.550000e+01 -7.972676e+00 -1.083937e+01
      endloop
   endfacet
   facet normal 1.000000e+00 0.000000e+00 0.000000e+00
      outer loop
         vertex -5.550000e+01 -1.450000e+01 -2.000000e+00
         vertex -5.550000e+01 -7.972676e+00 -1.083937e+01
         vertex -5.550000e+01 -7.755202e+00 -9.536116e+00
      endloop
   endfacet
   facet normal 1.000000e+00 0.000000e+00 0.000000e+00
      outer loop
         vertex -5.550000e+01 -1.409808e+01 -5.000000e-01
         vertex -5.550000e+01 -1.431908e+01 -9.739395e-01
         vertex -5.550000e+01 -6.697332e+00 -7.124415e+00
      endloop
   endfacet
   facet normal 1.000000e+00 0.000000e+00 0.000000e+00
      outer loop
         vertex -5.550000e+01 1.445442e+01 -1.479055e+00
         vertex -5.550000e+01 5.885791e+00 -6.081747e+00
         vertex -5.550000e+01 1.450000e+01 -2.000000e+00
      endloop
   endfacet
   facet normal 1.000000e+00 0.000000e+00 0.000000e+00
      outer loop
         vertex -5.550000e+01 1.450000e+01 -2.000000e+00
         vertex -5.550000e+01 5.885791e+00 -6.081747e+00
         vertex -5.550000e+01 6.697332e+00 -7.124415e+00
      endloop
   endfacet
   facet normal 1.000000e+00 0.000000e+00 0.000000e+00
      outer loop
         vertex -5.550000e+01 1.450000e+01 -2.000000e+00
         vertex -5.550000e+01 6.697332e+00 -7.124415e+00
         vertex -5.550000e+01 1.450000e+01 -2.050000e+01
      endloop
   endfacet
   facet normal 1.000000e+00 0.000000e+00 0.000000e+00
      outer loop
         vertex -5.550000e+01 1.450000e+01 -2.050000e+01
         vertex -5.550000e+01 6.697332e+00 -7.124415e+00
         vertex -5.550000e+01 7.326187e+00 -8.286437e+00
      endloop
   endfacet
   facet normal 1.000000e+00 0.000000e+00 0.000000e+00
      outer loop
         vertex -5.550000e+01 1.450000e+01 -2.050000e+01
         vertex -5.550000e+01 7.326187e+00 -8.286437e+00
         vertex -5.550000e+01 1.400000e+01 -2.400000e+01
      endloop
   endfacet
   facet normal 1.000000e+00 0.000000e+00 0.000000e+00
      outer loop
         vertex -5.550000e+01 1.400000e+01 -2.400000e+01
         vertex -5.550000e+01 7.326187e+00 -8.286437e+00
         vertex -5.550000e+01 7.755202e+00 -9.536116e+00
      endloop
   endfacet
   facet normal 1.000000e+00 0.000000e+00 0.000000e+00
      outer loop
         vertex -5.550000e+01 1.400000e+01 -2.400000e+01
         vertex -5.550000e+01 7.755202e+00 -9.536116e+00
         vertex -5.550000e+01 7.972676e+00 -1.083937e+01
      endloop
   endfacet
   facet normal 1.000000e+00 -0.000000e+00 0.000000e+00
      outer loop
         vertex -5.550000e+01 -1.409808e+01 -5.000000e-01
         vertex -5.550000e+01 -6.697332e+00 -7.124415e+00
         vertex -5.550000e+01 -1.379813e+01 -7.163717e-02
      endloop
   endfacet
   facet normal 1.000000e+00 0.000000e+00 -0.000000e+00
      outer loop
         vertex -5.550000e+01 -7.755202e+00 -9.536116e+00
         vertex -5.550000e+01 -7.326187e+00 -8.286437e+00
         vertex -5.550000e+01 -1.450000e+01 -2.000000e+00
      endloop
   endfacet
   facet normal 1.000000e+00 0.000000e+00 0.000000e+00
      outer loop
         vertex -5.550000e+01 -1.450000e+01 -2.000000e+00
         vertex -5.550000e+01 -7.326187e+00 -8.286437e+00
         vertex -5.550000e+01 -6.697332e+00 -7.124415e+00
      endloop
   endfacet
   facet normal 1.000000e+00 -0.000000e+00 0.000000e+00
      outer loop
         vertex -5.550000e+01 -1.450000e+01 -2.000000e+00
         vertex -5.550000e+01 -6.697332e+00 -7.124415e+00
         vertex -5.550000e+01 -1.445442e+01 -1.479055e+00
      endloop
   endfacet
   facet normal 1.000000e+00 -0.000000e+00 0.000000e+00
      outer loop
         vertex -5.550000e+01 -1.445442e+01 -1.479055e+00
         vertex -5.550000e+01 -6.697332e+00 -7.124415e+00
         vertex -5.550000e+01 -1.431908e+01 -9.739395e-01
      endloop
   endfacet
   facet normal 1.000000e+00 0.000000e+00 0.000000e+00
      outer loop
         vertex -5.550000e+01 -1.150000e+01 1.000000e+00
         vertex -5.550000e+01 -1.202094e+01 9.544233e-01
         vertex -5.550000e+01 -5.885791e+00 -6.081747e+00
      endloop
   endfacet
   facet normal 1.000000e+00 0.000000e+00 -0.000000e+00
      outer loop
         vertex -5.550000e+01 -5.885791e+00 -6.081747e+00
         vertex -5.550000e+01 -4.913702e+00 -5.186876e+00
         vertex -5.550000e+01 -1.150000e+01 1.000000e+00
      endloop
   endfacet
   facet normal 1.000000e+00 0.000000e+00 0.000000e+00
      outer loop
         vertex -5.550000e+01 -1.150000e+01 1.000000e+00
         vertex -5.550000e+01 -4.913702e+00 -5.186876e+00
         vertex -5.550000e+01 -3.807579e+00 -4.464210e+00
      endloop
   endfacet
   facet normal 1.000000e+00 0.000000e+00 0.000000e+00
      outer loop
         vertex -5.550000e+01 -1.150000e+01 1.000000e+00
         vertex -5.550000e+01 -3.807579e+00 -4.464210e+00
         vertex -5.550000e+01 -2.597596e+00 -3.933462e+00
      endloop
   endfacet
   facet normal 1.000000e+00 0.000000e+00 -0.000000e+00
      outer loop
         vertex -5.550000e+01 -2.597596e+00 -3.933462e+00
         vertex -5.550000e+01 -1.316757e+00 -3.609110e+00
         vertex -5.550000e+01 -1.150000e+01 1.000000e+00
      endloop
   endfacet
   facet normal 1.000000e+00 0.000000e+00 0.000000e+00
      outer loop
         vertex -5.550000e+01 -1.150000e+01 1.000000e+00
         vertex -5.550000e+01 -1.316757e+00 -3.609110e+00
         vertex -5.550000e+01 0.000000e+00 -3.500000e+00
      endloop
   endfacet
   facet normal 1.000000e+00 -0.000000e+00 0.000000e+00
      outer loop
         vertex -5.550000e+01 -1.150000e+01 1.000000e+00
         vertex -5.550000e+01 0.000000e+00 -3.500000e+00
         vertex -5.550000e+01 1.150000e+01 1.000000e+00
      endloop
   endfacet
   facet normal 1.000000e+00 0.000000e+00 0.000000e+00
      outer loop
         vertex -5.550000e+01 1.150000e+01 1.000000e+00
         vertex -5.550000e+01 0.000000e+00 -3.500000e+00
         vertex -5.550000e+01 1.316757e+00 -3.609110e+00
      endloop
   endfacet
   facet normal 1.000000e+00 0.000000e+00 0.000000e+00
      outer loop
         vertex -5.550000e+01 1.150000e+01 1.000000e+00
         vertex -5.550000e+01 1.316757e+00 -3.609110e+00
         vertex -5.550000e+01 2.597596e+00 -3.933462e+00
      endloop
   endfacet
   facet normal 1.000000e+00 -0.000000e+00 0.000000e+00
      outer loop
         vertex -5.550000e+01 2.597596e+00 -3.933462e+00
         vertex -5.550000e+01 3.807579e+00 -4.464210e+00
         vertex -5.550000e+01 1.150000e+01 1.000000e+00
      endloop
   endfacet
   facet normal 1.000000e+00 0.000000e+00 0.000000e+00
      outer loop
         vertex -5.550000e+01 1.150000e+01 1.000000e+00
         vertex -5.550000e+01 3.807579e+00 -4.464210e+00
         vertex -5.550000e+01 4.913702e+00 -5.186876e+00
      endloop
   endfacet
   facet normal 1.000000e+00 0.000000e+00 0.000000e+00
      outer loop
         vertex -5.550000e+01 1.150000e+01 1.000000e+00
         vertex -5.550000e+01 4.913702e+00 -5.186876e+00
         vertex -5.550000e+01 1.202094e+01 9.544233e-01
      endloop
   endfacet
   facet normal 1.000000e+00 0.000000e+00 0.000000e+00
      outer loop
         vertex -5.550000e+01 1.202094e+01 9.544233e-01
         vertex -5.550000e+01 4.913702e+00 -5.186876e+00
         vertex -5.550000e+01 5.885791e+00 -6.081747e+00
      endloop
   endfacet
   facet normal 1.000000e+00 0.000000e+00 0.000000e+00
      outer loop
         vertex -5.550000e+01 1.202094e+01 9.544233e-01
         vertex -5.550000e+01 5.885791e+00 -6.081747e+00
         vertex -5.550000e+01 1.252606e+01 8.190779e-01
      endloop
   endfacet
   facet normal 1.000000e+00 0.000000e+00 0.000000e+00
      outer loop
         vertex -5.550000e+01 1.445442e+01 -1.479055e+00
         vertex -5.550000e+01 1.431908e+01 -9.739395e-01
         vertex -5.550000e+01 5.885791e+00 -6.081747e+00
      endloop
   endfacet
   facet normal 1.000000e+00 0.000000e+00 0.000000e+00
      outer loop
         vertex -5.550000e+01 5.885791e+00 -6.081747e+00
         vertex -5.550000e+01 1.431908e+01 -9.739395e-01
         vertex -5.550000e+01 1.409808e+01 -5.000000e-01
      endloop
   endfacet
   facet normal 1.000000e+00 0.000000e+00 0.000000e+00
      outer loop
         vertex -5.550000e+01 5.885791e+00 -6.081747e+00
         vertex -5.550000e+01 1.409808e+01 -5.000000e-01
         vertex -5.550000e+01 1.379813e+01 -7.163717e-02
      endloop
   endfacet
   facet normal 1.000000e+00 0.000000e+00 0.000000e+00
      outer loop
         vertex -5.550000e+01 -1.202094e+01 9.544233e-01
         vertex -5.550000e+01 -1.252606e+01 8.190779e-01
         vertex -5.550000e+01 -5.885791e+00 -6.081747e+00
      endloop
   endfacet
   facet normal 1.000000e+00 0.000000e+00 0.000000e+00
      outer loop
         vertex -5.550000e+01 -5.885791e+00 -6.081747e+00
         vertex -5.550000e+01 -1.252606e+01 8.190779e-01
         vertex -5.550000e+01 -1.300000e+01 5.980762e-01
      endloop
   endfacet
   facet normal 1.000000e+00 0.000000e+00 0.000000e+00
      outer loop
         vertex -5.550000e+01 -5.885791e+00 -6.081747e+00
         vertex -5.550000e+01 -1.300000e+01 5.980762e-01
         vertex -5.550000e+01 -6.697332e+00 -7.124415e+00
      endloop
   endfacet
   facet normal 1.000000e+00 0.000000e+00 0.000000e+00
      outer loop
         vertex -5.550000e+01 -6.697332e+00 -7.124415e+00
         vertex -5.550000e+01 -1.300000e+01 5.980762e-01
         vertex -5.550000e+01 -1.342836e+01 2.981333e-01
      endloop
   endfacet
   facet normal 1.000000e+00 0.000000e+00 0.000000e+00
      outer loop
         vertex -5.550000e+01 -6.697332e+00 -7.124415e+00
         vertex -5.550000e+01 -1.342836e+01 2.981333e-01
         vertex -5.550000e+01 -1.379813e+01 -7.163717e-02
      endloop
   endfacet
   facet normal 1.000000e+00 0.000000e+00 0.000000e+00
      outer loop
         vertex -5.550000e+01 1.379813e+01 -7.163717e-02
         vertex -5.550000e+01 1.342836e+01 2.981333e-01
         vertex -5.550000e+01 5.885791e+00 -6.081747e+00
      endloop
   endfacet
   facet normal 1.000000e+00 0.000000e+00 0.000000e+00
      outer loop
         vertex -5.550000e+01 5.885791e+00 -6.081747e+00
         vertex -5.550000e+01 1.342836e+01 2.981333e-01
         vertex -5.550000e+01 1.300000e+01 5.980762e-01
      endloop
   endfacet
   facet normal 1.000000e+00 0.000000e+00 0.000000e+00
      outer loop
         vertex -5.550000e+01 5.885791e+00 -6.081747e+00
         vertex -5.550000e+01 1.300000e+01 5.980762e-01
         vertex -5.550000e+01 1.252606e+01 8.190779e-01
      endloop
   endfacet
   facet normal 0.000000e+00 0.000000e+00 -1.000000e+00
      outer loop
         vertex -5.550000e+01 -1.750000e+01 -2.050000e+01
         vertex -5.550000e+01 -1.450000e+01 -2.050000e+01
         vertex -4.800000e+01 -1.750000e+01 -2.050000e+01
      endloop
   endfacet
   facet normal 0.000000e+00 0.000000e+00 -1.000000e+00
      outer loop
         vertex -4.800000e+01 -1.750000e+01 -2.050000e+01
         vertex -5.550000e+01 -1.450000e+01 -2.050000e+01
         vertex -4.800000e+01 -1.450000e+01 -2.050000e+01
      endloop
   endfacet
   facet normal 0.000000e+00 1.000000e+00 0.000000e+00
      outer loop
         vertex -5.550000e+01 -1.450000e+01 -2.050000e+01
         vertex -5.550000e+01 -1.450000e+01 -2.000000e+00
         vertex -4.800000e+01 -1.450000e+01 -2.050000e+01
      endloop
   endfacet
   facet normal 0.000000e+00 1.000000e+00 -0.000000e+00
      outer loop
         vertex -4.800000e+01 -1.450000e+01 -2.050000e+01
         vertex -5.550000e+01 -1.450000e+01 -2.000000e+00
         vertex -4.800000e+01 -1.450000e+01 -2.000000e+00
      endloop
   endfacet
   facet normal 0.000000e+00 8.715579e-02 -9.961947e-01
      outer loop
         vertex -5.550000e+01 -1.150000e+01 1.000000e+00
         vertex -4.800000e+01 -1.150000e+01 1.000000e+00
         vertex -5.550000e+01 -1.202094e+01 9.544233e-01
      endloop
   endfacet
   facet normal 0.000000e+00 8.715579e-02 -9.961947e-01
      outer loop
         vertex -5.550000e+01 -1.202094e+01 9.544233e-01
         vertex -4.800000e+01 -1.150000e+01 1.000000e+00
         vertex -4.800000e+01 -1.202094e+01 9.544233e-01
      endloop
   endfacet
   facet normal 0.000000e+00 2.588191e-01 -9.659258e-01
      outer loop
         vertex -5.550000e+01 -1.202094e+01 9.544233e-01
         vertex -4.800000e+01 -1.202094e+01 9.544233e-01
         vertex -5.550000e+01 -1.252606e+01 8.190779e-01
      endloop
   endfacet
   facet normal 0.000000e+00 2.588191e-01 -9.659258e-01
      outer loop
         vertex -5.550000e+01 -1.252606e+01 8.190779e-01
         vertex -4.800000e+01 -1.202094e+01 9.544233e-01
         vertex -4.800000e+01 -1.252606e+01 8.190779e-01
      endloop
   endfacet
   facet normal 0.000000e+00 4.226181e-01 -9.063078e-01
      outer loop
         vertex -5.550000e+01 -1.252606e+01 8.190779e-01
         vertex -4.800000e+01 -1.252606e+01 8.190779e-01
         vertex -5.550000e+01 -1.300000e+01 5.980762e-01
      endloop
   endfacet
   facet normal 0.000000e+00 4.226181e-01 -9.063078e-01
      outer loop
         vertex -5.550000e+01 -1.300000e+01 5.980762e-01
         vertex -4.800000e+01 -1.252606e+01 8.190779e-01
         vertex -4.800000e+01 -1.300000e+01 5.980762e-01
      endloop
   endfacet
   facet normal 0.000000e+00 5.735765e-01 -8.191520e-01
      outer loop
         vertex -5.550000e+01 -1.300000e+01 5.980762e-01
         vertex -4.800000e+01 -1.300000e+01 5.980762e-01
         vertex -5.550000e+01 -1.342836e+01 2.981333e-01
      endloop
   endfacet
   facet normal 0.000000e+00 5.735765e-01 -8.191520e-01
      outer loop
         vertex -5.550000e+01 -1.342836e+01 2.981333e-01
         vertex -4.800000e+01 -1.300000e+01 5.980762e-01
         vertex -4.800000e+01 -1.342836e+01 2.981333e-01
      endloop
   endfacet
   facet normal 0.000000e+00 7.071068e-01 -7.071067e-01
      outer loop
         vertex -5.550000e+01 -1.342836e+01 2.981333e-01
         vertex -4.800000e+01 -1.342836e+01 2.981333e-01
         vertex -5.550000e+01 -1.379813e+01 -7.163717e-02
      endloop
   endfacet
   facet normal 0.000000e+00 7.071068e-01 -7.071067e-01
      outer loop
         vertex -5.550000e+01 -1.379813e+01 -7.163717e-02
         vertex -4.800000e+01 -1.342836e+01 2.981333e-01
         vertex -4.800000e+01 -1.379813e+01 -7.163717e-02
      endloop
   endfacet
   facet normal 0.000000e+00 8.191522e-01 -5.735762e-01
      outer loop
         vertex -5.550000e+01 -1.379813e+01 -7.163717e-02
         vertex -4.800000e+01 -1.379813e+01 -7.163717e-02
         vertex -5.550000e+01 -1.409808e+01 -5.000000e-01
      endloop
   endfacet
   facet normal 0.000000e+00 8.191522e-01 -5.735762e-01
      outer loop
         vertex -5.550000e+01 -1.409808e+01 -5.000000e-01
         vertex -4.800000e+01 -1.379813e+01 -7.163717e-02
         vertex -4.800000e+01 -1.409808e+01 -5.000000e-01
      endloop
   endfacet
   facet normal 0.000000e+00 9.063076e-01 -4.226187e-01
      outer loop
         vertex -5.550000e+01 -1.409808e+01 -5.000000e-01
         vertex -4.800000e+01 -1.409808e+01 -5.000000e-01
         vertex -5.550000e+01 -1.431908e+01 -9.739395e-01
      endloop
   endfacet
   facet normal 0.000000e+00 9.063076e-01 -4.226187e-01
      outer loop
         vertex -5.550000e+01 -1.431908e+01 -9.739395e-01
         vertex -4.800000e+01 -1.409808e+01 -5.000000e-01
         vertex -4.800000e+01 -1.431908e+01 -9.739395e-01
      endloop
   endfacet
   facet normal 0.000000e+00 9.659258e-01 -2.588190e-01
      outer loop
         vertex -5.550000e+01 -1.431908e+01 -9.739395e-01
         vertex -4.800000e+01 -1.431908e+01 -9.739395e-01
         vertex -5.550000e+01 -1.445442e+01 -1.479055e+00
      endloop
   endfacet
   facet normal 0.000000e+00 9.659258e-01 -2.588190e-01
      outer loop
         vertex -5.550000e+01 -1.445442e+01 -1.479055e+00
         vertex -4.800000e+01 -1.431908e+01 -9.739395e-01
         vertex -4.800000e+01 -1.445442e+01 -1.479055e+00
      endloop
   endfacet
   facet normal 0.000000e+00 9.961948e-01 -8.715458e-02
      outer loop
         vertex -5.550000e+01 -1.445442e+01 -1.479055e+00
         vertex -4.800000e+01 -1.445442e+01 -1.479055e+00
         vertex -5.550000e+01 -1.450000e+01 -2.000000e+00
      endloop
   endfacet
   facet normal 0.000000e+00 9.961948e-01 -8.715458e-02
      outer loop
         vertex -5.550000e+01 -1.450000e+01 -2.000000e+00
         vertex -4.800000e+01 -1.445442e+01 -1.479055e+00
         vertex -4.800000e+01 -1.450000e+01 -2.000000e+00
      endloop
   endfacet
   facet normal 0.000000e+00 0.000000e+00 -1.000000e+00
      outer loop
         vertex -5.550000e+01 -1.150000e+01 1.000000e+00
         vertex -5.550000e+01 1.150000e+01 1.000000e+00
         vertex -4.800000e+01 -1.150000e+01 1.000000e+00
      endloop
   endfacet
   facet normal 0.000000e+00 0.000000e+00 -1.000000e+00
      outer loop
         vertex -4.800000e+01 -1.150000e+01 1.000000e+00
         vertex -5.550000e+01 1.150000e+01 1.000000e+00
         vertex -4.800000e+01 1.150000e+01 1.000000e+00
      endloop
   endfacet
   facet normal 0.000000e+00 -9.961948e-01 -8.715458e-02
      outer loop
         vertex -5.550000e+01 1.450000e+01 -2.000000e+00
         vertex -4.800000e+01 1.450000e+01 -2.000000e+00
         vertex -5.550000e+01 1.445442e+01 -1.479055e+00
      endloop
   endfacet
   facet normal 0.000000e+00 -9.961948e-01 -8.715458e-02
      outer loop
         vertex -5.550000e+01 1.445442e+01 -1.479055e+00
         vertex -4.800000e+01 1.450000e+01 -2.000000e+00
         vertex -4.800000e+01 1.445442e+01 -1.479055e+00
      endloop
   endfacet
   facet normal 0.000000e+00 -9.659258e-01 -2.588190e-01
      outer loop
         vertex -5.550000e+01 1.445442e+01 -1.479055e+00
         vertex -4.800000e+01 1.445442e+01 -1.479055e+00
         vertex -5.550000e+01 1.431908e+01 -9.739395e-01
      endloop
   endfacet
   facet normal 0.000000e+00 -9.659258e-01 -2.588190e-01
      outer loop
         vertex -5.550000e+01 1.431908e+01 -9.739395e-01
         vertex -4.800000e+01 1.445442e+01 -1.479055e+00
         vertex -4.800000e+01 1.431908e+01 -9.739395e-01
      endloop
   endfacet
   facet normal 0.000000e+00 -9.063076e-01 -4.226187e-01
      outer loop
         vertex -5.550000e+01 1.431908e+01 -9.739395e-01
         vertex -4.800000e+01 1.431908e+01 -9.739395e-01
         vertex -5.550000e+01 1.409808e+01 -5.000000e-01
      endloop
   endfacet
   facet normal 0.000000e+00 -9.063076e-01 -4.226187e-01
      outer loop
         vertex -5.550000e+01 1.409808e+01 -5.000000e-01
         vertex -4.800000e+01 1.431908e+01 -9.739395e-01
         vertex -4.800000e+01 1.409808e+01 -5.000000e-01
      endloop
   endfacet
   facet normal 0.000000e+00 -8.191522e-01 -5.735762e-01
      outer loop
         vertex -5.550000e+01 1.409808e+01 -5.000000e-01
         vertex -4.800000e+01 1.409808e+01 -5.000000e-01
         vertex -5.550000e+01 1.379813e+01 -7.163717e-02
      endloop
   endfacet
   facet normal 0.000000e+00 -8.191522e-01 -5.735762e-01
      outer loop
         vertex -5.550000e+01 1.379813e+01 -7.163717e-02
         vertex -4.800000e+01 1.409808e+01 -5.000000e-01
         vertex -4.800000e+01 1.379813e+01 -7.163717e-02
      endloop
   endfacet
   facet normal 0.000000e+00 -7.071068e-01 -7.071067e-01
      outer loop
         vertex -5.550000e+01 1.379813e+01 -7.163717e-02
         vertex -4.800000e+01 1.379813e+01 -7.163717e-02
         vertex -5.550000e+01 1.342836e+01 2.981333e-01
      endloop
   endfacet
   facet normal 0.000000e+00 -7.071068e-01 -7.071067e-01
      outer loop
         vertex -5.550000e+01 1.342836e+01 2.981333e-01
         vertex -4.800000e+01 1.379813e+01 -7.163717e-02
         vertex -4.800000e+01 1.342836e+01 2.981333e-01
      endloop
   endfacet
   facet normal 0.000000e+00 -5.735765e-01 -8.191520e-01
      outer loop
         vertex -5.550000e+01 1.342836e+01 2.981333e-01
         vertex -4.800000e+01 1.342836e+01 2.981333e-01
         vertex -5.550000e+01 1.300000e+01 5.980762e-01
      endloop
   endfacet
   facet normal 0.000000e+00 -5.735765e-01 -8.191520e-01
      outer loop
         vertex -5.550000e+01 1.300000e+01 5.980762e-01
         vertex -4.800000e+01 1.342836e+01 2.981333e-01
         vertex -4.800000e+01 1.300000e+01 5.980762e-01
      endloop
   endfacet
   facet normal 0.000000e+00 -4.226181e-01 -9.063078e-01
      outer loop
         vertex -5.550000e+01 1.300000e+01 5.980762e-01
         vertex -4.800000e+01 1.300000e+01 5.980762e-01
         vertex -5.550000e+01 1.252606e+01 8.190779e-01
      endloop
   endfacet
   facet normal 0.000000e+00 -4.226181e-01 -9.063078e-01
      outer loop
         vertex -5.550000e+01 1.252606e+01 8.190779e-01
         vertex -4.800000e+01 1.300000e+01 5.980762e-01
         vertex -4.800000e+01 1.252606e+01 8.190779e-01
      endloop
   endfacet
   facet normal 0.000000e+00 -2.588191e-01 -9.659258e-01
      outer loop
         vertex -5.550000e+01 1.252606e+01 8.190779e-01
         vertex -4.800000e+01 1.252606e+01 8.190779e-01
         vertex -5.550000e+01 1.202094e+01 9.544233e-01
      endloop
   endfacet
   facet normal 0.000000e+00 -2.588191e-01 -9.659258e-01
      outer loop
         vertex -5.550000e+01 1.202094e+01 9.544233e-01
         vertex -4.800000e+01 1.252606e+01 8.190779e-01
         vertex -4.800000e+01 1.202094e+01 9.544233e-01
      endloop
   endfacet
   facet normal 0.000000e+00 -8.715579e-02 -9.961947e-01
      outer loop
         vertex -5.550000e+01 1.202094e+01 9.544233e-01
         vertex -4.800000e+01 1.202094e+01 9.544233e-01
         vertex -5.550000e+01 1.150000e+01 1.000000e+00
      endloop
   endfacet
   facet normal 0.000000e+00 -8.715579e-02 -9.961947e-01
      outer loop
         vertex -5.550000e+01 1.150000e+01 1.000000e+00
         vertex -4.800000e+01 1.202094e+01 9.544233e-01
         vertex -4.800000e+01 1.150000e+01 1.000000e+00
      endloop
   endfacet
   facet normal 0.000000e+00 -1.000000e+00 0.000000e+00
      outer loop
         vertex -5.550000e+01 1.450000e+01 -2.000000e+00
         vertex -5.550000e+01 1.450000e+01 -2.050000e+01
         vertex -4.800000e+01 1.450000e+01 -2.000000e+00
      endloop
   endfacet
   facet normal 0.000000e+00 -1.000000e+00 -0.000000e+00
      outer loop
         vertex -4.800000e+01 1.450000e+01 -2.000000e+00
         vertex -5.550000e+01 1.450000e+01 -2.050000e+01
         vertex -4.800000e+01 1.450000e+01 -2.050000e+01
      endloop
   endfacet
   facet normal 0.000000e+00 0.000000e+00 -1.000000e+00
      outer loop
         vertex -5.550000e+01 1.450000e+01 -2.050000e+01
         vertex -5.550000e+01 1.750000e+01 -2.050000e+01
         vertex -4.800000e+01 1.450000e+01 -2.050000e+01
      endloop
   endfacet
   facet normal 0.000000e+00 0.000000e+00 -1.000000e+00
      outer loop
         vertex -4.800000e+01 1.450000e+01 -2.050000e+01
         vertex -5.550000e+01 1.750000e+01 -2.050000e+01
         vertex -4.800000e+01 1.750000e+01 -2.050000e+01
      endloop
   endfacet
   facet normal -0.000000e+00 -7.071068e-01 -7.071068e-01
      outer loop
         vertex 7.750000e+01 -1.400000e+01 -2.400000e+01
         vertex 7.750000e+01 -1.750000e+01 -2.050000e+01
         vertex 5.550000e+01 -1.400000e+01 -2.400000e+01
      endloop
   endfacet
   facet normal 0.000000e+00 -7.071068e-01 -7.071068e-01
      outer loop
         vertex 5.550000e+01 -1.400000e+01 -2.400000e+01
         vertex 7.750000e+01 -1.750000e+01 -2.050000e+01
         vertex 5.550000e+01 -1.750000e+01 -2.050000e+01
      endloop
   endfacet
   facet normal -0.000000e+00 -0.000000e+00 -1.000000e+00
      outer loop
         vertex 7.750000e+01 1.400000e+01 -2.400000e+01
         vertex 7.750000e+01 -1.400000e+01 -2.400000e+01
         vertex 5.550000e+01 1.400000e+01 -2.400000e+01
      endloop
   endfacet
   facet normal 0.000000e+00 0.000000e+00 -1.000000e+00
      outer loop
         vertex 5.550000e+01 1.400000e+01 -2.400000e+01
         vertex 7.750000e+01 -1.400000e+01 -2.400000e+01
         vertex 5.550000e+01 -1.400000e+01 -2.400000e+01
      endloop
   endfacet
   facet normal 0.000000e+00 7.071068e-01 -7.071068e-01
      outer loop
         vertex 7.750000e+01 1.750000e+01 -2.050000e+01
         vertex 7.750000e+01 1.400000e+01 -2.400000e+01
         vertex 5.550000e+01 1.750000e+01 -2.050000e+01
      endloop
   endfacet
   facet normal 0.000000e+00 7.071068e-01 -7.071068e-01
      outer loop
         vertex 5.550000e+01 1.750000e+01 -2.050000e+01
         vertex 7.750000e+01 1.400000e+01 -2.400000e+01
         vertex 5.550000e+01 1.400000e+01 -2.400000e+01
      endloop
   endfacet
   facet normal 0.000000e+00 8.257934e-02 -9.965845e-01
      outer loop
         vertex 5.550000e+01 1.959435e-15 -3.500000e+00
         vertex 7.750000e+01 1.959435e-15 -3.500000e+00
         vertex 5.550000e+01 -1.316757e+00 -3.609110e+00
      endloop
   endfacet
   facet normal 0.000000e+00 8.257934e-02 -9.965845e-01
      outer loop
         vertex 5.550000e+01 -1.316757e+00 -3.609110e+00
         vertex 7.750000e+01 1.959435e-15 -3.500000e+00
         vertex 7.750000e+01 -1.316757e+00 -3.609110e+00
      endloop
   endfacet
   facet normal 0.000000e+00 2.454853e-01 -9.694003e-01
      outer loop
         vertex 5.550000e+01 -1.316757e+00 -3.609110e+00
         vertex 7.750000e+01 -1.316757e+00 -3.609110e+00
         vertex 5.550000e+01 -2.597596e+00 -3.933462e+00
      endloop
   endfacet
   facet normal 0.000000e+00 2.454853e-01 -9.694003e-01
      outer loop
         vertex 5.550000e+01 -2.597596e+00 -3.933462e+00
         vertex 7.750000e+01 -1.316757e+00 -3.609110e+00
         vertex 7.750000e+01 -2.597596e+00 -3.933462e+00
      endloop
   endfacet
   facet normal 0.000000e+00 4.016956e-01 -9.157733e-01
      outer loop
         vertex 5.550000e+01 -2.597596e+00 -3.933462e+00
         vertex 7.750000e+01 -2.597596e+00 -3.933462e+00
         vertex 5.550000e+01 -3.807579e+00 -4.464210e+00
      endloop
   endfacet
   facet normal 0.000000e+00 4.016956e-01 -9.157733e-01
      outer loop
         vertex 5.550000e+01 -3.807579e+00 -4.464210e+00
         vertex 7.750000e+01 -2.597596e+00 -3.933462e+00
         vertex 7.750000e+01 -3.807579e+00 -4.464210e+00
      endloop
   endfacet
   facet normal 0.000000e+00 5.469481e-01 -8.371665e-01
      outer loop
         vertex 5.550000e+01 -3.807579e+00 -4.464210e+00
         vertex 7.750000e+01 -3.807579e+00 -4.464210e+00
         vertex 5.550000e+01 -4.913702e+00 -5.186876e+00
      endloop
   endfacet
   facet normal 0.000000e+00 5.469481e-01 -8.371665e-01
      outer loop
         vertex 5.550000e+01 -4.913702e+00 -5.186876e+00
         vertex 7.750000e+01 -3.807579e+00 -4.464210e+00
         vertex 7.750000e+01 -4.913702e+00 -5.186876e+00
      endloop
   endfacet
   facet normal 0.000000e+00 6.772815e-01 -7.357240e-01
      outer loop
         vertex 5.550000e+01 -4.913702e+00 -5.186876e+00
         vertex 7.750000e+01 -4.913702e+00 -5.186876e+00
         vertex 5.550000e+01 -5.885791e+00 -6.081747e+00
      endloop
   endfacet
   facet normal 0.000000e+00 6.772815e-01 -7.357240e-01
      outer loop
         vertex 5.550000e+01 -5.885791e+00 -6.081747e+00
         vertex 7.750000e+01 -4.913702e+00 -5.186876e+00
         vertex 7.750000e+01 -5.885791e+00 -6.081747e+00
      endloop
   endfacet
   facet normal 0.000000e+00 7.891405e-01 -6.142127e-01
      outer loop
         vertex 5.550000e+01 -5.885791e+00 -6.081747e+00
         vertex 7.750000e+01 -5.885791e+00 -6.081747e+00
         vertex 5.550000e+01 -6.697332e+00 -7.124415e+00
      endloop
   endfacet
   facet normal 0.000000e+00 7.891405e-01 -6.142127e-01
      outer loop
         vertex 5.550000e+01 -6.697332e+00 -7.124415e+00
         vertex 7.750000e+01 -5.885791e+00 -6.081747e+00
         vertex 7.750000e+01 -6.697332e+00 -7.124415e+00
      endloop
   endfacet
   facet normal 0.000000e+00 8.794739e-01 -4.759471e-01
      outer loop
         vertex 5.550000e+01 -6.697332e+00 -7.124415e+00
         vertex 7.750000e+01 -6.697332e+00 -7.124415e+00
         vertex 5.550000e+01 -7.326187e+00 -8.286437e+00
      endloop
   endfacet
   facet normal 0.000000e+00 8.794739e-01 -4.759471e-01
      outer loop
         vertex 5.550000e+01 -7.326187e+00 -8.286437e+00
         vertex 7.750000e+01 -6.697332e+00 -7.124415e+00
         vertex 7.750000e+01 -7.326187e+00 -8.286437e+00
      endloop
   endfacet
   facet normal 0.000000e+00 9.458172e-01 -3.246996e-01
      outer loop
         vertex 5.550000e+01 -7.326187e+00 -8.286437e+00
         vertex 7.750000e+01 -7.326187e+00 -8.286437e+00
         vertex 5.550000e+01 -7.755202e+00 -9.536116e+00
      endloop
   endfacet
   facet normal 0.000000e+00 9.458172e-01 -3.246996e-01
      outer loop
         vertex 5.550000e+01 -7.755202e+00 -9.536116e+00
         vertex 7.750000e+01 -7.326187e+00 -8.286437e+00
         vertex 7.750000e+01 -7.755202e+00 -9.536116e+00
      endloop
   endfacet
   facet normal 0.000000e+00 9.863613e-01 -1.645948e-01
      outer loop
         vertex 5.550000e+01 -7.755202e+00 -9.536116e+00
         vertex 7.750000e+01 -7.755202e+00 -9.536116e+00
         vertex 5.550000e+01 -7.972676e+00 -1.083937e+01
      endloop
   endfacet
   facet normal 0.000000e+00 9.863613e-01 -1.645948e-01
      outer loop
         vertex 5.550000e+01 -7.972676e+00 -1.083937e+01
         vertex 7.750000e+01 -7.755202e+00 -9.536116e+00
         vertex 7.750000e+01 -7.972676e+00 -1.083937e+01
      endloop
   endfacet
   facet normal -0.000000e+00 1.000000e+00 0.000000e+00
      outer loop
         vertex 5.550000e+01 -7.972676e+00 -1.083937e+01
         vertex 7.750000e+01 -7.972676e+00 -1.083937e+01
         vertex 5.550000e+01 -7.972676e+00 -1.216063e+01
      endloop
   endfacet
   facet normal 0.000000e+00 1.000000e+00 0.000000e+00
      outer loop
         vertex 5.550000e+01 -7.972676e+00 -1.216063e+01
         vertex 7.750000e+01 -7.972676e+00 -1.083937e+01
         vertex 7.750000e+01 -7.972676e+00 -1.216063e+01
      endloop
   endfacet
   facet normal -0.000000e+00 9.863613e-01 1.645948e-01
      outer loop
         vertex 5.550000e+01 -7.972676e+00 -1.216063e+01
         vertex 7.750000e+01 -7.972676e+00 -1.216063e+01
         vertex 5.550000e+01 -7.755202e+00 -1.346388e+01
      endloop
   endfacet
   facet normal -0.000000e+00 9.863613e-01 1.645948e-01
      outer loop
         vertex 5.550000e+01 -7.755202e+00 -1.346388e+01
         vertex 7.750000e+01 -7.972676e+00 -1.216063e+01
         vertex 7.750000e+01 -7.755202e+00 -1.346388e+01
      endloop
   endfacet
   facet normal -0.000000e+00 9.458172e-01 3.246996e-01
      outer loop
         vertex 5.550000e+01 -7.755202e+00 -1.346388e+01
         vertex 7.750000e+01 -7.755202e+00 -1.346388e+01
         vertex 5.550000e+01 -7.326187e+00 -1.471356e+01
      endloop
   endfacet
   facet normal -0.000000e+00 9.458172e-01 3.246996e-01
      outer loop
         vertex 5.550000e+01 -7.326187e+00 -1.471356e+01
         vertex 7.750000e+01 -7.755202e+00 -1.346388e+01
         vertex 7.750000e+01 -7.326187e+00 -1.471356e+01
      endloop
   endfacet
   facet normal -0.000000e+00 8.794739e-01 4.759471e-01
      outer loop
         vertex 5.550000e+01 -7.326187e+00 -1.471356e+01
         vertex 7.750000e+01 -7.326187e+00 -1.471356e+01
         vertex 5.550000e+01 -6.697332e+00 -1.587559e+01
      endloop
   endfacet
   facet normal -0.000000e+00 8.794739e-01 4.759471e-01
      outer loop
         vertex 5.550000e+01 -6.697332e+00 -1.587559e+01
         vertex 7.750000e+01 -7.326187e+00 -1.471356e+01
         vertex 7.750000e+01 -6.697332e+00 -1.587559e+01
      endloop
   endfacet
   facet normal -0.000000e+00 7.891407e-01 6.142125e-01
      outer loop
         vertex 5.550000e+01 -6.697332e+00 -1.587559e+01
         vertex 7.750000e+01 -6.697332e+00 -1.587559e+01
         vertex 5.550000e+01 -5.885791e+00 -1.691825e+01
      endloop
   endfacet
   facet normal -0.000000e+00 7.891407e-01 6.142125e-01
      outer loop
         vertex 5.550000e+01 -5.885791e+00 -1.691825e+01
         vertex 7.750000e+01 -6.697332e+00 -1.587559e+01
         vertex 7.750000e+01 -5.885791e+00 -1.691825e+01
      endloop
   endfacet
   facet normal -0.000000e+00 6.772811e-01 7.357243e-01
      outer loop
         vertex 5.550000e+01 -5.885791e+00 -1.691825e+01
         vertex 7.750000e+01 -5.885791e+00 -1.691825e+01
         vertex 5.550000e+01 -4.913702e+00 -1.781312e+01
      endloop
   endfacet
   facet normal -0.000000e+00 6.772811e-01 7.357243e-01
      outer loop
         vertex 5.550000e+01 -4.913702e+00 -1.781312e+01
         vertex 7.750000e+01 -5.885791e+00 -1.691825e+01
         vertex 7.750000e+01 -4.913702e+00 -1.781312e+01
      endloop
   endfacet
   facet normal -0.000000e+00 5.469479e-01 8.371667e-01
      outer loop
         vertex 5.550000e+01 -4.913702e+00 -1.781312e+01
         vertex 7.750000e+01 -4.913702e+00 -1.781312e+01
         vertex 5.550000e+01 -3.807579e+00 -1.853579e+01
      endloop
   endfacet
   facet normal -0.000000e+00 5.469479e-01 8.371667e-01
      outer loop
         vertex 5.550000e+01 -3.807579e+00 -1.853579e+01
         vertex 7.750000e+01 -4.913702e+00 -1.781312e+01
         vertex 7.750000e+01 -3.807579e+00 -1.853579e+01
      endloop
   endfacet
   facet normal -0.000000e+00 4.016965e-01 9.157729e-01
      outer loop
         vertex 5.550000e+01 -3.807579e+00 -1.853579e+01
         vertex 7.750000e+01 -3.807579e+00 -1.853579e+01
         vertex 5.550000e+01 -2.597596e+00 -1.906654e+01
      endloop
   endfacet
   facet normal -0.000000e+00 4.016965e-01 9.157729e-01
      outer loop
         vertex 5.550000e+01 -2.597596e+00 -1.906654e+01
         vertex 7.750000e+01 -3.807579e+00 -1.853579e+01
         vertex 7.750000e+01 -2.597596e+00 -1.906654e+01
      endloop
   endfacet
   facet normal -0.000000e+00 2.454849e-01 9.694004e-01
      outer loop
         vertex 5.550000e+01 -2.597596e+00 -1.906654e+01
         vertex 7.750000e+01 -2.597596e+00 -1.906654e+01
         vertex 5.550000e+01 -1.316757e+00 -1.939089e+01
      endloop
   endfacet
   facet normal -0.000000e+00 2.454849e-01 9.694004e-01
      outer loop
         vertex 5.550000e+01 -1.316757e+00 -1.939089e+01
         vertex 7.750000e+01 -2.597596e+00 -1.906654e+01
         vertex 7.750000e+01 -1.316757e+00 -1.939089e+01
      endloop
   endfacet
   facet normal -0.000000e+00 8.257969e-02 9.965845e-01
      outer loop
         vertex 5.550000e+01 -1.316757e+00 -1.939089e+01
         vertex 7.750000e+01 -1.316757e+00 -1.939089e+01
         vertex 5.550000e+01 -9.797175e-16 -1.950000e+01
      endloop
   endfacet
   facet normal -0.000000e+00 8.257969e-02 9.965845e-01
      outer loop
         vertex 5.550000e+01 -9.797175e-16 -1.950000e+01
         vertex 7.750000e+01 -1.316757e+00 -1.939089e+01
         vertex 7.750000e+01 -9.797175e-16 -1.950000e+01
      endloop
   endfacet
   facet normal 0.000000e+00 -8.257969e-02 9.965845e-01
      outer loop
         vertex 5.550000e+01 -9.797175e-16 -1.950000e+01
         vertex 7.750000e+01 -9.797175e-16 -1.950000e+01
         vertex 5.550000e+01 1.316757e+00 -1.939089e+01
      endloop
   endfacet
   facet normal 0.000000e+00 -8.257969e-02 9.965845e-01
      outer loop
         vertex 5.550000e+01 1.316757e+00 -1.939089e+01
         vertex 7.750000e+01 -9.797175e-16 -1.950000e+01
         vertex 7.750000e+01 1.316757e+00 -1.939089e+01
      endloop
   endfacet
   facet normal 0.000000e+00 -2.454849e-01 9.694004e-01
      outer loop
         vertex 5.550000e+01 1.316757e+00 -1.939089e+01
         vertex 7.750000e+01 1.316757e+00 -1.939089e+01
         vertex 5.550000e+01 2.597596e+00 -1.906654e+01
      endloop
   endfacet
   facet normal 0.000000e+00 -2.454849e-01 9.694004e-01
      outer loop
         vertex 5.550000e+01 2.597596e+00 -1.906654e+01
         vertex 7.750000e+01 1.316757e+00 -1.939089e+01
         vertex 7.750000e+01 2.597596e+00 -1.906654e+01
      endloop
   endfacet
   facet normal 0.000000e+00 -4.016965e-01 9.157729e-01
      outer loop
         vertex 5.550000e+01 2.597596e+00 -1.906654e+01
         vertex 7.750000e+01 2.597596e+00 -1.906654e+01
         vertex 5.550000e+01 3.807579e+00 -1.853579e+01
      endloop
   endfacet
   facet normal 0.000000e+00 -4.016965e-01 9.157729e-01
      outer loop
         vertex 5.550000e+01 3.807579e+00 -1.853579e+01
         vertex 7.750000e+01 2.597596e+00 -1.906654e+01
         vertex 7.750000e+01 3.807579e+00 -1.853579e+01
      endloop
   endfacet
   facet normal 0.000000e+00 -5.469479e-01 8.371667e-01
      outer loop
         vertex 5.550000e+01 3.807579e+00 -1.853579e+01
         vertex 7.750000e+01 3.807579e+00 -1.853579e+01
         vertex 5.550000e+01 4.913702e+00 -1.781312e+01
      endloop
   endfacet
   facet normal 0.000000e+00 -5.469479e-01 8.371667e-01
      outer loop
         vertex 5.550000e+01 4.913702e+00 -1.781312e+01
         vertex 7.750000e+01 3.807579e+00 -1.853579e+01
         vertex 7.750000e+01 4.913702e+00 -1.781312e+01
      endloop
   endfacet
   facet normal 0.000000e+00 -6.772811e-01 7.357243e-01
      outer loop
         vertex 5.550000e+01 4.913702e+00 -1.781312e+01
         vertex 7.750000e+01 4.913702e+00 -1.781312e+01
         vertex 5.550000e+01 5.885791e+00 -1.691825e+01
      endloop
   endfacet
   facet normal 0.000000e+00 -6.772811e-01 7.357243e-01
      outer loop
         vertex 5.550000e+01 5.885791e+00 -1.691825e+01
         vertex 7.750000e+01 4.913702e+00 -1.781312e+01
         vertex 7.750000e+01 5.885791e+00 -1.691825e+01
      endloop
   endfacet
   facet normal 0.000000e+00 -7.891407e-01 6.142125e-01
      outer loop
         vertex 5.550000e+01 5.885791e+00 -1.691825e+01
         vertex 7.750000e+01 5.885791e+00 -1.691825e+01
         vertex 5.550000e+01 6.697332e+00 -1.587559e+01
      endloop
   endfacet
   facet normal 0.000000e+00 -7.891407e-01 6.142125e-01
      outer loop
         vertex 5.550000e+01 6.697332e+00 -1.587559e+01
         vertex 7.750000e+01 5.885791e+00 -1.691825e+01
         vertex 7.750000e+01 6.697332e+00 -1.587559e+01
      endloop
   endfacet
   facet normal 0.000000e+00 -8.794739e-01 4.759471e-01
      outer loop
         vertex 5.550000e+01 6.697332e+00 -1.587559e+01
         vertex 7.750000e+01 6.697332e+00 -1.587559e+01
         vertex 5.550000e+01 7.326187e+00 -1.471356e+01
      endloop
   endfacet
   facet normal 0.000000e+00 -8.794739e-01 4.759471e-01
      outer loop
         vertex 5.550000e+01 7.326187e+00 -1.471356e+01
         vertex 7.750000e+01 6.697332e+00 -1.587559e+01
         vertex 7.750000e+01 7.326187e+00 -1.471356e+01
      endloop
   endfacet
   facet normal 0.000000e+00 -9.458172e-01 3.246996e-01
      outer loop
         vertex 5.550000e+01 7.326187e+00 -1.471356e+01
         vertex 7.750000e+01 7.326187e+00 -1.471356e+01
         vertex 5.550000e+01 7.755202e+00 -1.346388e+01
      endloop
   endfacet
   facet normal 0.000000e+00 -9.458172e-01 3.246996e-01
      outer loop
         vertex 5.550000e+01 7.755202e+00 -1.346388e+01
         vertex 7.750000e+01 7.326187e+00 -1.471356e+01
         vertex 7.750000e+01 7.755202e+00 -1.346388e+01
      endloop
   endfacet
   facet normal 0.000000e+00 -9.863613e-01 1.645948e-01
      outer loop
         vertex 5.550000e+01 7.755202e+00 -1.346388e+01
         vertex 7.750000e+01 7.755202e+00 -1.346388e+01
         vertex 5.550000e+01 7.972676e+00 -1.216063e+01
      endloop
   endfacet
   facet normal 0.000000e+00 -9.863613e-01 1.645948e-01
      outer loop
         vertex 5.550000e+01 7.972676e+00 -1.216063e+01
         vertex 7.750000e+01 7.755202e+00 -1.346388e+01
         vertex 7.750000e+01 7.972676e+00 -1.216063e+01
      endloop
   endfacet
   facet normal 0.000000e+00 -1.000000e+00 0.000000e+00
      outer loop
         vertex 5.550000e+01 7.972676e+00 -1.216063e+01
         vertex 7.750000e+01 7.972676e+00 -1.216063e+01
         vertex 5.550000e+01 7.972676e+00 -1.083937e+01
      endloop
   endfacet
   facet normal 0.000000e+00 -1.000000e+00 0.000000e+00
      outer loop
         vertex 5.550000e+01 7.972676e+00 -1.083937e+01
         vertex 7.750000e+01 7.972676e+00 -1.216063e+01
         vertex 7.750000e+01 7.972676e+00 -1.083937e+01
      endloop
   endfacet
   facet normal 0.000000e+00 -9.863613e-01 -1.645948e-01
      outer loop
         vertex 5.550000e+01 7.972676e+00 -1.083937e+01
         vertex 7.750000e+01 7.972676e+00 -1.083937e+01
         vertex 5.550000e+01 7.755202e+00 -9.536116e+00
      endloop
   endfacet
   facet normal 0.000000e+00 -9.863613e-01 -1.645948e-01
      outer loop
         vertex 5.550000e+01 7.755202e+00 -9.536116e+00
         vertex 7.750000e+01 7.972676e+00 -1.083937e+01
         vertex 7.750000e+01 7.755202e+00 -9.536116e+00
      endloop
   endfacet
   facet normal 0.000000e+00 -9.458172e-01 -3.246996e-01
      outer loop
         vertex 5.550000e+01 7.755202e+00 -9.536116e+00
         vertex 7.750000e+01 7.755202e+00 -9.536116e+00
         vertex 5.550000e+01 7.326187e+00 -8.286437e+00
      endloop
   endfacet
   facet normal 0.000000e+00 -9.458172e-01 -3.246996e-01
      outer loop
         vertex 5.550000e+01 7.326187e+00 -8.286437e+00
         vertex 7.750000e+01 7.755202e+00 -9.536116e+00
         vertex 7.750000e+01 7.326187e+00 -8.286437e+00
      endloop
   endfacet
   facet normal 0.000000e+00 -8.794739e-01 -4.759471e-01
      outer loop
         vertex 5.550000e+01 7.326187e+00 -8.286437e+00
         vertex 7.750000e+01 7.326187e+00 -8.286437e+00
         vertex 5.550000e+01 6.697332e+00 -7.124415e+00
      endloop
   endfacet
   facet normal 0.000000e+00 -8.794739e-01 -4.759471e-01
      outer loop
         vertex 5.550000e+01 6.697332e+00 -7.124415e+00
         vertex 7.750000e+01 7.326187e+00 -8.286437e+00
         vertex 7.750000e+01 6.697332e+00 -7.124415e+00
      endloop
   endfacet
   facet normal 0.000000e+00 -7.891405e-01 -6.142127e-01
      outer loop
         vertex 5.550000e+01 6.697332e+00 -7.124415e+00
         vertex 7.750000e+01 6.697332e+00 -7.124415e+00
         vertex 5.550000e+01 5.885791e+00 -6.081747e+00
      endloop
   endfacet
   facet normal 0.000000e+00 -7.891405e-01 -6.142127e-01
      outer loop
         vertex 5.550000e+01 5.885791e+00 -6.081747e+00
         vertex 7.750000e+01 6.697332e+00 -7.124415e+00
         vertex 7.750000e+01 5.885791e+00 -6.081747e+00
      endloop
   endfacet
   facet normal 0.000000e+00 -6.772815e-01 -7.357240e-01
      outer loop
         vertex 5.550000e+01 5.885791e+00 -6.081747e+00
         vertex 7.750000e+01 5.885791e+00 -6.081747e+00
         vertex 5.550000e+01 4.913702e+00 -5.186876e+00
      endloop
   endfacet
   facet normal 0.000000e+00 -6.772815e-01 -7.357240e-01
      outer loop
         vertex 5.550000e+01 4.913702e+00 -5.186876e+00
         vertex 7.750000e+01 5.885791e+00 -6.081747e+00
         vertex 7.750000e+01 4.913702e+00 -5.186876e+00
      endloop
   endfacet
   facet normal 0.000000e+00 -5.469481e-01 -8.371665e-01
      outer loop
         vertex 5.550000e+01 4.913702e+00 -5.186876e+00
         vertex 7.750000e+01 4.913702e+00 -5.186876e+00
         vertex 5.550000e+01 3.807579e+00 -4.464210e+00
      endloop
   endfacet
   facet normal 0.000000e+00 -5.469481e-01 -8.371665e-01
      outer loop
         vertex 5.550000e+01 3.807579e+00 -4.464210e+00
         vertex 7.750000e+01 4.913702e+00 -5.186876e+00
         vertex 7.750000e+01 3.807579e+00 -4.464210e+00
      endloop
   endfacet
   facet normal 0.000000e+00 -4.016956e-01 -9.157733e-01
      outer loop
         vertex 5.550000e+01 3.807579e+00 -4.464210e+00
         vertex 7.750000e+01 3.807579e+00 -4.464210e+00
         vertex 5.550000e+01 2.597596e+00 -3.933462e+00
      endloop
   endfacet
   facet normal 0.000000e+00 -4.016956e-01 -9.157733e-01
      outer loop
         vertex 5.550000e+01 2.597596e+00 -3.933462e+00
         vertex 7.750000e+01 3.807579e+00 -4.464210e+00
         vertex 7.750000e+01 2.597596e+00 -3.933462e+00
      endloop
   endfacet
   facet normal 0.000000e+00 -2.454853e-01 -9.694003e-01
      outer loop
         vertex 5.550000e+01 2.597596e+00 -3.933462e+00
         vertex 7.750000e+01 2.597596e+00 -3.933462e+00
         vertex 5.550000e+01 1.316757e+00 -3.609110e+00
      endloop
   endfacet
   facet normal 0.000000e+00 -2.454853e-01 -9.694003e-01
      outer loop
         vertex 5.550000e+01 1.316757e+00 -3.609110e+00
         vertex 7.750000e+01 2.597596e+00 -3.933462e+00
         vertex 7.750000e+01 1.316757e+00 -3.609110e+00
      endloop
   endfacet
   facet normal 0.000000e+00 -8.257934e-02 -9.965845e-01
      outer loop
         vertex 5.550000e+01 1.316757e+00 -3.609110e+00
         vertex 7.750000e+01 1.316757e+00 -3.609110e+00
         vertex 5.550000e+01 1.959435e-15 -3.500000e+00
      endloop
   endfacet
   facet normal 0.000000e+00 -8.257934e-02 -9.965845e-01
      outer loop
         vertex 5.550000e+01 1.959435e-15 -3.500000e+00
         vertex 7.750000e+01 1.316757e+00 -3.609110e+00
         vertex 7.750000e+01 1.959435e-15 -3.500000e+00
      endloop
   endfacet
   facet normal -1.000000e+00 0.000000e+00 0.000000e+00
      outer loop
         vertex 4.800000e+01 2.150000e+01 -1.530000e+01
         vertex 4.800000e+01 2.080000e+01 -1.600000e+01
         vertex 4.800000e+01 1.750000e+01 -1.600000e+01
      endloop
   endfacet
   facet normal -1.000000e+00 0.000000e+00 0.000000e+00
      outer loop
         vertex 4.800000e+01 1.750000e+01 -2.050000e+01
         vertex 4.800000e+01 1.450000e+01 -2.050000e+01
         vertex 4.800000e+01 1.750000e+01 -1.600000e+01
      endloop
   endfacet
   facet normal -1.000000e+00 -0.000000e+00 0.000000e+00
      outer loop
         vertex 4.800000e+01 1.750000e+01 -1.600000e+01
         vertex 4.800000e+01 1.450000e+01 -2.050000e+01
         vertex 4.800000e+01 1.450000e+01 -2.000000e+00
      endloop
   endfacet
   facet normal -1.000000e+00 0.000000e+00 -0.000000e+00
      outer loop
         vertex 4.800000e+01 -2.080000e+01 -8.000000e+00
         vertex 4.800000e+01 -1.750000e+01 -8.000000e+00
         vertex 4.800000e+01 -2.150000e+01 -8.700000e+00
      endloop
   endfacet
   facet normal -1.000000e+00 0.000000e+00 0.000000e+00
      outer loop
         vertex 4.800000e+01 -2.150000e+01 -8.700000e+00
         vertex 4.800000e+01 -1.750000e+01 -8.000000e+00
         vertex 4.800000e+01 -1.750000e+01 -1.600000e+01
      endloop
   endfacet
   facet normal -1.000000e+00 0.000000e+00 0.000000e+00
      outer loop
         vertex 4.800000e+01 -2.150000e+01 -8.700000e+00
         vertex 4.800000e+01 -1.750000e+01 -1.600000e+01
         vertex 4.800000e+01 -2.150000e+01 -1.530000e+01
      endloop
   endfacet
   facet normal -1.000000e+00 0.000000e+00 0.000000e+00
      outer loop
         vertex 4.800000e+01 -2.150000e+01 -1.530000e+01
         vertex 4.800000e+01 -1.750000e+01 -1.600000e+01
         vertex 4.800000e+01 -2.080000e+01 -1.600000e+01
      endloop
   endfacet
   facet normal -1.000000e+00 0.000000e+00 0.000000e+00
      outer loop
         vertex 4.800000e+01 -1.750000e+01 1.794713e-15
         vertex 4.800000e+01 -1.202094e+01 9.544233e-01
         vertex 4.800000e+01 -1.252606e+01 8.190779e-01
      endloop
   endfacet
   facet normal -1.000000e+00 0.000000e+00 0.000000e+00
      outer loop
         vertex 4.800000e+01 -1.450000e+01 -2.050000e+01
         vertex 4.800000e+01 -1.750000e+01 -2.050000e+01
         vertex 4.800000e+01 -1.450000e+01 -2.000000e+00
      endloop
   endfacet
   facet normal -1.000000e+00 0.000000e+00 0.000000e+00
      outer loop
         vertex 4.800000e+01 -1.450000e+01 -2.000000e+00
         vertex 4.800000e+01 -1.750000e+01 -2.050000e+01
         vertex 4.800000e+01 -1.750000e+01 -1.600000e+01
      endloop
   endfacet
   facet normal -1.000000e+00 -0.000000e+00 0.000000e+00
      outer loop
         vertex 4.800000e+01 -1.450000e+01 -2.000000e+00
         vertex 4.800000e+01 -1.750000e+01 -1.600000e+01
         vertex 4.800000e+01 -1.445442e+01 -1.479055e+00
      endloop
   endfacet
   facet normal -1.000000e+00 0.000000e+00 0.000000e+00
      outer loop
         vertex 4.800000e+01 -1.445442e+01 -1.479055e+00
         vertex 4.800000e+01 -1.750000e+01 -1.600000e+01
         vertex 4.800000e+01 -1.750000e+01 -8.000000e+00
      endloop
   endfacet
   facet normal -1.000000e+00 -0.000000e+00 0.000000e+00
      outer loop
         vertex 4.800000e+01 -1.445442e+01 -1.479055e+00
         vertex 4.800000e+01 -1.750000e+01 -8.000000e+00
         vertex 4.800000e+01 -1.750000e+01 1.794713e-15
      endloop
   endfacet
   facet normal -1.000000e+00 0.000000e+00 -0.000000e+00
      outer loop
         vertex 4.800000e+01 3.800000e+01 4.000000e+00
         vertex 4.800000e+01 3.800000e+01 1.518243e-14
         vertex 4.800000e+01 1.750000e+01 9.979723e-15
      endloop
   endfacet
   facet normal -1.000000e+00 0.000000e+00 0.000000e+00
      outer loop
         vertex 4.800000e+01 1.750000e+01 -8.000000e+00
         vertex 4.800000e+01 2.080000e+01 -8.000000e+00
         vertex 4.800000e+01 2.150000e+01 -8.700000e+00
      endloop
   endfacet
   facet normal -1.000000e+00 0.000000e+00 0.000000e+00
      outer loop
         vertex 4.800000e+01 -1.252606e+01 8.190779e-01
         vertex 4.800000e+01 -1.300000e+01 5.980762e-01
         vertex 4.800000e+01 -1.750000e+01 1.794713e-15
      endloop
   endfacet
   facet normal -1.000000e+00 0.000000e+00 0.000000e+00
      outer loop
         vertex 4.800000e+01 -1.750000e+01 1.794713e-15
         vertex 4.800000e+01 -1.300000e+01 5.980762e-01
         vertex 4.800000e+01 -1.342836e+01 2.981333e-01
      endloop
   endfacet
   facet normal -1.000000e+00 0.000000e+00 0.000000e+00
      outer loop
         vertex 4.800000e+01 -1.750000e+01 1.794713e-15
         vertex 4.800000e+01 -1.342836e+01 2.981333e-01
         vertex 4.800000e+01 -1.379813e+01 -7.163717e-02
      endloop
   endfacet
   facet normal -1.000000e+00 -0.000000e+00 0.000000e+00
      outer loop
         vertex 4.800000e+01 -1.379813e+01 -7.163717e-02
         vertex 4.800000e+01 -1.409808e+01 -5.000000e-01
         vertex 4.800000e+01 -1.750000e+01 1.794713e-15
      endloop
   endfacet
   facet normal -1.000000e+00 0.000000e+00 0.000000e+00
      outer loop
         vertex 4.800000e+01 -1.750000e+01 1.794713e-15
         vertex 4.800000e+01 -1.409808e+01 -5.000000e-01
         vertex 4.800000e+01 -1.431908e+01 -9.739395e-01
      endloop
   endfacet
   facet normal -1.000000e+00 0.000000e+00 0.000000e+00
      outer loop
         vertex 4.800000e+01 -1.750000e+01 1.794713e-15
         vertex 4.800000e+01 -1.431908e+01 -9.739395e-01
         vertex 4.800000e+01 -1.445442e+01 -1.479055e+00
      endloop
   endfacet
   facet normal -1.000000e+00 -0.000000e+00 0.000000e+00
      outer loop
         vertex 4.800000e+01 3.800000e+01 4.000000e+00
         vertex 4.800000e+01 -1.150000e+01 1.000000e+00
         vertex 4.800000e+01 -3.800000e+01 4.000000e+00
      endloop
   endfacet
   facet normal -1.000000e+00 0.000000e+00 0.000000e+00
      outer loop
         vertex 4.800000e+01 -3.800000e+01 4.000000e+00
         vertex 4.800000e+01 -1.150000e+01 1.000000e+00
         vertex 4.800000e+01 -1.202094e+01 9.544233e-01
      endloop
   endfacet
   facet normal -1.000000e+00 0.000000e+00 0.000000e+00
      outer loop
         vertex 4.800000e+01 -3.800000e+01 4.000000e+00
         vertex 4.800000e+01 -1.202094e+01 9.544233e-01
         vertex 4.800000e+01 -3.800000e+01 -2.590733e-15
      endloop
   endfacet
   facet normal -1.000000e+00 0.000000e+00 0.000000e+00
      outer loop
         vertex 4.800000e+01 -3.800000e+01 -2.590733e-15
         vertex 4.800000e+01 -1.202094e+01 9.544233e-01
         vertex 4.800000e+01 -1.750000e+01 1.794713e-15
      endloop
   endfacet
   facet normal -1.000000e+00 0.000000e+00 0.000000e+00
      outer loop
         vertex 4.800000e+01 1.445442e+01 -1.479055e+00
         vertex 4.800000e+01 1.431908e+01 -9.739395e-01
         vertex 4.800000e+01 1.750000e+01 9.979723e-15
      endloop
   endfacet
   facet normal -1.000000e+00 0.000000e+00 0.000000e+00
      outer loop
         vertex 4.800000e+01 1.750000e+01 9.979723e-15
         vertex 4.800000e+01 1.431908e+01 -9.739395e-01
         vertex 4.800000e+01 1.409808e+01 -5.000000e-01
      endloop
   endfacet
   facet normal -1.000000e+00 0.000000e+00 0.000000e+00
      outer loop
         vertex 4.800000e+01 1.445442e+01 -1.479055e+00
         vertex 4.800000e+01 1.750000e+01 9.979723e-15
         vertex 4.800000e+01 1.450000e+01 -2.000000e+00
      endloop
   endfacet
   facet normal -1.000000e+00 0.000000e+00 0.000000e+00
      outer loop
         vertex 4.800000e+01 1.450000e+01 -2.000000e+00
         vertex 4.800000e+01 1.750000e+01 9.979723e-15
         vertex 4.800000e+01 1.750000e+01 -8.000000e+00
      endloop
   endfacet
   facet normal -1.000000e+00 0.000000e+00 0.000000e+00
      outer loop
         vertex 4.800000e+01 1.450000e+01 -2.000000e+00
         vertex 4.800000e+01 1.750000e+01 -8.000000e+00
         vertex 4.800000e+01 1.750000e+01 -1.600000e+01
      endloop
   endfacet
   facet normal -1.000000e+00 0.000000e+00 0.000000e+00
      outer loop
         vertex 4.800000e+01 1.750000e+01 -1.600000e+01
         vertex 4.800000e+01 1.750000e+01 -8.000000e+00
         vertex 4.800000e+01 2.150000e+01 -8.700000e+00
      endloop
   endfacet
   facet normal -1.000000e+00 0.000000e+00 0.000000e+00
      outer loop
         vertex 4.800000e+01 1.750000e+01 -1.600000e+01
         vertex 4.800000e+01 2.150000e+01 -8.700000e+00
         vertex 4.800000e+01 2.150000e+01 -1.530000e+01
      endloop
   endfacet
   facet normal -1.000000e+00 0.000000e+00 0.000000e+00
      outer loop
         vertex 4.800000e+01 1.409808e+01 -5.000000e-01
         vertex 4.800000e+01 1.379813e+01 -7.163717e-02
         vertex 4.800000e+01 1.750000e+01 9.979723e-15
      endloop
   endfacet
   facet normal -1.000000e+00 -0.000000e+00 0.000000e+00
      outer loop
         vertex 4.800000e+01 1.750000e+01 9.979723e-15
         vertex 4.800000e+01 1.379813e+01 -7.163717e-02
         vertex 4.800000e+01 1.342836e+01 2.981333e-01
      endloop
   endfacet
   facet normal -1.000000e+00 0.000000e+00 0.000000e+00
      outer loop
         vertex 4.800000e+01 1.750000e+01 9.979723e-15
         vertex 4.800000e+01 1.342836e+01 2.981333e-01
         vertex 4.800000e+01 1.300000e+01 5.980762e-01
      endloop
   endfacet
   facet normal -1.000000e+00 0.000000e+00 0.000000e+00
      outer loop
         vertex 4.800000e+01 1.300000e+01 5.980762e-01
         vertex 4.800000e+01 1.252606e+01 8.190779e-01
         vertex 4.800000e+01 1.750000e+01 9.979723e-15
      endloop
   endfacet
   facet normal -1.000000e+00 0.000000e+00 0.000000e+00
      outer loop
         vertex 4.800000e+01 1.750000e+01 9.979723e-15
         vertex 4.800000e+01 1.252606e+01 8.190779e-01
         vertex 4.800000e+01 1.202094e+01 9.544233e-01
      endloop
   endfacet
   facet normal -1.000000e+00 0.000000e+00 0.000000e+00
      outer loop
         vertex 4.800000e+01 1.750000e+01 9.979723e-15
         vertex 4.800000e+01 1.202094e+01 9.544233e-01
         vertex 4.800000e+01 3.800000e+01 4.000000e+00
      endloop
   endfacet
   facet normal -1.000000e+00 0.000000e+00 0.000000e+00
      outer loop
         vertex 4.800000e+01 3.800000e+01 4.000000e+00
         vertex 4.800000e+01 1.202094e+01 9.544233e-01
         vertex 4.800000e+01 1.150000e+01 1.000000e+00
      endloop
   endfacet
   facet normal -1.000000e+00 0.000000e+00 0.000000e+00
      outer loop
         vertex 4.800000e+01 3.800000e+01 4.000000e+00
         vertex 4.800000e+01 1.150000e+01 1.000000e+00
         vertex 4.800000e+01 -1.150000e+01 1.000000e+00
      endloop
   endfacet
   facet normal 1.000000e+00 0.000000e+00 0.000000e+00
      outer loop
         vertex 8.200000e+01 -1.750000e+01 -2.050000e+01
         vertex 8.200000e+01 -1.450000e+01 -2.050000e+01
         vertex 8.200000e+01 -1.750000e+01 -1.600000e+01
      endloop
   endfacet
   facet normal 1.000000e+00 -0.000000e+00 0.000000e+00
      outer loop
         vertex 8.200000e+01 -1.750000e+01 -1.600000e+01
         vertex 8.200000e+01 -1.450000e+01 -2.050000e+01
         vertex 8.200000e+01 -1.450000e+01 -2.000000e+00
      endloop
   endfacet
   facet normal 1.000000e+00 0.000000e+00 0.000000e+00
      outer loop
         vertex 8.200000e+01 1.450000e+01 -2.050000e+01
         vertex 8.200000e+01 1.750000e+01 -2.050000e+01
         vertex 8.200000e+01 1.450000e+01 -2.000000e+00
      endloop
   endfacet
   facet normal 1.000000e+00 0.000000e+00 0.000000e+00
      outer loop
         vertex 8.200000e+01 1.450000e+01 -2.000000e+00
         vertex 8.200000e+01 1.750000e+01 -2.050000e+01
         vertex 8.200000e+01 1.750000e+01 -1.600000e+01
      endloop
   endfacet
   facet normal 1.000000e+00 -0.000000e+00 -0.000000e+00
      outer loop
         vertex 8.200000e+01 1.450000e+01 -2.000000e+00
         vertex 8.200000e+01 1.750000e+01 -1.600000e+01
         vertex 8.200000e+01 1.445442e+01 -1.479055e+00
      endloop
   endfacet
   facet normal 1.000000e+00 0.000000e+00 0.000000e+00
      outer loop
         vertex 8.200000e+01 2.150000e+01 -8.700000e+00
         vertex 8.200000e+01 2.080000e+01 -8.000000e+00
         vertex 8.200000e+01 1.750000e+01 -8.000000e+00
      endloop
   endfacet
   facet normal 1.000000e+00 0.000000e+00 0.000000e+00
      outer loop
         vertex 8.200000e+01 1.750000e+01 -1.600000e+01
         vertex 8.200000e+01 2.080000e+01 -1.600000e+01
         vertex 8.200000e+01 2.150000e+01 -1.530000e+01
      endloop
   endfacet
   facet normal 1.000000e+00 0.000000e+00 0.000000e+00
      outer loop
         vertex 8.200000e+01 1.252606e+01 8.190779e-01
         vertex 8.200000e+01 1.300000e+01 5.980762e-01
         vertex 8.200000e+01 1.750000e+01 9.979723e-15
      endloop
   endfacet
   facet normal 1.000000e+00 0.000000e+00 0.000000e+00
      outer loop
         vertex 8.200000e+01 1.300000e+01 5.980762e-01
         vertex 8.200000e+01 1.342836e+01 2.981333e-01
         vertex 8.200000e+01 1.750000e+01 9.979723e-15
      endloop
   endfacet
   facet normal 1.000000e+00 0.000000e+00 0.000000e+00
      outer loop
         vertex 8.200000e+01 1.750000e+01 9.979723e-15
         vertex 8.200000e+01 1.342836e+01 2.981333e-01
         vertex 8.200000e+01 1.379813e+01 -7.163717e-02
      endloop
   endfacet
   facet normal 1.000000e+00 0.000000e+00 0.000000e+00
      outer loop
         vertex 8.200000e+01 1.750000e+01 9.979723e-15
         vertex 8.200000e+01 1.379813e+01 -7.163717e-02
         vertex 8.200000e+01 1.409808e+01 -5.000000e-01
      endloop
   endfacet
   facet normal 1.000000e+00 0.000000e+00 -0.000000e+00
      outer loop
         vertex 8.200000e+01 3.100000e+01 1.340590e-14
         vertex 8.200000e+01 3.100000e+01 3.000000e+00
         vertex 8.200000e+01 1.750000e+01 9.979723e-15
      endloop
   endfacet
   facet normal 1.000000e+00 0.000000e+00 -0.000000e+00
      outer loop
         vertex 8.200000e+01 1.750000e+01 9.979723e-15
         vertex 8.200000e+01 3.100000e+01 3.000000e+00
         vertex 8.200000e+01 1.202094e+01 9.544233e-01
      endloop
   endfacet
   facet normal 1.000000e+00 0.000000e+00 0.000000e+00
      outer loop
         vertex 8.200000e+01 1.750000e+01 9.979723e-15
         vertex 8.200000e+01 1.202094e+01 9.544233e-01
         vertex 8.200000e+01 1.252606e+01 8.190779e-01
      endloop
   endfacet
   facet normal 1.000000e+00 -0.000000e+00 0.000000e+00
      outer loop
         vertex 8.200000e+01 -2.080000e+01 -8.000000e+00
         vertex 8.200000e+01 -2.150000e+01 -8.700000e+00
         vertex 8.200000e+01 -1.750000e+01 -8.000000e+00
      endloop
   endfacet
   facet normal 1.000000e+00 0.000000e+00 0.000000e+00
      outer loop
         vertex 8.200000e+01 -1.750000e+01 -8.000000e+00
         vertex 8.200000e+01 -2.150000e+01 -8.700000e+00
         vertex 8.200000e+01 -2.150000e+01 -1.530000e+01
      endloop
   endfacet
   facet normal 1.000000e+00 -0.000000e+00 0.000000e+00
      outer loop
         vertex 8.200000e+01 1.409808e+01 -5.000000e-01
         vertex 8.200000e+01 1.431908e+01 -9.739395e-01
         vertex 8.200000e+01 1.750000e+01 9.979723e-15
      endloop
   endfacet
   facet normal 1.000000e+00 0.000000e+00 0.000000e+00
      outer loop
         vertex 8.200000e+01 1.750000e+01 9.979723e-15
         vertex 8.200000e+01 1.431908e+01 -9.739395e-01
         vertex 8.200000e+01 1.445442e+01 -1.479055e+00
      endloop
   endfacet
   facet normal 1.000000e+00 0.000000e+00 0.000000e+00
      outer loop
         vertex 8.200000e+01 1.750000e+01 9.979723e-15
         vertex 8.200000e+01 1.445442e+01 -1.479055e+00
         vertex 8.200000e+01 1.750000e+01 -8.000000e+00
      endloop
   endfacet
   facet normal 1.000000e+00 0.000000e+00 0.000000e+00
      outer loop
         vertex 8.200000e+01 1.750000e+01 -8.000000e+00
         vertex 8.200000e+01 1.445442e+01 -1.479055e+00
         vertex 8.200000e+01 1.750000e+01 -1.600000e+01
      endloop
   endfacet
   facet normal 1.000000e+00 0.000000e+00 0.000000e+00
      outer loop
         vertex 8.200000e+01 1.750000e+01 -8.000000e+00
         vertex 8.200000e+01 1.750000e+01 -1.600000e+01
         vertex 8.200000e+01 2.150000e+01 -8.700000e+00
      endloop
   endfacet
   facet normal 1.000000e+00 0.000000e+00 0.000000e+00
      outer loop
         vertex 8.200000e+01 2.150000e+01 -8.700000e+00
         vertex 8.200000e+01 1.750000e+01 -1.600000e+01
         vertex 8.200000e+01 2.150000e+01 -1.530000e+01
      endloop
   endfacet
   facet normal 1.000000e+00 0.000000e+00 0.000000e+00
      outer loop
         vertex 8.200000e+01 -3.100000e+01 3.000000e+00
         vertex 8.200000e+01 -3.100000e+01 -1.093264e-15
         vertex 8.200000e+01 -1.750000e+01 1.794713e-15
      endloop
   endfacet
   facet normal 1.000000e+00 0.000000e+00 0.000000e+00
      outer loop
         vertex 8.200000e+01 -1.409808e+01 -5.000000e-01
         vertex 8.200000e+01 -1.750000e+01 1.794713e-15
         vertex 8.200000e+01 -1.431908e+01 -9.739395e-01
      endloop
   endfacet
   facet normal 1.000000e+00 0.000000e+00 0.000000e+00
      outer loop
         vertex 8.200000e+01 -1.431908e+01 -9.739395e-01
         vertex 8.200000e+01 -1.750000e+01 1.794713e-15
         vertex 8.200000e+01 -1.445442e+01 -1.479055e+00
      endloop
   endfacet
   facet normal 1.000000e+00 0.000000e+00 -0.000000e+00
      outer loop
         vertex 8.200000e+01 -1.409808e+01 -5.000000e-01
         vertex 8.200000e+01 -1.379813e+01 -7.163717e-02
         vertex 8.200000e+01 -1.750000e+01 1.794713e-15
      endloop
   endfacet
   facet normal 1.000000e+00 -0.000000e+00 0.000000e+00
      outer loop
         vertex 8.200000e+01 -1.750000e+01 1.794713e-15
         vertex 8.200000e+01 -1.379813e+01 -7.163717e-02
         vertex 8.200000e+01 -1.342836e+01 2.981333e-01
      endloop
   endfacet
   facet normal 1.000000e+00 0.000000e+00 0.000000e+00
      outer loop
         vertex 8.200000e+01 -1.750000e+01 1.794713e-15
         vertex 8.200000e+01 -1.342836e+01 2.981333e-01
         vertex 8.200000e+01 -1.300000e+01 5.980762e-01
      endloop
   endfacet
   facet normal 1.000000e+00 0.000000e+00 0.000000e+00
      outer loop
         vertex 8.200000e+01 -1.445442e+01 -1.479055e+00
         vertex 8.200000e+01 -1.750000e+01 1.794713e-15
         vertex 8.200000e+01 -1.450000e+01 -2.000000e+00
      endloop
   endfacet
   facet normal 1.000000e+00 0.000000e+00 0.000000e+00
      outer loop
         vertex 8.200000e+01 -1.450000e+01 -2.000000e+00
         vertex 8.200000e+01 -1.750000e+01 1.794713e-15
         vertex 8.200000e+01 -1.750000e+01 -8.000000e+00
      endloop
   endfacet
   facet normal 1.000000e+00 0.000000e+00 0.000000e+00
      outer loop
         vertex 8.200000e+01 -1.450000e+01 -2.000000e+00
         vertex 8.200000e+01 -1.750000e+01 -8.000000e+00
         vertex 8.200000e+01 -1.750000e+01 -1.600000e+01
      endloop
   endfacet
   facet normal 1.000000e+00 0.000000e+00 -0.000000e+00
      outer loop
         vertex 8.200000e+01 -1.750000e+01 -1.600000e+01
         vertex 8.200000e+01 -1.750000e+01 -8.000000e+00
         vertex 8.200000e+01 -2.150000e+01 -1.530000e+01
      endloop
   endfacet
   facet normal 1.000000e+00 0.000000e+00 0.000000e+00
      outer loop
         vertex 8.200000e+01 -1.750000e+01 -1.600000e+01
         vertex 8.200000e+01 -2.150000e+01 -1.530000e+01
         vertex 8.200000e+01 -2.080000e+01 -1.600000e+01
      endloop
   endfacet
   facet normal 1.000000e+00 0.000000e+00 -0.000000e+00
      outer loop
         vertex 8.200000e+01 -1.300000e+01 5.980762e-01
         vertex 8.200000e+01 -1.252606e+01 8.190779e-01
         vertex 8.200000e+01 -1.750000e+01 1.794713e-15
      endloop
   endfacet
   facet normal 1.000000e+00 0.000000e+00 0.000000e+00
      outer loop
         vertex 8.200000e+01 -1.750000e+01 1.794713e-15
         vertex 8.200000e+01 -1.252606e+01 8.190779e-01
         vertex 8.200000e+01 -1.202094e+01 9.544233e-01
      endloop
   endfacet
   facet normal 1.000000e+00 0.000000e+00 -0.000000e+00
      outer loop
         vertex 8.200000e+01 -1.750000e+01 1.794713e-15
         vertex 8.200000e+01 -1.202094e+01 9.544233e-01
         vertex 8.200000e+01 -3.100000e+01 3.000000e+00
      endloop
   endfacet
   facet normal 1.000000e+00 0.000000e+00 0.000000e+00
      outer loop
         vertex 8.200000e+01 -3.100000e+01 3.000000e+00
         vertex 8.200000e+01 -1.202094e+01 9.544233e-01
         vertex 8.200000e+01 -1.150000e+01 1.000000e+00
      endloop
   endfacet
   facet normal 1.000000e+00 -0.000000e+00 0.000000e+00
      outer loop
         vertex 8.200000e+01 -3.100000e+01 3.000000e+00
         vertex 8.200000e+01 -1.150000e+01 1.000000e+00
         vertex 8.200000e+01 3.100000e+01 3.000000e+00
      endloop
   endfacet
   facet normal 1.000000e+00 0.000000e+00 0.000000e+00
      outer loop
         vertex 8.200000e+01 3.100000e+01 3.000000e+00
         vertex 8.200000e+01 -1.150000e+01 1.000000e+00
         vertex 8.200000e+01 1.150000e+01 1.000000e+00
      endloop
   endfacet
   facet normal 1.000000e+00 0.000000e+00 0.000000e+00
      outer loop
         vertex 8.200000e+01 3.100000e+01 3.000000e+00
         vertex 8.200000e+01 1.150000e+01 1.000000e+00
         vertex 8.200000e+01 1.202094e+01 9.544233e-01
      endloop
   endfacet
   facet normal 0.000000e+00 2.139242e-16 -1.000000e+00
      outer loop
         vertex 7.500000e+01 -3.800000e+01 -2.590733e-15
         vertex 4.800000e+01 -3.800000e+01 -2.590733e-15
         vertex 8.200000e+01 -3.100000e+01 -1.093264e-15
      endloop
   endfacet
   facet normal 2.827656e-24 2.139242e-16 -1.000000e+00
      outer loop
         vertex 8.200000e+01 -3.100000e+01 -1.093264e-15
         vertex 4.800000e+01 -3.800000e+01 -2.590733e-15
         vertex 4.800000e+01 -1.750000e+01 1.794713e-15
      endloop
   endfacet
   facet normal 0.000000e+00 2.139242e-16 -1.000000e+00
      outer loop
         vertex 8.200000e+01 -3.100000e+01 -1.093264e-15
         vertex 4.800000e+01 -1.750000e+01 1.794713e-15
         vertex 8.200000e+01 -1.750000e+01 1.794713e-15
      endloop
   endfacet
   facet normal 0.000000e+00 -1.000000e+00 0.000000e+00
      outer loop
         vertex 4.800000e+01 -1.750000e+01 1.794713e-15
         vertex 4.800000e+01 -1.750000e+01 -8.000000e+00
         vertex 8.200000e+01 -1.750000e+01 1.794713e-15
      endloop
   endfacet
   facet normal 0.000000e+00 -1.000000e+00 -0.000000e+00
      outer loop
         vertex 8.200000e+01 -1.750000e+01 1.794713e-15
         vertex 4.800000e+01 -1.750000e+01 -8.000000e+00
         vertex 8.200000e+01 -1.750000e+01 -8.000000e+00
      endloop
   endfacet
   facet normal -0.000000e+00 0.000000e+00 1.000000e+00
      outer loop
         vertex 4.800000e+01 -1.750000e+01 -8.000000e+00
         vertex 4.800000e+01 -2.080000e+01 -8.000000e+00
         vertex 8.200000e+01 -1.750000e+01 -8.000000e+00
      endloop
   endfacet
   facet normal 0.000000e+00 0.000000e+00 1.000000e+00
      outer loop
         vertex 8.200000e+01 -1.750000e+01 -8.000000e+00
         vertex 4.800000e+01 -2.080000e+01 -8.000000e+00
         vertex 8.200000e+01 -2.080000e+01 -8.000000e+00
      endloop
   endfacet
   facet normal 0.000000e+00 -7.071063e-01 7.071073e-01
      outer loop
         vertex 4.800000e+01 -2.080000e+01 -8.000000e+00
         vertex 4.800000e+01 -2.150000e+01 -8.700000e+00
         vertex 8.200000e+01 -2.080000e+01 -8.000000e+00
      endloop
   endfacet
   facet normal 0.000000e+00 -7.071063e-01 7.071073e-01
      outer loop
         vertex 8.200000e+01 -2.080000e+01 -8.000000e+00
         vertex 4.800000e+01 -2.150000e+01 -8.700000e+00
         vertex 8.200000e+01 -2.150000e+01 -8.700000e+00
      endloop
   endfacet
   facet normal 0.000000e+00 -1.000000e+00 0.000000e+00
      outer loop
         vertex 4.800000e+01 -2.150000e+01 -8.700000e+00
         vertex 4.800000e+01 -2.150000e+01 -1.530000e+01
         vertex 8.200000e+01 -2.150000e+01 -8.700000e+00
      endloop
   endfacet
   facet normal 0.000000e+00 -1.000000e+00 -0.000000e+00
      outer loop
         vertex 8.200000e+01 -2.150000e+01 -8.700000e+00
         vertex 4.800000e+01 -2.150000e+01 -1.530000e+01
         vertex 8.200000e+01 -2.150000e+01 -1.530000e+01
      endloop
   endfacet
   facet normal 0.000000e+00 -7.071068e-01 -7.071068e-01
      outer loop
         vertex 4.800000e+01 -2.150000e+01 -1.530000e+01
         vertex 4.800000e+01 -2.080000e+01 -1.600000e+01
         vertex 8.200000e+01 -2.150000e+01 -1.530000e+01
      endloop
   endfacet
   facet normal 0.000000e+00 -7.071068e-01 -7.071068e-01
      outer loop
         vertex 8.200000e+01 -2.150000e+01 -1.530000e+01
         vertex 4.800000e+01 -2.080000e+01 -1.600000e+01
         vertex 8.200000e+01 -2.080000e+01 -1.600000e+01
      endloop
   endfacet
   facet normal 0.000000e+00 0.000000e+00 -1.000000e+00
      outer loop
         vertex 4.800000e+01 -2.080000e+01 -1.600000e+01
         vertex 4.800000e+01 -1.750000e+01 -1.600000e+01
         vertex 8.200000e+01 -2.080000e+01 -1.600000e+01
      endloop
   endfacet
   facet normal 0.000000e+00 0.000000e+00 -1.000000e+00
      outer loop
         vertex 8.200000e+01 -2.080000e+01 -1.600000e+01
         vertex 4.800000e+01 -1.750000e+01 -1.600000e+01
         vertex 8.200000e+01 -1.750000e+01 -1.600000e+01
      endloop
   endfacet
   facet normal 0.000000e+00 -1.000000e+00 0.000000e+00
      outer loop
         vertex 4.800000e+01 -1.750000e+01 -1.600000e+01
         vertex 4.800000e+01 -1.750000e+01 -2.050000e+01
         vertex 5.550000e+01 -1.750000e+01 -2.050000e+01
      endloop
   endfacet
   facet normal 0.000000e+00 -1.000000e+00 0.000000e+00
      outer loop
         vertex 4.800000e+01 -1.750000e+01 -1.600000e+01
         vertex 5.550000e+01 -1.750000e+01 -2.050000e+01
         vertex 8.200000e+01 -1.750000e+01 -1.600000e+01
      endloop
   endfacet
   facet normal 0.000000e+00 -1.000000e+00 0.000000e+00
      outer loop
         vertex 8.200000e+01 -1.750000e+01 -1.600000e+01
         vertex 5.550000e+01 -1.750000e+01 -2.050000e+01
         vertex 7.750000e+01 -1.750000e+01 -2.050000e+01
      endloop
   endfacet
   facet normal 0.000000e+00 -1.000000e+00 -0.000000e+00
      outer loop
         vertex 8.200000e+01 -1.750000e+01 -1.600000e+01
         vertex 7.750000e+01 -1.750000e+01 -2.050000e+01
         vertex 8.200000e+01 -1.750000e+01 -2.050000e+01
      endloop
   endfacet
   facet normal 0.000000e+00 1.000000e+00 0.000000e+00
      outer loop
         vertex 8.200000e+01 1.750000e+01 -1.600000e+01
         vertex 8.200000e+01 1.750000e+01 -2.050000e+01
         vertex 7.750000e+01 1.750000e+01 -2.050000e+01
      endloop
   endfacet
   facet normal 0.000000e+00 1.000000e+00 0.000000e+00
      outer loop
         vertex 8.200000e+01 1.750000e+01 -1.600000e+01
         vertex 7.750000e+01 1.750000e+01 -2.050000e+01
         vertex 4.800000e+01 1.750000e+01 -1.600000e+01
      endloop
   endfacet
   facet normal 0.000000e+00 1.000000e+00 0.000000e+00
      outer loop
         vertex 4.800000e+01 1.750000e+01 -1.600000e+01
         vertex 7.750000e+01 1.750000e+01 -2.050000e+01
         vertex 5.550000e+01 1.750000e+01 -2.050000e+01
      endloop
   endfacet
   facet normal 0.000000e+00 1.000000e+00 0.000000e+00
      outer loop
         vertex 4.800000e+01 1.750000e+01 -1.600000e+01
         vertex 5.550000e+01 1.750000e+01 -2.050000e+01
         vertex 4.800000e+01 1.750000e+01 -2.050000e+01
      endloop
   endfacet
   facet normal 0.000000e+00 0.000000e+00 -1.000000e+00
      outer loop
         vertex 4.800000e+01 1.750000e+01 -1.600000e+01
         vertex 4.800000e+01 2.080000e+01 -1.600000e+01
         vertex 8.200000e+01 1.750000e+01 -1.600000e+01
      endloop
   endfacet
   facet normal 0.000000e+00 0.000000e+00 -1.000000e+00
      outer loop
         vertex 8.200000e+01 1.750000e+01 -1.600000e+01
         vertex 4.800000e+01 2.080000e+01 -1.600000e+01
         vertex 8.200000e+01 2.080000e+01 -1.600000e+01
      endloop
   endfacet
   facet normal 0.000000e+00 7.071068e-01 -7.071068e-01
      outer loop
         vertex 4.800000e+01 2.080000e+01 -1.600000e+01
         vertex 4.800000e+01 2.150000e+01 -1.530000e+01
         vertex 8.200000e+01 2.080000e+01 -1.600000e+01
      endloop
   endfacet
   facet normal 0.000000e+00 7.071068e-01 -7.071068e-01
      outer loop
         vertex 8.200000e+01 2.080000e+01 -1.600000e+01
         vertex 4.800000e+01 2.150000e+01 -1.530000e+01
         vertex 8.200000e+01 2.150000e+01 -1.530000e+01
      endloop
   endfacet
   facet normal 0.000000e+00 1.000000e+00 0.000000e+00
      outer loop
         vertex 4.800000e+01 2.150000e+01 -1.530000e+01
         vertex 4.800000e+01 2.150000e+01 -8.700000e+00
         vertex 8.200000e+01 2.150000e+01 -1.530000e+01
      endloop
   endfacet
   facet normal 0.000000e+00 1.000000e+00 -0.000000e+00
      outer loop
         vertex 8.200000e+01 2.150000e+01 -1.530000e+01
         vertex 4.800000e+01 2.150000e+01 -8.700000e+00
         vertex 8.200000e+01 2.150000e+01 -8.700000e+00
      endloop
   endfacet
   facet normal -0.000000e+00 7.071063e-01 7.071073e-01
      outer loop
         vertex 4.800000e+01 2.150000e+01 -8.700000e+00
         vertex 4.800000e+01 2.080000e+01 -8.000000e+00
         vertex 8.200000e+01 2.150000e+01 -8.700000e+00
      endloop
   endfacet
   facet normal 0.000000e+00 7.071063e-01 7.071073e-01
      outer loop
         vertex 8.200000e+01 2.150000e+01 -8.700000e+00
         vertex 4.800000e+01 2.080000e+01 -8.000000e+00
         vertex 8.200000e+01 2.080000e+01 -8.000000e+00
      endloop
   endfacet
   facet normal -0.000000e+00 0.000000e+00 1.000000e+00
      outer loop
         vertex 4.800000e+01 2.080000e+01 -8.000000e+00
         vertex 4.800000e+01 1.750000e+01 -8.000000e+00
         vertex 8.200000e+01 2.080000e+01 -8.000000e+00
      endloop
   endfacet
   facet normal 0.000000e+00 0.000000e+00 1.000000e+00
      outer loop
         vertex 8.200000e+01 2.080000e+01 -8.000000e+00
         vertex 4.800000e+01 1.750000e+01 -8.000000e+00
         vertex 8.200000e+01 1.750000e+01 -8.000000e+00
      endloop
   endfacet
   facet normal 0.000000e+00 1.000000e+00 0.000000e+00
      outer loop
         vertex 4.800000e+01 1.750000e+01 -8.000000e+00
         vertex 4.800000e+01 1.750000e+01 9.979723e-15
         vertex 8.200000e+01 1.750000e+01 -8.000000e+00
      endloop
   endfacet
   facet normal 0.000000e+00 1.000000e+00 -0.000000e+00
      outer loop
         vertex 8.200000e+01 1.750000e+01 -8.000000e+00
         vertex 4.800000e+01 1.750000e+01 9.979723e-15
         vertex 8.200000e+01 1.750000e+01 9.979723e-15
      endloop
   endfacet
   facet normal -1.287991e-22 2.537907e-16 -1.000000e+00
      outer loop
         vertex 8.200000e+01 3.100000e+01 1.340590e-14
         vertex 8.200000e+01 1.750000e+01 9.979723e-15
         vertex 7.500000e+01 3.800000e+01 1.518243e-14
      endloop
   endfacet
   facet normal 0.000000e+00 2.537908e-16 -1.000000e+00
      outer loop
         vertex 7.500000e+01 3.800000e+01 1.518243e-14
         vertex 8.200000e+01 1.750000e+01 9.979723e-15
         vertex 4.800000e+01 1.750000e+01 9.979723e-15
      endloop
   endfacet
   facet normal 0.000000e+00 2.537908e-16 -1.000000e+00
      outer loop
         vertex 7.500000e+01 3.800000e+01 1.518243e-14
         vertex 4.800000e+01 1.750000e+01 9.979723e-15
         vertex 4.800000e+01 3.800000e+01 1.518243e-14
      endloop
   endfacet
   facet normal 0.000000e+00 1.000000e+00 0.000000e+00
      outer loop
         vertex 4.700000e+01 3.800000e+01 5.000000e+00
         vertex 4.700000e+01 3.800000e+01 2.400000e+01
         vertex 5.000000e+01 3.800000e+01 2.400000e+01
      endloop
   endfacet
   facet normal -0.000000e+00 1.000000e+00 0.000000e+00
      outer loop
         vertex 5.600000e+01 3.800000e+01 2.400000e+01
         vertex 5.900000e+01 3.800000e+01 2.400000e+01
         vertex 5.900000e+01 3.800000e+01 1.300000e+01
      endloop
   endfacet
   facet normal 0.000000e+00 1.000000e+00 0.000000e+00
      outer loop
         vertex 7.500000e+01 3.800000e+01 5.000000e+00
         vertex 7.500000e+01 3.800000e+01 1.518243e-14
         vertex 7.100000e+01 3.800000e+01 5.000000e+00
      endloop
   endfacet
   facet normal 0.000000e+00 1.000000e+00 0.000000e+00
      outer loop
         vertex 7.100000e+01 3.800000e+01 5.000000e+00
         vertex 7.500000e+01 3.800000e+01 1.518243e-14
         vertex 4.800000e+01 3.800000e+01 1.518243e-14
      endloop
   endfacet
   facet normal 0.000000e+00 1.000000e+00 0.000000e+00
      outer loop
         vertex 7.100000e+01 3.800000e+01 5.000000e+00
         vertex 4.800000e+01 3.800000e+01 1.518243e-14
         vertex 6.300000e+01 3.800000e+01 1.300000e+01
      endloop
   endfacet
   facet normal 0.000000e+00 1.000000e+00 0.000000e+00
      outer loop
         vertex 6.300000e+01 3.800000e+01 1.300000e+01
         vertex 4.800000e+01 3.800000e+01 1.518243e-14
         vertex 5.900000e+01 3.800000e+01 1.300000e+01
      endloop
   endfacet
   facet normal -0.000000e+00 1.000000e+00 0.000000e+00
      outer loop
         vertex 5.000000e+01 3.800000e+01 2.700000e+01
         vertex 5.600000e+01 3.800000e+01 2.700000e+01
         vertex 5.000000e+01 3.800000e+01 2.400000e+01
      endloop
   endfacet
   facet normal 0.000000e+00 1.000000e+00 0.000000e+00
      outer loop
         vertex 5.000000e+01 3.800000e+01 2.400000e+01
         vertex 5.600000e+01 3.800000e+01 2.700000e+01
         vertex 5.600000e+01 3.800000e+01 2.400000e+01
      endloop
   endfacet
   facet normal -0.000000e+00 1.000000e+00 0.000000e+00
      outer loop
         vertex 5.000000e+01 3.800000e+01 2.400000e+01
         vertex 5.600000e+01 3.800000e+01 2.400000e+01
         vertex 4.700000e+01 3.800000e+01 5.000000e+00
      endloop
   endfacet
   facet normal 0.000000e+00 1.000000e+00 0.000000e+00
      outer loop
         vertex 4.700000e+01 3.800000e+01 5.000000e+00
         vertex 5.600000e+01 3.800000e+01 2.400000e+01
         vertex 5.900000e+01 3.800000e+01 1.300000e+01
      endloop
   endfacet
   facet normal -0.000000e+00 1.000000e+00 0.000000e+00
      outer loop
         vertex 4.700000e+01 3.800000e+01 5.000000e+00
         vertex 5.900000e+01 3.800000e+01 1.300000e+01
         vertex 4.800000e+01 3.800000e+01 4.000000e+00
      endloop
   endfacet
   facet normal -0.000000e+00 1.000000e+00 0.000000e+00
      outer loop
         vertex 4.800000e+01 3.800000e+01 4.000000e+00
         vertex 5.900000e+01 3.800000e+01 1.300000e+01
         vertex 4.800000e+01 3.800000e+01 1.518243e-14
      endloop
   endfacet
   facet normal -0.000000e+00 -1.000000e+00 0.000000e+00
      outer loop
         vertex 5.000000e+01 -3.800000e+01 2.400000e+01
         vertex 4.700000e+01 -3.800000e+01 2.400000e+01
         vertex 4.700000e+01 -3.800000e+01 5.000000e+00
      endloop
   endfacet
   facet normal 0.000000e+00 -1.000000e+00 0.000000e+00
      outer loop
         vertex 5.600000e+01 -3.800000e+01 2.400000e+01
         vertex 5.600000e+01 -3.800000e+01 2.700000e+01
         vertex 5.000000e+01 -3.800000e+01 2.700000e+01
      endloop
   endfacet
   facet normal 0.000000e+00 -1.000000e+00 0.000000e+00
      outer loop
         vertex 5.900000e+01 -3.800000e+01 1.300000e+01
         vertex 5.900000e+01 -3.800000e+01 2.400000e+01
         vertex 5.600000e+01 -3.800000e+01 2.400000e+01
      endloop
   endfacet
   facet normal 0.000000e+00 -1.000000e+00 0.000000e+00
      outer loop
         vertex 7.500000e+01 -3.800000e+01 -2.590733e-15
         vertex 7.500000e+01 -3.800000e+01 5.000000e+00
         vertex 7.100000e+01 -3.800000e+01 5.000000e+00
      endloop
   endfacet
   facet normal -0.000000e+00 -1.000000e+00 -0.000000e+00
      outer loop
         vertex 6.300000e+01 -3.800000e+01 1.300000e+01
         vertex 5.900000e+01 -3.800000e+01 1.300000e+01
         vertex 7.100000e+01 -3.800000e+01 5.000000e+00
      endloop
   endfacet
   facet normal -0.000000e+00 -1.000000e+00 0.000000e+00
      outer loop
         vertex 7.100000e+01 -3.800000e+01 5.000000e+00
         vertex 5.900000e+01 -3.800000e+01 1.300000e+01
         vertex 4.800000e+01 -3.800000e+01 -2.590733e-15
      endloop
   endfacet
   facet normal 0.000000e+00 -1.000000e+00 -0.000000e+00
      outer loop
         vertex 7.100000e+01 -3.800000e+01 5.000000e+00
         vertex 4.800000e+01 -3.800000e+01 -2.590733e-15
         vertex 7.500000e+01 -3.800000e+01 -2.590733e-15
      endloop
   endfacet
   facet normal 0.000000e+00 -1.000000e+00 0.000000e+00
      outer loop
         vertex 5.000000e+01 -3.800000e+01 2.700000e+01
         vertex 5.000000e+01 -3.800000e+01 2.400000e+01
         vertex 5.600000e+01 -3.800000e+01 2.400000e+01
      endloop
   endfacet
   facet normal -0.000000e+00 -1.000000e+00 0.000000e+00
      outer loop
         vertex 5.600000e+01 -3.800000e+01 2.400000e+01
         vertex 5.000000e+01 -3.800000e+01 2.400000e+01
         vertex 4.700000e+01 -3.800000e+01 5.000000e+00
      endloop
   endfacet
   facet normal 0.000000e+00 -1.000000e+00 -0.000000e+00
      outer loop
         vertex 5.600000e+01 -3.800000e+01 2.400000e+01
         vertex 4.700000e+01 -3.800000e+01 5.000000e+00
         vertex 5.900000e+01 -3.800000e+01 1.300000e+01
      endloop
   endfacet
   facet normal 0.000000e+00 -1.000000e+00 0.000000e+00
      outer loop
         vertex 5.900000e+01 -3.800000e+01 1.300000e+01
         vertex 4.700000e+01 -3.800000e+01 5.000000e+00
         vertex 4.800000e+01 -3.800000e+01 4.000000e+00
      endloop
   endfacet
   facet normal 0.000000e+00 -1.000000e+00 0.000000e+00
      outer loop
         vertex 5.900000e+01 -3.800000e+01 1.300000e+01
         vertex 4.800000e+01 -3.800000e+01 4.000000e+00
         vertex 4.800000e+01 -3.800000e+01 -2.590733e-15
      endloop
   endfacet
   facet normal 0.000000e+00 0.000000e+00 1.000000e+00
      outer loop
         vertex 8.000000e+01 3.300000e+01 5.000000e+00
         vertex 7.500000e+01 3.800000e+01 5.000000e+00
         vertex 8.000000e+01 -3.300000e+01 5.000000e+00
      endloop
   endfacet
   facet normal 0.000000e+00 0.000000e+00 1.000000e+00
      outer loop
         vertex 8.000000e+01 -3.300000e+01 5.000000e+00
         vertex 7.500000e+01 3.800000e+01 5.000000e+00
         vertex 7.100000e+01 3.800000e+01 5.000000e+00
      endloop
   endfacet
   facet normal 0.000000e+00 0.000000e+00 1.000000e+00
      outer loop
         vertex 8.000000e+01 -3.300000e+01 5.000000e+00
         vertex 7.100000e+01 3.800000e+01 5.000000e+00
         vertex 7.500000e+01 -3.800000e+01 5.000000e+00
      endloop
   endfacet
   facet normal 0.000000e+00 0.000000e+00 1.000000e+00
      outer loop
         vertex 7.500000e+01 -3.800000e+01 5.000000e+00
         vertex 7.100000e+01 3.800000e+01 5.000000e+00
         vertex 7.100000e+01 -3.800000e+01 5.000000e+00
      endloop
   endfacet
   facet normal 7.071067e-01 0.000000e+00 7.071068e-01
      outer loop
         vertex 7.100000e+01 3.800000e+01 5.000000e+00
         vertex 6.300000e+01 3.800000e+01 1.300000e+01
         vertex 7.100000e+01 -3.800000e+01 5.000000e+00
      endloop
   endfacet
   facet normal 7.071067e-01 0.000000e+00 7.071068e-01
      outer loop
         vertex 7.100000e+01 -3.800000e+01 5.000000e+00
         vertex 6.300000e+01 3.800000e+01 1.300000e+01
         vertex 6.300000e+01 -3.800000e+01 1.300000e+01
      endloop
   endfacet
   facet normal 0.000000e+00 0.000000e+00 1.000000e+00
      outer loop
         vertex 6.300000e+01 3.800000e+01 1.300000e+01
         vertex 5.900000e+01 3.800000e+01 1.300000e+01
         vertex 6.300000e+01 -3.800000e+01 1.300000e+01
      endloop
   endfacet
   facet normal 0.000000e+00 0.000000e+00 1.000000e+00
      outer loop
         vertex 6.300000e+01 -3.800000e+01 1.300000e+01
         vertex 5.900000e+01 3.800000e+01 1.300000e+01
         vertex 5.900000e+01 -3.800000e+01 1.300000e+01
      endloop
   endfacet
   facet normal 1.000000e+00 0.000000e+00 -0.000000e+00
      outer loop
         vertex 5.900000e+01 3.800000e+01 1.300000e+01
         vertex 5.900000e+01 3.800000e+01 2.400000e+01
         vertex 5.900000e+01 -3.800000e+01 1.300000e+01
      endloop
   endfacet
   facet normal 1.000000e+00 0.000000e+00 0.000000e+00
      outer loop
         vertex 5.900000e+01 -3.800000e+01 1.300000e+01
         vertex 5.900000e+01 3.800000e+01 2.400000e+01
         vertex 5.900000e+01 -3.800000e+01 2.400000e+01
      endloop
   endfacet
   facet normal 0.000000e+00 0.000000e+00 1.000000e+00
      outer loop
         vertex 5.900000e+01 3.800000e+01 2.400000e+01
         vertex 5.600000e+01 3.800000e+01 2.400000e+01
         vertex 5.900000e+01 -3.800000e+01 2.400000e+01
      endloop
   endfacet
   facet normal 0.000000e+00 0.000000e+00 1.000000e+00
      outer loop
         vertex 5.900000e+01 -3.800000e+01 2.400000e+01
         vertex 5.600000e+01 3.800000e+01 2.400000e+01
         vertex 5.600000e+01 -3.800000e+01 2.400000e+01
      endloop
   endfacet
   facet normal 1.000000e+00 0.000000e+00 -0.000000e+00
      outer loop
         vertex 5.600000e+01 3.800000e+01 2.400000e+01
         vertex 5.600000e+01 3.800000e+01 2.700000e+01
         vertex 5.600000e+01 -3.800000e+01 2.400000e+01
      endloop
   endfacet
   facet normal 1.000000e+00 0.000000e+00 0.000000e+00
      outer loop
         vertex 5.600000e+01 -3.800000e+01 2.400000e+01
         vertex 5.600000e+01 3.800000e+01 2.700000e+01
         vertex 5.600000e+01 -3.800000e+01 2.700000e+01
      endloop
   endfacet
   facet normal 0.000000e+00 0.000000e+00 1.000000e+00
      outer loop
         vertex 5.600000e+01 3.800000e+01 2.700000e+01
         vertex 5.000000e+01 3.800000e+01 2.700000e+01
         vertex 5.600000e+01 -3.800000e+01 2.700000e+01
      endloop
   endfacet
   facet normal 0.000000e+00 0.000000e+00 1.000000e+00
      outer loop
         vertex 5.600000e+01 -3.800000e+01 2.700000e+01
         vertex 5.000000e+01 3.800000e+01 2.700000e+01
         vertex 5.000000e+01 -3.800000e+01 2.700000e+01
      endloop
   endfacet
   facet normal -1.000000e+00 -0.000000e+00 -0.000000e+00
      outer loop
         vertex 5.000000e+01 3.800000e+01 2.700000e+01
         vertex 5.000000e+01 3.800000e+01 2.400000e+01
         vertex 5.000000e+01 -3.800000e+01 2.700000e+01
      endloop
   endfacet
   facet normal -1.000000e+00 0.000000e+00 0.000000e+00
      outer loop
         vertex 5.000000e+01 -3.800000e+01 2.700000e+01
         vertex 5.000000e+01 3.800000e+01 2.400000e+01
         vertex 5.000000e+01 -3.800000e+01 2.400000e+01
      endloop
   endfacet
   facet normal 0.000000e+00 0.000000e+00 1.000000e+00
      outer loop
         vertex 5.000000e+01 3.800000e+01 2.400000e+01
         vertex 4.700000e+01 3.800000e+01 2.400000e+01
         vertex 5.000000e+01 -3.800000e+01 2.400000e+01
      endloop
   endfacet
   facet normal 0.000000e+00 0.000000e+00 1.000000e+00
      outer loop
         vertex 5.000000e+01 -3.800000e+01 2.400000e+01
         vertex 4.700000e+01 3.800000e+01 2.400000e+01
         vertex 4.700000e+01 -3.800000e+01 2.400000e+01
      endloop
   endfacet
   facet normal -1.000000e+00 -0.000000e+00 -0.000000e+00
      outer loop
         vertex 4.700000e+01 3.800000e+01 2.400000e+01
         vertex 4.700000e+01 3.800000e+01 5.000000e+00
         vertex 4.700000e+01 -3.800000e+01 2.400000e+01
      endloop
   endfacet
   facet normal -1.000000e+00 0.000000e+00 0.000000e+00
      outer loop
         vertex 4.700000e+01 -3.800000e+01 2.400000e+01
         vertex 4.700000e+01 3.800000e+01 5.000000e+00
         vertex 4.700000e+01 -3.800000e+01 5.000000e+00
      endloop
   endfacet
   facet normal -7.071060e-01 -0.000000e+00 -7.071076e-01
      outer loop
         vertex 4.700000e+01 3.800000e+01 5.000000e+00
         vertex 4.800000e+01 3.800000e+01 4.000000e+00
         vertex 4.700000e+01 -3.800000e+01 5.000000e+00
      endloop
   endfacet
   facet normal -7.071060e-01 0.000000e+00 -7.071076e-01
      outer loop
         vertex 4.700000e+01 -3.800000e+01 5.000000e+00
         vertex 4.800000e+01 3.800000e+01 4.000000e+00
         vertex 4.800000e+01 -3.800000e+01 4.000000e+00
      endloop
   endfacet
   facet normal 7.071060e-01 -0.000000e+00 7.071075e-01
      outer loop
         vertex 8.200000e+01 -3.100000e+01 3.000000e+00
         vertex 8.200000e+01 3.100000e+01 3.000000e+00
         vertex 8.000000e+01 -3.300000e+01 5.000000e+00
      endloop
   endfacet
   facet normal 7.071060e-01 -0.000000e+00 7.071075e-01
      outer loop
         vertex 8.000000e+01 -3.300000e+01 5.000000e+00
         vertex 8.200000e+01 3.100000e+01 3.000000e+00
         vertex 8.000000e+01 3.300000e+01 5.000000e+00
      endloop
   endfacet
   facet normal 7.071061e-01 7.071074e-01 0.000000e+00
      outer loop
         vertex 8.200000e+01 3.100000e+01 3.000000e+00
         vertex 8.200000e+01 3.100000e+01 1.340590e-14
         vertex 8.000000e+01 3.300000e+01 5.000000e+00
      endloop
   endfacet
   facet normal 7.071068e-01 7.071068e-01 5.268356e-07
      outer loop
         vertex 8.000000e+01 3.300000e+01 5.000000e+00
         vertex 8.200000e+01 3.100000e+01 1.340590e-14
         vertex 7.500000e+01 3.800000e+01 1.518243e-14
      endloop
   endfacet
   facet normal 7.071070e-01 7.071065e-01 0.000000e+00
      outer loop
         vertex 8.000000e+01 3.300000e+01 5.000000e+00
         vertex 7.500000e+01 3.800000e+01 1.518243e-14
         vertex 7.500000e+01 3.800000e+01 5.000000e+00
      endloop
   endfacet
   facet normal 7.071068e-01 -7.071068e-01 0.000000e+00
      outer loop
         vertex 8.200000e+01 -3.100000e+01 -1.093264e-15
         vertex 8.200000e+01 -3.100000e+01 3.000000e+00
         vertex 7.500000e+01 -3.800000e+01 -2.590733e-15
      endloop
   endfacet
   facet normal 7.071066e-01 -7.071070e-01 9.219620e-07
      outer loop
         vertex 7.500000e+01 -3.800000e+01 -2.590733e-15
         vertex 8.200000e+01 -3.100000e+01 3.000000e+00
         vertex 8.000000e+01 -3.300000e+01 5.000000e+00
      endloop
   endfacet
   facet normal 7.071070e-01 -7.071065e-01 0.000000e+00
      outer loop
         vertex 7.500000e+01 -3.800000e+01 -2.590733e-15
         vertex 8.000000e+01 -3.300000e+01 5.000000e+00
         vertex 7.500000e+01 -3.800000e+01 5.000000e+00
      endloop
   endfacet
   facet normal 1.000000e+00 0.000000e+00 0.000000e+00
      outer loop
         vertex 7.750000e+01 -1.450000e+01 -2.050000e+01
         vertex 7.750000e+01 -1.750000e+01 -2.050000e+01
         vertex 7.750000e+01 -1.400000e+01 -2.400000e+01
      endloop
   endfacet
   facet normal 1.000000e+00 0.000000e+00 0.000000e+00
      outer loop
         vertex 7.750000e+01 1.400000e+01 -2.400000e+01
         vertex 7.750000e+01 1.750000e+01 -2.050000e+01
         vertex 7.750000e+01 1.450000e+01 -2.050000e+01
      endloop
   endfacet
   facet normal 1.000000e+00 0.000000e+00 0.000000e+00
      outer loop
         vertex 7.750000e+01 -1.734723e-15 -1.950000e+01
         vertex 7.750000e+01 -1.400000e+01 -2.400000e+01
         vertex 7.750000e+01 1.400000e+01 -2.400000e+01
      endloop
   endfacet
   facet normal 1.000000e+00 0.000000e+00 0.000000e+00
      outer loop
         vertex 7.750000e+01 -1.252606e+01 8.190779e-01
         vertex 7.750000e+01 -1.300000e+01 5.980762e-01
         vertex 7.750000e+01 -5.885791e+00 -6.081747e+00
      endloop
   endfacet
   facet normal 1.000000e+00 0.000000e+00 0.000000e+00
      outer loop
         vertex 7.750000e+01 1.400000e+01 -2.400000e+01
         vertex 7.750000e+01 4.913702e+00 -1.781312e+01
         vertex 7.750000e+01 3.807579e+00 -1.853579e+01
      endloop
   endfacet
   facet normal 1.000000e+00 0.000000e+00 0.000000e+00
      outer loop
         vertex 7.750000e+01 -1.734723e-15 -1.950000e+01
         vertex 7.750000e+01 -1.316757e+00 -1.939089e+01
         vertex 7.750000e+01 -1.400000e+01 -2.400000e+01
      endloop
   endfacet
   facet normal 1.000000e+00 0.000000e+00 0.000000e+00
      outer loop
         vertex 7.750000e+01 -1.400000e+01 -2.400000e+01
         vertex 7.750000e+01 -1.316757e+00 -1.939089e+01
         vertex 7.750000e+01 -2.597596e+00 -1.906654e+01
      endloop
   endfacet
   facet normal 1.000000e+00 0.000000e+00 0.000000e+00
      outer loop
         vertex 7.750000e+01 -1.400000e+01 -2.400000e+01
         vertex 7.750000e+01 -2.597596e+00 -1.906654e+01
         vertex 7.750000e+01 -3.807579e+00 -1.853579e+01
      endloop
   endfacet
   facet normal 1.000000e+00 0.000000e+00 0.000000e+00
      outer loop
         vertex 7.750000e+01 3.807579e+00 -1.853579e+01
         vertex 7.750000e+01 2.597596e+00 -1.906654e+01
         vertex 7.750000e+01 1.400000e+01 -2.400000e+01
      endloop
   endfacet
   facet normal 1.000000e+00 0.000000e+00 0.000000e+00
      outer loop
         vertex 7.750000e+01 1.400000e+01 -2.400000e+01
         vertex 7.750000e+01 2.597596e+00 -1.906654e+01
         vertex 7.750000e+01 1.316757e+00 -1.939089e+01
      endloop
   endfacet
   facet normal 1.000000e+00 0.000000e+00 0.000000e+00
      outer loop
         vertex 7.750000e+01 1.400000e+01 -2.400000e+01
         vertex 7.750000e+01 1.316757e+00 -1.939089e+01
         vertex 7.750000e+01 -1.734723e-15 -1.950000e+01
      endloop
   endfacet
   facet normal 1.000000e+00 0.000000e+00 0.000000e+00
      outer loop
         vertex 7.750000e+01 7.755202e+00 -1.346388e+01
         vertex 7.750000e+01 7.326187e+00 -1.471356e+01
         vertex 7.750000e+01 1.450000e+01 -2.050000e+01
      endloop
   endfacet
   facet normal 1.000000e+00 0.000000e+00 0.000000e+00
      outer loop
         vertex 7.750000e+01 1.450000e+01 -2.050000e+01
         vertex 7.750000e+01 7.326187e+00 -1.471356e+01
         vertex 7.750000e+01 6.697332e+00 -1.587559e+01
      endloop
   endfacet
   facet normal 1.000000e+00 0.000000e+00 0.000000e+00
      outer loop
         vertex 7.750000e+01 1.450000e+01 -2.050000e+01
         vertex 7.750000e+01 6.697332e+00 -1.587559e+01
         vertex 7.750000e+01 1.400000e+01 -2.400000e+01
      endloop
   endfacet
   facet normal 1.000000e+00 0.000000e+00 0.000000e+00
      outer loop
         vertex 7.750000e+01 1.400000e+01 -2.400000e+01
         vertex 7.750000e+01 6.697332e+00 -1.587559e+01
         vertex 7.750000e+01 5.885791e+00 -1.691825e+01
      endloop
   endfacet
   facet normal 1.000000e+00 0.000000e+00 0.000000e+00
      outer loop
         vertex 7.750000e+01 1.400000e+01 -2.400000e+01
         vertex 7.750000e+01 5.885791e+00 -1.691825e+01
         vertex 7.750000e+01 4.913702e+00 -1.781312e+01
      endloop
   endfacet
   facet normal 1.000000e+00 0.000000e+00 0.000000e+00
      outer loop
         vertex 7.750000e+01 -3.807579e+00 -1.853579e+01
         vertex 7.750000e+01 -4.913702e+00 -1.781312e+01
         vertex 7.750000e+01 -1.400000e+01 -2.400000e+01
      endloop
   endfacet
   facet normal 1.000000e+00 0.000000e+00 0.000000e+00
      outer loop
         vertex 7.750000e+01 -1.400000e+01 -2.400000e+01
         vertex 7.750000e+01 -4.913702e+00 -1.781312e+01
         vertex 7.750000e+01 -5.885791e+00 -1.691825e+01
      endloop
   endfacet
   facet normal 1.000000e+00 0.000000e+00 -0.000000e+00
      outer loop
         vertex 7.750000e+01 -1.400000e+01 -2.400000e+01
         vertex 7.750000e+01 -5.885791e+00 -1.691825e+01
         vertex 7.750000e+01 -1.450000e+01 -2.050000e+01
      endloop
   endfacet
   facet normal 1.000000e+00 0.000000e+00 0.000000e+00
      outer loop
         vertex 7.750000e+01 -1.450000e+01 -2.050000e+01
         vertex 7.750000e+01 -5.885791e+00 -1.691825e+01
         vertex 7.750000e+01 -6.697332e+00 -1.587559e+01
      endloop
   endfacet
   facet normal 1.000000e+00 0.000000e+00 0.000000e+00
      outer loop
         vertex 7.750000e+01 -1.450000e+01 -2.050000e+01
         vertex 7.750000e+01 -6.697332e+00 -1.587559e+01
         vertex 7.750000e+01 -7.326187e+00 -1.471356e+01
      endloop
   endfacet
   facet normal 1.000000e+00 0.000000e+00 0.000000e+00
      outer loop
         vertex 7.750000e+01 -2.597596e+00 -3.933462e+00
         vertex 7.750000e+01 -1.150000e+01 1.000000e+00
         vertex 7.750000e+01 -3.807579e+00 -4.464210e+00
      endloop
   endfacet
   facet normal 1.000000e+00 0.000000e+00 0.000000e+00
      outer loop
         vertex 7.750000e+01 -3.807579e+00 -4.464210e+00
         vertex 7.750000e+01 -1.150000e+01 1.000000e+00
         vertex 7.750000e+01 -4.913702e+00 -5.186876e+00
      endloop
   endfacet
   facet normal 1.000000e+00 0.000000e+00 0.000000e+00
      outer loop
         vertex 7.750000e+01 -1.300000e+01 5.980762e-01
         vertex 7.750000e+01 -1.342836e+01 2.981333e-01
         vertex 7.750000e+01 -5.885791e+00 -6.081747e+00
      endloop
   endfacet
   facet normal 1.000000e+00 0.000000e+00 0.000000e+00
      outer loop
         vertex 7.750000e+01 -5.885791e+00 -6.081747e+00
         vertex 7.750000e+01 -1.342836e+01 2.981333e-01
         vertex 7.750000e+01 -1.379813e+01 -7.163717e-02
      endloop
   endfacet
   facet normal 1.000000e+00 0.000000e+00 0.000000e+00
      outer loop
         vertex 7.750000e+01 -5.885791e+00 -6.081747e+00
         vertex 7.750000e+01 -1.379813e+01 -7.163717e-02
         vertex 7.750000e+01 -1.409808e+01 -5.000000e-01
      endloop
   endfacet
   facet normal 1.000000e+00 0.000000e+00 -0.000000e+00
      outer loop
         vertex 7.750000e+01 -7.755202e+00 -9.536116e+00
         vertex 7.750000e+01 -7.326187e+00 -8.286437e+00
         vertex 7.750000e+01 -1.450000e+01 -2.000000e+00
      endloop
   endfacet
   facet normal 1.000000e+00 0.000000e+00 0.000000e+00
      outer loop
         vertex 7.750000e+01 -1.450000e+01 -2.000000e+00
         vertex 7.750000e+01 -7.326187e+00 -8.286437e+00
         vertex 7.750000e+01 -6.697332e+00 -7.124415e+00
      endloop
   endfacet
   facet normal 1.000000e+00 -0.000000e+00 0.000000e+00
      outer loop
         vertex 7.750000e+01 -1.450000e+01 -2.000000e+00
         vertex 7.750000e+01 -6.697332e+00 -7.124415e+00
         vertex 7.750000e+01 -1.445442e+01 -1.479055e+00
      endloop
   endfacet
   facet normal 1.000000e+00 0.000000e+00 0.000000e+00
      outer loop
         vertex 7.750000e+01 -1.445442e+01 -1.479055e+00
         vertex 7.750000e+01 -6.697332e+00 -7.124415e+00
         vertex 7.750000e+01 -5.885791e+00 -6.081747e+00
      endloop
   endfacet
   facet normal 1.000000e+00 -0.000000e+00 0.000000e+00
      outer loop
         vertex 7.750000e+01 -1.445442e+01 -1.479055e+00
         vertex 7.750000e+01 -5.885791e+00 -6.081747e+00
         vertex 7.750000e+01 -1.431908e+01 -9.739395e-01
      endloop
   endfacet
   facet normal 1.000000e+00 -0.000000e+00 0.000000e+00
      outer loop
         vertex 7.750000e+01 -1.431908e+01 -9.739395e-01
         vertex 7.750000e+01 -5.885791e+00 -6.081747e+00
         vertex 7.750000e+01 -1.409808e+01 -5.000000e-01
      endloop
   endfacet
   facet normal 1.000000e+00 0.000000e+00 0.000000e+00
      outer loop
         vertex 7.750000e+01 -4.913702e+00 -5.186876e+00
         vertex 7.750000e+01 -1.150000e+01 1.000000e+00
         vertex 7.750000e+01 -5.885791e+00 -6.081747e+00
      endloop
   endfacet
   facet normal 1.000000e+00 0.000000e+00 0.000000e+00
      outer loop
         vertex 7.750000e+01 -5.885791e+00 -6.081747e+00
         vertex 7.750000e+01 -1.150000e+01 1.000000e+00
         vertex 7.750000e+01 -1.202094e+01 9.544233e-01
      endloop
   endfacet
   facet normal 1.000000e+00 0.000000e+00 0.000000e+00
      outer loop
         vertex 7.750000e+01 -5.885791e+00 -6.081747e+00
         vertex 7.750000e+01 -1.202094e+01 9.544233e-01
         vertex 7.750000e+01 -1.252606e+01 8.190779e-01
      endloop
   endfacet
   facet normal 1.000000e+00 0.000000e+00 -0.000000e+00
      outer loop
         vertex 7.750000e+01 -2.597596e+00 -3.933462e+00
         vertex 7.750000e+01 -1.316757e+00 -3.609110e+00
         vertex 7.750000e+01 -1.150000e+01 1.000000e+00
      endloop
   endfacet
   facet normal 1.000000e+00 0.000000e+00 0.000000e+00
      outer loop
         vertex 7.750000e+01 -1.150000e+01 1.000000e+00
         vertex 7.750000e+01 -1.316757e+00 -3.609110e+00
         vertex 7.750000e+01 0.000000e+00 -3.500000e+00
      endloop
   endfacet
   facet normal 1.000000e+00 -0.000000e+00 0.000000e+00
      outer loop
         vertex 7.750000e+01 -1.150000e+01 1.000000e+00
         vertex 7.750000e+01 0.000000e+00 -3.500000e+00
         vertex 7.750000e+01 1.150000e+01 1.000000e+00
      endloop
   endfacet
   facet normal 1.000000e+00 0.000000e+00 0.000000e+00
      outer loop
         vertex 7.750000e+01 1.150000e+01 1.000000e+00
         vertex 7.750000e+01 0.000000e+00 -3.500000e+00
         vertex 7.750000e+01 1.316757e+00 -3.609110e+00
      endloop
   endfacet
   facet normal 1.000000e+00 0.000000e+00 0.000000e+00
      outer loop
         vertex 7.750000e+01 1.150000e+01 1.000000e+00
         vertex 7.750000e+01 1.316757e+00 -3.609110e+00
         vertex 7.750000e+01 2.597596e+00 -3.933462e+00
      endloop
   endfacet
   facet normal 1.000000e+00 -0.000000e+00 0.000000e+00
      outer loop
         vertex 7.750000e+01 2.597596e+00 -3.933462e+00
         vertex 7.750000e+01 3.807579e+00 -4.464210e+00
         vertex 7.750000e+01 1.150000e+01 1.000000e+00
      endloop
   endfacet
   facet normal 1.000000e+00 0.000000e+00 0.000000e+00
      outer loop
         vertex 7.750000e+01 1.150000e+01 1.000000e+00
         vertex 7.750000e+01 3.807579e+00 -4.464210e+00
         vertex 7.750000e+01 4.913702e+00 -5.186876e+00
      endloop
   endfacet
   facet normal 1.000000e+00 0.000000e+00 0.000000e+00
      outer loop
         vertex 7.750000e+01 1.150000e+01 1.000000e+00
         vertex 7.750000e+01 4.913702e+00 -5.186876e+00
         vertex 7.750000e+01 1.202094e+01 9.544233e-01
      endloop
   endfacet
   facet normal 1.000000e+00 0.000000e+00 0.000000e+00
      outer loop
         vertex 7.750000e+01 1.202094e+01 9.544233e-01
         vertex 7.750000e+01 4.913702e+00 -5.186876e+00
         vertex 7.750000e+01 5.885791e+00 -6.081747e+00
      endloop
   endfacet
   facet normal 1.000000e+00 0.000000e+00 0.000000e+00
      outer loop
         vertex 7.750000e+01 1.202094e+01 9.544233e-01
         vertex 7.750000e+01 5.885791e+00 -6.081747e+00
         vertex 7.750000e+01 1.252606e+01 8.190779e-01
      endloop
   endfacet
   facet normal 1.000000e+00 0.000000e+00 0.000000e+00
      outer loop
         vertex 7.750000e+01 1.252606e+01 8.190779e-01
         vertex 7.750000e+01 5.885791e+00 -6.081747e+00
         vertex 7.750000e+01 1.300000e+01 5.980762e-01
      endloop
   endfacet
   facet normal 1.000000e+00 -0.000000e+00 0.000000e+00
      outer loop
         vertex 7.750000e+01 7.326187e+00 -8.286437e+00
         vertex 7.750000e+01 7.755202e+00 -9.536116e+00
         vertex 7.750000e+01 1.450000e+01 -2.000000e+00
      endloop
   endfacet
   facet normal 1.000000e+00 0.000000e+00 0.000000e+00
      outer loop
         vertex 7.750000e+01 1.450000e+01 -2.000000e+00
         vertex 7.750000e+01 7.755202e+00 -9.536116e+00
         vertex 7.750000e+01 7.972676e+00 -1.083937e+01
      endloop
   endfacet
   facet normal 1.000000e+00 0.000000e+00 0.000000e+00
      outer loop
         vertex 7.750000e+01 1.450000e+01 -2.000000e+00
         vertex 7.750000e+01 7.972676e+00 -1.083937e+01
         vertex 7.750000e+01 1.450000e+01 -2.050000e+01
      endloop
   endfacet
   facet normal 1.000000e+00 0.000000e+00 0.000000e+00
      outer loop
         vertex 7.750000e+01 1.450000e+01 -2.050000e+01
         vertex 7.750000e+01 7.972676e+00 -1.083937e+01
         vertex 7.750000e+01 7.972676e+00 -1.216063e+01
      endloop
   endfacet
   facet normal 1.000000e+00 0.000000e+00 0.000000e+00
      outer loop
         vertex 7.750000e+01 1.450000e+01 -2.050000e+01
         vertex 7.750000e+01 7.972676e+00 -1.216063e+01
         vertex 7.750000e+01 7.755202e+00 -1.346388e+01
      endloop
   endfacet
   facet normal 1.000000e+00 0.000000e+00 0.000000e+00
      outer loop
         vertex 7.750000e+01 -7.326187e+00 -1.471356e+01
         vertex 7.750000e+01 -7.755202e+00 -1.346388e+01
         vertex 7.750000e+01 -1.450000e+01 -2.050000e+01
      endloop
   endfacet
   facet normal 1.000000e+00 0.000000e+00 0.000000e+00
      outer loop
         vertex 7.750000e+01 -1.450000e+01 -2.050000e+01
         vertex 7.750000e+01 -7.755202e+00 -1.346388e+01
         vertex 7.750000e+01 -7.972676e+00 -1.216063e+01
      endloop
   endfacet
   facet normal 1.000000e+00 0.000000e+00 0.000000e+00
      outer loop
         vertex 7.750000e+01 -1.450000e+01 -2.050000e+01
         vertex 7.750000e+01 -7.972676e+00 -1.216063e+01
         vertex 7.750000e+01 -1.450000e+01 -2.000000e+00
      endloop
   endfacet
   facet normal 1.000000e+00 0.000000e+00 0.000000e+00
      outer loop
         vertex 7.750000e+01 -1.450000e+01 -2.000000e+00
         vertex 7.750000e+01 -7.972676e+00 -1.216063e+01
         vertex 7.750000e+01 -7.972676e+00 -1.083937e+01
      endloop
   endfacet
   facet normal 1.000000e+00 0.000000e+00 0.000000e+00
      outer loop
         vertex 7.750000e+01 -1.450000e+01 -2.000000e+00
         vertex 7.750000e+01 -7.972676e+00 -1.083937e+01
         vertex 7.750000e+01 -7.755202e+00 -9.536116e+00
      endloop
   endfacet
   facet normal 1.000000e+00 0.000000e+00 -0.000000e+00
      outer loop
         vertex 7.750000e+01 7.326187e+00 -8.286437e+00
         vertex 7.750000e+01 1.450000e+01 -2.000000e+00
         vertex 7.750000e+01 6.697332e+00 -7.124415e+00
      endloop
   endfacet
   facet normal 1.000000e+00 0.000000e+00 0.000000e+00
      outer loop
         vertex 7.750000e+01 6.697332e+00 -7.124415e+00
         vertex 7.750000e+01 1.450000e+01 -2.000000e+00
         vertex 7.750000e+01 1.445442e+01 -1.479055e+00
      endloop
   endfacet
   facet normal 1.000000e+00 0.000000e+00 -0.000000e+00
      outer loop
         vertex 7.750000e+01 6.697332e+00 -7.124415e+00
         vertex 7.750000e+01 1.445442e+01 -1.479055e+00
         vertex 7.750000e+01 5.885791e+00 -6.081747e+00
      endloop
   endfacet
   facet normal 1.000000e+00 0.000000e+00 0.000000e+00
      outer loop
         vertex 7.750000e+01 5.885791e+00 -6.081747e+00
         vertex 7.750000e+01 1.445442e+01 -1.479055e+00
         vertex 7.750000e+01 1.431908e+01 -9.739395e-01
      endloop
   endfacet
   facet normal 1.000000e+00 0.000000e+00 0.000000e+00
      outer loop
         vertex 7.750000e+01 5.885791e+00 -6.081747e+00
         vertex 7.750000e+01 1.431908e+01 -9.739395e-01
         vertex 7.750000e+01 1.409808e+01 -5.000000e-01
      endloop
   endfacet
   facet normal 1.000000e+00 0.000000e+00 0.000000e+00
      outer loop
         vertex 7.750000e+01 1.409808e+01 -5.000000e-01
         vertex 7.750000e+01 1.379813e+01 -7.163717e-02
         vertex 7.750000e+01 5.885791e+00 -6.081747e+00
      endloop
   endfacet
   facet normal 1.000000e+00 0.000000e+00 0.000000e+00
      outer loop
         vertex 7.750000e+01 5.885791e+00 -6.081747e+00
         vertex 7.750000e+01 1.379813e+01 -7.163717e-02
         vertex 7.750000e+01 1.342836e+01 2.981333e-01
      endloop
   endfacet
   facet normal 1.000000e+00 0.000000e+00 0.000000e+00
      outer loop
         vertex 7.750000e+01 5.885791e+00 -6.081747e+00
         vertex 7.750000e+01 1.342836e+01 2.981333e-01
         vertex 7.750000e+01 1.300000e+01 5.980762e-01
      endloop
   endfacet
   facet normal 0.000000e+00 0.000000e+00 -1.000000e+00
      outer loop
         vertex 7.750000e+01 1.450000e+01 -2.050000e+01
         vertex 7.750000e+01 1.750000e+01 -2.050000e+01
         vertex 8.200000e+01 1.450000e+01 -2.050000e+01
      endloop
   endfacet
   facet normal 0.000000e+00 0.000000e+00 -1.000000e+00
      outer loop
         vertex 8.200000e+01 1.450000e+01 -2.050000e+01
         vertex 7.750000e+01 1.750000e+01 -2.050000e+01
         vertex 8.200000e+01 1.750000e+01 -2.050000e+01
      endloop
   endfacet
   facet normal 0.000000e+00 -1.000000e+00 0.000000e+00
      outer loop
         vertex 7.750000e+01 1.450000e+01 -2.000000e+00
         vertex 7.750000e+01 1.450000e+01 -2.050000e+01
         vertex 8.200000e+01 1.450000e+01 -2.000000e+00
      endloop
   endfacet
   facet normal 0.000000e+00 -1.000000e+00 -0.000000e+00
      outer loop
         vertex 8.200000e+01 1.450000e+01 -2.000000e+00
         vertex 7.750000e+01 1.450000e+01 -2.050000e+01
         vertex 8.200000e+01 1.450000e+01 -2.050000e+01
      endloop
   endfacet
   facet normal 0.000000e+00 -9.961948e-01 -8.715458e-02
      outer loop
         vertex 7.750000e+01 1.450000e+01 -2.000000e+00
         vertex 8.200000e+01 1.450000e+01 -2.000000e+00
         vertex 7.750000e+01 1.445442e+01 -1.479055e+00
      endloop
   endfacet
   facet normal 0.000000e+00 -9.961948e-01 -8.715458e-02
      outer loop
         vertex 7.750000e+01 1.445442e+01 -1.479055e+00
         vertex 8.200000e+01 1.450000e+01 -2.000000e+00
         vertex 8.200000e+01 1.445442e+01 -1.479055e+00
      endloop
   endfacet
   facet normal 0.000000e+00 -9.659258e-01 -2.588190e-01
      outer loop
         vertex 7.750000e+01 1.445442e+01 -1.479055e+00
         vertex 8.200000e+01 1.445442e+01 -1.479055e+00
         vertex 7.750000e+01 1.431908e+01 -9.739395e-01
      endloop
   endfacet
   facet normal 0.000000e+00 -9.659258e-01 -2.588190e-01
      outer loop
         vertex 7.750000e+01 1.431908e+01 -9.739395e-01
         vertex 8.200000e+01 1.445442e+01 -1.479055e+00
         vertex 8.200000e+01 1.431908e+01 -9.739395e-01
      endloop
   endfacet
   facet normal 0.000000e+00 -9.063076e-01 -4.226187e-01
      outer loop
         vertex 7.750000e+01 1.431908e+01 -9.739395e-01
         vertex 8.200000e+01 1.431908e+01 -9.739395e-01
         vertex 7.750000e+01 1.409808e+01 -5.000000e-01
      endloop
   endfacet
   facet normal 0.000000e+00 -9.063076e-01 -4.226187e-01
      outer loop
         vertex 7.750000e+01 1.409808e+01 -5.000000e-01
         vertex 8.200000e+01 1.431908e+01 -9.739395e-01
         vertex 8.200000e+01 1.409808e+01 -5.000000e-01
      endloop
   endfacet
   facet normal 0.000000e+00 -8.191522e-01 -5.735762e-01
      outer loop
         vertex 7.750000e+01 1.409808e+01 -5.000000e-01
         vertex 8.200000e+01 1.409808e+01 -5.000000e-01
         vertex 7.750000e+01 1.379813e+01 -7.163717e-02
      endloop
   endfacet
   facet normal 0.000000e+00 -8.191522e-01 -5.735762e-01
      outer loop
         vertex 7.750000e+01 1.379813e+01 -7.163717e-02
         vertex 8.200000e+01 1.409808e+01 -5.000000e-01
         vertex 8.200000e+01 1.379813e+01 -7.163717e-02
      endloop
   endfacet
   facet normal 0.000000e+00 -7.071068e-01 -7.071067e-01
      outer loop
         vertex 7.750000e+01 1.379813e+01 -7.163717e-02
         vertex 8.200000e+01 1.379813e+01 -7.163717e-02
         vertex 7.750000e+01 1.342836e+01 2.981333e-01
      endloop
   endfacet
   facet normal 0.000000e+00 -7.071068e-01 -7.071067e-01
      outer loop
         vertex 7.750000e+01 1.342836e+01 2.981333e-01
         vertex 8.200000e+01 1.379813e+01 -7.163717e-02
         vertex 8.200000e+01 1.342836e+01 2.981333e-01
      endloop
   endfacet
   facet normal 0.000000e+00 -5.735765e-01 -8.191520e-01
      outer loop
         vertex 7.750000e+01 1.342836e+01 2.981333e-01
         vertex 8.200000e+01 1.342836e+01 2.981333e-01
         vertex 7.750000e+01 1.300000e+01 5.980762e-01
      endloop
   endfacet
   facet normal 0.000000e+00 -5.735765e-01 -8.191520e-01
      outer loop
         vertex 7.750000e+01 1.300000e+01 5.980762e-01
         vertex 8.200000e+01 1.342836e+01 2.981333e-01
         vertex 8.200000e+01 1.300000e+01 5.980762e-01
      endloop
   endfacet
   facet normal 0.000000e+00 -4.226181e-01 -9.063078e-01
      outer loop
         vertex 7.750000e+01 1.300000e+01 5.980762e-01
         vertex 8.200000e+01 1.300000e+01 5.980762e-01
         vertex 7.750000e+01 1.252606e+01 8.190779e-01
      endloop
   endfacet
   facet normal 0.000000e+00 -4.226181e-01 -9.063078e-01
      outer loop
         vertex 7.750000e+01 1.252606e+01 8.190779e-01
         vertex 8.200000e+01 1.300000e+01 5.980762e-01
         vertex 8.200000e+01 1.252606e+01 8.190779e-01
      endloop
   endfacet
   facet normal 0.000000e+00 -2.588191e-01 -9.659258e-01
      outer loop
         vertex 7.750000e+01 1.252606e+01 8.190779e-01
         vertex 8.200000e+01 1.252606e+01 8.190779e-01
         vertex 7.750000e+01 1.202094e+01 9.544233e-01
      endloop
   endfacet
   facet normal 0.000000e+00 -2.588191e-01 -9.659258e-01
      outer loop
         vertex 7.750000e+01 1.202094e+01 9.544233e-01
         vertex 8.200000e+01 1.252606e+01 8.190779e-01
         vertex 8.200000e+01 1.202094e+01 9.544233e-01
      endloop
   endfacet
   facet normal 0.000000e+00 -8.715579e-02 -9.961947e-01
      outer loop
         vertex 7.750000e+01 1.202094e+01 9.544233e-01
         vertex 8.200000e+01 1.202094e+01 9.544233e-01
         vertex 7.750000e+01 1.150000e+01 1.000000e+00
      endloop
   endfacet
   facet normal 0.000000e+00 -8.715579e-02 -9.961947e-01
      outer loop
         vertex 7.750000e+01 1.150000e+01 1.000000e+00
         vertex 8.200000e+01 1.202094e+01 9.544233e-01
         vertex 8.200000e+01 1.150000e+01 1.000000e+00
      endloop
   endfacet
   facet normal 0.000000e+00 0.000000e+00 -1.000000e+00
      outer loop
         vertex 7.750000e+01 -1.150000e+01 1.000000e+00
         vertex 7.750000e+01 1.150000e+01 1.000000e+00
         vertex 8.200000e+01 -1.150000e+01 1.000000e+00
      endloop
   endfacet
   facet normal 0.000000e+00 0.000000e+00 -1.000000e+00
      outer loop
         vertex 8.200000e+01 -1.150000e+01 1.000000e+00
         vertex 7.750000e+01 1.150000e+01 1.000000e+00
         vertex 8.200000e+01 1.150000e+01 1.000000e+00
      endloop
   endfacet
   facet normal 0.000000e+00 8.715579e-02 -9.961947e-01
      outer loop
         vertex 7.750000e+01 -1.150000e+01 1.000000e+00
         vertex 8.200000e+01 -1.150000e+01 1.000000e+00
         vertex 7.750000e+01 -1.202094e+01 9.544233e-01
      endloop
   endfacet
   facet normal 0.000000e+00 8.715579e-02 -9.961947e-01
      outer loop
         vertex 7.750000e+01 -1.202094e+01 9.544233e-01
         vertex 8.200000e+01 -1.150000e+01 1.000000e+00
         vertex 8.200000e+01 -1.202094e+01 9.544233e-01
      endloop
   endfacet
   facet normal 0.000000e+00 2.588191e-01 -9.659258e-01
      outer loop
         vertex 7.750000e+01 -1.202094e+01 9.544233e-01
         vertex 8.200000e+01 -1.202094e+01 9.544233e-01
         vertex 7.750000e+01 -1.252606e+01 8.190779e-01
      endloop
   endfacet
   facet normal 0.000000e+00 2.588191e-01 -9.659258e-01
      outer loop
         vertex 7.750000e+01 -1.252606e+01 8.190779e-01
         vertex 8.200000e+01 -1.202094e+01 9.544233e-01
         vertex 8.200000e+01 -1.252606e+01 8.190779e-01
      endloop
   endfacet
   facet normal 0.000000e+00 4.226181e-01 -9.063078e-01
      outer loop
         vertex 7.750000e+01 -1.252606e+01 8.190779e-01
         vertex 8.200000e+01 -1.252606e+01 8.190779e-01
         vertex 7.750000e+01 -1.300000e+01 5.980762e-01
      endloop
   endfacet
   facet normal 0.000000e+00 4.226181e-01 -9.063078e-01
      outer loop
         vertex 7.750000e+01 -1.300000e+01 5.980762e-01
         vertex 8.200000e+01 -1.252606e+01 8.190779e-01
         vertex 8.200000e+01 -1.300000e+01 5.980762e-01
      endloop
   endfacet
   facet normal 0.000000e+00 5.735765e-01 -8.191520e-01
      outer loop
         vertex 7.750000e+01 -1.300000e+01 5.980762e-01
         vertex 8.200000e+01 -1.300000e+01 5.980762e-01
         vertex 7.750000e+01 -1.342836e+01 2.981333e-01
      endloop
   endfacet
   facet normal 0.000000e+00 5.735765e-01 -8.191520e-01
      outer loop
         vertex 7.750000e+01 -1.342836e+01 2.981333e-01
         vertex 8.200000e+01 -1.300000e+01 5.980762e-01
         vertex 8.200000e+01 -1.342836e+01 2.981333e-01
      endloop
   endfacet
   facet normal 0.000000e+00 7.071068e-01 -7.071067e-01
      outer loop
         vertex 7.750000e+01 -1.342836e+01 2.981333e-01
         vertex 8.200000e+01 -1.342836e+01 2.981333e-01
         vertex 7.750000e+01 -1.379813e+01 -7.163717e-02
      endloop
   endfacet
   facet normal 0.000000e+00 7.071068e-01 -7.071067e-01
      outer loop
         vertex 7.750000e+01 -1.379813e+01 -7.163717e-02
         vertex 8.200000e+01 -1.342836e+01 2.981333e-01
         vertex 8.200000e+01 -1.379813e+01 -7.163717e-02
      endloop
   endfacet
   facet normal 0.000000e+00 8.191522e-01 -5.735762e-01
      outer loop
         vertex 7.750000e+01 -1.379813e+01 -7.163717e-02
         vertex 8.200000e+01 -1.379813e+01 -7.163717e-02
         vertex 7.750000e+01 -1.409808e+01 -5.000000e-01
      endloop
   endfacet
   facet normal 0.000000e+00 8.191522e-01 -5.735762e-01
      outer loop
         vertex 7.750000e+01 -1.409808e+01 -5.000000e-01
         vertex 8.200000e+01 -1.379813e+01 -7.163717e-02
         vertex 8.200000e+01 -1.409808e+01 -5.000000e-01
      endloop
   endfacet
   facet normal 0.000000e+00 9.063076e-01 -4.226187e-01
      outer loop
         vertex 7.750000e+01 -1.409808e+01 -5.000000e-01
         vertex 8.200000e+01 -1.409808e+01 -5.000000e-01
         vertex 7.750000e+01 -1.431908e+01 -9.739395e-01
      endloop
   endfacet
   facet normal 0.000000e+00 9.063076e-01 -4.226187e-01
      outer loop
         vertex 7.750000e+01 -1.431908e+01 -9.739395e-01
         vertex 8.200000e+01 -1.409808e+01 -5.000000e-01
         vertex 8.200000e+01 -1.431908e+01 -9.739395e-01
      endloop
   endfacet
   facet normal 0.000000e+00 9.659258e-01 -2.588190e-01
      outer loop
         vertex 7.750000e+01 -1.431908e+01 -9.739395e-01
         vertex 8.200000e+01 -1.431908e+01 -9.739395e-01
         vertex 7.750000e+01 -1.445442e+01 -1.479055e+00
      endloop
   endfacet
   facet normal 0.000000e+00 9.659258e-01 -2.588190e-01
      outer loop
         vertex 7.750000e+01 -1.445442e+01 -1.479055e+00
         vertex 8.200000e+01 -1.431908e+01 -9.739395e-01
         vertex 8.200000e+01 -1.445442e+01 -1.479055e+00
      endloop
   endfacet
   facet normal 0.000000e+00 9.961948e-01 -8.715458e-02
      outer loop
         vertex 7.750000e+01 -1.445442e+01 -1.479055e+00
         vertex 8.200000e+01 -1.445442e+01 -1.479055e+00
         vertex 7.750000e+01 -1.450000e+01 -2.000000e+00
      endloop
   endfacet
   facet normal 0.000000e+00 9.961948e-01 -8.715458e-02
      outer loop
         vertex 7.750000e+01 -1.450000e+01 -2.000000e+00
         vertex 8.200000e+01 -1.445442e+01 -1.479055e+00
         vertex 8.200000e+01 -1.450000e+01 -2.000000e+00
      endloop
   endfacet
   facet normal 0.000000e+00 1.000000e+00 0.000000e+00
      outer loop
         vertex 7.750000e+01 -1.450000e+01 -2.050000e+01
         vertex 7.750000e+01 -1.450000e+01 -2.000000e+00
         vertex 8.200000e+01 -1.450000e+01 -2.050000e+01
      endloop
   endfacet
   facet normal 0.000000e+00 1.000000e+00 -0.000000e+00
      outer loop
         vertex 8.200000e+01 -1.450000e+01 -2.050000e+01
         vertex 7.750000e+01 -1.450000e+01 -2.000000e+00
         vertex 8.200000e+01 -1.450000e+01 -2.000000e+00
      endloop
   endfacet
   facet normal 0.000000e+00 0.000000e+00 -1.000000e+00
      outer loop
         vertex 7.750000e+01 -1.750000e+01 -2.050000e+01
         vertex 7.750000e+01 -1.450000e+01 -2.050000e+01
         vertex 8.200000e+01 -1.750000e+01 -2.050000e+01
      endloop
   endfacet
   facet normal 0.000000e+00 0.000000e+00 -1.000000e+00
      outer loop
         vertex 8.200000e+01 -1.750000e+01 -2.050000e+01
         vertex 7.750000e+01 -1.450000e+01 -2.050000e+01
         vertex 8.200000e+01 -1.450000e+01 -2.050000e+01
      endloop
   endfacet
   facet normal -1.000000e+00 0.000000e+00 -0.000000e+00
      outer loop
         vertex 5.550000e+01 1.450000e+01 -2.050000e+01
         vertex 5.550000e+01 1.750000e+01 -2.050000e+01
         vertex 5.550000e+01 1.400000e+01 -2.400000e+01
      endloop
   endfacet
   facet normal -1.000000e+00 0.000000e+00 0.000000e+00
      outer loop
         vertex 5.550000e+01 -1.400000e+01 -2.400000e+01
         vertex 5.550000e+01 -1.750000e+01 -2.050000e+01
         vertex 5.550000e+01 -1.450000e+01 -2.050000e+01
      endloop
   endfacet
   facet normal -1.000000e+00 0.000000e+00 0.000000e+00
      outer loop
         vertex 5.550000e+01 2.597596e+00 -1.906654e+01
         vertex 5.550000e+01 3.807579e+00 -1.853579e+01
         vertex 5.550000e+01 1.400000e+01 -2.400000e+01
      endloop
   endfacet
   facet normal -1.000000e+00 -0.000000e+00 0.000000e+00
      outer loop
         vertex 5.550000e+01 1.150000e+01 1.000000e+00
         vertex 5.550000e+01 1.734723e-15 -3.500000e+00
         vertex 5.550000e+01 -1.150000e+01 1.000000e+00
      endloop
   endfacet
   facet normal -1.000000e+00 0.000000e+00 0.000000e+00
      outer loop
         vertex 5.550000e+01 -1.150000e+01 1.000000e+00
         vertex 5.550000e+01 1.734723e-15 -3.500000e+00
         vertex 5.550000e+01 -1.316757e+00 -3.609110e+00
      endloop
   endfacet
   facet normal -1.000000e+00 0.000000e+00 0.000000e+00
      outer loop
         vertex 5.550000e+01 -1.150000e+01 1.000000e+00
         vertex 5.550000e+01 -1.316757e+00 -3.609110e+00
         vertex 5.550000e+01 -2.597596e+00 -3.933462e+00
      endloop
   endfacet
   facet normal -1.000000e+00 -0.000000e+00 0.000000e+00
      outer loop
         vertex 5.550000e+01 -2.597596e+00 -1.906654e+01
         vertex 5.550000e+01 -1.400000e+01 -2.400000e+01
         vertex 5.550000e+01 -3.807579e+00 -1.853579e+01
      endloop
   endfacet
   facet normal -1.000000e+00 -0.000000e+00 0.000000e+00
      outer loop
         vertex 5.550000e+01 -3.807579e+00 -1.853579e+01
         vertex 5.550000e+01 -1.400000e+01 -2.400000e+01
         vertex 5.550000e+01 -4.913702e+00 -1.781312e+01
      endloop
   endfacet
   facet normal -1.000000e+00 0.000000e+00 0.000000e+00
      outer loop
         vertex 5.550000e+01 4.913702e+00 -5.186876e+00
         vertex 5.550000e+01 3.807579e+00 -4.464210e+00
         vertex 5.550000e+01 1.150000e+01 1.000000e+00
      endloop
   endfacet
   facet normal -1.000000e+00 0.000000e+00 -0.000000e+00
      outer loop
         vertex 5.550000e+01 -2.597596e+00 -1.906654e+01
         vertex 5.550000e+01 -1.316757e+00 -1.939089e+01
         vertex 5.550000e+01 -1.400000e+01 -2.400000e+01
      endloop
   endfacet
   facet normal -1.000000e+00 0.000000e+00 0.000000e+00
      outer loop
         vertex 5.550000e+01 -1.400000e+01 -2.400000e+01
         vertex 5.550000e+01 -1.316757e+00 -1.939089e+01
         vertex 5.550000e+01 -3.469447e-15 -1.950000e+01
      endloop
   endfacet
   facet normal -1.000000e+00 0.000000e+00 0.000000e+00
      outer loop
         vertex 5.550000e+01 -1.400000e+01 -2.400000e+01
         vertex 5.550000e+01 -3.469447e-15 -1.950000e+01
         vertex 5.550000e+01 1.400000e+01 -2.400000e+01
      endloop
   endfacet
   facet normal -1.000000e+00 0.000000e+00 0.000000e+00
      outer loop
         vertex 5.550000e+01 1.400000e+01 -2.400000e+01
         vertex 5.550000e+01 -3.469447e-15 -1.950000e+01
         vertex 5.550000e+01 1.316757e+00 -1.939089e+01
      endloop
   endfacet
   facet normal -1.000000e+00 0.000000e+00 0.000000e+00
      outer loop
         vertex 5.550000e+01 1.400000e+01 -2.400000e+01
         vertex 5.550000e+01 1.316757e+00 -1.939089e+01
         vertex 5.550000e+01 2.597596e+00 -1.906654e+01
      endloop
   endfacet
   facet normal -1.000000e+00 0.000000e+00 0.000000e+00
      outer loop
         vertex 5.550000e+01 3.807579e+00 -1.853579e+01
         vertex 5.550000e+01 4.913702e+00 -1.781312e+01
         vertex 5.550000e+01 1.400000e+01 -2.400000e+01
      endloop
   endfacet
   facet normal -1.000000e+00 0.000000e+00 0.000000e+00
      outer loop
         vertex 5.550000e+01 1.400000e+01 -2.400000e+01
         vertex 5.550000e+01 4.913702e+00 -1.781312e+01
         vertex 5.550000e+01 5.885791e+00 -1.691825e+01
      endloop
   endfacet
   facet normal -1.000000e+00 0.000000e+00 0.000000e+00
      outer loop
         vertex 5.550000e+01 1.400000e+01 -2.400000e+01
         vertex 5.550000e+01 5.885791e+00 -1.691825e+01
         vertex 5.550000e+01 1.450000e+01 -2.050000e+01
      endloop
   endfacet
   facet normal -1.000000e+00 0.000000e+00 0.000000e+00
      outer loop
         vertex 5.550000e+01 1.450000e+01 -2.050000e+01
         vertex 5.550000e+01 5.885791e+00 -1.691825e+01
         vertex 5.550000e+01 6.697332e+00 -1.587559e+01
      endloop
   endfacet
   facet normal -1.000000e+00 0.000000e+00 0.000000e+00
      outer loop
         vertex 5.550000e+01 1.450000e+01 -2.050000e+01
         vertex 5.550000e+01 6.697332e+00 -1.587559e+01
         vertex 5.550000e+01 7.326187e+00 -1.471356e+01
      endloop
   endfacet
   facet normal -1.000000e+00 0.000000e+00 -0.000000e+00
      outer loop
         vertex 5.550000e+01 1.252606e+01 8.190779e-01
         vertex 5.550000e+01 1.300000e+01 5.980762e-01
         vertex 5.550000e+01 5.885791e+00 -6.081747e+00
      endloop
   endfacet
   facet normal -1.000000e+00 0.000000e+00 0.000000e+00
      outer loop
         vertex 5.550000e+01 3.807579e+00 -4.464210e+00
         vertex 5.550000e+01 2.597596e+00 -3.933462e+00
         vertex 5.550000e+01 1.150000e+01 1.000000e+00
      endloop
   endfacet
   facet normal -1.000000e+00 0.000000e+00 0.000000e+00
      outer loop
         vertex 5.550000e+01 1.150000e+01 1.000000e+00
         vertex 5.550000e+01 2.597596e+00 -3.933462e+00
         vertex 5.550000e+01 1.316757e+00 -3.609110e+00
      endloop
   endfacet
   facet normal -1.000000e+00 0.000000e+00 0.000000e+00
      outer loop
         vertex 5.550000e+01 1.150000e+01 1.000000e+00
         vertex 5.550000e+01 1.316757e+00 -3.609110e+00
         vertex 5.550000e+01 1.734723e-15 -3.500000e+00
      endloop
   endfacet
   facet normal -1.000000e+00 -0.000000e+00 0.000000e+00
      outer loop
         vertex 5.550000e+01 -2.597596e+00 -3.933462e+00
         vertex 5.550000e+01 -3.807579e+00 -4.464210e+00
         vertex 5.550000e+01 -1.150000e+01 1.000000e+00
      endloop
   endfacet
   facet normal -1.000000e+00 0.000000e+00 0.000000e+00
      outer loop
         vertex 5.550000e+01 -1.150000e+01 1.000000e+00
         vertex 5.550000e+01 -3.807579e+00 -4.464210e+00
         vertex 5.550000e+01 -4.913702e+00 -5.186876e+00
      endloop
   endfacet
   facet normal -1.000000e+00 0.000000e+00 -0.000000e+00
      outer loop
         vertex 5.550000e+01 -1.150000e+01 1.000000e+00
         vertex 5.550000e+01 -4.913702e+00 -5.186876e+00
         vertex 5.550000e+01 -1.202094e+01 9.544233e-01
      endloop
   endfacet
   facet normal -1.000000e+00 0.000000e+00 0.000000e+00
      outer loop
         vertex 5.550000e+01 -1.202094e+01 9.544233e-01
         vertex 5.550000e+01 -4.913702e+00 -5.186876e+00
         vertex 5.550000e+01 -5.885791e+00 -6.081747e+00
      endloop
   endfacet
   facet normal -1.000000e+00 0.000000e+00 -0.000000e+00
      outer loop
         vertex 5.550000e+01 -1.202094e+01 9.544233e-01
         vertex 5.550000e+01 -5.885791e+00 -6.081747e+00
         vertex 5.550000e+01 -1.252606e+01 8.190779e-01
      endloop
   endfacet
   facet normal -1.000000e+00 0.000000e+00 0.000000e+00
      outer loop
         vertex 5.550000e+01 -6.697332e+00 -7.124415e+00
         vertex 5.550000e+01 -1.342836e+01 2.981333e-01
         vertex 5.550000e+01 -5.885791e+00 -6.081747e+00
      endloop
   endfacet
   facet normal -1.000000e+00 0.000000e+00 0.000000e+00
      outer loop
         vertex 5.550000e+01 -5.885791e+00 -6.081747e+00
         vertex 5.550000e+01 -1.342836e+01 2.981333e-01
         vertex 5.550000e+01 -1.300000e+01 5.980762e-01
      endloop
   endfacet
   facet normal -1.000000e+00 0.000000e+00 0.000000e+00
      outer loop
         vertex 5.550000e+01 -5.885791e+00 -6.081747e+00
         vertex 5.550000e+01 -1.300000e+01 5.980762e-01
         vertex 5.550000e+01 -1.252606e+01 8.190779e-01
      endloop
   endfacet
   facet normal -1.000000e+00 0.000000e+00 -0.000000e+00
      outer loop
         vertex 5.550000e+01 -7.755202e+00 -1.346388e+01
         vertex 5.550000e+01 -7.326187e+00 -1.471356e+01
         vertex 5.550000e+01 -1.450000e+01 -2.050000e+01
      endloop
   endfacet
   facet normal -1.000000e+00 0.000000e+00 0.000000e+00
      outer loop
         vertex 5.550000e+01 -1.450000e+01 -2.050000e+01
         vertex 5.550000e+01 -7.326187e+00 -1.471356e+01
         vertex 5.550000e+01 -6.697332e+00 -1.587559e+01
      endloop
   endfacet
   facet normal -1.000000e+00 0.000000e+00 0.000000e+00
      outer loop
         vertex 5.550000e+01 -1.450000e+01 -2.050000e+01
         vertex 5.550000e+01 -6.697332e+00 -1.587559e+01
         vertex 5.550000e+01 -1.400000e+01 -2.400000e+01
      endloop
   endfacet
   facet normal -1.000000e+00 0.000000e+00 0.000000e+00
      outer loop
         vertex 5.550000e+01 -1.400000e+01 -2.400000e+01
         vertex 5.550000e+01 -6.697332e+00 -1.587559e+01
         vertex 5.550000e+01 -5.885791e+00 -1.691825e+01
      endloop
   endfacet
   facet normal -1.000000e+00 0.000000e+00 0.000000e+00
      outer loop
         vertex 5.550000e+01 -1.400000e+01 -2.400000e+01
         vertex 5.550000e+01 -5.885791e+00 -1.691825e+01
         vertex 5.550000e+01 -4.913702e+00 -1.781312e+01
      endloop
   endfacet
   facet normal -1.000000e+00 0.000000e+00 0.000000e+00
      outer loop
         vertex 5.550000e+01 7.326187e+00 -1.471356e+01
         vertex 5.550000e+01 7.755202e+00 -1.346388e+01
         vertex 5.550000e+01 1.450000e+01 -2.050000e+01
      endloop
   endfacet
   facet normal -1.000000e+00 0.000000e+00 0.000000e+00
      outer loop
         vertex 5.550000e+01 1.450000e+01 -2.050000e+01
         vertex 5.550000e+01 7.755202e+00 -1.346388e+01
         vertex 5.550000e+01 7.972676e+00 -1.216063e+01
      endloop
   endfacet
   facet normal -1.000000e+00 0.000000e+00 0.000000e+00
      outer loop
         vertex 5.550000e+01 1.450000e+01 -2.050000e+01
         vertex 5.550000e+01 7.972676e+00 -1.216063e+01
         vertex 5.550000e+01 1.450000e+01 -2.000000e+00
      endloop
   endfacet
   facet normal -1.000000e+00 0.000000e+00 0.000000e+00
      outer loop
         vertex 5.550000e+01 1.450000e+01 -2.000000e+00
         vertex 5.550000e+01 7.972676e+00 -1.216063e+01
         vertex 5.550000e+01 7.972676e+00 -1.083937e+01
      endloop
   endfacet
   facet normal -1.000000e+00 0.000000e+00 0.000000e+00
      outer loop
         vertex 5.550000e+01 1.450000e+01 -2.000000e+00
         vertex 5.550000e+01 7.972676e+00 -1.083937e+01
         vertex 5.550000e+01 7.755202e+00 -9.536116e+00
      endloop
   endfacet
   facet normal -1.000000e+00 0.000000e+00 0.000000e+00
      outer loop
         vertex 5.550000e+01 -7.326187e+00 -8.286437e+00
         vertex 5.550000e+01 -1.450000e+01 -2.000000e+00
         vertex 5.550000e+01 -6.697332e+00 -7.124415e+00
      endloop
   endfacet
   facet normal -1.000000e+00 0.000000e+00 0.000000e+00
      outer loop
         vertex 5.550000e+01 -6.697332e+00 -7.124415e+00
         vertex 5.550000e+01 -1.450000e+01 -2.000000e+00
         vertex 5.550000e+01 -1.445442e+01 -1.479055e+00
      endloop
   endfacet
   facet normal -1.000000e+00 0.000000e+00 0.000000e+00
      outer loop
         vertex 5.550000e+01 -6.697332e+00 -7.124415e+00
         vertex 5.550000e+01 -1.445442e+01 -1.479055e+00
         vertex 5.550000e+01 -1.431908e+01 -9.739395e-01
      endloop
   endfacet
   facet normal -1.000000e+00 0.000000e+00 -0.000000e+00
      outer loop
         vertex 5.550000e+01 1.300000e+01 5.980762e-01
         vertex 5.550000e+01 1.342836e+01 2.981333e-01
         vertex 5.550000e+01 5.885791e+00 -6.081747e+00
      endloop
   endfacet
   facet normal -1.000000e+00 0.000000e+00 0.000000e+00
      outer loop
         vertex 5.550000e+01 5.885791e+00 -6.081747e+00
         vertex 5.550000e+01 1.342836e+01 2.981333e-01
         vertex 5.550000e+01 1.379813e+01 -7.163717e-02
      endloop
   endfacet
   facet normal -1.000000e+00 0.000000e+00 0.000000e+00
      outer loop
         vertex 5.550000e+01 5.885791e+00 -6.081747e+00
         vertex 5.550000e+01 1.379813e+01 -7.163717e-02
         vertex 5.550000e+01 1.409808e+01 -5.000000e-01
      endloop
   endfacet
   facet normal -1.000000e+00 0.000000e+00 0.000000e+00
      outer loop
         vertex 5.550000e+01 -1.431908e+01 -9.739395e-01
         vertex 5.550000e+01 -1.409808e+01 -5.000000e-01
         vertex 5.550000e+01 -6.697332e+00 -7.124415e+00
      endloop
   endfacet
   facet normal -1.000000e+00 0.000000e+00 0.000000e+00
      outer loop
         vertex 5.550000e+01 -6.697332e+00 -7.124415e+00
         vertex 5.550000e+01 -1.409808e+01 -5.000000e-01
         vertex 5.550000e+01 -1.379813e+01 -7.163717e-02
      endloop
   endfacet
   facet normal -1.000000e+00 0.000000e+00 0.000000e+00
      outer loop
         vertex 5.550000e+01 -6.697332e+00 -7.124415e+00
         vertex 5.550000e+01 -1.379813e+01 -7.163717e-02
         vertex 5.550000e+01 -1.342836e+01 2.981333e-01
      endloop
   endfacet
   facet normal -1.000000e+00 0.000000e+00 0.000000e+00
      outer loop
         vertex 5.550000e+01 7.755202e+00 -9.536116e+00
         vertex 5.550000e+01 7.326187e+00 -8.286437e+00
         vertex 5.550000e+01 1.450000e+01 -2.000000e+00
      endloop
   endfacet
   facet normal -1.000000e+00 0.000000e+00 0.000000e+00
      outer loop
         vertex 5.550000e+01 1.450000e+01 -2.000000e+00
         vertex 5.550000e+01 7.326187e+00 -8.286437e+00
         vertex 5.550000e+01 6.697332e+00 -7.124415e+00
      endloop
   endfacet
   facet normal -1.000000e+00 -0.000000e+00 0.000000e+00
      outer loop
         vertex 5.550000e+01 1.450000e+01 -2.000000e+00
         vertex 5.550000e+01 6.697332e+00 -7.124415e+00
         vertex 5.550000e+01 1.445442e+01 -1.479055e+00
      endloop
   endfacet
   facet normal -1.000000e+00 0.000000e+00 0.000000e+00
      outer loop
         vertex 5.550000e+01 1.445442e+01 -1.479055e+00
         vertex 5.550000e+01 6.697332e+00 -7.124415e+00
         vertex 5.550000e+01 5.885791e+00 -6.081747e+00
      endloop
   endfacet
   facet normal -1.000000e+00 -0.000000e+00 0.000000e+00
      outer loop
         vertex 5.550000e+01 1.445442e+01 -1.479055e+00
         vertex 5.550000e+01 5.885791e+00 -6.081747e+00
         vertex 5.550000e+01 1.431908e+01 -9.739395e-01
      endloop
   endfacet
   facet normal -1.000000e+00 -0.000000e+00 0.000000e+00
      outer loop
         vertex 5.550000e+01 1.431908e+01 -9.739395e-01
         vertex 5.550000e+01 5.885791e+00 -6.081747e+00
         vertex 5.550000e+01 1.409808e+01 -5.000000e-01
      endloop
   endfacet
   facet normal -1.000000e+00 0.000000e+00 0.000000e+00
      outer loop
         vertex 5.550000e+01 4.913702e+00 -5.186876e+00
         vertex 5.550000e+01 1.150000e+01 1.000000e+00
         vertex 5.550000e+01 5.885791e+00 -6.081747e+00
      endloop
   endfacet
   facet normal -1.000000e+00 0.000000e+00 0.000000e+00
      outer loop
         vertex 5.550000e+01 5.885791e+00 -6.081747e+00
         vertex 5.550000e+01 1.150000e+01 1.000000e+00
         vertex 5.550000e+01 1.202094e+01 9.544233e-01
      endloop
   endfacet
   facet normal -1.000000e+00 0.000000e+00 0.000000e+00
      outer loop
         vertex 5.550000e+01 5.885791e+00 -6.081747e+00
         vertex 5.550000e+01 1.202094e+01 9.544233e-01
         vertex 5.550000e+01 1.252606e+01 8.190779e-01
      endloop
   endfacet
   facet normal -1.000000e+00 -0.000000e+00 0.000000e+00
      outer loop
         vertex 5.550000e+01 -7.326187e+00 -8.286437e+00
         vertex 5.550000e+01 -7.755202e+00 -9.536116e+00
         vertex 5.550000e+01 -1.450000e+01 -2.000000e+00
      endloop
   endfacet
   facet normal -1.000000e+00 0.000000e+00 0.000000e+00
      outer loop
         vertex 5.550000e+01 -1.450000e+01 -2.000000e+00
         vertex 5.550000e+01 -7.755202e+00 -9.536116e+00
         vertex 5.550000e+01 -7.972676e+00 -1.083937e+01
      endloop
   endfacet
   facet normal -1.000000e+00 0.000000e+00 0.000000e+00
      outer loop
         vertex 5.550000e+01 -1.450000e+01 -2.000000e+00
         vertex 5.550000e+01 -7.972676e+00 -1.083937e+01
         vertex 5.550000e+01 -1.450000e+01 -2.050000e+01
      endloop
   endfacet
   facet normal -1.000000e+00 0.000000e+00 0.000000e+00
      outer loop
         vertex 5.550000e+01 -1.450000e+01 -2.050000e+01
         vertex 5.550000e+01 -7.972676e+00 -1.083937e+01
         vertex 5.550000e+01 -7.972676e+00 -1.216063e+01
      endloop
   endfacet
   facet normal -1.000000e+00 0.000000e+00 0.000000e+00
      outer loop
         vertex 5.550000e+01 -1.450000e+01 -2.050000e+01
         vertex 5.550000e+01 -7.972676e+00 -1.216063e+01
         vertex 5.550000e+01 -7.755202e+00 -1.346388e+01
      endloop
   endfacet
   facet normal -0.000000e+00 -0.000000e+00 -1.000000e+00
      outer loop
         vertex 5.550000e+01 -1.450000e+01 -2.050000e+01
         vertex 5.550000e+01 -1.750000e+01 -2.050000e+01
         vertex 4.800000e+01 -1.450000e+01 -2.050000e+01
      endloop
   endfacet
   facet normal 0.000000e+00 0.000000e+00 -1.000000e+00
      outer loop
         vertex 4.800000e+01 -1.450000e+01 -2.050000e+01
         vertex 5.550000e+01 -1.750000e+01 -2.050000e+01
         vertex 4.800000e+01 -1.750000e+01 -2.050000e+01
      endloop
   endfacet
   facet normal 0.000000e+00 1.000000e+00 0.000000e+00
      outer loop
         vertex 5.550000e+01 -1.450000e+01 -2.000000e+00
         vertex 5.550000e+01 -1.450000e+01 -2.050000e+01
         vertex 4.800000e+01 -1.450000e+01 -2.000000e+00
      endloop
   endfacet
   facet normal 0.000000e+00 1.000000e+00 0.000000e+00
      outer loop
         vertex 4.800000e+01 -1.450000e+01 -2.000000e+00
         vertex 5.550000e+01 -1.450000e+01 -2.050000e+01
         vertex 4.800000e+01 -1.450000e+01 -2.050000e+01
      endloop
   endfacet
   facet normal 0.000000e+00 9.961948e-01 -8.715458e-02
      outer loop
         vertex 5.550000e+01 -1.450000e+01 -2.000000e+00
         vertex 4.800000e+01 -1.450000e+01 -2.000000e+00
         vertex 5.550000e+01 -1.445442e+01 -1.479055e+00
      endloop
   endfacet
   facet normal 0.000000e+00 9.961948e-01 -8.715458e-02
      outer loop
         vertex 5.550000e+01 -1.445442e+01 -1.479055e+00
         vertex 4.800000e+01 -1.450000e+01 -2.000000e+00
         vertex 4.800000e+01 -1.445442e+01 -1.479055e+00
      endloop
   endfacet
   facet normal 0.000000e+00 9.659258e-01 -2.588190e-01
      outer loop
         vertex 5.550000e+01 -1.445442e+01 -1.479055e+00
         vertex 4.800000e+01 -1.445442e+01 -1.479055e+00
         vertex 5.550000e+01 -1.431908e+01 -9.739395e-01
      endloop
   endfacet
   facet normal 0.000000e+00 9.659258e-01 -2.588190e-01
      outer loop
         vertex 5.550000e+01 -1.431908e+01 -9.739395e-01
         vertex 4.800000e+01 -1.445442e+01 -1.479055e+00
         vertex 4.800000e+01 -1.431908e+01 -9.739395e-01
      endloop
   endfacet
   facet normal 0.000000e+00 9.063076e-01 -4.226187e-01
      outer loop
         vertex 5.550000e+01 -1.431908e+01 -9.739395e-01
         vertex 4.800000e+01 -1.431908e+01 -9.739395e-01
         vertex 5.550000e+01 -1.409808e+01 -5.000000e-01
      endloop
   endfacet
   facet normal 0.000000e+00 9.063076e-01 -4.226187e-01
      outer loop
         vertex 5.550000e+01 -1.409808e+01 -5.000000e-01
         vertex 4.800000e+01 -1.431908e+01 -9.739395e-01
         vertex 4.800000e+01 -1.409808e+01 -5.000000e-01
      endloop
   endfacet
   facet normal 0.000000e+00 8.191522e-01 -5.735762e-01
      outer loop
         vertex 5.550000e+01 -1.409808e+01 -5.000000e-01
         vertex 4.800000e+01 -1.409808e+01 -5.000000e-01
         vertex 5.550000e+01 -1.379813e+01 -7.163717e-02
      endloop
   endfacet
   facet normal 0.000000e+00 8.191522e-01 -5.735762e-01
      outer loop
         vertex 5.550000e+01 -1.379813e+01 -7.163717e-02
         vertex 4.800000e+01 -1.409808e+01 -5.000000e-01
         vertex 4.800000e+01 -1.379813e+01 -7.163717e-02
      endloop
   endfacet
   facet normal 0.000000e+00 7.071068e-01 -7.071067e-01
      outer loop
         vertex 5.550000e+01 -1.379813e+01 -7.163717e-02
         vertex 4.800000e+01 -1.379813e+01 -7.163717e-02
         vertex 5.550000e+01 -1.342836e+01 2.981333e-01
      endloop
   endfacet
   facet normal 0.000000e+00 7.071068e-01 -7.071067e-01
      outer loop
         vertex 5.550000e+01 -1.342836e+01 2.981333e-01
         vertex 4.800000e+01 -1.379813e+01 -7.163717e-02
         vertex 4.800000e+01 -1.342836e+01 2.981333e-01
      endloop
   endfacet
   facet normal 0.000000e+00 5.735765e-01 -8.191520e-01
      outer loop
         vertex 5.550000e+01 -1.342836e+01 2.981333e-01
         vertex 4.800000e+01 -1.342836e+01 2.981333e-01
         vertex 5.550000e+01 -1.300000e+01 5.980762e-01
      endloop
   endfacet
   facet normal 0.000000e+00 5.735765e-01 -8.191520e-01
      outer loop
         vertex 5.550000e+01 -1.300000e+01 5.980762e-01
         vertex 4.800000e+01 -1.342836e+01 2.981333e-01
         vertex 4.800000e+01 -1.300000e+01 5.980762e-01
      endloop
   endfacet
   facet normal 0.000000e+00 4.226181e-01 -9.063078e-01
      outer loop
         vertex 5.550000e+01 -1.300000e+01 5.980762e-01
         vertex 4.800000e+01 -1.300000e+01 5.980762e-01
         vertex 5.550000e+01 -1.252606e+01 8.190779e-01
      endloop
   endfacet
   facet normal 0.000000e+00 4.226181e-01 -9.063078e-01
      outer loop
         vertex 5.550000e+01 -1.252606e+01 8.190779e-01
         vertex 4.800000e+01 -1.300000e+01 5.980762e-01
         vertex 4.800000e+01 -1.252606e+01 8.190779e-01
      endloop
   endfacet
   facet normal 0.000000e+00 2.588191e-01 -9.659258e-01
      outer loop
         vertex 5.550000e+01 -1.252606e+01 8.190779e-01
         vertex 4.800000e+01 -1.252606e+01 8.190779e-01
         vertex 5.550000e+01 -1.202094e+01 9.544233e-01
      endloop
   endfacet
   facet normal 0.000000e+00 2.588191e-01 -9.659258e-01
      outer loop
         vertex 5.550000e+01 -1.202094e+01 9.544233e-01
         vertex 4.800000e+01 -1.252606e+01 8.190779e-01
         vertex 4.800000e+01 -1.202094e+01 9.544233e-01
      endloop
   endfacet
   facet normal 0.000000e+00 8.715579e-02 -9.961947e-01
      outer loop
         vertex 5.550000e+01 -1.202094e+01 9.544233e-01
         vertex 4.800000e+01 -1.202094e+01 9.544233e-01
         vertex 5.550000e+01 -1.150000e+01 1.000000e+00
      endloop
   endfacet
   facet normal 0.000000e+00 8.715579e-02 -9.961947e-01
      outer loop
         vertex 5.550000e+01 -1.150000e+01 1.000000e+00
         vertex 4.800000e+01 -1.202094e+01 9.544233e-01
         vertex 4.800000e+01 -1.150000e+01 1.000000e+00
      endloop
   endfacet
   facet normal -0.000000e+00 -0.000000e+00 -1.000000e+00
      outer loop
         vertex 5.550000e+01 1.150000e+01 1.000000e+00
         vertex 5.550000e+01 -1.150000e+01 1.000000e+00
         vertex 4.800000e+01 1.150000e+01 1.000000e+00
      endloop
   endfacet
   facet normal 0.000000e+00 0.000000e+00 -1.000000e+00
      outer loop
         vertex 4.800000e+01 1.150000e+01 1.000000e+00
         vertex 5.550000e+01 -1.150000e+01 1.000000e+00
         vertex 4.800000e+01 -1.150000e+01 1.000000e+00
      endloop
   endfacet
   facet normal -0.000000e+00 -8.715579e-02 -9.961947e-01
      outer loop
         vertex 5.550000e+01 1.150000e+01 1.000000e+00
         vertex 4.800000e+01 1.150000e+01 1.000000e+00
         vertex 5.550000e+01 1.202094e+01 9.544233e-01
      endloop
   endfacet
   facet normal -0.000000e+00 -8.715579e-02 -9.961947e-01
      outer loop
         vertex 5.550000e+01 1.202094e+01 9.544233e-01
         vertex 4.800000e+01 1.150000e+01 1.000000e+00
         vertex 4.800000e+01 1.202094e+01 9.544233e-01
      endloop
   endfacet
   facet normal -0.000000e+00 -2.588191e-01 -9.659258e-01
      outer loop
         vertex 5.550000e+01 1.202094e+01 9.544233e-01
         vertex 4.800000e+01 1.202094e+01 9.544233e-01
         vertex 5.550000e+01 1.252606e+01 8.190779e-01
      endloop
   endfacet
   facet normal -0.000000e+00 -2.588191e-01 -9.659258e-01
      outer loop
         vertex 5.550000e+01 1.252606e+01 8.190779e-01
         vertex 4.800000e+01 1.202094e+01 9.544233e-01
         vertex 4.800000e+01 1.252606e+01 8.190779e-01
      endloop
   endfacet
   facet normal -0.000000e+00 -4.226181e-01 -9.063078e-01
      outer loop
         vertex 5.550000e+01 1.252606e+01 8.190779e-01
         vertex 4.800000e+01 1.252606e+01 8.190779e-01
         vertex 5.550000e+01 1.300000e+01 5.980762e-01
      endloop
   endfacet
   facet normal -0.000000e+00 -4.226181e-01 -9.063078e-01
      outer loop
         vertex 5.550000e+01 1.300000e+01 5.980762e-01
         vertex 4.800000e+01 1.252606e+01 8.190779e-01
         vertex 4.800000e+01 1.300000e+01 5.980762e-01
      endloop
   endfacet
   facet normal -0.000000e+00 -5.735765e-01 -8.191520e-01
      outer loop
         vertex 5.550000e+01 1.300000e+01 5.980762e-01
         vertex 4.800000e+01 1.300000e+01 5.980762e-01
         vertex 5.550000e+01 1.342836e+01 2.981333e-01
      endloop
   endfacet
   facet normal -0.000000e+00 -5.735765e-01 -8.191520e-01
      outer loop
         vertex 5.550000e+01 1.342836e+01 2.981333e-01
         vertex 4.800000e+01 1.300000e+01 5.980762e-01
         vertex 4.800000e+01 1.342836e+01 2.981333e-01
      endloop
   endfacet
   facet normal -0.000000e+00 -7.071068e-01 -7.071067e-01
      outer loop
         vertex 5.550000e+01 1.342836e+01 2.981333e-01
         vertex 4.800000e+01 1.342836e+01 2.981333e-01
         vertex 5.550000e+01 1.379813e+01 -7.163717e-02
      endloop
   endfacet
   facet normal -0.000000e+00 -7.071068e-01 -7.071067e-01
      outer loop
         vertex 5.550000e+01 1.379813e+01 -7.163717e-02
         vertex 4.800000e+01 1.342836e+01 2.981333e-01
         vertex 4.800000e+01 1.379813e+01 -7.163717e-02
      endloop
   endfacet
   facet normal -0.000000e+00 -8.191522e-01 -5.735762e-01
      outer loop
         vertex 5.550000e+01 1.379813e+01 -7.163717e-02
         vertex 4.800000e+01 1.379813e+01 -7.163717e-02
         vertex 5.550000e+01 1.409808e+01 -5.000000e-01
      endloop
   endfacet
   facet normal -0.000000e+00 -8.191522e-01 -5.735762e-01
      outer loop
         vertex 5.550000e+01 1.409808e+01 -5.000000e-01
         vertex 4.800000e+01 1.379813e+01 -7.163717e-02
         vertex 4.800000e+01 1.409808e+01 -5.000000e-01
      endloop
   endfacet
   facet normal -0.000000e+00 -9.063076e-01 -4.226187e-01
      outer loop
         vertex 5.550000e+01 1.409808e+01 -5.000000e-01
         vertex 4.800000e+01 1.409808e+01 -5.000000e-01
         vertex 5.550000e+01 1.431908e+01 -9.739395e-01
      endloop
   endfacet
   facet normal -0.000000e+00 -9.063076e-01 -4.226187e-01
      outer loop
         vertex 5.550000e+01 1.431908e+01 -9.739395e-01
         vertex 4.800000e+01 1.409808e+01 -5.000000e-01
         vertex 4.800000e+01 1.431908e+01 -9.739395e-01
      endloop
   endfacet
   facet normal -0.000000e+00 -9.659258e-01 -2.588190e-01
      outer loop
         vertex 5.550000e+01 1.431908e+01 -9.739395e-01
         vertex 4.800000e+01 1.431908e+01 -9.739395e-01
         vertex 5.550000e+01 1.445442e+01 -1.479055e+00
      endloop
   endfacet
   facet normal -0.000000e+00 -9.659258e-01 -2.588190e-01
      outer loop
         vertex 5.550000e+01 1.445442e+01 -1.479055e+00
         vertex 4.800000e+01 1.431908e+01 -9.739395e-01
         vertex 4.800000e+01 1.445442e+01 -1.479055e+00
      endloop
   endfacet
   facet normal -0.000000e+00 -9.961948e-01 -8.715458e-02
      outer loop
         vertex 5.550000e+01 1.445442e+01 -1.479055e+00
         vertex 4.800000e+01 1.445442e+01 -1.479055e+00
         vertex 5.550000e+01 1.450000e+01 -2.000000e+00
      endloop
   endfacet
   facet normal -0.000000e+00 -9.961948e-01 -8.715458e-02
      outer loop
         vertex 5.550000e+01 1.450000e+01 -2.000000e+00
         vertex 4.800000e+01 1.445442e+01 -1.479055e+00
         vertex 4.800000e+01 1.450000e+01 -2.000000e+00
      endloop
   endfacet
   facet normal 0.000000e+00 -1.000000e+00 0.000000e+00
      outer loop
         vertex 5.550000e+01 1.450000e+01 -2.050000e+01
         vertex 5.550000e+01 1.450000e+01 -2.000000e+00
         vertex 4.800000e+01 1.450000e+01 -2.050000e+01
      endloop
   endfacet
   facet normal 0.000000e+00 -1.000000e+00 0.000000e+00
      outer loop
         vertex 4.800000e+01 1.450000e+01 -2.050000e+01
         vertex 5.550000e+01 1.450000e+01 -2.000000e+00
         vertex 4.800000e+01 1.450000e+01 -2.000000e+00
      endloop
   endfacet
   facet normal -0.000000e+00 -0.000000e+00 -1.000000e+00
      outer loop
         vertex 5.550000e+01 1.750000e+01 -2.050000e+01
         vertex 5.550000e+01 1.450000e+01 -2.050000e+01
         vertex 4.800000e+01 1.750000e+01 -2.050000e+01
      endloop
   endfacet
   facet normal 0.000000e+00 0.000000e+00 -1.000000e+00
      outer loop
         vertex 4.800000e+01 1.750000e+01 -2.050000e+01
         vertex 5.550000e+01 1.450000e+01 -2.050000e+01
         vertex 4.800000e+01 1.450000e+01 -2.050000e+01
      endloop
   endfacet
endsolid